daytime,video_id,title,channel_id,channel_title,category_title,view_count,like_count,favorite_count,comment_count
2025-11-26 18:43:00,XILnJKGc0yo,INI｜'U MINE' Performance Video,UCc-itdQHxLvUlPrDxIiSJrA,INI,['Entertainment'],177130,19056,0,3338
2025-11-26 18:43:00,vIUORnIS_ug,ELDEN RING NIGHTREIGN The Forsaken Hollows | Scholar Character Trailer,UC_ntXHv-XdKCD7CPynVvnQw,Bandai Namco Entertainment America,['Gaming'],276202,12780,0,976
2025-11-26 18:43:00,dIPZHyTBFz0,『ドラゴンクエストウォーク』の新情報をお届け「スマートウォーク」#131,UCtceiniicYEsbAVuWy-Bi0Q,ドラゴンクエストウォーク公式,['Gaming'],80452,1399,0,192
2025-11-26 18:43:00,b9z3Iaz5Zrc,ヤングスキニー - るっせぇ女【Official Music Video】,UCcg_rvE-fU2tATMwBAxW9bA,ヤングスキニー,['Music'],53404,3983,0,255
2025-11-26 18:43:00,SnCG-_lf74w,今までで一番怖いスーパーマーケット経営『 HELLMART 』,UCMJiPpN_09F0aWpQrgbc_qg,キヨ。,['Gaming'],617016,19064,0,952
2025-11-26 18:43:00,G36amiUCkXU,Juice=Juice『盛れ！ミ・アモーレ』(Concert 2025 Queen of Hearts Special Flush),UC6FadPgGviUcq6VQ0CEJqdQ,Juice=Juice,['Music'],345884,25535,0,4589
2025-11-26 18:43:00,xjUPVppl1DI,4人で協力して本格的な殺人事件を解決に導く『The Case of the Golden Idol』,UCPVr7clenPjpD7WNsSI3UBQ,レトルト,['Gaming'],459103,9175,0,395
2025-11-26 18:43:00,TVqEwvbZP30,RIIZE 라이즈 'Fame' MV,UCEf_Bc-KVd7onSeifS3py9g,SMTOWN,['Music'],2361566,101334,0,9045
2025-11-26 18:43:00,kSmHmdAnDYc,【原神】限定★５「ドゥリン」は強いのか？先行解説します。性能/武器/聖遺物/PT編成/凸orモチーフ…全てが分かる！,UCjJmYy279ehSYSwR1A3fXtA,マグロヘッド,['Gaming'],68707,3350,0,497
2025-11-26 18:43:00,x_RYZsOfpKY,ILLIT (아일릿) 'NOT CUTE ANYMORE’ Official MV,UC3IZKseVpdzPSBaWxBxundA,HYBE LABELS,['Music'],7199909,278453,0,17246
2025-11-26 18:43:00,miySB69T1xw,隠れる場所から作れ！大人たちのガチかくれんぼ【マイクラ】,UCj4PjeVMnNTHIR5EeoNKPAw,ドズル社,['Gaming'],364418,11549,0,447
2025-11-26 18:43:00,JkKNqaEl9Aw,"NEXZ(넥스지) ""Legacy"" Performance Video",UCaO6TYtlC8U5ttz62hTrZgg,JYP Entertainment,['Music'],105409,17461,0,1638
2025-11-26 18:43:00,ST05E_5kn2E,負けたら自身の全財産公開を賭けた通帳カスタムで勝ったのは・・・【The k4sen Con 2025 DAY 3 Supported by ロリポップ！ for Gamers byGMOペパボ】,UChUjERVG8eKEAJSCef-tTmg,k4sen / かせん,['Gaming'],213639,4216,0,306
2025-11-26 18:43:00,ScutqxM3z_s,Hi-STANDARD - Our Song - OFFICIAL MUSIC VIDEO,UCrQUlOEbu-0T0l4DAcBEeIg,pizzaofdeathofficial,['Music'],124283,6913,0,410
2025-11-26 18:43:00,Em805jfRVXs,唯一無二すぎるプレイヤーと対戦し、そのスタイルに感動すら覚えるカワノ【スト6】,UCzRzPAT-AjlPyec5yXG974g,カワノKawano,['Gaming'],149180,3453,0,437
2025-11-26 18:43:00,CZP11p3DklQ,軌跡,UC8_Ag6BVp43Vmrx6eillK9g,Vaundy - Topic,['Music'],56766,2463,0,116
2025-11-26 18:43:00,dmBAMwBBxoM,いいんですか？こんな神イベント｜ポケモンZA #19,UCMzLWawc9x3rUsqYDEfgqzA,ジャック・オ・蘭たん,['Gaming'],116650,4002,0,363
2025-11-26 18:43:00,b1OwvLh8HnU,FMP,UCMR5xpbhv3jzIQG1TOTg-Jg,B'z - Topic,['Music'],9809,252,0,7
2025-11-26 18:43:00,fiSsGbfus6I,うんこちゃんのイナズマイレブン 英雄たちのヴィクトリーロード 実況プレイPart4※ネタバレ注意,UCx1nAvtVDIsaGmCMSe8ofsQ,加藤純一【jun channel】,['Gaming'],254438,1936,0,1179
2025-11-26 18:43:00,kux5GmbZhVg,メロリ,UCpYHkc4rzWEW7iVXIyxQebA,Hey! Say! JUMP - Topic,['Music'],7839,635,0,13
2025-11-26 18:43:00,hn17tmdaAzQ,「ストリートファイターリーグ: Pro-JP 2025」Division F 第10節　☆☆18時40分より初心者必見！SFリーグ: ウォームアップ☆☆,UCu2Fxqf37DAZ0ZhIsd1FZwA,Capcom Fighters JP,['Gaming'],682119,6432,0,96
2025-11-26 18:43:00,7bqePXphj2g,乃木坂46『夢の匂い』MUSIC VIDEO,UCUzpZpX2wRYOk3J8QTFGxDg,乃木坂46 OFFICIAL YouTube CHANNEL,['Music'],234207,17372,0,1502
2025-11-26 18:43:00,DyINvuS9P34,最強のマシンを進化させるマインクラフト【 マイクラ / マインクラフト 】,UCHazKLThRbMyMFu2bVAKhng,ウォーターチャレンジ,['Gaming'],43815,1194,0,37
2025-11-26 18:43:00,Kc7TkgWiWrc,Kiseki No Younakoto,UCof7dOTnyxaidkKkcIFuflQ,Mone Kamishiraishi - Topic,['Music'],16486,732,0,30
2025-11-26 18:43:00,2j2jXv6Juxc,初心者 vs. プロ：最強のピリジャー刑務所作り対決,UCM3yhFc0-fBFuvqx1Vg2YNQ,まいぜんシスターズ,['Gaming'],32856,918,0,32
2025-11-26 18:43:00,dx4XsqUGm10,MAZZEL / Only You -Dance Practice-,UCMF_5h2OejEhVorTB02UUSg,MAZZEL,['Music'],173086,17612,0,1331
2025-11-26 18:43:00,Rc8f268ueOE,加藤純一のマリオカートワールドダイジェスト マリオ王への道【2025/11/24】,UCZetZElUvdElPrcstRjl9DA,加藤純一ロードショー,['Gaming'],149743,1628,0,379
2025-11-26 18:43:00,JrI4_jUZe98,SEVENTEEN | THE SMURFS (세븐틴 | 스머프) Ver. '음악의 신' Official MV,UCfkXDY7vwkcJ8ddFGz8KusA,SEVENTEEN,['Music'],284159,53741,0,1965
2025-11-26 18:43:00,z-aco1hi0Iw,新キャラくま＆ボニー100レべフルブ初見リーグ！最強火力のワンパンし放題！【バウンティラッシュ】,UCdkVEDVAW5aFmA-Mkz0lAFQ,ひたまゆ。,['Gaming'],143843,1670,0,256
2025-11-26 18:43:00,vQpF9mIiYFU,LALALA (Baby it takes two),UC3NrSfe_yR5XX9zGFxYoV1Q,HIRAIDAI - Topic,['Music'],6863,237,0,22
2025-11-26 18:43:00,55xYiuSAp5c,【#ARCRaidersからスレスパ】遠征視野からカードゲーム【Slay the spyer】,UCSFCh5NL4qXrAy9u-u2lX3g,Kuzuha Channel,['Gaming'],286401,4518,0,14
2025-11-26 18:43:00,Gln8wDtITJ4,Kay-on - SHIN GODZILLA (Official Video),UCdszfKemUn36sOEplfkiGVQ,GPV LABEL,['Music'],32927,2359,0,194
2025-11-26 18:43:00,qUgLxkENl6c,おかんの家は24時間後に消えます【まいくら / マインクラフト】,UCJy7zfLsKBXoo2soFMum7JQ,あかさかの箱,['Gaming'],28237,3872,0,236
2025-11-26 18:43:00,I52yC34Ji2k,YENA「STAR! (feat. Hatsune Miku)」 Music Video,UC4YT50DP7hbMsor8FmyEPMw,Victor Entertainment,['Music'],146703,26598,0,1154
2025-11-26 18:43:00,CvGT2o7-_ZA,#03【 DARK SOULS: REMASTERED 】ナイトレインDLCまでに深淵歩きアルトリウスに会いに行く。王覇山、因縁のアノール・ロンド。（ 人間性を捧げよ ）【 にじさんじ┊︎葉山舞鈴 】,UCfipDDn7wY-C-SoUChgxCQQ,葉山舞鈴 / Ohayama Ch.,['Gaming'],80575,1532,0,9
2025-11-26 18:43:00,j-8vLi2sMg0,【歌ってみた】星の消えた夜に / covered by Nornis【戌亥とこ/町田ちま/にじさんじ】,UCxWcO9CLti4uouUIS5IIF-Q,Nornis,['Music'],49226,5573,0,78
2025-11-26 18:43:00,fCDvm0Y3qkw,【 GTAV 】歌鬼ごっこ‼１曲歌い終わるまでリスナーから逃げ切れええええええええ‼🔥【ホロライブ/さくらみこ】,UC-hM6YJuNYVAmUWxeIr9FeA,Miko Ch. さくらみこ,['Gaming'],288266,15286,0,171
2025-11-26 18:43:00,4Xt_hR0KNvY,IS:SUE (イッシュ) 'Super Luna' Performance Video,UCqKNMJ5s_vsf7WkesdBrvQA,IS:SUE,['Music'],136920,11556,0,2192
2025-11-26 18:43:00,BFaHdJVDmXY,『鳴潮』特別映像丨スペーストレック・コレクティブ スタートーチ学園,UCGc93NguHRwzv1Rw9MyIcxQ,鳴潮 (Wuthering Waves)公式,['Gaming'],42422,3277,0,144
2025-11-26 18:43:00,6oS55kztPlE,Crush,UC6H_7uSepAzrlayBjAb9rrg,WurtS - Topic,['Music'],10784,842,0,24
2025-11-26 18:43:00,nzbbL07maKA,【Among Us#304】ここが地獄ですか？超波動砲にロケットに人外が跋扈するアモングアス【ゆっくり実況】,UCy0DH4rgPPjDWVZO7wibcSQ,めめんともり,['Gaming'],28842,3542,0,187
2025-11-26 18:43:00,vQ_NFqtGDgo,Aiobahn & TAK feat. 初音ミク - DIVA (Official Music Video),UC9qSqkNFiByKzzoxT3Cydyw,Aiobahn,['Music'],86741,17433,0,738
2025-11-26 18:43:00,A3Ki9cI9T9w,任天堂とファンが激怒...新作エアライダーにコックカワサキマイクロビキニという謎のミームが登場して海外でもニュースに/コエテクさんがライザのASMRを販売して爆売れ/チーターを晒し首にした運営が話題に,UCWvr04hMa4k4wSilYcQ4qoA,キャベツの人【ゲーム紹介】,['Gaming'],90448,2139,0,552
2025-11-26 18:43:00,eHmQ_b0LkUA,"Stray Kids ""Do It (Turbo Version)"" Lyric Visualizer",UC9rMiEjNaCSsebs31MRDCRA,Stray Kids,['Music'],381519,86525,0,3213
2025-11-26 18:43:00,Caa-UHhl8Gw,消えると連絡がきた参加勢について（ガチ）,UCGjV4bsC43On-YuiLZcfL0w,KUN,['Gaming'],49298,1958,0,169
2025-11-26 18:43:00,gSXQd_5ht0E,【DANCE VIDEO】君セン！ / iLiFE! 【振り動画】,UChVflUz2J_jaaqYjXqvpmQA,iLiFE!【あいらいふ】,['Music'],527304,22572,0,1029
2025-11-26 18:43:00,1wRkbauiGU8,２年前に舐めた女 vs ２年間舐められてた男の裁判を開幕します 懐クラフト #13,UCoQhX2O93MVTWfgIz-8wOmg,KUNの50人クラフト,['Gaming'],30791,1376,0,89
2025-11-26 18:43:00,BM13CSsDrV8,ココロ・アストロノーツ,UCtwTCZuQkTIwUf5m9mlZnOQ,Release - Topic,['Music'],6260,337,0,0
2025-11-26 18:43:00,aHKMl9HVqZQ,究極の財宝【龍が如く８外伝 Pirates in Hawaii】＃４２,UCZMRuagdTBKmmrFtSMN48Xw,牛沢,['Gaming'],118954,3910,0,331
2025-11-26 18:43:00,v55qDr_jJFA,「レイン・ガール (New Recording) 」佐野元春 & The Coyote Band,UCS57xc1Bf-znC9_ouCc3SZw,佐野元春 - DaisyMusic,['Music'],12287,1250,0,85
2025-11-25 02:40:24,TVqEwvbZP30,RIIZE 라이즈 'Fame' MV,UCEf_Bc-KVd7onSeifS3py9g,SMTOWN,['Music'],665856,70550,0,5778
2025-11-25 02:40:24,vMg1KAFAKiY,'이게 맞아?! 시즌2' Main Trailer,UCLkAepWjdylmXSltofFvsYQ,BANGTANTV,['Music'],697284,137971,0,7771
2025-11-25 02:40:24,-3TOkp_6gRQ,【#にじ遊戯王祭2025】にじさんじ遊戯王マスターデュエル祭 2025 Day3：星巡り杯 ～銀河の織姫決戦～,UCX7YkU9nEeaoZbkVLVajcMg,にじさんじ,['Gaming'],463531,8989,0,64
2025-11-25 02:40:24,x_RYZsOfpKY,ILLIT (아일릿) 'NOT CUTE ANYMORE’ Official MV,UC3IZKseVpdzPSBaWxBxundA,HYBE LABELS,['Music'],2969032,174144,0,12228
2025-11-25 02:40:24,dCmNVtLsYzA,TVSP『アンデッドアンラック』Winter編 メインPV／Undead Unluck |Main Trailer,UCkVvAm5jb62IMIJQj4wPVGA,TMSアニメ公式チャンネル,['Film & Animation'],132299,7278,0,419
2025-11-25 02:40:24,koeM_jz4CdM,超巨大な火山を削りきるまで終われません！【マイクラ】,UCj4PjeVMnNTHIR5EeoNKPAw,ドズル社,['Gaming'],236551,10427,0,1144
2025-11-25 02:40:24,G36amiUCkXU,Juice=Juice『盛れ！ミ・アモーレ』(Concert 2025 Queen of Hearts Special Flush),UC6FadPgGviUcq6VQ0CEJqdQ,Juice=Juice,['Music'],109296,16575,0,3025
2025-11-25 02:40:24,ygIwtR2txaw,キモい顔を爆発させるバケモンに初見殺しされるらっだぁ【R.E.P.O.】,UClNdVSK1uy2xFHTaXZYXopw,らっだぁ,['Gaming'],157199,7537,0,226
2025-11-25 02:40:24,llAI08UYyAw,"Stray Kids ""Do It (Overdrive Version)"" M/V",UCaO6TYtlC8U5ttz62hTrZgg,JYP Entertainment,['Music'],1028359,233164,0,8773
2025-11-25 02:40:24,ex7ieF2B09A,男たちが最後の1人になるまで騙し合うREAL Liar's Bar【The k4sen Con 2025 DAY 2 Supported by ロリポップ！ for Gamers byGMOペパボ】,UChUjERVG8eKEAJSCef-tTmg,k4sen / かせん,['Gaming'],113441,2140,0,112
2025-11-25 02:40:24,dx4XsqUGm10,MAZZEL / Only You -Dance Practice-,UCMF_5h2OejEhVorTB02UUSg,MAZZEL,['Music'],75269,12630,0,1050
2025-11-25 02:40:24,GxXpkps21Kc,最終回？【 ポケモンルビー 】チャンピオンダイゴ戦🔥みこちと金コイ伝説～最弱からみんなで最強に育てる旅～【ホロライブ/さくらみこ】,UC-hM6YJuNYVAmUWxeIr9FeA,Miko Ch. さくらみこ,['Gaming'],258442,12193,0,134
2025-11-25 02:40:24,gSXQd_5ht0E,【DANCE VIDEO】君セン！ / iLiFE! 【振り動画】,UChVflUz2J_jaaqYjXqvpmQA,iLiFE!【あいらいふ】,['Music'],316983,20151,0,968
2025-11-25 02:40:24,qJvjFBhQ6vQ,一人で無限に攻めてくる敵を迎え撃つゲーム,UChn5TjkeEqd-JxzizMVSkOw,ハヤトの野望,['Gaming'],81136,1543,0,47
2025-11-25 02:40:24,4Xt_hR0KNvY,IS:SUE (イッシュ) 'Super Luna' Performance Video,UCqKNMJ5s_vsf7WkesdBrvQA,IS:SUE,['Music'],46203,6665,0,1398
2025-11-25 02:40:24,YMxjZF3gtoM,【Shadow Corridor】三姉妹ホラーゲーム実況【第一夜 -路地-】,UCAWxPGGuIfWME2KTLUmSCHw,ぱかチューブっ!【ウマ娘公式】,['Gaming'],124751,8610,0,553
2025-11-25 02:40:24,7bqePXphj2g,乃木坂46『夢の匂い』MUSIC VIDEO,UCUzpZpX2wRYOk3J8QTFGxDg,乃木坂46 OFFICIAL YouTube CHANNEL,['Music'],45069,7456,0,898
2025-11-25 02:40:24,MarWse2JmWU,【パチスロ生配信】今日も懲りずにまずはスマスロ北斗でコンプリート目指す！PACHINKO SLOT生放送パチンコパチスロ実戦！11/24,UCOVLrBaOiMH5QDKXTycZ8Pw,やっちゃんの崖っぷちスロパチ生活,['Gaming'],296514,3303,0,20
2025-11-25 02:40:24,MRYXsF2lblY,RIIZE 'Sticky Like' (Official Audio),UCdVD0MsYecQaIE5Ru-pOIQQ,RIIZE,['Music'],102141,13780,0,761
2025-11-25 02:40:24,-dfR8iYqwK4,なんでこういう事するんや？初使用選手含む全員アニバーサリーの選手でリアタイしたら害悪プレイヤーに遭遇しました【プロスピA】# 1756,UCy9GuRXGTm8TliQ-OJ7KwzA,【V.I.P】,['Gaming'],116319,2552,0,412
2025-11-25 02:40:24,ayjRv2g2UqY,ムカつく -another story- feat. 高梨小麻（CV：石見舞菜香）／HoneyWorks,UCAaGaynFpku5cAx6OOSrW-w,HoneyWorks OFFICIAL,['Music'],290726,17815,0,761
2025-11-25 02:40:24,VhzqSrscVP8,【Lobotomy Corporation】都市のキノコにご用心part49【未遭遇アブノマ回収編】【ゆっくり実況】,UC8rk-fIWJXYlSF8tkfG9wWg,天色鮫,['Gaming'],95794,4664,0,339
2025-11-25 02:40:24,L6tkKvVCs0Y,【MV】どーでもいいよ／まふまふ,UCOTR1tcOAhjgi6YukrPpZxg,まふまふちゃんねる,['Music'],63664,9115,0,492
2025-11-25 02:40:24,xuL1CDdhsOg,【東京喰種】検証！！パワーストーンつけたら喰種で勝てるのか！？生配信260日目,UCYA14rrNjvQq_P_YSNeJHgA,スロライブ,['Gaming'],218021,2081,0,0
2025-11-25 02:40:24,ANU0lVGfWyo,NOT ME,UCNVIo0UJXTdEnsRkCB9Q03w,ILLIT - Topic,['Music'],134231,19444,0,1652
2025-11-25 02:40:24,6mP-mEHEQcw,日本人を狙う30人チーター中国クランを崩壊させてみた【RUST 実況】,UCXEo7JprZQGCPkezcZylHlQ,黒炭酸,['Gaming'],93022,6451,0,962
2025-11-25 02:40:24,kCnD_dMyJ3M,The Bible of The “Eden”,UCZwcUEEjD8RVzB-TAw1ts3g,Eden - Topic,['Music'],43941,2141,0,0
2025-11-25 02:40:24,SWdjfMIkQCg,アザールが最強能力×モメンタムバーストで 頂点ST界の王に君臨しました【eFootball2026アプリ】,UC070fhnqq38qNhqHm5rxTcQ,令和ちゃんねる,['Gaming'],78619,1515,0,123
2025-11-25 02:40:24,WsLcF1ojgFU,アンジュルム『トラブルメーカー』〜Dance Practice Ver.〜,UCDwcZ85zjLKD-3-jqlv1wQQ,アンジュルム,['Music'],23094,2186,0,307
2025-11-25 02:40:24,UfVkyXaTGcs,【まとめ】ミオしゃを褒めないとスジモンになるフブさんとみこスバの『マリカサバイバル』面白トークまとめ【大空スバル/さくらみこ/白上フブキ/ホロライブ切り抜き】,UCqMRVBz-hhSFRuqlL1guqig,あひるだっく,['Gaming'],91598,3269,0,71
2025-11-25 02:40:24,OWpLhNyqeqg,Novelbright - 夢花火 [Official Live Video],UCIJAlAYCNN8RACtDDsy9K6g,Novelbright,['Music'],24382,3101,0,345
2025-11-25 02:40:24,TAL-HXKac80,YOUR CHANCE TO GET 10K GEMS!,UCooVYzDxdwTtGYAkcPmOgOw,Brawl Stars,['Gaming'],1260123,49660,0,1710
2025-11-25 02:40:24,8j4RM-bBYvA,福本大晴「すっぴんLOVE」（Music Video）YouTube Edition,UCXqWKjzm2YMH6Bs7rAmsKFw,福本大晴,['Entertainment'],7827,904,0,286
2025-11-25 02:40:24,UFozBQrnmII,【桃鉄】今夜は無礼講！4人で新作桃鉄を遊ぶぞおおおおおおおお！！ぺこ！【ホロライブ/兎田ぺこら】,UC1DCedRgGHBdm81E1llLhOQ,Pekora Ch. 兎田ぺこら,['Gaming'],758794,24663,0,393
2025-11-25 02:40:24,0-74AHbFWic,＝LOVE（イコールラブ）/ 19th Single c/w『Queens』リハーサル定点映像 (from 8th ANNIVERSARY PREMIUM TOUR),UCv7VutirxDn3RWIJXI68n_A,＝LOVE（イコールラブ）公式チャンネル,['Entertainment'],123924,10795,0,618
2025-11-25 02:40:24,yRhin7unPeI,これが恐らくビーフ最後の輝きでしょうね【龍が如く８外伝 Pirates in Hawaii】＃４１,UCZMRuagdTBKmmrFtSMN48Xw,牛沢,['Gaming'],110559,3938,0,420
2025-11-25 02:40:24,QRTGKxrKBPM,インビジブル / 歌ってみた【あらき×榊ネス】,UCBhPDpv9JavoPADrZcsAC2A,あらき-ARAKI Official,['Music'],342710,35362,0,956
2025-11-25 02:40:24,XtTT5XdZVpw,シークレットな最終回※ちょっと動画長いよ【ゆっくり実況】,UCOjkVJQcjtWnpf0-1ft4brA,ゆっくりむちゃたぬき,['Gaming'],53796,3377,0,171
2025-11-25 02:40:24,QJpTBz916MI,にっこり^^調査隊のテーマ / まぐねっと部 cover【宝鐘マリン・火威青・しぐれうい・ルンルン】,UCCzUftO8KOVkV4wQG1vkUvg,Marine Ch. 宝鐘マリン,['Entertainment'],904290,100608,0,2777
2025-11-25 02:40:24,gYEhRoknpZQ,【シャドバWB】愛知大会を〝ムゲン・ほーちゃんドラゴン〟1本で破壊してきた男の物語【Shadowverse: Worlds Beyond】,UCqeAYB1DMzfM-hG-Up52yNQ,つるおかかものはし,['Gaming'],64833,752,0,152
2025-11-25 02:40:24,vpXtzSpyV_8,tripleS(트리플에스) msnz neptune ‘Fly Up’ Official MV,UCJnL-TBcsYrF2SLs7tmiC8Q,tripleS official,['Music'],104115,11497,0,622
2025-11-25 02:40:24,S3Q33-4q1xo,【桃鉄2】3年決戦ついに決着! 最下位を回避するのはどっちだ!? #8【霜降り明星】,UCpGpA7mSYmNJjLiJxKso5QA,しもふりチューブ,['Comedy'],71500,973,0,74
2025-11-25 02:40:24,KDC-EOsNzAg,NCT DREAM 엔시티 드림 'Beat It Up' Dance Practice,UCXURHJRGr4-EB3l87kcbElw,NCT DREAM,['Music'],68341,13839,0,437
2025-11-25 02:40:24,LUQ28DBF7EU,どるぴんが病んでるらしい,UCGjV4bsC43On-YuiLZcfL0w,KUN,['Gaming'],134616,3552,0,297
2025-11-25 02:40:24,4oml768wFnk,REAL,UC8eq3M3Yft3FUgxEX6lOZMg,chotokkyu - Topic,['Music'],27578,2855,0,153
2025-11-25 02:40:24,l57EJ_eLsIc,【攻略法発覚】L荒野のコトブキ飛行隊 相次ぐ撤去について【ゴトブキ】,UCYXmyrGUVL8tX7VEvo_DjPw,シャル@ツモらせ隊,['Entertainment'],51169,748,0,309
2025-11-25 02:40:24,FFXSoSl_lGg,Vaundy LIVE “僕にはどうしてわかるんだろう” 2025.11.16 one man live VAWS hall tour “little punk” at 東京ガーデンシアター,UC1FQWQ3y3-e8l1pCtWhJt5A,Vaundy,['Music'],81749,4271,0,167
2025-11-25 02:40:24,zLfnSXg0jKg,あつ森の離島ガチャで「格付けチェック」やってみたら面白すぎた3,UCc-PPk-lNe34JaWCcJQCL0g,ドコムスチャンネル,['Gaming'],64604,2127,0,105
2025-11-25 02:40:24,s5dFrPwvbHY,‘있잖아' - BOYNEXTDOOR (보이넥스트도어) | DOORGROUND,UChhKBlh_wvspTh5n4mL0b5g,BOYNEXTDOOR,['Music'],66590,17033,0,1167
2025-11-25 02:40:24,k1yXf4L5bnc,巨人が討伐するエンダードラゴン 懐50人クラフト #11,UCoQhX2O93MVTWfgIz-8wOmg,KUNの50人クラフト,['Gaming'],82497,2215,0,139
2025-11-25 01:44:51,TVqEwvbZP30,RIIZE 라이즈 'Fame' MV,UCEf_Bc-KVd7onSeifS3py9g,SMTOWN,['Music'],491878,68694,0,5612
2025-11-25 01:44:51,vMg1KAFAKiY,'이게 맞아?! 시즌2' Main Trailer,UCLkAepWjdylmXSltofFvsYQ,BANGTANTV,['Music'],676264,135589,0,7693
2025-11-25 01:44:51,-3TOkp_6gRQ,【#にじ遊戯王祭2025】にじさんじ遊戯王マスターデュエル祭 2025 Day3：星巡り杯 ～銀河の織姫決戦～,UCX7YkU9nEeaoZbkVLVajcMg,にじさんじ,['Gaming'],461121,8969,0,63
2025-11-25 01:44:51,x_RYZsOfpKY,ILLIT (아일릿) 'NOT CUTE ANYMORE’ Official MV,UC3IZKseVpdzPSBaWxBxundA,HYBE LABELS,['Music'],2302751,166084,0,11811
2025-11-25 01:44:51,dCmNVtLsYzA,TVSP『アンデッドアンラック』Winter編 メインPV／Undead Unluck |Main Trailer,UCkVvAm5jb62IMIJQj4wPVGA,TMSアニメ公式チャンネル,['Film & Animation'],128594,7147,0,410
2025-11-25 01:44:51,koeM_jz4CdM,超巨大な火山を削りきるまで終われません！【マイクラ】,UCj4PjeVMnNTHIR5EeoNKPAw,ドズル社,['Gaming'],225145,10291,0,1117
2025-11-25 01:44:51,G36amiUCkXU,Juice=Juice『盛れ！ミ・アモーレ』(Concert 2025 Queen of Hearts Special Flush),UC6FadPgGviUcq6VQ0CEJqdQ,Juice=Juice,['Music'],95266,16221,0,2958
2025-11-25 01:44:51,ygIwtR2txaw,キモい顔を爆発させるバケモンに初見殺しされるらっだぁ【R.E.P.O.】,UClNdVSK1uy2xFHTaXZYXopw,らっだぁ,['Gaming'],147470,7414,0,222
2025-11-25 01:44:51,llAI08UYyAw,"Stray Kids ""Do It (Overdrive Version)"" M/V",UCaO6TYtlC8U5ttz62hTrZgg,JYP Entertainment,['Music'],946777,223322,0,8571
2025-11-25 01:44:51,ex7ieF2B09A,男たちが最後の1人になるまで騙し合うREAL Liar's Bar【The k4sen Con 2025 DAY 2 Supported by ロリポップ！ for Gamers byGMOペパボ】,UChUjERVG8eKEAJSCef-tTmg,k4sen / かせん,['Gaming'],106938,2080,0,111
2025-11-25 01:44:51,gSXQd_5ht0E,【DANCE VIDEO】君セン！ / iLiFE! 【振り動画】,UChVflUz2J_jaaqYjXqvpmQA,iLiFE!【あいらいふ】,['Music'],310595,20118,0,968
2025-11-25 01:44:51,MarWse2JmWU,【パチスロ生配信】今日も懲りずにまずはスマスロ北斗でコンプリート目指す！PACHINKO SLOT生放送パチンコパチスロ実戦！11/24,UCOVLrBaOiMH5QDKXTycZ8Pw,やっちゃんの崖っぷちスロパチ生活,['Gaming'],296514,3303,0,20
2025-11-25 01:44:51,dx4XsqUGm10,MAZZEL / Only You -Dance Practice-,UCMF_5h2OejEhVorTB02UUSg,MAZZEL,['Music'],67720,12413,0,1035
2025-11-25 01:44:51,qJvjFBhQ6vQ,一人で無限に攻めてくる敵を迎え撃つゲーム,UChn5TjkeEqd-JxzizMVSkOw,ハヤトの野望,['Gaming'],72943,1499,0,44
2025-11-25 01:44:51,4Xt_hR0KNvY,IS:SUE (イッシュ) 'Super Luna' Performance Video,UCqKNMJ5s_vsf7WkesdBrvQA,IS:SUE,['Music'],41123,6509,0,1381
2025-11-25 01:44:51,xuL1CDdhsOg,【東京喰種】検証！！パワーストーンつけたら喰種で勝てるのか！？生配信260日目,UCYA14rrNjvQq_P_YSNeJHgA,スロライブ,['Gaming'],218021,2081,0,0
2025-11-25 01:44:51,ayjRv2g2UqY,ムカつく -another story- feat. 高梨小麻（CV：石見舞菜香）／HoneyWorks,UCAaGaynFpku5cAx6OOSrW-w,HoneyWorks OFFICIAL,['Music'],285396,17765,0,758
2025-11-25 01:44:51,VhzqSrscVP8,【Lobotomy Corporation】都市のキノコにご用心part49【未遭遇アブノマ回収編】【ゆっくり実況】,UC8rk-fIWJXYlSF8tkfG9wWg,天色鮫,['Gaming'],90455,4605,0,336
2025-11-25 01:44:51,MRYXsF2lblY,RIIZE 'Sticky Like' (Official Audio),UCdVD0MsYecQaIE5Ru-pOIQQ,RIIZE,['Music'],94287,13466,0,749
2025-11-25 01:44:51,-dfR8iYqwK4,なんでこういう事するんや？初使用選手含む全員アニバーサリーの選手でリアタイしたら害悪プレイヤーに遭遇しました【プロスピA】# 1756,UCy9GuRXGTm8TliQ-OJ7KwzA,【V.I.P】,['Gaming'],107966,2512,0,411
2025-11-25 01:44:51,L6tkKvVCs0Y,【MV】どーでもいいよ／まふまふ,UCOTR1tcOAhjgi6YukrPpZxg,まふまふちゃんねる,['Music'],40503,8886,0,483
2025-11-25 01:44:51,6mP-mEHEQcw,日本人を狙う30人チーター中国クランを崩壊させてみた【RUST 実況】,UCXEo7JprZQGCPkezcZylHlQ,黒炭酸,['Gaming'],88171,6338,0,935
2025-11-25 01:44:51,ANU0lVGfWyo,NOT ME,UCNVIo0UJXTdEnsRkCB9Q03w,ILLIT - Topic,['Music'],120753,18275,0,1578
2025-11-25 01:44:51,UFozBQrnmII,【桃鉄】今夜は無礼講！4人で新作桃鉄を遊ぶぞおおおおおおおお！！ぺこ！【ホロライブ/兎田ぺこら】,UC1DCedRgGHBdm81E1llLhOQ,Pekora Ch. 兎田ぺこら,['Gaming'],756092,24645,0,393
2025-11-25 01:44:51,kCnD_dMyJ3M,The Bible of The “Eden”,UCZwcUEEjD8RVzB-TAw1ts3g,Eden - Topic,['Music'],42784,2129,0,0
2025-11-25 01:44:51,YMxjZF3gtoM,【Shadow Corridor】三姉妹ホラーゲーム実況【第一夜 -路地-】,UCAWxPGGuIfWME2KTLUmSCHw,ぱかチューブっ!【ウマ娘公式】,['Gaming'],109914,8278,0,538
2025-11-25 01:44:51,QRTGKxrKBPM,インビジブル / 歌ってみた【あらき×榊ネス】,UCBhPDpv9JavoPADrZcsAC2A,あらき-ARAKI Official,['Music'],339471,35294,0,956
2025-11-25 01:44:51,TAL-HXKac80,YOUR CHANCE TO GET 10K GEMS!,UCooVYzDxdwTtGYAkcPmOgOw,Brawl Stars,['Gaming'],1058717,45785,0,1631
2025-11-25 01:44:51,0-74AHbFWic,＝LOVE（イコールラブ）/ 19th Single c/w『Queens』リハーサル定点映像 (from 8th ANNIVERSARY PREMIUM TOUR),UCv7VutirxDn3RWIJXI68n_A,＝LOVE（イコールラブ）公式チャンネル,['Entertainment'],122307,10770,0,612
2025-11-25 01:44:51,yRhin7unPeI,これが恐らくビーフ最後の輝きでしょうね【龍が如く８外伝 Pirates in Hawaii】＃４１,UCZMRuagdTBKmmrFtSMN48Xw,牛沢,['Gaming'],105006,3890,0,417
2025-11-25 01:44:51,QJpTBz916MI,にっこり^^調査隊のテーマ / まぐねっと部 cover【宝鐘マリン・火威青・しぐれうい・ルンルン】,UCCzUftO8KOVkV4wQG1vkUvg,Marine Ch. 宝鐘マリン,['Entertainment'],898198,100435,0,2773
2025-11-25 01:44:51,UfVkyXaTGcs,【まとめ】ミオしゃを褒めないとスジモンになるフブさんとみこスバの『マリカサバイバル』面白トークまとめ【大空スバル/さくらみこ/白上フブキ/ホロライブ切り抜き】,UCqMRVBz-hhSFRuqlL1guqig,あひるだっく,['Gaming'],79451,3161,0,68
2025-11-25 01:44:51,WsLcF1ojgFU,アンジュルム『トラブルメーカー』〜Dance Practice Ver.〜,UCDwcZ85zjLKD-3-jqlv1wQQ,アンジュルム,['Music'],21250,2155,0,304
2025-11-25 01:44:51,LUQ28DBF7EU,どるぴんが病んでるらしい,UCGjV4bsC43On-YuiLZcfL0w,KUN,['Gaming'],131048,3538,0,296
2025-11-25 01:44:51,8j4RM-bBYvA,福本大晴「すっぴんLOVE」（Music Video）YouTube Edition,UCXqWKjzm2YMH6Bs7rAmsKFw,福本大晴,['Entertainment'],7209,893,0,285
2025-11-25 01:44:51,SWdjfMIkQCg,アザールが最強能力×モメンタムバーストで 頂点ST界の王に君臨しました【eFootball2026アプリ】,UC070fhnqq38qNhqHm5rxTcQ,令和ちゃんねる,['Gaming'],66790,1467,0,116
2025-11-25 01:44:51,4oml768wFnk,REAL,UC8eq3M3Yft3FUgxEX6lOZMg,chotokkyu - Topic,['Music'],27170,2848,0,153
2025-11-25 01:44:51,S3Q33-4q1xo,【桃鉄2】3年決戦ついに決着! 最下位を回避するのはどっちだ!? #8【霜降り明星】,UCpGpA7mSYmNJjLiJxKso5QA,しもふりチューブ,['Comedy'],67160,957,0,73
2025-11-25 01:44:51,OWpLhNyqeqg,Novelbright - 夢花火 [Official Live Video],UCIJAlAYCNN8RACtDDsy9K6g,Novelbright,['Music'],21596,3036,0,338
2025-11-25 01:44:51,XtTT5XdZVpw,シークレットな最終回※ちょっと動画長いよ【ゆっくり実況】,UCOjkVJQcjtWnpf0-1ft4brA,ゆっくりむちゃたぬき,['Gaming'],48568,3328,0,168
2025-11-25 01:44:51,vpXtzSpyV_8,tripleS(트리플에스) msnz neptune ‘Fly Up’ Official MV,UCJnL-TBcsYrF2SLs7tmiC8Q,tripleS official,['Music'],91456,10789,0,595
2025-11-25 01:44:51,gYEhRoknpZQ,【シャドバWB】愛知大会を〝ムゲン・ほーちゃんドラゴン〟1本で破壊してきた男の物語【Shadowverse: Worlds Beyond】,UCqeAYB1DMzfM-hG-Up52yNQ,つるおかかものはし,['Gaming'],59197,725,0,148
2025-11-25 01:44:51,FFXSoSl_lGg,Vaundy LIVE “僕にはどうしてわかるんだろう” 2025.11.16 one man live VAWS hall tour “little punk” at 東京ガーデンシアター,UC1FQWQ3y3-e8l1pCtWhJt5A,Vaundy,['Music'],80051,4259,0,167
2025-11-25 01:44:51,dqMImJF-rgA,おかんとアイテムが共有されるサバイバル【まいくら / マインクラフト】,UCJy7zfLsKBXoo2soFMum7JQ,あかさかの箱,['Gaming'],70799,2792,0,270
2025-11-25 01:44:51,KDC-EOsNzAg,NCT DREAM 엔시티 드림 'Beat It Up' Dance Practice,UCXURHJRGr4-EB3l87kcbElw,NCT DREAM,['Music'],62505,13394,0,415
2025-11-25 01:44:51,k1yXf4L5bnc,巨人が討伐するエンダードラゴン 懐50人クラフト #11,UCoQhX2O93MVTWfgIz-8wOmg,KUNの50人クラフト,['Gaming'],80053,2199,0,138
2025-11-25 01:44:51,tPMkWfK6N-E,[STAGE CLIP] 'Wolf type' ~ 'Feel the Pulse' | ROCK IN JAPAN FESTIVAL 2025 | &TEAM,UCHD1jo5RhijLfx5-0Ehe_cg,&TEAM,['People & Blogs'],84377,8776,0,452
2025-11-25 01:44:51,599nhYHHvQo,【生放送】吉宗で7万を捲るぞ！！,UCjcYYjM16TFOPXDjWgzHiHA,超覚醒てえんだ「スロパチ生放送」,['Entertainment'],102800,844,0,0
2025-11-25 01:44:51,tmVYOETfA10,"MAKE IT, BREAK IT",UC3VId8brfshtHO6gMMqnZ5A,FLOW GLOW - Topic,['Music'],17709,2067,0,64
2025-11-25 01:44:51,dolefeooLzc,誰もが驚く闇がある「回転寿司屋🍣」で働くホラーゲームが怖すぎる【The Sushi House】,UCzXjPL7zo0bxhOYDxLJ9YEg,ポッキー,['Gaming'],236286,4559,0,311
2025-11-27 08:32:15,b9z3Iaz5Zrc,ヤングスキニー - るっせぇ女【Official Music Video】,UCcg_rvE-fU2tATMwBAxW9bA,ヤングスキニー,['Music'],102727,5791,0,303
2025-11-27 08:32:15,vIUORnIS_ug,ELDEN RING NIGHTREIGN The Forsaken Hollows | Scholar Character Trailer,UC_ntXHv-XdKCD7CPynVvnQw,Bandai Namco Entertainment America,['Gaming'],322547,13607,0,1032
2025-11-27 08:32:15,dIPZHyTBFz0,『ドラゴンクエストウォーク』の新情報をお届け「スマートウォーク」#131,UCtceiniicYEsbAVuWy-Bi0Q,ドラゴンクエストウォーク公式,['Gaming'],179801,2064,0,255
2025-11-27 08:32:15,XILnJKGc0yo,INI｜'U MINE' Performance Video,UCc-itdQHxLvUlPrDxIiSJrA,INI,['Entertainment'],217990,20022,0,3548
2025-11-27 08:32:15,NUSpibeVoO0,失われたチャプター: ユキの復讐 | ティザートレーラー,UCwF6o6cF7BMTY1-OZ7ZUY7Q,フォートナイト 公式,['Gaming'],6336,467,0,33
2025-11-27 08:32:15,8gAg9uDn2Oo,体力と手持ちが共有の世界で全員合流するまで終われません！ミニミニ編【マイクラ】,UCj4PjeVMnNTHIR5EeoNKPAw,ドズル社,['Gaming'],287740,11392,0,453
2025-11-27 08:32:15,VWg0218G38c,現在がとんでもなく悲惨な事になってるYouTuber4選,UCHvFSU5OP6c7QcJxIr87YtA,ウタエル Utael,['Entertainment'],89216,1077,0,194
2025-11-27 08:32:15,eLCjlEYBN3U,課金しまくって放射性ラッキーブロックを100個開けるロブロックス (Roblox),UC9Lx-zRFGfpuls27tNAOIqA,マエスケ,['Gaming'],300520,12986,0,990
2025-11-27 08:32:15,StcmgD_0aRI,モニタリング Cover / Gero,UCFuugQScqDfJcsOEWbL1_tg,Gero Channel,['Music'],84095,9685,0,2446
2025-11-27 08:32:15,Bj6tJxDPzoY,みんなでパンを作って1か所に合流しよう!!(ただし100人に邪魔されながら)【マインクラフト】,UClNdVSK1uy2xFHTaXZYXopw,らっだぁ,['Gaming'],195833,9412,0,285
2025-11-27 08:32:15,ES9oYbzYCh8,ILLIT (아일릿) 'NOT CUTE ANYMORE’ Performance Film,UC3IZKseVpdzPSBaWxBxundA,HYBE LABELS,['Music'],307626,47274,0,1540
2025-11-27 08:32:15,kSmHmdAnDYc,【原神】限定★５「ドゥリン」は強いのか？先行解説します。性能/武器/聖遺物/PT編成/凸orモチーフ…全てが分かる！,UCjJmYy279ehSYSwR1A3fXtA,マグロヘッド,['Gaming'],206582,6225,0,785
2025-11-27 08:32:15,Am2ElEWNvTY,LEX - 完璧だ (Music Video),UCeTo4Eh0TzpKbUL4vGQZ73A,LEX *,['People & Blogs'],44619,2918,0,167
2025-11-27 08:32:15,SnCG-_lf74w,今までで一番怖いスーパーマーケット経営『 HELLMART 』,UCMJiPpN_09F0aWpQrgbc_qg,キヨ。,['Gaming'],829756,21774,0,1031
2025-11-27 08:32:15,G36amiUCkXU,Juice=Juice『盛れ！ミ・アモーレ』(Concert 2025 Queen of Hearts Special Flush),UC6FadPgGviUcq6VQ0CEJqdQ,Juice=Juice,['Music'],411834,27360,0,5096
2025-11-27 08:32:15,S0UEqkus7FA,【ミメシス】声と行動を真似するニセモノに騙されないように生き残る！！ぺこ！【ホロライブ/兎田ぺこら】,UC1DCedRgGHBdm81E1llLhOQ,Pekora Ch. 兎田ぺこら,['Gaming'],294559,12045,0,205
2025-11-27 08:32:15,hcJEQXJIALo,ONE N' ONLY／ “RIDE” Music Video,UC8Qwnts13zIh2EYUCau6m3w,ONE N' ONLY TV,['Entertainment'],22561,3443,0,531
2025-11-27 08:32:15,tLBq_jH5FDI,"【㊗️ 6周年】""""ポケモン剣盾""""のハイレベルすぎる神試合が激アツすぎたwww【対戦者本人解説あり】",UCmnZL4tFRl4sm-uJOxTLHmg,今日ポケch.,['Gaming'],84908,1423,0,147
2025-11-27 08:32:15,5-o_tvuKSfM,【Official】Uru 「愛」,UCdPCarwi28K5Z7s5l2nMiLw,Uru Official YouTube Channel,['Music'],41126,3185,0,137
2025-11-27 08:32:15,WVVv8Uyok_U,サビ組さんにはよくしてもらってます｜ポケモンZA #20,UCMzLWawc9x3rUsqYDEfgqzA,ジャック・オ・蘭たん,['Gaming'],78312,4087,0,719
2025-11-27 08:32:15,JkKNqaEl9Aw,"NEXZ(넥스지) ""Legacy"" Performance Video",UCaO6TYtlC8U5ttz62hTrZgg,JYP Entertainment,['Music'],250229,20236,0,1805
2025-11-27 08:32:15,w0ZQp2CmHHw,庭を埋め尽くす大量の落ち葉を掃除するゲーム,UChn5TjkeEqd-JxzizMVSkOw,ハヤトの野望,['Gaming'],110630,2040,0,197
2025-11-27 08:32:15,AfKzB2lXo7I,SLAVE (Nissy Entertainment “Re:10th Anniversary Final” BEST DOME TOUR),UCkv76wCrBDQNn7ctcbn6Qeg,Nissy - Topic,['Music'],4654,473,0,36
2025-11-27 08:32:15,DyINvuS9P34,最強のマシンを進化させるマインクラフト【 マイクラ / マインクラフト 】,UCHazKLThRbMyMFu2bVAKhng,ウォーターチャレンジ,['Gaming'],157771,2316,0,49
2025-11-27 08:32:15,TVqEwvbZP30,RIIZE 라이즈 'Fame' MV,UCEf_Bc-KVd7onSeifS3py9g,SMTOWN,['Music'],5099758,106846,0,10478
2025-11-27 08:32:15,LcpCd9VXGjE,【パチスロ生配信】今日もヴァル2や!!そろそろ高設定台を打ちたい!!【革命機ヴァルヴレイヴ2】,UCdCC1L_OxLrkoEjR19iXpRw,パチスロードch,['Entertainment'],333851,1573,0,0
2025-11-27 08:32:15,ScutqxM3z_s,Hi-STANDARD - Our Song - OFFICIAL MUSIC VIDEO,UCrQUlOEbu-0T0l4DAcBEeIg,pizzaofdeathofficial,['Music'],186580,8197,0,464
2025-11-27 08:32:15,2j2jXv6Juxc,初心者 vs. プロ：最強のピリジャー刑務所作り対決,UCM3yhFc0-fBFuvqx1Vg2YNQ,まいぜんシスターズ,['Gaming'],129135,2034,0,77
2025-11-27 08:32:15,tdYPGxusaYs,NiziU 「♡Emotion」 FanCam – MAYUKA ver -,UCHp2q2i85qt_9nn2H7AvGOw,NiziU Official,['Entertainment'],22890,2210,0,134
2025-11-27 08:32:15,3-caLm2c1XI,これがエスペランサの財宝だ！！【龍が如く８外伝 Pirates in Hawaii】＃４３,UCZMRuagdTBKmmrFtSMN48Xw,牛沢,['Gaming'],120520,3773,0,478
2025-11-27 08:32:15,CZP11p3DklQ,軌跡,UC8_Ag6BVp43Vmrx6eillK9g,Vaundy - Topic,['Music'],88897,3205,0,134
2025-11-27 08:32:15,OeMmb--HE6k,【MIMESIS】叶カンパニー、出勤します。【にじさんじ/ローレン・イロアス】,UCgmFrRcyH7d1zR9sIVQhFow,ローレン・イロアス / Lauren Iroas【にじさんじ】,['Gaming'],162823,4415,0,58
2025-11-27 08:32:15,b1OwvLh8HnU,FMP,UCMR5xpbhv3jzIQG1TOTg-Jg,B'z - Topic,['Music'],16080,347,0,8
2025-11-27 08:32:15,SzFd7Tmq7pU,【 Minecraft 】本番まであと３日！隠れオーナーつくる！！！- ラムベガス／LAMB VEGAS -【角巻わため/ホロライブ４期生】,UCqm3BQLlJfvkTsX_hvm0UmA,Watame Ch. 角巻わため,['Gaming'],178964,9666,0,36
2025-11-27 08:32:15,Iz7mRKij2ao,GLAY「Dead Or Alive」 / アニメ『終末のワルキューレIII』オープニングテーマ Teaser2,UC1DqlLj1onQhBfxW81OgQTw,GLAY,['Entertainment'],8461,576,0,24
2025-11-27 08:32:15,xjUPVppl1DI,4人で協力して本格的な殺人事件を解決に導く『The Case of the Golden Idol』,UCPVr7clenPjpD7WNsSI3UBQ,レトルト,['Gaming'],582414,10336,0,434
2025-11-27 08:32:15,kux5GmbZhVg,メロリ,UCpYHkc4rzWEW7iVXIyxQebA,Hey! Say! JUMP - Topic,['Music'],14116,912,0,19
2025-11-27 08:32:15,nzbbL07maKA,【Among Us#304】ここが地獄ですか？超波動砲にロケットに人外が跋扈するアモングアス【ゆっくり実況】,UCy0DH4rgPPjDWVZO7wibcSQ,めめんともり,['Gaming'],117967,6461,0,266
2025-11-27 08:32:15,Lj1Qi3-zQgg,あの娘は邪惡！,UC5nxCVEWQLLfkPuMylpkYkA,ロス,['Entertainment'],18996,3784,0,138
2025-11-27 08:32:15,Em805jfRVXs,唯一無二すぎるプレイヤーと対戦し、そのスタイルに感動すら覚えるカワノ【スト6】,UCzRzPAT-AjlPyec5yXG974g,カワノKawano,['Gaming'],252989,4789,0,562
2025-11-27 08:32:15,9jrVtT2nPgQ,【歌ってみた】革命道中 - アイナ・ジ・エンド covered by 明透,UCBLGjbYv6-xxju1i44RjnnA,明透 -ᴀsᴜ-,['Music'],24502,3958,0,96
2025-11-27 08:32:15,ineS6XL0vc8,カオスを極める「カービィのエアライダー」が面白すぎる,UCc-PPk-lNe34JaWCcJQCL0g,ドコムスチャンネル,['Gaming'],76904,2064,0,78
2025-11-27 08:32:15,T8w3L1rS3o4,澤野弘之『EARth』Music Video,UCpT4syVopfBl2bATVfAt65g,澤野弘之 / SawanoHiroyuki[nZk],['Music'],47575,3210,0,90
2025-11-27 08:32:15,bZ2eyQcJ49o,"今までガチで使った事ない選手！！こんだけ課金してる俺がGET出来ない""この選手""とは！？【プロスピA】# 1757",UCy9GuRXGTm8TliQ-OJ7KwzA,【V.I.P】,['Gaming'],142115,2556,0,361
2025-11-27 08:32:15,Kc7TkgWiWrc,Kiseki No Younakoto,UCof7dOTnyxaidkKkcIFuflQ,Mone Kamishiraishi - Topic,['Music'],27534,961,0,36
2025-11-27 08:32:15,BiiDN0zgJ2Q,【深夜にパチ配信】東京グールとかのかりとエヴァ15の継続率って本当に合ってますか？生実践LIVE！パチスロパチンコライブ,UCDhOdoqPxv96djR3tSq9NoA,ショコラ大佐の秘密基地,['Entertainment'],95251,722,0,0
2025-11-27 08:32:15,I52yC34Ji2k,YENA「STAR! (feat. Hatsune Miku)」 Music Video,UC4YT50DP7hbMsor8FmyEPMw,Victor Entertainment,['Music'],273027,39632,0,1522
2025-11-27 08:32:15,qUgLxkENl6c,おかんの家は24時間後に消えます【まいくら / マインクラフト】,UCJy7zfLsKBXoo2soFMum7JQ,あかさかの箱,['Gaming'],93296,6526,0,321
2025-11-27 08:32:15,OEcTbxi57lE,Yukopi - ひとりファッションショー (feat.歌愛ユキ),UClqWF_XeXy469i4KDurpjWw,Yukopi,['Music'],13919,3124,0,125
2025-11-27 08:32:15,IrxoY7JdJY0,MIMESIS | さ～て！今回のお仕事は～？？ w/星川 ローレン 樋口さん（叶カンパニー）【にじさんじ/叶】,UCspv01oxUFf_MTSipURRhkA,Kanae Channel,['Entertainment'],122994,,0,32
2025-11-25 16:34:35,TVqEwvbZP30,RIIZE 라이즈 'Fame' MV,UCEf_Bc-KVd7onSeifS3py9g,SMTOWN,['Music'],906549,86478,0,7127
2025-11-25 16:34:35,vMg1KAFAKiY,'이게 맞아?! 시즌2' Main Trailer,UCLkAepWjdylmXSltofFvsYQ,BANGTANTV,['Music'],833915,152234,0,8286
2025-11-25 16:34:35,fiSsGbfus6I,うんこちゃんのイナズマイレブン 英雄たちのヴィクトリーロード 実況プレイPart4※ネタバレ注意,UCx1nAvtVDIsaGmCMSe8ofsQ,加藤純一【jun channel】,['Gaming'],97476,1221,0,813
2025-11-25 16:34:35,G36amiUCkXU,Juice=Juice『盛れ！ミ・アモーレ』(Concert 2025 Queen of Hearts Special Flush),UC6FadPgGviUcq6VQ0CEJqdQ,Juice=Juice,['Music'],195936,20928,0,3692
2025-11-25 16:34:35,ygIwtR2txaw,キモい顔を爆発させるバケモンに初見殺しされるらっだぁ【R.E.P.O.】,UClNdVSK1uy2xFHTaXZYXopw,らっだぁ,['Gaming'],211790,9021,0,238
2025-11-25 16:34:35,x_RYZsOfpKY,ILLIT (아일릿) 'NOT CUTE ANYMORE’ Official MV,UC3IZKseVpdzPSBaWxBxundA,HYBE LABELS,['Music'],4919295,230117,0,15008
2025-11-25 16:34:35,koeM_jz4CdM,超巨大な火山を削りきるまで終われません！【マイクラ】,UCj4PjeVMnNTHIR5EeoNKPAw,ドズル社,['Gaming'],300908,12454,0,1323
2025-11-25 16:34:35,llAI08UYyAw,"Stray Kids ""Do It (Overdrive Version)"" M/V",UCaO6TYtlC8U5ttz62hTrZgg,JYP Entertainment,['Music'],1777253,299594,0,9982
2025-11-25 16:34:35,XZ1FhU9XeEc,オフラインの舞台で成長した姿を魅せた初心者ストリーマーたち【The k4sen Con 2025 DAY 3 Supported by ロリポップ！ for Gamers byGMOペパボ】,UChUjERVG8eKEAJSCef-tTmg,k4sen / かせん,['Gaming'],54993,1051,0,170
2025-11-25 16:34:35,7bqePXphj2g,乃木坂46『夢の匂い』MUSIC VIDEO,UCUzpZpX2wRYOk3J8QTFGxDg,乃木坂46 OFFICIAL YouTube CHANNEL,['Music'],139043,13184,0,1216
2025-11-25 16:34:35,-3TOkp_6gRQ,【#にじ遊戯王祭2025】にじさんじ遊戯王マスターデュエル祭 2025 Day3：星巡り杯 ～銀河の織姫決戦～,UCX7YkU9nEeaoZbkVLVajcMg,にじさんじ,['Gaming'],476793,9124,0,76
2025-11-25 16:34:35,dx4XsqUGm10,MAZZEL / Only You -Dance Practice-,UCMF_5h2OejEhVorTB02UUSg,MAZZEL,['Music'],118158,15629,0,1199
2025-11-25 16:34:35,qJvjFBhQ6vQ,一人で無限に攻めてくる敵を迎え撃つゲーム,UChn5TjkeEqd-JxzizMVSkOw,ハヤトの野望,['Gaming'],119591,1861,0,55
2025-11-25 16:34:35,4Xt_hR0KNvY,IS:SUE (イッシュ) 'Super Luna' Performance Video,UCqKNMJ5s_vsf7WkesdBrvQA,IS:SUE,['Music'],74452,8538,0,1699
2025-11-25 16:34:35,YMxjZF3gtoM,【Shadow Corridor】三姉妹ホラーゲーム実況【第一夜 -路地-】,UCAWxPGGuIfWME2KTLUmSCHw,ぱかチューブっ!【ウマ娘公式】,['Gaming'],189171,10900,0,653
2025-11-25 16:34:35,gSXQd_5ht0E,【DANCE VIDEO】君セン！ / iLiFE! 【振り動画】,UChVflUz2J_jaaqYjXqvpmQA,iLiFE!【あいらいふ】,['Music'],355632,21005,0,990
2025-11-25 16:34:35,GxXpkps21Kc,最終回？【 ポケモンルビー 】チャンピオンダイゴ戦🔥みこちと金コイ伝説～最弱からみんなで最強に育てる旅～【ホロライブ/さくらみこ】,UC-hM6YJuNYVAmUWxeIr9FeA,Miko Ch. さくらみこ,['Gaming'],294438,12870,0,201
2025-11-25 16:34:35,MRYXsF2lblY,RIIZE 'Sticky Like' (Official Audio),UCdVD0MsYecQaIE5Ru-pOIQQ,RIIZE,['Music'],144062,16378,0,899
2025-11-25 16:34:35,iKVcCmyqoik,『刀剣乱舞ONLINE』新刀剣男士 三郎国宗(さぶろうくにむね) 登場！,UC56x--_QtyaWD1QptYrPMqA,刀剣乱舞 公式チャンネル,['Gaming'],11103,1986,0,75
2025-11-25 16:34:35,L6tkKvVCs0Y,【MV】どーでもいいよ／まふまふ,UCOTR1tcOAhjgi6YukrPpZxg,まふまふちゃんねる,['Music'],89246,11133,0,543
2025-11-25 16:34:35,6mP-mEHEQcw,日本人を狙う30人チーター中国クランを崩壊させてみた【RUST 実況】,UCXEo7JprZQGCPkezcZylHlQ,黒炭酸,['Gaming'],134777,7927,0,1130
2025-11-25 16:34:35,ayjRv2g2UqY,ムカつく -another story- feat. 高梨小麻（CV：石見舞菜香）／HoneyWorks,UCAaGaynFpku5cAx6OOSrW-w,HoneyWorks OFFICIAL,['Music'],372949,18518,0,781
2025-11-25 16:34:35,SWdjfMIkQCg,アザールが最強能力×モメンタムバーストで 頂点ST界の王に君臨しました【eFootball2026アプリ】,UC070fhnqq38qNhqHm5rxTcQ,令和ちゃんねる,['Gaming'],120262,1900,0,139
2025-11-25 16:34:35,HP8qpxRpIW8,NOT CUTE ANYMORE,UCNVIo0UJXTdEnsRkCB9Q03w,ILLIT - Topic,['Music'],265148,18112,0,786
2025-11-25 16:34:35,-dfR8iYqwK4,なんでこういう事するんや？初使用選手含む全員アニバーサリーの選手でリアタイしたら害悪プレイヤーに遭遇しました【プロスピA】# 1756,UCy9GuRXGTm8TliQ-OJ7KwzA,【V.I.P】,['Gaming'],152326,2977,0,452
2025-11-25 16:34:35,OWpLhNyqeqg,Novelbright - 夢花火 [Official Live Video],UCIJAlAYCNN8RACtDDsy9K6g,Novelbright,['Music'],39417,3797,0,388
2025-11-25 16:34:35,4Ddbjkyy2C0,【深夜にパチ配信】東京グールとかのかりとエヴァ15を全力生実践LIVE！パチスロパチンコライブ,UCDhOdoqPxv96djR3tSq9NoA,ショコラ大佐の秘密基地,['Entertainment'],118956,839,0,0
2025-11-25 16:34:35,8j4RM-bBYvA,福本大晴「すっぴんLOVE」（Music Video）YouTube Edition,UCXqWKjzm2YMH6Bs7rAmsKFw,福本大晴,['Entertainment'],11948,1083,0,356
2025-11-25 16:34:35,PJyQaQosJpk,【クラロワ】アプデ来たからレベル16でトロ１５０００まで蹂躙する【ClashRoyale】,UCeA0fcfLVewbuD7H5YsrpdA,ライキジョーンズ,['Gaming'],69185,808,0,4
2025-11-25 16:34:35,WsLcF1ojgFU,アンジュルム『トラブルメーカー』〜Dance Practice Ver.〜,UCDwcZ85zjLKD-3-jqlv1wQQ,アンジュルム,['Music'],30289,2535,0,364
2025-11-25 16:34:35,UfVkyXaTGcs,【まとめ】ミオしゃを褒めないとスジモンになるフブさんとみこスバの『マリカサバイバル』面白トークまとめ【大空スバル/さくらみこ/白上フブキ/ホロライブ切り抜き】,UCqMRVBz-hhSFRuqlL1guqig,あひるだっく,['Gaming'],147861,4227,0,92
2025-11-25 16:34:35,eHmQ_b0LkUA,"Stray Kids ""Do It (Turbo Version)"" Lyric Visualizer",UC9rMiEjNaCSsebs31MRDCRA,Stray Kids,['Music'],72679,35310,0,2480
2025-11-25 16:34:35,VhzqSrscVP8,【Lobotomy Corporation】都市のキノコにご用心part49【未遭遇アブノマ回収編】【ゆっくり実況】,UC8rk-fIWJXYlSF8tkfG9wWg,天色鮫,['Gaming'],119283,5353,0,383
2025-11-25 16:34:35,kCnD_dMyJ3M,The Bible of The “Eden”,UCZwcUEEjD8RVzB-TAw1ts3g,Eden - Topic,['Music'],55588,2335,0,0
2025-11-25 16:34:35,l57EJ_eLsIc,【攻略法発覚】L荒野のコトブキ飛行隊 相次ぐ撤去について【ゴトブキ】,UCYXmyrGUVL8tX7VEvo_DjPw,シャル@ツモらせ隊,['Entertainment'],105361,1176,0,492
2025-11-25 16:34:35,G_3xr5desOo,"EXILE ATSUSHI + AI（EXILE ATSUSHI LIVE TOUR 2025 ""Heart to Heart"" ～復活祭～）",UCN7_YMtKaUiizHpw77XLVcw,EXILE,['Music'],31259,1685,0,75
2025-11-25 16:34:35,BDxXPvOdz50,苦戦中のモンハンワイルズ1000万売ってもまだ開発費未回収と話題に/UBIさんやはりトラブっていた模様...株価も上げて下げる/COD新作BO7の売上が半減してしまう/ステラソラに男性蔑視ポーズで物議,UCWvr04hMa4k4wSilYcQ4qoA,キャベツの人【ゲーム紹介】,['Gaming'],124762,2106,0,558
2025-11-25 16:34:35,cVL4bRjA6X0,Mili - Peach Pit and Cyanide,UCVh47EKH9VLresRqiYi9txw,Mili,['Music'],275271,31499,0,1186
2025-11-25 16:34:35,TAL-HXKac80,YOUR CHANCE TO GET 10K GEMS!,UCooVYzDxdwTtGYAkcPmOgOw,Brawl Stars,['Gaming'],2374168,66143,0,2125
2025-11-25 16:34:35,3rGi2kiSzkA,Re:Re: from NANO-MUGEN FES.2025 - 2025.06.01 at.K-Arena Yokohama,UC3J-txytRWiRtNXrLS95eEw,ASIAN KUNG-FU GENERATION Official YouTube Channel,['Music'],19631,1594,0,87
2025-11-25 16:34:35,PtSwg--FueA,"種族値265の""ディグダ""をナメないでください。普通に３タテされます。【ポケモンSV実況】",UCENoC6MLc4pL-vehJyzSWmg,もこうの実況,['Gaming'],77732,890,0,309
2025-11-25 16:34:35,s5dFrPwvbHY,‘있잖아' - BOYNEXTDOOR (보이넥스트도어) | DOORGROUND,UChhKBlh_wvspTh5n4mL0b5g,BOYNEXTDOOR,['Music'],116106,23858,0,1351
2025-11-25 16:34:35,yRhin7unPeI,これが恐らくビーフ最後の輝きでしょうね【龍が如く８外伝 Pirates in Hawaii】＃４１,UCZMRuagdTBKmmrFtSMN48Xw,牛沢,['Gaming'],138864,4513,0,446
2025-11-25 16:34:35,7SoVjT-0Rhw,僕が見たかった青空 / 「カイロに月」Music Video【4K】,UC-_iQWdEZY66nGGaHH0Ygmg,僕が見たかった青空,['Entertainment'],17334,1455,0,207
2025-11-25 16:34:35,WGyadbTx8bs,【※閲覧注意】大人向けスイカゲームの『インゴゲーム』の中毒性がヤバすぎるwwww,UCPJCP_fon2mOMfibbBPUOYw,SAWAYAN GAMES / サワヤン ゲームズ,['Gaming'],135550,6676,0,720
2025-11-25 16:34:35,KDC-EOsNzAg,NCT DREAM 엔시티 드림 'Beat It Up' Dance Practice,UCXURHJRGr4-EB3l87kcbElw,NCT DREAM,['Music'],100844,17785,0,513
2025-11-25 16:34:35,taSKSaq5qh8,【ArcRaiders】アークレイダーズ ボス討伐編【にじさんじ/ローレン・イロアス】,UCgmFrRcyH7d1zR9sIVQhFow,ローレン・イロアス / Lauren Iroas【にじさんじ】,['Gaming'],241069,4058,0,34
2025-11-25 16:34:35,QRTGKxrKBPM,インビジブル / 歌ってみた【あらき×榊ネス】,UCBhPDpv9JavoPADrZcsAC2A,あらき-ARAKI Official,['Music'],379823,36534,0,970
2025-11-25 16:34:35,XtTT5XdZVpw,シークレットな最終回※ちょっと動画長いよ【ゆっくり実況】,UCOjkVJQcjtWnpf0-1ft4brA,ゆっくりむちゃたぬき,['Gaming'],79013,4077,0,195
2025-11-25 16:34:35,0-74AHbFWic,＝LOVE（イコールラブ）/ 19th Single c/w『Queens』リハーサル定点映像 (from 8th ANNIVERSARY PREMIUM TOUR),UCv7VutirxDn3RWIJXI68n_A,＝LOVE（イコールラブ）公式チャンネル,['Entertainment'],132072,11126,0,620
2025-11-25 12:41:26,TVqEwvbZP30,RIIZE 라이즈 'Fame' MV,UCEf_Bc-KVd7onSeifS3py9g,SMTOWN,['Music'],834760,82708,0,6750
2025-11-25 12:41:26,vMg1KAFAKiY,'이게 맞아?! 시즌2' Main Trailer,UCLkAepWjdylmXSltofFvsYQ,BANGTANTV,['Music'],812983,149770,0,8212
2025-11-25 12:41:26,ygIwtR2txaw,キモい顔を爆発させるバケモンに初見殺しされるらっだぁ【R.E.P.O.】,UClNdVSK1uy2xFHTaXZYXopw,らっだぁ,['Gaming'],195358,8549,0,235
2025-11-25 12:41:26,G36amiUCkXU,Juice=Juice『盛れ！ミ・アモーレ』(Concert 2025 Queen of Hearts Special Flush),UC6FadPgGviUcq6VQ0CEJqdQ,Juice=Juice,['Music'],169692,19839,0,3499
2025-11-25 12:41:26,koeM_jz4CdM,超巨大な火山を削りきるまで終われません！【マイクラ】,UCj4PjeVMnNTHIR5EeoNKPAw,ドズル社,['Gaming'],281777,11831,0,1274
2025-11-25 12:41:26,x_RYZsOfpKY,ILLIT (아일릿) 'NOT CUTE ANYMORE’ Official MV,UC3IZKseVpdzPSBaWxBxundA,HYBE LABELS,['Music'],4696804,218916,0,14391
2025-11-25 12:41:26,-3TOkp_6gRQ,【#にじ遊戯王祭2025】にじさんじ遊戯王マスターデュエル祭 2025 Day3：星巡り杯 ～銀河の織姫決戦～,UCX7YkU9nEeaoZbkVLVajcMg,にじさんじ,['Gaming'],472898,9093,0,74
2025-11-25 12:41:26,llAI08UYyAw,"Stray Kids ""Do It (Overdrive Version)"" M/V",UCaO6TYtlC8U5ttz62hTrZgg,JYP Entertainment,['Music'],1645277,291944,0,9826
2025-11-25 12:41:26,ex7ieF2B09A,男たちが最後の1人になるまで騙し合うREAL Liar's Bar【The k4sen Con 2025 DAY 2 Supported by ロリポップ！ for Gamers byGMOペパボ】,UChUjERVG8eKEAJSCef-tTmg,k4sen / かせん,['Gaming'],142292,2534,0,133
2025-11-25 12:41:26,7bqePXphj2g,乃木坂46『夢の匂い』MUSIC VIDEO,UCUzpZpX2wRYOk3J8QTFGxDg,乃木坂46 OFFICIAL YouTube CHANNEL,['Music'],118721,12255,0,1150
2025-11-25 12:41:26,fiSsGbfus6I,うんこちゃんのイナズマイレブン 英雄たちのヴィクトリーロード 実況プレイPart4※ネタバレ注意,UCx1nAvtVDIsaGmCMSe8ofsQ,加藤純一【jun channel】,['Gaming'],55974,890,0,579
2025-11-25 12:41:26,dx4XsqUGm10,MAZZEL / Only You -Dance Practice-,UCMF_5h2OejEhVorTB02UUSg,MAZZEL,['Music'],106123,15012,0,1172
2025-11-25 12:41:26,qJvjFBhQ6vQ,一人で無限に攻めてくる敵を迎え撃つゲーム,UChn5TjkeEqd-JxzizMVSkOw,ハヤトの野望,['Gaming'],111027,1774,0,53
2025-11-25 12:41:26,gSXQd_5ht0E,【DANCE VIDEO】君セン！ / iLiFE! 【振り動画】,UChVflUz2J_jaaqYjXqvpmQA,iLiFE!【あいらいふ】,['Music'],343009,20699,0,986
2025-11-25 12:41:26,YMxjZF3gtoM,【Shadow Corridor】三姉妹ホラーゲーム実況【第一夜 -路地-】,UCAWxPGGuIfWME2KTLUmSCHw,ぱかチューブっ!【ウマ娘公式】,['Gaming'],173001,10252,0,629
2025-11-25 12:41:26,4Xt_hR0KNvY,IS:SUE (イッシュ) 'Super Luna' Performance Video,UCqKNMJ5s_vsf7WkesdBrvQA,IS:SUE,['Music'],66144,8056,0,1604
2025-11-25 12:41:26,GxXpkps21Kc,最終回？【 ポケモンルビー 】チャンピオンダイゴ戦🔥みこちと金コイ伝説～最弱からみんなで最強に育てる旅～【ホロライブ/さくらみこ】,UC-hM6YJuNYVAmUWxeIr9FeA,Miko Ch. さくらみこ,['Gaming'],289767,12772,0,191
2025-11-25 12:41:26,MRYXsF2lblY,RIIZE 'Sticky Like' (Official Audio),UCdVD0MsYecQaIE5Ru-pOIQQ,RIIZE,['Music'],131308,15747,0,881
2025-11-25 12:41:26,4Ddbjkyy2C0,【深夜にパチ配信】東京グールとかのかりとエヴァ15を全力生実践LIVE！パチスロパチンコライブ,UCDhOdoqPxv96djR3tSq9NoA,ショコラ大佐の秘密基地,['Entertainment'],118823,840,0,0
2025-11-25 12:41:26,ayjRv2g2UqY,ムカつく -another story- feat. 高梨小麻（CV：石見舞菜香）／HoneyWorks,UCAaGaynFpku5cAx6OOSrW-w,HoneyWorks OFFICIAL,['Music'],351545,18298,0,774
2025-11-25 12:41:26,-dfR8iYqwK4,なんでこういう事するんや？初使用選手含む全員アニバーサリーの選手でリアタイしたら害悪プレイヤーに遭遇しました【プロスピA】# 1756,UCy9GuRXGTm8TliQ-OJ7KwzA,【V.I.P】,['Gaming'],141508,2849,0,444
2025-11-25 12:41:26,L6tkKvVCs0Y,【MV】どーでもいいよ／まふまふ,UCOTR1tcOAhjgi6YukrPpZxg,まふまふちゃんねる,['Music'],82202,10634,0,534
2025-11-25 12:41:26,SWdjfMIkQCg,アザールが最強能力×モメンタムバーストで 頂点ST界の王に君臨しました【eFootball2026アプリ】,UC070fhnqq38qNhqHm5rxTcQ,令和ちゃんねる,['Gaming'],108622,1800,0,134
2025-11-25 12:41:26,HP8qpxRpIW8,NOT CUTE ANYMORE,UCNVIo0UJXTdEnsRkCB9Q03w,ILLIT - Topic,['Music'],220465,16888,0,772
2025-11-25 12:41:26,6mP-mEHEQcw,日本人を狙う30人チーター中国クランを崩壊させてみた【RUST 実況】,UCXEo7JprZQGCPkezcZylHlQ,黒炭酸,['Gaming'],120012,7436,0,1087
2025-11-25 12:41:26,OWpLhNyqeqg,Novelbright - 夢花火 [Official Live Video],UCIJAlAYCNN8RACtDDsy9K6g,Novelbright,['Music'],35239,3623,0,381
2025-11-25 12:41:26,PJyQaQosJpk,【クラロワ】アプデ来たからレベル16でトロ１５０００まで蹂躙する【ClashRoyale】,UCeA0fcfLVewbuD7H5YsrpdA,ライキジョーンズ,['Gaming'],67640,801,0,2
2025-11-25 12:41:26,8j4RM-bBYvA,福本大晴「すっぴんLOVE」（Music Video）YouTube Edition,UCXqWKjzm2YMH6Bs7rAmsKFw,福本大晴,['Entertainment'],10614,1029,0,332
2025-11-25 12:41:26,VhzqSrscVP8,【Lobotomy Corporation】都市のキノコにご用心part49【未遭遇アブノマ回収編】【ゆっくり実況】,UC8rk-fIWJXYlSF8tkfG9wWg,天色鮫,['Gaming'],113872,5145,0,372
2025-11-25 12:41:26,WsLcF1ojgFU,アンジュルム『トラブルメーカー』〜Dance Practice Ver.〜,UCDwcZ85zjLKD-3-jqlv1wQQ,アンジュルム,['Music'],28269,2446,0,350
2025-11-25 12:41:26,UfVkyXaTGcs,【まとめ】ミオしゃを褒めないとスジモンになるフブさんとみこスバの『マリカサバイバル』面白トークまとめ【大空スバル/さくらみこ/白上フブキ/ホロライブ切り抜き】,UCqMRVBz-hhSFRuqlL1guqig,あひるだっく,['Gaming'],137043,3983,0,85
2025-11-25 12:41:26,kCnD_dMyJ3M,The Bible of The “Eden”,UCZwcUEEjD8RVzB-TAw1ts3g,Eden - Topic,['Music'],51932,2294,0,0
2025-11-25 12:41:26,l57EJ_eLsIc,【攻略法発覚】L荒野のコトブキ飛行隊 相次ぐ撤去について【ゴトブキ】,UCYXmyrGUVL8tX7VEvo_DjPw,シャル@ツモらせ隊,['Entertainment'],95951,1078,0,473
2025-11-25 12:41:26,G_3xr5desOo,"EXILE ATSUSHI + AI（EXILE ATSUSHI LIVE TOUR 2025 ""Heart to Heart"" ～復活祭～）",UCN7_YMtKaUiizHpw77XLVcw,EXILE,['Music'],25071,1491,0,67
2025-11-25 12:41:26,TAL-HXKac80,YOUR CHANCE TO GET 10K GEMS!,UCooVYzDxdwTtGYAkcPmOgOw,Brawl Stars,['Gaming'],2270021,64334,0,2077
2025-11-25 12:41:26,7SoVjT-0Rhw,僕が見たかった青空 / 「カイロに月」Music Video【4K】,UC-_iQWdEZY66nGGaHH0Ygmg,僕が見たかった青空,['Entertainment'],15642,1387,0,199
2025-11-25 12:41:26,BDxXPvOdz50,苦戦中のモンハンワイルズ1000万売ってもまだ開発費未回収と話題に/UBIさんやはりトラブっていた模様...株価も上げて下げる/COD新作BO7の売上が半減してしまう/ステラソラに男性蔑視ポーズで物議,UCWvr04hMa4k4wSilYcQ4qoA,キャベツの人【ゲーム紹介】,['Gaming'],112766,2006,0,525
2025-11-25 12:41:26,s5dFrPwvbHY,‘있잖아' - BOYNEXTDOOR (보이넥스트도어) | DOORGROUND,UChhKBlh_wvspTh5n4mL0b5g,BOYNEXTDOOR,['Music'],102055,21956,0,1293
2025-11-25 12:41:26,taSKSaq5qh8,【ArcRaiders】アークレイダーズ ボス討伐編【にじさんじ/ローレン・イロアス】,UCgmFrRcyH7d1zR9sIVQhFow,ローレン・イロアス / Lauren Iroas【にじさんじ】,['Gaming'],237452,4031,0,30
2025-11-25 12:41:26,cVL4bRjA6X0,Mili - Peach Pit and Cyanide,UCVh47EKH9VLresRqiYi9txw,Mili,['Music'],253158,30140,0,1147
2025-11-25 12:41:26,yRhin7unPeI,これが恐らくビーフ最後の輝きでしょうね【龍が如く８外伝 Pirates in Hawaii】＃４１,UCZMRuagdTBKmmrFtSMN48Xw,牛沢,['Gaming'],131209,4362,0,442
2025-11-25 12:41:26,KDC-EOsNzAg,NCT DREAM 엔시티 드림 'Beat It Up' Dance Practice,UCXURHJRGr4-EB3l87kcbElw,NCT DREAM,['Music'],90444,16609,0,496
2025-11-25 12:41:26,MarWse2JmWU,【パチスロ生配信】今日も懲りずにまずはスマスロ北斗でコンプリート目指す！PACHINKO SLOT生放送パチンコパチスロ実戦！11/24,UCOVLrBaOiMH5QDKXTycZ8Pw,やっちゃんの崖っぷちスロパチ生活,['Gaming'],286108,3301,0,23
2025-11-25 12:41:26,QRTGKxrKBPM,インビジブル / 歌ってみた【あらき×榊ネス】,UCBhPDpv9JavoPADrZcsAC2A,あらき-ARAKI Official,['Music'],367773,36171,0,967
2025-11-25 12:41:26,XtTT5XdZVpw,シークレットな最終回※ちょっと動画長いよ【ゆっくり実況】,UCOjkVJQcjtWnpf0-1ft4brA,ゆっくりむちゃたぬき,['Gaming'],72656,3901,0,191
2025-11-25 12:41:26,0-74AHbFWic,＝LOVE（イコールラブ）/ 19th Single c/w『Queens』リハーサル定点映像 (from 8th ANNIVERSARY PREMIUM TOUR),UCv7VutirxDn3RWIJXI68n_A,＝LOVE（イコールラブ）公式チャンネル,['Entertainment'],129421,11023,0,617
2025-11-25 12:41:26,U7wDhVWgd5w,【Bloodstained: Curse of the Moon】？？？モード解放したい！斬月ソロでクリアめざすぞ！！【胡桃沢りりか】,UCYLp2FLXcqLUZhvrCxQmNIA,胡桃沢りりか,['Gaming'],49525,1080,0,3
2025-11-25 12:41:26,3rGi2kiSzkA,Re:Re: from NANO-MUGEN FES.2025 - 2025.06.01 at.K-Arena Yokohama,UC3J-txytRWiRtNXrLS95eEw,ASIAN KUNG-FU GENERATION Official YouTube Channel,['Music'],16839,1479,0,86
2025-11-25 12:41:26,gYEhRoknpZQ,【シャドバWB】愛知大会を〝ムゲン・ほーちゃんドラゴン〟1本で破壊してきた男の物語【Shadowverse: Worlds Beyond】,UCqeAYB1DMzfM-hG-Up52yNQ,つるおかかものはし,['Gaming'],86357,856,0,161
2025-11-25 12:41:26,4oml768wFnk,REAL,UC8eq3M3Yft3FUgxEX6lOZMg,chotokkyu - Topic,['Music'],31246,2952,0,153
2025-11-27 00:40:35,XILnJKGc0yo,INI｜'U MINE' Performance Video,UCc-itdQHxLvUlPrDxIiSJrA,INI,['Entertainment'],206330,19728,0,3482
2025-11-27 00:40:35,vIUORnIS_ug,ELDEN RING NIGHTREIGN The Forsaken Hollows | Scholar Character Trailer,UC_ntXHv-XdKCD7CPynVvnQw,Bandai Namco Entertainment America,['Gaming'],301227,13125,0,1007
2025-11-27 00:40:35,dIPZHyTBFz0,『ドラゴンクエストウォーク』の新情報をお届け「スマートウォーク」#131,UCtceiniicYEsbAVuWy-Bi0Q,ドラゴンクエストウォーク公式,['Gaming'],154261,1930,0,246
2025-11-27 00:40:35,b9z3Iaz5Zrc,ヤングスキニー - るっせぇ女【Official Music Video】,UCcg_rvE-fU2tATMwBAxW9bA,ヤングスキニー,['Music'],84515,5420,0,298
2025-11-27 00:40:35,8gAg9uDn2Oo,体力と手持ちが共有の世界で全員合流するまで終われません！ミニミニ編【マイクラ】,UCj4PjeVMnNTHIR5EeoNKPAw,ドズル社,['Gaming'],217080,10104,0,419
2025-11-27 00:40:35,StcmgD_0aRI,モニタリング Cover / Gero,UCFuugQScqDfJcsOEWbL1_tg,Gero Channel,['Music'],47667,8316,0,2289
2025-11-27 00:40:35,eLCjlEYBN3U,課金しまくって放射性ラッキーブロックを100個開けるロブロックス (Roblox),UC9Lx-zRFGfpuls27tNAOIqA,マエスケ,['Gaming'],274239,11975,0,958
2025-11-27 00:40:35,G36amiUCkXU,Juice=Juice『盛れ！ミ・アモーレ』(Concert 2025 Queen of Hearts Special Flush),UC6FadPgGviUcq6VQ0CEJqdQ,Juice=Juice,['Music'],390561,26922,0,4968
2025-11-27 00:40:35,Bj6tJxDPzoY,みんなでパンを作って1か所に合流しよう!!(ただし100人に邪魔されながら)【マインクラフト】,UClNdVSK1uy2xFHTaXZYXopw,らっだぁ,['Gaming'],149902,8420,0,263
2025-11-27 00:40:35,Am2ElEWNvTY,LEX - 完璧だ (Music Video),UCeTo4Eh0TzpKbUL4vGQZ73A,LEX *,['People & Blogs'],22208,2156,0,151
2025-11-27 00:40:35,kSmHmdAnDYc,【原神】限定★５「ドゥリン」は強いのか？先行解説します。性能/武器/聖遺物/PT編成/凸orモチーフ…全てが分かる！,UCjJmYy279ehSYSwR1A3fXtA,マグロヘッド,['Gaming'],170407,5669,0,738
2025-11-27 00:40:35,TVqEwvbZP30,RIIZE 라이즈 'Fame' MV,UCEf_Bc-KVd7onSeifS3py9g,SMTOWN,['Music'],4403629,104196,0,9909
2025-11-27 00:40:35,SnCG-_lf74w,今までで一番怖いスーパーマーケット経営『 HELLMART 』,UCMJiPpN_09F0aWpQrgbc_qg,キヨ。,['Gaming'],751918,21050,0,1011
2025-11-27 00:40:35,JkKNqaEl9Aw,"NEXZ(넥스지) ""Legacy"" Performance Video",UCaO6TYtlC8U5ttz62hTrZgg,JYP Entertainment,['Music'],213512,19272,0,1750
2025-11-27 00:40:35,LcpCd9VXGjE,【パチスロ生配信】今日もヴァル2や!!そろそろ高設定台を打ちたい!!【革命機ヴァルヴレイヴ2】,UCdCC1L_OxLrkoEjR19iXpRw,パチスロードch,['Entertainment'],332968,1574,0,0
2025-11-27 00:40:35,ES9oYbzYCh8,ILLIT (아일릿) 'NOT CUTE ANYMORE’ Performance Film,UC3IZKseVpdzPSBaWxBxundA,HYBE LABELS,['Music'],100258,24886,0,1059
2025-11-27 00:40:35,DyINvuS9P34,最強のマシンを進化させるマインクラフト【 マイクラ / マインクラフト 】,UCHazKLThRbMyMFu2bVAKhng,ウォーターチャレンジ,['Gaming'],150183,2140,0,48
2025-11-27 00:40:35,ScutqxM3z_s,Hi-STANDARD - Our Song - OFFICIAL MUSIC VIDEO,UCrQUlOEbu-0T0l4DAcBEeIg,pizzaofdeathofficial,['Music'],169905,7977,0,456
2025-11-27 00:40:35,2j2jXv6Juxc,初心者 vs. プロ：最強のピリジャー刑務所作り対決,UCM3yhFc0-fBFuvqx1Vg2YNQ,まいぜんシスターズ,['Gaming'],107856,1865,0,68
2025-11-27 00:40:35,hcJEQXJIALo,ONE N' ONLY／ “RIDE” Music Video,UC8Qwnts13zIh2EYUCau6m3w,ONE N' ONLY TV,['Entertainment'],15576,3006,0,492
2025-11-27 00:40:35,xjUPVppl1DI,4人で協力して本格的な殺人事件を解決に導く『The Case of the Golden Idol』,UCPVr7clenPjpD7WNsSI3UBQ,レトルト,['Gaming'],534036,10019,0,426
2025-11-27 00:40:35,5-o_tvuKSfM,【Official】Uru 「愛」,UCdPCarwi28K5Z7s5l2nMiLw,Uru Official YouTube Channel,['Music'],26408,2621,0,121
2025-11-27 00:40:35,tLBq_jH5FDI,"【㊗️ 6周年】""""ポケモン剣盾""""のハイレベルすぎる神試合が激アツすぎたwww【対戦者本人解説あり】",UCmnZL4tFRl4sm-uJOxTLHmg,今日ポケch.,['Gaming'],54124,1173,0,128
2025-11-27 00:40:35,CZP11p3DklQ,軌跡,UC8_Ag6BVp43Vmrx6eillK9g,Vaundy - Topic,['Music'],80916,3009,0,130
2025-11-27 00:40:35,w0ZQp2CmHHw,庭を埋め尽くす大量の落ち葉を掃除するゲーム,UChn5TjkeEqd-JxzizMVSkOw,ハヤトの野望,['Gaming'],69541,1704,0,175
2025-11-27 00:40:35,CO0MSU3fqAQ,NiziU 「♡Emotion」 FanCam – MIIHI ver -,UCHp2q2i85qt_9nn2H7AvGOw,NiziU Official,['Entertainment'],8343,1753,0,107
2025-11-27 00:40:35,3-caLm2c1XI,これがエスペランサの財宝だ！！【龍が如く８外伝 Pirates in Hawaii】＃４３,UCZMRuagdTBKmmrFtSMN48Xw,牛沢,['Gaming'],93418,3432,0,448
2025-11-27 00:40:35,b1OwvLh8HnU,FMP,UCMR5xpbhv3jzIQG1TOTg-Jg,B'z - Topic,['Music'],14512,314,0,7
2025-11-27 00:40:35,nzbbL07maKA,【Among Us#304】ここが地獄ですか？超波動砲にロケットに人外が跋扈するアモングアス【ゆっくり実況】,UCy0DH4rgPPjDWVZO7wibcSQ,めめんともり,['Gaming'],101171,6059,0,256
2025-11-27 00:40:35,kux5GmbZhVg,メロリ,UCpYHkc4rzWEW7iVXIyxQebA,Hey! Say! JUMP - Topic,['Music'],12410,837,0,18
2025-11-27 00:40:35,Em805jfRVXs,唯一無二すぎるプレイヤーと対戦し、そのスタイルに感動すら覚えるカワノ【スト6】,UCzRzPAT-AjlPyec5yXG974g,カワノKawano,['Gaming'],225147,4498,0,531
2025-11-27 00:40:35,Iz7mRKij2ao,GLAY「Dead Or Alive」 / アニメ『終末のワルキューレIII』オープニングテーマ Teaser2,UC1DqlLj1onQhBfxW81OgQTw,GLAY,['Entertainment'],6138,509,0,20
2025-11-27 00:40:35,rOZV4RZrA3A,【今年−304万】東京喰種パチンコライブ配信,UCYe_uTI6X6mm9qaXm8iWFDg,ノッチ配信者パチンコライブ,['Entertainment'],201367,2078,0,6
2025-11-27 00:40:35,Kc7TkgWiWrc,Kiseki No Younakoto,UCof7dOTnyxaidkKkcIFuflQ,Mone Kamishiraishi - Topic,['Music'],25153,908,0,34
2025-11-27 00:40:35,qUgLxkENl6c,おかんの家は24時間後に消えます【まいくら / マインクラフト】,UCJy7zfLsKBXoo2soFMum7JQ,あかさかの箱,['Gaming'],88612,6128,0,310
2025-11-27 00:40:35,I52yC34Ji2k,YENA「STAR! (feat. Hatsune Miku)」 Music Video,UC4YT50DP7hbMsor8FmyEPMw,Victor Entertainment,['Music'],220417,34513,0,1398
2025-11-27 00:40:35,bZ2eyQcJ49o,"今までガチで使った事ない選手！！こんだけ課金してる俺がGET出来ない""この選手""とは！？【プロスピA】# 1757",UCy9GuRXGTm8TliQ-OJ7KwzA,【V.I.P】,['Gaming'],104072,2287,0,340
2025-11-27 00:40:35,VWg0218G38c,現在がとんでもなく悲惨な事になってるYouTuber4選,UCHvFSU5OP6c7QcJxIr87YtA,ウタエル Utael,['Entertainment'],22736,554,0,98
2025-11-27 00:40:35,ineS6XL0vc8,カオスを極める「カービィのエアライダー」が面白すぎる,UCc-PPk-lNe34JaWCcJQCL0g,ドコムスチャンネル,['Gaming'],54218,1773,0,71
2025-11-27 00:40:35,7bqePXphj2g,乃木坂46『夢の匂い』MUSIC VIDEO,UCUzpZpX2wRYOk3J8QTFGxDg,乃木坂46 OFFICIAL YouTube CHANNEL,['Music'],248800,17907,0,1539
2025-11-27 00:40:35,WVVv8Uyok_U,サビ組さんにはよくしてもらってます｜ポケモンZA #20,UCMzLWawc9x3rUsqYDEfgqzA,ジャック・オ・蘭たん,['Gaming'],39311,3061,0,617
2025-11-27 00:40:35,JrI4_jUZe98,SEVENTEEN | THE SMURFS (세븐틴 | 스머프) Ver. '음악의 신' Official MV,UCfkXDY7vwkcJ8ddFGz8KusA,SEVENTEEN,['Music'],347931,60710,0,2060
2025-11-27 00:40:35,1wRkbauiGU8,２年前に舐めた女 vs ２年間舐められてた男の裁判を開幕します 懐クラフト #13,UCoQhX2O93MVTWfgIz-8wOmg,KUNの50人クラフト,['Gaming'],80591,2246,0,139
2025-11-27 00:40:35,dx4XsqUGm10,MAZZEL / Only You -Dance Practice-,UCMF_5h2OejEhVorTB02UUSg,MAZZEL,['Music'],188103,18039,0,1349
2025-11-27 00:40:35,KC0-vIj7piY,【念願】遂に決まる！ホロメンASMR品評会！#ラプ様4周年記念 【ラプラス・ダークネス/ホロライブ】,UCENwRMx5Yh42zWpzURebzTw,Laplus ch. ラプラス・ダークネス - holoX -,['Entertainment'],200065,17492,0,193
2025-11-27 00:40:35,T8w3L1rS3o4,澤野弘之『EARth』Music Video,UCpT4syVopfBl2bATVfAt65g,澤野弘之 / SawanoHiroyuki[nZk],['Music'],31164,2536,0,77
2025-11-27 00:40:35,oWv2PwrJkTM,【 Cut That Wire 】視聴者と言葉の要らない命の騙し合い！！！！！にぇ！？！？【ホロライブ/さくらみこ】,UC-hM6YJuNYVAmUWxeIr9FeA,Miko Ch. さくらみこ,['Gaming'],201621,10823,0,91
2025-11-27 00:40:35,j-8vLi2sMg0,【歌ってみた】星の消えた夜に / covered by Nornis【戌亥とこ/町田ちま/にじさんじ】,UCxWcO9CLti4uouUIS5IIF-Q,Nornis,['Music'],62389,6342,0,83
2025-11-27 00:40:35,ST05E_5kn2E,負けたら自身の全財産公開を賭けた通帳カスタムで勝ったのは・・・【The k4sen Con 2025 DAY 3 Supported by ロリポップ！ for Gamers byGMOペパボ】,UChUjERVG8eKEAJSCef-tTmg,k4sen / かせん,['Gaming'],235830,4511,0,319
2025-11-27 00:40:35,Lj1Qi3-zQgg,あの娘は邪惡！,UC5nxCVEWQLLfkPuMylpkYkA,ロス,['Entertainment'],10310,3002,0,119
2025-11-26 05:42:09,XILnJKGc0yo,INI｜'U MINE' Performance Video,UCc-itdQHxLvUlPrDxIiSJrA,INI,['Entertainment'],127296,16740,0,2981
2025-11-26 05:42:09,vIUORnIS_ug,ELDEN RING NIGHTREIGN The Forsaken Hollows | Scholar Character Trailer,UC_ntXHv-XdKCD7CPynVvnQw,Bandai Namco Entertainment America,['Gaming'],147749,9691,0,813
2025-11-26 05:42:09,SnCG-_lf74w,今までで一番怖いスーパーマーケット経営『 HELLMART 』,UCMJiPpN_09F0aWpQrgbc_qg,キヨ。,['Gaming'],430423,15153,0,824
2025-11-26 05:42:09,G36amiUCkXU,Juice=Juice『盛れ！ミ・アモーレ』(Concert 2025 Queen of Hearts Special Flush),UC6FadPgGviUcq6VQ0CEJqdQ,Juice=Juice,['Music'],292098,24213,0,4295
2025-11-26 05:42:09,vMg1KAFAKiY,'이게 맞아?! 시즌2' Main Trailer,UCLkAepWjdylmXSltofFvsYQ,BANGTANTV,['Music'],941769,162976,0,8746
2025-11-26 05:42:09,xjUPVppl1DI,4人で協力して本格的な殺人事件を解決に導く『The Case of the Golden Idol』,UCPVr7clenPjpD7WNsSI3UBQ,レトルト,['Gaming'],332703,7512,0,332
2025-11-26 05:42:09,TVqEwvbZP30,RIIZE 라이즈 'Fame' MV,UCEf_Bc-KVd7onSeifS3py9g,SMTOWN,['Music'],1673304,95926,0,8401
2025-11-26 05:42:09,miySB69T1xw,隠れる場所から作れ！大人たちのガチかくれんぼ【マイクラ】,UCj4PjeVMnNTHIR5EeoNKPAw,ドズル社,['Gaming'],253982,9070,0,386
2025-11-26 05:42:09,b9z3Iaz5Zrc,ヤングスキニー - るっせぇ女【Official Music Video】,UCcg_rvE-fU2tATMwBAxW9bA,ヤングスキニー,['Music'],19831,2229,0,191
2025-11-26 05:42:09,ST05E_5kn2E,負けたら自身の全財産公開を賭けた通帳カスタムで勝ったのは・・・【The k4sen Con 2025 DAY 3 Supported by ロリポップ！ for Gamers byGMOペパボ】,UChUjERVG8eKEAJSCef-tTmg,k4sen / かせん,['Gaming'],170949,3466,0,273
2025-11-26 05:42:09,x_RYZsOfpKY,ILLIT (아일릿) 'NOT CUTE ANYMORE’ Official MV,UC3IZKseVpdzPSBaWxBxundA,HYBE LABELS,['Music'],6538809,259961,0,16536
2025-11-26 05:42:09,fiSsGbfus6I,うんこちゃんのイナズマイレブン 英雄たちのヴィクトリーロード 実況プレイPart4※ネタバレ注意,UCx1nAvtVDIsaGmCMSe8ofsQ,加藤純一【jun channel】,['Gaming'],213072,1793,0,1132
2025-11-26 05:42:09,ScutqxM3z_s,Hi-STANDARD - Our Song - OFFICIAL MUSIC VIDEO,UCrQUlOEbu-0T0l4DAcBEeIg,pizzaofdeathofficial,['Music'],90538,5727,0,350
2025-11-26 05:42:09,z-aco1hi0Iw,新キャラくま＆ボニー100レべフルブ初見リーグ！最強火力のワンパンし放題！【バウンティラッシュ】,UCdkVEDVAW5aFmA-Mkz0lAFQ,ひたまゆ。,['Gaming'],124152,1528,0,250
2025-11-26 05:42:09,7bqePXphj2g,乃木坂46『夢の匂い』MUSIC VIDEO,UCUzpZpX2wRYOk3J8QTFGxDg,乃木坂46 OFFICIAL YouTube CHANNEL,['Music'],215434,16553,0,1455
2025-11-26 05:42:09,fCDvm0Y3qkw,【 GTAV 】歌鬼ごっこ‼１曲歌い終わるまでリスナーから逃げ切れええええええええ‼🔥【ホロライブ/さくらみこ】,UC-hM6YJuNYVAmUWxeIr9FeA,Miko Ch. さくらみこ,['Gaming'],263682,14455,0,119
2025-11-26 05:42:09,llAI08UYyAw,"Stray Kids ""Do It (Overdrive Version)"" M/V",UCaO6TYtlC8U5ttz62hTrZgg,JYP Entertainment,['Music'],2203640,323692,0,10347
2025-11-26 05:42:09,hn17tmdaAzQ,「ストリートファイターリーグ: Pro-JP 2025」Division F 第10節　☆☆18時40分より初心者必見！SFリーグ: ウォームアップ☆☆,UCu2Fxqf37DAZ0ZhIsd1FZwA,Capcom Fighters JP,['Gaming'],645701,6185,0,56
2025-11-26 05:42:09,dx4XsqUGm10,MAZZEL / Only You -Dance Practice-,UCMF_5h2OejEhVorTB02UUSg,MAZZEL,['Music'],154606,17077,0,1286
2025-11-26 05:42:09,ITQYMtkP23E,【パチスロ生配信】前日出てるラス1ヴヴヴ2で勝負っ!!【革命機ヴァルヴレイヴ2】,UCdCC1L_OxLrkoEjR19iXpRw,パチスロードch,['Entertainment'],289443,1385,0,0
2025-11-26 05:42:09,4Xt_hR0KNvY,IS:SUE (イッシュ) 'Super Luna' Performance Video,UCqKNMJ5s_vsf7WkesdBrvQA,IS:SUE,['Music'],121135,10705,0,2006
2025-11-26 05:42:09,6ixvIIIxwlk,【深夜にパチ配信】東京グールとかのかりとエヴァ15って本当に継続率合ってる？生実践LIVE！パチスロパチンコライブ,UCDhOdoqPxv96djR3tSq9NoA,ショコラ大佐の秘密基地,['Entertainment'],103122,1068,0,0
2025-11-26 05:42:09,gSXQd_5ht0E,【DANCE VIDEO】君セン！ / iLiFE! 【振り動画】,UChVflUz2J_jaaqYjXqvpmQA,iLiFE!【あいらいふ】,['Music'],468169,21940,0,1022
2025-11-26 05:42:09,dmBAMwBBxoM,いいんですか？こんな神イベント｜ポケモンZA #19,UCMzLWawc9x3rUsqYDEfgqzA,ジャック・オ・蘭たん,['Gaming'],66161,2777,0,297
2025-11-26 05:42:09,JrI4_jUZe98,SEVENTEEN | THE SMURFS (세븐틴 | 스머프) Ver. '음악의 신' Official MV,UCfkXDY7vwkcJ8ddFGz8KusA,SEVENTEEN,['Music'],138349,30878,0,1481
2025-11-26 05:42:09,e0okJjgNTl0,【今年−294万】エヴァンゲリオン未来への咆哮パチンコライブ配信,UCYe_uTI6X6mm9qaXm8iWFDg,ノッチ配信者パチンコライブ,['Entertainment'],290664,2706,0,5
2025-11-26 05:42:09,eHmQ_b0LkUA,"Stray Kids ""Do It (Turbo Version)"" Lyric Visualizer",UC9rMiEjNaCSsebs31MRDCRA,Stray Kids,['Music'],297489,76668,0,3083
2025-11-26 05:42:09,xx3ZTvOhNoM,【#8】ゼルダの伝説 神々のトライフォース：The Legend of Zelda: A Link to the Past【ホロライブ/大空スバル】,UCvzGlP9oQwU--Y0r9id_jnA,Subaru Ch. 大空スバル,['Gaming'],197928,7661,0,41
2025-11-26 05:42:09,j-8vLi2sMg0,【歌ってみた】星の消えた夜に / covered by Nornis【戌亥とこ/町田ちま/にじさんじ】,UCxWcO9CLti4uouUIS5IIF-Q,Nornis,['Music'],31167,4374,0,69
2025-11-26 05:42:09,aHKMl9HVqZQ,究極の財宝【龍が如く８外伝 Pirates in Hawaii】＃４２,UCZMRuagdTBKmmrFtSMN48Xw,牛沢,['Gaming'],101135,3432,0,308
2025-11-26 05:42:09,Gln8wDtITJ4,Kay-on - SHIN GODZILLA (Official Video),UCdszfKemUn36sOEplfkiGVQ,GPV LABEL,['Music'],26578,1822,0,161
2025-11-26 05:42:09,iKVcCmyqoik,『刀剣乱舞ONLINE』新刀剣男士 三郎国宗(さぶろうくにむね) 登場！,UC56x--_QtyaWD1QptYrPMqA,刀剣乱舞 公式チャンネル,['Gaming'],71571,5155,0,199
2025-11-26 05:42:09,MRYXsF2lblY,RIIZE 'Sticky Like' (Official Audio),UCdVD0MsYecQaIE5Ru-pOIQQ,RIIZE,['Music'],175328,17496,0,959
2025-11-26 05:42:09,BsyEN86cR0U,プロジェクトセカイ プロセカ放送局 #26,UCdMGYXL38w6htx6Yf9YJa-w,プロジェクトセカイ カラフルステージ! feat. 初音ミク,['Gaming'],221284,6965,0,59
2025-11-26 05:42:09,I52yC34Ji2k,YENA「STAR! (feat. Hatsune Miku)」 Music Video,UC4YT50DP7hbMsor8FmyEPMw,Victor Entertainment,['Music'],33192,9728,0,611
2025-11-26 05:42:09,P0OLVEm0pfM,【実機配信】 ＣＲぱちんこ仮面ライダーＶ3 #パチンコ実機 #仮面ライダーv3,UCx-QS9BIo_L_lx5dkpys1qw,ねこまんまのパチ•チャンネル,['Entertainment'],65616,193,0,0
2025-11-26 05:42:09,qEGsMTo-adg,アンジュルム『午後3時スクランブル』～Dance Practice Ver.～,UCDwcZ85zjLKD-3-jqlv1wQQ,アンジュルム,['Music'],17152,1598,0,191
2025-11-26 05:42:09,Zvh5BE2Guik,【ARC Raiders】Imagine / 想像してごらん【ホロライブ/兎田ぺこら】,UC1DCedRgGHBdm81E1llLhOQ,Pekora Ch. 兎田ぺこら,['Gaming'],240975,10523,0,134
2025-11-26 05:42:09,HP8qpxRpIW8,NOT CUTE ANYMORE,UCNVIo0UJXTdEnsRkCB9Q03w,ILLIT - Topic,['Music'],416868,23122,0,865
2025-11-26 05:42:09,DSPV0RT3BJI,超ドラゴンクエストXTV #55 バージョン7.6[前期]最新情報,UC6SmH9mR82nj28_NNg_rZvA,スクウェア・エニックス,['Gaming'],65659,,0,
2025-11-26 05:42:09,L6tkKvVCs0Y,【MV】どーでもいいよ／まふまふ,UCOTR1tcOAhjgi6YukrPpZxg,まふまふちゃんねる,['Music'],121571,12323,0,563
2025-11-26 05:42:09,Gth1zEFH2TM,タグNXで『もあ』『B!KZO』とプルス戦に挑むNX☆くさあん【切り抜き】【マリオカート ワールド】,UCL7VEatXa9yBCKeM-ww8TnA,NX☆くさあん,['Gaming'],68225,1598,0,47
2025-11-26 05:42:09,OWpLhNyqeqg,Novelbright - 夢花火 [Official Live Video],UCIJAlAYCNN8RACtDDsy9K6g,Novelbright,['Music'],58859,4384,0,417
2025-11-26 05:42:09,GJMOK14mB2c,全員の物資を蓄えてた馬鹿を制裁します 懐クラフト #12,UCoQhX2O93MVTWfgIz-8wOmg,KUNの50人クラフト,['Gaming'],91679,2410,0,137
2025-11-26 05:42:09,NIGA89HGTBU,'Talk to You' Performance Video | NO LABELS: PART 01 | 연준 (YEONJUN),UCtiObj3CsEAdNU6ZPWDsddQ,TOMORROW X TOGETHER OFFICIAL,['Music'],60660,15096,0,782
2025-11-26 05:42:09,NkHjY_EaCgY,遂に完成した歴代最強マンチェスターユナイテッドスカッドが強すぎて魔王【eFootball2026アプリ】,UC070fhnqq38qNhqHm5rxTcQ,令和ちゃんねる,['Gaming'],65821,1232,0,89
2025-11-26 05:42:09,eWetBwa4vVI,Jinmenusagi - NEET (Official Video),UCC4xWbcBVn-tHgchhrdmFpg,Jinmenusagi,['Music'],18605,1603,0,107
2025-11-26 05:42:09,6kWw9Nn4dIY,【Shadow Corridor】三姉妹ホラーゲーム実況【第二夜 -ヒグラシの回廊-】,UCAWxPGGuIfWME2KTLUmSCHw,ぱかチューブっ!【ウマ娘公式】,['Gaming'],79983,4651,0,285
2025-11-26 05:42:09,CZP11p3DklQ,軌跡,UC8_Ag6BVp43Vmrx6eillK9g,Vaundy - Topic,['Music'],9147,819,0,64
2025-11-26 05:42:09,A3Ki9cI9T9w,任天堂とファンが激怒...新作エアライダーにコックカワサキマイクロビキニという謎のミームが登場して海外でもニュースに/コエテクさんがライザのASMRを販売して爆売れ/チーターを晒し首にした運営が話題に,UCWvr04hMa4k4wSilYcQ4qoA,キャベツの人【ゲーム紹介】,['Gaming'],56760,1547,0,376
2025-11-27 05:35:07,b9z3Iaz5Zrc,ヤングスキニー - るっせぇ女【Official Music Video】,UCcg_rvE-fU2tATMwBAxW9bA,ヤングスキニー,['Music'],100429,5643,0,302
2025-11-27 05:35:07,vIUORnIS_ug,ELDEN RING NIGHTREIGN The Forsaken Hollows | Scholar Character Trailer,UC_ntXHv-XdKCD7CPynVvnQw,Bandai Namco Entertainment America,['Gaming'],316416,13461,0,1025
2025-11-27 05:35:07,dIPZHyTBFz0,『ドラゴンクエストウォーク』の新情報をお届け「スマートウォーク」#131,UCtceiniicYEsbAVuWy-Bi0Q,ドラゴンクエストウォーク公式,['Gaming'],172923,2008,0,253
2025-11-27 05:35:07,XILnJKGc0yo,INI｜'U MINE' Performance Video,UCc-itdQHxLvUlPrDxIiSJrA,INI,['Entertainment'],215220,19852,0,3507
2025-11-27 05:35:07,8gAg9uDn2Oo,体力と手持ちが共有の世界で全員合流するまで終われません！ミニミニ編【マイクラ】,UCj4PjeVMnNTHIR5EeoNKPAw,ドズル社,['Gaming'],275525,10822,0,440
2025-11-27 05:35:07,StcmgD_0aRI,モニタリング Cover / Gero,UCFuugQScqDfJcsOEWbL1_tg,Gero Channel,['Music'],79852,9144,0,2387
2025-11-27 05:35:07,eLCjlEYBN3U,課金しまくって放射性ラッキーブロックを100個開けるロブロックス (Roblox),UC9Lx-zRFGfpuls27tNAOIqA,マエスケ,['Gaming'],290717,12130,0,967
2025-11-27 05:35:07,VWg0218G38c,現在がとんでもなく悲惨な事になってるYouTuber4選,UCHvFSU5OP6c7QcJxIr87YtA,ウタエル Utael,['Entertainment'],78120,887,0,171
2025-11-27 05:35:07,Bj6tJxDPzoY,みんなでパンを作って1か所に合流しよう!!(ただし100人に邪魔されながら)【マインクラフト】,UClNdVSK1uy2xFHTaXZYXopw,らっだぁ,['Gaming'],189206,9017,0,281
2025-11-27 05:35:07,Am2ElEWNvTY,LEX - 完璧だ (Music Video),UCeTo4Eh0TzpKbUL4vGQZ73A,LEX *,['People & Blogs'],40934,2629,0,162
2025-11-27 05:35:07,kSmHmdAnDYc,【原神】限定★５「ドゥリン」は強いのか？先行解説します。性能/武器/聖遺物/PT編成/凸orモチーフ…全てが分かる！,UCjJmYy279ehSYSwR1A3fXtA,マグロヘッド,['Gaming'],200978,5985,0,764
2025-11-27 05:35:07,ES9oYbzYCh8,ILLIT (아일릿) 'NOT CUTE ANYMORE’ Performance Film,UC3IZKseVpdzPSBaWxBxundA,HYBE LABELS,['Music'],253944,41782,0,1428
2025-11-27 05:35:07,SnCG-_lf74w,今までで一番怖いスーパーマーケット経営『 HELLMART 』,UCMJiPpN_09F0aWpQrgbc_qg,キヨ。,['Gaming'],817274,21542,0,1024
2025-11-27 05:35:07,G36amiUCkXU,Juice=Juice『盛れ！ミ・アモーレ』(Concert 2025 Queen of Hearts Special Flush),UC6FadPgGviUcq6VQ0CEJqdQ,Juice=Juice,['Music'],407594,27164,0,5045
2025-11-27 05:35:07,S0UEqkus7FA,【ミメシス】声と行動を真似するニセモノに騙されないように生き残る！！ぺこ！【ホロライブ/兎田ぺこら】,UC1DCedRgGHBdm81E1llLhOQ,Pekora Ch. 兎田ぺこら,['Gaming'],288328,11860,0,184
2025-11-27 05:35:07,hcJEQXJIALo,ONE N' ONLY／ “RIDE” Music Video,UC8Qwnts13zIh2EYUCau6m3w,ONE N' ONLY TV,['Entertainment'],21420,3229,0,521
2025-11-27 05:35:07,LcpCd9VXGjE,【パチスロ生配信】今日もヴァル2や!!そろそろ高設定台を打ちたい!!【革命機ヴァルヴレイヴ2】,UCdCC1L_OxLrkoEjR19iXpRw,パチスロードch,['Entertainment'],333758,1573,0,0
2025-11-27 05:35:07,5-o_tvuKSfM,【Official】Uru 「愛」,UCdPCarwi28K5Z7s5l2nMiLw,Uru Official YouTube Channel,['Music'],38798,2999,0,129
2025-11-27 05:35:07,tLBq_jH5FDI,"【㊗️ 6周年】""""ポケモン剣盾""""のハイレベルすぎる神試合が激アツすぎたwww【対戦者本人解説あり】",UCmnZL4tFRl4sm-uJOxTLHmg,今日ポケch.,['Gaming'],79971,1302,0,140
2025-11-27 05:35:07,JkKNqaEl9Aw,"NEXZ(넥스지) ""Legacy"" Performance Video",UCaO6TYtlC8U5ttz62hTrZgg,JYP Entertainment,['Music'],240904,19897,0,1775
2025-11-27 05:35:07,w0ZQp2CmHHw,庭を埋め尽くす大量の落ち葉を掃除するゲーム,UChn5TjkeEqd-JxzizMVSkOw,ハヤトの野望,['Gaming'],103417,1931,0,194
2025-11-27 05:35:07,TVqEwvbZP30,RIIZE 라이즈 'Fame' MV,UCEf_Bc-KVd7onSeifS3py9g,SMTOWN,['Music'],4916239,105985,0,10311
2025-11-27 05:35:07,DyINvuS9P34,最強のマシンを進化させるマインクラフト【 マイクラ / マインクラフト 】,UCHazKLThRbMyMFu2bVAKhng,ウォーターチャレンジ,['Gaming'],153483,2153,0,49
2025-11-27 05:35:07,ScutqxM3z_s,Hi-STANDARD - Our Song - OFFICIAL MUSIC VIDEO,UCrQUlOEbu-0T0l4DAcBEeIg,pizzaofdeathofficial,['Music'],184364,8129,0,463
2025-11-27 05:35:07,2j2jXv6Juxc,初心者 vs. プロ：最強のピリジャー刑務所作り対決,UCM3yhFc0-fBFuvqx1Vg2YNQ,まいぜんシスターズ,['Gaming'],124368,1893,0,73
2025-11-27 05:35:07,tdYPGxusaYs,NiziU 「♡Emotion」 FanCam – MAYUKA ver -,UCHp2q2i85qt_9nn2H7AvGOw,NiziU Official,['Entertainment'],20644,2019,0,129
2025-11-27 05:35:07,WVVv8Uyok_U,サビ組さんにはよくしてもらってます｜ポケモンZA #20,UCMzLWawc9x3rUsqYDEfgqzA,ジャック・オ・蘭たん,['Gaming'],70871,3646,0,687
2025-11-27 05:35:07,CZP11p3DklQ,軌跡,UC8_Ag6BVp43Vmrx6eillK9g,Vaundy - Topic,['Music'],87196,3100,0,134
2025-11-27 05:35:07,3-caLm2c1XI,これがエスペランサの財宝だ！！【龍が如く８外伝 Pirates in Hawaii】＃４３,UCZMRuagdTBKmmrFtSMN48Xw,牛沢,['Gaming'],116437,3665,0,467
2025-11-27 05:35:07,Iz7mRKij2ao,GLAY「Dead Or Alive」 / アニメ『終末のワルキューレIII』オープニングテーマ Teaser2,UC1DqlLj1onQhBfxW81OgQTw,GLAY,['Entertainment'],8044,545,0,22
2025-11-27 05:35:07,xjUPVppl1DI,4人で協力して本格的な殺人事件を解決に導く『The Case of the Golden Idol』,UCPVr7clenPjpD7WNsSI3UBQ,レトルト,['Gaming'],574137,10239,0,432
2025-11-27 05:35:07,b1OwvLh8HnU,FMP,UCMR5xpbhv3jzIQG1TOTg-Jg,B'z - Topic,['Music'],15485,322,0,7
2025-11-27 05:35:07,OeMmb--HE6k,【MIMESIS】叶カンパニー、出勤します。【にじさんじ/ローレン・イロアス】,UCgmFrRcyH7d1zR9sIVQhFow,ローレン・イロアス / Lauren Iroas【にじさんじ】,['Gaming'],157119,4265,0,53
2025-11-27 05:35:07,kux5GmbZhVg,メロリ,UCpYHkc4rzWEW7iVXIyxQebA,Hey! Say! JUMP - Topic,['Music'],13750,862,0,19
2025-11-27 05:35:07,nzbbL07maKA,【Among Us#304】ここが地獄ですか？超波動砲にロケットに人外が跋扈するアモングアス【ゆっくり実況】,UCy0DH4rgPPjDWVZO7wibcSQ,めめんともり,['Gaming'],114889,6249,0,260
2025-11-27 05:35:07,T8w3L1rS3o4,澤野弘之『EARth』Music Video,UCpT4syVopfBl2bATVfAt65g,澤野弘之 / SawanoHiroyuki[nZk],['Music'],44661,2959,0,87
2025-11-27 05:35:07,Em805jfRVXs,唯一無二すぎるプレイヤーと対戦し、そのスタイルに感動すら覚えるカワノ【スト6】,UCzRzPAT-AjlPyec5yXG974g,カワノKawano,['Gaming'],247492,4715,0,554
2025-11-27 05:35:07,Kc7TkgWiWrc,Kiseki No Younakoto,UCof7dOTnyxaidkKkcIFuflQ,Mone Kamishiraishi - Topic,['Music'],26876,934,0,35
2025-11-27 05:35:07,BiiDN0zgJ2Q,【深夜にパチ配信】東京グールとかのかりとエヴァ15の継続率って本当に合ってますか？生実践LIVE！パチスロパチンコライブ,UCDhOdoqPxv96djR3tSq9NoA,ショコラ大佐の秘密基地,['Entertainment'],94665,722,0,0
2025-11-27 05:35:07,I52yC34Ji2k,YENA「STAR! (feat. Hatsune Miku)」 Music Video,UC4YT50DP7hbMsor8FmyEPMw,Victor Entertainment,['Music'],258508,38149,0,1501
2025-11-27 05:35:07,ineS6XL0vc8,カオスを極める「カービィのエアライダー」が面白すぎる,UCc-PPk-lNe34JaWCcJQCL0g,ドコムスチャンネル,['Gaming'],73714,1945,0,73
2025-11-27 05:35:07,AfKzB2lXo7I,SLAVE (Nissy Entertainment “Re:10th Anniversary Final” BEST DOME TOUR),UCkv76wCrBDQNn7ctcbn6Qeg,Nissy - Topic,['Music'],3468,311,0,27
2025-11-27 05:35:07,bZ2eyQcJ49o,"今までガチで使った事ない選手！！こんだけ課金してる俺がGET出来ない""この選手""とは！？【プロスピA】# 1757",UCy9GuRXGTm8TliQ-OJ7KwzA,【V.I.P】,['Gaming'],136809,2428,0,351
2025-11-27 05:35:07,Lj1Qi3-zQgg,あの娘は邪惡！,UC5nxCVEWQLLfkPuMylpkYkA,ロス,['Entertainment'],17113,3514,0,132
2025-11-27 05:35:07,jvrrjeAYtzs,【実機配信】仮面ライダーＶ３,UCx-QS9BIo_L_lx5dkpys1qw,ねこまんまのパチ•チャンネル,['Entertainment'],76130,232,0,0
2025-11-27 05:35:07,7bqePXphj2g,乃木坂46『夢の匂い』MUSIC VIDEO,UCUzpZpX2wRYOk3J8QTFGxDg,乃木坂46 OFFICIAL YouTube CHANNEL,['Music'],255880,18013,0,1548
2025-11-27 05:35:07,rOZV4RZrA3A,【今年−304万】東京喰種パチンコライブ配信,UCYe_uTI6X6mm9qaXm8iWFDg,ノッチ配信者パチンコライブ,['Entertainment'],203085,2085,0,6
2025-11-27 05:35:07,JrI4_jUZe98,SEVENTEEN | THE SMURFS (세븐틴 | 스머프) Ver. '음악의 신' Official MV,UCfkXDY7vwkcJ8ddFGz8KusA,SEVENTEEN,['Music'],372110,63036,0,2101
2025-11-27 05:35:07,qUgLxkENl6c,おかんの家は24時間後に消えます【まいくら / マインクラフト】,UCJy7zfLsKBXoo2soFMum7JQ,あかさかの箱,['Gaming'],90968,6170,0,316
2025-11-27 05:35:07,9jrVtT2nPgQ,【歌ってみた】革命道中 - アイナ・ジ・エンド covered by 明透,UCBLGjbYv6-xxju1i44RjnnA,明透 -ᴀsᴜ-,['Music'],22375,3676,0,93
2025-11-25 20:32:17,G36amiUCkXU,Juice=Juice『盛れ！ミ・アモーレ』(Concert 2025 Queen of Hearts Special Flush),UC6FadPgGviUcq6VQ0CEJqdQ,Juice=Juice,['Music'],222840,22450,0,3945
2025-11-25 20:32:17,vMg1KAFAKiY,'이게 맞아?! 시즌2' Main Trailer,UCLkAepWjdylmXSltofFvsYQ,BANGTANTV,['Music'],864105,155044,0,8404
2025-11-25 20:32:17,xjUPVppl1DI,4人で協力して本格的な殺人事件を解決に導く『The Case of the Golden Idol』,UCPVr7clenPjpD7WNsSI3UBQ,レトルト,['Gaming'],104182,4304,0,209
2025-11-25 20:32:17,TVqEwvbZP30,RIIZE 라이즈 'Fame' MV,UCEf_Bc-KVd7onSeifS3py9g,SMTOWN,['Music'],1012420,89925,0,7502
2025-11-25 20:32:17,SnCG-_lf74w,今までで一番怖いスーパーマーケット経営『 HELLMART 』,UCMJiPpN_09F0aWpQrgbc_qg,キヨ。,['Gaming'],116749,8469,0,565
2025-11-25 20:32:17,x_RYZsOfpKY,ILLIT (아일릿) 'NOT CUTE ANYMORE’ Official MV,UC3IZKseVpdzPSBaWxBxundA,HYBE LABELS,['Music'],5913617,240039,0,15492
2025-11-25 20:32:17,tXJJhKobuas,これまで培った知識と経験で解答せよ！LOL検定！【The k4sen Con 2025 DAY 3 Supported by ロリポップ！ for Gamers byGMOペパボ】,UChUjERVG8eKEAJSCef-tTmg,k4sen / かせん,['Gaming'],72991,1463,0,114
2025-11-25 20:32:17,XILnJKGc0yo,INI｜'U MINE' Performance Video,UCc-itdQHxLvUlPrDxIiSJrA,INI,['Entertainment'],44944,10832,0,2013
2025-11-25 20:32:17,fiSsGbfus6I,うんこちゃんのイナズマイレブン 英雄たちのヴィクトリーロード 実況プレイPart4※ネタバレ注意,UCx1nAvtVDIsaGmCMSe8ofsQ,加藤純一【jun channel】,['Gaming'],134430,1475,0,973
2025-11-25 20:32:17,llAI08UYyAw,"Stray Kids ""Do It (Overdrive Version)"" M/V",UCaO6TYtlC8U5ttz62hTrZgg,JYP Entertainment,['Music'],1880129,305242,0,10062
2025-11-25 20:32:17,z-aco1hi0Iw,新キャラくま＆ボニー100レべフルブ初見リーグ！最強火力のワンパンし放題！【バウンティラッシュ】,UCdkVEDVAW5aFmA-Mkz0lAFQ,ひたまゆ。,['Gaming'],58295,1138,0,209
2025-11-25 20:32:17,7bqePXphj2g,乃木坂46『夢の匂い』MUSIC VIDEO,UCUzpZpX2wRYOk3J8QTFGxDg,乃木坂46 OFFICIAL YouTube CHANNEL,['Music'],160191,14658,0,1309
2025-11-25 20:32:17,miySB69T1xw,隠れる場所から作れ！大人たちのガチかくれんぼ【マイクラ】,UCj4PjeVMnNTHIR5EeoNKPAw,ドズル社,['Gaming'],76038,4879,0,237
2025-11-25 20:32:17,dx4XsqUGm10,MAZZEL / Only You -Dance Practice-,UCMF_5h2OejEhVorTB02UUSg,MAZZEL,['Music'],130049,16379,0,1236
2025-11-25 20:32:17,iKVcCmyqoik,『刀剣乱舞ONLINE』新刀剣男士 三郎国宗(さぶろうくにむね) 登場！,UC56x--_QtyaWD1QptYrPMqA,刀剣乱舞 公式チャンネル,['Gaming'],34454,3906,0,164
2025-11-25 20:32:17,4Xt_hR0KNvY,IS:SUE (イッシュ) 'Super Luna' Performance Video,UCqKNMJ5s_vsf7WkesdBrvQA,IS:SUE,['Music'],84970,9362,0,1839
2025-11-25 20:32:17,ygIwtR2txaw,キモい顔を爆発させるバケモンに初見殺しされるらっだぁ【R.E.P.O.】,UClNdVSK1uy2xFHTaXZYXopw,らっだぁ,['Gaming'],228798,9619,0,243
2025-11-25 20:32:17,gSXQd_5ht0E,【DANCE VIDEO】君セン！ / iLiFE! 【振り動画】,UChVflUz2J_jaaqYjXqvpmQA,iLiFE!【あいらいふ】,['Music'],381341,21395,0,1004
2025-11-25 20:32:17,GJMOK14mB2c,全員の物資を蓄えてた馬鹿を制裁します 懐クラフト #12,UCoQhX2O93MVTWfgIz-8wOmg,KUNの50人クラフト,['Gaming'],48685,1842,0,115
2025-11-25 20:32:17,MRYXsF2lblY,RIIZE 'Sticky Like' (Official Audio),UCdVD0MsYecQaIE5Ru-pOIQQ,RIIZE,['Music'],156658,16871,0,926
2025-11-25 20:32:17,aHKMl9HVqZQ,究極の財宝【龍が如く８外伝 Pirates in Hawaii】＃４２,UCZMRuagdTBKmmrFtSMN48Xw,牛沢,['Gaming'],40846,2209,0,219
2025-11-25 20:32:17,eHmQ_b0LkUA,"Stray Kids ""Do It (Turbo Version)"" Lyric Visualizer",UC9rMiEjNaCSsebs31MRDCRA,Stray Kids,['Music'],150772,51983,0,2784
2025-11-25 20:32:17,-3TOkp_6gRQ,【#にじ遊戯王祭2025】にじさんじ遊戯王マスターデュエル祭 2025 Day3：星巡り杯 ～銀河の織姫決戦～,UCX7YkU9nEeaoZbkVLVajcMg,にじさんじ,['Gaming'],479807,9158,0,82
2025-11-25 20:32:17,HP8qpxRpIW8,NOT CUTE ANYMORE,UCNVIo0UJXTdEnsRkCB9Q03w,ILLIT - Topic,['Music'],317123,19478,0,805
2025-11-25 20:32:17,a72dN8ZWPWg,【は？】ありえないブレインロットを盗んでお金持ちになるロブロックス..【ROBLOX】,UCH4yRBPH2pDUjPeqomx8CTQ,てるとくん,['Gaming'],38804,2005,0,1325
2025-11-25 20:32:17,L6tkKvVCs0Y,【MV】どーでもいいよ／まふまふ,UCOTR1tcOAhjgi6YukrPpZxg,まふまふちゃんねる,['Music'],96646,11662,0,549
2025-11-25 20:32:17,cl-BT6bDxEI,TikTokで偽物つくられまくってブチギレてます,UCGjV4bsC43On-YuiLZcfL0w,KUN,['Gaming'],69799,2556,0,161
2025-11-25 20:32:17,ayjRv2g2UqY,ムカつく -another story- feat. 高梨小麻（CV：石見舞菜香）／HoneyWorks,UCAaGaynFpku5cAx6OOSrW-w,HoneyWorks OFFICIAL,['Music'],401518,18881,0,781
2025-11-25 20:32:17,2NKK6Mg27XI,ダイアリン エキシビション「返事はテキトー」 | ゼンレスゾーンゼロ,UCt09C9DPSuOGpHoitbcyCIQ,ゼンレスゾーンゼロ-ZZZ-公式,['Gaming'],98345,9510,0,371
2025-11-25 20:32:17,OWpLhNyqeqg,Novelbright - 夢花火 [Official Live Video],UCIJAlAYCNN8RACtDDsy9K6g,Novelbright,['Music'],44696,4049,0,395
2025-11-25 20:32:17,G7eh40XgTiw,【衝撃】ヤバすぎ、、おまけとして「キンギーニ」を付けて交換をしまくった結果、超激レアモンスターに遭遇してしまう、、【フォートナイト】【ゆっくり実況】【Switch】,UCp_Az_oKu8-J5qIQpF35JbA,やわらちゃんねる,['Gaming'],39932,893,0,119
2025-11-25 20:32:17,WsLcF1ojgFU,アンジュルム『トラブルメーカー』〜Dance Practice Ver.〜,UCDwcZ85zjLKD-3-jqlv1wQQ,アンジュルム,['Music'],32764,2639,0,369
2025-11-25 20:32:17,YMxjZF3gtoM,【Shadow Corridor】三姉妹ホラーゲーム実況【第一夜 -路地-】,UCAWxPGGuIfWME2KTLUmSCHw,ぱかチューブっ!【ウマ娘公式】,['Gaming'],207566,11782,0,694
2025-11-25 20:32:17,G_3xr5desOo,"EXILE ATSUSHI + AI（EXILE ATSUSHI LIVE TOUR 2025 ""Heart to Heart"" ～復活祭～）",UCN7_YMtKaUiizHpw77XLVcw,EXILE,['Music'],40052,2033,0,90
2025-11-25 20:32:17,qJvjFBhQ6vQ,一人で無限に攻めてくる敵を迎え撃つゲーム,UChn5TjkeEqd-JxzizMVSkOw,ハヤトの野望,['Gaming'],137607,1991,0,57
2025-11-25 20:32:17,8j4RM-bBYvA,福本大晴「すっぴんLOVE」（Music Video）YouTube Edition,UCXqWKjzm2YMH6Bs7rAmsKFw,福本大晴,['Entertainment'],13379,1120,0,371
2025-11-25 20:32:17,LxMaia85m5Y,家庭用ゲーム「鬼滅の刃 ヒノカミ血風譚2」「我妻善逸（無限城編）」キャラクターパック紹介映像,UC14QT5j2nQI8lKBCGtrrBQA,アニプレックス チャンネル,['Film & Animation'],89995,2712,0,114
2025-11-25 20:32:17,kCnD_dMyJ3M,The Bible of The “Eden”,UCZwcUEEjD8RVzB-TAw1ts3g,Eden - Topic,['Music'],60270,2378,0,0
2025-11-25 20:32:17,BNWYJZp2CbQ,新フェス限くまボニー&ベガパンク神引きすっぞ‼️【バウンティラッシュ】,UCUW6U6iOrntB0jw6-AbQo8g,RED Games,['Gaming'],43120,416,0,11
2025-11-25 20:32:17,s5dFrPwvbHY,‘있잖아' - BOYNEXTDOOR (보이넥스트도어) | DOORGROUND,UChhKBlh_wvspTh5n4mL0b5g,BOYNEXTDOOR,['Music'],132521,25799,0,1389
2025-11-25 20:32:17,6mP-mEHEQcw,日本人を狙う30人チーター中国クランを崩壊させてみた【RUST 実況】,UCXEo7JprZQGCPkezcZylHlQ,黒炭酸,['Gaming'],162057,8586,0,1206
2025-11-25 20:32:17,3rGi2kiSzkA,Re:Re: from NANO-MUGEN FES.2025 - 2025.06.01 at.K-Arena Yokohama,UC3J-txytRWiRtNXrLS95eEw,ASIAN KUNG-FU GENERATION Official YouTube Channel,['Music'],22600,1814,0,95
2025-11-25 20:32:17,IW_KV5nqWRI,【バウンティラッシュ】新フェス限くまボニー＆ベガ！即Lv100で強さ検証！,UC7aYDbAOIKIMt25ENfJ68Qw,ルカ,['Gaming'],39177,222,0,4
2025-11-25 20:32:17,cVL4bRjA6X0,Mili - Peach Pit and Cyanide,UCVh47EKH9VLresRqiYi9txw,Mili,['Music'],297107,32840,0,1214
2025-11-25 20:32:17,SWdjfMIkQCg,アザールが最強能力×モメンタムバーストで 頂点ST界の王に君臨しました【eFootball2026アプリ】,UC070fhnqq38qNhqHm5rxTcQ,令和ちゃんねる,['Gaming'],131494,2019,0,146
2025-11-25 20:32:17,tmVYOETfA10,"MAKE IT, BREAK IT",UC3VId8brfshtHO6gMMqnZ5A,FLOW GLOW - Topic,['Music'],33149,2880,0,79
2025-11-25 20:32:17,-dfR8iYqwK4,なんでこういう事するんや？初使用選手含む全員アニバーサリーの選手でリアタイしたら害悪プレイヤーに遭遇しました【プロスピA】# 1756,UCy9GuRXGTm8TliQ-OJ7KwzA,【V.I.P】,['Gaming'],164754,3152,0,464
2025-11-25 20:32:17,HQdJ8dMeCHM,【緊急】なぜ“最弱でない”エルフのみアッパー調整されたのか？【Shadowverse: Worlds Beyond】,UCqeAYB1DMzfM-hG-Up52yNQ,つるおかかものはし,['Gaming'],42134,442,0,551
2025-11-25 20:32:17,GxXpkps21Kc,最終回？【 ポケモンルビー 】チャンピオンダイゴ戦🔥みこちと金コイ伝説～最弱からみんなで最強に育てる旅～【ホロライブ/さくらみこ】,UC-hM6YJuNYVAmUWxeIr9FeA,Miko Ch. さくらみこ,['Gaming'],298431,12989,0,220
2025-11-25 20:32:17,j6TnwWfuf-I,紅茶、波動砲で７キルして一瞬で試合を終わらせる,UCFQu6Q-9LAS3KoEuRDNkzGA, ニート部,['Gaming'],20701,913,0,67
2025-11-27 23:20:10,ZOEZ_cRIkhY,STARGLOW / Moonchaser [BMSG FES'25] DAY1,UCKsVfYfguU3s5vMO5yhcWdw,STARGLOW Official,['Music'],75134,14996,0,1047
2025-11-27 23:20:10,NUSpibeVoO0,失われたチャプター: ユキの復讐 | ティザートレーラー,UCwF6o6cF7BMTY1-OZ7ZUY7Q,フォートナイト 公式,['Gaming'],32338,1049,0,98
2025-11-27 23:20:10,6yMFwpzbQCY,モンストニュース[11/27]モンストの最新情報をお届けします！【モンスト公式】,UCd9BXPj-KcMTh0HiB-Vlb8A,モンスト（モンスターストライク）公式,['Gaming'],411087,4232,0,256
2025-11-27 23:20:10,F3C87lOmZBM,RIIZE(라이즈) _ Fame | 1theKILLPO | 원더킬포 | 퍼포먼스 | Performance | 4K,UCqq-ovGE01ErlXakPihhKDA,1theK Originals - 원더케이 오리지널,['Entertainment'],106040,13685,0,1479
2025-11-27 23:20:10,wEKNPc0cm9Y,映画『ウィキッド 永遠の約束』本予告＜2026年3月6日(金)より、全国ロードショー！＞,UC9llDCAObCbGpsaa66fClKw,ユニバーサル・ピクチャーズ公式,['Film & Animation'],13703,586,0,
2025-11-27 23:20:10,8B2XU-fUS58,【777リーグ3rd】実戦バトル 第14回戦 (1/3) - 777.LEAGUE3rd【スリーセブンリーグ3rd】[髭原人/シーサ。/レビン/水樹あや],UC0wuDDYK-QTwneeZ6x6pPbw,777パチガブチャンネル,['Entertainment'],124438,2914,0,426
2025-11-27 23:20:10,ES9oYbzYCh8,ILLIT (아일릿) 'NOT CUTE ANYMORE’ Performance Film,UC3IZKseVpdzPSBaWxBxundA,HYBE LABELS,['Music'],579824,65295,0,1974
2025-11-27 23:20:10,Nxq6nJJVx5A,燃えろ早抜け選手権！【マイクラ】,UCj4PjeVMnNTHIR5EeoNKPAw,ドズル社,['Gaming'],145820,6785,0,236
2025-11-27 23:20:10,StcmgD_0aRI,モニタリング Cover / Gero,UCFuugQScqDfJcsOEWbL1_tg,Gero Channel,['Music'],131633,12376,0,2736
2025-11-27 23:20:10,o3PX7EjBjvg,50人クラフトBAN覚悟のガチなんでもバスケット,UCoQhX2O93MVTWfgIz-8wOmg,KUNの50人クラフト,['Gaming'],95193,3748,0,372
2025-11-27 23:20:10,VWg0218G38c,現在がとんでもなく悲惨な事になってるYouTuber4選,UCHvFSU5OP6c7QcJxIr87YtA,ウタエル Utael,['Entertainment'],128222,1554,0,274
2025-11-27 23:20:10,ckKFtSlZ5Lw,闘いの儀開始の宣言をしろ！磯野ぉ！【モンストニュース】,UCqfELxLmasBwYET4ZAMfMqA,がみくん,['Gaming'],95565,1367,0,334
2025-11-27 23:20:10,b9z3Iaz5Zrc,ヤングスキニー - るっせぇ女【Official Music Video】,UCcg_rvE-fU2tATMwBAxW9bA,ヤングスキニー,['Music'],143368,7113,0,331
2025-11-27 23:20:10,5eHGs7lX09s,うんこちゃんのイナズマイレブン 英雄たちのヴィクトリーロード 実況プレイPart5※ネタバレ注意,UCx1nAvtVDIsaGmCMSe8ofsQ,加藤純一【jun channel】,['Gaming'],141157,1445,0,1179
2025-11-27 23:20:10,Am2ElEWNvTY,LEX - 完璧だ (Music Video),UCeTo4Eh0TzpKbUL4vGQZ73A,LEX *,['People & Blogs'],83717,4336,0,235
2025-11-27 23:20:10,-DkSyDEQloM,機動戦士ガンダム エクストリームバーサス２ インフィニットブースト「イニブ情報局 ～TOKYO Showdown予選直前SP～」,UCJxxoli_XbupD8SK_TtytAQ,バンダイナムコ アミューズメントユニット公式チャンネル,['Gaming'],88894,,0,3
2025-11-27 23:20:10,AfKzB2lXo7I,SLAVE (Nissy Entertainment “Re:10th Anniversary Final” BEST DOME TOUR),UCkv76wCrBDQNn7ctcbn6Qeg,Nissy - Topic,['Music'],22384,952,0,53
2025-11-27 23:20:10,5m86CgLR0Fg,【マイクラ】ゾムも思わず突っ込む最弱の鬼シャオロンいきます【本気れんぼ】,UCsoW5-5KCPFAZwfGU-POUvA,まじめにヤバシティ,['Gaming'],68317,5509,0,204
2025-11-27 23:20:10,XILnJKGc0yo,INI｜'U MINE' Performance Video,UCc-itdQHxLvUlPrDxIiSJrA,INI,['Entertainment'],257909,20751,0,3732
2025-11-27 23:20:10,WT1LFvt07Gw,k4senの舌打ちから人狼が始まるマ農場【Farming Simulator 25】,UChUjERVG8eKEAJSCef-tTmg,k4sen / かせん,['Gaming'],66639,1635,0,52
2025-11-27 23:20:10,5UBc2gXGwKc,Seishun Rock 'n' roll,UC3PFoXZPFJGy9F4PG84nNQQ,Soala - Topic,['Music'],21606,297,0,9
2025-11-27 23:20:10,dIPZHyTBFz0,『ドラゴンクエストウォーク』の新情報をお届け「スマートウォーク」#131,UCtceiniicYEsbAVuWy-Bi0Q,ドラゴンクエストウォーク公式,['Gaming'],201976,2190,0,266
2025-11-27 23:20:10,hcJEQXJIALo,ONE N' ONLY／ “RIDE” Music Video,UC8Qwnts13zIh2EYUCau6m3w,ONE N' ONLY TV,['Entertainment'],45975,4002,0,583
2025-11-27 23:20:10,eLCjlEYBN3U,課金しまくって放射性ラッキーブロックを100個開けるロブロックス (Roblox),UC9Lx-zRFGfpuls27tNAOIqA,マエスケ,['Gaming'],462010,16523,0,1135
2025-11-27 23:20:10,5-o_tvuKSfM,【Official】Uru 「愛」,UCdPCarwi28K5Z7s5l2nMiLw,Uru Official YouTube Channel,['Music'],69734,4404,0,168
2025-11-27 23:20:10,6-9ej0ztMUA,【バッチ参戦でほぼカッパ!?】ビッグバンするまで終わらないネオプラ実戦　【新台の村田 with 松本バッチ】#ネオプラネット #JIRO　#松本バッチ,UCv0F5yCdnwnBTrcJO2Yr3lQ,きむちゃんねる,['Entertainment'],71634,639,0,60
2025-11-27 23:20:10,CXcBo03He2A,ミジ子の恋,UCDBdcJ3JIg2sjDg8QR3xp-g,Iyowa - Topic,['Music'],38318,4454,0,215
2025-11-27 23:20:10,y7XtQu1z9hw,かぐや様は告らせたい｜1GAMEてつの妖回胴中記# 336【パチスロ・スロット】,UCTgIFU4_hG6aA7VfWS8blQg,1GAME TV パチンコパチスロ実践動画,['Gaming'],47995,734,0,124
2025-11-27 23:20:10,G36amiUCkXU,Juice=Juice『盛れ！ミ・アモーレ』(Concert 2025 Queen of Hearts Special Flush),UC6FadPgGviUcq6VQ0CEJqdQ,Juice=Juice,['Music'],493702,29099,0,5699
2025-11-27 23:20:10,sEe1U-vDP5k,この界隈はもう熊とか虎じゃ驚かないんだから【龍が如く８外伝 Pirates in Hawaii】＃４４,UCZMRuagdTBKmmrFtSMN48Xw,牛沢,['Gaming'],72136,2818,0,236
2025-11-27 23:20:10,FuGOa47BBqg,Brand New Episode,UCy2IDlWr4fbdO2dbka98bSg,HACHI - Topic,['Music'],43229,1231,0,15
2025-11-27 23:20:10,SMAnw64aTXc,世界で８人しか貰えない契約書を開封！交換会に出す選手も今日発表します！！【プロスピA】# 1758,UCy9GuRXGTm8TliQ-OJ7KwzA,【V.I.P】,['Gaming'],83465,2267,0,1010
2025-11-27 23:20:10,tdYPGxusaYs,NiziU 「♡Emotion」 FanCam – MAYUKA ver -,UCHp2q2i85qt_9nn2H7AvGOw,NiziU Official,['Entertainment'],37040,2811,0,152
2025-11-27 23:20:10,Bj6tJxDPzoY,みんなでパンを作って1か所に合流しよう!!(ただし100人に邪魔されながら)【マインクラフト】,UClNdVSK1uy2xFHTaXZYXopw,らっだぁ,['Gaming'],263770,11564,0,313
2025-11-27 23:20:10,mdI6LWIe8Og,稲垣潤一 - クリスマスキャロルの頃には (2025.10.11 稲垣潤一コンサート2025  at 板橋区立文化会館),UCapLmxI6gv5WBd3N3sUVG8Q,稲垣潤一 Official,['Music'],5509,651,0,43
2025-11-27 23:20:10,4_l1VyTNzrs,【は？】怪しすぎるブレインロットを盗むサーバーに潜入するロブロックス..【ROBLOX】,UCH4yRBPH2pDUjPeqomx8CTQ,てるとくん,['Gaming'],67060,2337,0,1344
2025-11-27 23:20:10,Lj1Qi3-zQgg,あの娘は邪惡！,UC5nxCVEWQLLfkPuMylpkYkA,ロス,['Entertainment'],35477,5225,0,156
2025-11-27 23:20:10,OoLflKFs7YY,【MIMESIS】ヒトの言葉を学習して欺いてくるAIにビビりまくるフブぺこ奏ヴィヴィ【2025.11.26/ホロライブ切り抜き】,UCUbAVVpHteGtGQPPN9lM3oQ,ホロライブ切り抜き/なめたけ,['Entertainment'],113714,3045,0,295
2025-11-27 23:20:10,UiHPfikroWg,【緊急/新環境】シャドバに息苦しさ感じてる奴これ見ろ‼️クピタンえろすぎて胸が苦しくて窒息しそうだぞ‼️復帰しろ‼️【Shadowverse: Worlds Beyond】,UCqeAYB1DMzfM-hG-Up52yNQ,つるおかかものはし,['Gaming'],47380,807,0,299
2025-11-27 23:20:10,G_oNwC_PjfU,【原神】「強化ウェンティ」は強いのか？先行解説します。性能/武器/聖遺物/PT編成…全てが分かる！【魔導/上方修正】,UCjJmYy279ehSYSwR1A3fXtA,マグロヘッド,['Gaming'],99782,3102,0,356
2025-11-27 23:20:10,WVVv8Uyok_U,サビ組さんにはよくしてもらってます｜ポケモンZA #20,UCMzLWawc9x3rUsqYDEfgqzA,ジャック・オ・蘭たん,['Gaming'],145842,5562,0,827
2025-11-27 23:20:10,n7pO7F_kP0k,【原神】エピソード ドゥリン「家族への手紙」,UCAVR6Q0YgYa8xwz8rdg9Mrg,原神-Genshin-公式,['Gaming'],125328,16382,0,590
2025-11-27 23:20:10,ZjN51G8c5-k,【ドラクエウォーク】根絶やしの竜のソロ安定攻略法！1年前の覇権武器で楽勝でした！,UC9-yZkJfxtg6WNCX5mUQb0w,ノゴローチャンネル,['Gaming'],26009,610,0,21
2025-11-27 23:20:10,oYKdO-eEHg4,MAX80キロの投手がイーファスピッチを覚えたら魔球に!?  球速80キロの投手がクローザーを目指す物語#6【プロスピ2025】【アカgames】,UC5wr1qJKJOrHHK-haeZkfbg,アカgames,['Gaming'],39033,1076,0,204
2025-11-27 23:20:10,tGwT5DAU6-s,【MIMESIS】AIが仲間の声を学習し襲ってくる新感覚ホラゲで、本当の恐怖はオリジナル（本物）だと知るローレンたちwww【ローレン 叶カンパニー にじさんじ 切り抜き】,UC-UxhoAxlq57uZ8BA0b1Jyw,FPS切り抜きボット【ローレン・イロアス】,['Gaming'],76471,1383,0,20
2025-11-27 23:20:10,2j2jXv6Juxc,初心者 vs. プロ：最強のピリジャー刑務所作り対決,UCM3yhFc0-fBFuvqx1Vg2YNQ,まいぜんシスターズ,['Gaming'],249902,2915,0,108
2025-11-27 23:20:10,Z3CtHc6TEj8,"加藤純一、マリカで""リーヨ""され過ぎて切断【2025/11/25】",UCH-lygWpHodDff3iQurnWnQ,加藤純一切り抜き集,['Entertainment'],89689,879,0,539
2025-11-27 23:20:10,b29J1g4yWcs,KUNが参加勢だったらまず〇〇をする,UCGjV4bsC43On-YuiLZcfL0w,KUN,['Gaming'],89632,2911,0,250
2025-11-27 23:20:10,SnCG-_lf74w,今までで一番怖いスーパーマーケット経営『 HELLMART 』,UCMJiPpN_09F0aWpQrgbc_qg,キヨ。,['Gaming'],978463,24000,0,1126
2025-11-27 23:20:10,OWGd9sHxpvs,【複数視点】話題のAIホラゲで大爆笑ｗｗｗ【にじさんじ切り抜き/星川サラ/叶/ローレン・イロアス/樋口楓】,UCeuNlK0yX-6_4930q0JUGNw,白瀬,['Gaming'],116657,3221,0,95
2025-11-27 07:38:47,b9z3Iaz5Zrc,ヤングスキニー - るっせぇ女【Official Music Video】,UCcg_rvE-fU2tATMwBAxW9bA,ヤングスキニー,['Music'],101862,5728,0,303
2025-11-27 07:38:47,vIUORnIS_ug,ELDEN RING NIGHTREIGN The Forsaken Hollows | Scholar Character Trailer,UC_ntXHv-XdKCD7CPynVvnQw,Bandai Namco Entertainment America,['Gaming'],320733,13572,0,1030
2025-11-27 07:38:47,dIPZHyTBFz0,『ドラゴンクエストウォーク』の新情報をお届け「スマートウォーク」#131,UCtceiniicYEsbAVuWy-Bi0Q,ドラゴンクエストウォーク公式,['Gaming'],176552,2049,0,255
2025-11-27 07:38:47,XILnJKGc0yo,INI｜'U MINE' Performance Video,UCc-itdQHxLvUlPrDxIiSJrA,INI,['Entertainment'],216337,19951,0,3525
2025-11-27 07:38:47,8gAg9uDn2Oo,体力と手持ちが共有の世界で全員合流するまで終われません！ミニミニ編【マイクラ】,UCj4PjeVMnNTHIR5EeoNKPAw,ドズル社,['Gaming'],281303,11204,0,448
2025-11-27 07:38:47,VWg0218G38c,現在がとんでもなく悲惨な事になってるYouTuber4選,UCHvFSU5OP6c7QcJxIr87YtA,ウタエル Utael,['Entertainment'],84420,1021,0,188
2025-11-27 07:38:47,eLCjlEYBN3U,課金しまくって放射性ラッキーブロックを100個開けるロブロックス (Roblox),UC9Lx-zRFGfpuls27tNAOIqA,マエスケ,['Gaming'],293200,12781,0,982
2025-11-27 07:38:47,StcmgD_0aRI,モニタリング Cover / Gero,UCFuugQScqDfJcsOEWbL1_tg,Gero Channel,['Music'],82481,9441,0,2411
2025-11-27 07:38:47,Bj6tJxDPzoY,みんなでパンを作って1か所に合流しよう!!(ただし100人に邪魔されながら)【マインクラフト】,UClNdVSK1uy2xFHTaXZYXopw,らっだぁ,['Gaming'],193155,9289,0,284
2025-11-27 07:38:47,Am2ElEWNvTY,LEX - 完璧だ (Music Video),UCeTo4Eh0TzpKbUL4vGQZ73A,LEX *,['People & Blogs'],43015,2792,0,164
2025-11-27 07:38:47,kSmHmdAnDYc,【原神】限定★５「ドゥリン」は強いのか？先行解説します。性能/武器/聖遺物/PT編成/凸orモチーフ…全てが分かる！,UCjJmYy279ehSYSwR1A3fXtA,マグロヘッド,['Gaming'],204359,6150,0,775
2025-11-27 07:38:47,ES9oYbzYCh8,ILLIT (아일릿) 'NOT CUTE ANYMORE’ Performance Film,UC3IZKseVpdzPSBaWxBxundA,HYBE LABELS,['Music'],293118,45644,0,1506
2025-11-27 07:38:47,SnCG-_lf74w,今までで一番怖いスーパーマーケット経営『 HELLMART 』,UCMJiPpN_09F0aWpQrgbc_qg,キヨ。,['Gaming'],825141,21687,0,1028
2025-11-27 07:38:47,G36amiUCkXU,Juice=Juice『盛れ！ミ・アモーレ』(Concert 2025 Queen of Hearts Special Flush),UC6FadPgGviUcq6VQ0CEJqdQ,Juice=Juice,['Music'],409823,27259,0,5080
2025-11-27 07:38:47,S0UEqkus7FA,【ミメシス】声と行動を真似するニセモノに騙されないように生き残る！！ぺこ！【ホロライブ/兎田ぺこら】,UC1DCedRgGHBdm81E1llLhOQ,Pekora Ch. 兎田ぺこら,['Gaming'],292459,11968,0,196
2025-11-27 07:38:47,5-o_tvuKSfM,【Official】Uru 「愛」,UCdPCarwi28K5Z7s5l2nMiLw,Uru Official YouTube Channel,['Music'],40221,3120,0,135
2025-11-27 07:38:47,tLBq_jH5FDI,"【㊗️ 6周年】""""ポケモン剣盾""""のハイレベルすぎる神試合が激アツすぎたwww【対戦者本人解説あり】",UCmnZL4tFRl4sm-uJOxTLHmg,今日ポケch.,['Gaming'],82674,1381,0,146
2025-11-27 07:38:47,hcJEQXJIALo,ONE N' ONLY／ “RIDE” Music Video,UC8Qwnts13zIh2EYUCau6m3w,ONE N' ONLY TV,['Entertainment'],21959,3362,0,525
2025-11-27 07:38:47,w0ZQp2CmHHw,庭を埋め尽くす大量の落ち葉を掃除するゲーム,UChn5TjkeEqd-JxzizMVSkOw,ハヤトの野望,['Gaming'],107954,2013,0,196
2025-11-27 07:38:47,JkKNqaEl9Aw,"NEXZ(넥스지) ""Legacy"" Performance Video",UCaO6TYtlC8U5ttz62hTrZgg,JYP Entertainment,['Music'],247023,20110,0,1790
2025-11-27 07:38:47,LcpCd9VXGjE,【パチスロ生配信】今日もヴァル2や!!そろそろ高設定台を打ちたい!!【革命機ヴァルヴレイヴ2】,UCdCC1L_OxLrkoEjR19iXpRw,パチスロードch,['Entertainment'],333818,1573,0,0
2025-11-27 07:38:47,TVqEwvbZP30,RIIZE 라이즈 'Fame' MV,UCEf_Bc-KVd7onSeifS3py9g,SMTOWN,['Music'],5006720,106561,0,10434
2025-11-27 07:38:47,DyINvuS9P34,最強のマシンを進化させるマインクラフト【 マイクラ / マインクラフト 】,UCHazKLThRbMyMFu2bVAKhng,ウォーターチャレンジ,['Gaming'],154204,2257,0,49
2025-11-27 07:38:47,ScutqxM3z_s,Hi-STANDARD - Our Song - OFFICIAL MUSIC VIDEO,UCrQUlOEbu-0T0l4DAcBEeIg,pizzaofdeathofficial,['Music'],185581,8171,0,463
2025-11-27 07:38:47,WVVv8Uyok_U,サビ組さんにはよくしてもらってます｜ポケモンZA #20,UCMzLWawc9x3rUsqYDEfgqzA,ジャック・オ・蘭たん,['Gaming'],74608,3909,0,705
2025-11-27 07:38:47,tdYPGxusaYs,NiziU 「♡Emotion」 FanCam – MAYUKA ver -,UCHp2q2i85qt_9nn2H7AvGOw,NiziU Official,['Entertainment'],22215,2124,0,132
2025-11-27 07:38:47,2j2jXv6Juxc,初心者 vs. プロ：最強のピリジャー刑務所作り対決,UCM3yhFc0-fBFuvqx1Vg2YNQ,まいぜんシスターズ,['Gaming'],125234,1989,0,76
2025-11-27 07:38:47,CZP11p3DklQ,軌跡,UC8_Ag6BVp43Vmrx6eillK9g,Vaundy - Topic,['Music'],88047,3153,0,134
2025-11-27 07:38:47,3-caLm2c1XI,これがエスペランサの財宝だ！！【龍が如く８外伝 Pirates in Hawaii】＃４３,UCZMRuagdTBKmmrFtSMN48Xw,牛沢,['Gaming'],118867,3736,0,475
2025-11-27 07:38:47,AfKzB2lXo7I,SLAVE (Nissy Entertainment “Re:10th Anniversary Final” BEST DOME TOUR),UCkv76wCrBDQNn7ctcbn6Qeg,Nissy - Topic,['Music'],4038,408,0,33
2025-11-27 07:38:47,OeMmb--HE6k,【MIMESIS】叶カンパニー、出勤します。【にじさんじ/ローレン・イロアス】,UCgmFrRcyH7d1zR9sIVQhFow,ローレン・イロアス / Lauren Iroas【にじさんじ】,['Gaming'],160953,4364,0,56
2025-11-27 07:38:47,Iz7mRKij2ao,GLAY「Dead Or Alive」 / アニメ『終末のワルキューレIII』オープニングテーマ Teaser2,UC1DqlLj1onQhBfxW81OgQTw,GLAY,['Entertainment'],8298,565,0,23
2025-11-27 07:38:47,xjUPVppl1DI,4人で協力して本格的な殺人事件を解決に導く『The Case of the Golden Idol』,UCPVr7clenPjpD7WNsSI3UBQ,レトルト,['Gaming'],579541,10302,0,432
2025-11-27 07:38:47,b1OwvLh8HnU,FMP,UCMR5xpbhv3jzIQG1TOTg-Jg,B'z - Topic,['Music'],15719,334,0,7
2025-11-27 07:38:47,SzFd7Tmq7pU,【 Minecraft 】本番まであと３日！隠れオーナーつくる！！！- ラムベガス／LAMB VEGAS -【角巻わため/ホロライブ４期生】,UCqm3BQLlJfvkTsX_hvm0UmA,Watame Ch. 角巻わため,['Gaming'],177520,9633,0,34
2025-11-27 07:38:47,kux5GmbZhVg,メロリ,UCpYHkc4rzWEW7iVXIyxQebA,Hey! Say! JUMP - Topic,['Music'],13857,890,0,19
2025-11-27 07:38:47,nzbbL07maKA,【Among Us#304】ここが地獄ですか？超波動砲にロケットに人外が跋扈するアモングアス【ゆっくり実況】,UCy0DH4rgPPjDWVZO7wibcSQ,めめんともり,['Gaming'],116219,6410,0,262
2025-11-27 07:38:47,Lj1Qi3-zQgg,あの娘は邪惡！,UC5nxCVEWQLLfkPuMylpkYkA,ロス,['Entertainment'],18271,3680,0,137
2025-11-27 07:38:47,Em805jfRVXs,唯一無二すぎるプレイヤーと対戦し、そのスタイルに感動すら覚えるカワノ【スト6】,UCzRzPAT-AjlPyec5yXG974g,カワノKawano,['Gaming'],250994,4762,0,558
2025-11-27 07:38:47,T8w3L1rS3o4,澤野弘之『EARth』Music Video,UCpT4syVopfBl2bATVfAt65g,澤野弘之 / SawanoHiroyuki[nZk],['Music'],46404,3111,0,89
2025-11-27 07:38:47,ineS6XL0vc8,カオスを極める「カービィのエアライダー」が面白すぎる,UCc-PPk-lNe34JaWCcJQCL0g,ドコムスチャンネル,['Gaming'],75299,2016,0,75
2025-11-27 07:38:47,Kc7TkgWiWrc,Kiseki No Younakoto,UCof7dOTnyxaidkKkcIFuflQ,Mone Kamishiraishi - Topic,['Music'],27160,949,0,35
2025-11-27 07:38:47,bZ2eyQcJ49o,"今までガチで使った事ない選手！！こんだけ課金してる俺がGET出来ない""この選手""とは！？【プロスピA】# 1757",UCy9GuRXGTm8TliQ-OJ7KwzA,【V.I.P】,['Gaming'],139207,2518,0,360
2025-11-27 07:38:47,I52yC34Ji2k,YENA「STAR! (feat. Hatsune Miku)」 Music Video,UC4YT50DP7hbMsor8FmyEPMw,Victor Entertainment,['Music'],270052,39191,0,1517
2025-11-27 07:38:47,BiiDN0zgJ2Q,【深夜にパチ配信】東京グールとかのかりとエヴァ15の継続率って本当に合ってますか？生実践LIVE！パチスロパチンコライブ,UCDhOdoqPxv96djR3tSq9NoA,ショコラ大佐の秘密基地,['Entertainment'],95173,723,0,0
2025-11-27 07:38:47,9jrVtT2nPgQ,【歌ってみた】革命道中 - アイナ・ジ・エンド covered by 明透,UCBLGjbYv6-xxju1i44RjnnA,明透 -ᴀsᴜ-,['Music'],23624,3859,0,95
2025-11-27 07:38:47,jvrrjeAYtzs,【実機配信】仮面ライダーＶ３,UCx-QS9BIo_L_lx5dkpys1qw,ねこまんまのパチ•チャンネル,['Entertainment'],76154,232,0,0
2025-11-27 07:38:47,OEcTbxi57lE,Yukopi - ひとりファッションショー (feat.歌愛ユキ),UClqWF_XeXy469i4KDurpjWw,Yukopi,['Music'],13510,3041,0,121
2025-11-27 07:38:47,IrxoY7JdJY0,MIMESIS | さ～て！今回のお仕事は～？？ w/星川 ローレン 樋口さん（叶カンパニー）【にじさんじ/叶】,UCspv01oxUFf_MTSipURRhkA,Kanae Channel,['Entertainment'],121504,,0,30
2025-11-27 07:38:47,JrI4_jUZe98,SEVENTEEN | THE SMURFS (세븐틴 | 스머프) Ver. '음악의 신' Official MV,UCfkXDY7vwkcJ8ddFGz8KusA,SEVENTEEN,['Music'],377855,63700,0,2113
2025-11-25 17:56:30,TVqEwvbZP30,RIIZE 라이즈 'Fame' MV,UCEf_Bc-KVd7onSeifS3py9g,SMTOWN,['Music'],933366,87630,0,7247
2025-11-25 17:56:30,vMg1KAFAKiY,'이게 맞아?! 시즌2' Main Trailer,UCLkAepWjdylmXSltofFvsYQ,BANGTANTV,['Music'],842270,153129,0,8341
2025-11-25 17:56:30,fiSsGbfus6I,うんこちゃんのイナズマイレブン 英雄たちのヴィクトリーロード 実況プレイPart4※ネタバレ注意,UCx1nAvtVDIsaGmCMSe8ofsQ,加藤純一【jun channel】,['Gaming'],108388,1295,0,866
2025-11-25 17:56:30,G36amiUCkXU,Juice=Juice『盛れ！ミ・アモーレ』(Concert 2025 Queen of Hearts Special Flush),UC6FadPgGviUcq6VQ0CEJqdQ,Juice=Juice,['Music'],203294,21310,0,3761
2025-11-25 17:56:30,tXJJhKobuas,これまで培った知識と経験で解答せよ！LOL検定！【The k4sen Con 2025 DAY 3 Supported by ロリポップ！ for Gamers byGMOペパボ】,UChUjERVG8eKEAJSCef-tTmg,k4sen / かせん,['Gaming'],43781,1026,0,91
2025-11-25 17:56:30,x_RYZsOfpKY,ILLIT (아일릿) 'NOT CUTE ANYMORE’ Official MV,UC3IZKseVpdzPSBaWxBxundA,HYBE LABELS,['Music'],5202361,233536,0,15205
2025-11-25 17:56:30,ygIwtR2txaw,キモい顔を爆発させるバケモンに初見殺しされるらっだぁ【R.E.P.O.】,UClNdVSK1uy2xFHTaXZYXopw,らっだぁ,['Gaming'],216504,9222,0,240
2025-11-25 17:56:30,llAI08UYyAw,"Stray Kids ""Do It (Overdrive Version)"" M/V",UCaO6TYtlC8U5ttz62hTrZgg,JYP Entertainment,['Music'],1815825,301226,0,10010
2025-11-25 17:56:30,koeM_jz4CdM,超巨大な火山を削りきるまで終われません！【マイクラ】,UCj4PjeVMnNTHIR5EeoNKPAw,ドズル社,['Gaming'],308329,12723,0,1340
2025-11-25 17:56:30,7bqePXphj2g,乃木坂46『夢の匂い』MUSIC VIDEO,UCUzpZpX2wRYOk3J8QTFGxDg,乃木坂46 OFFICIAL YouTube CHANNEL,['Music'],144544,13573,0,1240
2025-11-25 17:56:30,-3TOkp_6gRQ,【#にじ遊戯王祭2025】にじさんじ遊戯王マスターデュエル祭 2025 Day3：星巡り杯 ～銀河の織姫決戦～,UCX7YkU9nEeaoZbkVLVajcMg,にじさんじ,['Gaming'],477729,9133,0,77
2025-11-25 17:56:30,dx4XsqUGm10,MAZZEL / Only You -Dance Practice-,UCMF_5h2OejEhVorTB02UUSg,MAZZEL,['Music'],121606,15870,0,1212
2025-11-25 17:56:30,iKVcCmyqoik,『刀剣乱舞ONLINE』新刀剣男士 三郎国宗(さぶろうくにむね) 登場！,UC56x--_QtyaWD1QptYrPMqA,刀剣乱舞 公式チャンネル,['Gaming'],18025,2649,0,114
2025-11-25 17:56:30,4Xt_hR0KNvY,IS:SUE (イッシュ) 'Super Luna' Performance Video,UCqKNMJ5s_vsf7WkesdBrvQA,IS:SUE,['Music'],77044,8726,0,1739
2025-11-25 17:56:30,qJvjFBhQ6vQ,一人で無限に攻めてくる敵を迎え撃つゲーム,UChn5TjkeEqd-JxzizMVSkOw,ハヤトの野望,['Gaming'],123221,1907,0,56
2025-11-25 17:56:30,gSXQd_5ht0E,【DANCE VIDEO】君セン！ / iLiFE! 【振り動画】,UChVflUz2J_jaaqYjXqvpmQA,iLiFE!【あいらいふ】,['Music'],360455,21121,0,994
2025-11-25 17:56:30,xjUPVppl1DI,4人で協力して本格的な殺人事件を解決に導く『The Case of the Golden Idol』,UCPVr7clenPjpD7WNsSI3UBQ,レトルト,['Gaming'],39837,2188,0,118
2025-11-25 17:56:30,MRYXsF2lblY,RIIZE 'Sticky Like' (Official Audio),UCdVD0MsYecQaIE5Ru-pOIQQ,RIIZE,['Music'],148519,16566,0,908
2025-11-25 17:56:30,YMxjZF3gtoM,【Shadow Corridor】三姉妹ホラーゲーム実況【第一夜 -路地-】,UCAWxPGGuIfWME2KTLUmSCHw,ぱかチューブっ!【ウマ娘公式】,['Gaming'],194861,11148,0,661
2025-11-25 17:56:30,L6tkKvVCs0Y,【MV】どーでもいいよ／まふまふ,UCOTR1tcOAhjgi6YukrPpZxg,まふまふちゃんねる,['Music'],91050,11343,0,545
2025-11-25 17:56:30,IW_KV5nqWRI,【バウンティラッシュ】新フェス限くまボニー＆ベガ！即Lv100で強さ検証！,UC7aYDbAOIKIMt25ENfJ68Qw,ルカ,['Gaming'],31435,215,0,2
2025-11-25 17:56:30,HP8qpxRpIW8,NOT CUTE ANYMORE,UCNVIo0UJXTdEnsRkCB9Q03w,ILLIT - Topic,['Music'],282086,18542,0,790
2025-11-25 17:56:30,6mP-mEHEQcw,日本人を狙う30人チーター中国クランを崩壊させてみた【RUST 実況】,UCXEo7JprZQGCPkezcZylHlQ,黒炭酸,['Gaming'],142764,8139,0,1157
2025-11-25 17:56:30,ayjRv2g2UqY,ムカつく -another story- feat. 高梨小麻（CV：石見舞菜香）／HoneyWorks,UCAaGaynFpku5cAx6OOSrW-w,HoneyWorks OFFICIAL,['Music'],376886,18609,0,781
2025-11-25 17:56:30,BNWYJZp2CbQ,新フェス限くまボニー&ベガパンク神引きすっぞ‼️【バウンティラッシュ】,UCUW6U6iOrntB0jw6-AbQo8g,RED Games,['Gaming'],32934,386,0,8
2025-11-25 17:56:30,OWpLhNyqeqg,Novelbright - 夢花火 [Official Live Video],UCIJAlAYCNN8RACtDDsy9K6g,Novelbright,['Music'],40829,3871,0,390
2025-11-25 17:56:30,GxXpkps21Kc,最終回？【 ポケモンルビー 】チャンピオンダイゴ戦🔥みこちと金コイ伝説～最弱からみんなで最強に育てる旅～【ホロライブ/さくらみこ】,UC-hM6YJuNYVAmUWxeIr9FeA,Miko Ch. さくらみこ,['Gaming'],295603,12908,0,205
2025-11-25 17:56:30,eHmQ_b0LkUA,"Stray Kids ""Do It (Turbo Version)"" Lyric Visualizer",UC9rMiEjNaCSsebs31MRDCRA,Stray Kids,['Music'],99939,40794,0,2602
2025-11-25 17:56:30,SWdjfMIkQCg,アザールが最強能力×モメンタムバーストで 頂点ST界の王に君臨しました【eFootball2026アプリ】,UC070fhnqq38qNhqHm5rxTcQ,令和ちゃんねる,['Gaming'],123595,1939,0,142
2025-11-25 17:56:30,8j4RM-bBYvA,福本大晴「すっぴんLOVE」（Music Video）YouTube Edition,UCXqWKjzm2YMH6Bs7rAmsKFw,福本大晴,['Entertainment'],12407,1092,0,358
2025-11-25 17:56:30,-dfR8iYqwK4,なんでこういう事するんや？初使用選手含む全員アニバーサリーの選手でリアタイしたら害悪プレイヤーに遭遇しました【プロスピA】# 1756,UCy9GuRXGTm8TliQ-OJ7KwzA,【V.I.P】,['Gaming'],155629,3032,0,456
2025-11-25 17:56:30,WsLcF1ojgFU,アンジュルム『トラブルメーカー』〜Dance Practice Ver.〜,UCDwcZ85zjLKD-3-jqlv1wQQ,アンジュルム,['Music'],31136,2561,0,367
2025-11-25 17:56:30,4Ddbjkyy2C0,【深夜にパチ配信】東京グールとかのかりとエヴァ15を全力生実践LIVE！パチスロパチンコライブ,UCDhOdoqPxv96djR3tSq9NoA,ショコラ大佐の秘密基地,['Entertainment'],119001,838,0,0
2025-11-25 17:56:30,G_3xr5desOo,"EXILE ATSUSHI + AI（EXILE ATSUSHI LIVE TOUR 2025 ""Heart to Heart"" ～復活祭～）",UCN7_YMtKaUiizHpw77XLVcw,EXILE,['Music'],33455,1758,0,79
2025-11-25 17:56:30,z-aco1hi0Iw,新キャラくま＆ボニー100レべフルブ初見リーグ！最強火力のワンパンし放題！【バウンティラッシュ】,UCdkVEDVAW5aFmA-Mkz0lAFQ,ひたまゆ。,['Gaming'],15597,653,0,136
2025-11-25 17:56:30,kCnD_dMyJ3M,The Bible of The “Eden”,UCZwcUEEjD8RVzB-TAw1ts3g,Eden - Topic,['Music'],57074,2347,0,0
2025-11-25 17:56:30,cl-BT6bDxEI,TikTokで偽物つくられまくってブチギレてます,UCGjV4bsC43On-YuiLZcfL0w,KUN,['Gaming'],45368,2065,0,136
2025-11-25 17:56:30,cVL4bRjA6X0,Mili - Peach Pit and Cyanide,UCVh47EKH9VLresRqiYi9txw,Mili,['Music'],282803,31918,0,1194
2025-11-25 17:56:30,UfVkyXaTGcs,【まとめ】ミオしゃを褒めないとスジモンになるフブさんとみこスバの『マリカサバイバル』面白トークまとめ【大空スバル/さくらみこ/白上フブキ/ホロライブ切り抜き】,UCqMRVBz-hhSFRuqlL1guqig,あひるだっく,['Gaming'],151638,4333,0,93
2025-11-25 17:56:30,s5dFrPwvbHY,‘있잖아' - BOYNEXTDOOR (보이넥스트도어) | DOORGROUND,UChhKBlh_wvspTh5n4mL0b5g,BOYNEXTDOOR,['Music'],121292,24550,0,1359
2025-11-25 17:56:30,WGyadbTx8bs,【※閲覧注意】大人向けスイカゲームの『インゴゲーム』の中毒性がヤバすぎるwwww,UCPJCP_fon2mOMfibbBPUOYw,SAWAYAN GAMES / サワヤン ゲームズ,['Gaming'],151625,7409,0,754
2025-11-25 17:56:30,3rGi2kiSzkA,Re:Re: from NANO-MUGEN FES.2025 - 2025.06.01 at.K-Arena Yokohama,UC3J-txytRWiRtNXrLS95eEw,ASIAN KUNG-FU GENERATION Official YouTube Channel,['Music'],20436,1645,0,91
2025-11-25 17:56:30,VhzqSrscVP8,【Lobotomy Corporation】都市のキノコにご用心part49【未遭遇アブノマ回収編】【ゆっくり実況】,UC8rk-fIWJXYlSF8tkfG9wWg,天色鮫,['Gaming'],121578,5454,0,390
2025-11-25 17:56:30,7SoVjT-0Rhw,僕が見たかった青空 / 「カイロに月」Music Video【4K】,UC-_iQWdEZY66nGGaHH0Ygmg,僕が見たかった青空,['Entertainment'],17907,1481,0,211
2025-11-25 17:56:30,PJyQaQosJpk,【クラロワ】アプデ来たからレベル16でトロ１５０００まで蹂躙する【ClashRoyale】,UCeA0fcfLVewbuD7H5YsrpdA,ライキジョーンズ,['Gaming'],69662,810,0,5
2025-11-25 17:56:30,QRTGKxrKBPM,インビジブル / 歌ってみた【あらき×榊ネス】,UCBhPDpv9JavoPADrZcsAC2A,あらき-ARAKI Official,['Music'],384032,36710,0,971
2025-11-25 17:56:30,PtSwg--FueA,"種族値265の""ディグダ""をナメないでください。普通に３タテされます。【ポケモンSV実況】",UCENoC6MLc4pL-vehJyzSWmg,もこうの実況,['Gaming'],81254,925,0,312
2025-11-25 17:56:30,KDC-EOsNzAg,NCT DREAM 엔시티 드림 'Beat It Up' Dance Practice,UCXURHJRGr4-EB3l87kcbElw,NCT DREAM,['Music'],104295,18132,0,523
2025-11-25 17:56:30,l57EJ_eLsIc,【攻略法発覚】L荒野のコトブキ飛行隊 相次ぐ撤去について【ゴトブキ】,UCYXmyrGUVL8tX7VEvo_DjPw,シャル@ツモらせ隊,['Entertainment'],109182,1207,0,500
2025-11-25 17:56:30,0-74AHbFWic,＝LOVE（イコールラブ）/ 19th Single c/w『Queens』リハーサル定点映像 (from 8th ANNIVERSARY PREMIUM TOUR),UCv7VutirxDn3RWIJXI68n_A,＝LOVE（イコールラブ）公式チャンネル,['Entertainment'],132937,11161,0,620
2025-11-26 00:43:34,XILnJKGc0yo,INI｜'U MINE' Performance Video,UCc-itdQHxLvUlPrDxIiSJrA,INI,['Entertainment'],99546,16048,0,2847
2025-11-26 00:43:34,vMg1KAFAKiY,'이게 맞아?! 시즌2' Main Trailer,UCLkAepWjdylmXSltofFvsYQ,BANGTANTV,['Music'],902176,159048,0,8570
2025-11-26 00:43:34,SnCG-_lf74w,今までで一番怖いスーパーマーケット経営『 HELLMART 』,UCMJiPpN_09F0aWpQrgbc_qg,キヨ。,['Gaming'],297188,13789,0,786
2025-11-26 00:43:34,G36amiUCkXU,Juice=Juice『盛れ！ミ・アモーレ』(Concert 2025 Queen of Hearts Special Flush),UC6FadPgGviUcq6VQ0CEJqdQ,Juice=Juice,['Music'],268346,23877,0,4226
2025-11-26 00:43:34,vIUORnIS_ug,ELDEN RING NIGHTREIGN The Forsaken Hollows | Scholar Character Trailer,UC_ntXHv-XdKCD7CPynVvnQw,Bandai Namco Entertainment America,['Gaming'],5156,2966,0,289
2025-11-26 00:43:34,xjUPVppl1DI,4人で協力して本格的な殺人事件を解決に導く『The Case of the Golden Idol』,UCPVr7clenPjpD7WNsSI3UBQ,レトルト,['Gaming'],231617,6743,0,308
2025-11-26 00:43:34,TVqEwvbZP30,RIIZE 라이즈 'Fame' MV,UCEf_Bc-KVd7onSeifS3py9g,SMTOWN,['Music'],1279263,93256,0,7922
2025-11-26 00:43:34,miySB69T1xw,隠れる場所から作れ！大人たちのガチかくれんぼ【マイクラ】,UCj4PjeVMnNTHIR5EeoNKPAw,ドズル社,['Gaming'],200549,8504,0,369
2025-11-26 00:43:34,x_RYZsOfpKY,ILLIT (아일릿) 'NOT CUTE ANYMORE’ Official MV,UC3IZKseVpdzPSBaWxBxundA,HYBE LABELS,['Music'],6260212,249781,0,16086
2025-11-26 00:43:34,ST05E_5kn2E,負けたら自身の全財産公開を賭けた通帳カスタムで勝ったのは・・・【The k4sen Con 2025 DAY 3 Supported by ロリポップ！ for Gamers byGMOペパボ】,UChUjERVG8eKEAJSCef-tTmg,k4sen / かせん,['Gaming'],138168,3217,0,265
2025-11-26 00:43:34,ScutqxM3z_s,Hi-STANDARD - Our Song - OFFICIAL MUSIC VIDEO,UCrQUlOEbu-0T0l4DAcBEeIg,pizzaofdeathofficial,['Music'],61767,5234,0,330
2025-11-26 00:43:34,z-aco1hi0Iw,新キャラくま＆ボニー100レべフルブ初見リーグ！最強火力のワンパンし放題！【バウンティラッシュ】,UCdkVEDVAW5aFmA-Mkz0lAFQ,ひたまゆ。,['Gaming'],109660,1463,0,243
2025-11-26 00:43:34,7bqePXphj2g,乃木坂46『夢の匂い』MUSIC VIDEO,UCUzpZpX2wRYOk3J8QTFGxDg,乃木坂46 OFFICIAL YouTube CHANNEL,['Music'],198356,16263,0,1429
2025-11-26 00:43:34,fiSsGbfus6I,うんこちゃんのイナズマイレブン 英雄たちのヴィクトリーロード 実況プレイPart4※ネタバレ注意,UCx1nAvtVDIsaGmCMSe8ofsQ,加藤純一【jun channel】,['Gaming'],181294,1704,0,1093
2025-11-26 00:43:34,llAI08UYyAw,"Stray Kids ""Do It (Overdrive Version)"" M/V",UCaO6TYtlC8U5ttz62hTrZgg,JYP Entertainment,['Music'],2003496,312983,0,10203
2025-11-26 00:43:34,ITQYMtkP23E,【パチスロ生配信】前日出てるラス1ヴヴヴ2で勝負っ!!【革命機ヴァルヴレイヴ2】,UCdCC1L_OxLrkoEjR19iXpRw,パチスロードch,['Entertainment'],288442,1386,0,0
2025-11-26 00:43:34,dx4XsqUGm10,MAZZEL / Only You -Dance Practice-,UCMF_5h2OejEhVorTB02UUSg,MAZZEL,['Music'],147344,16966,0,1277
2025-11-26 00:43:34,e0okJjgNTl0,【今年−294万】エヴァンゲリオン未来への咆哮パチンコライブ配信,UCYe_uTI6X6mm9qaXm8iWFDg,ノッチ配信者パチンコライブ,['Entertainment'],289522,2704,0,4
2025-11-26 00:43:34,4Xt_hR0KNvY,IS:SUE (イッシュ) 'Super Luna' Performance Video,UCqKNMJ5s_vsf7WkesdBrvQA,IS:SUE,['Music'],108743,10340,0,1973
2025-11-26 00:43:34,iKVcCmyqoik,『刀剣乱舞ONLINE』新刀剣男士 三郎国宗(さぶろうくにむね) 登場！,UC56x--_QtyaWD1QptYrPMqA,刀剣乱舞 公式チャンネル,['Gaming'],61884,4995,0,195
2025-11-26 00:43:34,gSXQd_5ht0E,【DANCE VIDEO】君セン！ / iLiFE! 【振り動画】,UChVflUz2J_jaaqYjXqvpmQA,iLiFE!【あいらいふ】,['Music'],433368,21832,0,1020
2025-11-26 00:43:34,BsyEN86cR0U,プロジェクトセカイ プロセカ放送局 #26,UCdMGYXL38w6htx6Yf9YJa-w,プロジェクトセカイ カラフルステージ! feat. 初音ミク,['Gaming'],207540,6780,0,50
2025-11-26 00:43:34,eHmQ_b0LkUA,"Stray Kids ""Do It (Turbo Version)"" Lyric Visualizer",UC9rMiEjNaCSsebs31MRDCRA,Stray Kids,['Music'],224259,65901,0,2955
2025-11-26 00:43:34,aHKMl9HVqZQ,究極の財宝【龍が如く８外伝 Pirates in Hawaii】＃４２,UCZMRuagdTBKmmrFtSMN48Xw,牛沢,['Gaming'],83671,3216,0,295
2025-11-26 00:43:34,MRYXsF2lblY,RIIZE 'Sticky Like' (Official Audio),UCdVD0MsYecQaIE5Ru-pOIQQ,RIIZE,['Music'],167880,17248,0,942
2025-11-26 00:43:34,DSPV0RT3BJI,超ドラゴンクエストXTV #55 バージョン7.6[前期]最新情報,UC6SmH9mR82nj28_NNg_rZvA,スクウェア・エニックス,['Gaming'],39585,,0,
2025-11-26 00:43:34,HP8qpxRpIW8,NOT CUTE ANYMORE,UCNVIo0UJXTdEnsRkCB9Q03w,ILLIT - Topic,['Music'],367155,21277,0,834
2025-11-26 00:43:34,GJMOK14mB2c,全員の物資を蓄えてた馬鹿を制裁します 懐クラフト #12,UCoQhX2O93MVTWfgIz-8wOmg,KUNの50人クラフト,['Gaming'],80426,2324,0,134
2025-11-26 00:43:34,L6tkKvVCs0Y,【MV】どーでもいいよ／まふまふ,UCOTR1tcOAhjgi6YukrPpZxg,まふまふちゃんねる,['Music'],105893,12061,0,559
2025-11-26 00:43:34,Gth1zEFH2TM,タグNXで『もあ』『B!KZO』とプルス戦に挑むNX☆くさあん【切り抜き】【マリオカート ワールド】,UCL7VEatXa9yBCKeM-ww8TnA,NX☆くさあん,['Gaming'],45047,1444,0,39
2025-11-26 00:43:34,Gln8wDtITJ4,Kay-on - SHIN GODZILLA (Official Video),UCdszfKemUn36sOEplfkiGVQ,GPV LABEL,['Music'],23064,1673,0,157
2025-11-26 00:43:34,dmBAMwBBxoM,いいんですか？こんな神イベント｜ポケモンZA #19,UCMzLWawc9x3rUsqYDEfgqzA,ジャック・オ・蘭たん,['Gaming'],37091,2287,0,269
2025-11-26 00:43:34,j-8vLi2sMg0,【歌ってみた】星の消えた夜に / covered by Nornis【戌亥とこ/町田ちま/にじさんじ】,UCxWcO9CLti4uouUIS5IIF-Q,Nornis,['Music'],18263,3849,0,67
2025-11-26 00:43:34,9SaAfQ6eACQ,新フェス限くま＆ボニーガチ評価‼️超フェス級のぶっ壊れ火力で環境キャラワンパンw【バウンティラッシュ】,UCUW6U6iOrntB0jw6-AbQo8g,RED Games,['Gaming'],44909,829,0,194
2025-11-26 00:43:34,JrI4_jUZe98,SEVENTEEN | THE SMURFS (세븐틴 | 스머프) Ver. '음악의 신' Official MV,UCfkXDY7vwkcJ8ddFGz8KusA,SEVENTEEN,['Music'],57862,20592,0,1171
2025-11-26 00:43:34,j6TnwWfuf-I,紅茶、波動砲で７キルして一瞬で試合を終わらせる,UCFQu6Q-9LAS3KoEuRDNkzGA, ニート部,['Gaming'],50018,1515,0,92
2025-11-26 00:43:34,qEGsMTo-adg,アンジュルム『午後3時スクランブル』～Dance Practice Ver.～,UCDwcZ85zjLKD-3-jqlv1wQQ,アンジュルム,['Music'],13931,1525,0,180
2025-11-26 00:43:34,a72dN8ZWPWg,【は？】ありえないブレインロットを盗んでお金持ちになるロブロックス..【ROBLOX】,UCH4yRBPH2pDUjPeqomx8CTQ,てるとくん,['Gaming'],75922,2482,0,1651
2025-11-26 00:43:34,OWpLhNyqeqg,Novelbright - 夢花火 [Official Live Video],UCIJAlAYCNN8RACtDDsy9K6g,Novelbright,['Music'],53775,4320,0,413
2025-11-26 00:43:34,6kWw9Nn4dIY,【Shadow Corridor】三姉妹ホラーゲーム実況【第二夜 -ヒグラシの回廊-】,UCAWxPGGuIfWME2KTLUmSCHw,ぱかチューブっ!【ウマ娘公式】,['Gaming'],54090,4155,0,246
2025-11-26 00:43:34,ayjRv2g2UqY,ムカつく -another story- feat. 高梨小麻（CV：石見舞菜香）／HoneyWorks,UCAaGaynFpku5cAx6OOSrW-w,HoneyWorks OFFICIAL,['Music'],447746,19237,0,791
2025-11-26 00:43:34,NkHjY_EaCgY,遂に完成した歴代最強マンチェスターユナイテッドスカッドが強すぎて魔王【eFootball2026アプリ】,UC070fhnqq38qNhqHm5rxTcQ,令和ちゃんねる,['Gaming'],36001,1094,0,84
2025-11-26 00:43:34,G_3xr5desOo,"EXILE ATSUSHI + AI（EXILE ATSUSHI LIVE TOUR 2025 ""Heart to Heart"" ～復活祭～）",UCN7_YMtKaUiizHpw77XLVcw,EXILE,['Music'],61122,2440,0,98
2025-11-26 00:43:34,A3Ki9cI9T9w,任天堂とファンが激怒...新作エアライダーにコックカワサキマイクロビキニという謎のミームが登場して海外でもニュースに/コエテクさんがライザのASMRを販売して爆売れ/チーターを晒し首にした運営が話題に,UCWvr04hMa4k4wSilYcQ4qoA,キャベツの人【ゲーム紹介】,['Gaming'],35859,1318,0,316
2025-11-26 00:43:34,NIGA89HGTBU,'Talk to You' Performance Video | NO LABELS: PART 01 | 연준 (YEONJUN),UCtiObj3CsEAdNU6ZPWDsddQ,TOMORROW X TOGETHER OFFICIAL,['Music'],38916,12276,0,696
2025-11-26 00:43:34,cBPtIHuFa_o,【ルームシェア】Switch2を開封してみた【最後】,UC2NujFa5X09CdV0YCntmQDg,板橋ハウス,['People & Blogs'],50373,2630,0,322
2025-11-26 00:43:34,jWFQ3A1Dtdg,CON MUỐN ĐƯỢC TRỞ VỀ NHÀ - TRAICAUBONG x MT4 x LIL SHADY ( Official MV ) #CMDTVN,UCZVVCZwOpCbDXB84SDqWixQ,Lil Shady,['Music'],58425,6552,0,728
2025-11-26 00:43:34,2NKK6Mg27XI,ダイアリン エキシビション「返事はテキトー」 | ゼンレスゾーンゼロ,UCt09C9DPSuOGpHoitbcyCIQ,ゼンレスゾーンゼロ-ZZZ-公式,['Gaming'],148907,11862,0,422
2025-11-26 00:43:34,eWetBwa4vVI,Jinmenusagi - NEET (Official Video),UCC4xWbcBVn-tHgchhrdmFpg,Jinmenusagi,['Music'],10395,1352,0,97
2025-11-26 00:43:34,ygIwtR2txaw,キモい顔を爆発させるバケモンに初見殺しされるらっだぁ【R.E.P.O.】,UClNdVSK1uy2xFHTaXZYXopw,らっだぁ,['Gaming'],246997,9954,0,246
2025-11-25 15:58:55,TVqEwvbZP30,RIIZE 라이즈 'Fame' MV,UCEf_Bc-KVd7onSeifS3py9g,SMTOWN,['Music'],896542,85975,0,7067
2025-11-25 15:58:55,vMg1KAFAKiY,'이게 맞아?! 시즌2' Main Trailer,UCLkAepWjdylmXSltofFvsYQ,BANGTANTV,['Music'],830067,151846,0,8273
2025-11-25 15:58:55,fiSsGbfus6I,うんこちゃんのイナズマイレブン 英雄たちのヴィクトリーロード 実況プレイPart4※ネタバレ注意,UCx1nAvtVDIsaGmCMSe8ofsQ,加藤純一【jun channel】,['Gaming'],91716,1181,0,791
2025-11-25 15:58:55,G36amiUCkXU,Juice=Juice『盛れ！ミ・アモーレ』(Concert 2025 Queen of Hearts Special Flush),UC6FadPgGviUcq6VQ0CEJqdQ,Juice=Juice,['Music'],192302,20781,0,3666
2025-11-25 15:58:55,ygIwtR2txaw,キモい顔を爆発させるバケモンに初見殺しされるらっだぁ【R.E.P.O.】,UClNdVSK1uy2xFHTaXZYXopw,らっだぁ,['Gaming'],209908,8945,0,238
2025-11-25 15:58:55,x_RYZsOfpKY,ILLIT (아일릿) 'NOT CUTE ANYMORE’ Official MV,UC3IZKseVpdzPSBaWxBxundA,HYBE LABELS,['Music'],4877315,228524,0,14926
2025-11-25 15:58:55,koeM_jz4CdM,超巨大な火山を削りきるまで終われません！【マイクラ】,UCj4PjeVMnNTHIR5EeoNKPAw,ドズル社,['Gaming'],298371,12341,0,1319
2025-11-25 15:58:55,llAI08UYyAw,"Stray Kids ""Do It (Overdrive Version)"" M/V",UCaO6TYtlC8U5ttz62hTrZgg,JYP Entertainment,['Music'],1761323,298871,0,9972
2025-11-25 15:58:55,ex7ieF2B09A,男たちが最後の1人になるまで騙し合うREAL Liar's Bar【The k4sen Con 2025 DAY 2 Supported by ロリポップ！ for Gamers byGMOペパボ】,UChUjERVG8eKEAJSCef-tTmg,k4sen / かせん,['Gaming'],155085,2684,0,143
2025-11-25 15:58:55,7bqePXphj2g,乃木坂46『夢の匂い』MUSIC VIDEO,UCUzpZpX2wRYOk3J8QTFGxDg,乃木坂46 OFFICIAL YouTube CHANNEL,['Music'],136368,13054,0,1203
2025-11-25 15:58:55,-3TOkp_6gRQ,【#にじ遊戯王祭2025】にじさんじ遊戯王マスターデュエル祭 2025 Day3：星巡り杯 ～銀河の織姫決戦～,UCX7YkU9nEeaoZbkVLVajcMg,にじさんじ,['Gaming'],476346,9123,0,75
2025-11-25 15:58:55,dx4XsqUGm10,MAZZEL / Only You -Dance Practice-,UCMF_5h2OejEhVorTB02UUSg,MAZZEL,['Music'],116235,15552,0,1198
2025-11-25 15:58:55,qJvjFBhQ6vQ,一人で無限に攻めてくる敵を迎え撃つゲーム,UChn5TjkeEqd-JxzizMVSkOw,ハヤトの野望,['Gaming'],118358,1848,0,55
2025-11-25 15:58:55,4Xt_hR0KNvY,IS:SUE (イッシュ) 'Super Luna' Performance Video,UCqKNMJ5s_vsf7WkesdBrvQA,IS:SUE,['Music'],73146,8466,0,1684
2025-11-25 15:58:55,YMxjZF3gtoM,【Shadow Corridor】三姉妹ホラーゲーム実況【第一夜 -路地-】,UCAWxPGGuIfWME2KTLUmSCHw,ぱかチューブっ!【ウマ娘公式】,['Gaming'],186952,10807,0,650
2025-11-25 15:58:55,gSXQd_5ht0E,【DANCE VIDEO】君セン！ / iLiFE! 【振り動画】,UChVflUz2J_jaaqYjXqvpmQA,iLiFE!【あいらいふ】,['Music'],353710,20950,0,990
2025-11-25 15:58:55,GxXpkps21Kc,最終回？【 ポケモンルビー 】チャンピオンダイゴ戦🔥みこちと金コイ伝説～最弱からみんなで最強に育てる旅～【ホロライブ/さくらみこ】,UC-hM6YJuNYVAmUWxeIr9FeA,Miko Ch. さくらみこ,['Gaming'],293932,12855,0,200
2025-11-25 15:58:55,MRYXsF2lblY,RIIZE 'Sticky Like' (Official Audio),UCdVD0MsYecQaIE5Ru-pOIQQ,RIIZE,['Music'],142501,16293,0,893
2025-11-25 15:58:55,6mP-mEHEQcw,日本人を狙う30人チーター中国クランを崩壊させてみた【RUST 実況】,UCXEo7JprZQGCPkezcZylHlQ,黒炭酸,['Gaming'],132258,7830,0,1119
2025-11-25 15:58:55,L6tkKvVCs0Y,【MV】どーでもいいよ／まふまふ,UCOTR1tcOAhjgi6YukrPpZxg,まふまふちゃんねる,['Music'],88247,11043,0,542
2025-11-25 15:58:55,-dfR8iYqwK4,なんでこういう事するんや？初使用選手含む全員アニバーサリーの選手でリアタイしたら害悪プレイヤーに遭遇しました【プロスピA】# 1756,UCy9GuRXGTm8TliQ-OJ7KwzA,【V.I.P】,['Gaming'],151063,2953,0,450
2025-11-25 15:58:55,ayjRv2g2UqY,ムカつく -another story- feat. 高梨小麻（CV：石見舞菜香）／HoneyWorks,UCAaGaynFpku5cAx6OOSrW-w,HoneyWorks OFFICIAL,['Music'],371598,18474,0,779
2025-11-25 15:58:55,SWdjfMIkQCg,アザールが最強能力×モメンタムバーストで 頂点ST界の王に君臨しました【eFootball2026アプリ】,UC070fhnqq38qNhqHm5rxTcQ,令和ちゃんねる,['Gaming'],118907,1883,0,136
2025-11-25 15:58:55,HP8qpxRpIW8,NOT CUTE ANYMORE,UCNVIo0UJXTdEnsRkCB9Q03w,ILLIT - Topic,['Music'],258762,17913,0,785
2025-11-25 15:58:55,4Ddbjkyy2C0,【深夜にパチ配信】東京グールとかのかりとエヴァ15を全力生実践LIVE！パチスロパチンコライブ,UCDhOdoqPxv96djR3tSq9NoA,ショコラ大佐の秘密基地,['Entertainment'],118946,839,0,0
2025-11-25 15:58:55,OWpLhNyqeqg,Novelbright - 夢花火 [Official Live Video],UCIJAlAYCNN8RACtDDsy9K6g,Novelbright,['Music'],38804,3770,0,388
2025-11-25 15:58:55,UfVkyXaTGcs,【まとめ】ミオしゃを褒めないとスジモンになるフブさんとみこスバの『マリカサバイバル』面白トークまとめ【大空スバル/さくらみこ/白上フブキ/ホロライブ切り抜き】,UCqMRVBz-hhSFRuqlL1guqig,あひるだっく,['Gaming'],146448,4186,0,90
2025-11-25 15:58:55,8j4RM-bBYvA,福本大晴「すっぴんLOVE」（Music Video）YouTube Edition,UCXqWKjzm2YMH6Bs7rAmsKFw,福本大晴,['Entertainment'],11757,1077,0,352
2025-11-25 15:58:55,PJyQaQosJpk,【クラロワ】アプデ来たからレベル16でトロ１５０００まで蹂躙する【ClashRoyale】,UCeA0fcfLVewbuD7H5YsrpdA,ライキジョーンズ,['Gaming'],68995,806,0,4
2025-11-25 15:58:55,WsLcF1ojgFU,アンジュルム『トラブルメーカー』〜Dance Practice Ver.〜,UCDwcZ85zjLKD-3-jqlv1wQQ,アンジュルム,['Music'],30011,2519,0,360
2025-11-25 15:58:55,iKVcCmyqoik,『刀剣乱舞ONLINE』新刀剣男士 三郎国宗(さぶろうくにむね) 登場！,UC56x--_QtyaWD1QptYrPMqA,刀剣乱舞 公式チャンネル,['Gaming'],8449,1698,0,64
2025-11-25 15:58:55,kCnD_dMyJ3M,The Bible of The “Eden”,UCZwcUEEjD8RVzB-TAw1ts3g,Eden - Topic,['Music'],55093,2326,0,0
2025-11-25 15:58:55,VhzqSrscVP8,【Lobotomy Corporation】都市のキノコにご用心part49【未遭遇アブノマ回収編】【ゆっくり実況】,UC8rk-fIWJXYlSF8tkfG9wWg,天色鮫,['Gaming'],118363,5306,0,380
2025-11-25 15:58:55,G_3xr5desOo,"EXILE ATSUSHI + AI（EXILE ATSUSHI LIVE TOUR 2025 ""Heart to Heart"" ～復活祭～）",UCN7_YMtKaUiizHpw77XLVcw,EXILE,['Music'],30433,1653,0,74
2025-11-25 15:58:55,l57EJ_eLsIc,【攻略法発覚】L荒野のコトブキ飛行隊 相次ぐ撤去について【ゴトブキ】,UCYXmyrGUVL8tX7VEvo_DjPw,シャル@ツモらせ隊,['Entertainment'],103928,1162,0,487
2025-11-25 15:58:55,eHmQ_b0LkUA,"Stray Kids ""Do It (Turbo Version)"" Lyric Visualizer",UC9rMiEjNaCSsebs31MRDCRA,Stray Kids,['Music'],57145,32154,0,2421
2025-11-25 15:58:55,BDxXPvOdz50,苦戦中のモンハンワイルズ1000万売ってもまだ開発費未回収と話題に/UBIさんやはりトラブっていた模様...株価も上げて下げる/COD新作BO7の売上が半減してしまう/ステラソラに男性蔑視ポーズで物議,UCWvr04hMa4k4wSilYcQ4qoA,キャベツの人【ゲーム紹介】,['Gaming'],123625,2087,0,547
2025-11-25 15:58:55,7SoVjT-0Rhw,僕が見たかった青空 / 「カイロに月」Music Video【4K】,UC-_iQWdEZY66nGGaHH0Ygmg,僕が見たかった青空,['Entertainment'],17174,1440,0,205
2025-11-25 15:58:55,PtSwg--FueA,"種族値265の""ディグダ""をナメないでください。普通に３タテされます。【ポケモンSV実況】",UCENoC6MLc4pL-vehJyzSWmg,もこうの実況,['Gaming'],76202,878,0,308
2025-11-25 15:58:55,cVL4bRjA6X0,Mili - Peach Pit and Cyanide,UCVh47EKH9VLresRqiYi9txw,Mili,['Music'],272392,31305,0,1184
2025-11-25 15:58:55,TAL-HXKac80,YOUR CHANCE TO GET 10K GEMS!,UCooVYzDxdwTtGYAkcPmOgOw,Brawl Stars,['Gaming'],2358035,65691,0,2103
2025-11-25 15:58:55,s5dFrPwvbHY,‘있잖아' - BOYNEXTDOOR (보이넥스트도어) | DOORGROUND,UChhKBlh_wvspTh5n4mL0b5g,BOYNEXTDOOR,['Music'],113761,23563,0,1342
2025-11-25 15:58:55,yRhin7unPeI,これが恐らくビーフ最後の輝きでしょうね【龍が如く８外伝 Pirates in Hawaii】＃４１,UCZMRuagdTBKmmrFtSMN48Xw,牛沢,['Gaming'],137970,4495,0,446
2025-11-25 15:58:55,3rGi2kiSzkA,Re:Re: from NANO-MUGEN FES.2025 - 2025.06.01 at.K-Arena Yokohama,UC3J-txytRWiRtNXrLS95eEw,ASIAN KUNG-FU GENERATION Official YouTube Channel,['Music'],19284,1581,0,87
2025-11-25 15:58:55,taSKSaq5qh8,【ArcRaiders】アークレイダーズ ボス討伐編【にじさんじ/ローレン・イロアス】,UCgmFrRcyH7d1zR9sIVQhFow,ローレン・イロアス / Lauren Iroas【にじさんじ】,['Gaming'],240623,4055,0,34
2025-11-25 15:58:55,KDC-EOsNzAg,NCT DREAM 엔시티 드림 'Beat It Up' Dance Practice,UCXURHJRGr4-EB3l87kcbElw,NCT DREAM,['Music'],99087,17611,0,510
2025-11-25 15:58:55,XtTT5XdZVpw,シークレットな最終回※ちょっと動画長いよ【ゆっくり実況】,UCOjkVJQcjtWnpf0-1ft4brA,ゆっくりむちゃたぬき,['Gaming'],78272,4050,0,194
2025-11-25 15:58:55,QRTGKxrKBPM,インビジブル / 歌ってみた【あらき×榊ネス】,UCBhPDpv9JavoPADrZcsAC2A,あらき-ARAKI Official,['Music'],377809,36474,0,968
2025-11-25 15:58:55,WGyadbTx8bs,【※閲覧注意】大人向けスイカゲームの『インゴゲーム』の中毒性がヤバすぎるwwww,UCPJCP_fon2mOMfibbBPUOYw,SAWAYAN GAMES / サワヤン ゲームズ,['Gaming'],130344,6413,0,713
2025-11-25 15:58:55,0-74AHbFWic,＝LOVE（イコールラブ）/ 19th Single c/w『Queens』リハーサル定点映像 (from 8th ANNIVERSARY PREMIUM TOUR),UCv7VutirxDn3RWIJXI68n_A,＝LOVE（イコールラブ）公式チャンネル,['Entertainment'],131701,11117,0,620
2025-11-25 07:39:00,TVqEwvbZP30,RIIZE 라이즈 'Fame' MV,UCEf_Bc-KVd7onSeifS3py9g,SMTOWN,['Music'],748534,76408,0,6201
2025-11-25 07:39:00,vMg1KAFAKiY,'이게 맞아?! 시즌2' Main Trailer,UCLkAepWjdylmXSltofFvsYQ,BANGTANTV,['Music'],772102,145839,0,8068
2025-11-25 07:39:00,koeM_jz4CdM,超巨大な火山を削りきるまで終われません！【マイクラ】,UCj4PjeVMnNTHIR5EeoNKPAw,ドズル社,['Gaming'],253901,10972,0,1192
2025-11-25 07:39:00,x_RYZsOfpKY,ILLIT (아일릿) 'NOT CUTE ANYMORE’ Official MV,UC3IZKseVpdzPSBaWxBxundA,HYBE LABELS,['Music'],3925038,200528,0,13488
2025-11-25 07:39:00,dCmNVtLsYzA,TVSP『アンデッドアンラック』Winter編 メインPV／Undead Unluck |Main Trailer,UCkVvAm5jb62IMIJQj4wPVGA,TMSアニメ公式チャンネル,['Film & Animation'],145265,7874,0,444
2025-11-25 07:39:00,-3TOkp_6gRQ,【#にじ遊戯王祭2025】にじさんじ遊戯王マスターデュエル祭 2025 Day3：星巡り杯 ～銀河の織姫決戦～,UCX7YkU9nEeaoZbkVLVajcMg,にじさんじ,['Gaming'],468884,9035,0,67
2025-11-25 07:39:00,G36amiUCkXU,Juice=Juice『盛れ！ミ・アモーレ』(Concert 2025 Queen of Hearts Special Flush),UC6FadPgGviUcq6VQ0CEJqdQ,Juice=Juice,['Music'],130253,17733,0,3170
2025-11-25 07:39:00,ygIwtR2txaw,キモい顔を爆発させるバケモンに初見殺しされるらっだぁ【R.E.P.O.】,UClNdVSK1uy2xFHTaXZYXopw,らっだぁ,['Gaming'],174886,7952,0,234
2025-11-25 07:39:00,llAI08UYyAw,"Stray Kids ""Do It (Overdrive Version)"" M/V",UCaO6TYtlC8U5ttz62hTrZgg,JYP Entertainment,['Music'],1388781,270673,0,9476
2025-11-25 07:39:00,ex7ieF2B09A,男たちが最後の1人になるまで騙し合うREAL Liar's Bar【The k4sen Con 2025 DAY 2 Supported by ロリポップ！ for Gamers byGMOペパボ】,UChUjERVG8eKEAJSCef-tTmg,k4sen / かせん,['Gaming'],128500,2314,0,122
2025-11-25 07:39:00,dx4XsqUGm10,MAZZEL / Only You -Dance Practice-,UCMF_5h2OejEhVorTB02UUSg,MAZZEL,['Music'],84172,13547,0,1091
2025-11-25 07:39:00,qJvjFBhQ6vQ,一人で無限に攻めてくる敵を迎え撃つゲーム,UChn5TjkeEqd-JxzizMVSkOw,ハヤトの野望,['Gaming'],98243,1640,0,50
2025-11-25 07:39:00,7bqePXphj2g,乃木坂46『夢の匂い』MUSIC VIDEO,UCUzpZpX2wRYOk3J8QTFGxDg,乃木坂46 OFFICIAL YouTube CHANNEL,['Music'],74153,9957,0,1012
2025-11-25 07:39:00,GxXpkps21Kc,最終回？【 ポケモンルビー 】チャンピオンダイゴ戦🔥みこちと金コイ伝説～最弱からみんなで最強に育てる旅～【ホロライブ/さくらみこ】,UC-hM6YJuNYVAmUWxeIr9FeA,Miko Ch. さくらみこ,['Gaming'],280001,12545,0,160
2025-11-25 07:39:00,gSXQd_5ht0E,【DANCE VIDEO】君セン！ / iLiFE! 【振り動画】,UChVflUz2J_jaaqYjXqvpmQA,iLiFE!【あいらいふ】,['Music'],326279,20325,0,972
2025-11-25 07:39:00,4Ddbjkyy2C0,【深夜にパチ配信】東京グールとかのかりとエヴァ15を全力生実践LIVE！パチスロパチンコライブ,UCDhOdoqPxv96djR3tSq9NoA,ショコラ大佐の秘密基地,['Entertainment'],118420,840,0,0
2025-11-25 07:39:00,4Xt_hR0KNvY,IS:SUE (イッシュ) 'Super Luna' Performance Video,UCqKNMJ5s_vsf7WkesdBrvQA,IS:SUE,['Music'],53990,7154,0,1453
2025-11-25 07:39:00,YMxjZF3gtoM,【Shadow Corridor】三姉妹ホラーゲーム実況【第一夜 -路地-】,UCAWxPGGuIfWME2KTLUmSCHw,ぱかチューブっ!【ウマ娘公式】,['Gaming'],150295,9402,0,577
2025-11-25 07:39:00,MRYXsF2lblY,RIIZE 'Sticky Like' (Official Audio),UCdVD0MsYecQaIE5Ru-pOIQQ,RIIZE,['Music'],116056,14676,0,803
2025-11-25 07:39:00,PJyQaQosJpk,【クラロワ】アプデ来たからレベル16でトロ１５０００まで蹂躙する【ClashRoyale】,UCeA0fcfLVewbuD7H5YsrpdA,ライキジョーンズ,['Gaming'],64682,790,0,0
2025-11-25 07:39:00,ayjRv2g2UqY,ムカつく -another story- feat. 高梨小麻（CV：石見舞菜香）／HoneyWorks,UCAaGaynFpku5cAx6OOSrW-w,HoneyWorks OFFICIAL,['Music'],305450,17996,0,765
2025-11-25 07:39:00,-dfR8iYqwK4,なんでこういう事するんや？初使用選手含む全員アニバーサリーの選手でリアタイしたら害悪プレイヤーに遭遇しました【プロスピA】# 1756,UCy9GuRXGTm8TliQ-OJ7KwzA,【V.I.P】,['Gaming'],126062,2682,0,424
2025-11-25 07:39:00,L6tkKvVCs0Y,【MV】どーでもいいよ／まふまふ,UCOTR1tcOAhjgi6YukrPpZxg,まふまふちゃんねる,['Music'],74272,9855,0,513
2025-11-25 07:39:00,VhzqSrscVP8,【Lobotomy Corporation】都市のキノコにご用心part49【未遭遇アブノマ回収編】【ゆっくり実況】,UC8rk-fIWJXYlSF8tkfG9wWg,天色鮫,['Gaming'],104500,4889,0,352
2025-11-25 07:39:00,OWpLhNyqeqg,Novelbright - 夢花火 [Official Live Video],UCIJAlAYCNN8RACtDDsy9K6g,Novelbright,['Music'],28525,3293,0,363
2025-11-25 07:39:00,6mP-mEHEQcw,日本人を狙う30人チーター中国クランを崩壊させてみた【RUST 実況】,UCXEo7JprZQGCPkezcZylHlQ,黒炭酸,['Gaming'],105376,6878,0,1016
2025-11-25 07:39:00,kCnD_dMyJ3M,The Bible of The “Eden”,UCZwcUEEjD8RVzB-TAw1ts3g,Eden - Topic,['Music'],46324,2206,0,0
2025-11-25 07:39:00,MarWse2JmWU,【パチスロ生配信】今日も懲りずにまずはスマスロ北斗でコンプリート目指す！PACHINKO SLOT生放送パチンコパチスロ実戦！11/24,UCOVLrBaOiMH5QDKXTycZ8Pw,やっちゃんの崖っぷちスロパチ生活,['Gaming'],285650,3302,0,22
2025-11-25 07:39:00,ANU0lVGfWyo,NOT ME,UCNVIo0UJXTdEnsRkCB9Q03w,ILLIT - Topic,['Music'],180429,23077,0,1895
2025-11-25 07:39:00,taSKSaq5qh8,【ArcRaiders】アークレイダーズ ボス討伐編【にじさんじ/ローレン・イロアス】,UCgmFrRcyH7d1zR9sIVQhFow,ローレン・イロアス / Lauren Iroas【にじさんじ】,['Gaming'],230833,3967,0,26
2025-11-25 07:39:00,WsLcF1ojgFU,アンジュルム『トラブルメーカー』〜Dance Practice Ver.〜,UCDwcZ85zjLKD-3-jqlv1wQQ,アンジュルム,['Music'],25365,2285,0,316
2025-11-25 07:39:00,SWdjfMIkQCg,アザールが最強能力×モメンタムバーストで 頂点ST界の王に君臨しました【eFootball2026アプリ】,UC070fhnqq38qNhqHm5rxTcQ,令和ちゃんねる,['Gaming'],92335,1652,0,126
2025-11-25 07:39:00,8j4RM-bBYvA,福本大晴「すっぴんLOVE」（Music Video）YouTube Edition,UCXqWKjzm2YMH6Bs7rAmsKFw,福本大晴,['Entertainment'],8548,938,0,300
2025-11-25 07:39:00,xuL1CDdhsOg,【東京喰種】検証！！パワーストーンつけたら喰種で勝てるのか！？生配信260日目,UCYA14rrNjvQq_P_YSNeJHgA,スロライブ,['Gaming'],210484,2083,0,0
2025-11-25 07:39:00,QRTGKxrKBPM,インビジブル / 歌ってみた【あらき×榊ネス】,UCBhPDpv9JavoPADrZcsAC2A,あらき-ARAKI Official,['Music'],349044,35601,0,960
2025-11-25 07:39:00,UfVkyXaTGcs,【まとめ】ミオしゃを褒めないとスジモンになるフブさんとみこスバの『マリカサバイバル』面白トークまとめ【大空スバル/さくらみこ/白上フブキ/ホロライブ切り抜き】,UCqMRVBz-hhSFRuqlL1guqig,あひるだっく,['Gaming'],112609,3602,0,78
2025-11-25 07:39:00,0-74AHbFWic,＝LOVE（イコールラブ）/ 19th Single c/w『Queens』リハーサル定点映像 (from 8th ANNIVERSARY PREMIUM TOUR),UCv7VutirxDn3RWIJXI68n_A,＝LOVE（イコールラブ）公式チャンネル,['Entertainment'],126072,10864,0,618
2025-11-25 07:39:00,yRhin7unPeI,これが恐らくビーフ最後の輝きでしょうね【龍が如く８外伝 Pirates in Hawaii】＃４１,UCZMRuagdTBKmmrFtSMN48Xw,牛沢,['Gaming'],120117,4126,0,429
2025-11-25 07:39:00,QJpTBz916MI,にっこり^^調査隊のテーマ / まぐねっと部 cover【宝鐘マリン・火威青・しぐれうい・ルンルン】,UCCzUftO8KOVkV4wQG1vkUvg,Marine Ch. 宝鐘マリン,['Entertainment'],914640,101125,0,2785
2025-11-25 07:39:00,TAL-HXKac80,YOUR CHANCE TO GET 10K GEMS!,UCooVYzDxdwTtGYAkcPmOgOw,Brawl Stars,['Gaming'],1989544,60500,0,1985
2025-11-25 07:39:00,vpXtzSpyV_8,tripleS(트리플에스) msnz neptune ‘Fly Up’ Official MV,UCJnL-TBcsYrF2SLs7tmiC8Q,tripleS official,['Music'],139348,13791,0,703
2025-11-25 07:39:00,l57EJ_eLsIc,【攻略法発覚】L荒野のコトブキ飛行隊 相次ぐ撤去について【ゴトブキ】,UCYXmyrGUVL8tX7VEvo_DjPw,シャル@ツモらせ隊,['Entertainment'],70678,919,0,417
2025-11-25 07:39:00,KDC-EOsNzAg,NCT DREAM 엔시티 드림 'Beat It Up' Dance Practice,UCXURHJRGr4-EB3l87kcbElw,NCT DREAM,['Music'],79415,14958,0,460
2025-11-25 07:39:00,gYEhRoknpZQ,【シャドバWB】愛知大会を〝ムゲン・ほーちゃんドラゴン〟1本で破壊してきた男の物語【Shadowverse: Worlds Beyond】,UCqeAYB1DMzfM-hG-Up52yNQ,つるおかかものはし,['Gaming'],77484,815,0,155
2025-11-25 07:39:00,FFXSoSl_lGg,Vaundy LIVE “僕にはどうしてわかるんだろう” 2025.11.16 one man live VAWS hall tour “little punk” at 東京ガーデンシアター,UC1FQWQ3y3-e8l1pCtWhJt5A,Vaundy,['Music'],84150,4331,0,168
2025-11-25 07:39:00,UFozBQrnmII,【桃鉄】今夜は無礼講！4人で新作桃鉄を遊ぶぞおおおおおおおお！！ぺこ！【ホロライブ/兎田ぺこら】,UC1DCedRgGHBdm81E1llLhOQ,Pekora Ch. 兎田ぺこら,['Gaming'],749590,24718,0,395
2025-11-25 07:39:00,4oml768wFnk,REAL,UC8eq3M3Yft3FUgxEX6lOZMg,chotokkyu - Topic,['Music'],28256,2893,0,153
2025-11-25 07:39:00,XtTT5XdZVpw,シークレットな最終回※ちょっと動画長いよ【ゆっくり実況】,UCOjkVJQcjtWnpf0-1ft4brA,ゆっくりむちゃたぬき,['Gaming'],60992,3600,0,180
2025-11-25 07:39:00,s5dFrPwvbHY,‘있잖아' - BOYNEXTDOOR (보이넥스트도어) | DOORGROUND,UChhKBlh_wvspTh5n4mL0b5g,BOYNEXTDOOR,['Music'],82706,19068,0,1233
2025-11-25 07:39:00,S3Q33-4q1xo,【桃鉄2】3年決戦ついに決着! 最下位を回避するのはどっちだ!? #8【霜降り明星】,UCpGpA7mSYmNJjLiJxKso5QA,しもふりチューブ,['Comedy'],77138,1010,0,75
2025-11-24 12:00:08,gSXQd_5ht0E,【DANCE VIDEO】君セン！ / iLiFE! 【振り動画】,UChVflUz2J_jaaqYjXqvpmQA,iLiFE!【あいらいふ】,['Music'],190275,16434,0,880
2025-11-24 12:00:08,vMg1KAFAKiY,'이게 맞아?! 시즌2' Main Trailer,UCLkAepWjdylmXSltofFvsYQ,BANGTANTV,['Music'],200656,66713,0,4652
2025-11-24 12:00:08,4l9Ni3tjbwM,【#にじ遊戯王祭2025】にじさんじ遊戯王マスターデュエル祭 2025 Day2：敗者復活＆決勝トーナメント,UCX7YkU9nEeaoZbkVLVajcMg,にじさんじ,['Gaming'],1035402,11756,0,104
2025-11-24 12:00:08,ayjRv2g2UqY,ムカつく -another story- feat. 高梨小麻（CV：石見舞菜香）／HoneyWorks,UCAaGaynFpku5cAx6OOSrW-w,HoneyWorks OFFICIAL,['Music'],163598,14143,0,675
2025-11-24 12:00:08,dCmNVtLsYzA,TVSP『アンデッドアンラック』Winter編 メインPV／Undead Unluck |Main Trailer,UCkVvAm5jb62IMIJQj4wPVGA,TMSアニメ公式チャンネル,['Film & Animation'],64184,4621,0,274
2025-11-24 12:00:08,jRgzfKDTI7g,超スローになったり超高速になる世界でエンドラ討伐【マイクラ】,UCj4PjeVMnNTHIR5EeoNKPAw,ドズル社,['Gaming'],261062,8200,0,288
2025-11-24 12:00:08,yxXNIzrfPNQ,Trap,UC6qVAJzxF5kSN_UUFSdODiQ,MAZZEL - Topic,['Music'],25352,3676,0,538
2025-11-24 12:00:08,UFozBQrnmII,【桃鉄】今夜は無礼講！4人で新作桃鉄を遊ぶぞおおおおおおおお！！ぺこ！【ホロライブ/兎田ぺこら】,UC1DCedRgGHBdm81E1llLhOQ,Pekora Ch. 兎田ぺこら,['Gaming'],681371,23737,0,326
2025-11-24 12:00:08,QJpTBz916MI,にっこり^^調査隊のテーマ / まぐねっと部 cover【宝鐘マリン・火威青・しぐれうい・ルンルン】,UCCzUftO8KOVkV4wQG1vkUvg,Marine Ch. 宝鐘マリン,['Entertainment'],788300,93480,0,2650
2025-11-24 12:00:08,6hIKI8RZ1ys,【パチスロ生配信】千葉県ピーアーク千葉駅前店でスマスロ北斗取れた！今日こそはコンプするかも！後半戦！PACHINKO SLOT生放送パチンコパチスロ実戦！11/23,UCOVLrBaOiMH5QDKXTycZ8Pw,やっちゃんの崖っぷちスロパチ生活,['Gaming'],428960,6958,0,15
2025-11-24 12:00:08,QRTGKxrKBPM,インビジブル / 歌ってみた【あらき×榊ネス】,UCBhPDpv9JavoPADrZcsAC2A,あらき-ARAKI Official,['Music'],272795,31927,0,905
2025-11-24 12:00:08,9XNqe5r8xHI,【#ARCRaiders】ヘイチームアップ【イブラヒム、ローレン】,UCSFCh5NL4qXrAy9u-u2lX3g,Kuzuha Channel,['Gaming'],380793,5652,0,18
2025-11-24 12:00:08,0-74AHbFWic,＝LOVE（イコールラブ）/ 19th Single c/w『Queens』リハーサル定点映像 (from 8th ANNIVERSARY PREMIUM TOUR),UCv7VutirxDn3RWIJXI68n_A,＝LOVE（イコールラブ）公式チャンネル,['Entertainment'],94088,9382,0,572
2025-11-24 12:00:08,oLY17RG3OMI,体調不良で離脱していたk4senが乱入するリアルバックショット【The k4sen Con 2025 DAY 1 Supported by ロリポップ！ for Gamers byGMOペパボ】,UChUjERVG8eKEAJSCef-tTmg,k4sen / かせん,['Gaming'],119890,2591,0,205
2025-11-24 12:00:08,kCnD_dMyJ3M,The Bible of The “Eden”,UCZwcUEEjD8RVzB-TAw1ts3g,Eden - Topic,['Music'],17692,1436,0,0
2025-11-24 12:00:08,7gDl4S3wB14,超激レアの新しいブレインロット6体全て盗むロブロックス (Roblox),UC9Lx-zRFGfpuls27tNAOIqA,マエスケ,['Gaming'],305892,6496,0,656
2025-11-24 12:00:08,4oml768wFnk,REAL,UC8eq3M3Yft3FUgxEX6lOZMg,chotokkyu - Topic,['Music'],12494,2072,0,126
2025-11-24 12:00:08,dolefeooLzc,誰もが驚く闇がある「回転寿司屋🍣」で働くホラーゲームが怖すぎる【The Sushi House】,UCzXjPL7zo0bxhOYDxLJ9YEg,ポッキー,['Gaming'],130468,3241,0,234
2025-11-24 12:00:08,tPMkWfK6N-E,[STAGE CLIP] 'Wolf type' ~ 'Feel the Pulse' | ROCK IN JAPAN FESTIVAL 2025 | &TEAM,UCHD1jo5RhijLfx5-0Ehe_cg,&TEAM,['People & Blogs'],58936,7403,0,409
2025-11-24 12:00:08,snH3HQSF7Ew,KONAMIやってくれたなぁ！！大金かけて獲得したバッキーがナックルの弱体化を受けた結果...【プロスピA】# 1755,UCy9GuRXGTm8TliQ-OJ7KwzA,【V.I.P】,['Gaming'],162522,3120,0,581
2025-11-24 12:00:08,FFXSoSl_lGg,Vaundy LIVE “僕にはどうしてわかるんだろう” 2025.11.16 one man live VAWS hall tour “little punk” at 東京ガーデンシアター,UC1FQWQ3y3-e8l1pCtWhJt5A,Vaundy,['Music'],38826,3066,0,143
2025-11-24 12:00:08,DOmdfYIPBXE,トゥルトゥルトゥルサフールの都市伝説を検証した結果...マイクラ都市伝説【 マイクラ / マインクラフト 】,UCHazKLThRbMyMFu2bVAKhng,ウォーターチャレンジ,['Gaming'],218681,2327,0,78
2025-11-24 12:00:08,NED7nev2ywQ,"Stray Kids ""Do It"" M/V",UCaO6TYtlC8U5ttz62hTrZgg,JYP Entertainment,['Music'],24346533,1252918,0,119417
2025-11-24 12:00:08,BT4XRgmCjjQ,【PUACL2026日本リーグ】Day1 | Pokémon UNITE Asia Champions League 2026 JAPAN League | ポケモンユナイト A配信,UCvo8JUqHh2d1QGnK3LKyI4Q,ポケモンユナイト公式チャンネル,['Gaming'],190832,,0,15
2025-11-24 12:00:08,IZ9kqxCDvAs,【期間限定公開】M!LK - 好きすぎて滅！(from CDTVライブ！ライブ！),UCFvSFbT8okMrpuFxBEIB2lg,M!LK,['Music'],460763,24497,0,1705
2025-11-24 12:00:08,VXsWwTTgt78,【 🔴同時視聴 】#FLOWGLOW  の3Dライブを一緒に楽しもう！🌽🍙【 #にゃんぐこーん/ホロライブ 】,UCvaTdHTWBGv3MKj3KVqJVCw,Okayu Ch. 猫又おかゆ,['Entertainment'],238401,11368,0,62
2025-11-24 12:00:08,5ftlnz91DaM,【MAD】イマジナリー息子,UCkKj-SiKyiFkj_dO1vmY3gA,加藤純一RECORDS,['Entertainment'],55733,4987,0,333
2025-11-24 12:00:08,oslNxV_8Q2c,【Minecraft】ラムベガスで儲かる方法‼ 施設作りにいくにぇ！！！！！！！！【ホロライブ/さくらみこ】,UC-hM6YJuNYVAmUWxeIr9FeA,Miko Ch. さくらみこ,['Gaming'],232223,10133,0,106
2025-11-24 12:00:08,6L7xTio0QyY,【MV】AIM&RHYME / りうら【FAKE TYPE.書き下ろし】,UCBuLdF0tQn5oZjpvYWSQkaA,Liura Channel,['Entertainment'],17827,4082,0,423
2025-11-24 12:00:08,sgi_eji-ysM,【ArcRaiders】イブラヒムと葛葉とドンシュー【にじさんじ/ローレン・イロアス】,UCgmFrRcyH7d1zR9sIVQhFow,ローレン・イロアス / Lauren Iroas【にじさんじ】,['Gaming'],243301,5152,0,55
2025-11-24 12:00:08,DG4ax7ec64o,クラシックを弾くと思っている海外の観客にマリオを弾いちゃうピアニストwww,UC_DopZ9OANqNGho0wFwADqA,けいちゃん / Keichan,['Music'],316028,4213,0,224
2025-11-24 12:00:08,oVwGURkvEq4,直近10日で50万溶けてるパチスロという神ゲー　そろそろ勝てるべき【夜勤明け 実践 1504】,UCOXOcEbERAwGlE4ig9MaLSQ,夜勤明けパチンコパチスロ実践記,['Entertainment'],100701,1469,0,582
2025-11-24 12:00:08,lUHLwBOY04I,【崩壊：スターレイル】零光 | 宮野真守 / EVAKOI - HoYoFair,UCHzevlEL9JfsBIm86uNCJqg,宮野真守,['Music'],74989,9549,0,227
2025-11-24 12:00:08,UF4n5zmzx9A,普段下手くその中身がエンドラRTAガチ勢だった時いつバレるのか？ドッキリ！,UCDbUUremwf8k1x1GTYfB1Ng,ニート部クラフト,['Gaming'],99549,3205,0,200
2025-11-24 12:00:08,xcqjxAXsbHU,BUMP OF CHICKEN「I」,UCOfESRUR5duQ2hMnTQ4oqhA,BUMP OF CHICKEN,['Music'],415760,24504,0,1105
2025-11-24 12:00:08,Yy2ZovGi-Uk,【#10】SFC版 ドラゴンクエストIII そして伝説へ…：Dragon Warrior III【ホロライブ/大空スバル】,UCvzGlP9oQwU--Y0r9id_jnA,Subaru Ch. 大空スバル,['Gaming'],328367,9046,0,116
2025-11-24 12:00:08,tmVYOETfA10,"MAKE IT, BREAK IT",UC3VId8brfshtHO6gMMqnZ5A,FLOW GLOW - Topic,['Music'],6245,1168,0,46
2025-11-24 12:00:08,uQc-pW3QLuI,Race Highlights | 2025 Las Vegas Grand Prix,UCB_qr75-ydFVKSF9Dmo6izg,FORMULA 1,['Sports'],5655537,109593,0,4853
2025-11-24 12:00:08,IW14wQJKSC4,"IO - Trust Me feat. Crystal Kay, Shurkn Pap (Prod. YoungBeat’s Instrumental)",UC__iCxFigPdcry_UBv6sDGw,IO,['Music'],67235,3468,0,139
2025-11-24 12:00:08,kuetvJE_C_U,【 #にじ遊戯王祭2025 】　D　A　Y　2　決　勝　ト　ー　ナ　メ　ン　ト　【にじさんじ/加賀美ハヤト】,UCmovZ2th3Sqpd00F5RdeigQ,加賀美 ハヤト/Hayato Kagami,['Gaming'],150854,3897,0,63
2025-11-24 12:00:08,nbzmTUB-FCs,【パンダドラゴン】Winter Song 防衛隊【13th Single】,UCwJYQvXHtNn1c7RqED4E7MA,パンダドラゴン,['Music'],9845,1022,0,172
2025-11-24 12:00:08,2HwsSTLuA8A,【響咲リオナ３Dソロパート】ホロメン達の反応集【さくらみこ/ラプラス・ダークネス/鷹嶺ルイ/アーニャ・メルフィッサ/儒烏風亭らでん/猫又おかゆ/白上フブキ/AZKi/風真いろは】,UCylNKKCfPMm8ROXasQWTonA,響咲リオナの足,['Entertainment'],104862,3444,0,404
2025-11-24 12:00:08,fiG_T-0zFT8,【超学生】IRIS OUT @歌ってみた,UCxIK6x6sG7Ln5vjjPYpgeAw,Chogakusei Official,['Music'],348028,26930,0,1385
2025-11-24 12:00:08,ZXrcsNlbtgs,【深夜にパチ配信】東京グールとかのかりとエヴァ15を全力生実践LIVE！パチスロパチンコライブ,UCDhOdoqPxv96djR3tSq9NoA,ショコラ大佐の秘密基地,['Entertainment'],104394,922,0,0
2025-11-24 12:00:08,I9U5JRfZ4bA,【戦極MC】ヘッズ選ぶBEST BOUT TOP30 バース集【総票数1800票】,UC15ebOqdhmvl1eb0s0jk5aw,戦極MCBATTLE,['Music'],16185,591,0,97
2025-11-24 12:00:08,HIE0fSPuvLY,【生配信】今日を生き残って明日も配信せよ！ #パチンコ #shorts #パチスロ,UCBA-kvU_zYdKreZbhhywX2Q,あいずちゃんねる,['Gaming'],167193,819,0,13
2025-11-24 12:00:08,dhzVHS8C_nc,11/23（日）【バジリスクⅡ】今夜もまったり☆家スロナイト♬ （╹◡╹）エンディング（24話以降）目指して！！（笑）  #スロットライブ #家スロ #バジリスク,UCHVkYOT63gAz5yTxjo68_Ng,家スロットゲームパンダ’s ROOM@琉球🐼🪸,['Gaming'],82069,491,0,0
2025-11-24 12:00:08,W3eUZa56o0s,数量限定の激レアブレインロットをすべて盗む【ロブロックス/ROBLOX】,UCILZFnKZJksR7zwhZbAB4vw,れじぇくん,['Gaming'],157627,3135,0,1238
2025-11-24 12:00:08,zupf7Kwx6v4,チェンソーマン vs マイクラ  魔人になって戦争してみた,UCoQhX2O93MVTWfgIz-8wOmg,KUNの50人クラフト,['Gaming'],101896,2305,0,164
2025-11-24 12:00:08,QebVV6D641k,よしなまが作ったゲーム「マモンキング」PVを見る加藤純一【2025/11/22】,UCH-lygWpHodDff3iQurnWnQ,加藤純一切り抜き集,['Entertainment'],87425,587,0,443
2025-11-28 08:18:18,ZOEZ_cRIkhY,STARGLOW / Moonchaser [BMSG FES'25] DAY1,UCKsVfYfguU3s5vMO5yhcWdw,STARGLOW Official,['Music'],179951,19879,0,1335
2025-11-28 08:18:18,NUSpibeVoO0,失われたチャプター: ユキの復讐 | ティザートレーラー,UCwF6o6cF7BMTY1-OZ7ZUY7Q,フォートナイト 公式,['Gaming'],35863,1088,0,104
2025-11-28 08:18:18,8B2XU-fUS58,【777リーグ3rd】実戦バトル 第14回戦 (1/3) - 777.LEAGUE3rd【スリーセブンリーグ3rd】[髭原人/シーサ。/レビン/水樹あや],UC0wuDDYK-QTwneeZ6x6pPbw,777パチガブチャンネル,['Entertainment'],327944,4096,0,594
2025-11-28 08:18:18,F3C87lOmZBM,RIIZE(라이즈) _ Fame | 1theKILLPO | 원더킬포 | 퍼포먼스 | Performance | 4K,UCqq-ovGE01ErlXakPihhKDA,1theK Originals - 원더케이 오리지널,['Entertainment'],208370,19012,0,1744
2025-11-28 08:18:18,wEKNPc0cm9Y,映画『ウィキッド 永遠の約束』本予告＜2026年3月6日(金)より、全国ロードショー！＞,UC9llDCAObCbGpsaa66fClKw,ユニバーサル・ピクチャーズ公式,['Film & Animation'],19889,699,0,
2025-11-28 08:18:18,6yMFwpzbQCY,モンストニュース[11/27]モンストの最新情報をお届けします！【モンスト公式】,UCd9BXPj-KcMTh0HiB-Vlb8A,モンスト（モンスターストライク）公式,['Gaming'],450110,4363,0,263
2025-11-28 08:18:18,ES9oYbzYCh8,ILLIT (아일릿) 'NOT CUTE ANYMORE’ Performance Film,UC3IZKseVpdzPSBaWxBxundA,HYBE LABELS,['Music'],694141,71417,0,2120
2025-11-28 08:18:18,Nxq6nJJVx5A,燃えろ早抜け選手権！【マイクラ】,UCj4PjeVMnNTHIR5EeoNKPAw,ドズル社,['Gaming'],231548,8227,0,275
2025-11-28 08:18:18,StcmgD_0aRI,モニタリング Cover / Gero,UCFuugQScqDfJcsOEWbL1_tg,Gero Channel,['Music'],167668,12911,0,2804
2025-11-28 08:18:18,o3PX7EjBjvg,50人クラフトBAN覚悟のガチなんでもバスケット,UCoQhX2O93MVTWfgIz-8wOmg,KUNの50人クラフト,['Gaming'],134214,4260,0,419
2025-11-28 08:18:18,VWg0218G38c,現在がとんでもなく悲惨な事になってるYouTuber4選,UCHvFSU5OP6c7QcJxIr87YtA,ウタエル Utael,['Entertainment'],138741,1642,0,283
2025-11-28 08:18:18,ckKFtSlZ5Lw,闘いの儀開始の宣言をしろ！磯野ぉ！【モンストニュース】,UCqfELxLmasBwYET4ZAMfMqA,がみくん,['Gaming'],129232,1565,0,348
2025-11-28 08:18:18,Am2ElEWNvTY,LEX - 完璧だ (Music Video),UCeTo4Eh0TzpKbUL4vGQZ73A,LEX *,['People & Blogs'],99167,4696,0,244
2025-11-28 08:18:18,y7XtQu1z9hw,かぐや様は告らせたい｜1GAMEてつの妖回胴中記# 336【パチスロ・スロット】,UCTgIFU4_hG6aA7VfWS8blQg,1GAME TV パチンコパチスロ実践動画,['Gaming'],91321,1007,0,152
2025-11-28 08:18:18,AfKzB2lXo7I,SLAVE (Nissy Entertainment “Re:10th Anniversary Final” BEST DOME TOUR),UCkv76wCrBDQNn7ctcbn6Qeg,Nissy - Topic,['Music'],27405,1038,0,57
2025-11-28 08:18:18,5m86CgLR0Fg,【マイクラ】ゾムも思わず突っ込む最弱の鬼シャオロンいきます【本気れんぼ】,UCsoW5-5KCPFAZwfGU-POUvA,まじめにヤバシティ,['Gaming'],105882,6575,0,237
2025-11-28 08:18:18,b9z3Iaz5Zrc,ヤングスキニー - るっせぇ女【Official Music Video】,UCcg_rvE-fU2tATMwBAxW9bA,ヤングスキニー,['Music'],163694,7448,0,339
2025-11-28 08:18:18,WT1LFvt07Gw,k4senの舌打ちから人狼が始まるマ農場【Farming Simulator 25】,UChUjERVG8eKEAJSCef-tTmg,k4sen / かせん,['Gaming'],106091,2078,0,60
2025-11-28 08:18:18,5oKKmCT-_4s,大・団・円  / T-Pis MV,UCWXDEaOxoT8gkk83ZEB5Onw,TP ZONE,['People & Blogs'],25667,2018,0,162
2025-11-28 08:18:18,6-9ej0ztMUA,【バッチ参戦でほぼカッパ!?】ビッグバンするまで終わらないネオプラ実戦　【新台の村田 with 松本バッチ】#ネオプラネット #JIRO　#松本バッチ,UCv0F5yCdnwnBTrcJO2Yr3lQ,きむちゃんねる,['Entertainment'],115649,810,0,65
2025-11-28 08:18:18,XILnJKGc0yo,INI｜'U MINE' Performance Video,UCc-itdQHxLvUlPrDxIiSJrA,INI,['Entertainment'],270938,20950,0,3779
2025-11-28 08:18:18,5eHGs7lX09s,うんこちゃんのイナズマイレブン 英雄たちのヴィクトリーロード 実況プレイPart5※ネタバレ注意,UCx1nAvtVDIsaGmCMSe8ofsQ,加藤純一【jun channel】,['Gaming'],171855,1585,0,1229
2025-11-28 08:18:18,hcJEQXJIALo,ONE N' ONLY／ “RIDE” Music Video,UC8Qwnts13zIh2EYUCau6m3w,ONE N' ONLY TV,['Entertainment'],81335,4109,0,591
2025-11-28 08:18:18,SMAnw64aTXc,世界で８人しか貰えない契約書を開封！交換会に出す選手も今日発表します！！【プロスピA】# 1758,UCy9GuRXGTm8TliQ-OJ7KwzA,【V.I.P】,['Gaming'],152655,2793,0,1203
2025-11-28 08:18:18,5UBc2gXGwKc,Seishun Rock 'n' roll,UC3PFoXZPFJGy9F4PG84nNQQ,Soala - Topic,['Music'],23867,304,0,9
2025-11-28 08:18:18,sEe1U-vDP5k,この界隈はもう熊とか虎じゃ驚かないんだから【龍が如く８外伝 Pirates in Hawaii】＃４４,UCZMRuagdTBKmmrFtSMN48Xw,牛沢,['Gaming'],104425,3308,0,261
2025-11-28 08:18:18,5-o_tvuKSfM,【Official】Uru 「愛」,UCdPCarwi28K5Z7s5l2nMiLw,Uru Official YouTube Channel,['Music'],83895,4785,0,175
2025-11-28 08:18:18,-DkSyDEQloM,機動戦士ガンダム エクストリームバーサス２ インフィニットブースト「イニブ情報局 ～TOKYO Showdown予選直前SP～」,UCJxxoli_XbupD8SK_TtytAQ,バンダイナムコ アミューズメントユニット公式チャンネル,['Gaming'],94018,,0,7
2025-11-28 08:18:18,CXcBo03He2A,ミジ子の恋,UCDBdcJ3JIg2sjDg8QR3xp-g,Iyowa - Topic,['Music'],48401,5054,0,237
2025-11-28 08:18:18,UiHPfikroWg,【緊急/新環境】シャドバに息苦しさ感じてる奴これ見ろ‼️クピタンえろすぎて胸が苦しくて窒息しそうだぞ‼️復帰しろ‼️【Shadowverse: Worlds Beyond】,UCqeAYB1DMzfM-hG-Up52yNQ,つるおかかものはし,['Gaming'],75513,930,0,310
2025-11-28 08:18:18,mdI6LWIe8Og,稲垣潤一 - クリスマスキャロルの頃には (2025.10.11 稲垣潤一コンサート2025  at 板橋区立文化会館),UCapLmxI6gv5WBd3N3sUVG8Q,稲垣潤一 Official,['Music'],10672,827,0,59
2025-11-28 08:18:18,ZjN51G8c5-k,【ドラクエウォーク】根絶やしの竜のソロ安定攻略法！1年前の覇権武器で楽勝でした！,UC9-yZkJfxtg6WNCX5mUQb0w,ノゴローチャンネル,['Gaming'],65449,804,0,28
2025-11-28 08:18:18,G36amiUCkXU,Juice=Juice『盛れ！ミ・アモーレ』(Concert 2025 Queen of Hearts Special Flush),UC6FadPgGviUcq6VQ0CEJqdQ,Juice=Juice,['Music'],527594,29666,0,5848
2025-11-28 08:18:18,YH_PW-Y7LF0,【マリオカートワールド】くさあん1st / #2,UCL7VEatXa9yBCKeM-ww8TnA,NX☆くさあん,['Gaming'],58879,1924,0,99
2025-11-28 08:18:18,u6nhdi1pJWI,"LIBRO ""なかいま feat. 鎮座DOPENESS""",UCxhPsqKunv6674tZcQoEzOg,LIBRO,['Music'],17180,1468,0,70
2025-11-28 08:18:18,eLCjlEYBN3U,課金しまくって放射性ラッキーブロックを100個開けるロブロックス (Roblox),UC9Lx-zRFGfpuls27tNAOIqA,マエスケ,['Gaming'],478266,16820,0,1156
2025-11-28 08:18:18,FuGOa47BBqg,Brand New Episode,UCy2IDlWr4fbdO2dbka98bSg,HACHI - Topic,['Music'],49279,1274,0,15
2025-11-28 08:18:18,dIPZHyTBFz0,『ドラゴンクエストウォーク』の新情報をお届け「スマートウォーク」#131,UCtceiniicYEsbAVuWy-Bi0Q,ドラゴンクエストウォーク公式,['Gaming'],204320,2196,0,272
2025-11-28 08:18:18,tdYPGxusaYs,NiziU 「♡Emotion」 FanCam – MAYUKA ver -,UCHp2q2i85qt_9nn2H7AvGOw,NiziU Official,['Entertainment'],43380,2914,0,157
2025-11-28 08:18:18,oYKdO-eEHg4,MAX80キロの投手がイーファスピッチを覚えたら魔球に!?  球速80キロの投手がクローザーを目指す物語#6【プロスピ2025】【アカgames】,UC5wr1qJKJOrHHK-haeZkfbg,アカgames,['Gaming'],69959,1328,0,243
2025-11-28 08:18:18,Lj1Qi3-zQgg,あの娘は邪惡！,UC5nxCVEWQLLfkPuMylpkYkA,ロス,['Entertainment'],41359,5535,0,162
2025-11-28 08:18:18,uGM14iCUu0w,加藤純一が禁煙失敗した理由【2025/11/26-27】,UCH-lygWpHodDff3iQurnWnQ,加藤純一切り抜き集,['Entertainment'],125718,1192,0,506
2025-11-28 08:18:18,G_oNwC_PjfU,【原神】「強化ウェンティ」は強いのか？先行解説します。性能/武器/聖遺物/PT編成…全てが分かる！【魔導/上方修正】,UCjJmYy279ehSYSwR1A3fXtA,マグロヘッド,['Gaming'],120473,3389,0,374
2025-11-28 08:18:18,Bj6tJxDPzoY,みんなでパンを作って1か所に合流しよう!!(ただし100人に邪魔されながら)【マインクラフト】,UClNdVSK1uy2xFHTaXZYXopw,らっだぁ,['Gaming'],278834,11813,0,324
2025-11-28 08:18:18,4_l1VyTNzrs,【は？】怪しすぎるブレインロットを盗むサーバーに潜入するロブロックス..【ROBLOX】,UCH4yRBPH2pDUjPeqomx8CTQ,てるとくん,['Gaming'],80444,2542,0,1474
2025-11-28 08:18:18,OoLflKFs7YY,【MIMESIS】ヒトの言葉を学習して欺いてくるAIにビビりまくるフブぺこ奏ヴィヴィ【2025.11.26/ホロライブ切り抜き】,UCUbAVVpHteGtGQPPN9lM3oQ,ホロライブ切り抜き/なめたけ,['Entertainment'],133534,3300,0,321
2025-11-28 08:18:18,n7pO7F_kP0k,【原神】エピソード ドゥリン「家族への手紙」,UCAVR6Q0YgYa8xwz8rdg9Mrg,原神-Genshin-公式,['Gaming'],154467,18361,0,620
2025-11-28 08:18:18,2c_b4Q2LIeA,【モンスト】遊戯王コラボ最終決戦は超激ムズの予感！？超究極『闇遊戯』降臨！今年もクリスマスα開催！《ジャックα / パスカルα / ジャヒーα》登場！『★5以上キャラ50%10連ガチャ』開催！【しろ】,UCL72kYW8XK4R61kp1R9K69Q,しろ,['Gaming'],59604,664,0,158
2025-11-28 08:18:18,WVVv8Uyok_U,サビ組さんにはよくしてもらってます｜ポケモンZA #20,UCMzLWawc9x3rUsqYDEfgqzA,ジャック・オ・蘭たん,['Gaming'],163279,5743,0,835
2025-11-28 08:18:18,JoqhTXkGVVk,【返して】歴代ドラゴンのPPブーストを紹介＆Tier格付け【旧シャドバ】,UC0oUS_AySEl6fiYgRgPJJ9g,うさみんみ,['People & Blogs'],34654,1318,0,280
2025-11-25 13:48:23,TVqEwvbZP30,RIIZE 라이즈 'Fame' MV,UCEf_Bc-KVd7onSeifS3py9g,SMTOWN,['Music'],854208,83870,0,6858
2025-11-25 13:48:23,vMg1KAFAKiY,'이게 맞아?! 시즌2' Main Trailer,UCLkAepWjdylmXSltofFvsYQ,BANGTANTV,['Music'],818394,150484,0,8231
2025-11-25 13:48:23,ygIwtR2txaw,キモい顔を爆発させるバケモンに初見殺しされるらっだぁ【R.E.P.O.】,UClNdVSK1uy2xFHTaXZYXopw,らっだぁ,['Gaming'],199463,8717,0,236
2025-11-25 13:48:23,G36amiUCkXU,Juice=Juice『盛れ！ミ・アモーレ』(Concert 2025 Queen of Hearts Special Flush),UC6FadPgGviUcq6VQ0CEJqdQ,Juice=Juice,['Music'],177002,20214,0,3569
2025-11-25 13:48:23,koeM_jz4CdM,超巨大な火山を削りきるまで終われません！【マイクラ】,UCj4PjeVMnNTHIR5EeoNKPAw,ドズル社,['Gaming'],287164,12028,0,1292
2025-11-25 13:48:23,x_RYZsOfpKY,ILLIT (아일릿) 'NOT CUTE ANYMORE’ Official MV,UC3IZKseVpdzPSBaWxBxundA,HYBE LABELS,['Music'],4748508,222178,0,14615
2025-11-25 13:48:23,fiSsGbfus6I,うんこちゃんのイナズマイレブン 英雄たちのヴィクトリーロード 実況プレイPart4※ネタバレ注意,UCx1nAvtVDIsaGmCMSe8ofsQ,加藤純一【jun channel】,['Gaming'],66309,1019,0,670
2025-11-25 13:48:23,llAI08UYyAw,"Stray Kids ""Do It (Overdrive Version)"" M/V",UCaO6TYtlC8U5ttz62hTrZgg,JYP Entertainment,['Music'],1687989,294773,0,9885
2025-11-25 13:48:23,-3TOkp_6gRQ,【#にじ遊戯王祭2025】にじさんじ遊戯王マスターデュエル祭 2025 Day3：星巡り杯 ～銀河の織姫決戦～,UCX7YkU9nEeaoZbkVLVajcMg,にじさんじ,['Gaming'],473773,9104,0,74
2025-11-25 13:48:23,7bqePXphj2g,乃木坂46『夢の匂い』MUSIC VIDEO,UCUzpZpX2wRYOk3J8QTFGxDg,乃木坂46 OFFICIAL YouTube CHANNEL,['Music'],124667,12574,0,1167
2025-11-25 13:48:23,ex7ieF2B09A,男たちが最後の1人になるまで騙し合うREAL Liar's Bar【The k4sen Con 2025 DAY 2 Supported by ロリポップ！ for Gamers byGMOペパボ】,UChUjERVG8eKEAJSCef-tTmg,k4sen / かせん,['Gaming'],146433,2589,0,139
2025-11-25 13:48:23,dx4XsqUGm10,MAZZEL / Only You -Dance Practice-,UCMF_5h2OejEhVorTB02UUSg,MAZZEL,['Music'],109181,15236,0,1182
2025-11-25 13:48:23,qJvjFBhQ6vQ,一人で無限に攻めてくる敵を迎え撃つゲーム,UChn5TjkeEqd-JxzizMVSkOw,ハヤトの野望,['Gaming'],113351,1795,0,53
2025-11-25 13:48:23,gSXQd_5ht0E,【DANCE VIDEO】君セン！ / iLiFE! 【振り動画】,UChVflUz2J_jaaqYjXqvpmQA,iLiFE!【あいらいふ】,['Music'],346563,20789,0,988
2025-11-25 13:48:23,YMxjZF3gtoM,【Shadow Corridor】三姉妹ホラーゲーム実況【第一夜 -路地-】,UCAWxPGGuIfWME2KTLUmSCHw,ぱかチューブっ!【ウマ娘公式】,['Gaming'],177396,10456,0,642
2025-11-25 13:48:23,4Xt_hR0KNvY,IS:SUE (イッシュ) 'Super Luna' Performance Video,UCqKNMJ5s_vsf7WkesdBrvQA,IS:SUE,['Music'],68400,8218,0,1631
2025-11-25 13:48:23,GxXpkps21Kc,最終回？【 ポケモンルビー 】チャンピオンダイゴ戦🔥みこちと金コイ伝説～最弱からみんなで最強に育てる旅～【ホロライブ/さくらみこ】,UC-hM6YJuNYVAmUWxeIr9FeA,Miko Ch. さくらみこ,['Gaming'],291234,12804,0,195
2025-11-25 13:48:23,MRYXsF2lblY,RIIZE 'Sticky Like' (Official Audio),UCdVD0MsYecQaIE5Ru-pOIQQ,RIIZE,['Music'],134974,15950,0,884
2025-11-25 13:48:23,4Ddbjkyy2C0,【深夜にパチ配信】東京グールとかのかりとエヴァ15を全力生実践LIVE！パチスロパチンコライブ,UCDhOdoqPxv96djR3tSq9NoA,ショコラ大佐の秘密基地,['Entertainment'],118869,840,0,0
2025-11-25 13:48:23,L6tkKvVCs0Y,【MV】どーでもいいよ／まふまふ,UCOTR1tcOAhjgi6YukrPpZxg,まふまふちゃんねる,['Music'],84218,10785,0,536
2025-11-25 13:48:23,-dfR8iYqwK4,なんでこういう事するんや？初使用選手含む全員アニバーサリーの選手でリアタイしたら害悪プレイヤーに遭遇しました【プロスピA】# 1756,UCy9GuRXGTm8TliQ-OJ7KwzA,【V.I.P】,['Gaming'],144701,2897,0,446
2025-11-25 13:48:23,ayjRv2g2UqY,ムカつく -another story- feat. 高梨小麻（CV：石見舞菜香）／HoneyWorks,UCAaGaynFpku5cAx6OOSrW-w,HoneyWorks OFFICIAL,['Music'],360933,18364,0,775
2025-11-25 13:48:23,6mP-mEHEQcw,日本人を狙う30人チーター中国クランを崩壊させてみた【RUST 実況】,UCXEo7JprZQGCPkezcZylHlQ,黒炭酸,['Gaming'],123289,7578,0,1095
2025-11-25 13:48:23,HP8qpxRpIW8,NOT CUTE ANYMORE,UCNVIo0UJXTdEnsRkCB9Q03w,ILLIT - Topic,['Music'],234873,17267,0,778
2025-11-25 13:48:23,SWdjfMIkQCg,アザールが最強能力×モメンタムバーストで 頂点ST界の王に君臨しました【eFootball2026アプリ】,UC070fhnqq38qNhqHm5rxTcQ,令和ちゃんねる,['Gaming'],111588,1836,0,135
2025-11-25 13:48:23,OWpLhNyqeqg,Novelbright - 夢花火 [Official Live Video],UCIJAlAYCNN8RACtDDsy9K6g,Novelbright,['Music'],36439,3676,0,384
2025-11-25 13:48:23,PJyQaQosJpk,【クラロワ】アプデ来たからレベル16でトロ１５０００まで蹂躙する【ClashRoyale】,UCeA0fcfLVewbuD7H5YsrpdA,ライキジョーンズ,['Gaming'],68125,802,0,2
2025-11-25 13:48:23,8j4RM-bBYvA,福本大晴「すっぴんLOVE」（Music Video）YouTube Edition,UCXqWKjzm2YMH6Bs7rAmsKFw,福本大晴,['Entertainment'],10923,1049,0,345
2025-11-25 13:48:23,VhzqSrscVP8,【Lobotomy Corporation】都市のキノコにご用心part49【未遭遇アブノマ回収編】【ゆっくり実況】,UC8rk-fIWJXYlSF8tkfG9wWg,天色鮫,['Gaming'],115253,5203,0,379
2025-11-25 13:48:23,WsLcF1ojgFU,アンジュルム『トラブルメーカー』〜Dance Practice Ver.〜,UCDwcZ85zjLKD-3-jqlv1wQQ,アンジュルム,['Music'],28756,2477,0,353
2025-11-25 13:48:23,UfVkyXaTGcs,【まとめ】ミオしゃを褒めないとスジモンになるフブさんとみこスバの『マリカサバイバル』面白トークまとめ【大空スバル/さくらみこ/白上フブキ/ホロライブ切り抜き】,UCqMRVBz-hhSFRuqlL1guqig,あひるだっく,['Gaming'],140011,4041,0,88
2025-11-25 13:48:23,kCnD_dMyJ3M,The Bible of The “Eden”,UCZwcUEEjD8RVzB-TAw1ts3g,Eden - Topic,['Music'],52937,2315,0,0
2025-11-25 13:48:23,l57EJ_eLsIc,【攻略法発覚】L荒野のコトブキ飛行隊 相次ぐ撤去について【ゴトブキ】,UCYXmyrGUVL8tX7VEvo_DjPw,シャル@ツモらせ隊,['Entertainment'],98524,1111,0,478
2025-11-25 13:48:23,G_3xr5desOo,"EXILE ATSUSHI + AI（EXILE ATSUSHI LIVE TOUR 2025 ""Heart to Heart"" ～復活祭～）",UCN7_YMtKaUiizHpw77XLVcw,EXILE,['Music'],26946,1545,0,68
2025-11-25 13:48:23,BDxXPvOdz50,苦戦中のモンハンワイルズ1000万売ってもまだ開発費未回収と話題に/UBIさんやはりトラブっていた模様...株価も上げて下げる/COD新作BO7の売上が半減してしまう/ステラソラに男性蔑視ポーズで物議,UCWvr04hMa4k4wSilYcQ4qoA,キャベツの人【ゲーム紹介】,['Gaming'],116894,2036,0,537
2025-11-25 13:48:23,KDC-EOsNzAg,NCT DREAM 엔시티 드림 'Beat It Up' Dance Practice,UCXURHJRGr4-EB3l87kcbElw,NCT DREAM,['Music'],93296,16957,0,501
2025-11-25 13:48:23,TAL-HXKac80,YOUR CHANCE TO GET 10K GEMS!,UCooVYzDxdwTtGYAkcPmOgOw,Brawl Stars,['Gaming'],2301123,64794,0,2074
2025-11-25 13:48:23,7SoVjT-0Rhw,僕が見たかった青空 / 「カイロに月」Music Video【4K】,UC-_iQWdEZY66nGGaHH0Ygmg,僕が見たかった青空,['Entertainment'],16097,1415,0,201
2025-11-25 13:48:23,taSKSaq5qh8,【ArcRaiders】アークレイダーズ ボス討伐編【にじさんじ/ローレン・イロアス】,UCgmFrRcyH7d1zR9sIVQhFow,ローレン・イロアス / Lauren Iroas【にじさんじ】,['Gaming'],238532,4040,0,31
2025-11-25 13:48:23,s5dFrPwvbHY,‘있잖아' - BOYNEXTDOOR (보이넥스트도어) | DOORGROUND,UChhKBlh_wvspTh5n4mL0b5g,BOYNEXTDOOR,['Music'],106426,22462,0,1313
2025-11-25 13:48:23,yRhin7unPeI,これが恐らくビーフ最後の輝きでしょうね【龍が如く８外伝 Pirates in Hawaii】＃４１,UCZMRuagdTBKmmrFtSMN48Xw,牛沢,['Gaming'],133424,4418,0,445
2025-11-25 13:48:23,cVL4bRjA6X0,Mili - Peach Pit and Cyanide,UCVh47EKH9VLresRqiYi9txw,Mili,['Music'],259837,30576,0,1164
2025-11-25 13:48:23,XtTT5XdZVpw,シークレットな最終回※ちょっと動画長いよ【ゆっくり実況】,UCOjkVJQcjtWnpf0-1ft4brA,ゆっくりむちゃたぬき,['Gaming'],74332,3966,0,193
2025-11-25 13:48:23,QRTGKxrKBPM,インビジブル / 歌ってみた【あらき×榊ネス】,UCBhPDpv9JavoPADrZcsAC2A,あらき-ARAKI Official,['Music'],370851,36272,0,967
2025-11-25 13:48:23,PtSwg--FueA,"種族値265の""ディグダ""をナメないでください。普通に３タテされます。【ポケモンSV実況】",UCENoC6MLc4pL-vehJyzSWmg,もこうの実況,['Gaming'],66474,823,0,304
2025-11-25 13:48:23,0-74AHbFWic,＝LOVE（イコールラブ）/ 19th Single c/w『Queens』リハーサル定点映像 (from 8th ANNIVERSARY PREMIUM TOUR),UCv7VutirxDn3RWIJXI68n_A,＝LOVE（イコールラブ）公式チャンネル,['Entertainment'],130080,11060,0,619
2025-11-25 13:48:23,MarWse2JmWU,【パチスロ生配信】今日も懲りずにまずはスマスロ北斗でコンプリート目指す！PACHINKO SLOT生放送パチンコパチスロ実戦！11/24,UCOVLrBaOiMH5QDKXTycZ8Pw,やっちゃんの崖っぷちスロパチ生活,['Gaming'],286208,3300,0,24
2025-11-25 13:48:23,3rGi2kiSzkA,Re:Re: from NANO-MUGEN FES.2025 - 2025.06.01 at.K-Arena Yokohama,UC3J-txytRWiRtNXrLS95eEw,ASIAN KUNG-FU GENERATION Official YouTube Channel,['Music'],17672,1510,0,86
2025-11-25 13:48:23,gYEhRoknpZQ,【シャドバWB】愛知大会を〝ムゲン・ほーちゃんドラゴン〟1本で破壊してきた男の物語【Shadowverse: Worlds Beyond】,UCqeAYB1DMzfM-hG-Up52yNQ,つるおかかものはし,['Gaming'],88078,869,0,161
2025-11-25 13:48:23,4oml768wFnk,REAL,UC8eq3M3Yft3FUgxEX6lOZMg,chotokkyu - Topic,['Music'],31716,2960,0,154
2025-11-24 14:42:46,gSXQd_5ht0E,【DANCE VIDEO】君セン！ / iLiFE! 【振り動画】,UChVflUz2J_jaaqYjXqvpmQA,iLiFE!【あいらいふ】,['Music'],218952,17502,0,904
2025-11-24 14:42:46,vMg1KAFAKiY,'이게 맞아?! 시즌2' Main Trailer,UCLkAepWjdylmXSltofFvsYQ,BANGTANTV,['Music'],322593,88922,0,5680
2025-11-24 14:42:46,4l9Ni3tjbwM,【#にじ遊戯王祭2025】にじさんじ遊戯王マスターデュエル祭 2025 Day2：敗者復活＆決勝トーナメント,UCX7YkU9nEeaoZbkVLVajcMg,にじさんじ,['Gaming'],1042958,11807,0,107
2025-11-24 14:42:46,ayjRv2g2UqY,ムカつく -another story- feat. 高梨小麻（CV：石見舞菜香）／HoneyWorks,UCAaGaynFpku5cAx6OOSrW-w,HoneyWorks OFFICIAL,['Music'],186920,15054,0,698
2025-11-24 14:42:46,dCmNVtLsYzA,TVSP『アンデッドアンラック』Winter編 メインPV／Undead Unluck |Main Trailer,UCkVvAm5jb62IMIJQj4wPVGA,TMSアニメ公式チャンネル,['Film & Animation'],80619,5265,0,328
2025-11-24 14:42:46,jRgzfKDTI7g,超スローになったり超高速になる世界でエンドラ討伐【マイクラ】,UCj4PjeVMnNTHIR5EeoNKPAw,ドズル社,['Gaming'],293668,8833,0,299
2025-11-24 14:42:46,yxXNIzrfPNQ,Trap,UC6qVAJzxF5kSN_UUFSdODiQ,MAZZEL - Topic,['Music'],34527,4131,0,596
2025-11-24 14:42:46,UFozBQrnmII,【桃鉄】今夜は無礼講！4人で新作桃鉄を遊ぶぞおおおおおおおお！！ぺこ！【ホロライブ/兎田ぺこら】,UC1DCedRgGHBdm81E1llLhOQ,Pekora Ch. 兎田ぺこら,['Gaming'],701287,24058,0,346
2025-11-24 14:42:46,QJpTBz916MI,にっこり^^調査隊のテーマ / まぐねっと部 cover【宝鐘マリン・火威青・しぐれうい・ルンルン】,UCCzUftO8KOVkV4wQG1vkUvg,Marine Ch. 宝鐘マリン,['Entertainment'],807485,94780,0,2678
2025-11-24 14:42:46,6hIKI8RZ1ys,【パチスロ生配信】千葉県ピーアーク千葉駅前店でスマスロ北斗取れた！今日こそはコンプするかも！後半戦！PACHINKO SLOT生放送パチンコパチスロ実戦！11/23,UCOVLrBaOiMH5QDKXTycZ8Pw,やっちゃんの崖っぷちスロパチ生活,['Gaming'],428960,6963,0,15
2025-11-24 14:42:46,QRTGKxrKBPM,インビジブル / 歌ってみた【あらき×榊ネス】,UCBhPDpv9JavoPADrZcsAC2A,あらき-ARAKI Official,['Music'],284686,32549,0,914
2025-11-24 14:42:46,h09ng9lTOEM,【HD-2D版ドラゴンクエストI＆II】あと2個！残りの紋章も集めにいくぞ！！※ネタバレ注意【胡桃沢りりか】,UCYLp2FLXcqLUZhvrCxQmNIA,胡桃沢りりか,['Gaming'],167370,1501,0,3
2025-11-24 14:42:46,kCnD_dMyJ3M,The Bible of The “Eden”,UCZwcUEEjD8RVzB-TAw1ts3g,Eden - Topic,['Music'],23363,1609,0,0
2025-11-24 14:42:46,9XNqe5r8xHI,【#ARCRaiders】ヘイチームアップ【イブラヒム、ローレン】,UCSFCh5NL4qXrAy9u-u2lX3g,Kuzuha Channel,['Gaming'],391149,5736,0,18
2025-11-24 14:42:46,0-74AHbFWic,＝LOVE（イコールラブ）/ 19th Single c/w『Queens』リハーサル定点映像 (from 8th ANNIVERSARY PREMIUM TOUR),UCv7VutirxDn3RWIJXI68n_A,＝LOVE（イコールラブ）公式チャンネル,['Entertainment'],100249,9733,0,577
2025-11-24 14:42:46,oLY17RG3OMI,体調不良で離脱していたk4senが乱入するリアルバックショット【The k4sen Con 2025 DAY 1 Supported by ロリポップ！ for Gamers byGMOペパボ】,UChUjERVG8eKEAJSCef-tTmg,k4sen / かせん,['Gaming'],140865,2887,0,209
2025-11-24 14:42:46,4oml768wFnk,REAL,UC8eq3M3Yft3FUgxEX6lOZMg,chotokkyu - Topic,['Music'],16570,2308,0,137
2025-11-24 14:42:46,dolefeooLzc,誰もが驚く闇がある「回転寿司屋🍣」で働くホラーゲームが怖すぎる【The Sushi House】,UCzXjPL7zo0bxhOYDxLJ9YEg,ポッキー,['Gaming'],152217,3585,0,256
2025-11-24 14:42:46,FFXSoSl_lGg,Vaundy LIVE “僕にはどうしてわかるんだろう” 2025.11.16 one man live VAWS hall tour “little punk” at 東京ガーデンシアター,UC1FQWQ3y3-e8l1pCtWhJt5A,Vaundy,['Music'],46785,3335,0,150
2025-11-24 14:42:46,7gDl4S3wB14,超激レアの新しいブレインロット6体全て盗むロブロックス (Roblox),UC9Lx-zRFGfpuls27tNAOIqA,マエスケ,['Gaming'],331644,6791,0,672
2025-11-24 14:42:46,tPMkWfK6N-E,[STAGE CLIP] 'Wolf type' ~ 'Feel the Pulse' | ROCK IN JAPAN FESTIVAL 2025 | &TEAM,UCHD1jo5RhijLfx5-0Ehe_cg,&TEAM,['People & Blogs'],64428,7773,0,427
2025-11-24 14:42:46,snH3HQSF7Ew,KONAMIやってくれたなぁ！！大金かけて獲得したバッキーがナックルの弱体化を受けた結果...【プロスピA】# 1755,UCy9GuRXGTm8TliQ-OJ7KwzA,【V.I.P】,['Gaming'],176362,3278,0,609
2025-11-24 14:42:46,NED7nev2ywQ,"Stray Kids ""Do It"" M/V",UCaO6TYtlC8U5ttz62hTrZgg,JYP Entertainment,['Music'],24639658,1257896,0,119933
2025-11-24 14:42:46,DOmdfYIPBXE,トゥルトゥルトゥルサフールの都市伝説を検証した結果...マイクラ都市伝説【 マイクラ / マインクラフト 】,UCHazKLThRbMyMFu2bVAKhng,ウォーターチャレンジ,['Gaming'],241336,2448,0,81
2025-11-24 14:42:46,5ftlnz91DaM,【MAD】イマジナリー息子,UCkKj-SiKyiFkj_dO1vmY3gA,加藤純一RECORDS,['Entertainment'],68014,5679,0,354
2025-11-24 14:42:46,xZFWSWcQ3As,【#KZHCUP_RUMBLE】真 本間ひまわり爆誕！？シュートさんの指導で生まれ変わるひまち【にじさんじ切り抜き/本間ひまわり/shuto/不破湊/北見遊征/げまじょ】,UCqQNCRSihFHVsXrDikNeYSg,げまじょが好き【にじさんじEXゲマズ切り抜き】,['Gaming'],42188,649,0,47
2025-11-24 14:42:46,tmVYOETfA10,"MAKE IT, BREAK IT",UC3VId8brfshtHO6gMMqnZ5A,FLOW GLOW - Topic,['Music'],8802,1389,0,52
2025-11-24 14:42:46,BT4XRgmCjjQ,【PUACL2026日本リーグ】Day1 | Pokémon UNITE Asia Champions League 2026 JAPAN League | ポケモンユナイト A配信,UCvo8JUqHh2d1QGnK3LKyI4Q,ポケモンユナイト公式チャンネル,['Gaming'],193722,,0,17
2025-11-24 14:42:46,IZ9kqxCDvAs,【期間限定公開】M!LK - 好きすぎて滅！(from CDTVライブ！ライブ！),UCFvSFbT8okMrpuFxBEIB2lg,M!LK,['Music'],477512,24779,0,1719
2025-11-24 14:42:46,VXsWwTTgt78,【 🔴同時視聴 】#FLOWGLOW  の3Dライブを一緒に楽しもう！🌽🍙【 #にゃんぐこーん/ホロライブ 】,UCvaTdHTWBGv3MKj3KVqJVCw,Okayu Ch. 猫又おかゆ,['Entertainment'],242211,11468,0,63
2025-11-24 14:42:46,6L7xTio0QyY,【MV】AIM&RHYME / りうら【FAKE TYPE.書き下ろし】,UCBuLdF0tQn5oZjpvYWSQkaA,Liura Channel,['Entertainment'],19736,4230,0,431
2025-11-24 14:42:46,LUQ28DBF7EU,どるぴんが病んでるらしい,UCGjV4bsC43On-YuiLZcfL0w,KUN,['Gaming'],36520,2122,0,206
2025-11-24 14:42:46,DG4ax7ec64o,クラシックを弾くと思っている海外の観客にマリオを弾いちゃうピアニストwww,UC_DopZ9OANqNGho0wFwADqA,けいちゃん / Keichan,['Music'],349141,4592,0,232
2025-11-24 14:42:46,oslNxV_8Q2c,【Minecraft】ラムベガスで儲かる方法‼ 施設作りにいくにぇ！！！！！！！！【ホロライブ/さくらみこ】,UC-hM6YJuNYVAmUWxeIr9FeA,Miko Ch. さくらみこ,['Gaming'],236867,10245,0,112
2025-11-24 14:42:46,lUHLwBOY04I,【崩壊：スターレイル】零光 | 宮野真守 / EVAKOI - HoYoFair,UCHzevlEL9JfsBIm86uNCJqg,宮野真守,['Music'],81364,10160,0,239
2025-11-24 14:42:46,sgi_eji-ysM,【ArcRaiders】イブラヒムと葛葉とドンシュー【にじさんじ/ローレン・イロアス】,UCgmFrRcyH7d1zR9sIVQhFow,ローレン・イロアス / Lauren Iroas【にじさんじ】,['Gaming'],248455,5214,0,59
2025-11-24 14:42:46,xcqjxAXsbHU,BUMP OF CHICKEN「I」,UCOfESRUR5duQ2hMnTQ4oqhA,BUMP OF CHICKEN,['Music'],424118,24666,0,1108
2025-11-24 14:42:46,QebVV6D641k,よしなまが作ったゲーム「マモンキング」PVを見る加藤純一【2025/11/22】,UCH-lygWpHodDff3iQurnWnQ,加藤純一切り抜き集,['Entertainment'],135969,792,0,546
2025-11-24 14:42:46,IW14wQJKSC4,"IO - Trust Me feat. Crystal Kay, Shurkn Pap (Prod. YoungBeat’s Instrumental)",UC__iCxFigPdcry_UBv6sDGw,IO,['Music'],69373,3522,0,142
2025-11-24 14:42:46,UF4n5zmzx9A,普段下手くその中身がエンドラRTAガチ勢だった時いつバレるのか？ドッキリ！,UCDbUUremwf8k1x1GTYfB1Ng,ニート部クラフト,['Gaming'],113211,3459,0,210
2025-11-24 14:42:46,I9U5JRfZ4bA,【戦極MC】ヘッズ選ぶBEST BOUT TOP30 バース集【総票数1800票】,UC15ebOqdhmvl1eb0s0jk5aw,戦極MCBATTLE,['Music'],17474,632,0,105
2025-11-24 14:42:46,4-6IONBWRMQ,KZHCUPの顔合わせでコーチ陣の格付けマッチ開催!!試合を通してバーンアウトがいかにダメかを教え込む立川【伊波ライ/小柳ロウ/神田笑一/にじさんじ】【立川/CR/スト6】,UCRDJ3DN-6ND_a4LSJ35L91A,立川ちゃんねる,['Gaming'],68777,1289,0,30
2025-11-24 14:42:46,oVwGURkvEq4,直近10日で50万溶けてるパチスロという神ゲー　そろそろ勝てるべき【夜勤明け 実践 1504】,UCOXOcEbERAwGlE4ig9MaLSQ,夜勤明けパチンコパチスロ実践記,['Entertainment'],106715,1514,0,596
2025-11-24 14:42:46,_6xcFXlJcX8,【面白まとめ】ジップライン突撃に味を占めジッパーズを結成する葛葉達【にじさんじ/切り抜き/ARC】,UCMGvmEqkVbl372DCyn3NLAw,【吹いたら負け】葛葉先生のしくじり【切り抜き】,['Gaming'],55717,702,0,18
2025-11-24 14:42:46,uOZRP1-dvhA,【桃鉄】無礼講桃鉄でちんこ料理屋の物件名に気付きときのそらに言わせようとするぺこらとねねちｗ【ホロライブ切り抜き/兎田ぺこら/大空スバル/ときのそら/桃鈴ねね】,UCrKna8EQAd7NPRYq-gIsuow,ホロライ部【ホロライブ切り抜き】,['Gaming'],80390,1083,0,101
2025-11-24 14:42:46,Yy2ZovGi-Uk,【#10】SFC版 ドラゴンクエストIII そして伝説へ…：Dragon Warrior III【ホロライブ/大空スバル】,UCvzGlP9oQwU--Y0r9id_jnA,Subaru Ch. 大空スバル,['Gaming'],330837,9083,0,122
2025-11-24 14:42:46,uQc-pW3QLuI,Race Highlights | 2025 Las Vegas Grand Prix,UCB_qr75-ydFVKSF9Dmo6izg,FORMULA 1,['Sports'],5819693,111809,0,4906
2025-11-24 14:42:46,2HwsSTLuA8A,【響咲リオナ３Dソロパート】ホロメン達の反応集【さくらみこ/ラプラス・ダークネス/鷹嶺ルイ/アーニャ・メルフィッサ/儒烏風亭らでん/猫又おかゆ/白上フブキ/AZKi/風真いろは】,UCylNKKCfPMm8ROXasQWTonA,響咲リオナの足,['Entertainment'],113963,3577,0,423
2025-11-24 14:42:46,Aj8AmqTQkAs,ベストバウト賞を今大会最も城之内だったチャイカに譲るましろ【にじさんじ / #にじ遊戯王2025】,UCeK22JmzkTMa69kZU9NEqsA,めじの【Vtuber応援隊】,['Entertainment'],54343,704,0,44
2025-11-24 14:42:46,kuetvJE_C_U,【 #にじ遊戯王祭2025 】　D　A　Y　2　決　勝　ト　ー　ナ　メ　ン　ト　【にじさんじ/加賀美ハヤト】,UCmovZ2th3Sqpd00F5RdeigQ,加賀美 ハヤト/Hayato Kagami,['Gaming'],151790,3916,0,63
2025-11-27 01:54:19,XILnJKGc0yo,INI｜'U MINE' Performance Video,UCc-itdQHxLvUlPrDxIiSJrA,INI,['Entertainment'],211572,19783,0,3493
2025-11-27 01:54:19,vIUORnIS_ug,ELDEN RING NIGHTREIGN The Forsaken Hollows | Scholar Character Trailer,UC_ntXHv-XdKCD7CPynVvnQw,Bandai Namco Entertainment America,['Gaming'],306052,13209,0,1011
2025-11-27 01:54:19,dIPZHyTBFz0,『ドラゴンクエストウォーク』の新情報をお届け「スマートウォーク」#131,UCtceiniicYEsbAVuWy-Bi0Q,ドラゴンクエストウォーク公式,['Gaming'],162470,1968,0,251
2025-11-27 01:54:19,b9z3Iaz5Zrc,ヤングスキニー - るっせぇ女【Official Music Video】,UCcg_rvE-fU2tATMwBAxW9bA,ヤングスキニー,['Music'],92066,5539,0,299
2025-11-27 01:54:19,8gAg9uDn2Oo,体力と手持ちが共有の世界で全員合流するまで終われません！ミニミニ編【マイクラ】,UCj4PjeVMnNTHIR5EeoNKPAw,ドズル社,['Gaming'],246540,10461,0,427
2025-11-27 01:54:19,StcmgD_0aRI,モニタリング Cover / Gero,UCFuugQScqDfJcsOEWbL1_tg,Gero Channel,['Music'],61713,8708,0,2351
2025-11-27 01:54:19,eLCjlEYBN3U,課金しまくって放射性ラッキーブロックを100個開けるロブロックス (Roblox),UC9Lx-zRFGfpuls27tNAOIqA,マエスケ,['Gaming'],284449,12045,0,960
2025-11-27 01:54:19,Am2ElEWNvTY,LEX - 完璧だ (Music Video),UCeTo4Eh0TzpKbUL4vGQZ73A,LEX *,['People & Blogs'],29261,2397,0,156
2025-11-27 01:54:19,Bj6tJxDPzoY,みんなでパンを作って1か所に合流しよう!!(ただし100人に邪魔されながら)【マインクラフト】,UClNdVSK1uy2xFHTaXZYXopw,らっだぁ,['Gaming'],168506,8721,0,269
2025-11-27 01:54:19,G36amiUCkXU,Juice=Juice『盛れ！ミ・アモーレ』(Concert 2025 Queen of Hearts Special Flush),UC6FadPgGviUcq6VQ0CEJqdQ,Juice=Juice,['Music'],399008,27043,0,5012
2025-11-27 01:54:19,kSmHmdAnDYc,【原神】限定★５「ドゥリン」は強いのか？先行解説します。性能/武器/聖遺物/PT編成/凸orモチーフ…全てが分かる！,UCjJmYy279ehSYSwR1A3fXtA,マグロヘッド,['Gaming'],184733,5812,0,753
2025-11-27 01:54:19,ES9oYbzYCh8,ILLIT (아일릿) 'NOT CUTE ANYMORE’ Performance Film,UC3IZKseVpdzPSBaWxBxundA,HYBE LABELS,['Music'],142252,31365,0,1218
2025-11-27 01:54:19,SnCG-_lf74w,今までで一番怖いスーパーマーケット経営『 HELLMART 』,UCMJiPpN_09F0aWpQrgbc_qg,キヨ。,['Gaming'],777902,21282,0,1015
2025-11-27 01:54:19,VWg0218G38c,現在がとんでもなく悲惨な事になってるYouTuber4選,UCHvFSU5OP6c7QcJxIr87YtA,ウタエル Utael,['Entertainment'],33943,741,0,145
2025-11-27 01:54:19,LcpCd9VXGjE,【パチスロ生配信】今日もヴァル2や!!そろそろ高設定台を打ちたい!!【革命機ヴァルヴレイヴ2】,UCdCC1L_OxLrkoEjR19iXpRw,パチスロードch,['Entertainment'],333330,1573,0,0
2025-11-27 01:54:19,5-o_tvuKSfM,【Official】Uru 「愛」,UCdPCarwi28K5Z7s5l2nMiLw,Uru Official YouTube Channel,['Music'],32332,2785,0,123
2025-11-27 01:54:19,S0UEqkus7FA,【ミメシス】声と行動を真似するニセモノに騙されないように生き残る！！ぺこ！【ホロライブ/兎田ぺこら】,UC1DCedRgGHBdm81E1llLhOQ,Pekora Ch. 兎田ぺこら,['Gaming'],250114,11607,0,153
2025-11-27 01:54:19,hcJEQXJIALo,ONE N' ONLY／ “RIDE” Music Video,UC8Qwnts13zIh2EYUCau6m3w,ONE N' ONLY TV,['Entertainment'],18612,3116,0,511
2025-11-27 01:54:19,DyINvuS9P34,最強のマシンを進化させるマインクラフト【 マイクラ / マインクラフト 】,UCHazKLThRbMyMFu2bVAKhng,ウォーターチャレンジ,['Gaming'],152424,2142,0,48
2025-11-27 01:54:19,JkKNqaEl9Aw,"NEXZ(넥스지) ""Legacy"" Performance Video",UCaO6TYtlC8U5ttz62hTrZgg,JYP Entertainment,['Music'],228618,19497,0,1761
2025-11-27 01:54:19,2j2jXv6Juxc,初心者 vs. プロ：最強のピリジャー刑務所作り対決,UCM3yhFc0-fBFuvqx1Vg2YNQ,まいぜんシスターズ,['Gaming'],109645,1872,0,71
2025-11-27 01:54:19,TVqEwvbZP30,RIIZE 라이즈 'Fame' MV,UCEf_Bc-KVd7onSeifS3py9g,SMTOWN,['Music'],4452470,104786,0,10074
2025-11-27 01:54:19,tLBq_jH5FDI,"【㊗️ 6周年】""""ポケモン剣盾""""のハイレベルすぎる神試合が激アツすぎたwww【対戦者本人解説あり】",UCmnZL4tFRl4sm-uJOxTLHmg,今日ポケch.,['Gaming'],66256,1240,0,134
2025-11-27 01:54:19,ScutqxM3z_s,Hi-STANDARD - Our Song - OFFICIAL MUSIC VIDEO,UCrQUlOEbu-0T0l4DAcBEeIg,pizzaofdeathofficial,['Music'],177591,8060,0,459
2025-11-27 01:54:19,w0ZQp2CmHHw,庭を埋め尽くす大量の落ち葉を掃除するゲーム,UChn5TjkeEqd-JxzizMVSkOw,ハヤトの野望,['Gaming'],83314,1786,0,181
2025-11-27 01:54:19,CO0MSU3fqAQ,NiziU 「♡Emotion」 FanCam – MIIHI ver -,UCHp2q2i85qt_9nn2H7AvGOw,NiziU Official,['Entertainment'],10115,1808,0,108
2025-11-27 01:54:19,xjUPVppl1DI,4人で協力して本格的な殺人事件を解決に導く『The Case of the Golden Idol』,UCPVr7clenPjpD7WNsSI3UBQ,レトルト,['Gaming'],549983,10120,0,429
2025-11-27 01:54:19,CZP11p3DklQ,軌跡,UC8_Ag6BVp43Vmrx6eillK9g,Vaundy - Topic,['Music'],83856,3055,0,132
2025-11-27 01:54:19,3-caLm2c1XI,これがエスペランサの財宝だ！！【龍が如く８外伝 Pirates in Hawaii】＃４３,UCZMRuagdTBKmmrFtSMN48Xw,牛沢,['Gaming'],104327,3545,0,453
2025-11-27 01:54:19,Iz7mRKij2ao,GLAY「Dead Or Alive」 / アニメ『終末のワルキューレIII』オープニングテーマ Teaser2,UC1DqlLj1onQhBfxW81OgQTw,GLAY,['Entertainment'],7095,519,0,21
2025-11-27 01:54:19,WVVv8Uyok_U,サビ組さんにはよくしてもらってます｜ポケモンZA #20,UCMzLWawc9x3rUsqYDEfgqzA,ジャック・オ・蘭たん,['Gaming'],51750,3350,0,659
2025-11-27 01:54:19,b1OwvLh8HnU,FMP,UCMR5xpbhv3jzIQG1TOTg-Jg,B'z - Topic,['Music'],15035,315,0,7
2025-11-27 01:54:19,OeMmb--HE6k,【MIMESIS】叶カンパニー、出勤します。【にじさんじ/ローレン・イロアス】,UCgmFrRcyH7d1zR9sIVQhFow,ローレン・イロアス / Lauren Iroas【にじさんじ】,['Gaming'],130150,4117,0,43
2025-11-27 01:54:19,kux5GmbZhVg,メロリ,UCpYHkc4rzWEW7iVXIyxQebA,Hey! Say! JUMP - Topic,['Music'],13102,853,0,19
2025-11-27 01:54:19,nzbbL07maKA,【Among Us#304】ここが地獄ですか？超波動砲にロケットに人外が跋扈するアモングアス【ゆっくり実況】,UCy0DH4rgPPjDWVZO7wibcSQ,めめんともり,['Gaming'],108074,6153,0,257
2025-11-27 01:54:19,Kc7TkgWiWrc,Kiseki No Younakoto,UCof7dOTnyxaidkKkcIFuflQ,Mone Kamishiraishi - Topic,['Music'],26026,920,0,34
2025-11-27 01:54:19,Em805jfRVXs,唯一無二すぎるプレイヤーと対戦し、そのスタイルに感動すら覚えるカワノ【スト6】,UCzRzPAT-AjlPyec5yXG974g,カワノKawano,['Gaming'],234334,4581,0,533
2025-11-27 01:54:19,I52yC34Ji2k,YENA「STAR! (feat. Hatsune Miku)」 Music Video,UC4YT50DP7hbMsor8FmyEPMw,Victor Entertainment,['Music'],232291,35683,0,1434
2025-11-27 01:54:19,jvrrjeAYtzs,【実機配信】仮面ライダーＶ３,UCx-QS9BIo_L_lx5dkpys1qw,ねこまんまのパチ•チャンネル,['Entertainment'],65223,231,0,0
2025-11-27 01:54:19,7bqePXphj2g,乃木坂46『夢の匂い』MUSIC VIDEO,UCUzpZpX2wRYOk3J8QTFGxDg,乃木坂46 OFFICIAL YouTube CHANNEL,['Music'],252304,17963,0,1540
2025-11-27 01:54:19,bZ2eyQcJ49o,"今までガチで使った事ない選手！！こんだけ課金してる俺がGET出来ない""この選手""とは！？【プロスピA】# 1757",UCy9GuRXGTm8TliQ-OJ7KwzA,【V.I.P】,['Gaming'],122319,2365,0,344
2025-11-27 01:54:19,JrI4_jUZe98,SEVENTEEN | THE SMURFS (세븐틴 | 스머프) Ver. '음악의 신' Official MV,UCfkXDY7vwkcJ8ddFGz8KusA,SEVENTEEN,['Music'],357291,61489,0,2070
2025-11-27 01:54:19,ineS6XL0vc8,カオスを極める「カービィのエアライダー」が面白すぎる,UCc-PPk-lNe34JaWCcJQCL0g,ドコムスチャンネル,['Gaming'],64309,1868,0,72
2025-11-27 01:54:19,T8w3L1rS3o4,澤野弘之『EARth』Music Video,UCpT4syVopfBl2bATVfAt65g,澤野弘之 / SawanoHiroyuki[nZk],['Music'],37336,2698,0,81
2025-11-27 01:54:19,rOZV4RZrA3A,【今年−304万】東京喰種パチンコライブ配信,UCYe_uTI6X6mm9qaXm8iWFDg,ノッチ配信者パチンコライブ,['Entertainment'],202370,2080,0,6
2025-11-27 01:54:19,dx4XsqUGm10,MAZZEL / Only You -Dance Practice-,UCMF_5h2OejEhVorTB02UUSg,MAZZEL,['Music'],191312,18077,0,1351
2025-11-27 01:54:19,qUgLxkENl6c,おかんの家は24時間後に消えます【まいくら / マインクラフト】,UCJy7zfLsKBXoo2soFMum7JQ,あかさかの箱,['Gaming'],90168,6142,0,312
2025-11-27 01:54:19,Lj1Qi3-zQgg,あの娘は邪惡！,UC5nxCVEWQLLfkPuMylpkYkA,ロス,['Entertainment'],12989,3220,0,122
2025-11-27 01:54:19,C3jcxlsPYLE,【 MIMESIS 】仲間が敵になる！？？！恐怖のスクラップ集め【白上フブキ/ホロライブ】,UCdn5BQ06XqgXoAxIhbqw5Rg,フブキCh。白上フブキ,['Gaming'],158163,9183,0,47
2025-11-27 01:54:19,pzLTGAwn0a4,NCT WISH 1st CONCERT TOUR 'INTO THE WISH : Our WISH' Recap Video,UCiZqWVAeChfqlom5ZPR3ZJA,NCT WISH,['Music'],30746,5323,0,424
2025-11-26 01:57:35,XILnJKGc0yo,INI｜'U MINE' Performance Video,UCc-itdQHxLvUlPrDxIiSJrA,INI,['Entertainment'],115669,16422,0,2931
2025-11-26 01:57:35,vIUORnIS_ug,ELDEN RING NIGHTREIGN The Forsaken Hollows | Scholar Character Trailer,UC_ntXHv-XdKCD7CPynVvnQw,Bandai Namco Entertainment America,['Gaming'],21278,5551,0,485
2025-11-26 01:57:35,SnCG-_lf74w,今までで一番怖いスーパーマーケット経営『 HELLMART 』,UCMJiPpN_09F0aWpQrgbc_qg,キヨ。,['Gaming'],353800,14457,0,805
2025-11-26 01:57:35,G36amiUCkXU,Juice=Juice『盛れ！ミ・アモーレ』(Concert 2025 Queen of Hearts Special Flush),UC6FadPgGviUcq6VQ0CEJqdQ,Juice=Juice,['Music'],282548,24047,0,4262
2025-11-26 01:57:35,vMg1KAFAKiY,'이게 맞아?! 시즌2' Main Trailer,UCLkAepWjdylmXSltofFvsYQ,BANGTANTV,['Music'],916503,160418,0,8640
2025-11-26 01:57:35,xjUPVppl1DI,4人で協力して本格的な殺人事件を解決に導く『The Case of the Golden Idol』,UCPVr7clenPjpD7WNsSI3UBQ,レトルト,['Gaming'],273155,7114,0,318
2025-11-26 01:57:35,TVqEwvbZP30,RIIZE 라이즈 'Fame' MV,UCEf_Bc-KVd7onSeifS3py9g,SMTOWN,['Music'],1420017,94114,0,8102
2025-11-26 01:57:35,miySB69T1xw,隠れる場所から作れ！大人たちのガチかくれんぼ【マイクラ】,UCj4PjeVMnNTHIR5EeoNKPAw,ドズル社,['Gaming'],228438,8771,0,382
2025-11-26 01:57:35,x_RYZsOfpKY,ILLIT (아일릿) 'NOT CUTE ANYMORE’ Official MV,UC3IZKseVpdzPSBaWxBxundA,HYBE LABELS,['Music'],6341269,252880,0,16224
2025-11-26 01:57:35,ST05E_5kn2E,負けたら自身の全財産公開を賭けた通帳カスタムで勝ったのは・・・【The k4sen Con 2025 DAY 3 Supported by ロリポップ！ for Gamers byGMOペパボ】,UChUjERVG8eKEAJSCef-tTmg,k4sen / かせん,['Gaming'],152866,3337,0,271
2025-11-26 01:57:35,b9z3Iaz5Zrc,ヤングスキニー - るっせぇ女【Official Music Video】,UCcg_rvE-fU2tATMwBAxW9bA,ヤングスキニー,['Music'],6332,1931,0,172
2025-11-26 01:57:35,fiSsGbfus6I,うんこちゃんのイナズマイレブン 英雄たちのヴィクトリーロード 実況プレイPart4※ネタバレ注意,UCx1nAvtVDIsaGmCMSe8ofsQ,加藤純一【jun channel】,['Gaming'],193735,1750,0,1112
2025-11-26 01:57:35,ScutqxM3z_s,Hi-STANDARD - Our Song - OFFICIAL MUSIC VIDEO,UCrQUlOEbu-0T0l4DAcBEeIg,pizzaofdeathofficial,['Music'],77074,5483,0,341
2025-11-26 01:57:35,z-aco1hi0Iw,新キャラくま＆ボニー100レべフルブ初見リーグ！最強火力のワンパンし放題！【バウンティラッシュ】,UCdkVEDVAW5aFmA-Mkz0lAFQ,ひたまゆ。,['Gaming'],117715,1497,0,246
2025-11-26 01:57:35,7bqePXphj2g,乃木坂46『夢の匂い』MUSIC VIDEO,UCUzpZpX2wRYOk3J8QTFGxDg,乃木坂46 OFFICIAL YouTube CHANNEL,['Music'],208098,16412,0,1446
2025-11-26 01:57:35,ITQYMtkP23E,【パチスロ生配信】前日出てるラス1ヴヴヴ2で勝負っ!!【革命機ヴァルヴレイヴ2】,UCdCC1L_OxLrkoEjR19iXpRw,パチスロードch,['Entertainment'],289091,1385,0,0
2025-11-26 01:57:35,llAI08UYyAw,"Stray Kids ""Do It (Overdrive Version)"" M/V",UCaO6TYtlC8U5ttz62hTrZgg,JYP Entertainment,['Music'],2057937,315877,0,10243
2025-11-26 01:57:35,fCDvm0Y3qkw,【 GTAV 】歌鬼ごっこ‼１曲歌い終わるまでリスナーから逃げ切れええええええええ‼🔥【ホロライブ/さくらみこ】,UC-hM6YJuNYVAmUWxeIr9FeA,Miko Ch. さくらみこ,['Gaming'],233184,14066,0,101
2025-11-26 01:57:35,dx4XsqUGm10,MAZZEL / Only You -Dance Practice-,UCMF_5h2OejEhVorTB02UUSg,MAZZEL,['Music'],150912,17033,0,1282
2025-11-26 01:57:35,e0okJjgNTl0,【今年−294万】エヴァンゲリオン未来への咆哮パチンコライブ配信,UCYe_uTI6X6mm9qaXm8iWFDg,ノッチ配信者パチンコライブ,['Entertainment'],290164,2704,0,5
2025-11-26 01:57:35,4Xt_hR0KNvY,IS:SUE (イッシュ) 'Super Luna' Performance Video,UCqKNMJ5s_vsf7WkesdBrvQA,IS:SUE,['Music'],114964,10470,0,1988
2025-11-26 01:57:35,xx3ZTvOhNoM,【#8】ゼルダの伝説 神々のトライフォース：The Legend of Zelda: A Link to the Past【ホロライブ/大空スバル】,UCvzGlP9oQwU--Y0r9id_jnA,Subaru Ch. 大空スバル,['Gaming'],156397,7518,0,35
2025-11-26 01:57:35,gSXQd_5ht0E,【DANCE VIDEO】君セン！ / iLiFE! 【振り動画】,UChVflUz2J_jaaqYjXqvpmQA,iLiFE!【あいらいふ】,['Music'],444931,21885,0,1020
2025-11-26 01:57:35,iKVcCmyqoik,『刀剣乱舞ONLINE』新刀剣男士 三郎国宗(さぶろうくにむね) 登場！,UC56x--_QtyaWD1QptYrPMqA,刀剣乱舞 公式チャンネル,['Gaming'],66893,5061,0,197
2025-11-26 01:57:35,eHmQ_b0LkUA,"Stray Kids ""Do It (Turbo Version)"" Lyric Visualizer",UC9rMiEjNaCSsebs31MRDCRA,Stray Kids,['Music'],246233,69253,0,2998
2025-11-26 01:57:35,BsyEN86cR0U,プロジェクトセカイ プロセカ放送局 #26,UCdMGYXL38w6htx6Yf9YJa-w,プロジェクトセカイ カラフルステージ! feat. 初音ミク,['Gaming'],214822,6861,0,55
2025-11-26 01:57:35,JrI4_jUZe98,SEVENTEEN | THE SMURFS (세븐틴 | 스머프) Ver. '음악의 신' Official MV,UCfkXDY7vwkcJ8ddFGz8KusA,SEVENTEEN,['Music'],86812,24570,0,1314
2025-11-26 01:57:35,aHKMl9HVqZQ,究極の財宝【龍が如く８外伝 Pirates in Hawaii】＃４２,UCZMRuagdTBKmmrFtSMN48Xw,牛沢,['Gaming'],92049,3312,0,304
2025-11-26 01:57:35,j-8vLi2sMg0,【歌ってみた】星の消えた夜に / covered by Nornis【戌亥とこ/町田ちま/にじさんじ】,UCxWcO9CLti4uouUIS5IIF-Q,Nornis,['Music'],24625,4077,0,66
2025-11-26 01:57:35,hn17tmdaAzQ,「ストリートファイターリーグ: Pro-JP 2025」Division F 第10節　☆☆18時40分より初心者必見！SFリーグ: ウォームアップ☆☆,UCu2Fxqf37DAZ0ZhIsd1FZwA,Capcom Fighters JP,['Gaming'],619603,6075,0,45
2025-11-26 01:57:35,MRYXsF2lblY,RIIZE 'Sticky Like' (Official Audio),UCdVD0MsYecQaIE5Ru-pOIQQ,RIIZE,['Music'],170916,17344,0,948
2025-11-26 01:57:35,dmBAMwBBxoM,いいんですか？こんな神イベント｜ポケモンZA #19,UCMzLWawc9x3rUsqYDEfgqzA,ジャック・オ・蘭たん,['Gaming'],48102,2526,0,283
2025-11-26 01:57:35,Gln8wDtITJ4,Kay-on - SHIN GODZILLA (Official Video),UCdszfKemUn36sOEplfkiGVQ,GPV LABEL,['Music'],24786,1744,0,159
2025-11-26 01:57:35,DSPV0RT3BJI,超ドラゴンクエストXTV #55 バージョン7.6[前期]最新情報,UC6SmH9mR82nj28_NNg_rZvA,スクウェア・エニックス,['Gaming'],60793,,0,
2025-11-26 01:57:35,HP8qpxRpIW8,NOT CUTE ANYMORE,UCNVIo0UJXTdEnsRkCB9Q03w,ILLIT - Topic,['Music'],384687,21865,0,844
2025-11-26 01:57:35,GJMOK14mB2c,全員の物資を蓄えてた馬鹿を制裁します 懐クラフト #12,UCoQhX2O93MVTWfgIz-8wOmg,KUNの50人クラフト,['Gaming'],86490,2361,0,137
2025-11-26 01:57:35,L6tkKvVCs0Y,【MV】どーでもいいよ／まふまふ,UCOTR1tcOAhjgi6YukrPpZxg,まふまふちゃんねる,['Music'],108618,12133,0,560
2025-11-26 01:57:35,Gth1zEFH2TM,タグNXで『もあ』『B!KZO』とプルス戦に挑むNX☆くさあん【切り抜き】【マリオカート ワールド】,UCL7VEatXa9yBCKeM-ww8TnA,NX☆くさあん,['Gaming'],56948,1519,0,46
2025-11-26 01:57:35,qEGsMTo-adg,アンジュルム『午後3時スクランブル』～Dance Practice Ver.～,UCDwcZ85zjLKD-3-jqlv1wQQ,アンジュルム,['Music'],15739,1557,0,188
2025-11-26 01:57:35,NkHjY_EaCgY,遂に完成した歴代最強マンチェスターユナイテッドスカッドが強すぎて魔王【eFootball2026アプリ】,UC070fhnqq38qNhqHm5rxTcQ,令和ちゃんねる,['Gaming'],49891,1167,0,87
2025-11-26 01:57:35,OWpLhNyqeqg,Novelbright - 夢花火 [Official Live Video],UCIJAlAYCNN8RACtDDsy9K6g,Novelbright,['Music'],56416,4351,0,414
2025-11-26 01:57:35,9SaAfQ6eACQ,新フェス限くま＆ボニーガチ評価‼️超フェス級のぶっ壊れ火力で環境キャラワンパンw【バウンティラッシュ】,UCUW6U6iOrntB0jw6-AbQo8g,RED Games,['Gaming'],51065,850,0,199
2025-11-26 01:57:35,NIGA89HGTBU,'Talk to You' Performance Video | NO LABELS: PART 01 | 연준 (YEONJUN),UCtiObj3CsEAdNU6ZPWDsddQ,TOMORROW X TOGETHER OFFICIAL,['Music'],48292,13253,0,726
2025-11-26 01:57:35,j6TnwWfuf-I,紅茶、波動砲で７キルして一瞬で試合を終わらせる,UCFQu6Q-9LAS3KoEuRDNkzGA, ニート部,['Gaming'],57754,1561,0,97
2025-11-26 01:57:35,ayjRv2g2UqY,ムカつく -another story- feat. 高梨小麻（CV：石見舞菜香）／HoneyWorks,UCAaGaynFpku5cAx6OOSrW-w,HoneyWorks OFFICIAL,['Music'],462655,19282,0,792
2025-11-26 01:57:35,6kWw9Nn4dIY,【Shadow Corridor】三姉妹ホラーゲーム実況【第二夜 -ヒグラシの回廊-】,UCAWxPGGuIfWME2KTLUmSCHw,ぱかチューブっ!【ウマ娘公式】,['Gaming'],66428,4385,0,264
2025-11-26 01:57:35,G_3xr5desOo,"EXILE ATSUSHI + AI（EXILE ATSUSHI LIVE TOUR 2025 ""Heart to Heart"" ～復活祭～）",UCN7_YMtKaUiizHpw77XLVcw,EXILE,['Music'],65913,2476,0,99
2025-11-26 01:57:35,A3Ki9cI9T9w,任天堂とファンが激怒...新作エアライダーにコックカワサキマイクロビキニという謎のミームが登場して海外でもニュースに/コエテクさんがライザのASMRを販売して爆売れ/チーターを晒し首にした運営が話題に,UCWvr04hMa4k4wSilYcQ4qoA,キャベツの人【ゲーム紹介】,['Gaming'],45238,1419,0,342
2025-11-26 01:57:35,eWetBwa4vVI,Jinmenusagi - NEET (Official Video),UCC4xWbcBVn-tHgchhrdmFpg,Jinmenusagi,['Music'],14434,1486,0,101
2025-11-26 01:57:35,cBPtIHuFa_o,【ルームシェア】Switch2を開封してみた【最後】,UC2NujFa5X09CdV0YCntmQDg,板橋ハウス,['People & Blogs'],58391,2746,0,335
2025-11-25 19:50:48,G36amiUCkXU,Juice=Juice『盛れ！ミ・アモーレ』(Concert 2025 Queen of Hearts Special Flush),UC6FadPgGviUcq6VQ0CEJqdQ,Juice=Juice,['Music'],217138,22090,0,3891
2025-11-25 19:50:48,vMg1KAFAKiY,'이게 맞아?! 시즌2' Main Trailer,UCLkAepWjdylmXSltofFvsYQ,BANGTANTV,['Music'],859419,154488,0,8382
2025-11-25 19:50:48,tXJJhKobuas,これまで培った知識と経験で解答せよ！LOL検定！【The k4sen Con 2025 DAY 3 Supported by ロリポップ！ for Gamers byGMOペパボ】,UChUjERVG8eKEAJSCef-tTmg,k4sen / かせん,['Gaming'],65626,1363,0,109
2025-11-25 19:50:48,TVqEwvbZP30,RIIZE 라이즈 'Fame' MV,UCEf_Bc-KVd7onSeifS3py9g,SMTOWN,['Music'],999951,89322,0,7463
2025-11-25 19:50:48,xjUPVppl1DI,4人で協力して本格的な殺人事件を解決に導く『The Case of the Golden Idol』,UCPVr7clenPjpD7WNsSI3UBQ,レトルト,['Gaming'],87346,3758,0,183
2025-11-25 19:50:48,x_RYZsOfpKY,ILLIT (아일릿) 'NOT CUTE ANYMORE’ Official MV,UC3IZKseVpdzPSBaWxBxundA,HYBE LABELS,['Music'],5835041,238329,0,15418
2025-11-25 19:50:48,fiSsGbfus6I,うんこちゃんのイナズマイレブン 英雄たちのヴィクトリーロード 実況プレイPart4※ネタバレ注意,UCx1nAvtVDIsaGmCMSe8ofsQ,加藤純一【jun channel】,['Gaming'],128123,1433,0,942
2025-11-25 19:50:48,llAI08UYyAw,"Stray Kids ""Do It (Overdrive Version)"" M/V",UCaO6TYtlC8U5ttz62hTrZgg,JYP Entertainment,['Music'],1862640,303960,0,10050
2025-11-25 19:50:48,z-aco1hi0Iw,新キャラくま＆ボニー100レべフルブ初見リーグ！最強火力のワンパンし放題！【バウンティラッシュ】,UCdkVEDVAW5aFmA-Mkz0lAFQ,ひたまゆ。,['Gaming'],48223,1031,0,200
2025-11-25 19:50:48,7bqePXphj2g,乃木坂46『夢の匂い』MUSIC VIDEO,UCUzpZpX2wRYOk3J8QTFGxDg,乃木坂46 OFFICIAL YouTube CHANNEL,['Music'],155726,14328,0,1290
2025-11-25 19:50:48,SnCG-_lf74w,今までで一番怖いスーパーマーケット経営『 HELLMART 』,UCMJiPpN_09F0aWpQrgbc_qg,キヨ。,['Gaming'],91023,7260,0,523
2025-11-25 19:50:48,XILnJKGc0yo,INI｜'U MINE' Performance Video,UCc-itdQHxLvUlPrDxIiSJrA,INI,['Entertainment'],33607,9210,0,1742
2025-11-25 19:50:48,iKVcCmyqoik,『刀剣乱舞ONLINE』新刀剣男士 三郎国宗(さぶろうくにむね) 登場！,UC56x--_QtyaWD1QptYrPMqA,刀剣乱舞 公式チャンネル,['Gaming'],30120,3585,0,145
2025-11-25 19:50:48,dx4XsqUGm10,MAZZEL / Only You -Dance Practice-,UCMF_5h2OejEhVorTB02UUSg,MAZZEL,['Music'],127950,16222,0,1232
2025-11-25 19:50:48,ygIwtR2txaw,キモい顔を爆発させるバケモンに初見殺しされるらっだぁ【R.E.P.O.】,UClNdVSK1uy2xFHTaXZYXopw,らっだぁ,['Gaming'],225331,9520,0,242
2025-11-25 19:50:48,4Xt_hR0KNvY,IS:SUE (イッシュ) 'Super Luna' Performance Video,UCqKNMJ5s_vsf7WkesdBrvQA,IS:SUE,['Music'],82447,9151,0,1811
2025-11-25 19:50:48,koeM_jz4CdM,超巨大な火山を削りきるまで終われません！【マイクラ】,UCj4PjeVMnNTHIR5EeoNKPAw,ドズル社,['Gaming'],323317,13110,0,1378
2025-11-25 19:50:48,gSXQd_5ht0E,【DANCE VIDEO】君セン！ / iLiFE! 【振り動画】,UChVflUz2J_jaaqYjXqvpmQA,iLiFE!【あいらいふ】,['Music'],372752,21307,0,999
2025-11-25 19:50:48,-3TOkp_6gRQ,【#にじ遊戯王祭2025】にじさんじ遊戯王マスターデュエル祭 2025 Day3：星巡り杯 ～銀河の織姫決戦～,UCX7YkU9nEeaoZbkVLVajcMg,にじさんじ,['Gaming'],479323,9152,0,82
2025-11-25 19:50:48,MRYXsF2lblY,RIIZE 'Sticky Like' (Official Audio),UCdVD0MsYecQaIE5Ru-pOIQQ,RIIZE,['Music'],154655,16794,0,920
2025-11-25 19:50:48,GJMOK14mB2c,全員の物資を蓄えてた馬鹿を制裁します 懐クラフト #12,UCoQhX2O93MVTWfgIz-8wOmg,KUNの50人クラフト,['Gaming'],42719,1697,0,108
2025-11-25 19:50:48,eHmQ_b0LkUA,"Stray Kids ""Do It (Turbo Version)"" Lyric Visualizer",UC9rMiEjNaCSsebs31MRDCRA,Stray Kids,['Music'],136759,48930,0,2731
2025-11-25 19:50:48,qJvjFBhQ6vQ,一人で無限に攻めてくる敵を迎え撃つゲーム,UChn5TjkeEqd-JxzizMVSkOw,ハヤトの野望,['Gaming'],135384,1970,0,57
2025-11-25 19:50:48,HP8qpxRpIW8,NOT CUTE ANYMORE,UCNVIo0UJXTdEnsRkCB9Q03w,ILLIT - Topic,['Music'],307468,19214,0,804
2025-11-25 19:50:48,BNWYJZp2CbQ,新フェス限くまボニー&ベガパンク神引きすっぞ‼️【バウンティラッシュ】,UCUW6U6iOrntB0jw6-AbQo8g,RED Games,['Gaming'],42219,409,0,10
2025-11-25 19:50:48,L6tkKvVCs0Y,【MV】どーでもいいよ／まふまふ,UCOTR1tcOAhjgi6YukrPpZxg,まふまふちゃんねる,['Music'],94989,11579,0,547
2025-11-25 19:50:48,YMxjZF3gtoM,【Shadow Corridor】三姉妹ホラーゲーム実況【第一夜 -路地-】,UCAWxPGGuIfWME2KTLUmSCHw,ぱかチューブっ!【ウマ娘公式】,['Gaming'],203904,11599,0,686
2025-11-25 19:50:48,ayjRv2g2UqY,ムカつく -another story- feat. 高梨小麻（CV：石見舞菜香）／HoneyWorks,UCAaGaynFpku5cAx6OOSrW-w,HoneyWorks OFFICIAL,['Music'],393435,18813,0,781
2025-11-25 19:50:48,cl-BT6bDxEI,TikTokで偽物つくられまくってブチギレてます,UCGjV4bsC43On-YuiLZcfL0w,KUN,['Gaming'],64247,2447,0,151
2025-11-25 19:50:48,OWpLhNyqeqg,Novelbright - 夢花火 [Official Live Video],UCIJAlAYCNN8RACtDDsy9K6g,Novelbright,['Music'],43493,3994,0,392
2025-11-25 19:50:48,6mP-mEHEQcw,日本人を狙う30人チーター中国クランを崩壊させてみた【RUST 実況】,UCXEo7JprZQGCPkezcZylHlQ,黒炭酸,['Gaming'],156881,8450,0,1192
2025-11-25 19:50:48,WsLcF1ojgFU,アンジュルム『トラブルメーカー』〜Dance Practice Ver.〜,UCDwcZ85zjLKD-3-jqlv1wQQ,アンジュルム,['Music'],32411,2616,0,369
2025-11-25 19:50:48,IW_KV5nqWRI,【バウンティラッシュ】新フェス限くまボニー＆ベガ！即Lv100で強さ検証！,UC7aYDbAOIKIMt25ENfJ68Qw,ルカ,['Gaming'],38737,220,0,3
2025-11-25 19:50:48,8j4RM-bBYvA,福本大晴「すっぴんLOVE」（Music Video）YouTube Edition,UCXqWKjzm2YMH6Bs7rAmsKFw,福本大晴,['Entertainment'],13095,1111,0,367
2025-11-25 19:50:48,2NKK6Mg27XI,ダイアリン エキシビション「返事はテキトー」 | ゼンレスゾーンゼロ,UCt09C9DPSuOGpHoitbcyCIQ,ゼンレスゾーンゼロ-ZZZ-公式,['Gaming'],88969,8947,0,352
2025-11-25 19:50:48,G_3xr5desOo,"EXILE ATSUSHI + AI（EXILE ATSUSHI LIVE TOUR 2025 ""Heart to Heart"" ～復活祭～）",UCN7_YMtKaUiizHpw77XLVcw,EXILE,['Music'],38151,1921,0,89
2025-11-25 19:50:48,G7eh40XgTiw,【衝撃】ヤバすぎ、、おまけとして「キンギーニ」を付けて交換をしまくった結果、超激レアモンスターに遭遇してしまう、、【フォートナイト】【ゆっくり実況】【Switch】,UCp_Az_oKu8-J5qIQpF35JbA,やわらちゃんねる,['Gaming'],33894,840,0,114
2025-11-25 19:50:48,kCnD_dMyJ3M,The Bible of The “Eden”,UCZwcUEEjD8RVzB-TAw1ts3g,Eden - Topic,['Music'],59321,2372,0,0
2025-11-25 19:50:48,SWdjfMIkQCg,アザールが最強能力×モメンタムバーストで 頂点ST界の王に君臨しました【eFootball2026アプリ】,UC070fhnqq38qNhqHm5rxTcQ,令和ちゃんねる,['Gaming'],128191,1998,0,146
2025-11-25 19:50:48,cVL4bRjA6X0,Mili - Peach Pit and Cyanide,UCVh47EKH9VLresRqiYi9txw,Mili,['Music'],293738,32596,0,1210
2025-11-25 19:50:48,LxMaia85m5Y,家庭用ゲーム「鬼滅の刃 ヒノカミ血風譚2」「我妻善逸（無限城編）」キャラクターパック紹介映像,UC14QT5j2nQI8lKBCGtrrBQA,アニプレックス チャンネル,['Film & Animation'],78883,2575,0,110
2025-11-25 19:50:48,s5dFrPwvbHY,‘있잖아' - BOYNEXTDOOR (보이넥스트도어) | DOORGROUND,UChhKBlh_wvspTh5n4mL0b5g,BOYNEXTDOOR,['Music'],129743,25488,0,1378
2025-11-25 19:50:48,-dfR8iYqwK4,なんでこういう事するんや？初使用選手含む全員アニバーサリーの選手でリアタイしたら害悪プレイヤーに遭遇しました【プロスピA】# 1756,UCy9GuRXGTm8TliQ-OJ7KwzA,【V.I.P】,['Gaming'],162473,3132,0,463
2025-11-25 19:50:48,3rGi2kiSzkA,Re:Re: from NANO-MUGEN FES.2025 - 2025.06.01 at.K-Arena Yokohama,UC3J-txytRWiRtNXrLS95eEw,ASIAN KUNG-FU GENERATION Official YouTube Channel,['Music'],21829,1753,0,94
2025-11-25 19:50:48,GxXpkps21Kc,最終回？【 ポケモンルビー 】チャンピオンダイゴ戦🔥みこちと金コイ伝説～最弱からみんなで最強に育てる旅～【ホロライブ/さくらみこ】,UC-hM6YJuNYVAmUWxeIr9FeA,Miko Ch. さくらみこ,['Gaming'],297657,12957,0,216
2025-11-25 19:50:48,7SoVjT-0Rhw,僕が見たかった青空 / 「カイロに月」Music Video【4K】,UC-_iQWdEZY66nGGaHH0Ygmg,僕が見たかった青空,['Entertainment'],18870,1535,0,222
2025-11-25 19:50:48,a72dN8ZWPWg,【は？】ありえないブレインロットを盗んでお金持ちになるロブロックス..【ROBLOX】,UCH4yRBPH2pDUjPeqomx8CTQ,てるとくん,['Gaming'],30963,1793,0,1244
2025-11-25 19:50:48,QRTGKxrKBPM,インビジブル / 歌ってみた【あらき×榊ネス】,UCBhPDpv9JavoPADrZcsAC2A,あらき-ARAKI Official,['Music'],392732,36988,0,971
2025-11-25 19:50:48,WGyadbTx8bs,【※閲覧注意】大人向けスイカゲームの『インゴゲーム』の中毒性がヤバすぎるwwww,UCPJCP_fon2mOMfibbBPUOYw,SAWAYAN GAMES / サワヤン ゲームズ,['Gaming'],183771,8129,0,815
2025-11-25 19:50:48,tmVYOETfA10,"MAKE IT, BREAK IT",UC3VId8brfshtHO6gMMqnZ5A,FLOW GLOW - Topic,['Music'],32265,2834,0,77
2025-11-28 07:19:04,ZOEZ_cRIkhY,STARGLOW / Moonchaser [BMSG FES'25] DAY1,UCKsVfYfguU3s5vMO5yhcWdw,STARGLOW Official,['Music'],175367,19137,0,1299
2025-11-28 07:19:04,NUSpibeVoO0,失われたチャプター: ユキの復讐 | ティザートレーラー,UCwF6o6cF7BMTY1-OZ7ZUY7Q,フォートナイト 公式,['Gaming'],35685,1079,0,102
2025-11-28 07:19:04,8B2XU-fUS58,【777リーグ3rd】実戦バトル 第14回戦 (1/3) - 777.LEAGUE3rd【スリーセブンリーグ3rd】[髭原人/シーサ。/レビン/水樹あや],UC0wuDDYK-QTwneeZ6x6pPbw,777パチガブチャンネル,['Entertainment'],319636,3970,0,579
2025-11-28 07:19:04,F3C87lOmZBM,RIIZE(라이즈) _ Fame | 1theKILLPO | 원더킬포 | 퍼포먼스 | Performance | 4K,UCqq-ovGE01ErlXakPihhKDA,1theK Originals - 원더케이 오리지널,['Entertainment'],205191,18550,0,1733
2025-11-28 07:19:04,wEKNPc0cm9Y,映画『ウィキッド 永遠の約束』本予告＜2026年3月6日(金)より、全国ロードショー！＞,UC9llDCAObCbGpsaa66fClKw,ユニバーサル・ピクチャーズ公式,['Film & Animation'],19769,688,0,
2025-11-28 07:19:04,6yMFwpzbQCY,モンストニュース[11/27]モンストの最新情報をお届けします！【モンスト公式】,UCd9BXPj-KcMTh0HiB-Vlb8A,モンスト（モンスターストライク）公式,['Gaming'],449134,4353,0,262
2025-11-28 07:19:04,ES9oYbzYCh8,ILLIT (아일릿) 'NOT CUTE ANYMORE’ Performance Film,UC3IZKseVpdzPSBaWxBxundA,HYBE LABELS,['Music'],686733,70865,0,2103
2025-11-28 07:19:04,Nxq6nJJVx5A,燃えろ早抜け選手権！【マイクラ】,UCj4PjeVMnNTHIR5EeoNKPAw,ドズル社,['Gaming'],227757,8052,0,270
2025-11-28 07:19:04,StcmgD_0aRI,モニタリング Cover / Gero,UCFuugQScqDfJcsOEWbL1_tg,Gero Channel,['Music'],167028,12830,0,2792
2025-11-28 07:19:04,o3PX7EjBjvg,50人クラフトBAN覚悟のガチなんでもバスケット,UCoQhX2O93MVTWfgIz-8wOmg,KUNの50人クラフト,['Gaming'],132790,4202,0,413
2025-11-28 07:19:04,VWg0218G38c,現在がとんでもなく悲惨な事になってるYouTuber4選,UCHvFSU5OP6c7QcJxIr87YtA,ウタエル Utael,['Entertainment'],138458,1632,0,283
2025-11-28 07:19:04,ckKFtSlZ5Lw,闘いの儀開始の宣言をしろ！磯野ぉ！【モンストニュース】,UCqfELxLmasBwYET4ZAMfMqA,がみくん,['Gaming'],128113,1550,0,348
2025-11-28 07:19:04,Am2ElEWNvTY,LEX - 完璧だ (Music Video),UCeTo4Eh0TzpKbUL4vGQZ73A,LEX *,['People & Blogs'],98144,4641,0,243
2025-11-28 07:19:04,y7XtQu1z9hw,かぐや様は告らせたい｜1GAMEてつの妖回胴中記# 336【パチスロ・スロット】,UCTgIFU4_hG6aA7VfWS8blQg,1GAME TV パチンコパチスロ実践動画,['Gaming'],89370,977,0,150
2025-11-28 07:19:04,AfKzB2lXo7I,SLAVE (Nissy Entertainment “Re:10th Anniversary Final” BEST DOME TOUR),UCkv76wCrBDQNn7ctcbn6Qeg,Nissy - Topic,['Music'],27113,1017,0,55
2025-11-28 07:19:04,5m86CgLR0Fg,【マイクラ】ゾムも思わず突っ込む最弱の鬼シャオロンいきます【本気れんぼ】,UCsoW5-5KCPFAZwfGU-POUvA,まじめにヤバシティ,['Gaming'],104269,6462,0,234
2025-11-28 07:19:04,b9z3Iaz5Zrc,ヤングスキニー - るっせぇ女【Official Music Video】,UCcg_rvE-fU2tATMwBAxW9bA,ヤングスキニー,['Music'],163050,7395,0,338
2025-11-28 07:19:04,WT1LFvt07Gw,k4senの舌打ちから人狼が始まるマ農場【Farming Simulator 25】,UChUjERVG8eKEAJSCef-tTmg,k4sen / かせん,['Gaming'],103887,2031,0,58
2025-11-28 07:19:04,5oKKmCT-_4s,大・団・円  / T-Pis MV,UCWXDEaOxoT8gkk83ZEB5Onw,TP ZONE,['People & Blogs'],24994,1959,0,159
2025-11-28 07:19:04,6-9ej0ztMUA,【バッチ参戦でほぼカッパ!?】ビッグバンするまで終わらないネオプラ実戦　【新台の村田 with 松本バッチ】#ネオプラネット #JIRO　#松本バッチ,UCv0F5yCdnwnBTrcJO2Yr3lQ,きむちゃんねる,['Entertainment'],113920,801,0,63
2025-11-28 07:19:04,XILnJKGc0yo,INI｜'U MINE' Performance Video,UCc-itdQHxLvUlPrDxIiSJrA,INI,['Entertainment'],269902,20924,0,3765
2025-11-28 07:19:04,5eHGs7lX09s,うんこちゃんのイナズマイレブン 英雄たちのヴィクトリーロード 実況プレイPart5※ネタバレ注意,UCx1nAvtVDIsaGmCMSe8ofsQ,加藤純一【jun channel】,['Gaming'],170763,1571,0,1223
2025-11-28 07:19:04,hcJEQXJIALo,ONE N' ONLY／ “RIDE” Music Video,UC8Qwnts13zIh2EYUCau6m3w,ONE N' ONLY TV,['Entertainment'],81050,4089,0,589
2025-11-28 07:19:04,SMAnw64aTXc,世界で８人しか貰えない契約書を開封！交換会に出す選手も今日発表します！！【プロスピA】# 1758,UCy9GuRXGTm8TliQ-OJ7KwzA,【V.I.P】,['Gaming'],149863,2730,0,1177
2025-11-28 07:19:04,5UBc2gXGwKc,Seishun Rock 'n' roll,UC3PFoXZPFJGy9F4PG84nNQQ,Soala - Topic,['Music'],23695,304,0,9
2025-11-28 07:19:04,sEe1U-vDP5k,この界隈はもう熊とか虎じゃ驚かないんだから【龍が如く８外伝 Pirates in Hawaii】＃４４,UCZMRuagdTBKmmrFtSMN48Xw,牛沢,['Gaming'],103338,3258,0,259
2025-11-28 07:19:04,5-o_tvuKSfM,【Official】Uru 「愛」,UCdPCarwi28K5Z7s5l2nMiLw,Uru Official YouTube Channel,['Music'],83272,4753,0,174
2025-11-28 07:19:04,-DkSyDEQloM,機動戦士ガンダム エクストリームバーサス２ インフィニットブースト「イニブ情報局 ～TOKYO Showdown予選直前SP～」,UCJxxoli_XbupD8SK_TtytAQ,バンダイナムコ アミューズメントユニット公式チャンネル,['Gaming'],93786,,0,7
2025-11-28 07:19:04,CXcBo03He2A,ミジ子の恋,UCDBdcJ3JIg2sjDg8QR3xp-g,Iyowa - Topic,['Music'],47832,4964,0,233
2025-11-28 07:19:04,UiHPfikroWg,【緊急/新環境】シャドバに息苦しさ感じてる奴これ見ろ‼️クピタンえろすぎて胸が苦しくて窒息しそうだぞ‼️復帰しろ‼️【Shadowverse: Worlds Beyond】,UCqeAYB1DMzfM-hG-Up52yNQ,つるおかかものはし,['Gaming'],74650,917,0,305
2025-11-28 07:19:04,mdI6LWIe8Og,稲垣潤一 - クリスマスキャロルの頃には (2025.10.11 稲垣潤一コンサート2025  at 板橋区立文化会館),UCapLmxI6gv5WBd3N3sUVG8Q,稲垣潤一 Official,['Music'],10443,812,0,57
2025-11-28 07:19:04,ZjN51G8c5-k,【ドラクエウォーク】根絶やしの竜のソロ安定攻略法！1年前の覇権武器で楽勝でした！,UC9-yZkJfxtg6WNCX5mUQb0w,ノゴローチャンネル,['Gaming'],63973,786,0,27
2025-11-28 07:19:04,G36amiUCkXU,Juice=Juice『盛れ！ミ・アモーレ』(Concert 2025 Queen of Hearts Special Flush),UC6FadPgGviUcq6VQ0CEJqdQ,Juice=Juice,['Music'],525667,29579,0,5815
2025-11-28 07:19:04,YH_PW-Y7LF0,【マリオカートワールド】くさあん1st / #2,UCL7VEatXa9yBCKeM-ww8TnA,NX☆くさあん,['Gaming'],57843,1873,0,98
2025-11-28 07:19:04,u6nhdi1pJWI,"LIBRO ""なかいま feat. 鎮座DOPENESS""",UCxhPsqKunv6674tZcQoEzOg,LIBRO,['Music'],16695,1409,0,67
2025-11-28 07:19:04,eLCjlEYBN3U,課金しまくって放射性ラッキーブロックを100個開けるロブロックス (Roblox),UC9Lx-zRFGfpuls27tNAOIqA,マエスケ,['Gaming'],476134,16729,0,1145
2025-11-28 07:19:04,FuGOa47BBqg,Brand New Episode,UCy2IDlWr4fbdO2dbka98bSg,HACHI - Topic,['Music'],49001,1261,0,15
2025-11-28 07:19:04,dIPZHyTBFz0,『ドラゴンクエストウォーク』の新情報をお届け「スマートウォーク」#131,UCtceiniicYEsbAVuWy-Bi0Q,ドラゴンクエストウォーク公式,['Gaming'],204179,2197,0,272
2025-11-28 07:19:04,tdYPGxusaYs,NiziU 「♡Emotion」 FanCam – MAYUKA ver -,UCHp2q2i85qt_9nn2H7AvGOw,NiziU Official,['Entertainment'],43106,2897,0,157
2025-11-28 07:19:04,oYKdO-eEHg4,MAX80キロの投手がイーファスピッチを覚えたら魔球に!?  球速80キロの投手がクローザーを目指す物語#6【プロスピ2025】【アカgames】,UC5wr1qJKJOrHHK-haeZkfbg,アカgames,['Gaming'],68896,1311,0,240
2025-11-28 07:19:04,Lj1Qi3-zQgg,あの娘は邪惡！,UC5nxCVEWQLLfkPuMylpkYkA,ロス,['Entertainment'],41105,5505,0,162
2025-11-28 07:19:04,uGM14iCUu0w,加藤純一が禁煙失敗した理由【2025/11/26-27】,UCH-lygWpHodDff3iQurnWnQ,加藤純一切り抜き集,['Entertainment'],120751,1125,0,496
2025-11-28 07:19:04,G_oNwC_PjfU,【原神】「強化ウェンティ」は強いのか？先行解説します。性能/武器/聖遺物/PT編成…全てが分かる！【魔導/上方修正】,UCjJmYy279ehSYSwR1A3fXtA,マグロヘッド,['Gaming'],119756,3359,0,373
2025-11-28 07:19:04,Bj6tJxDPzoY,みんなでパンを作って1か所に合流しよう!!(ただし100人に邪魔されながら)【マインクラフト】,UClNdVSK1uy2xFHTaXZYXopw,らっだぁ,['Gaming'],278141,11786,0,322
2025-11-28 07:19:04,4_l1VyTNzrs,【は？】怪しすぎるブレインロットを盗むサーバーに潜入するロブロックス..【ROBLOX】,UCH4yRBPH2pDUjPeqomx8CTQ,てるとくん,['Gaming'],79642,2483,0,1457
2025-11-28 07:19:04,OoLflKFs7YY,【MIMESIS】ヒトの言葉を学習して欺いてくるAIにビビりまくるフブぺこ奏ヴィヴィ【2025.11.26/ホロライブ切り抜き】,UCUbAVVpHteGtGQPPN9lM3oQ,ホロライブ切り抜き/なめたけ,['Entertainment'],132624,3275,0,321
2025-11-28 07:19:04,n7pO7F_kP0k,【原神】エピソード ドゥリン「家族への手紙」,UCAVR6Q0YgYa8xwz8rdg9Mrg,原神-Genshin-公式,['Gaming'],153417,18227,0,616
2025-11-28 07:19:04,2c_b4Q2LIeA,【モンスト】遊戯王コラボ最終決戦は超激ムズの予感！？超究極『闇遊戯』降臨！今年もクリスマスα開催！《ジャックα / パスカルα / ジャヒーα》登場！『★5以上キャラ50%10連ガチャ』開催！【しろ】,UCL72kYW8XK4R61kp1R9K69Q,しろ,['Gaming'],58577,654,0,154
2025-11-28 07:19:04,WVVv8Uyok_U,サビ組さんにはよくしてもらってます｜ポケモンZA #20,UCMzLWawc9x3rUsqYDEfgqzA,ジャック・オ・蘭たん,['Gaming'],162557,5722,0,833
2025-11-28 07:19:04,JoqhTXkGVVk,【返して】歴代ドラゴンのPPブーストを紹介＆Tier格付け【旧シャドバ】,UC0oUS_AySEl6fiYgRgPJJ9g,うさみんみ,['People & Blogs'],33824,1270,0,278
2025-11-24 13:47:18,gSXQd_5ht0E,【DANCE VIDEO】君セン！ / iLiFE! 【振り動画】,UChVflUz2J_jaaqYjXqvpmQA,iLiFE!【あいらいふ】,['Music'],210854,17197,0,901
2025-11-24 13:47:18,vMg1KAFAKiY,'이게 맞아?! 시즌2' Main Trailer,UCLkAepWjdylmXSltofFvsYQ,BANGTANTV,['Music'],283615,82267,0,5386
2025-11-24 13:47:18,4l9Ni3tjbwM,【#にじ遊戯王祭2025】にじさんじ遊戯王マスターデュエル祭 2025 Day2：敗者復活＆決勝トーナメント,UCX7YkU9nEeaoZbkVLVajcMg,にじさんじ,['Gaming'],1040477,11794,0,106
2025-11-24 13:47:18,ayjRv2g2UqY,ムカつく -another story- feat. 高梨小麻（CV：石見舞菜香）／HoneyWorks,UCAaGaynFpku5cAx6OOSrW-w,HoneyWorks OFFICIAL,['Music'],179591,14766,0,690
2025-11-24 13:47:18,dCmNVtLsYzA,TVSP『アンデッドアンラック』Winter編 メインPV／Undead Unluck |Main Trailer,UCkVvAm5jb62IMIJQj4wPVGA,TMSアニメ公式チャンネル,['Film & Animation'],75901,5094,0,323
2025-11-24 13:47:18,jRgzfKDTI7g,超スローになったり超高速になる世界でエンドラ討伐【マイクラ】,UCj4PjeVMnNTHIR5EeoNKPAw,ドズル社,['Gaming'],283168,8661,0,295
2025-11-24 13:47:18,yxXNIzrfPNQ,Trap,UC6qVAJzxF5kSN_UUFSdODiQ,MAZZEL - Topic,['Music'],32327,4005,0,586
2025-11-24 13:47:18,UFozBQrnmII,【桃鉄】今夜は無礼講！4人で新作桃鉄を遊ぶぞおおおおおおおお！！ぺこ！【ホロライブ/兎田ぺこら】,UC1DCedRgGHBdm81E1llLhOQ,Pekora Ch. 兎田ぺこら,['Gaming'],695290,23955,0,342
2025-11-24 13:47:18,QJpTBz916MI,にっこり^^調査隊のテーマ / まぐねっと部 cover【宝鐘マリン・火威青・しぐれうい・ルンルン】,UCCzUftO8KOVkV4wQG1vkUvg,Marine Ch. 宝鐘マリン,['Entertainment'],802147,94349,0,2673
2025-11-24 13:47:18,6hIKI8RZ1ys,【パチスロ生配信】千葉県ピーアーク千葉駅前店でスマスロ北斗取れた！今日こそはコンプするかも！後半戦！PACHINKO SLOT生放送パチンコパチスロ実戦！11/23,UCOVLrBaOiMH5QDKXTycZ8Pw,やっちゃんの崖っぷちスロパチ生活,['Gaming'],428960,6965,0,15
2025-11-24 13:47:18,QRTGKxrKBPM,インビジブル / 歌ってみた【あらき×榊ネス】,UCBhPDpv9JavoPADrZcsAC2A,あらき-ARAKI Official,['Music'],281082,32347,0,908
2025-11-24 13:47:18,h09ng9lTOEM,【HD-2D版ドラゴンクエストI＆II】あと2個！残りの紋章も集めにいくぞ！！※ネタバレ注意【胡桃沢りりか】,UCYLp2FLXcqLUZhvrCxQmNIA,胡桃沢りりか,['Gaming'],164610,1501,0,3
2025-11-24 13:47:18,0-74AHbFWic,＝LOVE（イコールラブ）/ 19th Single c/w『Queens』リハーサル定点映像 (from 8th ANNIVERSARY PREMIUM TOUR),UCv7VutirxDn3RWIJXI68n_A,＝LOVE（イコールラブ）公式チャンネル,['Entertainment'],98413,9628,0,575
2025-11-24 13:47:18,9XNqe5r8xHI,【#ARCRaiders】ヘイチームアップ【イブラヒム、ローレン】,UCSFCh5NL4qXrAy9u-u2lX3g,Kuzuha Channel,['Gaming'],387966,5710,0,23
2025-11-24 13:47:18,kCnD_dMyJ3M,The Bible of The “Eden”,UCZwcUEEjD8RVzB-TAw1ts3g,Eden - Topic,['Music'],21937,1552,0,0
2025-11-24 13:47:18,oLY17RG3OMI,体調不良で離脱していたk4senが乱入するリアルバックショット【The k4sen Con 2025 DAY 1 Supported by ロリポップ！ for Gamers byGMOペパボ】,UChUjERVG8eKEAJSCef-tTmg,k4sen / かせん,['Gaming'],134690,2814,0,207
2025-11-24 13:47:18,4oml768wFnk,REAL,UC8eq3M3Yft3FUgxEX6lOZMg,chotokkyu - Topic,['Music'],15514,2235,0,131
2025-11-24 13:47:18,dolefeooLzc,誰もが驚く闇がある「回転寿司屋🍣」で働くホラーゲームが怖すぎる【The Sushi House】,UCzXjPL7zo0bxhOYDxLJ9YEg,ポッキー,['Gaming'],144723,3478,0,247
2025-11-24 13:47:18,tPMkWfK6N-E,[STAGE CLIP] 'Wolf type' ~ 'Feel the Pulse' | ROCK IN JAPAN FESTIVAL 2025 | &TEAM,UCHD1jo5RhijLfx5-0Ehe_cg,&TEAM,['People & Blogs'],62985,7658,0,425
2025-11-24 13:47:18,7gDl4S3wB14,超激レアの新しいブレインロット6体全て盗むロブロックス (Roblox),UC9Lx-zRFGfpuls27tNAOIqA,マエスケ,['Gaming'],323927,6699,0,667
2025-11-24 13:47:18,FFXSoSl_lGg,Vaundy LIVE “僕にはどうしてわかるんだろう” 2025.11.16 one man live VAWS hall tour “little punk” at 東京ガーデンシアター,UC1FQWQ3y3-e8l1pCtWhJt5A,Vaundy,['Music'],44766,3251,0,149
2025-11-24 13:47:18,snH3HQSF7Ew,KONAMIやってくれたなぁ！！大金かけて獲得したバッキーがナックルの弱体化を受けた結果...【プロスピA】# 1755,UCy9GuRXGTm8TliQ-OJ7KwzA,【V.I.P】,['Gaming'],172242,3228,0,592
2025-11-24 13:47:18,NED7nev2ywQ,"Stray Kids ""Do It"" M/V",UCaO6TYtlC8U5ttz62hTrZgg,JYP Entertainment,['Music'],24561892,1256119,0,119748
2025-11-24 13:47:18,DOmdfYIPBXE,トゥルトゥルトゥルサフールの都市伝説を検証した結果...マイクラ都市伝説【 マイクラ / マインクラフト 】,UCHazKLThRbMyMFu2bVAKhng,ウォーターチャレンジ,['Gaming'],235253,2407,0,80
2025-11-24 13:47:18,5ftlnz91DaM,【MAD】イマジナリー息子,UCkKj-SiKyiFkj_dO1vmY3gA,加藤純一RECORDS,['Entertainment'],64248,5480,0,351
2025-11-24 13:47:18,BT4XRgmCjjQ,【PUACL2026日本リーグ】Day1 | Pokémon UNITE Asia Champions League 2026 JAPAN League | ポケモンユナイト A配信,UCvo8JUqHh2d1QGnK3LKyI4Q,ポケモンユナイト公式チャンネル,['Gaming'],192692,,0,16
2025-11-24 13:47:18,IZ9kqxCDvAs,【期間限定公開】M!LK - 好きすぎて滅！(from CDTVライブ！ライブ！),UCFvSFbT8okMrpuFxBEIB2lg,M!LK,['Music'],473359,24683,0,1715
2025-11-24 13:47:18,VXsWwTTgt78,【 🔴同時視聴 】#FLOWGLOW  の3Dライブを一緒に楽しもう！🌽🍙【 #にゃんぐこーん/ホロライブ 】,UCvaTdHTWBGv3MKj3KVqJVCw,Okayu Ch. 猫又おかゆ,['Entertainment'],241122,11443,0,63
2025-11-24 13:47:18,tmVYOETfA10,"MAKE IT, BREAK IT",UC3VId8brfshtHO6gMMqnZ5A,FLOW GLOW - Topic,['Music'],8078,1330,0,51
2025-11-24 13:47:18,oslNxV_8Q2c,【Minecraft】ラムベガスで儲かる方法‼ 施設作りにいくにぇ！！！！！！！！【ホロライブ/さくらみこ】,UC-hM6YJuNYVAmUWxeIr9FeA,Miko Ch. さくらみこ,['Gaming'],235533,10212,0,109
2025-11-24 13:47:18,6L7xTio0QyY,【MV】AIM&RHYME / りうら【FAKE TYPE.書き下ろし】,UCBuLdF0tQn5oZjpvYWSQkaA,Liura Channel,['Entertainment'],19222,4177,0,428
2025-11-24 13:47:18,xZFWSWcQ3As,【#KZHCUP_RUMBLE】真 本間ひまわり爆誕！？シュートさんの指導で生まれ変わるひまち【にじさんじ切り抜き/本間ひまわり/shuto/不破湊/北見遊征/げまじょ】,UCqQNCRSihFHVsXrDikNeYSg,げまじょが好き【にじさんじEXゲマズ切り抜き】,['Gaming'],33517,582,0,47
2025-11-24 13:47:18,DG4ax7ec64o,クラシックを弾くと思っている海外の観客にマリオを弾いちゃうピアニストwww,UC_DopZ9OANqNGho0wFwADqA,けいちゃん / Keichan,['Music'],337992,4469,0,230
2025-11-24 13:47:18,sgi_eji-ysM,【ArcRaiders】イブラヒムと葛葉とドンシュー【にじさんじ/ローレン・イロアス】,UCgmFrRcyH7d1zR9sIVQhFow,ローレン・イロアス / Lauren Iroas【にじさんじ】,['Gaming'],246837,5195,0,58
2025-11-24 13:47:18,lUHLwBOY04I,【崩壊：スターレイル】零光 | 宮野真守 / EVAKOI - HoYoFair,UCHzevlEL9JfsBIm86uNCJqg,宮野真守,['Music'],79361,9915,0,236
2025-11-24 13:47:18,UF4n5zmzx9A,普段下手くその中身がエンドラRTAガチ勢だった時いつバレるのか？ドッキリ！,UCDbUUremwf8k1x1GTYfB1Ng,ニート部クラフト,['Gaming'],109050,3382,0,209
2025-11-24 13:47:18,xcqjxAXsbHU,BUMP OF CHICKEN「I」,UCOfESRUR5duQ2hMnTQ4oqhA,BUMP OF CHICKEN,['Music'],421760,24619,0,1107
2025-11-24 13:47:18,QebVV6D641k,よしなまが作ったゲーム「マモンキング」PVを見る加藤純一【2025/11/22】,UCH-lygWpHodDff3iQurnWnQ,加藤純一切り抜き集,['Entertainment'],121826,735,0,518
2025-11-24 13:47:18,IW14wQJKSC4,"IO - Trust Me feat. Crystal Kay, Shurkn Pap (Prod. YoungBeat’s Instrumental)",UC__iCxFigPdcry_UBv6sDGw,IO,['Music'],68712,3507,0,142
2025-11-24 13:47:18,oVwGURkvEq4,直近10日で50万溶けてるパチスロという神ゲー　そろそろ勝てるべき【夜勤明け 実践 1504】,UCOXOcEbERAwGlE4ig9MaLSQ,夜勤明けパチンコパチスロ実践記,['Entertainment'],104772,1500,0,594
2025-11-24 13:47:18,4-6IONBWRMQ,KZHCUPの顔合わせでコーチ陣の格付けマッチ開催!!試合を通してバーンアウトがいかにダメかを教え込む立川【伊波ライ/小柳ロウ/神田笑一/にじさんじ】【立川/CR/スト6】,UCRDJ3DN-6ND_a4LSJ35L91A,立川ちゃんねる,['Gaming'],64965,1248,0,29
2025-11-24 13:47:18,Yy2ZovGi-Uk,【#10】SFC版 ドラゴンクエストIII そして伝説へ…：Dragon Warrior III【ホロライブ/大空スバル】,UCvzGlP9oQwU--Y0r9id_jnA,Subaru Ch. 大空スバル,['Gaming'],329970,9071,0,121
2025-11-24 13:47:18,uQc-pW3QLuI,Race Highlights | 2025 Las Vegas Grand Prix,UCB_qr75-ydFVKSF9Dmo6izg,FORMULA 1,['Sports'],5775187,111089,0,4880
2025-11-24 13:47:18,2HwsSTLuA8A,【響咲リオナ３Dソロパート】ホロメン達の反応集【さくらみこ/ラプラス・ダークネス/鷹嶺ルイ/アーニャ・メルフィッサ/儒烏風亭らでん/猫又おかゆ/白上フブキ/AZKi/風真いろは】,UCylNKKCfPMm8ROXasQWTonA,響咲リオナの足,['Entertainment'],111562,3529,0,415
2025-11-24 13:47:18,Aj8AmqTQkAs,ベストバウト賞を今大会最も城之内だったチャイカに譲るましろ【にじさんじ / #にじ遊戯王2025】,UCeK22JmzkTMa69kZU9NEqsA,めじの【Vtuber応援隊】,['Entertainment'],51540,673,0,43
2025-11-24 13:47:18,_6xcFXlJcX8,【面白まとめ】ジップライン突撃に味を占めジッパーズを結成する葛葉達【にじさんじ/切り抜き/ARC】,UCMGvmEqkVbl372DCyn3NLAw,【吹いたら負け】葛葉先生のしくじり【切り抜き】,['Gaming'],49987,650,0,16
2025-11-24 13:47:18,uOZRP1-dvhA,【桃鉄】無礼講桃鉄でちんこ料理屋の物件名に気付きときのそらに言わせようとするぺこらとねねちｗ【ホロライブ切り抜き/兎田ぺこら/大空スバル/ときのそら/桃鈴ねね】,UCrKna8EQAd7NPRYq-gIsuow,ホロライ部【ホロライブ切り抜き】,['Gaming'],69805,1002,0,96
2025-11-24 13:47:18,kuetvJE_C_U,【 #にじ遊戯王祭2025 】　D　A　Y　2　決　勝　ト　ー　ナ　メ　ン　ト　【にじさんじ/加賀美ハヤト】,UCmovZ2th3Sqpd00F5RdeigQ,加賀美 ハヤト/Hayato Kagami,['Gaming'],151535,3908,0,63
2025-11-24 13:47:18,zupf7Kwx6v4,チェンソーマン vs マイクラ  魔人になって戦争してみた,UCoQhX2O93MVTWfgIz-8wOmg,KUNの50人クラフト,['Gaming'],107294,2371,0,167
2025-11-24 13:47:18,W3eUZa56o0s,数量限定の激レアブレインロットをすべて盗む【ロブロックス/ROBLOX】,UCILZFnKZJksR7zwhZbAB4vw,れじぇくん,['Gaming'],163985,3207,0,1262
2025-11-28 02:16:59,ZOEZ_cRIkhY,STARGLOW / Moonchaser [BMSG FES'25] DAY1,UCKsVfYfguU3s5vMO5yhcWdw,STARGLOW Official,['Music'],154643,17934,0,1256
2025-11-28 02:16:59,NUSpibeVoO0,失われたチャプター: ユキの復讐 | ティザートレーラー,UCwF6o6cF7BMTY1-OZ7ZUY7Q,フォートナイト 公式,['Gaming'],34919,1071,0,101
2025-11-28 02:16:59,6yMFwpzbQCY,モンストニュース[11/27]モンストの最新情報をお届けします！【モンスト公式】,UCd9BXPj-KcMTh0HiB-Vlb8A,モンスト（モンスターストライク）公式,['Gaming'],440042,4319,0,260
2025-11-28 02:16:59,F3C87lOmZBM,RIIZE(라이즈) _ Fame | 1theKILLPO | 원더킬포 | 퍼포먼스 | Performance | 4K,UCqq-ovGE01ErlXakPihhKDA,1theK Originals - 원더케이 오리지널,['Entertainment'],166545,16672,0,1657
2025-11-28 02:16:59,wEKNPc0cm9Y,映画『ウィキッド 永遠の約束』本予告＜2026年3月6日(金)より、全国ロードショー！＞,UC9llDCAObCbGpsaa66fClKw,ユニバーサル・ピクチャーズ公式,['Film & Animation'],18649,666,0,
2025-11-28 02:16:59,8B2XU-fUS58,【777リーグ3rd】実戦バトル 第14回戦 (1/3) - 777.LEAGUE3rd【スリーセブンリーグ3rd】[髭原人/シーサ。/レビン/水樹あや],UC0wuDDYK-QTwneeZ6x6pPbw,777パチガブチャンネル,['Entertainment'],269160,3590,0,541
2025-11-28 02:16:59,ES9oYbzYCh8,ILLIT (아일릿) 'NOT CUTE ANYMORE’ Performance Film,UC3IZKseVpdzPSBaWxBxundA,HYBE LABELS,['Music'],634938,68057,0,2048
2025-11-28 02:16:59,Nxq6nJJVx5A,燃えろ早抜け選手権！【マイクラ】,UCj4PjeVMnNTHIR5EeoNKPAw,ドズル社,['Gaming'],206204,7664,0,262
2025-11-28 02:16:59,StcmgD_0aRI,モニタリング Cover / Gero,UCFuugQScqDfJcsOEWbL1_tg,Gero Channel,['Music'],144286,12673,0,2776
2025-11-28 02:16:59,o3PX7EjBjvg,50人クラフトBAN覚悟のガチなんでもバスケット,UCoQhX2O93MVTWfgIz-8wOmg,KUNの50人クラフト,['Gaming'],121464,4068,0,403
2025-11-28 02:16:59,VWg0218G38c,現在がとんでもなく悲惨な事になってるYouTuber4選,UCHvFSU5OP6c7QcJxIr87YtA,ウタエル Utael,['Entertainment'],135161,1598,0,277
2025-11-28 02:16:59,ckKFtSlZ5Lw,闘いの儀開始の宣言をしろ！磯野ぉ！【モンストニュース】,UCqfELxLmasBwYET4ZAMfMqA,がみくん,['Gaming'],119895,1492,0,342
2025-11-28 02:16:59,Am2ElEWNvTY,LEX - 完璧だ (Music Video),UCeTo4Eh0TzpKbUL4vGQZ73A,LEX *,['People & Blogs'],93097,4539,0,239
2025-11-28 02:16:59,y7XtQu1z9hw,かぐや様は告らせたい｜1GAMEてつの妖回胴中記# 336【パチスロ・スロット】,UCTgIFU4_hG6aA7VfWS8blQg,1GAME TV パチンコパチスロ実践動画,['Gaming'],75710,900,0,143
2025-11-28 02:16:59,AfKzB2lXo7I,SLAVE (Nissy Entertainment “Re:10th Anniversary Final” BEST DOME TOUR),UCkv76wCrBDQNn7ctcbn6Qeg,Nissy - Topic,['Music'],25775,996,0,55
2025-11-28 02:16:59,5m86CgLR0Fg,【マイクラ】ゾムも思わず突っ込む最弱の鬼シャオロンいきます【本気れんぼ】,UCsoW5-5KCPFAZwfGU-POUvA,まじめにヤバシティ,['Gaming'],94514,6145,0,225
2025-11-28 02:16:59,b9z3Iaz5Zrc,ヤングスキニー - るっせぇ女【Official Music Video】,UCcg_rvE-fU2tATMwBAxW9bA,ヤングスキニー,['Music'],157283,7300,0,335
2025-11-28 02:16:59,WT1LFvt07Gw,k4senの舌打ちから人狼が始まるマ農場【Farming Simulator 25】,UChUjERVG8eKEAJSCef-tTmg,k4sen / かせん,['Gaming'],91403,1863,0,56
2025-11-28 02:16:59,XILnJKGc0yo,INI｜'U MINE' Performance Video,UCc-itdQHxLvUlPrDxIiSJrA,INI,['Entertainment'],266435,20865,0,3749
2025-11-28 02:16:59,6-9ej0ztMUA,【バッチ参戦でほぼカッパ!?】ビッグバンするまで終わらないネオプラ実戦　【新台の村田 with 松本バッチ】#ネオプラネット #JIRO　#松本バッチ,UCv0F5yCdnwnBTrcJO2Yr3lQ,きむちゃんねる,['Entertainment'],100537,748,0,73
2025-11-28 02:16:59,5oKKmCT-_4s,大・団・円  / T-Pis MV,UCWXDEaOxoT8gkk83ZEB5Onw,TP ZONE,['People & Blogs'],18482,1767,0,152
2025-11-28 02:16:59,5eHGs7lX09s,うんこちゃんのイナズマイレブン 英雄たちのヴィクトリーロード 実況プレイPart5※ネタバレ注意,UCx1nAvtVDIsaGmCMSe8ofsQ,加藤純一【jun channel】,['Gaming'],158629,1520,0,1197
2025-11-28 02:16:59,hcJEQXJIALo,ONE N' ONLY／ “RIDE” Music Video,UC8Qwnts13zIh2EYUCau6m3w,ONE N' ONLY TV,['Entertainment'],66106,4067,0,586
2025-11-28 02:16:59,SMAnw64aTXc,世界で８人しか貰えない契約書を開封！交換会に出す選手も今日発表します！！【プロスピA】# 1758,UCy9GuRXGTm8TliQ-OJ7KwzA,【V.I.P】,['Gaming'],136248,2591,0,1141
2025-11-28 02:16:59,5UBc2gXGwKc,Seishun Rock 'n' roll,UC3PFoXZPFJGy9F4PG84nNQQ,Soala - Topic,['Music'],22914,300,0,9
2025-11-28 02:16:59,sEe1U-vDP5k,この界隈はもう熊とか虎じゃ驚かないんだから【龍が如く８外伝 Pirates in Hawaii】＃４４,UCZMRuagdTBKmmrFtSMN48Xw,牛沢,['Gaming'],94758,3134,0,250
2025-11-28 02:16:59,5-o_tvuKSfM,【Official】Uru 「愛」,UCdPCarwi28K5Z7s5l2nMiLw,Uru Official YouTube Channel,['Music'],79202,4638,0,172
2025-11-28 02:16:59,-DkSyDEQloM,機動戦士ガンダム エクストリームバーサス２ インフィニットブースト「イニブ情報局 ～TOKYO Showdown予選直前SP～」,UCJxxoli_XbupD8SK_TtytAQ,バンダイナムコ アミューズメントユニット公式チャンネル,['Gaming'],91783,,0,5
2025-11-28 02:16:59,CXcBo03He2A,ミジ子の恋,UCDBdcJ3JIg2sjDg8QR3xp-g,Iyowa - Topic,['Music'],44129,4717,0,226
2025-11-28 02:16:59,ZjN51G8c5-k,【ドラクエウォーク】根絶やしの竜のソロ安定攻略法！1年前の覇権武器で楽勝でした！,UC9-yZkJfxtg6WNCX5mUQb0w,ノゴローチャンネル,['Gaming'],56195,725,0,26
2025-11-28 02:16:59,mdI6LWIe8Og,稲垣潤一 - クリスマスキャロルの頃には (2025.10.11 稲垣潤一コンサート2025  at 板橋区立文化会館),UCapLmxI6gv5WBd3N3sUVG8Q,稲垣潤一 Official,['Music'],9045,753,0,51
2025-11-28 02:16:59,UiHPfikroWg,【緊急/新環境】シャドバに息苦しさ感じてる奴これ見ろ‼️クピタンえろすぎて胸が苦しくて窒息しそうだぞ‼️復帰しろ‼️【Shadowverse: Worlds Beyond】,UCqeAYB1DMzfM-hG-Up52yNQ,つるおかかものはし,['Gaming'],67163,878,0,297
2025-11-28 02:16:59,G36amiUCkXU,Juice=Juice『盛れ！ミ・アモーレ』(Concert 2025 Queen of Hearts Special Flush),UC6FadPgGviUcq6VQ0CEJqdQ,Juice=Juice,['Music'],515463,29441,0,5792
2025-11-28 02:16:59,YH_PW-Y7LF0,【マリオカートワールド】くさあん1st / #2,UCL7VEatXa9yBCKeM-ww8TnA,NX☆くさあん,['Gaming'],47721,1737,0,95
2025-11-28 02:16:59,FuGOa47BBqg,Brand New Episode,UCy2IDlWr4fbdO2dbka98bSg,HACHI - Topic,['Music'],46371,1249,0,15
2025-11-28 02:16:59,dIPZHyTBFz0,『ドラゴンクエストウォーク』の新情報をお届け「スマートウォーク」#131,UCtceiniicYEsbAVuWy-Bi0Q,ドラゴンクエストウォーク公式,['Gaming'],203280,2192,0,271
2025-11-28 02:16:59,tdYPGxusaYs,NiziU 「♡Emotion」 FanCam – MAYUKA ver -,UCHp2q2i85qt_9nn2H7AvGOw,NiziU Official,['Entertainment'],41558,2867,0,155
2025-11-28 02:16:59,eLCjlEYBN3U,課金しまくって放射性ラッキーブロックを100個開けるロブロックス (Roblox),UC9Lx-zRFGfpuls27tNAOIqA,マエスケ,['Gaming'],473647,16585,0,1139
2025-11-28 02:16:59,u6nhdi1pJWI,"LIBRO ""なかいま feat. 鎮座DOPENESS""",UCxhPsqKunv6674tZcQoEzOg,LIBRO,['Music'],13354,1278,0,61
2025-11-28 02:16:59,oYKdO-eEHg4,MAX80キロの投手がイーファスピッチを覚えたら魔球に!?  球速80キロの投手がクローザーを目指す物語#6【プロスピ2025】【アカgames】,UC5wr1qJKJOrHHK-haeZkfbg,アカgames,['Gaming'],61798,1254,0,230
2025-11-28 02:16:59,Lj1Qi3-zQgg,あの娘は邪惡！,UC5nxCVEWQLLfkPuMylpkYkA,ロス,['Entertainment'],39095,5409,0,156
2025-11-28 02:16:59,uGM14iCUu0w,加藤純一が禁煙失敗した理由【2025/11/26-27】,UCH-lygWpHodDff3iQurnWnQ,加藤純一切り抜き集,['Entertainment'],88096,963,0,470
2025-11-28 02:16:59,G_oNwC_PjfU,【原神】「強化ウェンティ」は強いのか？先行解説します。性能/武器/聖遺物/PT編成…全てが分かる！【魔導/上方修正】,UCjJmYy279ehSYSwR1A3fXtA,マグロヘッド,['Gaming'],114060,3269,0,367
2025-11-28 02:16:59,4_l1VyTNzrs,【は？】怪しすぎるブレインロットを盗むサーバーに潜入するロブロックス..【ROBLOX】,UCH4yRBPH2pDUjPeqomx8CTQ,てるとくん,['Gaming'],78531,2407,0,1433
2025-11-28 02:16:59,Bj6tJxDPzoY,みんなでパンを作って1か所に合流しよう!!(ただし100人に邪魔されながら)【マインクラフト】,UClNdVSK1uy2xFHTaXZYXopw,らっだぁ,['Gaming'],273437,11714,0,320
2025-11-28 02:16:59,OoLflKFs7YY,【MIMESIS】ヒトの言葉を学習して欺いてくるAIにビビりまくるフブぺこ奏ヴィヴィ【2025.11.26/ホロライブ切り抜き】,UCUbAVVpHteGtGQPPN9lM3oQ,ホロライブ切り抜き/なめたけ,['Entertainment'],125832,3182,0,310
2025-11-28 02:16:59,n7pO7F_kP0k,【原神】エピソード ドゥリン「家族への手紙」,UCAVR6Q0YgYa8xwz8rdg9Mrg,原神-Genshin-公式,['Gaming'],144144,17449,0,607
2025-11-28 02:16:59,WVVv8Uyok_U,サビ組さんにはよくしてもらってます｜ポケモンZA #20,UCMzLWawc9x3rUsqYDEfgqzA,ジャック・オ・蘭たん,['Gaming'],157899,5671,0,831
2025-11-28 02:16:59,2c_b4Q2LIeA,【モンスト】遊戯王コラボ最終決戦は超激ムズの予感！？超究極『闇遊戯』降臨！今年もクリスマスα開催！《ジャックα / パスカルα / ジャヒーα》登場！『★5以上キャラ50%10連ガチャ』開催！【しろ】,UCL72kYW8XK4R61kp1R9K69Q,しろ,['Gaming'],50843,615,0,146
2025-11-28 02:16:59,tGwT5DAU6-s,【MIMESIS】AIが仲間の声を学習し襲ってくる新感覚ホラゲで、本当の恐怖はオリジナル（本物）だと知るローレンたちwww【ローレン 叶カンパニー にじさんじ 切り抜き】,UC-UxhoAxlq57uZ8BA0b1Jyw,FPS切り抜きボット【ローレン・イロアス】,['Gaming'],83480,1456,0,23
2025-11-26 23:45:23,XILnJKGc0yo,INI｜'U MINE' Performance Video,UCc-itdQHxLvUlPrDxIiSJrA,INI,['Entertainment'],202290,19649,0,3447
2025-11-26 23:45:23,vIUORnIS_ug,ELDEN RING NIGHTREIGN The Forsaken Hollows | Scholar Character Trailer,UC_ntXHv-XdKCD7CPynVvnQw,Bandai Namco Entertainment America,['Gaming'],297467,13044,0,999
2025-11-26 23:45:23,dIPZHyTBFz0,『ドラゴンクエストウォーク』の新情報をお届け「スマートウォーク」#131,UCtceiniicYEsbAVuWy-Bi0Q,ドラゴンクエストウォーク公式,['Gaming'],147233,1873,0,244
2025-11-26 23:45:23,b9z3Iaz5Zrc,ヤングスキニー - るっせぇ女【Official Music Video】,UCcg_rvE-fU2tATMwBAxW9bA,ヤングスキニー,['Music'],78489,5249,0,293
2025-11-26 23:45:23,8gAg9uDn2Oo,体力と手持ちが共有の世界で全員合流するまで終われません！ミニミニ編【マイクラ】,UCj4PjeVMnNTHIR5EeoNKPAw,ドズル社,['Gaming'],189905,9666,0,403
2025-11-26 23:45:23,StcmgD_0aRI,モニタリング Cover / Gero,UCFuugQScqDfJcsOEWbL1_tg,Gero Channel,['Music'],38802,7799,0,2210
2025-11-26 23:45:23,eLCjlEYBN3U,課金しまくって放射性ラッキーブロックを100個開けるロブロックス (Roblox),UC9Lx-zRFGfpuls27tNAOIqA,マエスケ,['Gaming'],259874,11849,0,954
2025-11-26 23:45:23,G36amiUCkXU,Juice=Juice『盛れ！ミ・アモーレ』(Concert 2025 Queen of Hearts Special Flush),UC6FadPgGviUcq6VQ0CEJqdQ,Juice=Juice,['Music'],383217,26765,0,4918
2025-11-26 23:45:23,Bj6tJxDPzoY,みんなでパンを作って1か所に合流しよう!!(ただし100人に邪魔されながら)【マインクラフト】,UClNdVSK1uy2xFHTaXZYXopw,らっだぁ,['Gaming'],132964,8047,0,252
2025-11-26 23:45:23,Am2ElEWNvTY,LEX - 完璧だ (Music Video),UCeTo4Eh0TzpKbUL4vGQZ73A,LEX *,['People & Blogs'],16982,1816,0,138
2025-11-26 23:45:23,kSmHmdAnDYc,【原神】限定★５「ドゥリン」は強いのか？先行解説します。性能/武器/聖遺物/PT編成/凸orモチーフ…全てが分かる！,UCjJmYy279ehSYSwR1A3fXtA,マグロヘッド,['Gaming'],157971,5504,0,739
2025-11-26 23:45:23,TVqEwvbZP30,RIIZE 라이즈 'Fame' MV,UCEf_Bc-KVd7onSeifS3py9g,SMTOWN,['Music'],3918172,103684,0,9729
2025-11-26 23:45:23,SnCG-_lf74w,今までで一番怖いスーパーマーケット経営『 HELLMART 』,UCMJiPpN_09F0aWpQrgbc_qg,キヨ。,['Gaming'],731208,20817,0,1005
2025-11-26 23:45:23,JkKNqaEl9Aw,"NEXZ(넥스지) ""Legacy"" Performance Video",UCaO6TYtlC8U5ttz62hTrZgg,JYP Entertainment,['Music'],202063,19050,0,1731
2025-11-26 23:45:23,LcpCd9VXGjE,【パチスロ生配信】今日もヴァル2や!!そろそろ高設定台を打ちたい!!【革命機ヴァルヴレイヴ2】,UCdCC1L_OxLrkoEjR19iXpRw,パチスロードch,['Entertainment'],320536,1575,0,0
2025-11-26 23:45:23,ScutqxM3z_s,Hi-STANDARD - Our Song - OFFICIAL MUSIC VIDEO,UCrQUlOEbu-0T0l4DAcBEeIg,pizzaofdeathofficial,['Music'],162856,7895,0,453
2025-11-26 23:45:23,DyINvuS9P34,最強のマシンを進化させるマインクラフト【 マイクラ / マインクラフト 】,UCHazKLThRbMyMFu2bVAKhng,ウォーターチャレンジ,['Gaming'],146276,2133,0,48
2025-11-26 23:45:23,x_RYZsOfpKY,ILLIT (아일릿) 'NOT CUTE ANYMORE’ Official MV,UC3IZKseVpdzPSBaWxBxundA,HYBE LABELS,['Music'],7531648,285755,0,17463
2025-11-26 23:45:23,2j2jXv6Juxc,初心者 vs. プロ：最強のピリジャー刑務所作り対決,UCM3yhFc0-fBFuvqx1Vg2YNQ,まいぜんシスターズ,['Gaming'],104939,1858,0,67
2025-11-26 23:45:23,hcJEQXJIALo,ONE N' ONLY／ “RIDE” Music Video,UC8Qwnts13zIh2EYUCau6m3w,ONE N' ONLY TV,['Entertainment'],12304,2844,0,458
2025-11-26 23:45:23,xjUPVppl1DI,4人で協力して本格的な殺人事件を解決に導く『The Case of the Golden Idol』,UCPVr7clenPjpD7WNsSI3UBQ,レトルト,['Gaming'],520220,9907,0,423
2025-11-26 23:45:23,5-o_tvuKSfM,【Official】Uru 「愛」,UCdPCarwi28K5Z7s5l2nMiLw,Uru Official YouTube Channel,['Music'],21597,2477,0,118
2025-11-26 23:45:23,tLBq_jH5FDI,"【㊗️ 6周年】""""ポケモン剣盾""""のハイレベルすぎる神試合が激アツすぎたwww【対戦者本人解説あり】",UCmnZL4tFRl4sm-uJOxTLHmg,今日ポケch.,['Gaming'],45880,1090,0,119
2025-11-26 23:45:23,CZP11p3DklQ,軌跡,UC8_Ag6BVp43Vmrx6eillK9g,Vaundy - Topic,['Music'],78443,2955,0,126
2025-11-26 23:45:23,w0ZQp2CmHHw,庭を埋め尽くす大量の落ち葉を掃除するゲーム,UChn5TjkeEqd-JxzizMVSkOw,ハヤトの野望,['Gaming'],59074,1584,0,164
2025-11-26 23:45:23,b1OwvLh8HnU,FMP,UCMR5xpbhv3jzIQG1TOTg-Jg,B'z - Topic,['Music'],14034,305,0,7
2025-11-26 23:45:23,3-caLm2c1XI,これがエスペランサの財宝だ！！【龍が如く８外伝 Pirates in Hawaii】＃４３,UCZMRuagdTBKmmrFtSMN48Xw,牛沢,['Gaming'],83399,3289,0,434
2025-11-26 23:45:23,CO0MSU3fqAQ,NiziU 「♡Emotion」 FanCam – MIIHI ver -,UCHp2q2i85qt_9nn2H7AvGOw,NiziU Official,['Entertainment'],7229,1662,0,98
2025-11-26 23:45:23,nzbbL07maKA,【Among Us#304】ここが地獄ですか？超波動砲にロケットに人外が跋扈するアモングアス【ゆっくり実況】,UCy0DH4rgPPjDWVZO7wibcSQ,めめんともり,['Gaming'],94539,5944,0,254
2025-11-26 23:45:23,kux5GmbZhVg,メロリ,UCpYHkc4rzWEW7iVXIyxQebA,Hey! Say! JUMP - Topic,['Music'],11887,817,0,18
2025-11-26 23:45:23,Em805jfRVXs,唯一無二すぎるプレイヤーと対戦し、そのスタイルに感動すら覚えるカワノ【スト6】,UCzRzPAT-AjlPyec5yXG974g,カワノKawano,['Gaming'],218263,4400,0,521
2025-11-26 23:45:23,Iz7mRKij2ao,GLAY「Dead Or Alive」 / アニメ『終末のワルキューレIII』オープニングテーマ Teaser2,UC1DqlLj1onQhBfxW81OgQTw,GLAY,['Entertainment'],5292,474,0,18
2025-11-26 23:45:23,rOZV4RZrA3A,【今年−304万】東京喰種パチンコライブ配信,UCYe_uTI6X6mm9qaXm8iWFDg,ノッチ配信者パチンコライブ,['Entertainment'],199739,2077,0,6
2025-11-26 23:45:23,Kc7TkgWiWrc,Kiseki No Younakoto,UCof7dOTnyxaidkKkcIFuflQ,Mone Kamishiraishi - Topic,['Music'],24486,894,0,34
2025-11-26 23:45:23,qUgLxkENl6c,おかんの家は24時間後に消えます【まいくら / マインクラフト】,UCJy7zfLsKBXoo2soFMum7JQ,あかさかの箱,['Gaming'],86213,6107,0,309
2025-11-26 23:45:23,I52yC34Ji2k,YENA「STAR! (feat. Hatsune Miku)」 Music Video,UC4YT50DP7hbMsor8FmyEPMw,Victor Entertainment,['Music'],210791,33372,0,1366
2025-11-26 23:45:23,bZ2eyQcJ49o,"今までガチで使った事ない選手！！こんだけ課金してる俺がGET出来ない""この選手""とは！？【プロスピA】# 1757",UCy9GuRXGTm8TliQ-OJ7KwzA,【V.I.P】,['Gaming'],86388,2161,0,329
2025-11-26 23:45:23,7bqePXphj2g,乃木坂46『夢の匂い』MUSIC VIDEO,UCUzpZpX2wRYOk3J8QTFGxDg,乃木坂46 OFFICIAL YouTube CHANNEL,['Music'],246154,17834,0,1537
2025-11-26 23:45:23,ineS6XL0vc8,カオスを極める「カービィのエアライダー」が面白すぎる,UCc-PPk-lNe34JaWCcJQCL0g,ドコムスチャンネル,['Gaming'],45041,1638,0,68
2025-11-26 23:45:23,JrI4_jUZe98,SEVENTEEN | THE SMURFS (세븐틴 | 스머프) Ver. '음악의 신' Official MV,UCfkXDY7vwkcJ8ddFGz8KusA,SEVENTEEN,['Music'],339832,59982,0,2054
2025-11-26 23:45:23,1wRkbauiGU8,２年前に舐めた女 vs ２年間舐められてた男の裁判を開幕します 懐クラフト #13,UCoQhX2O93MVTWfgIz-8wOmg,KUNの50人クラフト,['Gaming'],75689,2210,0,136
2025-11-26 23:45:23,dx4XsqUGm10,MAZZEL / Only You -Dance Practice-,UCMF_5h2OejEhVorTB02UUSg,MAZZEL,['Music'],185591,18005,0,1346
2025-11-26 23:45:23,KC0-vIj7piY,【念願】遂に決まる！ホロメンASMR品評会！#ラプ様4周年記念 【ラプラス・ダークネス/ホロライブ】,UCENwRMx5Yh42zWpzURebzTw,Laplus ch. ラプラス・ダークネス - holoX -,['Entertainment'],193894,17226,0,186
2025-11-26 23:45:23,j-8vLi2sMg0,【歌ってみた】星の消えた夜に / covered by Nornis【戌亥とこ/町田ちま/にじさんじ】,UCxWcO9CLti4uouUIS5IIF-Q,Nornis,['Music'],60584,6265,0,83
2025-11-26 23:45:23,oWv2PwrJkTM,【 Cut That Wire 】視聴者と言葉の要らない命の騙し合い！！！！！にぇ！？！？【ホロライブ/さくらみこ】,UC-hM6YJuNYVAmUWxeIr9FeA,Miko Ch. さくらみこ,['Gaming'],184017,10705,0,83
2025-11-26 23:45:23,T8w3L1rS3o4,澤野弘之『EARth』Music Video,UCpT4syVopfBl2bATVfAt65g,澤野弘之 / SawanoHiroyuki[nZk],['Music'],25926,2332,0,67
2025-11-26 23:45:23,WVVv8Uyok_U,サビ組さんにはよくしてもらってます｜ポケモンZA #20,UCMzLWawc9x3rUsqYDEfgqzA,ジャック・オ・蘭たん,['Gaming'],29774,2630,0,558
2025-11-26 23:45:23,vQpF9mIiYFU,LALALA (Baby it takes two),UC3NrSfe_yR5XX9zGFxYoV1Q,HIRAIDAI - Topic,['Music'],10118,269,0,22
2025-11-26 23:45:23,ST05E_5kn2E,負けたら自身の全財産公開を賭けた通帳カスタムで勝ったのは・・・【The k4sen Con 2025 DAY 3 Supported by ロリポップ！ for Gamers byGMOペパボ】,UChUjERVG8eKEAJSCef-tTmg,k4sen / かせん,['Gaming'],233483,4486,0,318
2025-11-26 23:45:23,w32-xwPxDFk,Saucy Dog「エデンの部屋」Music Video　＜9th Mini Album「カレーライス」2025.12.17 Release＞,UCs8nP5mUR3pwJmgixsul8Hw,Saucy Dog,['Music'],7493,837,0,48
2025-11-26 22:49:35,XILnJKGc0yo,INI｜'U MINE' Performance Video,UCc-itdQHxLvUlPrDxIiSJrA,INI,['Entertainment'],196722,19529,0,3416
2025-11-26 22:49:35,vIUORnIS_ug,ELDEN RING NIGHTREIGN The Forsaken Hollows | Scholar Character Trailer,UC_ntXHv-XdKCD7CPynVvnQw,Bandai Namco Entertainment America,['Gaming'],293947,12967,0,990
2025-11-26 22:49:35,dIPZHyTBFz0,『ドラゴンクエストウォーク』の新情報をお届け「スマートウォーク」#131,UCtceiniicYEsbAVuWy-Bi0Q,ドラゴンクエストウォーク公式,['Gaming'],138195,1820,0,238
2025-11-26 22:49:35,b9z3Iaz5Zrc,ヤングスキニー - るっせぇ女【Official Music Video】,UCcg_rvE-fU2tATMwBAxW9bA,ヤングスキニー,['Music'],72929,5041,0,287
2025-11-26 22:49:35,eLCjlEYBN3U,課金しまくって放射性ラッキーブロックを100個開けるロブロックス (Roblox),UC9Lx-zRFGfpuls27tNAOIqA,マエスケ,['Gaming'],234168,11579,0,934
2025-11-26 22:49:35,G36amiUCkXU,Juice=Juice『盛れ！ミ・アモーレ』(Concert 2025 Queen of Hearts Special Flush),UC6FadPgGviUcq6VQ0CEJqdQ,Juice=Juice,['Music'],375526,26541,0,4852
2025-11-26 22:49:35,8gAg9uDn2Oo,体力と手持ちが共有の世界で全員合流するまで終われません！ミニミニ編【マイクラ】,UCj4PjeVMnNTHIR5EeoNKPAw,ドズル社,['Gaming'],162335,8969,0,375
2025-11-26 22:49:35,StcmgD_0aRI,モニタリング Cover / Gero,UCFuugQScqDfJcsOEWbL1_tg,Gero Channel,['Music'],28196,7062,0,2107
2025-11-26 22:49:35,SnCG-_lf74w,今までで一番怖いスーパーマーケット経営『 HELLMART 』,UCMJiPpN_09F0aWpQrgbc_qg,キヨ。,['Gaming'],706864,20522,0,994
2025-11-26 22:49:35,TVqEwvbZP30,RIIZE 라이즈 'Fame' MV,UCEf_Bc-KVd7onSeifS3py9g,SMTOWN,['Music'],3352026,103153,0,9542
2025-11-26 22:49:35,kSmHmdAnDYc,【原神】限定★５「ドゥリン」は強いのか？先行解説します。性能/武器/聖遺物/PT編成/凸orモチーフ…全てが分かる！,UCjJmYy279ehSYSwR1A3fXtA,マグロヘッド,['Gaming'],144069,5231,0,703
2025-11-26 22:49:35,JkKNqaEl9Aw,"NEXZ(넥스지) ""Legacy"" Performance Video",UCaO6TYtlC8U5ttz62hTrZgg,JYP Entertainment,['Music'],194603,18774,0,1719
2025-11-26 22:49:35,Bj6tJxDPzoY,みんなでパンを作って1か所に合流しよう!!(ただし100人に邪魔されながら)【マインクラフト】,UClNdVSK1uy2xFHTaXZYXopw,らっだぁ,['Gaming'],112865,7489,0,242
2025-11-26 22:49:35,x_RYZsOfpKY,ILLIT (아일릿) 'NOT CUTE ANYMORE’ Official MV,UC3IZKseVpdzPSBaWxBxundA,HYBE LABELS,['Music'],7463206,284193,0,17421
2025-11-26 22:49:35,DyINvuS9P34,最強のマシンを進化させるマインクラフト【 マイクラ / マインクラフト 】,UCHazKLThRbMyMFu2bVAKhng,ウォーターチャレンジ,['Gaming'],137015,2102,0,46
2025-11-26 22:49:35,ScutqxM3z_s,Hi-STANDARD - Our Song - OFFICIAL MUSIC VIDEO,UCrQUlOEbu-0T0l4DAcBEeIg,pizzaofdeathofficial,['Music'],153418,7760,0,447
2025-11-26 22:49:35,2j2jXv6Juxc,初心者 vs. プロ：最強のピリジャー刑務所作り対決,UCM3yhFc0-fBFuvqx1Vg2YNQ,まいぜんシスターズ,['Gaming'],96295,1823,0,64
2025-11-26 22:49:35,CZP11p3DklQ,軌跡,UC8_Ag6BVp43Vmrx6eillK9g,Vaundy - Topic,['Music'],75002,2865,0,124
2025-11-26 22:49:35,xjUPVppl1DI,4人で協力して本格的な殺人事件を解決に導く『The Case of the Golden Idol』,UCPVr7clenPjpD7WNsSI3UBQ,レトルト,['Gaming'],507363,9765,0,416
2025-11-26 22:49:35,b1OwvLh8HnU,FMP,UCMR5xpbhv3jzIQG1TOTg-Jg,B'z - Topic,['Music'],13462,296,0,7
2025-11-26 22:49:35,rOZV4RZrA3A,【今年−304万】東京喰種パチンコライブ配信,UCYe_uTI6X6mm9qaXm8iWFDg,ノッチ配信者パチンコライブ,['Entertainment'],172849,2071,0,5
2025-11-26 22:49:35,hcJEQXJIALo,ONE N' ONLY／ “RIDE” Music Video,UC8Qwnts13zIh2EYUCau6m3w,ONE N' ONLY TV,['Entertainment'],5616,2531,0,421
2025-11-26 22:49:35,qUgLxkENl6c,おかんの家は24時間後に消えます【まいくら / マインクラフト】,UCJy7zfLsKBXoo2soFMum7JQ,あかさかの箱,['Gaming'],81092,6054,0,308
2025-11-26 22:49:35,Am2ElEWNvTY,LEX - 完璧だ (Music Video),UCeTo4Eh0TzpKbUL4vGQZ73A,LEX *,['People & Blogs'],11202,1397,0,116
2025-11-26 22:49:35,Em805jfRVXs,唯一無二すぎるプレイヤーと対戦し、そのスタイルに感動すら覚えるカワノ【スト6】,UCzRzPAT-AjlPyec5yXG974g,カワノKawano,['Gaming'],207932,4281,0,510
2025-11-26 22:49:35,kux5GmbZhVg,メロリ,UCpYHkc4rzWEW7iVXIyxQebA,Hey! Say! JUMP - Topic,['Music'],11352,781,0,17
2025-11-26 22:49:35,nzbbL07maKA,【Among Us#304】ここが地獄ですか？超波動砲にロケットに人外が跋扈するアモングアス【ゆっくり実況】,UCy0DH4rgPPjDWVZO7wibcSQ,めめんともり,['Gaming'],86030,5732,0,250
2025-11-26 22:49:35,Kc7TkgWiWrc,Kiseki No Younakoto,UCof7dOTnyxaidkKkcIFuflQ,Mone Kamishiraishi - Topic,['Music'],23524,875,0,34
2025-11-26 22:49:35,3-caLm2c1XI,これがエスペランサの財宝だ！！【龍が如く８外伝 Pirates in Hawaii】＃４３,UCZMRuagdTBKmmrFtSMN48Xw,牛沢,['Gaming'],72799,3090,0,416
2025-11-26 22:49:35,5-o_tvuKSfM,【Official】Uru 「愛」,UCdPCarwi28K5Z7s5l2nMiLw,Uru Official YouTube Channel,['Music'],16351,2225,0,107
2025-11-26 22:49:35,w0ZQp2CmHHw,庭を埋め尽くす大量の落ち葉を掃除するゲーム,UChn5TjkeEqd-JxzizMVSkOw,ハヤトの野望,['Gaming'],48602,1406,0,152
2025-11-26 22:49:35,7bqePXphj2g,乃木坂46『夢の匂い』MUSIC VIDEO,UCUzpZpX2wRYOk3J8QTFGxDg,乃木坂46 OFFICIAL YouTube CHANNEL,['Music'],243088,17743,0,1529
2025-11-26 22:49:35,tLBq_jH5FDI,"【㊗️ 6周年】""""ポケモン剣盾""""のハイレベルすぎる神試合が激アツすぎたwww【対戦者本人解説あり】",UCmnZL4tFRl4sm-uJOxTLHmg,今日ポケch.,['Gaming'],36672,959,0,112
2025-11-26 22:49:35,Iz7mRKij2ao,GLAY「Dead Or Alive」 / アニメ『終末のワルキューレIII』オープニングテーマ Teaser2,UC1DqlLj1onQhBfxW81OgQTw,GLAY,['Entertainment'],4379,439,0,18
2025-11-26 22:49:35,bZ2eyQcJ49o,"今までガチで使った事ない選手！！こんだけ課金してる俺がGET出来ない""この選手""とは！？【プロスピA】# 1757",UCy9GuRXGTm8TliQ-OJ7KwzA,【V.I.P】,['Gaming'],64745,1936,0,306
2025-11-26 22:49:35,dx4XsqUGm10,MAZZEL / Only You -Dance Practice-,UCMF_5h2OejEhVorTB02UUSg,MAZZEL,['Music'],182881,17931,0,1342
2025-11-26 22:49:35,1wRkbauiGU8,２年前に舐めた女 vs ２年間舐められてた男の裁判を開幕します 懐クラフト #13,UCoQhX2O93MVTWfgIz-8wOmg,KUNの50人クラフト,['Gaming'],69516,2125,0,134
2025-11-26 22:49:35,CO0MSU3fqAQ,NiziU 「♡Emotion」 FanCam – MIIHI ver -,UCHp2q2i85qt_9nn2H7AvGOw,NiziU Official,['Entertainment'],5829,1490,0,90
2025-11-26 22:49:35,ST05E_5kn2E,負けたら自身の全財産公開を賭けた通帳カスタムで勝ったのは・・・【The k4sen Con 2025 DAY 3 Supported by ロリポップ！ for Gamers byGMOペパボ】,UChUjERVG8eKEAJSCef-tTmg,k4sen / かせん,['Gaming'],230573,4441,0,317
2025-11-26 22:49:35,I52yC34Ji2k,YENA「STAR! (feat. Hatsune Miku)」 Music Video,UC4YT50DP7hbMsor8FmyEPMw,Victor Entertainment,['Music'],199450,32068,0,1328
2025-11-26 22:49:35,KC0-vIj7piY,【念願】遂に決まる！ホロメンASMR品評会！#ラプ様4周年記念 【ラプラス・ダークネス/ホロライブ】,UCENwRMx5Yh42zWpzURebzTw,Laplus ch. ラプラス・ダークネス - holoX -,['Entertainment'],185368,16941,0,166
2025-11-26 22:49:35,JrI4_jUZe98,SEVENTEEN | THE SMURFS (세븐틴 | 스머프) Ver. '음악의 신' Official MV,UCfkXDY7vwkcJ8ddFGz8KusA,SEVENTEEN,['Music'],329984,59039,0,2040
2025-11-26 22:49:35,STXcQAmoLPU,ナナ色チャンネル 26日毎日配信[スマスロからくりサーカス]22日目,UCu3kfiUaK7MmkQ40omEpGyQ,ナナ色チャンネル,['People & Blogs'],133155,1364,0,0
2025-11-26 22:49:35,vQpF9mIiYFU,LALALA (Baby it takes two),UC3NrSfe_yR5XX9zGFxYoV1Q,HIRAIDAI - Topic,['Music'],9729,267,0,22
2025-11-26 22:49:35,ineS6XL0vc8,カオスを極める「カービィのエアライダー」が面白すぎる,UCc-PPk-lNe34JaWCcJQCL0g,ドコムスチャンネル,['Gaming'],35625,1441,0,60
2025-11-26 22:49:35,j-8vLi2sMg0,【歌ってみた】星の消えた夜に / covered by Nornis【戌亥とこ/町田ちま/にじさんじ】,UCxWcO9CLti4uouUIS5IIF-Q,Nornis,['Music'],57997,6178,0,82
2025-11-26 22:49:35,_o05ucPBD7g,新しいシークレットレア『ドラドラゴン』が強すぎたブレインロットタワーディフェンス【 ロブロックス Roblox 】,UC3ruCdV7xnwAbpkW9tQq-6A,のーわん【NoOnE】,['Gaming'],60208,1247,0,65
2025-11-26 22:49:35,Gln8wDtITJ4,Kay-on - SHIN GODZILLA (Official Video),UCdszfKemUn36sOEplfkiGVQ,GPV LABEL,['Music'],36488,2542,0,201
2025-11-26 22:49:35,F2B4VITJfb0,オモコロチャンネル登録者47万人記念生放送！！【桃太郎電鉄２ ～あなたの町も きっとある～】東日本マップをやっちゃう！！,UCOx-oLP9tOhiYwSK_m-yVxA,オモコロチャンネル,['Entertainment'],59175,1615,0,91
2025-11-26 22:49:35,vQ_NFqtGDgo,Aiobahn & TAK feat. 初音ミク - DIVA (Official Music Video),UC9qSqkNFiByKzzoxT3Cydyw,Aiobahn,['Music'],106614,19877,0,825
2025-11-27 20:18:24,StcmgD_0aRI,モニタリング Cover / Gero,UCFuugQScqDfJcsOEWbL1_tg,Gero Channel,['Music'],119494,11807,0,2671
2025-11-27 20:18:24,NUSpibeVoO0,失われたチャプター: ユキの復讐 | ティザートレーラー,UCwF6o6cF7BMTY1-OZ7ZUY7Q,フォートナイト 公式,['Gaming'],27813,987,0,93
2025-11-27 20:18:24,6yMFwpzbQCY,モンストニュース[11/27]モンストの最新情報をお届けします！【モンスト公式】,UCd9BXPj-KcMTh0HiB-Vlb8A,モンスト（モンスターストライク）公式,['Gaming'],323549,3831,0,245
2025-11-27 20:18:24,ES9oYbzYCh8,ILLIT (아일릿) 'NOT CUTE ANYMORE’ Performance Film,UC3IZKseVpdzPSBaWxBxundA,HYBE LABELS,['Music'],514298,62044,0,1894
2025-11-27 20:18:24,vIUORnIS_ug,ELDEN RING NIGHTREIGN The Forsaken Hollows | Scholar Character Trailer,UC_ntXHv-XdKCD7CPynVvnQw,Bandai Namco Entertainment America,['Gaming'],339982,13925,0,1049
2025-11-27 20:18:24,8gAg9uDn2Oo,体力と手持ちが共有の世界で全員合流するまで終われません！ミニミニ編【マイクラ】,UCj4PjeVMnNTHIR5EeoNKPAw,ドズル社,['Gaming'],395193,13677,0,502
2025-11-27 20:18:24,VWg0218G38c,現在がとんでもなく悲惨な事になってるYouTuber4選,UCHvFSU5OP6c7QcJxIr87YtA,ウタエル Utael,['Entertainment'],121100,1456,0,258
2025-11-27 20:18:24,E7so8IVX1qQ,SG福岡 ３日目 チャレンジカップ「シュガーの宝舟ボートレース2025LIVE」,UCl_HfKfmxefUAVHPyJu0aCg,シュガーの宝舟,['Entertainment'],84244,125,0,3
2025-11-27 20:18:24,b9z3Iaz5Zrc,ヤングスキニー - るっせぇ女【Official Music Video】,UCcg_rvE-fU2tATMwBAxW9bA,ヤングスキニー,['Music'],131491,6679,0,322
2025-11-27 20:18:24,dIPZHyTBFz0,『ドラゴンクエストウォーク』の新情報をお届け「スマートウォーク」#131,UCtceiniicYEsbAVuWy-Bi0Q,ドラゴンクエストウォーク公式,['Gaming'],200288,2175,0,265
2025-11-27 20:18:24,Am2ElEWNvTY,LEX - 完璧だ (Music Video),UCeTo4Eh0TzpKbUL4vGQZ73A,LEX *,['People & Blogs'],72638,4002,0,218
2025-11-27 20:18:24,5eHGs7lX09s,うんこちゃんのイナズマイレブン 英雄たちのヴィクトリーロード 実況プレイPart5※ネタバレ注意,UCx1nAvtVDIsaGmCMSe8ofsQ,加藤純一【jun channel】,['Gaming'],120518,1339,0,1139
2025-11-27 20:18:24,XILnJKGc0yo,INI｜'U MINE' Performance Video,UCc-itdQHxLvUlPrDxIiSJrA,INI,['Entertainment'],248763,20580,0,3690
2025-11-27 20:18:24,o3PX7EjBjvg,50人クラフトBAN覚悟のガチなんでもバスケット,UCoQhX2O93MVTWfgIz-8wOmg,KUNの50人クラフト,['Gaming'],58027,2865,0,296
2025-11-27 20:18:24,AfKzB2lXo7I,SLAVE (Nissy Entertainment “Re:10th Anniversary Final” BEST DOME TOUR),UCkv76wCrBDQNn7ctcbn6Qeg,Nissy - Topic,['Music'],17919,829,0,51
2025-11-27 20:18:24,eLCjlEYBN3U,課金しまくって放射性ラッキーブロックを100個開けるロブロックス (Roblox),UC9Lx-zRFGfpuls27tNAOIqA,マエスケ,['Gaming'],422891,16012,0,1094
2025-11-27 20:18:24,5UBc2gXGwKc,Seishun Rock 'n' roll,UC3PFoXZPFJGy9F4PG84nNQQ,Soala - Topic,['Music'],19600,289,0,9
2025-11-27 20:18:24,Bj6tJxDPzoY,みんなでパンを作って1か所に合流しよう!!(ただし100人に邪魔されながら)【マインクラフト】,UClNdVSK1uy2xFHTaXZYXopw,らっだぁ,['Gaming'],248508,11224,0,306
2025-11-27 20:18:24,hcJEQXJIALo,ONE N' ONLY／ “RIDE” Music Video,UC8Qwnts13zIh2EYUCau6m3w,ONE N' ONLY TV,['Entertainment'],33808,3896,0,571
2025-11-27 20:18:24,WVVv8Uyok_U,サビ組さんにはよくしてもらってます｜ポケモンZA #20,UCMzLWawc9x3rUsqYDEfgqzA,ジャック・オ・蘭たん,['Gaming'],127606,5328,0,811
2025-11-27 20:18:24,5-o_tvuKSfM,【Official】Uru 「愛」,UCdPCarwi28K5Z7s5l2nMiLw,Uru Official YouTube Channel,['Music'],60121,4000,0,157
2025-11-27 20:18:24,kSmHmdAnDYc,【原神】限定★５「ドゥリン」は強いのか？先行解説します。性能/武器/聖遺物/PT編成/凸orモチーフ…全てが分かる！,UCjJmYy279ehSYSwR1A3fXtA,マグロヘッド,['Gaming'],243947,6957,0,846
2025-11-27 20:18:24,FuGOa47BBqg,Brand New Episode,UCy2IDlWr4fbdO2dbka98bSg,HACHI - Topic,['Music'],39078,1205,0,15
2025-11-27 20:18:24,OoLflKFs7YY,【MIMESIS】ヒトの言葉を学習して欺いてくるAIにビビりまくるフブぺこ奏ヴィヴィ【2025.11.26/ホロライブ切り抜き】,UCUbAVVpHteGtGQPPN9lM3oQ,ホロライブ切り抜き/なめたけ,['Entertainment'],91397,2782,0,275
2025-11-27 20:18:24,G36amiUCkXU,Juice=Juice『盛れ！ミ・アモーレ』(Concert 2025 Queen of Hearts Special Flush),UC6FadPgGviUcq6VQ0CEJqdQ,Juice=Juice,['Music'],469573,28487,0,5518
2025-11-27 20:18:24,SnCG-_lf74w,今までで一番怖いスーパーマーケット経営『 HELLMART 』,UCMJiPpN_09F0aWpQrgbc_qg,キヨ。,['Gaming'],936987,23420,0,1100
2025-11-27 20:18:24,CXcBo03He2A,ミジ子の恋,UCDBdcJ3JIg2sjDg8QR3xp-g,Iyowa - Topic,['Music'],31198,3979,0,192
2025-11-27 20:18:24,2j2jXv6Juxc,初心者 vs. プロ：最強のピリジャー刑務所作り対決,UCM3yhFc0-fBFuvqx1Vg2YNQ,まいぜんシスターズ,['Gaming'],221015,2835,0,101
2025-11-27 20:18:24,tdYPGxusaYs,NiziU 「♡Emotion」 FanCam – MAYUKA ver -,UCHp2q2i85qt_9nn2H7AvGOw,NiziU Official,['Entertainment'],32483,2657,0,147
2025-11-27 20:18:24,DyINvuS9P34,最強のマシンを進化させるマインクラフト【 マイクラ / マインクラフト 】,UCHazKLThRbMyMFu2bVAKhng,ウォーターチャレンジ,['Gaming'],220612,2915,0,51
2025-11-27 20:18:24,9jrVtT2nPgQ,【歌ってみた】革命道中 - アイナ・ジ・エンド covered by 明透,UCBLGjbYv6-xxju1i44RjnnA,明透 -ᴀsᴜ-,['Music'],38448,4801,0,105
2025-11-27 20:18:24,tLBq_jH5FDI,"【㊗️ 6周年】""""ポケモン剣盾""""のハイレベルすぎる神試合が激アツすぎたwww【対戦者本人解説あり】",UCmnZL4tFRl4sm-uJOxTLHmg,今日ポケch.,['Gaming'],118969,1812,0,175
2025-11-27 20:18:24,JkKNqaEl9Aw,"NEXZ(넥스지) ""Legacy"" Performance Video",UCaO6TYtlC8U5ttz62hTrZgg,JYP Entertainment,['Music'],354869,21187,0,1902
2025-11-27 20:18:24,tGwT5DAU6-s,【MIMESIS】AIが仲間の声を学習し襲ってくる新感覚ホラゲで、本当の恐怖はオリジナル（本物）だと知るローレンたちwww【ローレン 叶カンパニー にじさんじ 切り抜き】,UC-UxhoAxlq57uZ8BA0b1Jyw,FPS切り抜きボット【ローレン・イロアス】,['Gaming'],62313,1234,0,20
2025-11-27 20:18:24,OfuHlytx3rQ,フィナーレ,UCTEQRq53fm5tw-3vJ1HLUCw,MAY'S - Topic,['Music'],14571,214,0,9
2025-11-27 20:18:24,6-9ej0ztMUA,【バッチ参戦でほぼカッパ!?】ビッグバンするまで終わらないネオプラ実戦　【新台の村田 with 松本バッチ】#ネオプラネット #JIRO　#松本バッチ,UCv0F5yCdnwnBTrcJO2Yr3lQ,きむちゃんねる,['Entertainment'],39136,447,0,42
2025-11-27 20:18:24,kux5GmbZhVg,メロリ,UCpYHkc4rzWEW7iVXIyxQebA,Hey! Say! JUMP - Topic,['Music'],22316,1046,0,20
2025-11-27 20:18:24,w0ZQp2CmHHw,庭を埋め尽くす大量の落ち葉を掃除するゲーム,UChn5TjkeEqd-JxzizMVSkOw,ハヤトの野望,['Gaming'],154610,2597,0,229
2025-11-27 20:18:24,Lj1Qi3-zQgg,あの娘は邪惡！,UC5nxCVEWQLLfkPuMylpkYkA,ロス,['Entertainment'],30687,4862,0,151
2025-11-27 20:18:24,n7pO7F_kP0k,【原神】エピソード ドゥリン「家族への手紙」,UCAVR6Q0YgYa8xwz8rdg9Mrg,原神-Genshin-公式,['Gaming'],92364,14011,0,534
2025-11-27 20:18:24,GVeRDFqNT40,恐るるなかれ灰は灰に,UCMR5xpbhv3jzIQG1TOTg-Jg,B'z - Topic,['Music'],22035,271,0,10
2025-11-27 20:18:24,OWGd9sHxpvs,【複数視点】話題のAIホラゲで大爆笑ｗｗｗ【にじさんじ切り抜き/星川サラ/叶/ローレン・イロアス/樋口楓】,UCeuNlK0yX-6_4930q0JUGNw,白瀬,['Gaming'],96659,2931,0,87
2025-11-27 20:18:24,TVqEwvbZP30,RIIZE 라이즈 'Fame' MV,UCEf_Bc-KVd7onSeifS3py9g,SMTOWN,['Music'],6744970,110606,0,11309
2025-11-27 20:18:24,S0UEqkus7FA,【ミメシス】声と行動を真似するニセモノに騙されないように生き残る！！ぺこ！【ホロライブ/兎田ぺこら】,UC1DCedRgGHBdm81E1llLhOQ,Pekora Ch. 兎田ぺこら,['Gaming'],320814,12574,0,250
2025-11-27 20:18:24,ScutqxM3z_s,Hi-STANDARD - Our Song - OFFICIAL MUSIC VIDEO,UCrQUlOEbu-0T0l4DAcBEeIg,pizzaofdeathofficial,['Music'],202642,8556,0,488
2025-11-27 20:18:24,R-ZKjAqlquA,【更新待機】今日は何が来るんだ？！？！大量ガチャ更新＆バルセロナ創立記念あるか？！11/27メンテ待機配信,UCia0Mw96B-yNYRka1J_mAsQ,HikacGamesヒカックゲームズ,['Gaming'],119389,592,0,23
2025-11-27 20:18:24,CZP11p3DklQ,軌跡,UC8_Ag6BVp43Vmrx6eillK9g,Vaundy - Topic,['Music'],113257,3621,0,147
2025-11-27 20:18:24,b29J1g4yWcs,KUNが参加勢だったらまず〇〇をする,UCGjV4bsC43On-YuiLZcfL0w,KUN,['Gaming'],71270,2598,0,222
2025-11-27 20:18:24,vQpF9mIiYFU,LALALA (Baby it takes two),UC3NrSfe_yR5XX9zGFxYoV1Q,HIRAIDAI - Topic,['Music'],21154,324,0,22
2025-11-27 20:18:24,OeMmb--HE6k,【MIMESIS】叶カンパニー、出勤します。【にじさんじ/ローレン・イロアス】,UCgmFrRcyH7d1zR9sIVQhFow,ローレン・イロアス / Lauren Iroas【にじさんじ】,['Gaming'],190291,4918,0,69
2025-11-24 17:55:57,gSXQd_5ht0E,【DANCE VIDEO】君セン！ / iLiFE! 【振り動画】,UChVflUz2J_jaaqYjXqvpmQA,iLiFE!【あいらいふ】,['Music'],246650,18485,0,931
2025-11-24 17:55:57,vMg1KAFAKiY,'이게 맞아?! 시즌2' Main Trailer,UCLkAepWjdylmXSltofFvsYQ,BANGTANTV,['Music'],456548,106678,0,6491
2025-11-24 17:55:57,MarWse2JmWU,【パチスロ生配信】今日も懲りずにまずはスマスロ北斗でコンプリート目指す！PACHINKO SLOT生放送パチンコパチスロ実戦！11/24,UCOVLrBaOiMH5QDKXTycZ8Pw,やっちゃんの崖っぷちスロパチ生活,['Gaming'],295663,3298,0,13
2025-11-24 17:55:57,llAI08UYyAw,"Stray Kids ""Do It (Overdrive Version)"" M/V",UCaO6TYtlC8U5ttz62hTrZgg,JYP Entertainment,['Music'],332227,116881,0,6041
2025-11-24 17:55:57,dCmNVtLsYzA,TVSP『アンデッドアンラック』Winter編 メインPV／Undead Unluck |Main Trailer,UCkVvAm5jb62IMIJQj4wPVGA,TMSアニメ公式チャンネル,['Film & Animation'],95120,5786,0,351
2025-11-24 17:55:57,jRgzfKDTI7g,超スローになったり超高速になる世界でエンドラ討伐【マイクラ】,UCj4PjeVMnNTHIR5EeoNKPAw,ドズル社,['Gaming'],324563,9352,0,308
2025-11-24 17:55:57,ayjRv2g2UqY,ムカつく -another story- feat. 高梨小麻（CV：石見舞菜香）／HoneyWorks,UCAaGaynFpku5cAx6OOSrW-w,HoneyWorks OFFICIAL,['Music'],208382,15977,0,719
2025-11-24 17:55:57,tk9FDjJd6zM,『ストレンジャー・シングス 未知の世界 5』VOL 1 予告編 - Netflix,UCv2ejD5B1xOYtGB2cf80B8g,Netflix Japan,['Entertainment'],13204,354,0,43
2025-11-24 17:55:57,4l9Ni3tjbwM,【#にじ遊戯王祭2025】にじさんじ遊戯王マスターデュエル祭 2025 Day2：敗者復活＆決勝トーナメント,UCX7YkU9nEeaoZbkVLVajcMg,にじさんじ,['Gaming'],1049027,11856,0,108
2025-11-24 17:55:57,yxXNIzrfPNQ,Trap,UC6qVAJzxF5kSN_UUFSdODiQ,MAZZEL - Topic,['Music'],43372,4548,0,649
2025-11-24 17:55:57,UFozBQrnmII,【桃鉄】今夜は無礼講！4人で新作桃鉄を遊ぶぞおおおおおおおお！！ぺこ！【ホロライブ/兎田ぺこら】,UC1DCedRgGHBdm81E1llLhOQ,Pekora Ch. 兎田ぺこら,['Gaming'],720980,24339,0,361
2025-11-24 17:55:57,kCnD_dMyJ3M,The Bible of The “Eden”,UCZwcUEEjD8RVzB-TAw1ts3g,Eden - Topic,['Music'],29976,1796,0,0
2025-11-24 17:55:57,ex7ieF2B09A,男たちが最後の1人になるまで騙し合うREAL Liar's Bar【The k4sen Con 2025 DAY 2 Supported by ロリポップ！ for Gamers byGMOペパボ】,UChUjERVG8eKEAJSCef-tTmg,k4sen / かせん,['Gaming'],48062,1182,0,60
2025-11-24 17:55:57,QJpTBz916MI,にっこり^^調査隊のテーマ / まぐねっと部 cover【宝鐘マリン・火威青・しぐれうい・ルンルン】,UCCzUftO8KOVkV4wQG1vkUvg,Marine Ch. 宝鐘マリン,['Entertainment'],830958,96397,0,2703
2025-11-24 17:55:57,h09ng9lTOEM,【HD-2D版ドラゴンクエストI＆II】あと2個！残りの紋章も集めにいくぞ！！※ネタバレ注意【胡桃沢りりか】,UCYLp2FLXcqLUZhvrCxQmNIA,胡桃沢りりか,['Gaming'],169575,1511,0,5
2025-11-24 17:55:57,QRTGKxrKBPM,インビジブル / 歌ってみた【あらき×榊ネス】,UCBhPDpv9JavoPADrZcsAC2A,あらき-ARAKI Official,['Music'],299916,33370,0,922
2025-11-24 17:55:57,9XNqe5r8xHI,【#ARCRaiders】ヘイチームアップ【イブラヒム、ローレン】,UCSFCh5NL4qXrAy9u-u2lX3g,Kuzuha Channel,['Gaming'],400240,5802,0,20
2025-11-24 17:55:57,0-74AHbFWic,＝LOVE（イコールラブ）/ 19th Single c/w『Queens』リハーサル定点映像 (from 8th ANNIVERSARY PREMIUM TOUR),UCv7VutirxDn3RWIJXI68n_A,＝LOVE（イコールラブ）公式チャンネル,['Entertainment'],106610,10022,0,584
2025-11-24 17:55:57,dolefeooLzc,誰もが驚く闇がある「回転寿司屋🍣」で働くホラーゲームが怖すぎる【The Sushi House】,UCzXjPL7zo0bxhOYDxLJ9YEg,ポッキー,['Gaming'],179134,3918,0,270
2025-11-24 17:55:57,4oml768wFnk,REAL,UC8eq3M3Yft3FUgxEX6lOZMg,chotokkyu - Topic,['Music'],20224,2525,0,144
2025-11-24 17:55:57,LUQ28DBF7EU,どるぴんが病んでるらしい,UCGjV4bsC43On-YuiLZcfL0w,KUN,['Gaming'],83684,2749,0,245
2025-11-24 17:55:57,FFXSoSl_lGg,Vaundy LIVE “僕にはどうしてわかるんだろう” 2025.11.16 one man live VAWS hall tour “little punk” at 東京ガーデンシアター,UC1FQWQ3y3-e8l1pCtWhJt5A,Vaundy,['Music'],55619,3610,0,154
2025-11-24 17:55:57,7gDl4S3wB14,超激レアの新しいブレインロット6体全て盗むロブロックス (Roblox),UC9Lx-zRFGfpuls27tNAOIqA,マエスケ,['Gaming'],355303,7067,0,698
2025-11-24 17:55:57,tPMkWfK6N-E,[STAGE CLIP] 'Wolf type' ~ 'Feel the Pulse' | ROCK IN JAPAN FESTIVAL 2025 | &TEAM,UCHD1jo5RhijLfx5-0Ehe_cg,&TEAM,['People & Blogs'],70250,8089,0,436
2025-11-24 17:55:57,xZFWSWcQ3As,【#KZHCUP_RUMBLE】真 本間ひまわり爆誕！？シュートさんの指導で生まれ変わるひまち【にじさんじ切り抜き/本間ひまわり/shuto/不破湊/北見遊征/げまじょ】,UCqQNCRSihFHVsXrDikNeYSg,げまじょが好き【にじさんじEXゲマズ切り抜き】,['Gaming'],62117,804,0,56
2025-11-24 17:55:57,tmVYOETfA10,"MAKE IT, BREAK IT",UC3VId8brfshtHO6gMMqnZ5A,FLOW GLOW - Topic,['Music'],11641,1580,0,57
2025-11-24 17:55:57,snH3HQSF7Ew,KONAMIやってくれたなぁ！！大金かけて獲得したバッキーがナックルの弱体化を受けた結果...【プロスピA】# 1755,UCy9GuRXGTm8TliQ-OJ7KwzA,【V.I.P】,['Gaming'],188705,3407,0,628
2025-11-24 17:55:57,5ftlnz91DaM,【MAD】イマジナリー息子,UCkKj-SiKyiFkj_dO1vmY3gA,加藤純一RECORDS,['Entertainment'],79202,6194,0,365
2025-11-24 17:55:57,DOmdfYIPBXE,トゥルトゥルトゥルサフールの都市伝説を検証した結果...マイクラ都市伝説【 マイクラ / マインクラフト 】,UCHazKLThRbMyMFu2bVAKhng,ウォーターチャレンジ,['Gaming'],262993,2596,0,82
2025-11-24 17:55:57,IZ9kqxCDvAs,【期間限定公開】M!LK - 好きすぎて滅！(from CDTVライブ！ライブ！),UCFvSFbT8okMrpuFxBEIB2lg,M!LK,['Music'],494187,25109,0,1730
2025-11-24 17:55:57,KSha-fc5EhA,【パチスロ生配信】何度負けても立ち向かうぞ!!スランプから脱出したい!!【からくりサーカス】,UCdCC1L_OxLrkoEjR19iXpRw,パチスロードch,['Gaming'],87887,519,0,0
2025-11-24 17:55:57,IcWvUlwcKAI,A.B.C-Z / BEST OF A.B.C-Z-COUPLING BEST-,UC-ifW8mHzfsZVGHY8vxqrjA,A.B.C-Z,['Entertainment'],2967,1006,0,82
2025-11-24 17:55:57,hXKJ0gHYQ6E,【スマブラsp】キンクルVIP戻す！,UCtKBQ2BYD76GiJvcpZOBorg,えいま,['Gaming'],46076,268,0,16
2025-11-24 17:55:57,lUHLwBOY04I,【崩壊：スターレイル】零光 | 宮野真守 / EVAKOI - HoYoFair,UCHzevlEL9JfsBIm86uNCJqg,宮野真守,['Music'],91442,10939,0,256
2025-11-24 17:55:57,24VDsNgWNfw,月曜ガチャ更新引くぞ配信【eFootballアプリ2026/イーフト】,UCKU0SVkIPRqwiZaXJ9rXhdw,シュート。,['Gaming'],75578,414,0,1
2025-11-24 17:55:57,DG4ax7ec64o,クラシックを弾くと思っている海外の観客にマリオを弾いちゃうピアニストwww,UC_DopZ9OANqNGho0wFwADqA,けいちゃん / Keichan,['Music'],389468,4996,0,244
2025-11-24 17:55:57,qIXl45sU0wk,【カービィのエアライダー】新作エアライド！ロードトリップで真エンドを目指す！！【にじさんじ/リゼ・ヘルエスタ】,UCZ1xuCK1kNmn5RzPYIZop3w,リゼ・ヘルエスタ -Lize Helesta-,['Gaming'],67777,2371,0,10
2025-11-24 17:55:57,6L7xTio0QyY,【MV】AIM&RHYME / りうら【FAKE TYPE.書き下ろし】,UCBuLdF0tQn5oZjpvYWSQkaA,Liura Channel,['Entertainment'],22227,4377,0,440
2025-11-24 17:55:57,SdVBuVm_Sw8,【生放送】勝ちまくります！EVO37宮崎店,UCjcYYjM16TFOPXDjWgzHiHA,超覚醒てえんだ「スロパチ生放送」,['Entertainment'],93505,701,0,0
2025-11-24 17:55:57,m0HhR1k9JEw,【24時間耐久残り】年内1兆へ…ポケモンピンボールRS / 24h Pokémon Pinball　#ポケモンピンボール #ポケモン　#shorts,UC0ux2IFOXkj6ifQ4aSs9l7Q,大月【おおつき】,['Gaming'],87073,199,0,3
2025-11-24 17:55:57,wUGh03rLZbY,【スマブラSP】ついにガノン以外も解禁！いろいろなチームの即死を開拓してみた！【ガノンドロフ+αチームゆっくり実況part30】,UCyTaStlK0neSuKveYOIioaw,ぐんぐにるチャンネル,['Gaming'],53367,2356,0,195
2025-11-24 17:55:57,QebVV6D641k,よしなまが作ったゲーム「マモンキング」PVを見る加藤純一【2025/11/22】,UCH-lygWpHodDff3iQurnWnQ,加藤純一切り抜き集,['Entertainment'],164519,907,0,613
2025-11-24 17:55:57,VXsWwTTgt78,【 🔴同時視聴 】#FLOWGLOW  の3Dライブを一緒に楽しもう！🌽🍙【 #にゃんぐこーん/ホロライブ 】,UCvaTdHTWBGv3MKj3KVqJVCw,Okayu Ch. 猫又おかゆ,['Entertainment'],245956,11559,0,66
2025-11-24 17:55:57,BT4XRgmCjjQ,【PUACL2026日本リーグ】Day1 | Pokémon UNITE Asia Champions League 2026 JAPAN League | ポケモンユナイト A配信,UCvo8JUqHh2d1QGnK3LKyI4Q,ポケモンユナイト公式チャンネル,['Gaming'],196663,,0,18
2025-11-24 17:55:57,_6xcFXlJcX8,【面白まとめ】ジップライン突撃に味を占めジッパーズを結成する葛葉達【にじさんじ/切り抜き/ARC】,UCMGvmEqkVbl372DCyn3NLAw,【吹いたら負け】葛葉先生のしくじり【切り抜き】,['Gaming'],69031,812,0,23
2025-11-24 17:55:57,oslNxV_8Q2c,【Minecraft】ラムベガスで儲かる方法‼ 施設作りにいくにぇ！！！！！！！！【ホロライブ/さくらみこ】,UC-hM6YJuNYVAmUWxeIr9FeA,Miko Ch. さくらみこ,['Gaming'],241133,10318,0,114
2025-11-24 17:55:57,4-6IONBWRMQ,KZHCUPの顔合わせでコーチ陣の格付けマッチ開催!!試合を通してバーンアウトがいかにダメかを教え込む立川【伊波ライ/小柳ロウ/神田笑一/にじさんじ】【立川/CR/スト6】,UCRDJ3DN-6ND_a4LSJ35L91A,立川ちゃんねる,['Gaming'],78803,1370,0,30
2025-11-24 17:55:57,sgi_eji-ysM,【ArcRaiders】イブラヒムと葛葉とドンシュー【にじさんじ/ローレン・イロアス】,UCgmFrRcyH7d1zR9sIVQhFow,ローレン・イロアス / Lauren Iroas【にじさんじ】,['Gaming'],253239,5258,0,62
2025-11-24 17:55:57,UF4n5zmzx9A,普段下手くその中身がエンドラRTAガチ勢だった時いつバレるのか？ドッキリ！,UCDbUUremwf8k1x1GTYfB1Ng,ニート部クラフト,['Gaming'],127728,3716,0,219
2025-11-24 17:55:57,uOZRP1-dvhA,【桃鉄】無礼講桃鉄でちんこ料理屋の物件名に気付きときのそらに言わせようとするぺこらとねねちｗ【ホロライブ切り抜き/兎田ぺこら/大空スバル/ときのそら/桃鈴ねね】,UCrKna8EQAd7NPRYq-gIsuow,ホロライ部【ホロライブ切り抜き】,['Gaming'],106985,1252,0,111
2025-11-24 20:31:27,TVqEwvbZP30,RIIZE 라이즈 'Fame' MV,UCEf_Bc-KVd7onSeifS3py9g,SMTOWN,['Music'],202366,42685,0,3803
2025-11-24 20:31:27,vMg1KAFAKiY,'이게 맞아?! 시즌2' Main Trailer,UCLkAepWjdylmXSltofFvsYQ,BANGTANTV,['Music'],535996,118360,0,6953
2025-11-24 20:31:27,-3TOkp_6gRQ,【#にじ遊戯王祭2025】にじさんじ遊戯王マスターデュエル祭 2025 Day3：星巡り杯 ～銀河の織姫決戦～,UCX7YkU9nEeaoZbkVLVajcMg,にじさんじ,['Gaming'],450189,8730,0,51
2025-11-24 20:31:27,llAI08UYyAw,"Stray Kids ""Do It (Overdrive Version)"" M/V",UCaO6TYtlC8U5ttz62hTrZgg,JYP Entertainment,['Music'],515095,152574,0,7010
2025-11-24 20:31:27,dCmNVtLsYzA,TVSP『アンデッドアンラック』Winter編 メインPV／Undead Unluck |Main Trailer,UCkVvAm5jb62IMIJQj4wPVGA,TMSアニメ公式チャンネル,['Film & Animation'],105713,6261,0,376
2025-11-24 20:31:27,MarWse2JmWU,【パチスロ生配信】今日も懲りずにまずはスマスロ北斗でコンプリート目指す！PACHINKO SLOT生放送パチンコパチスロ実戦！11/24,UCOVLrBaOiMH5QDKXTycZ8Pw,やっちゃんの崖っぷちスロパチ生活,['Gaming'],296514,3306,0,14
2025-11-24 20:31:27,gSXQd_5ht0E,【DANCE VIDEO】君セン！ / iLiFE! 【振り動画】,UChVflUz2J_jaaqYjXqvpmQA,iLiFE!【あいらいふ】,['Music'],266491,19202,0,947
2025-11-24 20:31:27,tk9FDjJd6zM,『ストレンジャー・シングス 未知の世界 5』VOL 1 予告編 - Netflix,UCv2ejD5B1xOYtGB2cf80B8g,Netflix Japan,['Entertainment'],15647,406,0,48
2025-11-24 20:31:27,jRgzfKDTI7g,超スローになったり超高速になる世界でエンドラ討伐【マイクラ】,UCj4PjeVMnNTHIR5EeoNKPAw,ドズル社,['Gaming'],347341,9717,0,314
2025-11-24 20:31:27,x_RYZsOfpKY,ILLIT (아일릿) 'NOT CUTE ANYMORE’ Official MV,UC3IZKseVpdzPSBaWxBxundA,HYBE LABELS,['Music'],344089,81828,0,7465
2025-11-24 20:31:27,ex7ieF2B09A,男たちが最後の1人になるまで騙し合うREAL Liar's Bar【The k4sen Con 2025 DAY 2 Supported by ロリポップ！ for Gamers byGMOペパボ】,UChUjERVG8eKEAJSCef-tTmg,k4sen / かせん,['Gaming'],69228,1473,0,70
2025-11-24 20:31:27,ayjRv2g2UqY,ムカつく -another story- feat. 高梨小麻（CV：石見舞菜香）／HoneyWorks,UCAaGaynFpku5cAx6OOSrW-w,HoneyWorks OFFICIAL,['Music'],230024,16735,0,740
2025-11-24 20:31:27,UFozBQrnmII,【桃鉄】今夜は無礼講！4人で新作桃鉄を遊ぶぞおおおおおおおお！！ぺこ！【ホロライブ/兎田ぺこら】,UC1DCedRgGHBdm81E1llLhOQ,Pekora Ch. 兎田ぺこら,['Gaming'],735222,24508,0,373
2025-11-24 20:31:27,yxXNIzrfPNQ,Trap,UC6qVAJzxF5kSN_UUFSdODiQ,MAZZEL - Topic,['Music'],50249,4833,0,680
2025-11-24 20:31:27,h09ng9lTOEM,【HD-2D版ドラゴンクエストI＆II】あと2個！残りの紋章も集めにいくぞ！！※ネタバレ注意【胡桃沢りりか】,UCYLp2FLXcqLUZhvrCxQmNIA,胡桃沢りりか,['Gaming'],170754,1515,0,6
2025-11-24 20:31:27,81QYAxvO3Ik,RIIZE 'Something’s in the Water' (Official Audio),UCdVD0MsYecQaIE5Ru-pOIQQ,RIIZE,['Music'],32364,9518,0,686
2025-11-24 20:31:27,ygIwtR2txaw,キモい顔を爆発させるバケモンに初見殺しされるらっだぁ【R.E.P.O.】,UClNdVSK1uy2xFHTaXZYXopw,らっだぁ,['Gaming'],58844,4557,0,178
2025-11-24 20:31:27,kCnD_dMyJ3M,The Bible of The “Eden”,UCZwcUEEjD8RVzB-TAw1ts3g,Eden - Topic,['Music'],34325,1917,0,0
2025-11-24 20:31:27,9XNqe5r8xHI,【#ARCRaiders】ヘイチームアップ【イブラヒム、ローレン】,UCSFCh5NL4qXrAy9u-u2lX3g,Kuzuha Channel,['Gaming'],406244,5847,0,21
2025-11-24 20:31:27,QRTGKxrKBPM,インビジブル / 歌ってみた【あらき×榊ネス】,UCBhPDpv9JavoPADrZcsAC2A,あらき-ARAKI Official,['Music'],313164,34077,0,929
2025-11-24 20:31:27,LUQ28DBF7EU,どるぴんが病んでるらしい,UCGjV4bsC43On-YuiLZcfL0w,KUN,['Gaming'],103437,3128,0,271
2025-11-24 20:31:27,QJpTBz916MI,にっこり^^調査隊のテーマ / まぐねっと部 cover【宝鐘マリン・火威青・しぐれうい・ルンルン】,UCCzUftO8KOVkV4wQG1vkUvg,Marine Ch. 宝鐘マリン,['Entertainment'],851722,97810,0,2724
2025-11-24 20:31:27,dolefeooLzc,誰もが驚く闇がある「回転寿司屋🍣」で働くホラーゲームが怖すぎる【The Sushi House】,UCzXjPL7zo0bxhOYDxLJ9YEg,ポッキー,['Gaming'],198553,4145,0,284
2025-11-24 20:31:27,0-74AHbFWic,＝LOVE（イコールラブ）/ 19th Single c/w『Queens』リハーサル定点映像 (from 8th ANNIVERSARY PREMIUM TOUR),UCv7VutirxDn3RWIJXI68n_A,＝LOVE（イコールラブ）公式チャンネル,['Entertainment'],111587,10296,0,595
2025-11-24 20:31:27,JUYQapYmw74,【エヴァ咆哮・東京喰種】久々の福岡県＆4ヶ月ぶりの店舗さんでガチ実戦!! ︎#パチンコ #パチスロ #shorts,UCcz2Y1yhR42UxbFwvPFGCmA,きっしー助六ちゃんねる,['Entertainment'],117711,1390,0,1
2025-11-24 20:31:27,4oml768wFnk,REAL,UC8eq3M3Yft3FUgxEX6lOZMg,chotokkyu - Topic,['Music'],22835,2633,0,146
2025-11-24 20:31:27,AmQXv7Pyqvw,【生放送】スマスロ 北斗の拳【11/24ミクちゃんガイア垂水店様】【がんばるぴえんちゃん】【スロット】【パチンコ】,UCHghNZNbV-CPbb_f3FslObw,がんばるぴえんちゃんパチンコ日記,['Entertainment'],69529,934,0,6
2025-11-24 20:31:27,L6tkKvVCs0Y,【MV】どーでもいいよ／まふまふ,UCOTR1tcOAhjgi6YukrPpZxg,まふまふちゃんねる,['Music'],19519,5617,0,391
2025-11-24 20:31:27,xZFWSWcQ3As,【#KZHCUP_RUMBLE】真 本間ひまわり爆誕！？シュートさんの指導で生まれ変わるひまち【にじさんじ切り抜き/本間ひまわり/shuto/不破湊/北見遊征/げまじょ】,UCqQNCRSihFHVsXrDikNeYSg,げまじょが好き【にじさんじEXゲマズ切り抜き】,['Gaming'],71569,895,0,61
2025-11-24 20:31:27,FFXSoSl_lGg,Vaundy LIVE “僕にはどうしてわかるんだろう” 2025.11.16 one man live VAWS hall tour “little punk” at 東京ガーデンシアター,UC1FQWQ3y3-e8l1pCtWhJt5A,Vaundy,['Music'],63069,3849,0,154
2025-11-24 20:31:27,7gDl4S3wB14,超激レアの新しいブレインロット6体全て盗むロブロックス (Roblox),UC9Lx-zRFGfpuls27tNAOIqA,マエスケ,['Gaming'],375362,7311,0,720
2025-11-24 20:31:27,tPMkWfK6N-E,[STAGE CLIP] 'Wolf type' ~ 'Feel the Pulse' | ROCK IN JAPAN FESTIVAL 2025 | &TEAM,UCHD1jo5RhijLfx5-0Ehe_cg,&TEAM,['People & Blogs'],75183,8380,0,444
2025-11-24 20:31:27,dqMImJF-rgA,おかんとアイテムが共有されるサバイバル【まいくら / マインクラフト】,UCJy7zfLsKBXoo2soFMum7JQ,あかさかの箱,['Gaming'],37349,2409,0,234
2025-11-24 20:31:27,tmVYOETfA10,"MAKE IT, BREAK IT",UC3VId8brfshtHO6gMMqnZ5A,FLOW GLOW - Topic,['Music'],13970,1746,0,58
2025-11-24 20:31:27,6mP-mEHEQcw,日本人を狙う30人チーター中国クランを崩壊させてみた【RUST 実況】,UCXEo7JprZQGCPkezcZylHlQ,黒炭酸,['Gaming'],34782,4249,0,612
2025-11-24 20:31:27,5ftlnz91DaM,【MAD】イマジナリー息子,UCkKj-SiKyiFkj_dO1vmY3gA,加藤純一RECORDS,['Entertainment'],86142,6645,0,379
2025-11-24 20:31:27,k1yXf4L5bnc,巨人が討伐するエンダードラゴン 懐50人クラフト #11,UCoQhX2O93MVTWfgIz-8wOmg,KUNの50人クラフト,['Gaming'],47191,1718,0,120
2025-11-24 20:31:27,ANU0lVGfWyo,NOT ME,UCNVIo0UJXTdEnsRkCB9Q03w,ILLIT - Topic,['Music'],22856,9069,0,998
2025-11-24 20:31:27,yRhin7unPeI,これが恐らくビーフ最後の輝きでしょうね【龍が如く８外伝 Pirates in Hawaii】＃４１,UCZMRuagdTBKmmrFtSMN48Xw,牛沢,['Gaming'],51604,2662,0,326
2025-11-24 20:31:27,IZ9kqxCDvAs,【期間限定公開】M!LK - 好きすぎて滅！(from CDTVライブ！ライブ！),UCFvSFbT8okMrpuFxBEIB2lg,M!LK,['Music'],508669,25448,0,1740
2025-11-24 20:31:27,wUGh03rLZbY,【スマブラSP】ついにガノン以外も解禁！いろいろなチームの即死を開拓してみた！【ガノンドロフ+αチームゆっくり実況part30】,UCyTaStlK0neSuKveYOIioaw,ぐんぐにるチャンネル,['Gaming'],66788,2745,0,207
2025-11-24 20:31:27,vpXtzSpyV_8,tripleS(트리플에스) msnz neptune ‘Fly Up’ Official MV,UCJnL-TBcsYrF2SLs7tmiC8Q,tripleS official,['Music'],25278,5836,0,392
2025-11-24 20:31:27,qIXl45sU0wk,【カービィのエアライダー】新作エアライド！ロードトリップで真エンドを目指す！！【にじさんじ/リゼ・ヘルエスタ】,UCZ1xuCK1kNmn5RzPYIZop3w,リゼ・ヘルエスタ -Lize Helesta-,['Gaming'],98154,2503,0,11
2025-11-24 20:31:27,snH3HQSF7Ew,KONAMIやってくれたなぁ！！大金かけて獲得したバッキーがナックルの弱体化を受けた結果...【プロスピA】# 1755,UCy9GuRXGTm8TliQ-OJ7KwzA,【V.I.P】,['Gaming'],197617,3509,0,641
2025-11-24 20:31:27,DOmdfYIPBXE,トゥルトゥルトゥルサフールの都市伝説を検証した結果...マイクラ都市伝説【 マイクラ / マインクラフト 】,UCHazKLThRbMyMFu2bVAKhng,ウォーターチャレンジ,['Gaming'],276020,2679,0,82
2025-11-24 20:31:27,VhzqSrscVP8,【Lobotomy Corporation】都市のキノコにご用心part49【未遭遇アブノマ回収編】【ゆっくり実況】,UC8rk-fIWJXYlSF8tkfG9wWg,天色鮫,['Gaming'],30439,2989,0,224
2025-11-24 20:31:27,KSha-fc5EhA,【パチスロ生配信】何度負けても立ち向かうぞ!!スランプから脱出したい!!【からくりサーカス】,UCdCC1L_OxLrkoEjR19iXpRw,パチスロードch,['Gaming'],91374,523,0,0
2025-11-24 20:31:27,hXKJ0gHYQ6E,【スマブラsp】キンクルVIP戻す！,UCtKBQ2BYD76GiJvcpZOBorg,えいま,['Gaming'],47537,269,0,17
2025-11-24 20:31:27,Pzqzy2ZIcLI,【Minecraft】どけ！！おれはラムベガスにいくんだッ！！！【風真いろは/ホロライブ】,UC_vMYWcDjmfdpH6r4TTn1MQ,Iroha ch. 風真いろは - holoX -,['Gaming'],157476,8938,0,22
2025-11-24 20:31:27,24VDsNgWNfw,月曜ガチャ更新引くぞ配信【eFootballアプリ2026/イーフト】,UCKU0SVkIPRqwiZaXJ9rXhdw,シュート。,['Gaming'],77353,420,0,1
2025-11-24 23:45:01,TVqEwvbZP30,RIIZE 라이즈 'Fame' MV,UCEf_Bc-KVd7onSeifS3py9g,SMTOWN,['Music'],382942,62500,0,5174
2025-11-24 23:45:01,vMg1KAFAKiY,'이게 맞아?! 시즌2' Main Trailer,UCLkAepWjdylmXSltofFvsYQ,BANGTANTV,['Music'],628572,129313,0,7417
2025-11-24 23:45:01,-3TOkp_6gRQ,【#にじ遊戯王祭2025】にじさんじ遊戯王マスターデュエル祭 2025 Day3：星巡り杯 ～銀河の織姫決戦～,UCX7YkU9nEeaoZbkVLVajcMg,にじさんじ,['Gaming'],469112,8899,0,62
2025-11-24 23:45:01,x_RYZsOfpKY,ILLIT (아일릿) 'NOT CUTE ANYMORE’ Official MV,UC3IZKseVpdzPSBaWxBxundA,HYBE LABELS,['Music'],1567127,140979,0,10511
2025-11-24 23:45:01,dCmNVtLsYzA,TVSP『アンデッドアンラック』Winter編 メインPV／Undead Unluck |Main Trailer,UCkVvAm5jb62IMIJQj4wPVGA,TMSアニメ公式チャンネル,['Film & Animation'],121182,6798,0,396
2025-11-24 23:45:01,koeM_jz4CdM,超巨大な火山を削りきるまで終われません！【マイクラ】,UCj4PjeVMnNTHIR5EeoNKPAw,ドズル社,['Gaming'],181761,9566,0,1008
2025-11-24 23:45:01,llAI08UYyAw,"Stray Kids ""Do It (Overdrive Version)"" M/V",UCaO6TYtlC8U5ttz62hTrZgg,JYP Entertainment,['Music'],775639,198265,0,8054
2025-11-24 23:45:01,ygIwtR2txaw,キモい顔を爆発させるバケモンに初見殺しされるらっだぁ【R.E.P.O.】,UClNdVSK1uy2xFHTaXZYXopw,らっだぁ,['Gaming'],117430,6854,0,210
2025-11-24 23:45:01,G36amiUCkXU,Juice=Juice『盛れ！ミ・アモーレ』(Concert 2025 Queen of Hearts Special Flush),UC6FadPgGviUcq6VQ0CEJqdQ,Juice=Juice,['Music'],43726,14072,0,2537
2025-11-24 23:45:01,ex7ieF2B09A,男たちが最後の1人になるまで騙し合うREAL Liar's Bar【The k4sen Con 2025 DAY 2 Supported by ロリポップ！ for Gamers byGMOペパボ】,UChUjERVG8eKEAJSCef-tTmg,k4sen / かせん,['Gaming'],92067,1863,0,98
2025-11-24 23:45:01,gSXQd_5ht0E,【DANCE VIDEO】君セン！ / iLiFE! 【振り動画】,UChVflUz2J_jaaqYjXqvpmQA,iLiFE!【あいらいふ】,['Music'],293312,19926,0,962
2025-11-24 23:45:01,MarWse2JmWU,【パチスロ生配信】今日も懲りずにまずはスマスロ北斗でコンプリート目指す！PACHINKO SLOT生放送パチンコパチスロ実戦！11/24,UCOVLrBaOiMH5QDKXTycZ8Pw,やっちゃんの崖っぷちスロパチ生活,['Gaming'],296514,3301,0,17
2025-11-24 23:45:01,dx4XsqUGm10,MAZZEL / Only You -Dance Practice-,UCMF_5h2OejEhVorTB02UUSg,MAZZEL,['Music'],34303,11031,0,935
2025-11-24 23:45:01,xuL1CDdhsOg,【東京喰種】検証！！パワーストーンつけたら喰種で勝てるのか！？生配信260日目,UCYA14rrNjvQq_P_YSNeJHgA,スロライブ,['Gaming'],218021,2080,0,0
2025-11-24 23:45:01,4Xt_hR0KNvY,IS:SUE (イッシュ) 'Super Luna' Performance Video,UCqKNMJ5s_vsf7WkesdBrvQA,IS:SUE,['Music'],25366,5767,0,1239
2025-11-24 23:45:01,qJvjFBhQ6vQ,一人で無限に攻めてくる敵を迎え撃つゲーム,UChn5TjkeEqd-JxzizMVSkOw,ハヤトの野望,['Gaming'],55906,1345,0,40
2025-11-24 23:45:01,ayjRv2g2UqY,ムカつく -another story- feat. 高梨小麻（CV：石見舞菜香）／HoneyWorks,UCAaGaynFpku5cAx6OOSrW-w,HoneyWorks OFFICIAL,['Music'],267396,17480,0,754
2025-11-24 23:45:01,VhzqSrscVP8,【Lobotomy Corporation】都市のキノコにご用心part49【未遭遇アブノマ回収編】【ゆっくり実況】,UC8rk-fIWJXYlSF8tkfG9wWg,天色鮫,['Gaming'],75629,4311,0,319
2025-11-24 23:45:01,MRYXsF2lblY,RIIZE 'Sticky Like' (Official Audio),UCdVD0MsYecQaIE5Ru-pOIQQ,RIIZE,['Music'],75522,12350,0,698
2025-11-24 23:45:01,UFozBQrnmII,【桃鉄】今夜は無礼講！4人で新作桃鉄を遊ぶぞおおおおおおおお！！ぺこ！【ホロライブ/兎田ぺこら】,UC1DCedRgGHBdm81E1llLhOQ,Pekora Ch. 兎田ぺこら,['Gaming'],749254,24569,0,385
2025-11-24 23:45:01,L6tkKvVCs0Y,【MV】どーでもいいよ／まふまふ,UCOTR1tcOAhjgi6YukrPpZxg,まふまふちゃんねる,['Music'],34838,8080,0,461
2025-11-24 23:45:01,-dfR8iYqwK4,なんでこういう事するんや？初使用選手含む全員アニバーサリーの選手でリアタイしたら害悪プレイヤーに遭遇しました【プロスピA】# 1756,UCy9GuRXGTm8TliQ-OJ7KwzA,【V.I.P】,['Gaming'],76317,2300,0,389
2025-11-24 23:45:01,kCnD_dMyJ3M,The Bible of The “Eden”,UCZwcUEEjD8RVzB-TAw1ts3g,Eden - Topic,['Music'],39604,2068,0,0
2025-11-24 23:45:01,6mP-mEHEQcw,日本人を狙う30人チーター中国クランを崩壊させてみた【RUST 実況】,UCXEo7JprZQGCPkezcZylHlQ,黒炭酸,['Gaming'],74181,5831,0,845
2025-11-24 23:45:01,ANU0lVGfWyo,NOT ME,UCNVIo0UJXTdEnsRkCB9Q03w,ILLIT - Topic,['Music'],89250,15273,0,1394
2025-11-24 23:45:01,YMxjZF3gtoM,【Shadow Corridor】三姉妹ホラーゲーム実況【第一夜 -路地-】,UCAWxPGGuIfWME2KTLUmSCHw,ぱかチューブっ!【ウマ娘公式】,['Gaming'],66494,7060,0,469
2025-11-24 23:45:01,QRTGKxrKBPM,インビジブル / 歌ってみた【あらき×榊ネス】,UCBhPDpv9JavoPADrZcsAC2A,あらき-ARAKI Official,['Music'],330356,34970,0,951
2025-11-24 23:45:01,yRhin7unPeI,これが恐らくビーフ最後の輝きでしょうね【龍が如く８外伝 Pirates in Hawaii】＃４１,UCZMRuagdTBKmmrFtSMN48Xw,牛沢,['Gaming'],87908,3650,0,397
2025-11-24 23:45:01,0-74AHbFWic,＝LOVE（イコールラブ）/ 19th Single c/w『Queens』リハーサル定点映像 (from 8th ANNIVERSARY PREMIUM TOUR),UCv7VutirxDn3RWIJXI68n_A,＝LOVE（イコールラブ）公式チャンネル,['Entertainment'],118474,10633,0,608
2025-11-24 23:45:01,TAL-HXKac80,YOUR CHANCE TO GET 10K GEMS!,UCooVYzDxdwTtGYAkcPmOgOw,Brawl Stars,['Gaming'],655470,33546,0,1335
2025-11-24 23:45:01,QJpTBz916MI,にっこり^^調査隊のテーマ / まぐねっと部 cover【宝鐘マリン・火威青・しぐれうい・ルンルン】,UCCzUftO8KOVkV4wQG1vkUvg,Marine Ch. 宝鐘マリン,['Entertainment'],880561,99725,0,2754
2025-11-24 23:45:01,UfVkyXaTGcs,【まとめ】ミオしゃを褒めないとスジモンになるフブさんとみこスバの『マリカサバイバル』面白トークまとめ【大空スバル/さくらみこ/白上フブキ/ホロライブ切り抜き】,UCqMRVBz-hhSFRuqlL1guqig,あひるだっく,['Gaming'],56169,2725,0,57
2025-11-24 23:45:01,WsLcF1ojgFU,アンジュルム『トラブルメーカー』〜Dance Practice Ver.〜,UCDwcZ85zjLKD-3-jqlv1wQQ,アンジュルム,['Music'],15033,1942,0,270
2025-11-24 23:45:01,LUQ28DBF7EU,どるぴんが病んでるらしい,UCGjV4bsC43On-YuiLZcfL0w,KUN,['Gaming'],122381,3456,0,291
2025-11-24 23:45:01,4oml768wFnk,REAL,UC8eq3M3Yft3FUgxEX6lOZMg,chotokkyu - Topic,['Music'],25756,2801,0,151
2025-11-24 23:45:01,dqMImJF-rgA,おかんとアイテムが共有されるサバイバル【まいくら / マインクラフト】,UCJy7zfLsKBXoo2soFMum7JQ,あかさかの箱,['Gaming'],56837,2776,0,267
2025-11-24 23:45:01,vpXtzSpyV_8,tripleS(트리플에스) msnz neptune ‘Fly Up’ Official MV,UCJnL-TBcsYrF2SLs7tmiC8Q,tripleS official,['Music'],67525,9183,0,531
2025-11-24 23:45:01,599nhYHHvQo,【生放送】吉宗で7万を捲るぞ！！,UCjcYYjM16TFOPXDjWgzHiHA,超覚醒てえんだ「スロパチ生放送」,['Entertainment'],88054,842,0,0
2025-11-24 23:45:01,FFXSoSl_lGg,Vaundy LIVE “僕にはどうしてわかるんだろう” 2025.11.16 one man live VAWS hall tour “little punk” at 東京ガーデンシアター,UC1FQWQ3y3-e8l1pCtWhJt5A,Vaundy,['Music'],73616,4176,0,162
2025-11-24 23:45:01,S3Q33-4q1xo,【桃鉄2】3年決戦ついに決着! 最下位を回避するのはどっちだ!? #8【霜降り明星】,UCpGpA7mSYmNJjLiJxKso5QA,しもふりチューブ,['Comedy'],52372,880,0,68
2025-11-24 23:45:01,OWpLhNyqeqg,Novelbright - 夢花火 [Official Live Video],UCIJAlAYCNN8RACtDDsy9K6g,Novelbright,['Music'],13112,2682,0,307
2025-11-24 23:45:01,k1yXf4L5bnc,巨人が討伐するエンダードラゴン 懐50人クラフト #11,UCoQhX2O93MVTWfgIz-8wOmg,KUNの50人クラフト,['Gaming'],71469,2109,0,136
2025-11-24 23:45:01,8j4RM-bBYvA,福本大晴「すっぴんLOVE」（Music Video）YouTube Edition,UCXqWKjzm2YMH6Bs7rAmsKFw,福本大晴,['Entertainment'],6144,821,0,262
2025-11-24 23:45:01,gYEhRoknpZQ,【シャドバWB】愛知大会を〝ムゲン・ほーちゃんドラゴン〟1本で破壊してきた男の物語【Shadowverse: Worlds Beyond】,UCqeAYB1DMzfM-hG-Up52yNQ,つるおかかものはし,['Gaming'],47901,638,0,134
2025-11-24 23:45:01,KDC-EOsNzAg,NCT DREAM 엔시티 드림 'Beat It Up' Dance Practice,UCXURHJRGr4-EB3l87kcbElw,NCT DREAM,['Music'],46570,11736,0,376
2025-11-24 23:45:01,dolefeooLzc,誰もが驚く闇がある「回転寿司屋🍣」で働くホラーゲームが怖すぎる【The Sushi House】,UCzXjPL7zo0bxhOYDxLJ9YEg,ポッキー,['Gaming'],221311,4416,0,300
2025-11-24 23:45:01,tPMkWfK6N-E,[STAGE CLIP] 'Wolf type' ~ 'Feel the Pulse' | ROCK IN JAPAN FESTIVAL 2025 | &TEAM,UCHD1jo5RhijLfx5-0Ehe_cg,&TEAM,['People & Blogs'],81315,8655,0,448
2025-11-24 23:45:01,h09ng9lTOEM,【HD-2D版ドラゴンクエストI＆II】あと2個！残りの紋章も集めにいくぞ！！※ネタバレ注意【胡桃沢りりか】,UCYLp2FLXcqLUZhvrCxQmNIA,胡桃沢りりか,['Gaming'],171765,1505,0,6
2025-11-24 23:45:01,tmVYOETfA10,"MAKE IT, BREAK IT",UC3VId8brfshtHO6gMMqnZ5A,FLOW GLOW - Topic,['Music'],16560,1940,0,61
2025-11-24 23:45:01,XtTT5XdZVpw,シークレットな最終回※ちょっと動画長いよ【ゆっくり実況】,UCOjkVJQcjtWnpf0-1ft4brA,ゆっくりむちゃたぬき,['Gaming'],36346,3033,0,155
2025-11-26 15:57:51,XILnJKGc0yo,INI｜'U MINE' Performance Video,UCc-itdQHxLvUlPrDxIiSJrA,INI,['Entertainment'],168427,18715,0,3300
2025-11-26 15:57:51,vIUORnIS_ug,ELDEN RING NIGHTREIGN The Forsaken Hollows | Scholar Character Trailer,UC_ntXHv-XdKCD7CPynVvnQw,Bandai Namco Entertainment America,['Gaming'],264410,12513,0,965
2025-11-26 15:57:51,SnCG-_lf74w,今までで一番怖いスーパーマーケット経営『 HELLMART 』,UCMJiPpN_09F0aWpQrgbc_qg,キヨ。,['Gaming'],567295,18036,0,920
2025-11-26 15:57:51,b9z3Iaz5Zrc,ヤングスキニー - るっせぇ女【Official Music Video】,UCcg_rvE-fU2tATMwBAxW9bA,ヤングスキニー,['Music'],46038,3569,0,248
2025-11-26 15:57:51,xjUPVppl1DI,4人で協力して本格的な殺人事件を解決に導く『The Case of the Golden Idol』,UCPVr7clenPjpD7WNsSI3UBQ,レトルト,['Gaming'],434993,8851,0,382
2025-11-26 15:57:51,G36amiUCkXU,Juice=Juice『盛れ！ミ・アモーレ』(Concert 2025 Queen of Hearts Special Flush),UC6FadPgGviUcq6VQ0CEJqdQ,Juice=Juice,['Music'],334921,25257,0,4531
2025-11-26 15:57:51,miySB69T1xw,隠れる場所から作れ！大人たちのガチかくれんぼ【マイクラ】,UCj4PjeVMnNTHIR5EeoNKPAw,ドズル社,['Gaming'],324070,10816,0,432
2025-11-26 15:57:51,TVqEwvbZP30,RIIZE 라이즈 'Fame' MV,UCEf_Bc-KVd7onSeifS3py9g,SMTOWN,['Music'],2084652,100271,0,8899
2025-11-26 15:57:51,ST05E_5kn2E,負けたら自身の全財産公開を賭けた通帳カスタムで勝ったのは・・・【The k4sen Con 2025 DAY 3 Supported by ロリポップ！ for Gamers byGMOペパボ】,UChUjERVG8eKEAJSCef-tTmg,k4sen / かせん,['Gaming'],202910,4004,0,297
2025-11-26 15:57:51,x_RYZsOfpKY,ILLIT (아일릿) 'NOT CUTE ANYMORE’ Official MV,UC3IZKseVpdzPSBaWxBxundA,HYBE LABELS,['Music'],7042797,275287,0,17140
2025-11-26 15:57:51,Em805jfRVXs,唯一無二すぎるプレイヤーと対戦し、そのスタイルに感動すら覚えるカワノ【スト6】,UCzRzPAT-AjlPyec5yXG974g,カワノKawano,['Gaming'],113908,2716,0,361
2025-11-26 15:57:51,ScutqxM3z_s,Hi-STANDARD - Our Song - OFFICIAL MUSIC VIDEO,UCrQUlOEbu-0T0l4DAcBEeIg,pizzaofdeathofficial,['Music'],117767,6604,0,396
2025-11-26 15:57:51,fiSsGbfus6I,うんこちゃんのイナズマイレブン 英雄たちのヴィクトリーロード 実況プレイPart4※ネタバレ注意,UCx1nAvtVDIsaGmCMSe8ofsQ,加藤純一【jun channel】,['Gaming'],246321,1898,0,1159
2025-11-26 15:57:51,JkKNqaEl9Aw,"NEXZ(넥스지) ""Legacy"" Performance Video",UCaO6TYtlC8U5ttz62hTrZgg,JYP Entertainment,['Music'],96355,16627,0,1574
2025-11-26 15:57:51,dmBAMwBBxoM,いいんですか？こんな神イベント｜ポケモンZA #19,UCMzLWawc9x3rUsqYDEfgqzA,ジャック・オ・蘭たん,['Gaming'],109503,3808,0,351
2025-11-26 15:57:51,CZP11p3DklQ,軌跡,UC8_Ag6BVp43Vmrx6eillK9g,Vaundy - Topic,['Music'],46672,2187,0,111
2025-11-26 15:57:51,hn17tmdaAzQ,「ストリートファイターリーグ: Pro-JP 2025」Division F 第10節　☆☆18時40分より初心者必見！SFリーグ: ウォームアップ☆☆,UCu2Fxqf37DAZ0ZhIsd1FZwA,Capcom Fighters JP,['Gaming'],677859,6400,0,93
2025-11-26 15:57:51,7bqePXphj2g,乃木坂46『夢の匂い』MUSIC VIDEO,UCUzpZpX2wRYOk3J8QTFGxDg,乃木坂46 OFFICIAL YouTube CHANNEL,['Music'],230164,17162,0,1487
2025-11-26 15:57:51,z-aco1hi0Iw,新キャラくま＆ボニー100レべフルブ初見リーグ！最強火力のワンパンし放題！【バウンティラッシュ】,UCdkVEDVAW5aFmA-Mkz0lAFQ,ひたまゆ。,['Gaming'],140923,1651,0,256
2025-11-26 15:57:51,b1OwvLh8HnU,FMP,UCMR5xpbhv3jzIQG1TOTg-Jg,B'z - Topic,['Music'],8053,220,0,7
2025-11-26 15:57:51,qFdZAyr_xmw,【原神】強化キャラ全７名の新性能を先行プレイで紹介！！あのキャラがとんでもないことに…。,UCjJmYy279ehSYSwR1A3fXtA,マグロヘッド,['Gaming'],44587,2118,0,356
2025-11-26 15:57:51,kux5GmbZhVg,メロリ,UCpYHkc4rzWEW7iVXIyxQebA,Hey! Say! JUMP - Topic,['Music'],6384,545,0,13
2025-11-26 15:57:51,55xYiuSAp5c,【#ARCRaidersからスレスパ】遠征視野からカードゲーム【Slay the spyer】,UCSFCh5NL4qXrAy9u-u2lX3g,Kuzuha Channel,['Gaming'],280752,4460,0,11
2025-11-26 15:57:51,dx4XsqUGm10,MAZZEL / Only You -Dance Practice-,UCMF_5h2OejEhVorTB02UUSg,MAZZEL,['Music'],169102,17489,0,1322
2025-11-26 15:57:51,CvGT2o7-_ZA,【 DARK SOULS: REMASTERED 】ナイトレインDLCまでに深淵歩きアルトリウスに会いに行く。王覇山、因縁のアノール・ロンドへ。（ 人間性を捧げよ ）【 にじさんじ┊︎葉山舞鈴 】,UCfipDDn7wY-C-SoUChgxCQQ,葉山舞鈴 / Ohayama Ch.,['Gaming'],79749,1528,0,8
2025-11-26 15:57:51,Kc7TkgWiWrc,Kiseki No Younakoto,UCof7dOTnyxaidkKkcIFuflQ,Mone Kamishiraishi - Topic,['Music'],12888,634,0,29
2025-11-26 15:57:51,Rc8f268ueOE,加藤純一のマリオカートワールドダイジェスト マリオ王への道【2025/11/24】,UCZetZElUvdElPrcstRjl9DA,加藤純一ロードショー,['Gaming'],137351,1534,0,367
2025-11-26 15:57:51,JrI4_jUZe98,SEVENTEEN | THE SMURFS (세븐틴 | 스머프) Ver. '음악의 신' Official MV,UCfkXDY7vwkcJ8ddFGz8KusA,SEVENTEEN,['Music'],254703,49366,0,1892
2025-11-26 15:57:51,fCDvm0Y3qkw,【 GTAV 】歌鬼ごっこ‼１曲歌い終わるまでリスナーから逃げ切れええええええええ‼🔥【ホロライブ/さくらみこ】,UC-hM6YJuNYVAmUWxeIr9FeA,Miko Ch. さくらみこ,['Gaming'],284095,15146,0,163
2025-11-26 15:57:51,Gln8wDtITJ4,Kay-on - SHIN GODZILLA (Official Video),UCdszfKemUn36sOEplfkiGVQ,GPV LABEL,['Music'],31311,2209,0,185
2025-11-26 15:57:51,A3Ki9cI9T9w,任天堂とファンが激怒...新作エアライダーにコックカワサキマイクロビキニという謎のミームが登場して海外でもニュースに/コエテクさんがライザのASMRを販売して爆売れ/チーターを晒し首にした運営が話題に,UCWvr04hMa4k4wSilYcQ4qoA,キャベツの人【ゲーム紹介】,['Gaming'],87247,2067,0,527
2025-11-26 15:57:51,I52yC34Ji2k,YENA「STAR! (feat. Hatsune Miku)」 Music Video,UC4YT50DP7hbMsor8FmyEPMw,Victor Entertainment,['Music'],118759,23121,0,1064
2025-11-26 15:57:51,aHKMl9HVqZQ,究極の財宝【龍が如く８外伝 Pirates in Hawaii】＃４２,UCZMRuagdTBKmmrFtSMN48Xw,牛沢,['Gaming'],115883,3790,0,329
2025-11-26 15:57:51,j-8vLi2sMg0,【歌ってみた】星の消えた夜に / covered by Nornis【戌亥とこ/町田ちま/にじさんじ】,UCxWcO9CLti4uouUIS5IIF-Q,Nornis,['Music'],45490,5320,0,78
2025-11-26 15:57:51,NkHjY_EaCgY,遂に完成した歴代最強マンチェスターユナイテッドスカッドが強すぎて魔王【eFootball2026アプリ】,UC070fhnqq38qNhqHm5rxTcQ,令和ちゃんねる,['Gaming'],90199,1511,0,92
2025-11-26 15:57:51,4Xt_hR0KNvY,IS:SUE (イッシュ) 'Super Luna' Performance Video,UCqKNMJ5s_vsf7WkesdBrvQA,IS:SUE,['Music'],133059,11363,0,2158
2025-11-26 15:57:51,xx3ZTvOhNoM,【#8】ゼルダの伝説 神々のトライフォース：The Legend of Zelda: A Link to the Past【ホロライブ/大空スバル】,UCvzGlP9oQwU--Y0r9id_jnA,Subaru Ch. 大空スバル,['Gaming'],212813,7920,0,66
2025-11-26 15:57:51,vQpF9mIiYFU,LALALA (Baby it takes two),UC3NrSfe_yR5XX9zGFxYoV1Q,HIRAIDAI - Topic,['Music'],5467,201,0,22
2025-11-26 15:57:51,ITQYMtkP23E,【パチスロ生配信】前日出てるラス1ヴヴヴ2で勝負っ!!【革命機ヴァルヴレイヴ2】,UCdCC1L_OxLrkoEjR19iXpRw,パチスロードch,['Entertainment'],290178,1382,0,0
2025-11-26 15:57:51,eHmQ_b0LkUA,"Stray Kids ""Do It (Turbo Version)"" Lyric Visualizer",UC9rMiEjNaCSsebs31MRDCRA,Stray Kids,['Music'],373361,85708,0,3208
2025-11-26 15:57:51,iKVcCmyqoik,『刀剣乱舞ONLINE』新刀剣男士 三郎国宗(さぶろうくにむね) 登場！,UC56x--_QtyaWD1QptYrPMqA,刀剣乱舞 公式チャンネル,['Gaming'],77388,5435,0,207
2025-11-26 15:57:51,gSXQd_5ht0E,【DANCE VIDEO】君セン！ / iLiFE! 【振り動画】,UChVflUz2J_jaaqYjXqvpmQA,iLiFE!【あいらいふ】,['Music'],517418,22383,0,1026
2025-11-26 15:57:51,6ixvIIIxwlk,【深夜にパチ配信】東京グールとかのかりとエヴァ15って本当に継続率合ってる？生実践LIVE！パチスロパチンコライブ,UCDhOdoqPxv96djR3tSq9NoA,ショコラ大佐の秘密基地,['Entertainment'],104097,1068,0,0
2025-11-26 15:57:51,6oS55kztPlE,Crush,UC6H_7uSepAzrlayBjAb9rrg,WurtS - Topic,['Music'],9067,761,0,23
2025-11-26 15:57:51,BFaHdJVDmXY,『鳴潮』特別映像丨スペーストレック・コレクティブ スタートーチ学園,UCGc93NguHRwzv1Rw9MyIcxQ,鳴潮 (Wuthering Waves)公式,['Gaming'],31760,2736,0,120
2025-11-26 15:57:51,vQ_NFqtGDgo,Aiobahn & TAK feat. 初音ミク - DIVA (Official Music Video),UC9qSqkNFiByKzzoxT3Cydyw,Aiobahn,['Music'],76770,15997,0,692
2025-11-26 15:57:51,Gth1zEFH2TM,タグNXで『もあ』『B!KZO』とプルス戦に挑むNX☆くさあん【切り抜き】【マリオカート ワールド】,UCL7VEatXa9yBCKeM-ww8TnA,NX☆くさあん,['Gaming'],86440,1908,0,50
2025-11-26 15:57:51,BM13CSsDrV8,ココロ・アストロノーツ,UCtwTCZuQkTIwUf5m9mlZnOQ,Release - Topic,['Music'],4950,276,0,0
2025-11-26 15:57:51,6kWw9Nn4dIY,【Shadow Corridor】三姉妹ホラーゲーム実況【第二夜 -ヒグラシの回廊-】,UCAWxPGGuIfWME2KTLUmSCHw,ぱかチューブっ!【ウマ娘公式】,['Gaming'],99322,5300,0,318
2025-11-26 15:57:51,v55qDr_jJFA,「レイン・ガール (New Recording) 」佐野元春 & The Coyote Band,UCS57xc1Bf-znC9_ouCc3SZw,佐野元春 - DaisyMusic,['Music'],10801,1133,0,78
2025-11-27 17:28:50,StcmgD_0aRI,モニタリング Cover / Gero,UCFuugQScqDfJcsOEWbL1_tg,Gero Channel,['Music'],110018,11148,0,2611
2025-11-27 17:28:50,NUSpibeVoO0,失われたチャプター: ユキの復讐 | ティザートレーラー,UCwF6o6cF7BMTY1-OZ7ZUY7Q,フォートナイト 公式,['Gaming'],20816,878,0,80
2025-11-27 17:28:50,6yMFwpzbQCY,モンストニュース[11/27]モンストの最新情報をお届けします！【モンスト公式】,UCd9BXPj-KcMTh0HiB-Vlb8A,モンスト（モンスターストライク）公式,['Gaming'],168049,2636,0,181
2025-11-27 17:28:50,VWg0218G38c,現在がとんでもなく悲惨な事になってるYouTuber4選,UCHvFSU5OP6c7QcJxIr87YtA,ウタエル Utael,['Entertainment'],115989,1367,0,234
2025-11-27 17:28:50,vIUORnIS_ug,ELDEN RING NIGHTREIGN The Forsaken Hollows | Scholar Character Trailer,UC_ntXHv-XdKCD7CPynVvnQw,Bandai Namco Entertainment America,['Gaming'],336445,13859,0,1045
2025-11-27 17:28:50,8gAg9uDn2Oo,体力と手持ちが共有の世界で全員合流するまで終われません！ミニミニ編【マイクラ】,UCj4PjeVMnNTHIR5EeoNKPAw,ドズル社,['Gaming'],357615,13055,0,490
2025-11-27 17:28:50,ES9oYbzYCh8,ILLIT (아일릿) 'NOT CUTE ANYMORE’ Performance Film,UC3IZKseVpdzPSBaWxBxundA,HYBE LABELS,['Music'],461186,58883,0,1823
2025-11-27 17:28:50,E7so8IVX1qQ,SG福岡 ３日目 チャレンジカップ「シュガーの宝舟ボートレース2025LIVE」,UCl_HfKfmxefUAVHPyJu0aCg,シュガーの宝舟,['Entertainment'],65050,122,0,2
2025-11-27 17:28:50,b9z3Iaz5Zrc,ヤングスキニー - るっせぇ女【Official Music Video】,UCcg_rvE-fU2tATMwBAxW9bA,ヤングスキニー,['Music'],123576,6357,0,315
2025-11-27 17:28:50,dIPZHyTBFz0,『ドラゴンクエストウォーク』の新情報をお届け「スマートウォーク」#131,UCtceiniicYEsbAVuWy-Bi0Q,ドラゴンクエストウォーク公式,['Gaming'],198918,2165,0,262
2025-11-27 17:28:50,XILnJKGc0yo,INI｜'U MINE' Performance Video,UCc-itdQHxLvUlPrDxIiSJrA,INI,['Entertainment'],240642,20424,0,3655
2025-11-27 17:28:50,eLCjlEYBN3U,課金しまくって放射性ラッキーブロックを100個開けるロブロックス (Roblox),UC9Lx-zRFGfpuls27tNAOIqA,マエスケ,['Gaming'],366976,14892,0,1046
2025-11-27 17:28:50,Am2ElEWNvTY,LEX - 完璧だ (Music Video),UCeTo4Eh0TzpKbUL4vGQZ73A,LEX *,['People & Blogs'],64365,3659,0,203
2025-11-27 17:28:50,Bj6tJxDPzoY,みんなでパンを作って1か所に合流しよう!!(ただし100人に邪魔されながら)【マインクラフト】,UClNdVSK1uy2xFHTaXZYXopw,らっだぁ,['Gaming'],235166,10739,0,299
2025-11-27 17:28:50,AfKzB2lXo7I,SLAVE (Nissy Entertainment “Re:10th Anniversary Final” BEST DOME TOUR),UCkv76wCrBDQNn7ctcbn6Qeg,Nissy - Topic,['Music'],14831,719,0,50
2025-11-27 17:28:50,5eHGs7lX09s,うんこちゃんのイナズマイレブン 英雄たちのヴィクトリーロード 実況プレイPart5※ネタバレ注意,UCx1nAvtVDIsaGmCMSe8ofsQ,加藤純一【jun channel】,['Gaming'],99359,1196,0,1080
2025-11-27 17:28:50,5UBc2gXGwKc,Seishun Rock 'n' roll,UC3PFoXZPFJGy9F4PG84nNQQ,Soala - Topic,['Music'],17396,278,0,9
2025-11-27 17:28:50,kSmHmdAnDYc,【原神】限定★５「ドゥリン」は強いのか？先行解説します。性能/武器/聖遺物/PT編成/凸orモチーフ…全てが分かる！,UCjJmYy279ehSYSwR1A3fXtA,マグロヘッド,['Gaming'],236328,6792,0,823
2025-11-27 17:28:50,hcJEQXJIALo,ONE N' ONLY／ “RIDE” Music Video,UC8Qwnts13zIh2EYUCau6m3w,ONE N' ONLY TV,['Entertainment'],30917,3782,0,567
2025-11-27 17:28:50,WVVv8Uyok_U,サビ組さんにはよくしてもらってます｜ポケモンZA #20,UCMzLWawc9x3rUsqYDEfgqzA,ジャック・オ・蘭たん,['Gaming'],118015,5028,0,789
2025-11-27 17:28:50,5-o_tvuKSfM,【Official】Uru 「愛」,UCdPCarwi28K5Z7s5l2nMiLw,Uru Official YouTube Channel,['Music'],53598,3689,0,149
2025-11-27 17:28:50,SnCG-_lf74w,今までで一番怖いスーパーマーケット経営『 HELLMART 』,UCMJiPpN_09F0aWpQrgbc_qg,キヨ。,['Gaming'],904962,22950,0,1079
2025-11-27 17:28:50,G36amiUCkXU,Juice=Juice『盛れ！ミ・アモーレ』(Concert 2025 Queen of Hearts Special Flush),UC6FadPgGviUcq6VQ0CEJqdQ,Juice=Juice,['Music'],454202,28106,0,5380
2025-11-27 17:28:50,OoLflKFs7YY,【MIMESIS】ヒトの言葉を学習して欺いてくるAIにビビりまくるフブぺこ奏ヴィヴィ【2025.11.26/ホロライブ切り抜き】,UCUbAVVpHteGtGQPPN9lM3oQ,ホロライブ切り抜き/なめたけ,['Entertainment'],73262,2372,0,236
2025-11-27 17:28:50,FuGOa47BBqg,Brand New Episode,UCy2IDlWr4fbdO2dbka98bSg,HACHI - Topic,['Music'],35384,1176,0,15
2025-11-27 17:28:50,tLBq_jH5FDI,"【㊗️ 6周年】""""ポケモン剣盾""""のハイレベルすぎる神試合が激アツすぎたwww【対戦者本人解説あり】",UCmnZL4tFRl4sm-uJOxTLHmg,今日ポケch.,['Gaming'],110799,1697,0,168
2025-11-27 17:28:50,tdYPGxusaYs,NiziU 「♡Emotion」 FanCam – MAYUKA ver -,UCHp2q2i85qt_9nn2H7AvGOw,NiziU Official,['Entertainment'],30069,2531,0,140
2025-11-27 17:28:50,2j2jXv6Juxc,初心者 vs. プロ：最強のピリジャー刑務所作り対決,UCM3yhFc0-fBFuvqx1Vg2YNQ,まいぜんシスターズ,['Gaming'],174208,2516,0,88
2025-11-27 17:28:50,OfuHlytx3rQ,フィナーレ,UCTEQRq53fm5tw-3vJ1HLUCw,MAY'S - Topic,['Music'],13523,211,0,9
2025-11-27 17:28:50,w0ZQp2CmHHw,庭を埋め尽くす大量の落ち葉を掃除するゲーム,UChn5TjkeEqd-JxzizMVSkOw,ハヤトの野望,['Gaming'],139520,2407,0,215
2025-11-27 17:28:50,CXcBo03He2A,ミジ子の恋,UCDBdcJ3JIg2sjDg8QR3xp-g,Iyowa - Topic,['Music'],23730,3319,0,175
2025-11-27 17:28:50,DyINvuS9P34,最強のマシンを進化させるマインクラフト【 マイクラ / マインクラフト 】,UCHazKLThRbMyMFu2bVAKhng,ウォーターチャレンジ,['Gaming'],191383,2642,0,50
2025-11-27 17:28:50,JkKNqaEl9Aw,"NEXZ(넥스지) ""Legacy"" Performance Video",UCaO6TYtlC8U5ttz62hTrZgg,JYP Entertainment,['Music'],308070,20939,0,1877
2025-11-27 17:28:50,S0UEqkus7FA,【ミメシス】声と行動を真似するニセモノに騙されないように生き残る！！ぺこ！【ホロライブ/兎田ぺこら】,UC1DCedRgGHBdm81E1llLhOQ,Pekora Ch. 兎田ぺこら,['Gaming'],314819,12472,0,240
2025-11-27 17:28:50,9jrVtT2nPgQ,【歌ってみた】革命道中 - アイナ・ジ・エンド covered by 明透,UCBLGjbYv6-xxju1i44RjnnA,明透 -ᴀsᴜ-,['Music'],34888,4606,0,103
2025-11-27 17:28:50,R-ZKjAqlquA,【更新待機】今日は何が来るんだ？！？！大量ガチャ更新＆バルセロナ創立記念あるか？！11/27メンテ待機配信,UCia0Mw96B-yNYRka1J_mAsQ,HikacGamesヒカックゲームズ,['Gaming'],50611,555,0,14
2025-11-27 17:28:50,kux5GmbZhVg,メロリ,UCpYHkc4rzWEW7iVXIyxQebA,Hey! Say! JUMP - Topic,['Music'],20096,998,0,20
2025-11-27 17:28:50,tGwT5DAU6-s,【MIMESIS】AIが仲間の声を学習し襲ってくる新感覚ホラゲで、本当の恐怖はオリジナル（本物）だと知るローレンたちwww【ローレン 叶カンパニー にじさんじ 切り抜き】,UC-UxhoAxlq57uZ8BA0b1Jyw,FPS切り抜きボット【ローレン・イロアス】,['Gaming'],50919,1002,0,14
2025-11-27 17:28:50,TVqEwvbZP30,RIIZE 라이즈 'Fame' MV,UCEf_Bc-KVd7onSeifS3py9g,SMTOWN,['Music'],6370569,109717,0,11012
2025-11-27 17:28:50,OeMmb--HE6k,【MIMESIS】叶カンパニー、出勤します。【にじさんじ/ローレン・イロアス】,UCgmFrRcyH7d1zR9sIVQhFow,ローレン・イロアス / Lauren Iroas【にじさんじ】,['Gaming'],183950,4781,0,66
2025-11-27 17:28:50,ScutqxM3z_s,Hi-STANDARD - Our Song - OFFICIAL MUSIC VIDEO,UCrQUlOEbu-0T0l4DAcBEeIg,pizzaofdeathofficial,['Music'],198698,8417,0,479
2025-11-27 17:28:50,hQwjPcq63JM,【ホール生配信】エヴァ15💜7の日を克服する✌🏻💞,UCcmLTYWn2bI5GwNVSP1bl4Q,バッチコイなみちょ,['Entertainment'],48848,744,0,5
2025-11-27 17:28:50,b1OwvLh8HnU,FMP,UCMR5xpbhv3jzIQG1TOTg-Jg,B'z - Topic,['Music'],22241,388,0,8
2025-11-27 17:28:50,3-caLm2c1XI,これがエスペランサの財宝だ！！【龍が如く８外伝 Pirates in Hawaii】＃４３,UCZMRuagdTBKmmrFtSMN48Xw,牛沢,['Gaming'],139919,4143,0,515
2025-11-27 17:28:50,CZP11p3DklQ,軌跡,UC8_Ag6BVp43Vmrx6eillK9g,Vaundy - Topic,['Music'],106921,3502,0,142
2025-11-27 17:28:50,OWGd9sHxpvs,【複数視点】話題のAIホラゲで大爆笑ｗｗｗ【にじさんじ切り抜き/星川サラ/叶/ローレン・イロアス/樋口楓】,UCeuNlK0yX-6_4930q0JUGNw,白瀬,['Gaming'],79904,2457,0,81
2025-11-27 17:28:50,Lj1Qi3-zQgg,あの娘は邪惡！,UC5nxCVEWQLLfkPuMylpkYkA,ロス,['Entertainment'],26868,4495,0,145
2025-11-27 17:28:50,LcpCd9VXGjE,【パチスロ生配信】今日もヴァル2や!!そろそろ高設定台を打ちたい!!【革命機ヴァルヴレイヴ2】,UCdCC1L_OxLrkoEjR19iXpRw,パチスロードch,['Entertainment'],334332,1572,0,0
2025-11-27 17:28:50,vQpF9mIiYFU,LALALA (Baby it takes two),UC3NrSfe_yR5XX9zGFxYoV1Q,HIRAIDAI - Topic,['Music'],19139,314,0,22
2025-11-27 17:28:50,iBD9LX2ZdDQ,【実機配信】仮面ライダーＶ３  #パチンコ#仮面ライダーＶ３,UCx-QS9BIo_L_lx5dkpys1qw,ねこまんまのパチ•チャンネル,['Entertainment'],81647,189,0,0
2025-11-27 19:23:12,StcmgD_0aRI,モニタリング Cover / Gero,UCFuugQScqDfJcsOEWbL1_tg,Gero Channel,['Music'],116103,11579,0,2647
2025-11-27 19:23:12,NUSpibeVoO0,失われたチャプター: ユキの復讐 | ティザートレーラー,UCwF6o6cF7BMTY1-OZ7ZUY7Q,フォートナイト 公式,['Gaming'],25911,946,0,92
2025-11-27 19:23:12,6yMFwpzbQCY,モンストニュース[11/27]モンストの最新情報をお届けします！【モンスト公式】,UCd9BXPj-KcMTh0HiB-Vlb8A,モンスト（モンスターストライク）公式,['Gaming'],278261,3619,0,240
2025-11-27 19:23:12,ES9oYbzYCh8,ILLIT (아일릿) 'NOT CUTE ANYMORE’ Performance Film,UC3IZKseVpdzPSBaWxBxundA,HYBE LABELS,['Music'],498112,60974,0,1865
2025-11-27 19:23:12,vIUORnIS_ug,ELDEN RING NIGHTREIGN The Forsaken Hollows | Scholar Character Trailer,UC_ntXHv-XdKCD7CPynVvnQw,Bandai Namco Entertainment America,['Gaming'],338925,13903,0,1048
2025-11-27 19:23:12,8gAg9uDn2Oo,体力と手持ちが共有の世界で全員合流するまで終われません！ミニミニ編【マイクラ】,UCj4PjeVMnNTHIR5EeoNKPAw,ドズル社,['Gaming'],383344,13514,0,501
2025-11-27 19:23:12,VWg0218G38c,現在がとんでもなく悲惨な事になってるYouTuber4選,UCHvFSU5OP6c7QcJxIr87YtA,ウタエル Utael,['Entertainment'],119287,1431,0,245
2025-11-27 19:23:12,E7so8IVX1qQ,SG福岡 ３日目 チャレンジカップ「シュガーの宝舟ボートレース2025LIVE」,UCl_HfKfmxefUAVHPyJu0aCg,シュガーの宝舟,['Entertainment'],83562,125,0,3
2025-11-27 19:23:12,b9z3Iaz5Zrc,ヤングスキニー - るっせぇ女【Official Music Video】,UCcg_rvE-fU2tATMwBAxW9bA,ヤングスキニー,['Music'],129289,6576,0,321
2025-11-27 19:23:12,dIPZHyTBFz0,『ドラゴンクエストウォーク』の新情報をお届け「スマートウォーク」#131,UCtceiniicYEsbAVuWy-Bi0Q,ドラゴンクエストウォーク公式,['Gaming'],199772,2174,0,264
2025-11-27 19:23:12,Am2ElEWNvTY,LEX - 完璧だ (Music Video),UCeTo4Eh0TzpKbUL4vGQZ73A,LEX *,['People & Blogs'],69666,3879,0,215
2025-11-27 19:23:12,5eHGs7lX09s,うんこちゃんのイナズマイレブン 英雄たちのヴィクトリーロード 実況プレイPart5※ネタバレ注意,UCx1nAvtVDIsaGmCMSe8ofsQ,加藤純一【jun channel】,['Gaming'],112934,1304,0,1130
2025-11-27 19:23:12,XILnJKGc0yo,INI｜'U MINE' Performance Video,UCc-itdQHxLvUlPrDxIiSJrA,INI,['Entertainment'],245837,20540,0,3686
2025-11-27 19:23:12,eLCjlEYBN3U,課金しまくって放射性ラッキーブロックを100個開けるロブロックス (Roblox),UC9Lx-zRFGfpuls27tNAOIqA,マエスケ,['Gaming'],406596,15662,0,1076
2025-11-27 19:23:12,AfKzB2lXo7I,SLAVE (Nissy Entertainment “Re:10th Anniversary Final” BEST DOME TOUR),UCkv76wCrBDQNn7ctcbn6Qeg,Nissy - Topic,['Music'],16779,788,0,51
2025-11-27 19:23:12,o3PX7EjBjvg,50人クラフトBAN覚悟のガチなんでもバスケット,UCoQhX2O93MVTWfgIz-8wOmg,KUNの50人クラフト,['Gaming'],46076,2479,0,257
2025-11-27 19:23:12,5UBc2gXGwKc,Seishun Rock 'n' roll,UC3PFoXZPFJGy9F4PG84nNQQ,Soala - Topic,['Music'],18847,285,0,9
2025-11-27 19:23:12,Bj6tJxDPzoY,みんなでパンを作って1か所に合流しよう!!(ただし100人に邪魔されながら)【マインクラフト】,UClNdVSK1uy2xFHTaXZYXopw,らっだぁ,['Gaming'],243771,11067,0,306
2025-11-27 19:23:12,hcJEQXJIALo,ONE N' ONLY／ “RIDE” Music Video,UC8Qwnts13zIh2EYUCau6m3w,ONE N' ONLY TV,['Entertainment'],32819,3857,0,569
2025-11-27 19:23:12,WVVv8Uyok_U,サビ組さんにはよくしてもらってます｜ポケモンZA #20,UCMzLWawc9x3rUsqYDEfgqzA,ジャック・オ・蘭たん,['Gaming'],123870,5213,0,801
2025-11-27 19:23:12,5-o_tvuKSfM,【Official】Uru 「愛」,UCdPCarwi28K5Z7s5l2nMiLw,Uru Official YouTube Channel,['Music'],57656,3879,0,156
2025-11-27 19:23:12,kSmHmdAnDYc,【原神】限定★５「ドゥリン」は強いのか？先行解説します。性能/武器/聖遺物/PT編成/凸orモチーフ…全てが分かる！,UCjJmYy279ehSYSwR1A3fXtA,マグロヘッド,['Gaming'],241349,6904,0,839
2025-11-27 19:23:12,FuGOa47BBqg,Brand New Episode,UCy2IDlWr4fbdO2dbka98bSg,HACHI - Topic,['Music'],37706,1196,0,15
2025-11-27 19:23:12,OoLflKFs7YY,【MIMESIS】ヒトの言葉を学習して欺いてくるAIにビビりまくるフブぺこ奏ヴィヴィ【2025.11.26/ホロライブ切り抜き】,UCUbAVVpHteGtGQPPN9lM3oQ,ホロライブ切り抜き/なめたけ,['Entertainment'],84939,2657,0,255
2025-11-27 19:23:12,G36amiUCkXU,Juice=Juice『盛れ！ミ・アモーレ』(Concert 2025 Queen of Hearts Special Flush),UC6FadPgGviUcq6VQ0CEJqdQ,Juice=Juice,['Music'],463866,28325,0,5468
2025-11-27 19:23:12,SnCG-_lf74w,今までで一番怖いスーパーマーケット経営『 HELLMART 』,UCMJiPpN_09F0aWpQrgbc_qg,キヨ。,['Gaming'],926097,23254,0,1084
2025-11-27 19:23:12,CXcBo03He2A,ミジ子の恋,UCDBdcJ3JIg2sjDg8QR3xp-g,Iyowa - Topic,['Music'],28791,3786,0,190
2025-11-27 19:23:12,2j2jXv6Juxc,初心者 vs. プロ：最強のピリジャー刑務所作り対決,UCM3yhFc0-fBFuvqx1Vg2YNQ,まいぜんシスターズ,['Gaming'],205987,2752,0,96
2025-11-27 19:23:12,tdYPGxusaYs,NiziU 「♡Emotion」 FanCam – MAYUKA ver -,UCHp2q2i85qt_9nn2H7AvGOw,NiziU Official,['Entertainment'],31632,2611,0,144
2025-11-27 19:23:12,DyINvuS9P34,最強のマシンを進化させるマインクラフト【 マイクラ / マインクラフト 】,UCHazKLThRbMyMFu2bVAKhng,ウォーターチャレンジ,['Gaming'],209893,2831,0,51
2025-11-27 19:23:12,9jrVtT2nPgQ,【歌ってみた】革命道中 - アイナ・ジ・エンド covered by 明透,UCBLGjbYv6-xxju1i44RjnnA,明透 -ᴀsᴜ-,['Music'],37205,4729,0,104
2025-11-27 19:23:12,tLBq_jH5FDI,"【㊗️ 6周年】""""ポケモン剣盾""""のハイレベルすぎる神試合が激アツすぎたwww【対戦者本人解説あり】",UCmnZL4tFRl4sm-uJOxTLHmg,今日ポケch.,['Gaming'],116127,1780,0,173
2025-11-27 19:23:12,OfuHlytx3rQ,フィナーレ,UCTEQRq53fm5tw-3vJ1HLUCw,MAY'S - Topic,['Music'],14256,213,0,9
2025-11-27 19:23:12,w0ZQp2CmHHw,庭を埋め尽くす大量の落ち葉を掃除するゲーム,UChn5TjkeEqd-JxzizMVSkOw,ハヤトの野望,['Gaming'],149495,2544,0,227
2025-11-27 19:23:12,JkKNqaEl9Aw,"NEXZ(넥스지) ""Legacy"" Performance Video",UCaO6TYtlC8U5ttz62hTrZgg,JYP Entertainment,['Music'],346602,21097,0,1897
2025-11-27 19:23:12,tGwT5DAU6-s,【MIMESIS】AIが仲間の声を学習し襲ってくる新感覚ホラゲで、本当の恐怖はオリジナル（本物）だと知るローレンたちwww【ローレン 叶カンパニー にじさんじ 切り抜き】,UC-UxhoAxlq57uZ8BA0b1Jyw,FPS切り抜きボット【ローレン・イロアス】,['Gaming'],58087,1160,0,20
2025-11-27 19:23:12,kux5GmbZhVg,メロリ,UCpYHkc4rzWEW7iVXIyxQebA,Hey! Say! JUMP - Topic,['Music'],21546,1027,0,20
2025-11-27 19:23:12,S0UEqkus7FA,【ミメシス】声と行動を真似するニセモノに騙されないように生き残る！！ぺこ！【ホロライブ/兎田ぺこら】,UC1DCedRgGHBdm81E1llLhOQ,Pekora Ch. 兎田ぺこら,['Gaming'],318688,12542,0,247
2025-11-27 19:23:12,GVeRDFqNT40,恐るるなかれ灰は灰に,UCMR5xpbhv3jzIQG1TOTg-Jg,B'z - Topic,['Music'],21350,265,0,10
2025-11-27 19:23:12,R-ZKjAqlquA,【更新待機】今日は何が来るんだ？！？！大量ガチャ更新＆バルセロナ創立記念あるか？！11/27メンテ待機配信,UCia0Mw96B-yNYRka1J_mAsQ,HikacGamesヒカックゲームズ,['Gaming'],116248,582,0,23
2025-11-27 19:23:12,Lj1Qi3-zQgg,あの娘は邪惡！,UC5nxCVEWQLLfkPuMylpkYkA,ロス,['Entertainment'],29371,4727,0,150
2025-11-27 19:23:12,OWGd9sHxpvs,【複数視点】話題のAIホラゲで大爆笑ｗｗｗ【にじさんじ切り抜き/星川サラ/叶/ローレン・イロアス/樋口楓】,UCeuNlK0yX-6_4930q0JUGNw,白瀬,['Gaming'],90657,2748,0,84
2025-11-27 19:23:12,TVqEwvbZP30,RIIZE 라이즈 'Fame' MV,UCEf_Bc-KVd7onSeifS3py9g,SMTOWN,['Music'],6633963,110337,0,11213
2025-11-27 19:23:12,n7pO7F_kP0k,【原神】エピソード ドゥリン「家族への手紙」,UCAVR6Q0YgYa8xwz8rdg9Mrg,原神-Genshin-公式,['Gaming'],81151,12971,0,509
2025-11-27 19:23:12,ScutqxM3z_s,Hi-STANDARD - Our Song - OFFICIAL MUSIC VIDEO,UCrQUlOEbu-0T0l4DAcBEeIg,pizzaofdeathofficial,['Music'],201254,8487,0,482
2025-11-27 19:23:12,b29J1g4yWcs,KUNが参加勢だったらまず〇〇をする,UCGjV4bsC43On-YuiLZcfL0w,KUN,['Gaming'],64124,2460,0,205
2025-11-27 19:23:12,CZP11p3DklQ,軌跡,UC8_Ag6BVp43Vmrx6eillK9g,Vaundy - Topic,['Music'],111140,3581,0,148
2025-11-27 19:23:12,OeMmb--HE6k,【MIMESIS】叶カンパニー、出勤します。【にじさんじ/ローレン・イロアス】,UCgmFrRcyH7d1zR9sIVQhFow,ローレン・イロアス / Lauren Iroas【にじさんじ】,['Gaming'],187984,4858,0,68
2025-11-27 19:23:12,vQpF9mIiYFU,LALALA (Baby it takes two),UC3NrSfe_yR5XX9zGFxYoV1Q,HIRAIDAI - Topic,['Music'],20453,319,0,22
2025-11-27 19:23:12,6-9ej0ztMUA,【バッチ参戦でほぼカッパ!?】ビッグバンするまで終わらないネオプラ実戦　【新台の村田 with 松本バッチ】#ネオプラネット #JIRO　#松本バッチ,UCv0F5yCdnwnBTrcJO2Yr3lQ,きむちゃんねる,['Entertainment'],29100,367,0,31
2025-11-27 18:23:12,StcmgD_0aRI,モニタリング Cover / Gero,UCFuugQScqDfJcsOEWbL1_tg,Gero Channel,['Music'],112716,11337,0,2627
2025-11-27 18:23:12,NUSpibeVoO0,失われたチャプター: ユキの復讐 | ティザートレーラー,UCwF6o6cF7BMTY1-OZ7ZUY7Q,フォートナイト 公式,['Gaming'],22483,911,0,87
2025-11-27 18:23:12,6yMFwpzbQCY,モンストニュース[11/27]モンストの最新情報をお届けします！【モンスト公式】,UCd9BXPj-KcMTh0HiB-Vlb8A,モンスト（モンスターストライク）公式,['Gaming'],225808,3199,0,221
2025-11-27 18:23:12,ES9oYbzYCh8,ILLIT (아일릿) 'NOT CUTE ANYMORE’ Performance Film,UC3IZKseVpdzPSBaWxBxundA,HYBE LABELS,['Music'],479917,59848,0,1837
2025-11-27 18:23:12,vIUORnIS_ug,ELDEN RING NIGHTREIGN The Forsaken Hollows | Scholar Character Trailer,UC_ntXHv-XdKCD7CPynVvnQw,Bandai Namco Entertainment America,['Gaming'],337624,13878,0,1046
2025-11-27 18:23:12,8gAg9uDn2Oo,体力と手持ちが共有の世界で全員合流するまで終われません！ミニミニ編【マイクラ】,UCj4PjeVMnNTHIR5EeoNKPAw,ドズル社,['Gaming'],369623,13268,0,494
2025-11-27 18:23:12,VWg0218G38c,現在がとんでもなく悲惨な事になってるYouTuber4選,UCHvFSU5OP6c7QcJxIr87YtA,ウタエル Utael,['Entertainment'],117426,1399,0,237
2025-11-27 18:23:12,E7so8IVX1qQ,SG福岡 ３日目 チャレンジカップ「シュガーの宝舟ボートレース2025LIVE」,UCl_HfKfmxefUAVHPyJu0aCg,シュガーの宝舟,['Entertainment'],79729,123,0,3
2025-11-27 18:23:12,b9z3Iaz5Zrc,ヤングスキニー - るっせぇ女【Official Music Video】,UCcg_rvE-fU2tATMwBAxW9bA,ヤングスキニー,['Music'],126380,6453,0,318
2025-11-27 18:23:12,dIPZHyTBFz0,『ドラゴンクエストウォーク』の新情報をお届け「スマートウォーク」#131,UCtceiniicYEsbAVuWy-Bi0Q,ドラゴンクエストウォーク公式,['Gaming'],199453,2170,0,262
2025-11-27 18:23:12,XILnJKGc0yo,INI｜'U MINE' Performance Video,UCc-itdQHxLvUlPrDxIiSJrA,INI,['Entertainment'],242952,20478,0,3671
2025-11-27 18:23:12,eLCjlEYBN3U,課金しまくって放射性ラッキーブロックを100個開けるロブロックス (Roblox),UC9Lx-zRFGfpuls27tNAOIqA,マエスケ,['Gaming'],386109,15261,0,1061
2025-11-27 18:23:12,Am2ElEWNvTY,LEX - 完璧だ (Music Video),UCeTo4Eh0TzpKbUL4vGQZ73A,LEX *,['People & Blogs'],66787,3772,0,212
2025-11-27 18:23:12,5eHGs7lX09s,うんこちゃんのイナズマイレブン 英雄たちのヴィクトリーロード 実況プレイPart5※ネタバレ注意,UCx1nAvtVDIsaGmCMSe8ofsQ,加藤純一【jun channel】,['Gaming'],105646,1251,0,1112
2025-11-27 18:23:12,AfKzB2lXo7I,SLAVE (Nissy Entertainment “Re:10th Anniversary Final” BEST DOME TOUR),UCkv76wCrBDQNn7ctcbn6Qeg,Nissy - Topic,['Music'],15628,750,0,51
2025-11-27 18:23:12,Bj6tJxDPzoY,みんなでパンを作って1か所に合流しよう!!(ただし100人に邪魔されながら)【マインクラフト】,UClNdVSK1uy2xFHTaXZYXopw,らっだぁ,['Gaming'],238751,10884,0,302
2025-11-27 18:23:12,5UBc2gXGwKc,Seishun Rock 'n' roll,UC3PFoXZPFJGy9F4PG84nNQQ,Soala - Topic,['Music'],17968,280,0,9
2025-11-27 18:23:12,kSmHmdAnDYc,【原神】限定★５「ドゥリン」は強いのか？先行解説します。性能/武器/聖遺物/PT編成/凸orモチーフ…全てが分かる！,UCjJmYy279ehSYSwR1A3fXtA,マグロヘッド,['Gaming'],238623,6838,0,831
2025-11-27 18:23:12,hcJEQXJIALo,ONE N' ONLY／ “RIDE” Music Video,UC8Qwnts13zIh2EYUCau6m3w,ONE N' ONLY TV,['Entertainment'],31736,3816,0,568
2025-11-27 18:23:12,WVVv8Uyok_U,サビ組さんにはよくしてもらってます｜ポケモンZA #20,UCMzLWawc9x3rUsqYDEfgqzA,ジャック・オ・蘭たん,['Gaming'],120705,5113,0,793
2025-11-27 18:23:12,5-o_tvuKSfM,【Official】Uru 「愛」,UCdPCarwi28K5Z7s5l2nMiLw,Uru Official YouTube Channel,['Music'],55210,3773,0,152
2025-11-27 18:23:12,SnCG-_lf74w,今までで一番怖いスーパーマーケット経営『 HELLMART 』,UCMJiPpN_09F0aWpQrgbc_qg,キヨ。,['Gaming'],914270,23105,0,1082
2025-11-27 18:23:12,G36amiUCkXU,Juice=Juice『盛れ！ミ・アモーレ』(Concert 2025 Queen of Hearts Special Flush),UC6FadPgGviUcq6VQ0CEJqdQ,Juice=Juice,['Music'],458097,28200,0,5420
2025-11-27 18:23:12,OoLflKFs7YY,【MIMESIS】ヒトの言葉を学習して欺いてくるAIにビビりまくるフブぺこ奏ヴィヴィ【2025.11.26/ホロライブ切り抜き】,UCUbAVVpHteGtGQPPN9lM3oQ,ホロライブ切り抜き/なめたけ,['Entertainment'],78192,2491,0,244
2025-11-27 18:23:12,FuGOa47BBqg,Brand New Episode,UCy2IDlWr4fbdO2dbka98bSg,HACHI - Topic,['Music'],36395,1183,0,15
2025-11-27 18:23:12,2j2jXv6Juxc,初心者 vs. プロ：最強のピリジャー刑務所作り対決,UCM3yhFc0-fBFuvqx1Vg2YNQ,まいぜんシスターズ,['Gaming'],187981,2647,0,93
2025-11-27 18:23:12,CXcBo03He2A,ミジ子の恋,UCDBdcJ3JIg2sjDg8QR3xp-g,Iyowa - Topic,['Music'],25918,3541,0,184
2025-11-27 18:23:12,tLBq_jH5FDI,"【㊗️ 6周年】""""ポケモン剣盾""""のハイレベルすぎる神試合が激アツすぎたwww【対戦者本人解説あり】",UCmnZL4tFRl4sm-uJOxTLHmg,今日ポケch.,['Gaming'],113011,1738,0,169
2025-11-27 18:23:12,tdYPGxusaYs,NiziU 「♡Emotion」 FanCam – MAYUKA ver -,UCHp2q2i85qt_9nn2H7AvGOw,NiziU Official,['Entertainment'],30736,2570,0,142
2025-11-27 18:23:12,DyINvuS9P34,最強のマシンを進化させるマインクラフト【 マイクラ / マインクラフト 】,UCHazKLThRbMyMFu2bVAKhng,ウォーターチャレンジ,['Gaming'],199297,2731,0,50
2025-11-27 18:23:12,OfuHlytx3rQ,フィナーレ,UCTEQRq53fm5tw-3vJ1HLUCw,MAY'S - Topic,['Music'],13903,213,0,9
2025-11-27 18:23:12,w0ZQp2CmHHw,庭を埋め尽くす大量の落ち葉を掃除するゲーム,UChn5TjkeEqd-JxzizMVSkOw,ハヤトの野望,['Gaming'],143824,2479,0,220
2025-11-27 18:23:12,JkKNqaEl9Aw,"NEXZ(넥스지) ""Legacy"" Performance Video",UCaO6TYtlC8U5ttz62hTrZgg,JYP Entertainment,['Music'],330090,21006,0,1886
2025-11-27 18:23:12,S0UEqkus7FA,【ミメシス】声と行動を真似するニセモノに騙されないように生き残る！！ぺこ！【ホロライブ/兎田ぺこら】,UC1DCedRgGHBdm81E1llLhOQ,Pekora Ch. 兎田ぺこら,['Gaming'],316497,12510,0,244
2025-11-27 18:23:12,9jrVtT2nPgQ,【歌ってみた】革命道中 - アイナ・ジ・エンド covered by 明透,UCBLGjbYv6-xxju1i44RjnnA,明透 -ᴀsᴜ-,['Music'],35901,4668,0,103
2025-11-27 18:23:12,R-ZKjAqlquA,【更新待機】今日は何が来るんだ？！？！大量ガチャ更新＆バルセロナ創立記念あるか？！11/27メンテ待機配信,UCia0Mw96B-yNYRka1J_mAsQ,HikacGamesヒカックゲームズ,['Gaming'],106565,570,0,17
2025-11-27 18:23:12,kux5GmbZhVg,メロリ,UCpYHkc4rzWEW7iVXIyxQebA,Hey! Say! JUMP - Topic,['Music'],20714,1009,0,20
2025-11-27 18:23:12,tGwT5DAU6-s,【MIMESIS】AIが仲間の声を学習し襲ってくる新感覚ホラゲで、本当の恐怖はオリジナル（本物）だと知るローレンたちwww【ローレン 叶カンパニー にじさんじ 切り抜き】,UC-UxhoAxlq57uZ8BA0b1Jyw,FPS切り抜きボット【ローレン・イロアス】,['Gaming'],54192,1070,0,16
2025-11-27 18:23:12,TVqEwvbZP30,RIIZE 라이즈 'Fame' MV,UCEf_Bc-KVd7onSeifS3py9g,SMTOWN,['Music'],6506321,110004,0,11075
2025-11-27 18:23:12,OeMmb--HE6k,【MIMESIS】叶カンパニー、出勤します。【にじさんじ/ローレン・イロアス】,UCgmFrRcyH7d1zR9sIVQhFow,ローレン・イロアス / Lauren Iroas【にじさんじ】,['Gaming'],185882,4809,0,68
2025-11-27 18:23:12,ScutqxM3z_s,Hi-STANDARD - Our Song - OFFICIAL MUSIC VIDEO,UCrQUlOEbu-0T0l4DAcBEeIg,pizzaofdeathofficial,['Music'],199891,8444,0,481
2025-11-27 18:23:12,OWGd9sHxpvs,【複数視点】話題のAIホラゲで大爆笑ｗｗｗ【にじさんじ切り抜き/星川サラ/叶/ローレン・イロアス/樋口楓】,UCeuNlK0yX-6_4930q0JUGNw,白瀬,['Gaming'],84856,2572,0,82
2025-11-27 18:23:12,GVeRDFqNT40,恐るるなかれ灰は灰に,UCMR5xpbhv3jzIQG1TOTg-Jg,B'z - Topic,['Music'],20669,261,0,9
2025-11-27 18:23:12,3-caLm2c1XI,これがエスペランサの財宝だ！！【龍が如く８外伝 Pirates in Hawaii】＃４３,UCZMRuagdTBKmmrFtSMN48Xw,牛沢,['Gaming'],141427,4189,0,516
2025-11-27 18:23:12,CZP11p3DklQ,軌跡,UC8_Ag6BVp43Vmrx6eillK9g,Vaundy - Topic,['Music'],108841,3539,0,145
2025-11-27 18:23:12,hQwjPcq63JM,【ホール生配信】エヴァ15💜7の日を克服する✌🏻💞,UCcmLTYWn2bI5GwNVSP1bl4Q,バッチコイなみちょ,['Entertainment'],48848,748,0,5
2025-11-27 18:23:12,Lj1Qi3-zQgg,あの娘は邪惡！,UC5nxCVEWQLLfkPuMylpkYkA,ロス,['Entertainment'],27918,4608,0,147
2025-11-27 18:23:12,o3PX7EjBjvg,50人クラフトBAN覚悟のガチなんでもバスケット,UCoQhX2O93MVTWfgIz-8wOmg,KUNの50人クラフト,['Gaming'],31923,1983,0,213
2025-11-27 18:23:12,vQpF9mIiYFU,LALALA (Baby it takes two),UC3NrSfe_yR5XX9zGFxYoV1Q,HIRAIDAI - Topic,['Music'],19714,316,0,22
2025-11-27 18:23:12,LcpCd9VXGjE,【パチスロ生配信】今日もヴァル2や!!そろそろ高設定台を打ちたい!!【革命機ヴァルヴレイヴ2】,UCdCC1L_OxLrkoEjR19iXpRw,パチスロードch,['Entertainment'],334357,1573,0,0
2025-11-27 21:42:38,ZOEZ_cRIkhY,STARGLOW / Moonchaser [BMSG FES'25] DAY1,UCKsVfYfguU3s5vMO5yhcWdw,STARGLOW Official,['Music'],40202,10148,0,736
2025-11-27 21:42:38,NUSpibeVoO0,失われたチャプター: ユキの復讐 | ティザートレーラー,UCwF6o6cF7BMTY1-OZ7ZUY7Q,フォートナイト 公式,['Gaming'],30111,1024,0,98
2025-11-27 21:42:38,6yMFwpzbQCY,モンストニュース[11/27]モンストの最新情報をお届けします！【モンスト公式】,UCd9BXPj-KcMTh0HiB-Vlb8A,モンスト（モンスターストライク）公式,['Gaming'],375774,4074,0,252
2025-11-27 21:42:38,F3C87lOmZBM,RIIZE(라이즈) _ Fame | 1theKILLPO | 원더킬포 | 퍼포먼스 | Performance | 4K,UCqq-ovGE01ErlXakPihhKDA,1theK Originals - 원더케이 오리지널,['Entertainment'],63604,11218,0,1348
2025-11-27 21:42:38,vIUORnIS_ug,ELDEN RING NIGHTREIGN The Forsaken Hollows | Scholar Character Trailer,UC_ntXHv-XdKCD7CPynVvnQw,Bandai Namco Entertainment America,['Gaming'],341676,13945,0,1052
2025-11-27 21:42:38,Nxq6nJJVx5A,燃えろ早抜け選手権！【マイクラ】,UCj4PjeVMnNTHIR5EeoNKPAw,ドズル社,['Gaming'],103291,5562,0,194
2025-11-27 21:42:38,ES9oYbzYCh8,ILLIT (아일릿) 'NOT CUTE ANYMORE’ Performance Film,UC3IZKseVpdzPSBaWxBxundA,HYBE LABELS,['Music'],540716,63536,0,1929
2025-11-27 21:42:38,o3PX7EjBjvg,50人クラフトBAN覚悟のガチなんでもバスケット,UCoQhX2O93MVTWfgIz-8wOmg,KUNの50人クラフト,['Gaming'],74668,3332,0,338
2025-11-27 21:42:38,StcmgD_0aRI,モニタリング Cover / Gero,UCFuugQScqDfJcsOEWbL1_tg,Gero Channel,['Music'],124683,12088,0,2701
2025-11-27 21:42:38,8B2XU-fUS58,【777リーグ3rd】実戦バトル 第14回戦 (1/3) - 777.LEAGUE3rd【スリーセブンリーグ3rd】[髭原人/シーサ。/レビン/水樹あや],UC0wuDDYK-QTwneeZ6x6pPbw,777パチガブチャンネル,['Entertainment'],72913,1845,0,253
2025-11-27 21:42:38,VWg0218G38c,現在がとんでもなく悲惨な事になってるYouTuber4選,UCHvFSU5OP6c7QcJxIr87YtA,ウタエル Utael,['Entertainment'],123750,1505,0,270
2025-11-27 21:42:38,5eHGs7lX09s,うんこちゃんのイナズマイレブン 英雄たちのヴィクトリーロード 実況プレイPart5※ネタバレ注意,UCx1nAvtVDIsaGmCMSe8ofsQ,加藤純一【jun channel】,['Gaming'],130832,1397,0,1154
2025-11-27 21:42:38,b9z3Iaz5Zrc,ヤングスキニー - るっせぇ女【Official Music Video】,UCcg_rvE-fU2tATMwBAxW9bA,ヤングスキニー,['Music'],136509,6874,0,329
2025-11-27 21:42:38,ckKFtSlZ5Lw,闘いの儀開始の宣言をしろ！磯野ぉ！【モンストニュース】,UCqfELxLmasBwYET4ZAMfMqA,がみくん,['Gaming'],69560,1199,0,329
2025-11-27 21:42:38,Am2ElEWNvTY,LEX - 完璧だ (Music Video),UCeTo4Eh0TzpKbUL4vGQZ73A,LEX *,['People & Blogs'],77405,4176,0,228
2025-11-27 21:42:38,dIPZHyTBFz0,『ドラゴンクエストウォーク』の新情報をお届け「スマートウォーク」#131,UCtceiniicYEsbAVuWy-Bi0Q,ドラゴンクエストウォーク公式,['Gaming'],201040,2181,0,265
2025-11-27 21:42:38,AfKzB2lXo7I,SLAVE (Nissy Entertainment “Re:10th Anniversary Final” BEST DOME TOUR),UCkv76wCrBDQNn7ctcbn6Qeg,Nissy - Topic,['Music'],19711,889,0,52
2025-11-27 21:42:38,eLCjlEYBN3U,課金しまくって放射性ラッキーブロックを100個開けるロブロックス (Roblox),UC9Lx-zRFGfpuls27tNAOIqA,マエスケ,['Gaming'],443435,16333,0,1120
2025-11-27 21:42:38,XILnJKGc0yo,INI｜'U MINE' Performance Video,UCc-itdQHxLvUlPrDxIiSJrA,INI,['Entertainment'],252527,20644,0,3711
2025-11-27 21:42:38,Bj6tJxDPzoY,みんなでパンを作って1か所に合流しよう!!(ただし100人に邪魔されながら)【マインクラフト】,UClNdVSK1uy2xFHTaXZYXopw,らっだぁ,['Gaming'],255758,11396,0,311
2025-11-27 21:42:38,5UBc2gXGwKc,Seishun Rock 'n' roll,UC3PFoXZPFJGy9F4PG84nNQQ,Soala - Topic,['Music'],20541,293,0,9
2025-11-27 21:42:38,5m86CgLR0Fg,【マイクラ】ゾムも思わず突っ込む最弱の鬼シャオロンいきます【本気れんぼ】,UCsoW5-5KCPFAZwfGU-POUvA,まじめにヤバシティ,['Gaming'],42511,4577,0,175
2025-11-27 21:42:38,hcJEQXJIALo,ONE N' ONLY／ “RIDE” Music Video,UC8Qwnts13zIh2EYUCau6m3w,ONE N' ONLY TV,['Entertainment'],38039,3938,0,575
2025-11-27 21:42:38,WT1LFvt07Gw,k4senの舌打ちから人狼が始まるマ農場【Farming Simulator 25】,UChUjERVG8eKEAJSCef-tTmg,k4sen / かせん,['Gaming'],48140,1373,0,47
2025-11-27 21:42:38,5-o_tvuKSfM,【Official】Uru 「愛」,UCdPCarwi28K5Z7s5l2nMiLw,Uru Official YouTube Channel,['Music'],64021,4191,0,164
2025-11-27 21:42:38,sEe1U-vDP5k,この界隈はもう熊とか虎じゃ驚かないんだから【龍が如く８外伝 Pirates in Hawaii】＃４４,UCZMRuagdTBKmmrFtSMN48Xw,牛沢,['Gaming'],55366,2483,0,221
2025-11-27 21:42:38,CXcBo03He2A,ミジ子の恋,UCDBdcJ3JIg2sjDg8QR3xp-g,Iyowa - Topic,['Music'],34582,4225,0,203
2025-11-27 21:42:38,6-9ej0ztMUA,【バッチ参戦でほぼカッパ!?】ビッグバンするまで終わらないネオプラ実戦　【新台の村田 with 松本バッチ】#ネオプラネット #JIRO　#松本バッチ,UCv0F5yCdnwnBTrcJO2Yr3lQ,きむちゃんねる,['Entertainment'],53184,555,0,51
2025-11-27 21:42:38,FuGOa47BBqg,Brand New Episode,UCy2IDlWr4fbdO2dbka98bSg,HACHI - Topic,['Music'],41058,1215,0,15
2025-11-27 21:42:38,4_l1VyTNzrs,【は？】怪しすぎるブレインロットを盗むサーバーに潜入するロブロックス..【ROBLOX】,UCH4yRBPH2pDUjPeqomx8CTQ,てるとくん,['Gaming'],55321,2202,0,1301
2025-11-27 21:42:38,G36amiUCkXU,Juice=Juice『盛れ！ミ・アモーレ』(Concert 2025 Queen of Hearts Special Flush),UC6FadPgGviUcq6VQ0CEJqdQ,Juice=Juice,['Music'],478685,28756,0,5608
2025-11-27 21:42:38,OoLflKFs7YY,【MIMESIS】ヒトの言葉を学習して欺いてくるAIにビビりまくるフブぺこ奏ヴィヴィ【2025.11.26/ホロライブ切り抜き】,UCUbAVVpHteGtGQPPN9lM3oQ,ホロライブ切り抜き/なめたけ,['Entertainment'],102542,2913,0,284
2025-11-27 21:42:38,tdYPGxusaYs,NiziU 「♡Emotion」 FanCam – MAYUKA ver -,UCHp2q2i85qt_9nn2H7AvGOw,NiziU Official,['Entertainment'],34090,2730,0,151
2025-11-27 21:42:38,WVVv8Uyok_U,サビ組さんにはよくしてもらってます｜ポケモンZA #20,UCMzLWawc9x3rUsqYDEfgqzA,ジャック・オ・蘭たん,['Gaming'],136508,5465,0,820
2025-11-27 21:42:38,9jrVtT2nPgQ,【歌ってみた】革命道中 - アイナ・ジ・エンド covered by 明透,UCBLGjbYv6-xxju1i44RjnnA,明透 -ᴀsᴜ-,['Music'],40548,4860,0,106
2025-11-27 21:42:38,G_oNwC_PjfU,【原神】「強化ウェンティ」は強いのか？先行解説します。性能/武器/聖遺物/PT編成…全てが分かる！【魔導/上方修正】,UCjJmYy279ehSYSwR1A3fXtA,マグロヘッド,['Gaming'],84464,2889,0,343
2025-11-27 21:42:38,JkKNqaEl9Aw,"NEXZ(넥스지) ""Legacy"" Performance Video",UCaO6TYtlC8U5ttz62hTrZgg,JYP Entertainment,['Music'],370683,21300,0,1914
2025-11-27 21:42:38,2j2jXv6Juxc,初心者 vs. プロ：最強のピリジャー刑務所作り対決,UCM3yhFc0-fBFuvqx1Vg2YNQ,まいぜんシスターズ,['Gaming'],237818,2904,0,108
2025-11-27 21:42:38,OfuHlytx3rQ,フィナーレ,UCTEQRq53fm5tw-3vJ1HLUCw,MAY'S - Topic,['Music'],14946,215,0,9
2025-11-27 21:42:38,y7XtQu1z9hw,かぐや様は告らせたい｜1GAMEてつの妖回胴中記# 336【パチスロ・スロット】,UCTgIFU4_hG6aA7VfWS8blQg,1GAME TV パチンコパチスロ実践動画,['Gaming'],31178,563,0,91
2025-11-27 21:42:38,Lj1Qi3-zQgg,あの娘は邪惡！,UC5nxCVEWQLLfkPuMylpkYkA,ロス,['Entertainment'],32749,5058,0,154
2025-11-27 21:42:38,SnCG-_lf74w,今までで一番怖いスーパーマーケット経営『 HELLMART 』,UCMJiPpN_09F0aWpQrgbc_qg,キヨ。,['Gaming'],954571,23697,0,1114
2025-11-27 21:42:38,kux5GmbZhVg,メロリ,UCpYHkc4rzWEW7iVXIyxQebA,Hey! Say! JUMP - Topic,['Music'],23346,1064,0,20
2025-11-27 21:42:38,tGwT5DAU6-s,【MIMESIS】AIが仲間の声を学習し襲ってくる新感覚ホラゲで、本当の恐怖はオリジナル（本物）だと知るローレンたちwww【ローレン 叶カンパニー にじさんじ 切り抜き】,UC-UxhoAxlq57uZ8BA0b1Jyw,FPS切り抜きボット【ローレン・イロアス】,['Gaming'],69747,1319,0,20
2025-11-27 21:42:38,n7pO7F_kP0k,【原神】エピソード ドゥリン「家族への手紙」,UCAVR6Q0YgYa8xwz8rdg9Mrg,原神-Genshin-公式,['Gaming'],107901,15286,0,572
2025-11-27 21:42:38,DyINvuS9P34,最強のマシンを進化させるマインクラフト【 マイクラ / マインクラフト 】,UCHazKLThRbMyMFu2bVAKhng,ウォーターチャレンジ,['Gaming'],234017,2973,0,52
2025-11-27 21:42:38,OWGd9sHxpvs,【複数視点】話題のAIホラゲで大爆笑ｗｗｗ【にじさんじ切り抜き/星川サラ/叶/ローレン・イロアス/樋口楓】,UCeuNlK0yX-6_4930q0JUGNw,白瀬,['Gaming'],106837,3093,0,92
2025-11-27 21:42:38,7rd5CtM7oiY,恒例木曜メンテ待機配信!!多分何かしら来るでしょう【eFootballアプリ2026/イーフト】,UCKU0SVkIPRqwiZaXJ9rXhdw,シュート。,['Gaming'],124404,498,0,1
2025-11-27 21:42:38,b29J1g4yWcs,KUNが参加勢だったらまず〇〇をする,UCGjV4bsC43On-YuiLZcfL0w,KUN,['Gaming'],80195,2755,0,239
2025-11-27 21:42:38,SMAnw64aTXc,世界で８人しか貰えない契約書を開封！交換会に出す選手も今日発表します！！【プロスピA】# 1758,UCy9GuRXGTm8TliQ-OJ7KwzA,【V.I.P】,['Gaming'],44172,1752,0,812
2025-11-25 18:43:54,G36amiUCkXU,Juice=Juice『盛れ！ミ・アモーレ』(Concert 2025 Queen of Hearts Special Flush),UC6FadPgGviUcq6VQ0CEJqdQ,Juice=Juice,['Music'],208412,21592,0,3808
2025-11-25 18:43:54,vMg1KAFAKiY,'이게 맞아?! 시즌2' Main Trailer,UCLkAepWjdylmXSltofFvsYQ,BANGTANTV,['Music'],851280,153676,0,8363
2025-11-25 18:43:54,tXJJhKobuas,これまで培った知識と経験で解答せよ！LOL検定！【The k4sen Con 2025 DAY 3 Supported by ロリポップ！ for Gamers byGMOペパボ】,UChUjERVG8eKEAJSCef-tTmg,k4sen / かせん,['Gaming'],51642,1167,0,101
2025-11-25 18:43:54,TVqEwvbZP30,RIIZE 라이즈 'Fame' MV,UCEf_Bc-KVd7onSeifS3py9g,SMTOWN,['Music'],953871,88322,0,7372
2025-11-25 18:43:54,fiSsGbfus6I,うんこちゃんのイナズマイレブン 英雄たちのヴィクトリーロード 実況プレイPart4※ネタバレ注意,UCx1nAvtVDIsaGmCMSe8ofsQ,加藤純一【jun channel】,['Gaming'],114387,1364,0,895
2025-11-25 18:43:54,x_RYZsOfpKY,ILLIT (아일릿) 'NOT CUTE ANYMORE’ Official MV,UC3IZKseVpdzPSBaWxBxundA,HYBE LABELS,['Music'],5456535,235559,0,15292
2025-11-25 18:43:54,xjUPVppl1DI,4人で協力して本格的な殺人事件を解決に導く『The Case of the Golden Idol』,UCPVr7clenPjpD7WNsSI3UBQ,レトルト,['Gaming'],56012,2823,0,147
2025-11-25 18:43:54,llAI08UYyAw,"Stray Kids ""Do It (Overdrive Version)"" M/V",UCaO6TYtlC8U5ttz62hTrZgg,JYP Entertainment,['Music'],1835044,302270,0,10022
2025-11-25 18:43:54,ygIwtR2txaw,キモい顔を爆発させるバケモンに初見殺しされるらっだぁ【R.E.P.O.】,UClNdVSK1uy2xFHTaXZYXopw,らっだぁ,['Gaming'],219952,9346,0,241
2025-11-25 18:43:54,7bqePXphj2g,乃木坂46『夢の匂い』MUSIC VIDEO,UCUzpZpX2wRYOk3J8QTFGxDg,乃木坂46 OFFICIAL YouTube CHANNEL,['Music'],148735,13846,0,1270
2025-11-25 18:43:54,koeM_jz4CdM,超巨大な火山を削りきるまで終われません！【マイクラ】,UCj4PjeVMnNTHIR5EeoNKPAw,ドズル社,['Gaming'],314740,12887,0,1354
2025-11-25 18:43:54,dx4XsqUGm10,MAZZEL / Only You -Dance Practice-,UCMF_5h2OejEhVorTB02UUSg,MAZZEL,['Music'],123834,15984,0,1221
2025-11-25 18:43:54,z-aco1hi0Iw,新キャラくま＆ボニー100レべフルブ初見リーグ！最強火力のワンパンし放題！【バウンティラッシュ】,UCdkVEDVAW5aFmA-Mkz0lAFQ,ひたまゆ。,['Gaming'],22517,822,0,168
2025-11-25 18:43:54,4Xt_hR0KNvY,IS:SUE (イッシュ) 'Super Luna' Performance Video,UCqKNMJ5s_vsf7WkesdBrvQA,IS:SUE,['Music'],79052,8858,0,1772
2025-11-25 18:43:54,iKVcCmyqoik,『刀剣乱舞ONLINE』新刀剣男士 三郎国宗(さぶろうくにむね) 登場！,UC56x--_QtyaWD1QptYrPMqA,刀剣乱舞 公式チャンネル,['Gaming'],22824,3023,0,128
2025-11-25 18:43:54,gSXQd_5ht0E,【DANCE VIDEO】君セン！ / iLiFE! 【振り動画】,UChVflUz2J_jaaqYjXqvpmQA,iLiFE!【あいらいふ】,['Music'],364269,21202,0,998
2025-11-25 18:43:54,-3TOkp_6gRQ,【#にじ遊戯王祭2025】にじさんじ遊戯王マスターデュエル祭 2025 Day3：星巡り杯 ～銀河の織姫決戦～,UCX7YkU9nEeaoZbkVLVajcMg,にじさんじ,['Gaming'],478228,9142,0,80
2025-11-25 18:43:54,MRYXsF2lblY,RIIZE 'Sticky Like' (Official Audio),UCdVD0MsYecQaIE5Ru-pOIQQ,RIIZE,['Music'],150720,16670,0,915
2025-11-25 18:43:54,qJvjFBhQ6vQ,一人で無限に攻めてくる敵を迎え撃つゲーム,UChn5TjkeEqd-JxzizMVSkOw,ハヤトの野望,['Gaming'],125582,1943,0,57
2025-11-25 18:43:54,L6tkKvVCs0Y,【MV】どーでもいいよ／まふまふ,UCOTR1tcOAhjgi6YukrPpZxg,まふまふちゃんねる,['Music'],92115,11443,0,546
2025-11-25 18:43:54,YMxjZF3gtoM,【Shadow Corridor】三姉妹ホラーゲーム実況【第一夜 -路地-】,UCAWxPGGuIfWME2KTLUmSCHw,ぱかチューブっ!【ウマ娘公式】,['Gaming'],197835,11317,0,669
2025-11-25 18:43:54,HP8qpxRpIW8,NOT CUTE ANYMORE,UCNVIo0UJXTdEnsRkCB9Q03w,ILLIT - Topic,['Music'],292226,18803,0,798
2025-11-25 18:43:54,BNWYJZp2CbQ,新フェス限くまボニー&ベガパンク神引きすっぞ‼️【バウンティラッシュ】,UCUW6U6iOrntB0jw6-AbQo8g,RED Games,['Gaming'],38803,397,0,9
2025-11-25 18:43:54,eHmQ_b0LkUA,"Stray Kids ""Do It (Turbo Version)"" Lyric Visualizer",UC9rMiEjNaCSsebs31MRDCRA,Stray Kids,['Music'],115044,44285,0,2664
2025-11-25 18:43:54,IW_KV5nqWRI,【バウンティラッシュ】新フェス限くまボニー＆ベガ！即Lv100で強さ検証！,UC7aYDbAOIKIMt25ENfJ68Qw,ルカ,['Gaming'],36901,217,0,3
2025-11-25 18:43:54,ayjRv2g2UqY,ムカつく -another story- feat. 高梨小麻（CV：石見舞菜香）／HoneyWorks,UCAaGaynFpku5cAx6OOSrW-w,HoneyWorks OFFICIAL,['Music'],379957,18690,0,781
2025-11-25 18:43:54,6mP-mEHEQcw,日本人を狙う30人チーター中国クランを崩壊させてみた【RUST 実況】,UCXEo7JprZQGCPkezcZylHlQ,黒炭酸,['Gaming'],148359,8264,0,1170
2025-11-25 18:43:54,OWpLhNyqeqg,Novelbright - 夢花火 [Official Live Video],UCIJAlAYCNN8RACtDDsy9K6g,Novelbright,['Music'],41820,3915,0,391
2025-11-25 18:43:54,cl-BT6bDxEI,TikTokで偽物つくられまくってブチギレてます,UCGjV4bsC43On-YuiLZcfL0w,KUN,['Gaming'],52916,2242,0,144
2025-11-25 18:43:54,8j4RM-bBYvA,福本大晴「すっぴんLOVE」（Music Video）YouTube Edition,UCXqWKjzm2YMH6Bs7rAmsKFw,福本大晴,['Entertainment'],12540,1099,0,361
2025-11-25 18:43:54,GxXpkps21Kc,最終回？【 ポケモンルビー 】チャンピオンダイゴ戦🔥みこちと金コイ伝説～最弱からみんなで最強に育てる旅～【ホロライブ/さくらみこ】,UC-hM6YJuNYVAmUWxeIr9FeA,Miko Ch. さくらみこ,['Gaming'],296373,12933,0,208
2025-11-25 18:43:54,WsLcF1ojgFU,アンジュルム『トラブルメーカー』〜Dance Practice Ver.〜,UCDwcZ85zjLKD-3-jqlv1wQQ,アンジュルム,['Music'],31582,2585,0,367
2025-11-25 18:43:54,SWdjfMIkQCg,アザールが最強能力×モメンタムバーストで 頂点ST界の王に君臨しました【eFootball2026アプリ】,UC070fhnqq38qNhqHm5rxTcQ,令和ちゃんねる,['Gaming'],124788,1958,0,142
2025-11-25 18:43:54,G_3xr5desOo,"EXILE ATSUSHI + AI（EXILE ATSUSHI LIVE TOUR 2025 ""Heart to Heart"" ～復活祭～）",UCN7_YMtKaUiizHpw77XLVcw,EXILE,['Music'],35151,1809,0,81
2025-11-25 18:43:54,-dfR8iYqwK4,なんでこういう事するんや？初使用選手含む全員アニバーサリーの選手でリアタイしたら害悪プレイヤーに遭遇しました【プロスピA】# 1756,UCy9GuRXGTm8TliQ-OJ7KwzA,【V.I.P】,['Gaming'],158438,3073,0,460
2025-11-25 18:43:54,kCnD_dMyJ3M,The Bible of The “Eden”,UCZwcUEEjD8RVzB-TAw1ts3g,Eden - Topic,['Music'],57872,2359,0,0
2025-11-25 18:43:54,WGyadbTx8bs,【※閲覧注意】大人向けスイカゲームの『インゴゲーム』の中毒性がヤバすぎるwwww,UCPJCP_fon2mOMfibbBPUOYw,SAWAYAN GAMES / サワヤン ゲームズ,['Gaming'],164391,7767,0,782
2025-11-25 18:43:54,cVL4bRjA6X0,Mili - Peach Pit and Cyanide,UCVh47EKH9VLresRqiYi9txw,Mili,['Music'],286668,32155,0,1200
2025-11-25 18:43:54,4Ddbjkyy2C0,【深夜にパチ配信】東京グールとかのかりとエヴァ15を全力生実践LIVE！パチスロパチンコライブ,UCDhOdoqPxv96djR3tSq9NoA,ショコラ大佐の秘密基地,['Entertainment'],119021,839,0,0
2025-11-25 18:43:54,s5dFrPwvbHY,‘있잖아' - BOYNEXTDOOR (보이넥스트도어) | DOORGROUND,UChhKBlh_wvspTh5n4mL0b5g,BOYNEXTDOOR,['Music'],124708,24925,0,1365
2025-11-25 18:43:54,GJMOK14mB2c,全員の物資を蓄えてた馬鹿を制裁します 懐クラフト #12,UCoQhX2O93MVTWfgIz-8wOmg,KUNの50人クラフト,['Gaming'],30521,1416,0,88
2025-11-25 18:43:54,3rGi2kiSzkA,Re:Re: from NANO-MUGEN FES.2025 - 2025.06.01 at.K-Arena Yokohama,UC3J-txytRWiRtNXrLS95eEw,ASIAN KUNG-FU GENERATION Official YouTube Channel,['Music'],20953,1678,0,91
2025-11-25 18:43:54,2NKK6Mg27XI,ダイアリン エキシビション「返事はテキトー」 | ゼンレスゾーンゼロ,UCt09C9DPSuOGpHoitbcyCIQ,ゼンレスゾーンゼロ-ZZZ-公式,['Gaming'],69761,8020,0,323
2025-11-25 18:43:54,7SoVjT-0Rhw,僕が見たかった青空 / 「カイロに月」Music Video【4K】,UC-_iQWdEZY66nGGaHH0Ygmg,僕が見たかった青空,['Entertainment'],18254,1506,0,218
2025-11-25 18:43:54,UfVkyXaTGcs,【まとめ】ミオしゃを褒めないとスジモンになるフブさんとみこスバの『マリカサバイバル』面白トークまとめ【大空スバル/さくらみこ/白上フブキ/ホロライブ切り抜き】,UCqMRVBz-hhSFRuqlL1guqig,あひるだっく,['Gaming'],153861,4390,0,98
2025-11-25 18:43:54,QRTGKxrKBPM,インビジブル / 歌ってみた【あらき×榊ネス】,UCBhPDpv9JavoPADrZcsAC2A,あらき-ARAKI Official,['Music'],386635,36807,0,971
2025-11-25 18:43:54,PtSwg--FueA,"種族値265の""ディグダ""をナメないでください。普通に３タテされます。【ポケモンSV実況】",UCENoC6MLc4pL-vehJyzSWmg,もこうの実況,['Gaming'],83048,951,0,317
2025-11-25 18:43:54,KDC-EOsNzAg,NCT DREAM 엔시티 드림 'Beat It Up' Dance Practice,UCXURHJRGr4-EB3l87kcbElw,NCT DREAM,['Music'],106059,18353,0,526
2025-11-25 18:43:54,VhzqSrscVP8,【Lobotomy Corporation】都市のキノコにご用心part49【未遭遇アブノマ回収編】【ゆっくり実況】,UC8rk-fIWJXYlSF8tkfG9wWg,天色鮫,['Gaming'],123654,5510,0,392
2025-11-25 18:43:54,0-74AHbFWic,＝LOVE（イコールラブ）/ 19th Single c/w『Queens』リハーサル定点映像 (from 8th ANNIVERSARY PREMIUM TOUR),UCv7VutirxDn3RWIJXI68n_A,＝LOVE（イコールラブ）公式チャンネル,['Entertainment'],133448,11192,0,620
2025-11-24 16:35:26,gSXQd_5ht0E,【DANCE VIDEO】君セン！ / iLiFE! 【振り動画】,UChVflUz2J_jaaqYjXqvpmQA,iLiFE!【あいらいふ】,['Music'],235648,18112,0,923
2025-11-24 16:35:26,vMg1KAFAKiY,'이게 맞아?! 시즌2' Main Trailer,UCLkAepWjdylmXSltofFvsYQ,BANGTANTV,['Music'],405434,100423,0,6224
2025-11-24 16:35:26,jRgzfKDTI7g,超スローになったり超高速になる世界でエンドラ討伐【マイクラ】,UCj4PjeVMnNTHIR5EeoNKPAw,ドズル社,['Gaming'],313485,9147,0,305
2025-11-24 16:35:26,llAI08UYyAw,"Stray Kids ""Do It (Overdrive Version)"" M/V",UCaO6TYtlC8U5ttz62hTrZgg,JYP Entertainment,['Music'],236806,99062,0,5493
2025-11-24 16:35:26,dCmNVtLsYzA,TVSP『アンデッドアンラック』Winter編 メインPV／Undead Unluck |Main Trailer,UCkVvAm5jb62IMIJQj4wPVGA,TMSアニメ公式チャンネル,['Film & Animation'],89309,5568,0,347
2025-11-24 16:35:26,4l9Ni3tjbwM,【#にじ遊戯王祭2025】にじさんじ遊戯王マスターデュエル祭 2025 Day2：敗者復活＆決勝トーナメント,UCX7YkU9nEeaoZbkVLVajcMg,にじさんじ,['Gaming'],1046768,11830,0,107
2025-11-24 16:35:26,ayjRv2g2UqY,ムカつく -another story- feat. 高梨小麻（CV：石見舞菜香）／HoneyWorks,UCAaGaynFpku5cAx6OOSrW-w,HoneyWorks OFFICIAL,['Music'],200344,15600,0,710
2025-11-24 16:35:26,tk9FDjJd6zM,『ストレンジャー・シングス 未知の世界 5』VOL 1 予告編 - Netflix,UCv2ejD5B1xOYtGB2cf80B8g,Netflix Japan,['Entertainment'],11848,323,0,37
2025-11-24 16:35:26,UFozBQrnmII,【桃鉄】今夜は無礼講！4人で新作桃鉄を遊ぶぞおおおおおおおお！！ぺこ！【ホロライブ/兎田ぺこら】,UC1DCedRgGHBdm81E1llLhOQ,Pekora Ch. 兎田ぺこら,['Gaming'],713549,24235,0,356
2025-11-24 16:35:26,yxXNIzrfPNQ,Trap,UC6qVAJzxF5kSN_UUFSdODiQ,MAZZEL - Topic,['Music'],39886,4359,0,628
2025-11-24 16:35:26,6hIKI8RZ1ys,【パチスロ生配信】千葉県ピーアーク千葉駅前店でスマスロ北斗取れた！今日こそはコンプするかも！後半戦！PACHINKO SLOT生放送パチンコパチスロ実戦！11/23,UCOVLrBaOiMH5QDKXTycZ8Pw,やっちゃんの崖っぷちスロパチ生活,['Gaming'],428960,6962,0,16
2025-11-24 16:35:26,kCnD_dMyJ3M,The Bible of The “Eden”,UCZwcUEEjD8RVzB-TAw1ts3g,Eden - Topic,['Music'],27046,1723,0,0
2025-11-24 16:35:26,h09ng9lTOEM,【HD-2D版ドラゴンクエストI＆II】あと2個！残りの紋章も集めにいくぞ！！※ネタバレ注意【胡桃沢りりか】,UCYLp2FLXcqLUZhvrCxQmNIA,胡桃沢りりか,['Gaming'],168901,1506,0,3
2025-11-24 16:35:26,QJpTBz916MI,にっこり^^調査隊のテーマ / まぐねっと部 cover【宝鐘マリン・火威青・しぐれうい・ルンルン】,UCCzUftO8KOVkV4wQG1vkUvg,Marine Ch. 宝鐘マリン,['Entertainment'],820718,95704,0,2691
2025-11-24 16:35:26,oLY17RG3OMI,体調不良で離脱していたk4senが乱入するリアルバックショット【The k4sen Con 2025 DAY 1 Supported by ロリポップ！ for Gamers byGMOペパボ】,UChUjERVG8eKEAJSCef-tTmg,k4sen / かせん,['Gaming'],153596,3077,0,211
2025-11-24 16:35:26,QRTGKxrKBPM,インビジブル / 歌ってみた【あらき×榊ネス】,UCBhPDpv9JavoPADrZcsAC2A,あらき-ARAKI Official,['Music'],293323,33012,0,920
2025-11-24 16:35:26,9XNqe5r8xHI,【#ARCRaiders】ヘイチームアップ【イブラヒム、ローレン】,UCSFCh5NL4qXrAy9u-u2lX3g,Kuzuha Channel,['Gaming'],396841,5772,0,19
2025-11-24 16:35:26,0-74AHbFWic,＝LOVE（イコールラブ）/ 19th Single c/w『Queens』リハーサル定点映像 (from 8th ANNIVERSARY PREMIUM TOUR),UCv7VutirxDn3RWIJXI68n_A,＝LOVE（イコールラブ）公式チャンネル,['Entertainment'],104236,9876,0,581
2025-11-24 16:35:26,dolefeooLzc,誰もが驚く闇がある「回転寿司屋🍣」で働くホラーゲームが怖すぎる【The Sushi House】,UCzXjPL7zo0bxhOYDxLJ9YEg,ポッキー,['Gaming'],168327,3793,0,262
2025-11-24 16:35:26,4oml768wFnk,REAL,UC8eq3M3Yft3FUgxEX6lOZMg,chotokkyu - Topic,['Music'],18717,2437,0,143
2025-11-24 16:35:26,7gDl4S3wB14,超激レアの新しいブレインロット6体全て盗むロブロックス (Roblox),UC9Lx-zRFGfpuls27tNAOIqA,マエスケ,['Gaming'],346068,6961,0,692
2025-11-24 16:35:26,FFXSoSl_lGg,Vaundy LIVE “僕にはどうしてわかるんだろう” 2025.11.16 one man live VAWS hall tour “little punk” at 東京ガーデンシアター,UC1FQWQ3y3-e8l1pCtWhJt5A,Vaundy,['Music'],52150,3485,0,152
2025-11-24 16:35:26,LUQ28DBF7EU,どるぴんが病んでるらしい,UCGjV4bsC43On-YuiLZcfL0w,KUN,['Gaming'],68645,2521,0,224
2025-11-24 16:35:26,tPMkWfK6N-E,[STAGE CLIP] 'Wolf type' ~ 'Feel the Pulse' | ROCK IN JAPAN FESTIVAL 2025 | &TEAM,UCHD1jo5RhijLfx5-0Ehe_cg,&TEAM,['People & Blogs'],67873,7979,0,434
2025-11-24 16:35:26,xZFWSWcQ3As,【#KZHCUP_RUMBLE】真 本間ひまわり爆誕！？シュートさんの指導で生まれ変わるひまち【にじさんじ切り抜き/本間ひまわり/shuto/不破湊/北見遊征/げまじょ】,UCqQNCRSihFHVsXrDikNeYSg,げまじょが好き【にじさんじEXゲマズ切り抜き】,['Gaming'],55620,745,0,55
2025-11-24 16:35:26,tmVYOETfA10,"MAKE IT, BREAK IT",UC3VId8brfshtHO6gMMqnZ5A,FLOW GLOW - Topic,['Music'],10452,1503,0,55
2025-11-24 16:35:26,snH3HQSF7Ew,KONAMIやってくれたなぁ！！大金かけて獲得したバッキーがナックルの弱体化を受けた結果...【プロスピA】# 1755,UCy9GuRXGTm8TliQ-OJ7KwzA,【V.I.P】,['Gaming'],183811,3356,0,622
2025-11-24 16:35:26,5ftlnz91DaM,【MAD】イマジナリー息子,UCkKj-SiKyiFkj_dO1vmY3gA,加藤純一RECORDS,['Entertainment'],75142,5983,0,360
2025-11-24 16:35:26,DOmdfYIPBXE,トゥルトゥルトゥルサフールの都市伝説を検証した結果...マイクラ都市伝説【 マイクラ / マインクラフト 】,UCHazKLThRbMyMFu2bVAKhng,ウォーターチャレンジ,['Gaming'],253846,2538,0,82
2025-11-24 16:35:26,IZ9kqxCDvAs,【期間限定公開】M!LK - 好きすぎて滅！(from CDTVライブ！ライブ！),UCFvSFbT8okMrpuFxBEIB2lg,M!LK,['Music'],487113,24959,0,1725
2025-11-24 16:35:26,24VDsNgWNfw,月曜ガチャ更新引くぞ配信【eFootballアプリ2026/イーフト】,UCKU0SVkIPRqwiZaXJ9rXhdw,シュート。,['Gaming'],72773,407,0,1
2025-11-24 16:35:26,IcWvUlwcKAI,A.B.C-Z / BEST OF A.B.C-Z-COUPLING BEST-,UC-ifW8mHzfsZVGHY8vxqrjA,A.B.C-Z,['Entertainment'],2415,877,0,76
2025-11-24 16:35:26,m0HhR1k9JEw,【24時間耐久残り】年内1兆へ…ポケモンピンボールRS / 24h Pokémon Pinball　#ポケモンピンボール #ポケモン　#shorts,UC0ux2IFOXkj6ifQ4aSs9l7Q,大月【おおつき】,['Gaming'],86553,200,0,3
2025-11-24 16:35:26,lUHLwBOY04I,【崩壊：スターレイル】零光 | 宮野真守 / EVAKOI - HoYoFair,UCHzevlEL9JfsBIm86uNCJqg,宮野真守,['Music'],86759,10678,0,247
2025-11-24 16:35:26,VXsWwTTgt78,【 🔴同時視聴 】#FLOWGLOW  の3Dライブを一緒に楽しもう！🌽🍙【 #にゃんぐこーん/ホロライブ 】,UCvaTdHTWBGv3MKj3KVqJVCw,Okayu Ch. 猫又おかゆ,['Entertainment'],244586,11525,0,64
2025-11-24 16:35:26,6L7xTio0QyY,【MV】AIM&RHYME / りうら【FAKE TYPE.書き下ろし】,UCBuLdF0tQn5oZjpvYWSQkaA,Liura Channel,['Entertainment'],21050,4304,0,438
2025-11-24 16:35:26,BT4XRgmCjjQ,【PUACL2026日本リーグ】Day1 | Pokémon UNITE Asia Champions League 2026 JAPAN League | ポケモンユナイト A配信,UCvo8JUqHh2d1QGnK3LKyI4Q,ポケモンユナイト公式チャンネル,['Gaming'],195566,,0,18
2025-11-24 16:35:26,DG4ax7ec64o,クラシックを弾くと思っている海外の観客にマリオを弾いちゃうピアニストwww,UC_DopZ9OANqNGho0wFwADqA,けいちゃん / Keichan,['Music'],372927,4823,0,242
2025-11-24 16:35:26,QebVV6D641k,よしなまが作ったゲーム「マモンキング」PVを見る加藤純一【2025/11/22】,UCH-lygWpHodDff3iQurnWnQ,加藤純一切り抜き集,['Entertainment'],155296,866,0,582
2025-11-24 16:35:26,xcqjxAXsbHU,BUMP OF CHICKEN「I」,UCOfESRUR5duQ2hMnTQ4oqhA,BUMP OF CHICKEN,['Music'],429805,24789,0,1109
2025-11-24 16:35:26,oslNxV_8Q2c,【Minecraft】ラムベガスで儲かる方法‼ 施設作りにいくにぇ！！！！！！！！【ホロライブ/さくらみこ】,UC-hM6YJuNYVAmUWxeIr9FeA,Miko Ch. さくらみこ,['Gaming'],239623,10292,0,113
2025-11-24 16:35:26,I9U5JRfZ4bA,【戦極MC】ヘッズ選ぶBEST BOUT TOP30 バース集【総票数1800票】,UC15ebOqdhmvl1eb0s0jk5aw,戦極MCBATTLE,['Music'],18471,660,0,109
2025-11-24 16:35:26,_6xcFXlJcX8,【面白まとめ】ジップライン突撃に味を占めジッパーズを結成する葛葉達【にじさんじ/切り抜き/ARC】,UCMGvmEqkVbl372DCyn3NLAw,【吹いたら負け】葛葉先生のしくじり【切り抜き】,['Gaming'],64796,769,0,23
2025-11-24 16:35:26,wUGh03rLZbY,【スマブラSP】ついにガノン以外も解禁！いろいろなチームの即死を開拓してみた！【ガノンドロフ+αチームゆっくり実況part30】,UCyTaStlK0neSuKveYOIioaw,ぐんぐにるチャンネル,['Gaming'],44580,2160,0,187
2025-11-24 16:35:26,sgi_eji-ysM,【ArcRaiders】イブラヒムと葛葉とドンシュー【にじさんじ/ローレン・イロアス】,UCgmFrRcyH7d1zR9sIVQhFow,ローレン・イロアス / Lauren Iroas【にじさんじ】,['Gaming'],251428,5242,0,61
2025-11-24 16:35:26,4-6IONBWRMQ,KZHCUPの顔合わせでコーチ陣の格付けマッチ開催!!試合を通してバーンアウトがいかにダメかを教え込む立川【伊波ライ/小柳ロウ/神田笑一/にじさんじ】【立川/CR/スト6】,UCRDJ3DN-6ND_a4LSJ35L91A,立川ちゃんねる,['Gaming'],75772,1340,0,30
2025-11-24 16:35:26,UF4n5zmzx9A,普段下手くその中身がエンドラRTAガチ勢だった時いつバレるのか？ドッキリ！,UCDbUUremwf8k1x1GTYfB1Ng,ニート部クラフト,['Gaming'],121670,3620,0,216
2025-11-24 16:35:26,KO6gxf8vXJQ,【アセットコルサ】祝日は追い越し車線塞ぐ奴が多すぎる煽られても仕方ないやろ#shorts,UCtyXllCXnTAg4rjfI3UwIgA,しょうちゃんネル,['Gaming'],25507,545,0,1
2025-11-24 16:35:26,uOZRP1-dvhA,【桃鉄】無礼講桃鉄でちんこ料理屋の物件名に気付きときのそらに言わせようとするぺこらとねねちｗ【ホロライブ切り抜き/兎田ぺこら/大空スバル/ときのそら/桃鈴ねね】,UCrKna8EQAd7NPRYq-gIsuow,ホロライ部【ホロライブ切り抜き】,['Gaming'],97809,1184,0,108
2025-11-24 16:35:26,oVwGURkvEq4,直近10日で50万溶けてるパチスロという神ゲー　そろそろ勝てるべき【夜勤明け 実践 1504】,UCOXOcEbERAwGlE4ig9MaLSQ,夜勤明けパチンコパチスロ実践記,['Entertainment'],109938,1537,0,601
2025-11-26 19:49:34,XILnJKGc0yo,INI｜'U MINE' Performance Video,UCc-itdQHxLvUlPrDxIiSJrA,INI,['Entertainment'],182004,19208,0,3366
2025-11-26 19:49:34,vIUORnIS_ug,ELDEN RING NIGHTREIGN The Forsaken Hollows | Scholar Character Trailer,UC_ntXHv-XdKCD7CPynVvnQw,Bandai Namco Entertainment America,['Gaming'],280780,12879,0,983
2025-11-26 19:49:34,dIPZHyTBFz0,『ドラゴンクエストウォーク』の新情報をお届け「スマートウォーク」#131,UCtceiniicYEsbAVuWy-Bi0Q,ドラゴンクエストウォーク公式,['Gaming'],101949,1534,0,206
2025-11-26 19:49:34,b9z3Iaz5Zrc,ヤングスキニー - るっせぇ女【Official Music Video】,UCcg_rvE-fU2tATMwBAxW9bA,ヤングスキニー,['Music'],57674,4208,0,261
2025-11-26 19:49:34,SnCG-_lf74w,今までで一番怖いスーパーマーケット経営『 HELLMART 』,UCMJiPpN_09F0aWpQrgbc_qg,キヨ。,['Gaming'],644061,19465,0,965
2025-11-26 19:49:34,G36amiUCkXU,Juice=Juice『盛れ！ミ・アモーレ』(Concert 2025 Queen of Hearts Special Flush),UC6FadPgGviUcq6VQ0CEJqdQ,Juice=Juice,['Music'],353251,25692,0,4636
2025-11-26 19:49:34,kSmHmdAnDYc,【原神】限定★５「ドゥリン」は強いのか？先行解説します。性能/武器/聖遺物/PT編成/凸orモチーフ…全てが分かる！,UCjJmYy279ehSYSwR1A3fXtA,マグロヘッド,['Gaming'],87555,3981,0,568
2025-11-26 19:49:34,TVqEwvbZP30,RIIZE 라이즈 'Fame' MV,UCEf_Bc-KVd7onSeifS3py9g,SMTOWN,['Music'],2521383,101783,0,9143
2025-11-26 19:49:34,eLCjlEYBN3U,課金しまくって放射性ラッキーブロックを100個開けるロブロックス (Roblox),UC9Lx-zRFGfpuls27tNAOIqA,マエスケ,['Gaming'],110953,7826,0,706
2025-11-26 19:49:34,x_RYZsOfpKY,ILLIT (아일릿) 'NOT CUTE ANYMORE’ Official MV,UC3IZKseVpdzPSBaWxBxundA,HYBE LABELS,['Music'],7274318,279773,0,17283
2025-11-26 19:49:34,xjUPVppl1DI,4人で協力して本格的な殺人事件を解決に導く『The Case of the Golden Idol』,UCPVr7clenPjpD7WNsSI3UBQ,レトルト,['Gaming'],470375,9332,0,402
2025-11-26 19:49:34,JkKNqaEl9Aw,"NEXZ(넥스지) ""Legacy"" Performance Video",UCaO6TYtlC8U5ttz62hTrZgg,JYP Entertainment,['Music'],126934,17820,0,1659
2025-11-26 19:49:34,miySB69T1xw,隠れる場所から作れ！大人たちのガチかくれんぼ【マイクラ】,UCj4PjeVMnNTHIR5EeoNKPAw,ドズル社,['Gaming'],386049,11767,0,451
2025-11-26 19:49:34,ScutqxM3z_s,Hi-STANDARD - Our Song - OFFICIAL MUSIC VIDEO,UCrQUlOEbu-0T0l4DAcBEeIg,pizzaofdeathofficial,['Music'],129327,7123,0,420
2025-11-26 19:49:34,DyINvuS9P34,最強のマシンを進化させるマインクラフト【 マイクラ / マインクラフト 】,UCHazKLThRbMyMFu2bVAKhng,ウォーターチャレンジ,['Gaming'],71750,1613,0,41
2025-11-26 19:49:34,b1OwvLh8HnU,FMP,UCMR5xpbhv3jzIQG1TOTg-Jg,B'z - Topic,['Music'],10906,269,0,7
2025-11-26 19:49:34,2j2jXv6Juxc,初心者 vs. プロ：最強のピリジャー刑務所作り対決,UCM3yhFc0-fBFuvqx1Vg2YNQ,まいぜんシスターズ,['Gaming'],47650,1319,0,40
2025-11-26 19:49:34,CZP11p3DklQ,軌跡,UC8_Ag6BVp43Vmrx6eillK9g,Vaundy - Topic,['Music'],62106,2583,0,119
2025-11-26 19:49:34,Em805jfRVXs,唯一無二すぎるプレイヤーと対戦し、そのスタイルに感動すら覚えるカワノ【スト6】,UCzRzPAT-AjlPyec5yXG974g,カワノKawano,['Gaming'],165977,3744,0,465
2025-11-26 19:49:34,kux5GmbZhVg,メロリ,UCpYHkc4rzWEW7iVXIyxQebA,Hey! Say! JUMP - Topic,['Music'],8967,668,0,14
2025-11-26 19:49:34,ST05E_5kn2E,負けたら自身の全財産公開を賭けた通帳カスタムで勝ったのは・・・【The k4sen Con 2025 DAY 3 Supported by ロリポップ！ for Gamers byGMOペパボ】,UChUjERVG8eKEAJSCef-tTmg,k4sen / かせん,['Gaming'],218604,4290,0,310
2025-11-26 19:49:34,Kc7TkgWiWrc,Kiseki No Younakoto,UCof7dOTnyxaidkKkcIFuflQ,Mone Kamishiraishi - Topic,['Music'],18707,776,0,32
2025-11-26 19:49:34,Bj6tJxDPzoY,みんなでパンを作って1か所に合流しよう!!(ただし100人に邪魔されながら)【マインクラフト】,UClNdVSK1uy2xFHTaXZYXopw,らっだぁ,['Gaming'],48459,4291,0,184
2025-11-26 19:49:34,7bqePXphj2g,乃木坂46『夢の匂い』MUSIC VIDEO,UCUzpZpX2wRYOk3J8QTFGxDg,乃木坂46 OFFICIAL YouTube CHANNEL,['Music'],236721,17453,0,1504
2025-11-26 19:49:34,qUgLxkENl6c,おかんの家は24時間後に消えます【まいくら / マインクラフト】,UCJy7zfLsKBXoo2soFMum7JQ,あかさかの箱,['Gaming'],41043,4931,0,273
2025-11-26 19:49:34,dx4XsqUGm10,MAZZEL / Only You -Dance Practice-,UCMF_5h2OejEhVorTB02UUSg,MAZZEL,['Music'],175503,17701,0,1333
2025-11-26 19:49:34,nzbbL07maKA,【Among Us#304】ここが地獄ですか？超波動砲にロケットに人外が跋扈するアモングアス【ゆっくり実況】,UCy0DH4rgPPjDWVZO7wibcSQ,めめんともり,['Gaming'],42566,4409,0,213
2025-11-26 19:49:34,vQpF9mIiYFU,LALALA (Baby it takes two),UC3NrSfe_yR5XX9zGFxYoV1Q,HIRAIDAI - Topic,['Music'],7756,246,0,22
2025-11-26 19:49:34,dmBAMwBBxoM,いいんですか？こんな神イベント｜ポケモンZA #19,UCMzLWawc9x3rUsqYDEfgqzA,ジャック・オ・蘭たん,['Gaming'],120395,4122,0,367
2025-11-26 19:49:34,JrI4_jUZe98,SEVENTEEN | THE SMURFS (세븐틴 | 스머프) Ver. '음악의 신' Official MV,UCfkXDY7vwkcJ8ddFGz8KusA,SEVENTEEN,['Music'],296550,55285,0,1990
2025-11-26 19:49:34,1wRkbauiGU8,２年前に舐めた女 vs ２年間舐められてた男の裁判を開幕します 懐クラフト #13,UCoQhX2O93MVTWfgIz-8wOmg,KUNの50人クラフト,['Gaming'],43276,1651,0,110
2025-11-26 19:49:34,I52yC34Ji2k,YENA「STAR! (feat. Hatsune Miku)」 Music Video,UC4YT50DP7hbMsor8FmyEPMw,Victor Entertainment,['Music'],160387,28065,0,1209
2025-11-26 19:49:34,fiSsGbfus6I,うんこちゃんのイナズマイレブン 英雄たちのヴィクトリーロード 実況プレイPart4※ネタバレ注意,UCx1nAvtVDIsaGmCMSe8ofsQ,加藤純一【jun channel】,['Gaming'],259797,1957,0,1185
2025-11-26 19:49:34,Gln8wDtITJ4,Kay-on - SHIN GODZILLA (Official Video),UCdszfKemUn36sOEplfkiGVQ,GPV LABEL,['Music'],33868,2421,0,197
2025-11-26 19:49:34,hn17tmdaAzQ,「ストリートファイターリーグ: Pro-JP 2025」Division F 第10節　☆☆18時40分より初心者必見！SFリーグ: ウォームアップ☆☆,UCu2Fxqf37DAZ0ZhIsd1FZwA,Capcom Fighters JP,['Gaming'],684426,6457,0,97
2025-11-26 19:49:34,j-8vLi2sMg0,【歌ってみた】星の消えた夜に / covered by Nornis【戌亥とこ/町田ちま/にじさんじ】,UCxWcO9CLti4uouUIS5IIF-Q,Nornis,['Music'],51092,5729,0,78
2025-11-26 19:49:34,3-caLm2c1XI,これがエスペランサの財宝だ！！【龍が如く８外伝 Pirates in Hawaii】＃４３,UCZMRuagdTBKmmrFtSMN48Xw,牛沢,['Gaming'],36057,2011,0,305
2025-11-26 19:49:34,4Xt_hR0KNvY,IS:SUE (イッシュ) 'Super Luna' Performance Video,UCqKNMJ5s_vsf7WkesdBrvQA,IS:SUE,['Music'],139255,11677,0,2214
2025-11-26 19:49:34,_o05ucPBD7g,新しいシークレットレア『ドラドラゴン』が強すぎたブレインロットタワーディフェンス【 ロブロックス Roblox 】,UC3ruCdV7xnwAbpkW9tQq-6A,のーわん【NoOnE】,['Gaming'],32170,964,0,57
2025-11-26 19:49:34,vQ_NFqtGDgo,Aiobahn & TAK feat. 初音ミク - DIVA (Official Music Video),UC9qSqkNFiByKzzoxT3Cydyw,Aiobahn,['Music'],91672,18120,0,763
2025-11-26 19:49:34,Rc8f268ueOE,加藤純一のマリオカートワールドダイジェスト マリオ王への道【2025/11/24】,UCZetZElUvdElPrcstRjl9DA,加藤純一ロードショー,['Gaming'],156995,1673,0,386
2025-11-26 19:49:34,6oS55kztPlE,Crush,UC6H_7uSepAzrlayBjAb9rrg,WurtS - Topic,['Music'],11536,875,0,26
2025-11-26 19:49:34,Caa-UHhl8Gw,消えると連絡がきた参加勢について（ガチ）,UCGjV4bsC43On-YuiLZcfL0w,KUN,['Gaming'],58241,2125,0,178
2025-11-26 19:49:34,gSXQd_5ht0E,【DANCE VIDEO】君セン！ / iLiFE! 【振り動画】,UChVflUz2J_jaaqYjXqvpmQA,iLiFE!【あいらいふ】,['Music'],534604,22667,0,1030
2025-11-26 19:49:34,z-aco1hi0Iw,新キャラくま＆ボニー100レべフルブ初見リーグ！最強火力のワンパンし放題！【バウンティラッシュ】,UCdkVEDVAW5aFmA-Mkz0lAFQ,ひたまゆ。,['Gaming'],145263,1675,0,257
2025-11-26 19:49:34,eHmQ_b0LkUA,"Stray Kids ""Do It (Turbo Version)"" Lyric Visualizer",UC9rMiEjNaCSsebs31MRDCRA,Stray Kids,['Music'],384823,86858,0,3219
2025-11-26 19:49:34,55xYiuSAp5c,【#ARCRaidersからスレスパ】遠征視野からカードゲーム【Slay the spyer】,UCSFCh5NL4qXrAy9u-u2lX3g,Kuzuha Channel,['Gaming'],289590,4532,0,14
2025-11-26 19:49:34,v55qDr_jJFA,「レイン・ガール (New Recording) 」佐野元春 & The Coyote Band,UCS57xc1Bf-znC9_ouCc3SZw,佐野元春 - DaisyMusic,['Music'],13134,1308,0,91
2025-11-26 19:49:34,BFaHdJVDmXY,『鳴潮』特別映像丨スペーストレック・コレクティブ スタートーチ学園,UCGc93NguHRwzv1Rw9MyIcxQ,鳴潮 (Wuthering Waves)公式,['Gaming'],46768,3473,0,149
2025-11-26 19:49:34,BM13CSsDrV8,ココロ・アストロノーツ,UCtwTCZuQkTIwUf5m9mlZnOQ,Release - Topic,['Music'],7088,364,0,0
2025-11-26 12:41:48,XILnJKGc0yo,INI｜'U MINE' Performance Video,UCc-itdQHxLvUlPrDxIiSJrA,INI,['Entertainment'],156476,18339,0,3229
2025-11-26 12:41:48,vIUORnIS_ug,ELDEN RING NIGHTREIGN The Forsaken Hollows | Scholar Character Trailer,UC_ntXHv-XdKCD7CPynVvnQw,Bandai Namco Entertainment America,['Gaming'],240851,12056,0,950
2025-11-26 12:41:48,SnCG-_lf74w,今までで一番怖いスーパーマーケット経営『 HELLMART 』,UCMJiPpN_09F0aWpQrgbc_qg,キヨ。,['Gaming'],511592,16879,0,878
2025-11-26 12:41:48,b9z3Iaz5Zrc,ヤングスキニー - るっせぇ女【Official Music Video】,UCcg_rvE-fU2tATMwBAxW9bA,ヤングスキニー,['Music'],37527,3249,0,237
2025-11-26 12:41:48,xjUPVppl1DI,4人で協力して本格的な殺人事件を解決に導く『The Case of the Golden Idol』,UCPVr7clenPjpD7WNsSI3UBQ,レトルト,['Gaming'],398174,8406,0,365
2025-11-26 12:41:48,G36amiUCkXU,Juice=Juice『盛れ！ミ・アモーレ』(Concert 2025 Queen of Hearts Special Flush),UC6FadPgGviUcq6VQ0CEJqdQ,Juice=Juice,['Music'],320819,24944,0,4474
2025-11-26 12:41:48,miySB69T1xw,隠れる場所から作れ！大人たちのガチかくれんぼ【マイクラ】,UCj4PjeVMnNTHIR5EeoNKPAw,ドズル社,['Gaming'],298768,10149,0,415
2025-11-26 12:41:48,TVqEwvbZP30,RIIZE 라이즈 'Fame' MV,UCEf_Bc-KVd7onSeifS3py9g,SMTOWN,['Music'],1802117,98891,0,8712
2025-11-26 12:41:48,ST05E_5kn2E,負けたら自身の全財産公開を賭けた通帳カスタムで勝ったのは・・・【The k4sen Con 2025 DAY 3 Supported by ロリポップ！ for Gamers byGMOペパボ】,UChUjERVG8eKEAJSCef-tTmg,k4sen / かせん,['Gaming'],189473,3803,0,291
2025-11-26 12:41:48,x_RYZsOfpKY,ILLIT (아일릿) 'NOT CUTE ANYMORE’ Official MV,UC3IZKseVpdzPSBaWxBxundA,HYBE LABELS,['Music'],6853513,271058,0,16959
2025-11-26 12:41:48,fiSsGbfus6I,うんこちゃんのイナズマイレブン 英雄たちのヴィクトリーロード 実況プレイPart4※ネタバレ注意,UCx1nAvtVDIsaGmCMSe8ofsQ,加藤純一【jun channel】,['Gaming'],234321,1859,0,1151
2025-11-26 12:41:48,ScutqxM3z_s,Hi-STANDARD - Our Song - OFFICIAL MUSIC VIDEO,UCrQUlOEbu-0T0l4DAcBEeIg,pizzaofdeathofficial,['Music'],109835,6390,0,388
2025-11-26 12:41:48,dmBAMwBBxoM,いいんですか？こんな神イベント｜ポケモンZA #19,UCMzLWawc9x3rUsqYDEfgqzA,ジャック・オ・蘭たん,['Gaming'],95922,3566,0,339
2025-11-26 12:41:48,JkKNqaEl9Aw,"NEXZ(넥스지) ""Legacy"" Performance Video",UCaO6TYtlC8U5ttz62hTrZgg,JYP Entertainment,['Music'],84188,15532,0,1510
2025-11-26 12:41:48,hn17tmdaAzQ,「ストリートファイターリーグ: Pro-JP 2025」Division F 第10節　☆☆18時40分より初心者必見！SFリーグ: ウォームアップ☆☆,UCu2Fxqf37DAZ0ZhIsd1FZwA,Capcom Fighters JP,['Gaming'],669122,6357,0,83
2025-11-26 12:41:48,7bqePXphj2g,乃木坂46『夢の匂い』MUSIC VIDEO,UCUzpZpX2wRYOk3J8QTFGxDg,乃木坂46 OFFICIAL YouTube CHANNEL,['Music'],225141,16968,0,1477
2025-11-26 12:41:48,z-aco1hi0Iw,新キャラくま＆ボニー100レべフルブ初見リーグ！最強火力のワンパンし放題！【バウンティラッシュ】,UCdkVEDVAW5aFmA-Mkz0lAFQ,ひたまゆ。,['Gaming'],136682,1623,0,254
2025-11-26 12:41:48,dx4XsqUGm10,MAZZEL / Only You -Dance Practice-,UCMF_5h2OejEhVorTB02UUSg,MAZZEL,['Music'],164373,17365,0,1313
2025-11-26 12:41:48,CvGT2o7-_ZA,【 DARK SOULS: REMASTERED 】ナイトレインDLCまでに深淵歩きアルトリウスに会いに行く。王覇山、因縁のアノール・ロンドへ。（ 人間性を捧げよ ）【 にじさんじ┊︎葉山舞鈴 】,UCfipDDn7wY-C-SoUChgxCQQ,葉山舞鈴 / Ohayama Ch.,['Gaming'],78376,1520,0,7
2025-11-26 12:41:48,CZP11p3DklQ,軌跡,UC8_Ag6BVp43Vmrx6eillK9g,Vaundy - Topic,['Music'],34609,1879,0,99
2025-11-26 12:41:48,fCDvm0Y3qkw,【 GTAV 】歌鬼ごっこ‼１曲歌い終わるまでリスナーから逃げ切れええええええええ‼🔥【ホロライブ/さくらみこ】,UC-hM6YJuNYVAmUWxeIr9FeA,Miko Ch. さくらみこ,['Gaming'],278326,14980,0,154
2025-11-26 12:41:48,kux5GmbZhVg,メロリ,UCpYHkc4rzWEW7iVXIyxQebA,Hey! Say! JUMP - Topic,['Music'],4699,465,0,13
2025-11-26 12:41:48,A3Ki9cI9T9w,任天堂とファンが激怒...新作エアライダーにコックカワサキマイクロビキニという謎のミームが登場して海外でもニュースに/コエテクさんがライザのASMRを販売して爆売れ/チーターを晒し首にした運営が話題に,UCWvr04hMa4k4wSilYcQ4qoA,キャベツの人【ゲーム紹介】,['Gaming'],80753,1980,0,507
2025-11-26 12:41:48,b1OwvLh8HnU,FMP,UCMR5xpbhv3jzIQG1TOTg-Jg,B'z - Topic,['Music'],5637,190,0,7
2025-11-26 12:41:48,ITQYMtkP23E,【パチスロ生配信】前日出てるラス1ヴヴヴ2で勝負っ!!【革命機ヴァルヴレイヴ2】,UCdCC1L_OxLrkoEjR19iXpRw,パチスロードch,['Entertainment'],289984,1383,0,0
2025-11-26 12:41:48,JrI4_jUZe98,SEVENTEEN | THE SMURFS (세븐틴 | 스머프) Ver. '음악의 신' Official MV,UCfkXDY7vwkcJ8ddFGz8KusA,SEVENTEEN,['Music'],216204,43767,0,1795
2025-11-26 12:41:48,Rc8f268ueOE,加藤純一のマリオカートワールドダイジェスト マリオ王への道【2025/11/24】,UCZetZElUvdElPrcstRjl9DA,加藤純一ロードショー,['Gaming'],113579,1428,0,349
2025-11-26 12:41:48,j-8vLi2sMg0,【歌ってみた】星の消えた夜に / covered by Nornis【戌亥とこ/町田ちま/にじさんじ】,UCxWcO9CLti4uouUIS5IIF-Q,Nornis,['Music'],41296,5080,0,76
2025-11-26 12:41:48,aHKMl9HVqZQ,究極の財宝【龍が如く８外伝 Pirates in Hawaii】＃４２,UCZMRuagdTBKmmrFtSMN48Xw,牛沢,['Gaming'],111159,3692,0,324
2025-11-26 12:41:48,4Xt_hR0KNvY,IS:SUE (イッシュ) 'Super Luna' Performance Video,UCqKNMJ5s_vsf7WkesdBrvQA,IS:SUE,['Music'],129023,11152,0,2115
2025-11-26 12:41:48,xx3ZTvOhNoM,【#8】ゼルダの伝説 神々のトライフォース：The Legend of Zelda: A Link to the Past【ホロライブ/大空スバル】,UCvzGlP9oQwU--Y0r9id_jnA,Subaru Ch. 大空スバル,['Gaming'],209249,7869,0,60
2025-11-26 12:41:48,Gln8wDtITJ4,Kay-on - SHIN GODZILLA (Official Video),UCdszfKemUn36sOEplfkiGVQ,GPV LABEL,['Music'],29368,2065,0,174
2025-11-26 12:41:48,6ixvIIIxwlk,【深夜にパチ配信】東京グールとかのかりとエヴァ15って本当に継続率合ってる？生実践LIVE！パチスロパチンコライブ,UCDhOdoqPxv96djR3tSq9NoA,ショコラ大佐の秘密基地,['Entertainment'],103990,1069,0,0
2025-11-26 12:41:48,Kc7TkgWiWrc,Kiseki No Younakoto,UCof7dOTnyxaidkKkcIFuflQ,Mone Kamishiraishi - Topic,['Music'],8988,538,0,27
2025-11-26 12:41:48,iKVcCmyqoik,『刀剣乱舞ONLINE』新刀剣男士 三郎国宗(さぶろうくにむね) 登場！,UC56x--_QtyaWD1QptYrPMqA,刀剣乱舞 公式チャンネル,['Gaming'],74964,5333,0,204
2025-11-26 12:41:48,I52yC34Ji2k,YENA「STAR! (feat. Hatsune Miku)」 Music Video,UC4YT50DP7hbMsor8FmyEPMw,Victor Entertainment,['Music'],89976,18791,0,926
2025-11-26 12:41:48,e0okJjgNTl0,【今年−294万】エヴァンゲリオン未来への咆哮パチンコライブ配信,UCYe_uTI6X6mm9qaXm8iWFDg,ノッチ配信者パチンコライブ,['Entertainment'],291570,2708,0,6
2025-11-26 12:41:48,eHmQ_b0LkUA,"Stray Kids ""Do It (Turbo Version)"" Lyric Visualizer",UC9rMiEjNaCSsebs31MRDCRA,Stray Kids,['Music'],358352,84236,0,3189
2025-11-26 12:41:48,NkHjY_EaCgY,遂に完成した歴代最強マンチェスターユナイテッドスカッドが強すぎて魔王【eFootball2026アプリ】,UC070fhnqq38qNhqHm5rxTcQ,令和ちゃんねる,['Gaming'],81654,1436,0,89
2025-11-26 12:41:48,gSXQd_5ht0E,【DANCE VIDEO】君セン！ / iLiFE! 【振り動画】,UChVflUz2J_jaaqYjXqvpmQA,iLiFE!【あいらいふ】,['Music'],504022,22219,0,1025
2025-11-26 12:41:48,Gth1zEFH2TM,タグNXで『もあ』『B!KZO』とプルス戦に挑むNX☆くさあん【切り抜き】【マリオカート ワールド】,UCL7VEatXa9yBCKeM-ww8TnA,NX☆くさあん,['Gaming'],80637,1822,0,49
2025-11-26 12:41:48,0GICIe0Tgf8,DIGITAL LOVE,UC6H_7uSepAzrlayBjAb9rrg,WurtS - Topic,['Music'],6143,640,0,23
2025-11-26 12:41:48,BsyEN86cR0U,プロジェクトセカイ プロセカ放送局 #26,UCdMGYXL38w6htx6Yf9YJa-w,プロジェクトセカイ カラフルステージ! feat. 初音ミク,['Gaming'],228065,7156,0,69
2025-11-26 12:41:48,vQpF9mIiYFU,LALALA (Baby it takes two),UC3NrSfe_yR5XX9zGFxYoV1Q,HIRAIDAI - Topic,['Music'],3820,180,0,21
2025-11-26 12:41:48,Zvh5BE2Guik,【ARC Raiders】Imagine / 想像してごらん【ホロライブ/兎田ぺこら】,UC1DCedRgGHBdm81E1llLhOQ,Pekora Ch. 兎田ぺこら,['Gaming'],247341,10697,0,175
2025-11-26 12:41:48,vQ_NFqtGDgo,Aiobahn & TAK feat. 初音ミク - DIVA (Official Music Video),UC9qSqkNFiByKzzoxT3Cydyw,Aiobahn,['Music'],62312,14095,0,638
2025-11-26 12:41:48,DSPV0RT3BJI,超ドラゴンクエストXTV #55 バージョン7.6[前期]最新情報,UC6SmH9mR82nj28_NNg_rZvA,スクウェア・エニックス,['Gaming'],70878,,0,
2025-11-26 12:41:48,v55qDr_jJFA,「レイン・ガール (New Recording) 」佐野元春 & The Coyote Band,UCS57xc1Bf-znC9_ouCc3SZw,佐野元春 - DaisyMusic,['Music'],8582,1009,0,74
2025-11-26 12:41:48,6kWw9Nn4dIY,【Shadow Corridor】三姉妹ホラーゲーム実況【第二夜 -ヒグラシの回廊-】,UCAWxPGGuIfWME2KTLUmSCHw,ぱかチューブっ!【ウマ娘公式】,['Gaming'],92688,5108,0,311
2025-11-26 12:41:48,NIGA89HGTBU,'Talk to You' Performance Video | NO LABELS: PART 01 | 연준 (YEONJUN),UCtiObj3CsEAdNU6ZPWDsddQ,TOMORROW X TOGETHER OFFICIAL,['Music'],620676,17743,0,855
2025-11-25 06:33:42,TVqEwvbZP30,RIIZE 라이즈 'Fame' MV,UCEf_Bc-KVd7onSeifS3py9g,SMTOWN,['Music'],737490,75205,0,6123
2025-11-25 06:33:42,vMg1KAFAKiY,'이게 맞아?! 시즌2' Main Trailer,UCLkAepWjdylmXSltofFvsYQ,BANGTANTV,['Music'],760467,144576,0,8040
2025-11-25 06:33:42,koeM_jz4CdM,超巨大な火山を削りきるまで終われません！【マイクラ】,UCj4PjeVMnNTHIR5EeoNKPAw,ドズル社,['Gaming'],251326,10750,0,1184
2025-11-25 06:33:42,x_RYZsOfpKY,ILLIT (아일릿) 'NOT CUTE ANYMORE’ Official MV,UC3IZKseVpdzPSBaWxBxundA,HYBE LABELS,['Music'],3832403,195578,0,13255
2025-11-25 06:33:42,dCmNVtLsYzA,TVSP『アンデッドアンラック』Winter編 メインPV／Undead Unluck |Main Trailer,UCkVvAm5jb62IMIJQj4wPVGA,TMSアニメ公式チャンネル,['Film & Animation'],142912,7754,0,439
2025-11-25 06:33:42,-3TOkp_6gRQ,【#にじ遊戯王祭2025】にじさんじ遊戯王マスターデュエル祭 2025 Day3：星巡り杯 ～銀河の織姫決戦～,UCX7YkU9nEeaoZbkVLVajcMg,にじさんじ,['Gaming'],468203,9022,0,67
2025-11-25 06:33:42,G36amiUCkXU,Juice=Juice『盛れ！ミ・アモーレ』(Concert 2025 Queen of Hearts Special Flush),UC6FadPgGviUcq6VQ0CEJqdQ,Juice=Juice,['Music'],127466,17291,0,3138
2025-11-25 06:33:42,ygIwtR2txaw,キモい顔を爆発させるバケモンに初見殺しされるらっだぁ【R.E.P.O.】,UClNdVSK1uy2xFHTaXZYXopw,らっだぁ,['Gaming'],172880,7759,0,230
2025-11-25 06:33:42,llAI08UYyAw,"Stray Kids ""Do It (Overdrive Version)"" M/V",UCaO6TYtlC8U5ttz62hTrZgg,JYP Entertainment,['Music'],1320919,263889,0,9350
2025-11-25 06:33:42,ex7ieF2B09A,男たちが最後の1人になるまで騙し合うREAL Liar's Bar【The k4sen Con 2025 DAY 2 Supported by ロリポップ！ for Gamers byGMOペパボ】,UChUjERVG8eKEAJSCef-tTmg,k4sen / かせん,['Gaming'],126854,2282,0,119
2025-11-25 06:33:42,dx4XsqUGm10,MAZZEL / Only You -Dance Practice-,UCMF_5h2OejEhVorTB02UUSg,MAZZEL,['Music'],82589,13128,0,1077
2025-11-25 06:33:42,qJvjFBhQ6vQ,一人で無限に攻めてくる敵を迎え撃つゲーム,UChn5TjkeEqd-JxzizMVSkOw,ハヤトの野望,['Gaming'],96260,1616,0,50
2025-11-25 06:33:42,gSXQd_5ht0E,【DANCE VIDEO】君セン！ / iLiFE! 【振り動画】,UChVflUz2J_jaaqYjXqvpmQA,iLiFE!【あいらいふ】,['Music'],325517,20237,0,971
2025-11-25 06:33:42,4Ddbjkyy2C0,【深夜にパチ配信】東京グールとかのかりとエヴァ15を全力生実践LIVE！パチスロパチンコライブ,UCDhOdoqPxv96djR3tSq9NoA,ショコラ大佐の秘密基地,['Entertainment'],118319,840,0,0
2025-11-25 06:33:42,7bqePXphj2g,乃木坂46『夢の匂い』MUSIC VIDEO,UCUzpZpX2wRYOk3J8QTFGxDg,乃木坂46 OFFICIAL YouTube CHANNEL,['Music'],68944,8979,0,974
2025-11-25 06:33:42,GxXpkps21Kc,最終回？【 ポケモンルビー 】チャンピオンダイゴ戦🔥みこちと金コイ伝説～最弱からみんなで最強に育てる旅～【ホロライブ/さくらみこ】,UC-hM6YJuNYVAmUWxeIr9FeA,Miko Ch. さくらみこ,['Gaming'],278065,12457,0,151
2025-11-25 06:33:42,4Xt_hR0KNvY,IS:SUE (イッシュ) 'Super Luna' Performance Video,UCqKNMJ5s_vsf7WkesdBrvQA,IS:SUE,['Music'],52914,6982,0,1425
2025-11-25 06:33:42,YMxjZF3gtoM,【Shadow Corridor】三姉妹ホラーゲーム実況【第一夜 -路地-】,UCAWxPGGuIfWME2KTLUmSCHw,ぱかチューブっ!【ウマ娘公式】,['Gaming'],147292,9192,0,574
2025-11-25 06:33:42,MRYXsF2lblY,RIIZE 'Sticky Like' (Official Audio),UCdVD0MsYecQaIE5Ru-pOIQQ,RIIZE,['Music'],114430,14474,0,796
2025-11-25 06:33:42,PJyQaQosJpk,【クラロワ】アプデ来たからレベル16でトロ１５０００まで蹂躙する【ClashRoyale】,UCeA0fcfLVewbuD7H5YsrpdA,ライキジョーンズ,['Gaming'],60934,792,0,0
2025-11-25 06:33:42,ayjRv2g2UqY,ムカつく -another story- feat. 高梨小麻（CV：石見舞菜香）／HoneyWorks,UCAaGaynFpku5cAx6OOSrW-w,HoneyWorks OFFICIAL,['Music'],300743,17939,0,764
2025-11-25 06:33:42,-dfR8iYqwK4,なんでこういう事するんや？初使用選手含む全員アニバーサリーの選手でリアタイしたら害悪プレイヤーに遭遇しました【プロスピA】# 1756,UCy9GuRXGTm8TliQ-OJ7KwzA,【V.I.P】,['Gaming'],124860,2619,0,417
2025-11-25 06:33:42,L6tkKvVCs0Y,【MV】どーでもいいよ／まふまふ,UCOTR1tcOAhjgi6YukrPpZxg,まふまふちゃんねる,['Music'],72991,9687,0,509
2025-11-25 06:33:42,VhzqSrscVP8,【Lobotomy Corporation】都市のキノコにご用心part49【未遭遇アブノマ回収編】【ゆっくり実況】,UC8rk-fIWJXYlSF8tkfG9wWg,天色鮫,['Gaming'],103437,4810,0,346
2025-11-25 06:33:42,kCnD_dMyJ3M,The Bible of The “Eden”,UCZwcUEEjD8RVzB-TAw1ts3g,Eden - Topic,['Music'],46036,2179,0,0
2025-11-25 06:33:42,MarWse2JmWU,【パチスロ生配信】今日も懲りずにまずはスマスロ北斗でコンプリート目指す！PACHINKO SLOT生放送パチンコパチスロ実戦！11/24,UCOVLrBaOiMH5QDKXTycZ8Pw,やっちゃんの崖っぷちスロパチ生活,['Gaming'],285588,3302,0,22
2025-11-25 06:33:42,OWpLhNyqeqg,Novelbright - 夢花火 [Official Live Video],UCIJAlAYCNN8RACtDDsy9K6g,Novelbright,['Music'],27987,3217,0,358
2025-11-25 06:33:42,taSKSaq5qh8,【ArcRaiders】アークレイダーズ ボス討伐編【にじさんじ/ローレン・イロアス】,UCgmFrRcyH7d1zR9sIVQhFow,ローレン・イロアス / Lauren Iroas【にじさんじ】,['Gaming'],229934,3944,0,24
2025-11-25 06:33:42,ANU0lVGfWyo,NOT ME,UCNVIo0UJXTdEnsRkCB9Q03w,ILLIT - Topic,['Music'],173040,22443,0,1837
2025-11-25 06:33:42,6mP-mEHEQcw,日本人を狙う30人チーター中国クランを崩壊させてみた【RUST 実況】,UCXEo7JprZQGCPkezcZylHlQ,黒炭酸,['Gaming'],103639,6784,0,1005
2025-11-25 06:33:42,WsLcF1ojgFU,アンジュルム『トラブルメーカー』〜Dance Practice Ver.〜,UCDwcZ85zjLKD-3-jqlv1wQQ,アンジュルム,['Music'],25057,2258,0,312
2025-11-25 06:33:42,SWdjfMIkQCg,アザールが最強能力×モメンタムバーストで 頂点ST界の王に君臨しました【eFootball2026アプリ】,UC070fhnqq38qNhqHm5rxTcQ,令和ちゃんねる,['Gaming'],91151,1584,0,126
2025-11-25 06:33:42,8j4RM-bBYvA,福本大晴「すっぴんLOVE」（Music Video）YouTube Edition,UCXqWKjzm2YMH6Bs7rAmsKFw,福本大晴,['Entertainment'],8433,926,0,288
2025-11-25 06:33:42,xuL1CDdhsOg,【東京喰種】検証！！パワーストーンつけたら喰種で勝てるのか！？生配信260日目,UCYA14rrNjvQq_P_YSNeJHgA,スロライブ,['Gaming'],210468,2082,0,0
2025-11-25 06:33:42,0-74AHbFWic,＝LOVE（イコールラブ）/ 19th Single c/w『Queens』リハーサル定点映像 (from 8th ANNIVERSARY PREMIUM TOUR),UCv7VutirxDn3RWIJXI68n_A,＝LOVE（イコールラブ）公式チャンネル,['Entertainment'],125830,10837,0,619
2025-11-25 06:33:42,UfVkyXaTGcs,【まとめ】ミオしゃを褒めないとスジモンになるフブさんとみこスバの『マリカサバイバル』面白トークまとめ【大空スバル/さくらみこ/白上フブキ/ホロライブ切り抜き】,UCqMRVBz-hhSFRuqlL1guqig,あひるだっく,['Gaming'],109064,3482,0,77
2025-11-25 06:33:42,QRTGKxrKBPM,インビジブル / 歌ってみた【あらき×榊ネス】,UCBhPDpv9JavoPADrZcsAC2A,あらき-ARAKI Official,['Music'],348057,35502,0,960
2025-11-25 06:33:42,yRhin7unPeI,これが恐らくビーフ最後の輝きでしょうね【龍が如く８外伝 Pirates in Hawaii】＃４１,UCZMRuagdTBKmmrFtSMN48Xw,牛沢,['Gaming'],118911,4060,0,426
2025-11-25 06:33:42,QJpTBz916MI,にっこり^^調査隊のテーマ / まぐねっと部 cover【宝鐘マリン・火威青・しぐれうい・ルンルン】,UCCzUftO8KOVkV4wQG1vkUvg,Marine Ch. 宝鐘マリン,['Entertainment'],913387,100959,0,2781
2025-11-25 06:33:42,UFozBQrnmII,【桃鉄】今夜は無礼講！4人で新作桃鉄を遊ぶぞおおおおおおおお！！ぺこ！【ホロライブ/兎田ぺこら】,UC1DCedRgGHBdm81E1llLhOQ,Pekora Ch. 兎田ぺこら,['Gaming'],748668,24704,0,394
2025-11-25 06:33:42,vpXtzSpyV_8,tripleS(트리플에스) msnz neptune ‘Fly Up’ Official MV,UCJnL-TBcsYrF2SLs7tmiC8Q,tripleS official,['Music'],134875,13372,0,689
2025-11-25 06:33:42,TAL-HXKac80,YOUR CHANCE TO GET 10K GEMS!,UCooVYzDxdwTtGYAkcPmOgOw,Brawl Stars,['Gaming'],1880377,58952,0,1932
2025-11-25 06:33:42,KDC-EOsNzAg,NCT DREAM 엔시티 드림 'Beat It Up' Dance Practice,UCXURHJRGr4-EB3l87kcbElw,NCT DREAM,['Music'],78141,14717,0,457
2025-11-25 06:33:42,gYEhRoknpZQ,【シャドバWB】愛知大会を〝ムゲン・ほーちゃんドラゴン〟1本で破壊してきた男の物語【Shadowverse: Worlds Beyond】,UCqeAYB1DMzfM-hG-Up52yNQ,つるおかかものはし,['Gaming'],76097,803,0,153
2025-11-25 06:33:42,FFXSoSl_lGg,Vaundy LIVE “僕にはどうしてわかるんだろう” 2025.11.16 one man live VAWS hall tour “little punk” at 東京ガーデンシアター,UC1FQWQ3y3-e8l1pCtWhJt5A,Vaundy,['Music'],83965,4310,0,167
2025-11-25 06:33:42,XtTT5XdZVpw,シークレットな最終回※ちょっと動画長いよ【ゆっくり実況】,UCOjkVJQcjtWnpf0-1ft4brA,ゆっくりむちゃたぬき,['Gaming'],59954,3491,0,177
2025-11-25 06:33:42,4oml768wFnk,REAL,UC8eq3M3Yft3FUgxEX6lOZMg,chotokkyu - Topic,['Music'],28127,2869,0,153
2025-11-25 06:33:42,l57EJ_eLsIc,【攻略法発覚】L荒野のコトブキ飛行隊 相次ぐ撤去について【ゴトブキ】,UCYXmyrGUVL8tX7VEvo_DjPw,シャル@ツモらせ隊,['Entertainment'],66575,868,0,367
2025-11-25 06:33:42,cVL4bRjA6X0,Mili - Peach Pit and Cyanide,UCVh47EKH9VLresRqiYi9txw,Mili,['Music'],192239,25763,0,1037
2025-11-25 06:33:42,S3Q33-4q1xo,【桃鉄2】3年決戦ついに決着! 最下位を回避するのはどっちだ!? #8【霜降り明星】,UCpGpA7mSYmNJjLiJxKso5QA,しもふりチューブ,['Comedy'],76510,1003,0,74
2025-11-27 13:25:02,StcmgD_0aRI,モニタリング Cover / Gero,UCFuugQScqDfJcsOEWbL1_tg,Gero Channel,['Music'],99933,10481,0,2545
2025-11-27 13:25:02,vIUORnIS_ug,ELDEN RING NIGHTREIGN The Forsaken Hollows | Scholar Character Trailer,UC_ntXHv-XdKCD7CPynVvnQw,Bandai Namco Entertainment America,['Gaming'],330725,13771,0,1040
2025-11-27 13:25:02,dIPZHyTBFz0,『ドラゴンクエストウォーク』の新情報をお届け「スマートウォーク」#131,UCtceiniicYEsbAVuWy-Bi0Q,ドラゴンクエストウォーク公式,['Gaming'],190518,2125,0,258
2025-11-27 13:25:02,VWg0218G38c,現在がとんでもなく悲惨な事になってるYouTuber4選,UCHvFSU5OP6c7QcJxIr87YtA,ウタエル Utael,['Entertainment'],108031,1260,0,227
2025-11-27 13:25:02,NUSpibeVoO0,失われたチャプター: ユキの復讐 | ティザートレーラー,UCwF6o6cF7BMTY1-OZ7ZUY7Q,フォートナイト 公式,['Gaming'],15852,685,0,60
2025-11-27 13:25:02,8gAg9uDn2Oo,体力と手持ちが共有の世界で全員合流するまで終われません！ミニミニ編【マイクラ】,UCj4PjeVMnNTHIR5EeoNKPAw,ドズル社,['Gaming'],324984,12298,0,477
2025-11-27 13:25:02,b9z3Iaz5Zrc,ヤングスキニー - るっせぇ女【Official Music Video】,UCcg_rvE-fU2tATMwBAxW9bA,ヤングスキニー,['Music'],113593,6023,0,308
2025-11-27 13:25:02,eLCjlEYBN3U,課金しまくって放射性ラッキーブロックを100個開けるロブロックス (Roblox),UC9Lx-zRFGfpuls27tNAOIqA,マエスケ,['Gaming'],338661,13567,0,1003
2025-11-27 13:25:02,XILnJKGc0yo,INI｜'U MINE' Performance Video,UCc-itdQHxLvUlPrDxIiSJrA,INI,['Entertainment'],232064,20274,0,3610
2025-11-27 13:25:02,Bj6tJxDPzoY,みんなでパンを作って1か所に合流しよう!!(ただし100人に邪魔されながら)【マインクラフト】,UClNdVSK1uy2xFHTaXZYXopw,らっだぁ,['Gaming'],216193,10136,0,293
2025-11-27 13:25:02,ES9oYbzYCh8,ILLIT (아일릿) 'NOT CUTE ANYMORE’ Performance Film,UC3IZKseVpdzPSBaWxBxundA,HYBE LABELS,['Music'],392935,54469,0,1704
2025-11-27 13:25:02,kSmHmdAnDYc,【原神】限定★５「ドゥリン」は強いのか？先行解説します。性能/武器/聖遺物/PT編成/凸orモチーフ…全てが分かる！,UCjJmYy279ehSYSwR1A3fXtA,マグロヘッド,['Gaming'],223937,6542,0,811
2025-11-27 13:25:02,Am2ElEWNvTY,LEX - 完璧だ (Music Video),UCeTo4Eh0TzpKbUL4vGQZ73A,LEX *,['People & Blogs'],55908,3335,0,187
2025-11-27 13:25:02,SnCG-_lf74w,今までで一番怖いスーパーマーケット経営『 HELLMART 』,UCMJiPpN_09F0aWpQrgbc_qg,キヨ。,['Gaming'],865073,22312,0,1059
2025-11-27 13:25:02,AfKzB2lXo7I,SLAVE (Nissy Entertainment “Re:10th Anniversary Final” BEST DOME TOUR),UCkv76wCrBDQNn7ctcbn6Qeg,Nissy - Topic,['Music'],11417,643,0,46
2025-11-27 13:25:02,WVVv8Uyok_U,サビ組さんにはよくしてもらってます｜ポケモンZA #20,UCMzLWawc9x3rUsqYDEfgqzA,ジャック・オ・蘭たん,['Gaming'],104466,4712,0,764
2025-11-27 13:25:02,hcJEQXJIALo,ONE N' ONLY／ “RIDE” Music Video,UC8Qwnts13zIh2EYUCau6m3w,ONE N' ONLY TV,['Entertainment'],27746,3668,0,551
2025-11-27 13:25:02,5eHGs7lX09s,うんこちゃんのイナズマイレブン 英雄たちのヴィクトリーロード 実況プレイPart5※ネタバレ注意,UCx1nAvtVDIsaGmCMSe8ofsQ,加藤純一【jun channel】,['Gaming'],63615,944,0,857
2025-11-27 13:25:02,5UBc2gXGwKc,Seishun Rock 'n' roll,UC3PFoXZPFJGy9F4PG84nNQQ,Soala - Topic,['Music'],14185,271,0,9
2025-11-27 13:25:02,tLBq_jH5FDI,"【㊗️ 6周年】""""ポケモン剣盾""""のハイレベルすぎる神試合が激アツすぎたwww【対戦者本人解説あり】",UCmnZL4tFRl4sm-uJOxTLHmg,今日ポケch.,['Gaming'],100036,1570,0,163
2025-11-27 13:25:02,5-o_tvuKSfM,【Official】Uru 「愛」,UCdPCarwi28K5Z7s5l2nMiLw,Uru Official YouTube Channel,['Music'],48506,3451,0,145
2025-11-27 13:25:02,S0UEqkus7FA,【ミメシス】声と行動を真似するニセモノに騙されないように生き残る！！ぺこ！【ホロライブ/兎田ぺこら】,UC1DCedRgGHBdm81E1llLhOQ,Pekora Ch. 兎田ぺこら,['Gaming'],306071,12299,0,230
2025-11-27 13:25:02,G36amiUCkXU,Juice=Juice『盛れ！ミ・アモーレ』(Concert 2025 Queen of Hearts Special Flush),UC6FadPgGviUcq6VQ0CEJqdQ,Juice=Juice,['Music'],436833,27777,0,5233
2025-11-27 13:25:02,w0ZQp2CmHHw,庭を埋め尽くす大量の落ち葉を掃除するゲーム,UChn5TjkeEqd-JxzizMVSkOw,ハヤトの野望,['Gaming'],126073,2233,0,210
2025-11-27 13:25:02,tdYPGxusaYs,NiziU 「♡Emotion」 FanCam – MAYUKA ver -,UCHp2q2i85qt_9nn2H7AvGOw,NiziU Official,['Entertainment'],27324,2400,0,138
2025-11-27 13:25:02,DyINvuS9P34,最強のマシンを進化させるマインクラフト【 マイクラ / マインクラフト 】,UCHazKLThRbMyMFu2bVAKhng,ウォーターチャレンジ,['Gaming'],179478,2411,0,49
2025-11-27 13:25:02,JkKNqaEl9Aw,"NEXZ(넥스지) ""Legacy"" Performance Video",UCaO6TYtlC8U5ttz62hTrZgg,JYP Entertainment,['Music'],262029,20640,0,1848
2025-11-27 13:25:02,2j2jXv6Juxc,初心者 vs. プロ：最強のピリジャー刑務所作り対決,UCM3yhFc0-fBFuvqx1Vg2YNQ,まいぜんシスターズ,['Gaming'],154421,2181,0,80
2025-11-27 13:25:02,TVqEwvbZP30,RIIZE 라이즈 'Fame' MV,UCEf_Bc-KVd7onSeifS3py9g,SMTOWN,['Music'],5855967,108503,0,10779
2025-11-27 13:25:02,3-caLm2c1XI,これがエスペランサの財宝だ！！【龍が如く８外伝 Pirates in Hawaii】＃４３,UCZMRuagdTBKmmrFtSMN48Xw,牛沢,['Gaming'],131945,4001,0,505
2025-11-27 13:25:02,ScutqxM3z_s,Hi-STANDARD - Our Song - OFFICIAL MUSIC VIDEO,UCrQUlOEbu-0T0l4DAcBEeIg,pizzaofdeathofficial,['Music'],193652,8332,0,472
2025-11-27 13:25:02,OeMmb--HE6k,【MIMESIS】叶カンパニー、出勤します。【にじさんじ/ローレン・イロアス】,UCgmFrRcyH7d1zR9sIVQhFow,ローレン・イロアス / Lauren Iroas【にじさんじ】,['Gaming'],174629,4608,0,63
2025-11-27 13:25:02,kux5GmbZhVg,メロリ,UCpYHkc4rzWEW7iVXIyxQebA,Hey! Say! JUMP - Topic,['Music'],17975,960,0,20
2025-11-27 13:25:02,LcpCd9VXGjE,【パチスロ生配信】今日もヴァル2や!!そろそろ高設定台を打ちたい!!【革命機ヴァルヴレイヴ2】,UCdCC1L_OxLrkoEjR19iXpRw,パチスロードch,['Entertainment'],334121,1571,0,0
2025-11-27 13:25:02,9jrVtT2nPgQ,【歌ってみた】革命道中 - アイナ・ジ・エンド covered by 明透,UCBLGjbYv6-xxju1i44RjnnA,明透 -ᴀsᴜ-,['Music'],30718,4329,0,102
2025-11-27 13:25:02,xjUPVppl1DI,4人で協力して本格的な殺人事件を解決に導く『The Case of the Golden Idol』,UCPVr7clenPjpD7WNsSI3UBQ,レトルト,['Gaming'],603995,10631,0,448
2025-11-27 13:25:02,b1OwvLh8HnU,FMP,UCMR5xpbhv3jzIQG1TOTg-Jg,B'z - Topic,['Music'],20237,377,0,8
2025-11-27 13:25:02,SzFd7Tmq7pU,【 Minecraft 】本番まであと３日！隠れオーナーつくる！！！- ラムベガス／LAMB VEGAS -【角巻わため/ホロライブ４期生】,UCqm3BQLlJfvkTsX_hvm0UmA,Watame Ch. 角巻わため,['Gaming'],183352,9779,0,45
2025-11-27 13:25:02,CZP11p3DklQ,軌跡,UC8_Ag6BVp43Vmrx6eillK9g,Vaundy - Topic,['Music'],99415,3369,0,140
2025-11-27 13:25:02,ineS6XL0vc8,カオスを極める「カービィのエアライダー」が面白すぎる,UCc-PPk-lNe34JaWCcJQCL0g,ドコムスチャンネル,['Gaming'],89094,2267,0,85
2025-11-27 13:25:02,CXcBo03He2A,ミジ子の恋,UCDBdcJ3JIg2sjDg8QR3xp-g,Iyowa - Topic,['Music'],16812,2519,0,144
2025-11-27 13:25:02,nzbbL07maKA,【Among Us#304】ここが地獄ですか？超波動砲にロケットに人外が跋扈するアモングアス【ゆっくり実況】,UCy0DH4rgPPjDWVZO7wibcSQ,めめんともり,['Gaming'],126830,6686,0,271
2025-11-27 13:25:02,Lj1Qi3-zQgg,あの娘は邪惡！,UC5nxCVEWQLLfkPuMylpkYkA,ロス,['Entertainment'],23530,4118,0,139
2025-11-27 13:25:02,bZ2eyQcJ49o,"今までガチで使った事ない選手！！こんだけ課金してる俺がGET出来ない""この選手""とは！？【プロスピA】# 1757",UCy9GuRXGTm8TliQ-OJ7KwzA,【V.I.P】,['Gaming'],158767,2638,0,374
2025-11-27 13:25:02,Kc7TkgWiWrc,Kiseki No Younakoto,UCof7dOTnyxaidkKkcIFuflQ,Mone Kamishiraishi - Topic,['Music'],32001,1010,0,38
2025-11-27 13:25:02,NDommbpC80U,【ミメシス】キッズすぎる合言葉に笑っていたら声を真似してくるAIがそっくりすぎて恐怖するぺこらとヴィヴィとフブキと奏【ホロライブ切り抜き/兎田ぺこら/白上フブキ/音乃瀬奏/綺々羅々ヴィヴィ】,UCrKna8EQAd7NPRYq-gIsuow,ホロライ部【ホロライブ切り抜き】,['Gaming'],128764,1676,0,202
2025-11-27 13:25:02,vQpF9mIiYFU,LALALA (Baby it takes two),UC3NrSfe_yR5XX9zGFxYoV1Q,HIRAIDAI - Topic,['Music'],17124,306,0,22
2025-11-27 13:25:02,Em805jfRVXs,唯一無二すぎるプレイヤーと対戦し、そのスタイルに感動すら覚えるカワノ【スト6】,UCzRzPAT-AjlPyec5yXG974g,カワノKawano,['Gaming'],266038,4952,0,577
2025-11-27 13:25:02,w32-xwPxDFk,Saucy Dog「エデンの部屋」Music Video　＜9th Mini Album「カレーライス」2025.12.17 Release＞,UCs8nP5mUR3pwJmgixsul8Hw,Saucy Dog,['Music'],15830,1137,0,58
2025-11-27 13:25:02,IrxoY7JdJY0,MIMESIS | さ～て！今回のお仕事は～？？ w/星川 ローレン 樋口さん（叶カンパニー）【にじさんじ/叶】,UCspv01oxUFf_MTSipURRhkA,Kanae Channel,['Entertainment'],131655,,0,42
2025-11-26 17:54:13,XILnJKGc0yo,INI｜'U MINE' Performance Video,UCc-itdQHxLvUlPrDxIiSJrA,INI,['Entertainment'],174488,18942,0,3325
2025-11-26 17:54:13,vIUORnIS_ug,ELDEN RING NIGHTREIGN The Forsaken Hollows | Scholar Character Trailer,UC_ntXHv-XdKCD7CPynVvnQw,Bandai Namco Entertainment America,['Gaming'],273461,12703,0,975
2025-11-26 17:54:13,dIPZHyTBFz0,『ドラゴンクエストウォーク』の新情報をお届け「スマートウォーク」#131,UCtceiniicYEsbAVuWy-Bi0Q,ドラゴンクエストウォーク公式,['Gaming'],64670,1273,0,176
2025-11-26 17:54:13,b9z3Iaz5Zrc,ヤングスキニー - るっせぇ女【Official Music Video】,UCcg_rvE-fU2tATMwBAxW9bA,ヤングスキニー,['Music'],50833,3857,0,252
2025-11-26 17:54:13,SnCG-_lf74w,今までで一番怖いスーパーマーケット経営『 HELLMART 』,UCMJiPpN_09F0aWpQrgbc_qg,キヨ。,['Gaming'],601477,18762,0,937
2025-11-26 17:54:13,G36amiUCkXU,Juice=Juice『盛れ！ミ・アモーレ』(Concert 2025 Queen of Hearts Special Flush),UC6FadPgGviUcq6VQ0CEJqdQ,Juice=Juice,['Music'],342862,25417,0,4565
2025-11-26 17:54:13,xjUPVppl1DI,4人で協力して本格的な殺人事件を解決に導く『The Case of the Golden Idol』,UCPVr7clenPjpD7WNsSI3UBQ,レトルト,['Gaming'],452329,9073,0,392
2025-11-26 17:54:13,TVqEwvbZP30,RIIZE 라이즈 'Fame' MV,UCEf_Bc-KVd7onSeifS3py9g,SMTOWN,['Music'],2239205,101014,0,8998
2025-11-26 17:54:13,miySB69T1xw,隠れる場所から作れ！大人たちのガチかくれんぼ【マイクラ】,UCj4PjeVMnNTHIR5EeoNKPAw,ドズル社,['Gaming'],349972,11363,0,443
2025-11-26 17:54:13,x_RYZsOfpKY,ILLIT (아일릿) 'NOT CUTE ANYMORE’ Official MV,UC3IZKseVpdzPSBaWxBxundA,HYBE LABELS,['Music'],7152213,277489,0,17214
2025-11-26 17:54:13,kSmHmdAnDYc,【原神】限定★５「ドゥリン」は強いのか？先行解説します。性能/武器/聖遺物/PT編成/凸orモチーフ…全てが分かる！,UCjJmYy279ehSYSwR1A3fXtA,マグロヘッド,['Gaming'],54885,2846,0,443
2025-11-26 17:54:13,ScutqxM3z_s,Hi-STANDARD - Our Song - OFFICIAL MUSIC VIDEO,UCrQUlOEbu-0T0l4DAcBEeIg,pizzaofdeathofficial,['Music'],122055,6783,0,402
2025-11-26 17:54:13,ST05E_5kn2E,負けたら自身の全財産公開を賭けた通帳カスタムで勝ったのは・・・【The k4sen Con 2025 DAY 3 Supported by ロリポップ！ for Gamers byGMOペパボ】,UChUjERVG8eKEAJSCef-tTmg,k4sen / かせん,['Gaming'],210409,4155,0,302
2025-11-26 17:54:13,JkKNqaEl9Aw,"NEXZ(넥스지) ""Legacy"" Performance Video",UCaO6TYtlC8U5ttz62hTrZgg,JYP Entertainment,['Music'],102745,17202,0,1614
2025-11-26 17:54:13,Em805jfRVXs,唯一無二すぎるプレイヤーと対戦し、そのスタイルに感動すら覚えるカワノ【スト6】,UCzRzPAT-AjlPyec5yXG974g,カワノKawano,['Gaming'],139668,3207,0,413
2025-11-26 17:54:13,CZP11p3DklQ,軌跡,UC8_Ag6BVp43Vmrx6eillK9g,Vaundy - Topic,['Music'],53585,2375,0,113
2025-11-26 17:54:13,dmBAMwBBxoM,いいんですか？こんな神イベント｜ポケモンZA #19,UCMzLWawc9x3rUsqYDEfgqzA,ジャック・オ・蘭たん,['Gaming'],114611,3938,0,357
2025-11-26 17:54:13,b1OwvLh8HnU,FMP,UCMR5xpbhv3jzIQG1TOTg-Jg,B'z - Topic,['Music'],9299,244,0,7
2025-11-26 17:54:13,fiSsGbfus6I,うんこちゃんのイナズマイレブン 英雄たちのヴィクトリーロード 実況プレイPart4※ネタバレ注意,UCx1nAvtVDIsaGmCMSe8ofsQ,加藤純一【jun channel】,['Gaming'],252175,1927,0,1172
2025-11-26 17:54:13,kux5GmbZhVg,メロリ,UCpYHkc4rzWEW7iVXIyxQebA,Hey! Say! JUMP - Topic,['Music'],7420,609,0,13
2025-11-26 17:54:13,hn17tmdaAzQ,「ストリートファイターリーグ: Pro-JP 2025」Division F 第10節　☆☆18時40分より初心者必見！SFリーグ: ウォームアップ☆☆,UCu2Fxqf37DAZ0ZhIsd1FZwA,Capcom Fighters JP,['Gaming'],680881,6421,0,94
2025-11-26 17:54:13,7bqePXphj2g,乃木坂46『夢の匂い』MUSIC VIDEO,UCUzpZpX2wRYOk3J8QTFGxDg,乃木坂46 OFFICIAL YouTube CHANNEL,['Music'],233144,17302,0,1495
2025-11-26 17:54:13,z-aco1hi0Iw,新キャラくま＆ボニー100レべフルブ初見リーグ！最強火力のワンパンし放題！【バウンティラッシュ】,UCdkVEDVAW5aFmA-Mkz0lAFQ,ひたまゆ。,['Gaming'],143009,1664,0,256
2025-11-26 17:54:13,dx4XsqUGm10,MAZZEL / Only You -Dance Practice-,UCMF_5h2OejEhVorTB02UUSg,MAZZEL,['Music'],171796,17568,0,1327
2025-11-26 17:54:13,Rc8f268ueOE,加藤純一のマリオカートワールドダイジェスト マリオ王への道【2025/11/24】,UCZetZElUvdElPrcstRjl9DA,加藤純一ロードショー,['Gaming'],146361,1591,0,377
2025-11-26 17:54:13,Kc7TkgWiWrc,Kiseki No Younakoto,UCof7dOTnyxaidkKkcIFuflQ,Mone Kamishiraishi - Topic,['Music'],15343,701,0,30
2025-11-26 17:54:13,55xYiuSAp5c,【#ARCRaidersからスレスパ】遠征視野からカードゲーム【Slay the spyer】,UCSFCh5NL4qXrAy9u-u2lX3g,Kuzuha Channel,['Gaming'],284818,4504,0,12
2025-11-26 17:54:13,JrI4_jUZe98,SEVENTEEN | THE SMURFS (세븐틴 | 스머프) Ver. '음악의 신' Official MV,UCfkXDY7vwkcJ8ddFGz8KusA,SEVENTEEN,['Music'],275892,52529,0,1948
2025-11-26 17:54:13,CvGT2o7-_ZA,【 DARK SOULS: REMASTERED 】ナイトレインDLCまでに深淵歩きアルトリウスに会いに行く。王覇山、因縁のアノール・ロンドへ。（ 人間性を捧げよ ）【 にじさんじ┊︎葉山舞鈴 】,UCfipDDn7wY-C-SoUChgxCQQ,葉山舞鈴 / Ohayama Ch.,['Gaming'],80354,1532,0,9
2025-11-26 17:54:13,Gln8wDtITJ4,Kay-on - SHIN GODZILLA (Official Video),UCdszfKemUn36sOEplfkiGVQ,GPV LABEL,['Music'],32454,2309,0,192
2025-11-26 17:54:13,fCDvm0Y3qkw,【 GTAV 】歌鬼ごっこ‼１曲歌い終わるまでリスナーから逃げ切れええええええええ‼🔥【ホロライブ/さくらみこ】,UC-hM6YJuNYVAmUWxeIr9FeA,Miko Ch. さくらみこ,['Gaming'],286983,15244,0,169
2025-11-26 17:54:13,vQpF9mIiYFU,LALALA (Baby it takes two),UC3NrSfe_yR5XX9zGFxYoV1Q,HIRAIDAI - Topic,['Music'],6425,220,0,22
2025-11-26 17:54:13,A3Ki9cI9T9w,任天堂とファンが激怒...新作エアライダーにコックカワサキマイクロビキニという謎のミームが登場して海外でもニュースに/コエテクさんがライザのASMRを販売して爆売れ/チーターを晒し首にした運営が話題に,UCWvr04hMa4k4wSilYcQ4qoA,キャベツの人【ゲーム紹介】,['Gaming'],89548,2114,0,541
2025-11-26 17:54:13,I52yC34Ji2k,YENA「STAR! (feat. Hatsune Miku)」 Music Video,UC4YT50DP7hbMsor8FmyEPMw,Victor Entertainment,['Music'],139539,25415,0,1120
2025-11-26 17:54:13,BFaHdJVDmXY,『鳴潮』特別映像丨スペーストレック・コレクティブ スタートーチ学園,UCGc93NguHRwzv1Rw9MyIcxQ,鳴潮 (Wuthering Waves)公式,['Gaming'],39635,3124,0,136
2025-11-26 17:54:13,j-8vLi2sMg0,【歌ってみた】星の消えた夜に / covered by Nornis【戌亥とこ/町田ちま/にじさんじ】,UCxWcO9CLti4uouUIS5IIF-Q,Nornis,['Music'],48019,5504,0,78
2025-11-26 17:54:13,aHKMl9HVqZQ,究極の財宝【龍が如く８外伝 Pirates in Hawaii】＃４２,UCZMRuagdTBKmmrFtSMN48Xw,牛沢,['Gaming'],118115,3865,0,330
2025-11-26 17:54:13,4Xt_hR0KNvY,IS:SUE (イッシュ) 'Super Luna' Performance Video,UCqKNMJ5s_vsf7WkesdBrvQA,IS:SUE,['Music'],135910,11497,0,2179
2025-11-26 17:54:13,NkHjY_EaCgY,遂に完成した歴代最強マンチェスターユナイテッドスカッドが強すぎて魔王【eFootball2026アプリ】,UC070fhnqq38qNhqHm5rxTcQ,令和ちゃんねる,['Gaming'],94434,1564,0,96
2025-11-26 17:54:13,6oS55kztPlE,Crush,UC6H_7uSepAzrlayBjAb9rrg,WurtS - Topic,['Music'],10302,823,0,24
2025-11-26 17:54:13,xx3ZTvOhNoM,【#8】ゼルダの伝説 神々のトライフォース：The Legend of Zelda: A Link to the Past【ホロライブ/大空スバル】,UCvzGlP9oQwU--Y0r9id_jnA,Subaru Ch. 大空スバル,['Gaming'],214484,7951,0,68
2025-11-26 17:54:13,vQ_NFqtGDgo,Aiobahn & TAK feat. 初音ミク - DIVA (Official Music Video),UC9qSqkNFiByKzzoxT3Cydyw,Aiobahn,['Music'],84103,16932,0,724
2025-11-26 17:54:13,Caa-UHhl8Gw,消えると連絡がきた参加勢について（ガチ）,UCGjV4bsC43On-YuiLZcfL0w,KUN,['Gaming'],44396,1804,0,162
2025-11-26 17:54:13,eHmQ_b0LkUA,"Stray Kids ""Do It (Turbo Version)"" Lyric Visualizer",UC9rMiEjNaCSsebs31MRDCRA,Stray Kids,['Music'],379207,86282,0,3211
2025-11-26 17:54:13,ITQYMtkP23E,【パチスロ生配信】前日出てるラス1ヴヴヴ2で勝負っ!!【革命機ヴァルヴレイヴ2】,UCdCC1L_OxLrkoEjR19iXpRw,パチスロードch,['Entertainment'],290242,1383,0,0
2025-11-26 17:54:13,gSXQd_5ht0E,【DANCE VIDEO】君セン！ / iLiFE! 【振り動画】,UChVflUz2J_jaaqYjXqvpmQA,iLiFE!【あいらいふ】,['Music'],524306,22519,0,1029
2025-11-26 17:54:13,iKVcCmyqoik,『刀剣乱舞ONLINE』新刀剣男士 三郎国宗(さぶろうくにむね) 登場！,UC56x--_QtyaWD1QptYrPMqA,刀剣乱舞 公式チャンネル,['Gaming'],79116,5503,0,208
2025-11-26 17:54:13,BM13CSsDrV8,ココロ・アストロノーツ,UCtwTCZuQkTIwUf5m9mlZnOQ,Release - Topic,['Music'],5792,322,0,0
2025-11-26 17:54:13,Gth1zEFH2TM,タグNXで『もあ』『B!KZO』とプルス戦に挑むNX☆くさあん【切り抜き】【マリオカート ワールド】,UCL7VEatXa9yBCKeM-ww8TnA,NX☆くさあん,['Gaming'],89489,1949,0,50
2025-11-26 17:54:13,v55qDr_jJFA,「レイン・ガール (New Recording) 」佐野元春 & The Coyote Band,UCS57xc1Bf-znC9_ouCc3SZw,佐野元春 - DaisyMusic,['Music'],11871,1207,0,82
2025-11-27 14:20:51,StcmgD_0aRI,モニタリング Cover / Gero,UCFuugQScqDfJcsOEWbL1_tg,Gero Channel,['Music'],102215,10618,0,2564
2025-11-27 14:20:51,vIUORnIS_ug,ELDEN RING NIGHTREIGN The Forsaken Hollows | Scholar Character Trailer,UC_ntXHv-XdKCD7CPynVvnQw,Bandai Namco Entertainment America,['Gaming'],332137,13791,0,1041
2025-11-27 14:20:51,dIPZHyTBFz0,『ドラゴンクエストウォーク』の新情報をお届け「スマートウォーク」#131,UCtceiniicYEsbAVuWy-Bi0Q,ドラゴンクエストウォーク公式,['Gaming'],192331,2141,0,261
2025-11-27 14:20:51,VWg0218G38c,現在がとんでもなく悲惨な事になってるYouTuber4選,UCHvFSU5OP6c7QcJxIr87YtA,ウタエル Utael,['Entertainment'],110450,1282,0,225
2025-11-27 14:20:51,NUSpibeVoO0,失われたチャプター: ユキの復讐 | ティザートレーラー,UCwF6o6cF7BMTY1-OZ7ZUY7Q,フォートナイト 公式,['Gaming'],17056,721,0,62
2025-11-27 14:20:51,8gAg9uDn2Oo,体力と手持ちが共有の世界で全員合流するまで終われません！ミニミニ編【マイクラ】,UCj4PjeVMnNTHIR5EeoNKPAw,ドズル社,['Gaming'],331965,12453,0,480
2025-11-27 14:20:51,b9z3Iaz5Zrc,ヤングスキニー - るっせぇ女【Official Music Video】,UCcg_rvE-fU2tATMwBAxW9bA,ヤングスキニー,['Music'],115552,6093,0,307
2025-11-27 14:20:51,eLCjlEYBN3U,課金しまくって放射性ラッキーブロックを100個開けるロブロックス (Roblox),UC9Lx-zRFGfpuls27tNAOIqA,マエスケ,['Gaming'],342656,13685,0,1009
2025-11-27 14:20:51,XILnJKGc0yo,INI｜'U MINE' Performance Video,UCc-itdQHxLvUlPrDxIiSJrA,INI,['Entertainment'],234124,20310,0,3629
2025-11-27 14:20:51,Bj6tJxDPzoY,みんなでパンを作って1か所に合流しよう!!(ただし100人に邪魔されながら)【マインクラフト】,UClNdVSK1uy2xFHTaXZYXopw,らっだぁ,['Gaming'],220862,10306,0,294
2025-11-27 14:20:51,ES9oYbzYCh8,ILLIT (아일릿) 'NOT CUTE ANYMORE’ Performance Film,UC3IZKseVpdzPSBaWxBxundA,HYBE LABELS,['Music'],408659,55565,0,1736
2025-11-27 14:20:51,kSmHmdAnDYc,【原神】限定★５「ドゥリン」は強いのか？先行解説します。性能/武器/聖遺物/PT編成/凸orモチーフ…全てが分かる！,UCjJmYy279ehSYSwR1A3fXtA,マグロヘッド,['Gaming'],226957,6602,0,815
2025-11-27 14:20:51,Am2ElEWNvTY,LEX - 完璧だ (Music Video),UCeTo4Eh0TzpKbUL4vGQZ73A,LEX *,['People & Blogs'],57737,3399,0,188
2025-11-27 14:20:51,SnCG-_lf74w,今までで一番怖いスーパーマーケット経営『 HELLMART 』,UCMJiPpN_09F0aWpQrgbc_qg,キヨ。,['Gaming'],874250,22472,0,1064
2025-11-27 14:20:51,AfKzB2lXo7I,SLAVE (Nissy Entertainment “Re:10th Anniversary Final” BEST DOME TOUR),UCkv76wCrBDQNn7ctcbn6Qeg,Nissy - Topic,['Music'],12339,661,0,47
2025-11-27 14:20:51,WVVv8Uyok_U,サビ組さんにはよくしてもらってます｜ポケモンZA #20,UCMzLWawc9x3rUsqYDEfgqzA,ジャック・オ・蘭たん,['Gaming'],108719,4808,0,773
2025-11-27 14:20:51,hcJEQXJIALo,ONE N' ONLY／ “RIDE” Music Video,UC8Qwnts13zIh2EYUCau6m3w,ONE N' ONLY TV,['Entertainment'],28529,3699,0,559
2025-11-27 14:20:51,5eHGs7lX09s,うんこちゃんのイナズマイレブン 英雄たちのヴィクトリーロード 実況プレイPart5※ネタバレ注意,UCx1nAvtVDIsaGmCMSe8ofsQ,加藤純一【jun channel】,['Gaming'],73392,1019,0,922
2025-11-27 14:20:51,5UBc2gXGwKc,Seishun Rock 'n' roll,UC3PFoXZPFJGy9F4PG84nNQQ,Soala - Topic,['Music'],15027,273,0,9
2025-11-27 14:20:51,tLBq_jH5FDI,"【㊗️ 6周年】""""ポケモン剣盾""""のハイレベルすぎる神試合が激アツすぎたwww【対戦者本人解説あり】",UCmnZL4tFRl4sm-uJOxTLHmg,今日ポケch.,['Gaming'],102880,1600,0,167
2025-11-27 14:20:51,5-o_tvuKSfM,【Official】Uru 「愛」,UCdPCarwi28K5Z7s5l2nMiLw,Uru Official YouTube Channel,['Music'],49661,3489,0,145
2025-11-27 14:20:51,S0UEqkus7FA,【ミメシス】声と行動を真似するニセモノに騙されないように生き残る！！ぺこ！【ホロライブ/兎田ぺこら】,UC1DCedRgGHBdm81E1llLhOQ,Pekora Ch. 兎田ぺこら,['Gaming'],308815,12340,0,235
2025-11-27 14:20:51,G36amiUCkXU,Juice=Juice『盛れ！ミ・アモーレ』(Concert 2025 Queen of Hearts Special Flush),UC6FadPgGviUcq6VQ0CEJqdQ,Juice=Juice,['Music'],440558,27859,0,5256
2025-11-27 14:20:51,w0ZQp2CmHHw,庭を埋め尽くす大量の落ち葉を掃除するゲーム,UChn5TjkeEqd-JxzizMVSkOw,ハヤトの野望,['Gaming'],129093,2264,0,210
2025-11-27 14:20:51,tdYPGxusaYs,NiziU 「♡Emotion」 FanCam – MAYUKA ver -,UCHp2q2i85qt_9nn2H7AvGOw,NiziU Official,['Entertainment'],27940,2429,0,139
2025-11-27 14:20:51,DyINvuS9P34,最強のマシンを進化させるマインクラフト【 マイクラ / マインクラフト 】,UCHazKLThRbMyMFu2bVAKhng,ウォーターチャレンジ,['Gaming'],180827,2426,0,49
2025-11-27 14:20:51,JkKNqaEl9Aw,"NEXZ(넥스지) ""Legacy"" Performance Video",UCaO6TYtlC8U5ttz62hTrZgg,JYP Entertainment,['Music'],270758,20699,0,1857
2025-11-27 14:20:51,2j2jXv6Juxc,初心者 vs. プロ：最強のピリジャー刑務所作り対決,UCM3yhFc0-fBFuvqx1Vg2YNQ,まいぜんシスターズ,['Gaming'],156874,2204,0,81
2025-11-27 14:20:51,TVqEwvbZP30,RIIZE 라이즈 'Fame' MV,UCEf_Bc-KVd7onSeifS3py9g,SMTOWN,['Music'],5988498,108812,0,10843
2025-11-27 14:20:51,3-caLm2c1XI,これがエスペランサの財宝だ！！【龍が如く８外伝 Pirates in Hawaii】＃４３,UCZMRuagdTBKmmrFtSMN48Xw,牛沢,['Gaming'],134103,4041,0,506
2025-11-27 14:20:51,ScutqxM3z_s,Hi-STANDARD - Our Song - OFFICIAL MUSIC VIDEO,UCrQUlOEbu-0T0l4DAcBEeIg,pizzaofdeathofficial,['Music'],194955,8352,0,474
2025-11-27 14:20:51,OeMmb--HE6k,【MIMESIS】叶カンパニー、出勤します。【にじさんじ/ローレン・イロアス】,UCgmFrRcyH7d1zR9sIVQhFow,ローレン・イロアス / Lauren Iroas【にじさんじ】,['Gaming'],176992,4646,0,63
2025-11-27 14:20:51,kux5GmbZhVg,メロリ,UCpYHkc4rzWEW7iVXIyxQebA,Hey! Say! JUMP - Topic,['Music'],18448,971,0,20
2025-11-27 14:20:51,LcpCd9VXGjE,【パチスロ生配信】今日もヴァル2や!!そろそろ高設定台を打ちたい!!【革命機ヴァルヴレイヴ2】,UCdCC1L_OxLrkoEjR19iXpRw,パチスロードch,['Entertainment'],334193,1571,0,0
2025-11-27 14:20:51,9jrVtT2nPgQ,【歌ってみた】革命道中 - アイナ・ジ・エンド covered by 明透,UCBLGjbYv6-xxju1i44RjnnA,明透 -ᴀsᴜ-,['Music'],31701,4385,0,103
2025-11-27 14:20:51,xjUPVppl1DI,4人で協力して本格的な殺人事件を解決に導く『The Case of the Golden Idol』,UCPVr7clenPjpD7WNsSI3UBQ,レトルト,['Gaming'],609142,10670,0,450
2025-11-27 14:20:51,b1OwvLh8HnU,FMP,UCMR5xpbhv3jzIQG1TOTg-Jg,B'z - Topic,['Music'],20689,379,0,8
2025-11-27 14:20:51,SzFd7Tmq7pU,【 Minecraft 】本番まであと３日！隠れオーナーつくる！！！- ラムベガス／LAMB VEGAS -【角巻わため/ホロライブ４期生】,UCqm3BQLlJfvkTsX_hvm0UmA,Watame Ch. 角巻わため,['Gaming'],183944,9791,0,46
2025-11-27 14:20:51,CZP11p3DklQ,軌跡,UC8_Ag6BVp43Vmrx6eillK9g,Vaundy - Topic,['Music'],101333,3390,0,140
2025-11-27 14:20:51,ineS6XL0vc8,カオスを極める「カービィのエアライダー」が面白すぎる,UCc-PPk-lNe34JaWCcJQCL0g,ドコムスチャンネル,['Gaming'],91669,2307,0,85
2025-11-27 14:20:51,CXcBo03He2A,ミジ子の恋,UCDBdcJ3JIg2sjDg8QR3xp-g,Iyowa - Topic,['Music'],18291,2694,0,152
2025-11-27 14:20:51,nzbbL07maKA,【Among Us#304】ここが地獄ですか？超波動砲にロケットに人外が跋扈するアモングアス【ゆっくり実況】,UCy0DH4rgPPjDWVZO7wibcSQ,めめんともり,['Gaming'],128334,6731,0,272
2025-11-27 14:20:51,Lj1Qi3-zQgg,あの娘は邪惡！,UC5nxCVEWQLLfkPuMylpkYkA,ロス,['Entertainment'],24297,4183,0,140
2025-11-27 14:20:51,bZ2eyQcJ49o,"今までガチで使った事ない選手！！こんだけ課金してる俺がGET出来ない""この選手""とは！？【プロスピA】# 1757",UCy9GuRXGTm8TliQ-OJ7KwzA,【V.I.P】,['Gaming'],162164,2656,0,377
2025-11-27 14:20:51,Kc7TkgWiWrc,Kiseki No Younakoto,UCof7dOTnyxaidkKkcIFuflQ,Mone Kamishiraishi - Topic,['Music'],32517,1019,0,39
2025-11-27 14:20:51,NDommbpC80U,【ミメシス】キッズすぎる合言葉に笑っていたら声を真似してくるAIがそっくりすぎて恐怖するぺこらとヴィヴィとフブキと奏【ホロライブ切り抜き/兎田ぺこら/白上フブキ/音乃瀬奏/綺々羅々ヴィヴィ】,UCrKna8EQAd7NPRYq-gIsuow,ホロライ部【ホロライブ切り抜き】,['Gaming'],135801,1715,0,207
2025-11-27 14:20:51,vQpF9mIiYFU,LALALA (Baby it takes two),UC3NrSfe_yR5XX9zGFxYoV1Q,HIRAIDAI - Topic,['Music'],17573,306,0,22
2025-11-27 14:20:51,Em805jfRVXs,唯一無二すぎるプレイヤーと対戦し、そのスタイルに感動すら覚えるカワノ【スト6】,UCzRzPAT-AjlPyec5yXG974g,カワノKawano,['Gaming'],269454,4974,0,581
2025-11-27 14:20:51,w32-xwPxDFk,Saucy Dog「エデンの部屋」Music Video　＜9th Mini Album「カレーライス」2025.12.17 Release＞,UCs8nP5mUR3pwJmgixsul8Hw,Saucy Dog,['Music'],16441,1147,0,58
2025-11-27 14:20:51,IrxoY7JdJY0,MIMESIS | さ～て！今回のお仕事は～？？ w/星川 ローレン 樋口さん（叶カンパニー）【にじさんじ/叶】,UCspv01oxUFf_MTSipURRhkA,Kanae Channel,['Entertainment'],133312,,0,43
2025-11-26 13:47:58,XILnJKGc0yo,INI｜'U MINE' Performance Video,UCc-itdQHxLvUlPrDxIiSJrA,INI,['Entertainment'],160089,18496,0,3254
2025-11-26 13:47:58,vIUORnIS_ug,ELDEN RING NIGHTREIGN The Forsaken Hollows | Scholar Character Trailer,UC_ntXHv-XdKCD7CPynVvnQw,Bandai Namco Entertainment America,['Gaming'],249564,12241,0,957
2025-11-26 13:47:58,SnCG-_lf74w,今までで一番怖いスーパーマーケット経営『 HELLMART 』,UCMJiPpN_09F0aWpQrgbc_qg,キヨ。,['Gaming'],527418,17285,0,891
2025-11-26 13:47:58,b9z3Iaz5Zrc,ヤングスキニー - るっせぇ女【Official Music Video】,UCcg_rvE-fU2tATMwBAxW9bA,ヤングスキニー,['Music'],40147,3347,0,240
2025-11-26 13:47:58,xjUPVppl1DI,4人で協力して本格的な殺人事件を解決に導く『The Case of the Golden Idol』,UCPVr7clenPjpD7WNsSI3UBQ,レトルト,['Gaming'],409367,8566,0,372
2025-11-26 13:47:58,G36amiUCkXU,Juice=Juice『盛れ！ミ・アモーレ』(Concert 2025 Queen of Hearts Special Flush),UC6FadPgGviUcq6VQ0CEJqdQ,Juice=Juice,['Music'],324879,25094,0,4494
2025-11-26 13:47:58,miySB69T1xw,隠れる場所から作れ！大人たちのガチかくれんぼ【マイクラ】,UCj4PjeVMnNTHIR5EeoNKPAw,ドズル社,['Gaming'],304938,10379,0,419
2025-11-26 13:47:58,TVqEwvbZP30,RIIZE 라이즈 'Fame' MV,UCEf_Bc-KVd7onSeifS3py9g,SMTOWN,['Music'],1864415,99387,0,8777
2025-11-26 13:47:58,ST05E_5kn2E,負けたら自身の全財産公開を賭けた通帳カスタムで勝ったのは・・・【The k4sen Con 2025 DAY 3 Supported by ロリポップ！ for Gamers byGMOペパボ】,UChUjERVG8eKEAJSCef-tTmg,k4sen / かせん,['Gaming'],193485,3875,0,294
2025-11-26 13:47:58,x_RYZsOfpKY,ILLIT (아일릿) 'NOT CUTE ANYMORE’ Official MV,UC3IZKseVpdzPSBaWxBxundA,HYBE LABELS,['Music'],6918986,272632,0,17021
2025-11-26 13:47:58,fiSsGbfus6I,うんこちゃんのイナズマイレブン 英雄たちのヴィクトリーロード 実況プレイPart4※ネタバレ注意,UCx1nAvtVDIsaGmCMSe8ofsQ,加藤純一【jun channel】,['Gaming'],237727,1877,0,1153
2025-11-26 13:47:58,ScutqxM3z_s,Hi-STANDARD - Our Song - OFFICIAL MUSIC VIDEO,UCrQUlOEbu-0T0l4DAcBEeIg,pizzaofdeathofficial,['Music'],112259,6465,0,391
2025-11-26 13:47:58,dmBAMwBBxoM,いいんですか？こんな神イベント｜ポケモンZA #19,UCMzLWawc9x3rUsqYDEfgqzA,ジャック・オ・蘭たん,['Gaming'],100095,3660,0,345
2025-11-26 13:47:58,JkKNqaEl9Aw,"NEXZ(넥스지) ""Legacy"" Performance Video",UCaO6TYtlC8U5ttz62hTrZgg,JYP Entertainment,['Music'],88168,15922,0,1543
2025-11-26 13:47:58,hn17tmdaAzQ,「ストリートファイターリーグ: Pro-JP 2025」Division F 第10節　☆☆18時40分より初心者必見！SFリーグ: ウォームアップ☆☆,UCu2Fxqf37DAZ0ZhIsd1FZwA,Capcom Fighters JP,['Gaming'],672030,6377,0,88
2025-11-26 13:47:58,7bqePXphj2g,乃木坂46『夢の匂い』MUSIC VIDEO,UCUzpZpX2wRYOk3J8QTFGxDg,乃木坂46 OFFICIAL YouTube CHANNEL,['Music'],226629,17036,0,1480
2025-11-26 13:47:58,z-aco1hi0Iw,新キャラくま＆ボニー100レべフルブ初見リーグ！最強火力のワンパンし放題！【バウンティラッシュ】,UCdkVEDVAW5aFmA-Mkz0lAFQ,ひたまゆ。,['Gaming'],138205,1634,0,255
2025-11-26 13:47:58,CZP11p3DklQ,軌跡,UC8_Ag6BVp43Vmrx6eillK9g,Vaundy - Topic,['Music'],38364,2000,0,101
2025-11-26 13:47:58,CvGT2o7-_ZA,【 DARK SOULS: REMASTERED 】ナイトレインDLCまでに深淵歩きアルトリウスに会いに行く。王覇山、因縁のアノール・ロンドへ。（ 人間性を捧げよ ）【 にじさんじ┊︎葉山舞鈴 】,UCfipDDn7wY-C-SoUChgxCQQ,葉山舞鈴 / Ohayama Ch.,['Gaming'],78867,1525,0,7
2025-11-26 13:47:58,dx4XsqUGm10,MAZZEL / Only You -Dance Practice-,UCMF_5h2OejEhVorTB02UUSg,MAZZEL,['Music'],165798,17404,0,1317
2025-11-26 13:47:58,55xYiuSAp5c,【#ARCRaidersからスレスパ】遠征視野からカードゲーム【Slay the spyer】,UCSFCh5NL4qXrAy9u-u2lX3g,Kuzuha Channel,['Gaming'],258697,4412,0,9
2025-11-26 13:47:58,b1OwvLh8HnU,FMP,UCMR5xpbhv3jzIQG1TOTg-Jg,B'z - Topic,['Music'],6347,200,0,7
2025-11-26 13:47:58,Em805jfRVXs,唯一無二すぎるプレイヤーと対戦し、そのスタイルに感動すら覚えるカワノ【スト6】,UCzRzPAT-AjlPyec5yXG974g,カワノKawano,['Gaming'],61414,2108,0,299
2025-11-26 13:47:58,kux5GmbZhVg,メロリ,UCpYHkc4rzWEW7iVXIyxQebA,Hey! Say! JUMP - Topic,['Music'],5232,497,0,13
2025-11-26 13:47:58,fCDvm0Y3qkw,【 GTAV 】歌鬼ごっこ‼１曲歌い終わるまでリスナーから逃げ切れええええええええ‼🔥【ホロライブ/さくらみこ】,UC-hM6YJuNYVAmUWxeIr9FeA,Miko Ch. さくらみこ,['Gaming'],280285,15043,0,159
2025-11-26 13:47:58,JrI4_jUZe98,SEVENTEEN | THE SMURFS (세븐틴 | 스머프) Ver. '음악의 신' Official MV,UCfkXDY7vwkcJ8ddFGz8KusA,SEVENTEEN,['Music'],229133,45468,0,1840
2025-11-26 13:47:58,Rc8f268ueOE,加藤純一のマリオカートワールドダイジェスト マリオ王への道【2025/11/24】,UCZetZElUvdElPrcstRjl9DA,加藤純一ロードショー,['Gaming'],121393,1475,0,358
2025-11-26 13:47:58,Kc7TkgWiWrc,Kiseki No Younakoto,UCof7dOTnyxaidkKkcIFuflQ,Mone Kamishiraishi - Topic,['Music'],10208,571,0,26
2025-11-26 13:47:58,A3Ki9cI9T9w,任天堂とファンが激怒...新作エアライダーにコックカワサキマイクロビキニという謎のミームが登場して海外でもニュースに/コエテクさんがライザのASMRを販売して爆売れ/チーターを晒し首にした運営が話題に,UCWvr04hMa4k4wSilYcQ4qoA,キャベツの人【ゲーム紹介】,['Gaming'],83002,2026,0,517
2025-11-26 13:47:58,j-8vLi2sMg0,【歌ってみた】星の消えた夜に / covered by Nornis【戌亥とこ/町田ちま/にじさんじ】,UCxWcO9CLti4uouUIS5IIF-Q,Nornis,['Music'],42647,5149,0,76
2025-11-26 13:47:58,aHKMl9HVqZQ,究極の財宝【龍が如く８外伝 Pirates in Hawaii】＃４２,UCZMRuagdTBKmmrFtSMN48Xw,牛沢,['Gaming'],112627,3723,0,324
2025-11-26 13:47:58,Gln8wDtITJ4,Kay-on - SHIN GODZILLA (Official Video),UCdszfKemUn36sOEplfkiGVQ,GPV LABEL,['Music'],29943,2106,0,176
2025-11-26 13:47:58,ITQYMtkP23E,【パチスロ生配信】前日出てるラス1ヴヴヴ2で勝負っ!!【革命機ヴァルヴレイヴ2】,UCdCC1L_OxLrkoEjR19iXpRw,パチスロードch,['Entertainment'],290054,1383,0,0
2025-11-26 13:47:58,4Xt_hR0KNvY,IS:SUE (イッシュ) 'Super Luna' Performance Video,UCqKNMJ5s_vsf7WkesdBrvQA,IS:SUE,['Music'],130192,11227,0,2134
2025-11-26 13:47:58,xx3ZTvOhNoM,【#8】ゼルダの伝説 神々のトライフォース：The Legend of Zelda: A Link to the Past【ホロライブ/大空スバル】,UCvzGlP9oQwU--Y0r9id_jnA,Subaru Ch. 大空スバル,['Gaming'],210458,7888,0,62
2025-11-26 13:47:58,I52yC34Ji2k,YENA「STAR! (feat. Hatsune Miku)」 Music Video,UC4YT50DP7hbMsor8FmyEPMw,Victor Entertainment,['Music'],98969,20041,0,975
2025-11-26 13:47:58,6ixvIIIxwlk,【深夜にパチ配信】東京グールとかのかりとエヴァ15って本当に継続率合ってる？生実践LIVE！パチスロパチンコライブ,UCDhOdoqPxv96djR3tSq9NoA,ショコラ大佐の秘密基地,['Entertainment'],104024,1068,0,0
2025-11-26 13:47:58,eHmQ_b0LkUA,"Stray Kids ""Do It (Turbo Version)"" Lyric Visualizer",UC9rMiEjNaCSsebs31MRDCRA,Stray Kids,['Music'],364356,84840,0,3193
2025-11-26 13:47:58,NkHjY_EaCgY,遂に完成した歴代最強マンチェスターユナイテッドスカッドが強すぎて魔王【eFootball2026アプリ】,UC070fhnqq38qNhqHm5rxTcQ,令和ちゃんねる,['Gaming'],84088,1469,0,92
2025-11-26 13:47:58,gSXQd_5ht0E,【DANCE VIDEO】君セン！ / iLiFE! 【振り動画】,UChVflUz2J_jaaqYjXqvpmQA,iLiFE!【あいらいふ】,['Music'],509866,22277,0,1026
2025-11-26 13:47:58,iKVcCmyqoik,『刀剣乱舞ONLINE』新刀剣男士 三郎国宗(さぶろうくにむね) 登場！,UC56x--_QtyaWD1QptYrPMqA,刀剣乱舞 公式チャンネル,['Gaming'],75704,5368,0,204
2025-11-26 13:47:58,vQpF9mIiYFU,LALALA (Baby it takes two),UC3NrSfe_yR5XX9zGFxYoV1Q,HIRAIDAI - Topic,['Music'],4347,192,0,22
2025-11-26 13:47:58,Gth1zEFH2TM,タグNXで『もあ』『B!KZO』とプルス戦に挑むNX☆くさあん【切り抜き】【マリオカート ワールド】,UCL7VEatXa9yBCKeM-ww8TnA,NX☆くさあん,['Gaming'],82323,1850,0,49
2025-11-26 13:47:58,0GICIe0Tgf8,DIGITAL LOVE,UC6H_7uSepAzrlayBjAb9rrg,WurtS - Topic,['Music'],6674,676,0,24
2025-11-26 13:47:58,e0okJjgNTl0,【今年−294万】エヴァンゲリオン未来への咆哮パチンコライブ配信,UCYe_uTI6X6mm9qaXm8iWFDg,ノッチ配信者パチンコライブ,['Entertainment'],291770,2709,0,6
2025-11-26 13:47:58,vQ_NFqtGDgo,Aiobahn & TAK feat. 初音ミク - DIVA (Official Music Video),UC9qSqkNFiByKzzoxT3Cydyw,Aiobahn,['Music'],67443,14832,0,657
2025-11-26 13:47:58,6kWw9Nn4dIY,【Shadow Corridor】三姉妹ホラーゲーム実況【第二夜 -ヒグラシの回廊-】,UCAWxPGGuIfWME2KTLUmSCHw,ぱかチューブっ!【ウマ娘公式】,['Gaming'],94766,5179,0,315
2025-11-26 13:47:58,v55qDr_jJFA,「レイン・ガール (New Recording) 」佐野元春 & The Coyote Band,UCS57xc1Bf-znC9_ouCc3SZw,佐野元春 - DaisyMusic,['Music'],9326,1054,0,74
2025-11-26 13:47:58,BsyEN86cR0U,プロジェクトセカイ プロセカ放送局 #26,UCdMGYXL38w6htx6Yf9YJa-w,プロジェクトセカイ カラフルステージ! feat. 初音ミク,['Gaming'],228738,7174,0,69
2025-11-26 13:47:58,HP8qpxRpIW8,NOT CUTE ANYMORE,UCNVIo0UJXTdEnsRkCB9Q03w,ILLIT - Topic,['Music'],516106,25855,0,895
2025-11-25 04:26:48,TVqEwvbZP30,RIIZE 라이즈 'Fame' MV,UCEf_Bc-KVd7onSeifS3py9g,SMTOWN,['Music'],712373,72932,0,5972
2025-11-25 04:26:48,vMg1KAFAKiY,'이게 맞아?! 시즌2' Main Trailer,UCLkAepWjdylmXSltofFvsYQ,BANGTANTV,['Music'],730975,141535,0,7927
2025-11-25 04:26:48,-3TOkp_6gRQ,【#にじ遊戯王祭2025】にじさんじ遊戯王マスターデュエル祭 2025 Day3：星巡り杯 ～銀河の織姫決戦～,UCX7YkU9nEeaoZbkVLVajcMg,にじさんじ,['Gaming'],466472,9014,0,66
2025-11-25 04:26:48,x_RYZsOfpKY,ILLIT (아일릿) 'NOT CUTE ANYMORE’ Official MV,UC3IZKseVpdzPSBaWxBxundA,HYBE LABELS,['Music'],3588253,185157,0,12757
2025-11-25 04:26:48,dCmNVtLsYzA,TVSP『アンデッドアンラック』Winter編 メインPV／Undead Unluck |Main Trailer,UCkVvAm5jb62IMIJQj4wPVGA,TMSアニメ公式チャンネル,['Film & Animation'],137996,7501,0,429
2025-11-25 04:26:48,koeM_jz4CdM,超巨大な火山を削りきるまで終われません！【マイクラ】,UCj4PjeVMnNTHIR5EeoNKPAw,ドズル社,['Gaming'],246431,10573,0,1162
2025-11-25 04:26:48,G36amiUCkXU,Juice=Juice『盛れ！ミ・アモーレ』(Concert 2025 Queen of Hearts Special Flush),UC6FadPgGviUcq6VQ0CEJqdQ,Juice=Juice,['Music'],121796,16897,0,3085
2025-11-25 04:26:48,ygIwtR2txaw,キモい顔を爆発させるバケモンに初見殺しされるらっだぁ【R.E.P.O.】,UClNdVSK1uy2xFHTaXZYXopw,らっだぁ,['Gaming'],168034,7643,0,228
2025-11-25 04:26:48,llAI08UYyAw,"Stray Kids ""Do It (Overdrive Version)"" M/V",UCaO6TYtlC8U5ttz62hTrZgg,JYP Entertainment,['Music'],1181624,248187,0,9067
2025-11-25 04:26:48,ex7ieF2B09A,男たちが最後の1人になるまで騙し合うREAL Liar's Bar【The k4sen Con 2025 DAY 2 Supported by ロリポップ！ for Gamers byGMOペパボ】,UChUjERVG8eKEAJSCef-tTmg,k4sen / かせん,['Gaming'],121481,2218,0,117
2025-11-25 04:26:48,dx4XsqUGm10,MAZZEL / Only You -Dance Practice-,UCMF_5h2OejEhVorTB02UUSg,MAZZEL,['Music'],80596,12799,0,1061
2025-11-25 04:26:48,4Ddbjkyy2C0,【深夜にパチ配信】東京グールとかのかりとエヴァ15を全力生実践LIVE！パチスロパチンコライブ,UCDhOdoqPxv96djR3tSq9NoA,ショコラ大佐の秘密基地,['Entertainment'],117792,839,0,0
2025-11-25 04:26:48,gSXQd_5ht0E,【DANCE VIDEO】君セン！ / iLiFE! 【振り動画】,UChVflUz2J_jaaqYjXqvpmQA,iLiFE!【あいらいふ】,['Music'],323063,20195,0,970
2025-11-25 04:26:48,qJvjFBhQ6vQ,一人で無限に攻めてくる敵を迎え撃つゲーム,UChn5TjkeEqd-JxzizMVSkOw,ハヤトの野望,['Gaming'],91366,1584,0,47
2025-11-25 04:26:48,7bqePXphj2g,乃木坂46『夢の匂い』MUSIC VIDEO,UCUzpZpX2wRYOk3J8QTFGxDg,乃木坂46 OFFICIAL YouTube CHANNEL,['Music'],60359,8021,0,935
2025-11-25 04:26:48,GxXpkps21Kc,最終回？【 ポケモンルビー 】チャンピオンダイゴ戦🔥みこちと金コイ伝説～最弱からみんなで最強に育てる旅～【ホロライブ/さくらみこ】,UC-hM6YJuNYVAmUWxeIr9FeA,Miko Ch. さくらみこ,['Gaming'],273675,12299,0,138
2025-11-25 04:26:48,4Xt_hR0KNvY,IS:SUE (イッシュ) 'Super Luna' Performance Video,UCqKNMJ5s_vsf7WkesdBrvQA,IS:SUE,['Music'],50810,6819,0,1416
2025-11-25 04:26:48,YMxjZF3gtoM,【Shadow Corridor】三姉妹ホラーゲーム実況【第一夜 -路地-】,UCAWxPGGuIfWME2KTLUmSCHw,ぱかチューブっ!【ウマ娘公式】,['Gaming'],139963,8938,0,567
2025-11-25 04:26:48,MRYXsF2lblY,RIIZE 'Sticky Like' (Official Audio),UCdVD0MsYecQaIE5Ru-pOIQQ,RIIZE,['Music'],110067,14157,0,779
2025-11-25 04:26:48,-dfR8iYqwK4,なんでこういう事するんや？初使用選手含む全員アニバーサリーの選手でリアタイしたら害悪プレイヤーに遭遇しました【プロスピA】# 1756,UCy9GuRXGTm8TliQ-OJ7KwzA,【V.I.P】,['Gaming'],122405,2579,0,416
2025-11-25 04:26:48,ayjRv2g2UqY,ムカつく -another story- feat. 高梨小麻（CV：石見舞菜香）／HoneyWorks,UCAaGaynFpku5cAx6OOSrW-w,HoneyWorks OFFICIAL,['Music'],296102,17875,0,762
2025-11-25 04:26:48,VhzqSrscVP8,【Lobotomy Corporation】都市のキノコにご用心part49【未遭遇アブノマ回収編】【ゆっくり実況】,UC8rk-fIWJXYlSF8tkfG9wWg,天色鮫,['Gaming'],100890,4740,0,342
2025-11-25 04:26:48,L6tkKvVCs0Y,【MV】どーでもいいよ／まふまふ,UCOTR1tcOAhjgi6YukrPpZxg,まふまふちゃんねる,['Music'],69945,9416,0,502
2025-11-25 04:26:48,MarWse2JmWU,【パチスロ生配信】今日も懲りずにまずはスマスロ北斗でコンプリート目指す！PACHINKO SLOT生放送パチンコパチスロ実戦！11/24,UCOVLrBaOiMH5QDKXTycZ8Pw,やっちゃんの崖っぷちスロパチ生活,['Gaming'],285440,3302,0,21
2025-11-25 04:26:48,kCnD_dMyJ3M,The Bible of The “Eden”,UCZwcUEEjD8RVzB-TAw1ts3g,Eden - Topic,['Music'],45413,2160,0,0
2025-11-25 04:26:48,taSKSaq5qh8,【ArcRaiders】アークレイダーズ ボス討伐編【にじさんじ/ローレン・イロアス】,UCgmFrRcyH7d1zR9sIVQhFow,ローレン・イロアス / Lauren Iroas【にじさんじ】,['Gaming'],226800,3921,0,23
2025-11-25 04:26:48,ANU0lVGfWyo,NOT ME,UCNVIo0UJXTdEnsRkCB9Q03w,ILLIT - Topic,['Music'],155985,20941,0,1747
2025-11-25 04:26:48,6mP-mEHEQcw,日本人を狙う30人チーター中国クランを崩壊させてみた【RUST 実況】,UCXEo7JprZQGCPkezcZylHlQ,黒炭酸,['Gaming'],99253,6637,0,985
2025-11-25 04:26:48,OWpLhNyqeqg,Novelbright - 夢花火 [Official Live Video],UCIJAlAYCNN8RACtDDsy9K6g,Novelbright,['Music'],26817,3155,0,354
2025-11-25 04:26:48,xuL1CDdhsOg,【東京喰種】検証！！パワーストーンつけたら喰種で勝てるのか！？生配信260日目,UCYA14rrNjvQq_P_YSNeJHgA,スロライブ,['Gaming'],210423,2082,0,0
2025-11-25 04:26:48,WsLcF1ojgFU,アンジュルム『トラブルメーカー』〜Dance Practice Ver.〜,UCDwcZ85zjLKD-3-jqlv1wQQ,アンジュルム,['Music'],24585,2216,0,310
2025-11-25 04:26:48,SWdjfMIkQCg,アザールが最強能力×モメンタムバーストで 頂点ST界の王に君臨しました【eFootball2026アプリ】,UC070fhnqq38qNhqHm5rxTcQ,令和ちゃんねる,['Gaming'],87747,1552,0,124
2025-11-25 04:26:48,0-74AHbFWic,＝LOVE（イコールラブ）/ 19th Single c/w『Queens』リハーサル定点映像 (from 8th ANNIVERSARY PREMIUM TOUR),UCv7VutirxDn3RWIJXI68n_A,＝LOVE（イコールラブ）公式チャンネル,['Entertainment'],125330,10817,0,618
2025-11-25 04:26:48,UfVkyXaTGcs,【まとめ】ミオしゃを褒めないとスジモンになるフブさんとみこスバの『マリカサバイバル』面白トークまとめ【大空スバル/さくらみこ/白上フブキ/ホロライブ切り抜き】,UCqMRVBz-hhSFRuqlL1guqig,あひるだっく,['Gaming'],102734,3371,0,74
2025-11-25 04:26:48,8j4RM-bBYvA,福本大晴「すっぴんLOVE」（Music Video）YouTube Edition,UCXqWKjzm2YMH6Bs7rAmsKFw,福本大晴,['Entertainment'],8289,915,0,286
2025-11-25 04:26:48,yRhin7unPeI,これが恐らくビーフ最後の輝きでしょうね【龍が如く８外伝 Pirates in Hawaii】＃４１,UCZMRuagdTBKmmrFtSMN48Xw,牛沢,['Gaming'],116236,4008,0,423
2025-11-25 04:26:48,QRTGKxrKBPM,インビジブル / 歌ってみた【あらき×榊ネス】,UCBhPDpv9JavoPADrZcsAC2A,あらき-ARAKI Official,['Music'],346040,35451,0,959
2025-11-25 04:26:48,j-4AHlLg9XA,荒野のコトブキ飛行隊 攻略法検証‼️ #ぱちスロ部 #パチスロ #スマスロ #スロット#パチンコ #777 #vlog #大学生,UCEfbtVOJgicdHjs5HzOzJlA,ぱち・スロ部,['Entertainment'],,107,0,0
2025-11-25 04:26:48,QJpTBz916MI,にっこり^^調査隊のテーマ / まぐねっと部 cover【宝鐘マリン・火威青・しぐれうい・ルンルン】,UCCzUftO8KOVkV4wQG1vkUvg,Marine Ch. 宝鐘マリン,['Entertainment'],909939,100814,0,2780
2025-11-25 04:26:48,UFozBQrnmII,【桃鉄】今夜は無礼講！4人で新作桃鉄を遊ぶぞおおおおおおおお！！ぺこ！【ホロライブ/兎田ぺこら】,UC1DCedRgGHBdm81E1llLhOQ,Pekora Ch. 兎田ぺこら,['Gaming'],746523,24686,0,393
2025-11-25 04:26:48,vpXtzSpyV_8,tripleS(트리플에스) msnz neptune ‘Fly Up’ Official MV,UCJnL-TBcsYrF2SLs7tmiC8Q,tripleS official,['Music'],121645,12492,0,663
2025-11-25 04:26:48,TAL-HXKac80,YOUR CHANCE TO GET 10K GEMS!,UCooVYzDxdwTtGYAkcPmOgOw,Brawl Stars,['Gaming'],1610171,54657,0,1819
2025-11-25 04:26:48,KDC-EOsNzAg,NCT DREAM 엔시티 드림 'Beat It Up' Dance Practice,UCXURHJRGr4-EB3l87kcbElw,NCT DREAM,['Music'],74783,14336,0,447
2025-11-25 04:26:48,gYEhRoknpZQ,【シャドバWB】愛知大会を〝ムゲン・ほーちゃんドラゴン〟1本で破壊してきた男の物語【Shadowverse: Worlds Beyond】,UCqeAYB1DMzfM-hG-Up52yNQ,つるおかかものはし,['Gaming'],72111,782,0,153
2025-11-25 04:26:48,FFXSoSl_lGg,Vaundy LIVE “僕にはどうしてわかるんだろう” 2025.11.16 one man live VAWS hall tour “little punk” at 東京ガーデンシアター,UC1FQWQ3y3-e8l1pCtWhJt5A,Vaundy,['Music'],83365,4288,0,167
2025-11-25 04:26:48,XtTT5XdZVpw,シークレットな最終回※ちょっと動画長いよ【ゆっくり実況】,UCOjkVJQcjtWnpf0-1ft4brA,ゆっくりむちゃたぬき,['Gaming'],58056,3426,0,175
2025-11-25 04:26:48,4oml768wFnk,REAL,UC8eq3M3Yft3FUgxEX6lOZMg,chotokkyu - Topic,['Music'],27955,2862,0,153
2025-11-25 04:26:48,l57EJ_eLsIc,【攻略法発覚】L荒野のコトブキ飛行隊 相次ぐ撤去について【ゴトブキ】,UCYXmyrGUVL8tX7VEvo_DjPw,シャル@ツモらせ隊,['Entertainment'],60442,790,0,336
2025-11-25 04:26:48,cVL4bRjA6X0,Mili - Peach Pit and Cyanide,UCVh47EKH9VLresRqiYi9txw,Mili,['Music'],164893,23345,0,967
2025-11-25 04:26:48,S3Q33-4q1xo,【桃鉄2】3年決戦ついに決着! 最下位を回避するのはどっちだ!? #8【霜降り明星】,UCpGpA7mSYmNJjLiJxKso5QA,しもふりチューブ,['Comedy'],75078,991,0,74
2025-11-25 08:32:53,TVqEwvbZP30,RIIZE 라이즈 'Fame' MV,UCEf_Bc-KVd7onSeifS3py9g,SMTOWN,['Music'],757761,77535,0,6287
2025-11-25 08:32:53,vMg1KAFAKiY,'이게 맞아?! 시즌2' Main Trailer,UCLkAepWjdylmXSltofFvsYQ,BANGTANTV,['Music'],779733,146788,0,8112
2025-11-25 08:32:53,koeM_jz4CdM,超巨大な火山を削りきるまで終われません！【マイクラ】,UCj4PjeVMnNTHIR5EeoNKPAw,ドズル社,['Gaming'],258420,11154,0,1210
2025-11-25 08:32:53,G36amiUCkXU,Juice=Juice『盛れ！ミ・アモーレ』(Concert 2025 Queen of Hearts Special Flush),UC6FadPgGviUcq6VQ0CEJqdQ,Juice=Juice,['Music'],133862,18262,0,3254
2025-11-25 08:32:53,dCmNVtLsYzA,TVSP『アンデッドアンラック』Winter編 メインPV／Undead Unluck |Main Trailer,UCkVvAm5jb62IMIJQj4wPVGA,TMSアニメ公式チャンネル,['Film & Animation'],147365,7960,0,448
2025-11-25 08:32:53,ygIwtR2txaw,キモい顔を爆発させるバケモンに初見殺しされるらっだぁ【R.E.P.O.】,UClNdVSK1uy2xFHTaXZYXopw,らっだぁ,['Gaming'],177766,8080,0,234
2025-11-25 08:32:53,x_RYZsOfpKY,ILLIT (아일릿) 'NOT CUTE ANYMORE’ Official MV,UC3IZKseVpdzPSBaWxBxundA,HYBE LABELS,['Music'],4000492,204375,0,13660
2025-11-25 08:32:53,-3TOkp_6gRQ,【#にじ遊戯王祭2025】にじさんじ遊戯王マスターデュエル祭 2025 Day3：星巡り杯 ～銀河の織姫決戦～,UCX7YkU9nEeaoZbkVLVajcMg,にじさんじ,['Gaming'],469524,9048,0,70
2025-11-25 08:32:53,llAI08UYyAw,"Stray Kids ""Do It (Overdrive Version)"" M/V",UCaO6TYtlC8U5ttz62hTrZgg,JYP Entertainment,['Music'],1437290,275411,0,9560
2025-11-25 08:32:53,ex7ieF2B09A,男たちが最後の1人になるまで騙し合うREAL Liar's Bar【The k4sen Con 2025 DAY 2 Supported by ロリポップ！ for Gamers byGMOペパボ】,UChUjERVG8eKEAJSCef-tTmg,k4sen / かせん,['Gaming'],130115,2350,0,125
2025-11-25 08:32:53,dx4XsqUGm10,MAZZEL / Only You -Dance Practice-,UCMF_5h2OejEhVorTB02UUSg,MAZZEL,['Music'],86613,13960,0,1123
2025-11-25 08:32:53,qJvjFBhQ6vQ,一人で無限に攻めてくる敵を迎え撃つゲーム,UChn5TjkeEqd-JxzizMVSkOw,ハヤトの野望,['Gaming'],100447,1669,0,50
2025-11-25 08:32:53,7bqePXphj2g,乃木坂46『夢の匂い』MUSIC VIDEO,UCUzpZpX2wRYOk3J8QTFGxDg,乃木坂46 OFFICIAL YouTube CHANNEL,['Music'],80931,10646,0,1050
2025-11-25 08:32:53,GxXpkps21Kc,最終回？【 ポケモンルビー 】チャンピオンダイゴ戦🔥みこちと金コイ伝説～最弱からみんなで最強に育てる旅～【ホロライブ/さくらみこ】,UC-hM6YJuNYVAmUWxeIr9FeA,Miko Ch. さくらみこ,['Gaming'],281916,12609,0,168
2025-11-25 08:32:53,gSXQd_5ht0E,【DANCE VIDEO】君セン！ / iLiFE! 【振り動画】,UChVflUz2J_jaaqYjXqvpmQA,iLiFE!【あいらいふ】,['Music'],327693,20438,0,977
2025-11-25 08:32:53,4Ddbjkyy2C0,【深夜にパチ配信】東京グールとかのかりとエヴァ15を全力生実践LIVE！パチスロパチンコライブ,UCDhOdoqPxv96djR3tSq9NoA,ショコラ大佐の秘密基地,['Entertainment'],118503,840,0,0
2025-11-25 08:32:53,4Xt_hR0KNvY,IS:SUE (イッシュ) 'Super Luna' Performance Video,UCqKNMJ5s_vsf7WkesdBrvQA,IS:SUE,['Music'],55120,7345,0,1482
2025-11-25 08:32:53,YMxjZF3gtoM,【Shadow Corridor】三姉妹ホラーゲーム実況【第一夜 -路地-】,UCAWxPGGuIfWME2KTLUmSCHw,ぱかチューブっ!【ウマ娘公式】,['Gaming'],153409,9554,0,587
2025-11-25 08:32:53,MRYXsF2lblY,RIIZE 'Sticky Like' (Official Audio),UCdVD0MsYecQaIE5Ru-pOIQQ,RIIZE,['Music'],117514,14872,0,812
2025-11-25 08:32:53,PJyQaQosJpk,【クラロワ】アプデ来たからレベル16でトロ１５０００まで蹂躙する【ClashRoyale】,UCeA0fcfLVewbuD7H5YsrpdA,ライキジョーンズ,['Gaming'],65301,792,0,0
2025-11-25 08:32:53,ayjRv2g2UqY,ムカつく -another story- feat. 高梨小麻（CV：石見舞菜香）／HoneyWorks,UCAaGaynFpku5cAx6OOSrW-w,HoneyWorks OFFICIAL,['Music'],310230,18057,0,769
2025-11-25 08:32:53,-dfR8iYqwK4,なんでこういう事するんや？初使用選手含む全員アニバーサリーの選手でリアタイしたら害悪プレイヤーに遭遇しました【プロスピA】# 1756,UCy9GuRXGTm8TliQ-OJ7KwzA,【V.I.P】,['Gaming'],127992,2715,0,427
2025-11-25 08:32:53,L6tkKvVCs0Y,【MV】どーでもいいよ／まふまふ,UCOTR1tcOAhjgi6YukrPpZxg,まふまふちゃんねる,['Music'],75143,10003,0,514
2025-11-25 08:32:53,VhzqSrscVP8,【Lobotomy Corporation】都市のキノコにご用心part49【未遭遇アブノマ回収編】【ゆっくり実況】,UC8rk-fIWJXYlSF8tkfG9wWg,天色鮫,['Gaming'],105822,4949,0,353
2025-11-25 08:32:53,OWpLhNyqeqg,Novelbright - 夢花火 [Official Live Video],UCIJAlAYCNN8RACtDDsy9K6g,Novelbright,['Music'],29216,3379,0,370
2025-11-25 08:32:53,6mP-mEHEQcw,日本人を狙う30人チーター中国クランを崩壊させてみた【RUST 実況】,UCXEo7JprZQGCPkezcZylHlQ,黒炭酸,['Gaming'],107199,6973,0,1021
2025-11-25 08:32:53,ANU0lVGfWyo,NOT ME,UCNVIo0UJXTdEnsRkCB9Q03w,ILLIT - Topic,['Music'],186196,23578,0,1933
2025-11-25 08:32:53,SWdjfMIkQCg,アザールが最強能力×モメンタムバーストで 頂点ST界の王に君臨しました【eFootball2026アプリ】,UC070fhnqq38qNhqHm5rxTcQ,令和ちゃんねる,['Gaming'],94247,1687,0,126
2025-11-25 08:32:53,WsLcF1ojgFU,アンジュルム『トラブルメーカー』〜Dance Practice Ver.〜,UCDwcZ85zjLKD-3-jqlv1wQQ,アンジュルム,['Music'],25683,2324,0,321
2025-11-25 08:32:53,taSKSaq5qh8,【ArcRaiders】アークレイダーズ ボス討伐編【にじさんじ/ローレン・イロアス】,UCgmFrRcyH7d1zR9sIVQhFow,ローレン・イロアス / Lauren Iroas【にじさんじ】,['Gaming'],231782,3985,0,26
2025-11-25 08:32:53,kCnD_dMyJ3M,The Bible of The “Eden”,UCZwcUEEjD8RVzB-TAw1ts3g,Eden - Topic,['Music'],46736,2234,0,0
2025-11-25 08:32:53,MarWse2JmWU,【パチスロ生配信】今日も懲りずにまずはスマスロ北斗でコンプリート目指す！PACHINKO SLOT生放送パチンコパチスロ実戦！11/24,UCOVLrBaOiMH5QDKXTycZ8Pw,やっちゃんの崖っぷちスロパチ生活,['Gaming'],285699,3302,0,23
2025-11-25 08:32:53,8j4RM-bBYvA,福本大晴「すっぴんLOVE」（Music Video）YouTube Edition,UCXqWKjzm2YMH6Bs7rAmsKFw,福本大晴,['Entertainment'],8805,963,0,311
2025-11-25 08:32:53,UfVkyXaTGcs,【まとめ】ミオしゃを褒めないとスジモンになるフブさんとみこスバの『マリカサバイバル』面白トークまとめ【大空スバル/さくらみこ/白上フブキ/ホロライブ切り抜き】,UCqMRVBz-hhSFRuqlL1guqig,あひるだっく,['Gaming'],116867,3702,0,79
2025-11-25 08:32:53,QRTGKxrKBPM,インビジブル / 歌ってみた【あらき×榊ネス】,UCBhPDpv9JavoPADrZcsAC2A,あらき-ARAKI Official,['Music'],350323,35755,0,960
2025-11-25 08:32:53,TAL-HXKac80,YOUR CHANCE TO GET 10K GEMS!,UCooVYzDxdwTtGYAkcPmOgOw,Brawl Stars,['Gaming'],2059642,61493,0,2007
2025-11-25 08:32:53,0-74AHbFWic,＝LOVE（イコールラブ）/ 19th Single c/w『Queens』リハーサル定点映像 (from 8th ANNIVERSARY PREMIUM TOUR),UCv7VutirxDn3RWIJXI68n_A,＝LOVE（イコールラブ）公式チャンネル,['Entertainment'],126381,10893,0,618
2025-11-25 08:32:53,xuL1CDdhsOg,【東京喰種】検証！！パワーストーンつけたら喰種で勝てるのか！？生配信260日目,UCYA14rrNjvQq_P_YSNeJHgA,スロライブ,['Gaming'],210505,2083,0,1
2025-11-25 08:32:53,QJpTBz916MI,にっこり^^調査隊のテーマ / まぐねっと部 cover【宝鐘マリン・火威青・しぐれうい・ルンルン】,UCCzUftO8KOVkV4wQG1vkUvg,Marine Ch. 宝鐘マリン,['Entertainment'],916257,101281,0,2787
2025-11-25 08:32:53,l57EJ_eLsIc,【攻略法発覚】L荒野のコトブキ飛行隊 相次ぐ撤去について【ゴトブキ】,UCYXmyrGUVL8tX7VEvo_DjPw,シャル@ツモらせ隊,['Entertainment'],75440,970,0,429
2025-11-25 08:32:53,KDC-EOsNzAg,NCT DREAM 엔시티 드림 'Beat It Up' Dance Practice,UCXURHJRGr4-EB3l87kcbElw,NCT DREAM,['Music'],80385,15250,0,467
2025-11-25 08:32:53,yRhin7unPeI,これが恐らくビーフ最後の輝きでしょうね【龍が如く８外伝 Pirates in Hawaii】＃４１,UCZMRuagdTBKmmrFtSMN48Xw,牛沢,['Gaming'],121703,4180,0,432
2025-11-25 08:32:53,vpXtzSpyV_8,tripleS(트리플에스) msnz neptune ‘Fly Up’ Official MV,UCJnL-TBcsYrF2SLs7tmiC8Q,tripleS official,['Music'],142218,14161,0,713
2025-11-25 08:32:53,XtTT5XdZVpw,シークレットな最終回※ちょっと動画長いよ【ゆっくり実況】,UCOjkVJQcjtWnpf0-1ft4brA,ゆっくりむちゃたぬき,['Gaming'],62788,3674,0,181
2025-11-25 08:32:53,s5dFrPwvbHY,‘있잖아' - BOYNEXTDOOR (보이넥스트도어) | DOORGROUND,UChhKBlh_wvspTh5n4mL0b5g,BOYNEXTDOOR,['Music'],84687,19785,0,1243
2025-11-25 08:32:53,gYEhRoknpZQ,【シャドバWB】愛知大会を〝ムゲン・ほーちゃんドラゴン〟1本で破壊してきた男の物語【Shadowverse: Worlds Beyond】,UCqeAYB1DMzfM-hG-Up52yNQ,つるおかかものはし,['Gaming'],78838,823,0,155
2025-11-25 08:32:53,7SoVjT-0Rhw,僕が見たかった青空 / 「カイロに月」Music Video【4K】,UC-_iQWdEZY66nGGaHH0Ygmg,僕が見たかった青空,['Entertainment'],12794,1290,0,186
2025-11-25 08:32:53,BDxXPvOdz50,苦戦中のモンハンワイルズ1000万売ってもまだ開発費未回収と話題に/UBIさんやはりトラブっていた模様...株価も上げて下げる/COD新作BO7の売上が半減してしまう/ステラソラに男性蔑視ポーズで物議,UCWvr04hMa4k4wSilYcQ4qoA,キャベツの人【ゲーム紹介】,['Gaming'],87431,1749,0,438
2025-11-25 08:32:53,4oml768wFnk,REAL,UC8eq3M3Yft3FUgxEX6lOZMg,chotokkyu - Topic,['Music'],28466,2914,0,153
2025-11-25 08:32:53,UFozBQrnmII,【桃鉄】今夜は無礼講！4人で新作桃鉄を遊ぶぞおおおおおおおお！！ぺこ！【ホロライブ/兎田ぺこら】,UC1DCedRgGHBdm81E1llLhOQ,Pekora Ch. 兎田ぺこら,['Gaming'],750403,24735,0,398
2025-11-27 02:39:49,XILnJKGc0yo,INI｜'U MINE' Performance Video,UCc-itdQHxLvUlPrDxIiSJrA,INI,['Entertainment'],213819,19804,0,3496
2025-11-27 02:39:49,vIUORnIS_ug,ELDEN RING NIGHTREIGN The Forsaken Hollows | Scholar Character Trailer,UC_ntXHv-XdKCD7CPynVvnQw,Bandai Namco Entertainment America,['Gaming'],309019,13280,0,1013
2025-11-27 02:39:49,dIPZHyTBFz0,『ドラゴンクエストウォーク』の新情報をお届け「スマートウォーク」#131,UCtceiniicYEsbAVuWy-Bi0Q,ドラゴンクエストウォーク公式,['Gaming'],167725,1976,0,253
2025-11-27 02:39:49,b9z3Iaz5Zrc,ヤングスキニー - るっせぇ女【Official Music Video】,UCcg_rvE-fU2tATMwBAxW9bA,ヤングスキニー,['Music'],95448,5578,0,300
2025-11-27 02:39:49,8gAg9uDn2Oo,体力と手持ちが共有の世界で全員合流するまで終われません！ミニミニ編【マイクラ】,UCj4PjeVMnNTHIR5EeoNKPAw,ドズル社,['Gaming'],257655,10599,0,435
2025-11-27 02:39:49,StcmgD_0aRI,モニタリング Cover / Gero,UCFuugQScqDfJcsOEWbL1_tg,Gero Channel,['Music'],72634,8865,0,2365
2025-11-27 02:39:49,eLCjlEYBN3U,課金しまくって放射性ラッキーブロックを100個開けるロブロックス (Roblox),UC9Lx-zRFGfpuls27tNAOIqA,マエスケ,['Gaming'],287142,12068,0,961
2025-11-27 02:39:49,Am2ElEWNvTY,LEX - 完璧だ (Music Video),UCeTo4Eh0TzpKbUL4vGQZ73A,LEX *,['People & Blogs'],33688,2475,0,160
2025-11-27 02:39:49,Bj6tJxDPzoY,みんなでパンを作って1か所に合流しよう!!(ただし100人に邪魔されながら)【マインクラフト】,UClNdVSK1uy2xFHTaXZYXopw,らっだぁ,['Gaming'],176299,8818,0,274
2025-11-27 02:39:49,G36amiUCkXU,Juice=Juice『盛れ！ミ・アモーレ』(Concert 2025 Queen of Hearts Special Flush),UC6FadPgGviUcq6VQ0CEJqdQ,Juice=Juice,['Music'],401600,27085,0,5028
2025-11-27 02:39:49,kSmHmdAnDYc,【原神】限定★５「ドゥリン」は強いのか？先行解説します。性能/武器/聖遺物/PT編成/凸orモチーフ…全てが分かる！,UCjJmYy279ehSYSwR1A3fXtA,マグロヘッド,['Gaming'],190851,5871,0,756
2025-11-27 02:39:49,ES9oYbzYCh8,ILLIT (아일릿) 'NOT CUTE ANYMORE’ Performance Film,UC3IZKseVpdzPSBaWxBxundA,HYBE LABELS,['Music'],169239,34366,0,1290
2025-11-27 02:39:49,SnCG-_lf74w,今までで一番怖いスーパーマーケット経営『 HELLMART 』,UCMJiPpN_09F0aWpQrgbc_qg,キヨ。,['Gaming'],792214,21362,0,1018
2025-11-27 02:39:49,VWg0218G38c,現在がとんでもなく悲惨な事になってるYouTuber4選,UCHvFSU5OP6c7QcJxIr87YtA,ウタエル Utael,['Entertainment'],51325,780,0,157
2025-11-27 02:39:49,LcpCd9VXGjE,【パチスロ生配信】今日もヴァル2や!!そろそろ高設定台を打ちたい!!【革命機ヴァルヴレイヴ2】,UCdCC1L_OxLrkoEjR19iXpRw,パチスロードch,['Entertainment'],333559,1573,0,0
2025-11-27 02:39:49,5-o_tvuKSfM,【Official】Uru 「愛」,UCdPCarwi28K5Z7s5l2nMiLw,Uru Official YouTube Channel,['Music'],34911,2849,0,125
2025-11-27 02:39:49,S0UEqkus7FA,【ミメシス】声と行動を真似するニセモノに騙されないように生き残る！！ぺこ！【ホロライブ/兎田ぺこら】,UC1DCedRgGHBdm81E1llLhOQ,Pekora Ch. 兎田ぺこら,['Gaming'],279309,11684,0,160
2025-11-27 02:39:49,hcJEQXJIALo,ONE N' ONLY／ “RIDE” Music Video,UC8Qwnts13zIh2EYUCau6m3w,ONE N' ONLY TV,['Entertainment'],19842,3150,0,513
2025-11-27 02:39:49,DyINvuS9P34,最強のマシンを進化させるマインクラフト【 マイクラ / マインクラフト 】,UCHazKLThRbMyMFu2bVAKhng,ウォーターチャレンジ,['Gaming'],152870,2144,0,48
2025-11-27 02:39:49,JkKNqaEl9Aw,"NEXZ(넥스지) ""Legacy"" Performance Video",UCaO6TYtlC8U5ttz62hTrZgg,JYP Entertainment,['Music'],231785,19593,0,1765
2025-11-27 02:39:49,2j2jXv6Juxc,初心者 vs. プロ：最強のピリジャー刑務所作り対決,UCM3yhFc0-fBFuvqx1Vg2YNQ,まいぜんシスターズ,['Gaming'],110237,1880,0,71
2025-11-27 02:39:49,TVqEwvbZP30,RIIZE 라이즈 'Fame' MV,UCEf_Bc-KVd7onSeifS3py9g,SMTOWN,['Music'],4486935,105086,0,10122
2025-11-27 02:39:49,tLBq_jH5FDI,"【㊗️ 6周年】""""ポケモン剣盾""""のハイレベルすぎる神試合が激アツすぎたwww【対戦者本人解説あり】",UCmnZL4tFRl4sm-uJOxTLHmg,今日ポケch.,['Gaming'],71313,1260,0,136
2025-11-27 02:39:49,ScutqxM3z_s,Hi-STANDARD - Our Song - OFFICIAL MUSIC VIDEO,UCrQUlOEbu-0T0l4DAcBEeIg,pizzaofdeathofficial,['Music'],180517,8088,0,460
2025-11-27 02:39:49,w0ZQp2CmHHw,庭を埋め尽くす大量の落ち葉を掃除するゲーム,UChn5TjkeEqd-JxzizMVSkOw,ハヤトの野望,['Gaming'],91110,1824,0,184
2025-11-27 02:39:49,CO0MSU3fqAQ,NiziU 「♡Emotion」 FanCam – MIIHI ver -,UCHp2q2i85qt_9nn2H7AvGOw,NiziU Official,['Entertainment'],10790,1828,0,107
2025-11-27 02:39:49,xjUPVppl1DI,4人で協力して本格的な殺人事件を解決に導く『The Case of the Golden Idol』,UCPVr7clenPjpD7WNsSI3UBQ,レトルト,['Gaming'],558179,10164,0,429
2025-11-27 02:39:49,CZP11p3DklQ,軌跡,UC8_Ag6BVp43Vmrx6eillK9g,Vaundy - Topic,['Music'],85150,3066,0,133
2025-11-27 02:39:49,3-caLm2c1XI,これがエスペランサの財宝だ！！【龍が如く８外伝 Pirates in Hawaii】＃４３,UCZMRuagdTBKmmrFtSMN48Xw,牛沢,['Gaming'],108735,3584,0,457
2025-11-27 02:39:49,Iz7mRKij2ao,GLAY「Dead Or Alive」 / アニメ『終末のワルキューレIII』オープニングテーマ Teaser2,UC1DqlLj1onQhBfxW81OgQTw,GLAY,['Entertainment'],7486,526,0,21
2025-11-27 02:39:49,WVVv8Uyok_U,サビ組さんにはよくしてもらってます｜ポケモンZA #20,UCMzLWawc9x3rUsqYDEfgqzA,ジャック・オ・蘭たん,['Gaming'],58562,3459,0,675
2025-11-27 02:39:49,b1OwvLh8HnU,FMP,UCMR5xpbhv3jzIQG1TOTg-Jg,B'z - Topic,['Music'],15216,318,0,7
2025-11-27 02:39:49,OeMmb--HE6k,【MIMESIS】叶カンパニー、出勤します。【にじさんじ/ローレン・イロアス】,UCgmFrRcyH7d1zR9sIVQhFow,ローレン・イロアス / Lauren Iroas【にじさんじ】,['Gaming'],146978,4162,0,47
2025-11-27 02:39:49,kux5GmbZhVg,メロリ,UCpYHkc4rzWEW7iVXIyxQebA,Hey! Say! JUMP - Topic,['Music'],13312,857,0,19
2025-11-27 02:39:49,nzbbL07maKA,【Among Us#304】ここが地獄ですか？超波動砲にロケットに人外が跋扈するアモングアス【ゆっくり実況】,UCy0DH4rgPPjDWVZO7wibcSQ,めめんともり,['Gaming'],110755,6192,0,257
2025-11-27 02:39:49,Kc7TkgWiWrc,Kiseki No Younakoto,UCof7dOTnyxaidkKkcIFuflQ,Mone Kamishiraishi - Topic,['Music'],26367,922,0,34
2025-11-27 02:39:49,Em805jfRVXs,唯一無二すぎるプレイヤーと対戦し、そのスタイルに感動すら覚えるカワノ【スト6】,UCzRzPAT-AjlPyec5yXG974g,カワノKawano,['Gaming'],238144,4628,0,541
2025-11-27 02:39:49,I52yC34Ji2k,YENA「STAR! (feat. Hatsune Miku)」 Music Video,UC4YT50DP7hbMsor8FmyEPMw,Victor Entertainment,['Music'],242049,36295,0,1447
2025-11-27 02:39:49,jvrrjeAYtzs,【実機配信】仮面ライダーＶ３,UCx-QS9BIo_L_lx5dkpys1qw,ねこまんまのパチ•チャンネル,['Entertainment'],73289,232,0,0
2025-11-27 02:39:49,7bqePXphj2g,乃木坂46『夢の匂い』MUSIC VIDEO,UCUzpZpX2wRYOk3J8QTFGxDg,乃木坂46 OFFICIAL YouTube CHANNEL,['Music'],253706,17982,0,1546
2025-11-27 02:39:49,bZ2eyQcJ49o,"今までガチで使った事ない選手！！こんだけ課金してる俺がGET出来ない""この選手""とは！？【プロスピA】# 1757",UCy9GuRXGTm8TliQ-OJ7KwzA,【V.I.P】,['Gaming'],128788,2386,0,346
2025-11-27 02:39:49,JrI4_jUZe98,SEVENTEEN | THE SMURFS (세븐틴 | 스머프) Ver. '음악의 신' Official MV,UCfkXDY7vwkcJ8ddFGz8KusA,SEVENTEEN,['Music'],361850,61833,0,2077
2025-11-27 02:39:49,ineS6XL0vc8,カオスを極める「カービィのエアライダー」が面白すぎる,UCc-PPk-lNe34JaWCcJQCL0g,ドコムスチャンネル,['Gaming'],68430,1899,0,72
2025-11-27 02:39:49,T8w3L1rS3o4,澤野弘之『EARth』Music Video,UCpT4syVopfBl2bATVfAt65g,澤野弘之 / SawanoHiroyuki[nZk],['Music'],40145,2787,0,83
2025-11-27 02:39:49,rOZV4RZrA3A,【今年−304万】東京喰種パチンコライブ配信,UCYe_uTI6X6mm9qaXm8iWFDg,ノッチ配信者パチンコライブ,['Entertainment'],202689,2081,0,6
2025-11-27 02:39:49,dx4XsqUGm10,MAZZEL / Only You -Dance Practice-,UCMF_5h2OejEhVorTB02UUSg,MAZZEL,['Music'],192547,18086,0,1351
2025-11-27 02:39:49,qUgLxkENl6c,おかんの家は24時間後に消えます【まいくら / マインクラフト】,UCJy7zfLsKBXoo2soFMum7JQ,あかさかの箱,['Gaming'],90531,6147,0,314
2025-11-27 02:39:49,Lj1Qi3-zQgg,あの娘は邪惡！,UC5nxCVEWQLLfkPuMylpkYkA,ロス,['Entertainment'],14504,3311,0,124
2025-11-27 02:39:49,C3jcxlsPYLE,【 MIMESIS 】仲間が敵になる！？？！恐怖のスクラップ集め【白上フブキ/ホロライブ】,UCdn5BQ06XqgXoAxIhbqw5Rg,フブキCh。白上フブキ,['Gaming'],178743,9229,0,52
2025-11-27 02:39:49,pzLTGAwn0a4,NCT WISH 1st CONCERT TOUR 'INTO THE WISH : Our WISH' Recap Video,UCiZqWVAeChfqlom5ZPR3ZJA,NCT WISH,['Music'],32974,5407,0,435
2025-11-25 14:41:53,TVqEwvbZP30,RIIZE 라이즈 'Fame' MV,UCEf_Bc-KVd7onSeifS3py9g,SMTOWN,['Music'],874457,84761,0,6954
2025-11-25 14:41:53,vMg1KAFAKiY,'이게 맞아?! 시즌2' Main Trailer,UCLkAepWjdylmXSltofFvsYQ,BANGTANTV,['Music'],821684,151082,0,8250
2025-11-25 14:41:53,fiSsGbfus6I,うんこちゃんのイナズマイレブン 英雄たちのヴィクトリーロード 実況プレイPart4※ネタバレ注意,UCx1nAvtVDIsaGmCMSe8ofsQ,加藤純一【jun channel】,['Gaming'],78141,1089,0,728
2025-11-25 14:41:53,G36amiUCkXU,Juice=Juice『盛れ！ミ・アモーレ』(Concert 2025 Queen of Hearts Special Flush),UC6FadPgGviUcq6VQ0CEJqdQ,Juice=Juice,['Music'],183785,20472,0,3608
2025-11-25 14:41:53,ygIwtR2txaw,キモい顔を爆発させるバケモンに初見殺しされるらっだぁ【R.E.P.O.】,UClNdVSK1uy2xFHTaXZYXopw,らっだぁ,['Gaming'],204793,8818,0,236
2025-11-25 14:41:53,x_RYZsOfpKY,ILLIT (아일릿) 'NOT CUTE ANYMORE’ Official MV,UC3IZKseVpdzPSBaWxBxundA,HYBE LABELS,['Music'],4799018,224794,0,14738
2025-11-25 14:41:53,koeM_jz4CdM,超巨大な火山を削りきるまで終われません！【マイクラ】,UCj4PjeVMnNTHIR5EeoNKPAw,ドズル社,['Gaming'],292119,12156,0,1303
2025-11-25 14:41:53,llAI08UYyAw,"Stray Kids ""Do It (Overdrive Version)"" M/V",UCaO6TYtlC8U5ttz62hTrZgg,JYP Entertainment,['Music'],1723094,296858,0,9929
2025-11-25 14:41:53,-3TOkp_6gRQ,【#にじ遊戯王祭2025】にじさんじ遊戯王マスターデュエル祭 2025 Day3：星巡り杯 ～銀河の織姫決戦～,UCX7YkU9nEeaoZbkVLVajcMg,にじさんじ,['Gaming'],475248,9112,0,74
2025-11-25 14:41:53,7bqePXphj2g,乃木坂46『夢の匂い』MUSIC VIDEO,UCUzpZpX2wRYOk3J8QTFGxDg,乃木坂46 OFFICIAL YouTube CHANNEL,['Music'],130047,12781,0,1182
2025-11-25 14:41:53,ex7ieF2B09A,男たちが最後の1人になるまで騙し合うREAL Liar's Bar【The k4sen Con 2025 DAY 2 Supported by ロリポップ！ for Gamers byGMOペパボ】,UChUjERVG8eKEAJSCef-tTmg,k4sen / かせん,['Gaming'],150240,2617,0,140
2025-11-25 14:41:53,dx4XsqUGm10,MAZZEL / Only You -Dance Practice-,UCMF_5h2OejEhVorTB02UUSg,MAZZEL,['Music'],112544,15379,0,1186
2025-11-25 14:41:53,qJvjFBhQ6vQ,一人で無限に攻めてくる敵を迎え撃つゲーム,UChn5TjkeEqd-JxzizMVSkOw,ハヤトの野望,['Gaming'],115677,1811,0,54
2025-11-25 14:41:53,gSXQd_5ht0E,【DANCE VIDEO】君セン！ / iLiFE! 【振り動画】,UChVflUz2J_jaaqYjXqvpmQA,iLiFE!【あいらいふ】,['Music'],349399,20866,0,989
2025-11-25 14:41:53,YMxjZF3gtoM,【Shadow Corridor】三姉妹ホラーゲーム実況【第一夜 -路地-】,UCAWxPGGuIfWME2KTLUmSCHw,ぱかチューブっ!【ウマ娘公式】,['Gaming'],181643,10601,0,649
2025-11-25 14:41:53,4Xt_hR0KNvY,IS:SUE (イッシュ) 'Super Luna' Performance Video,UCqKNMJ5s_vsf7WkesdBrvQA,IS:SUE,['Music'],70491,8315,0,1659
2025-11-25 14:41:53,GxXpkps21Kc,最終回？【 ポケモンルビー 】チャンピオンダイゴ戦🔥みこちと金コイ伝説～最弱からみんなで最強に育てる旅～【ホロライブ/さくらみこ】,UC-hM6YJuNYVAmUWxeIr9FeA,Miko Ch. さくらみこ,['Gaming'],292580,12833,0,196
2025-11-25 14:41:53,MRYXsF2lblY,RIIZE 'Sticky Like' (Official Audio),UCdVD0MsYecQaIE5Ru-pOIQQ,RIIZE,['Music'],138361,16102,0,886
2025-11-25 14:41:53,-dfR8iYqwK4,なんでこういう事するんや？初使用選手含む全員アニバーサリーの選手でリアタイしたら害悪プレイヤーに遭遇しました【プロスピA】# 1756,UCy9GuRXGTm8TliQ-OJ7KwzA,【V.I.P】,['Gaming'],147733,2921,0,448
2025-11-25 14:41:53,L6tkKvVCs0Y,【MV】どーでもいいよ／まふまふ,UCOTR1tcOAhjgi6YukrPpZxg,まふまふちゃんねる,['Music'],85070,10908,0,538
2025-11-25 14:41:53,4Ddbjkyy2C0,【深夜にパチ配信】東京グールとかのかりとエヴァ15を全力生実践LIVE！パチスロパチンコライブ,UCDhOdoqPxv96djR3tSq9NoA,ショコラ大佐の秘密基地,['Entertainment'],118921,840,0,0
2025-11-25 14:41:53,ayjRv2g2UqY,ムカつく -another story- feat. 高梨小麻（CV：石見舞菜香）／HoneyWorks,UCAaGaynFpku5cAx6OOSrW-w,HoneyWorks OFFICIAL,['Music'],367159,18407,0,775
2025-11-25 14:41:53,SWdjfMIkQCg,アザールが最強能力×モメンタムバーストで 頂点ST界の王に君臨しました【eFootball2026アプリ】,UC070fhnqq38qNhqHm5rxTcQ,令和ちゃんねる,['Gaming'],115247,1852,0,135
2025-11-25 14:41:53,HP8qpxRpIW8,NOT CUTE ANYMORE,UCNVIo0UJXTdEnsRkCB9Q03w,ILLIT - Topic,['Music'],244302,17547,0,783
2025-11-25 14:41:53,6mP-mEHEQcw,日本人を狙う30人チーター中国クランを崩壊させてみた【RUST 実況】,UCXEo7JprZQGCPkezcZylHlQ,黒炭酸,['Gaming'],127552,7669,0,1108
2025-11-25 14:41:53,OWpLhNyqeqg,Novelbright - 夢花火 [Official Live Video],UCIJAlAYCNN8RACtDDsy9K6g,Novelbright,['Music'],37533,3718,0,385
2025-11-25 14:41:53,PJyQaQosJpk,【クラロワ】アプデ来たからレベル16でトロ１５０００まで蹂躙する【ClashRoyale】,UCeA0fcfLVewbuD7H5YsrpdA,ライキジョーンズ,['Gaming'],68538,803,0,3
2025-11-25 14:41:53,8j4RM-bBYvA,福本大晴「すっぴんLOVE」（Music Video）YouTube Edition,UCXqWKjzm2YMH6Bs7rAmsKFw,福本大晴,['Entertainment'],11255,1061,0,347
2025-11-25 14:41:53,VhzqSrscVP8,【Lobotomy Corporation】都市のキノコにご用心part49【未遭遇アブノマ回収編】【ゆっくり実況】,UC8rk-fIWJXYlSF8tkfG9wWg,天色鮫,['Gaming'],116675,5236,0,379
2025-11-25 14:41:53,WsLcF1ojgFU,アンジュルム『トラブルメーカー』〜Dance Practice Ver.〜,UCDwcZ85zjLKD-3-jqlv1wQQ,アンジュルム,['Music'],29320,2492,0,356
2025-11-25 14:41:53,UfVkyXaTGcs,【まとめ】ミオしゃを褒めないとスジモンになるフブさんとみこスバの『マリカサバイバル』面白トークまとめ【大空スバル/さくらみこ/白上フブキ/ホロライブ切り抜き】,UCqMRVBz-hhSFRuqlL1guqig,あひるだっく,['Gaming'],143312,4107,0,88
2025-11-25 14:41:53,kCnD_dMyJ3M,The Bible of The “Eden”,UCZwcUEEjD8RVzB-TAw1ts3g,Eden - Topic,['Music'],53933,2317,0,0
2025-11-25 14:41:53,l57EJ_eLsIc,【攻略法発覚】L荒野のコトブキ飛行隊 相次ぐ撤去について【ゴトブキ】,UCYXmyrGUVL8tX7VEvo_DjPw,シャル@ツモらせ隊,['Entertainment'],101339,1130,0,483
2025-11-25 14:41:53,G_3xr5desOo,"EXILE ATSUSHI + AI（EXILE ATSUSHI LIVE TOUR 2025 ""Heart to Heart"" ～復活祭～）",UCN7_YMtKaUiizHpw77XLVcw,EXILE,['Music'],28596,1588,0,71
2025-11-25 14:41:53,BDxXPvOdz50,苦戦中のモンハンワイルズ1000万売ってもまだ開発費未回収と話題に/UBIさんやはりトラブっていた模様...株価も上げて下げる/COD新作BO7の売上が半減してしまう/ステラソラに男性蔑視ポーズで物議,UCWvr04hMa4k4wSilYcQ4qoA,キャベツの人【ゲーム紹介】,['Gaming'],120654,2065,0,543
2025-11-25 14:41:53,KDC-EOsNzAg,NCT DREAM 엔시티 드림 'Beat It Up' Dance Practice,UCXURHJRGr4-EB3l87kcbElw,NCT DREAM,['Music'],95708,17236,0,506
2025-11-25 14:41:53,TAL-HXKac80,YOUR CHANCE TO GET 10K GEMS!,UCooVYzDxdwTtGYAkcPmOgOw,Brawl Stars,['Gaming'],2325902,65138,0,2095
2025-11-25 14:41:53,cVL4bRjA6X0,Mili - Peach Pit and Cyanide,UCVh47EKH9VLresRqiYi9txw,Mili,['Music'],265280,30898,0,1175
2025-11-25 14:41:53,taSKSaq5qh8,【ArcRaiders】アークレイダーズ ボス討伐編【にじさんじ/ローレン・イロアス】,UCgmFrRcyH7d1zR9sIVQhFow,ローレン・イロアス / Lauren Iroas【にじさんじ】,['Gaming'],239470,4047,0,32
2025-11-25 14:41:53,s5dFrPwvbHY,‘있잖아' - BOYNEXTDOOR (보이넥스트도어) | DOORGROUND,UChhKBlh_wvspTh5n4mL0b5g,BOYNEXTDOOR,['Music'],109428,22900,0,1329
2025-11-25 14:41:53,PtSwg--FueA,"種族値265の""ディグダ""をナメないでください。普通に３タテされます。【ポケモンSV実況】",UCENoC6MLc4pL-vehJyzSWmg,もこうの実況,['Gaming'],71945,847,0,305
2025-11-25 14:41:53,7SoVjT-0Rhw,僕が見たかった青空 / 「カイロに月」Music Video【4K】,UC-_iQWdEZY66nGGaHH0Ygmg,僕が見たかった青空,['Entertainment'],16666,1427,0,202
2025-11-25 14:41:53,yRhin7unPeI,これが恐らくビーフ最後の輝きでしょうね【龍が如く８外伝 Pirates in Hawaii】＃４１,UCZMRuagdTBKmmrFtSMN48Xw,牛沢,['Gaming'],135856,4448,0,446
2025-11-25 14:41:53,3rGi2kiSzkA,Re:Re: from NANO-MUGEN FES.2025 - 2025.06.01 at.K-Arena Yokohama,UC3J-txytRWiRtNXrLS95eEw,ASIAN KUNG-FU GENERATION Official YouTube Channel,['Music'],18506,1542,0,86
2025-11-25 14:41:53,XtTT5XdZVpw,シークレットな最終回※ちょっと動画長いよ【ゆっくり実況】,UCOjkVJQcjtWnpf0-1ft4brA,ゆっくりむちゃたぬき,['Gaming'],76293,4002,0,193
2025-11-25 14:41:53,QRTGKxrKBPM,インビジブル / 歌ってみた【あらき×榊ネス】,UCBhPDpv9JavoPADrZcsAC2A,あらき-ARAKI Official,['Music'],373845,36355,0,967
2025-11-25 14:41:53,MarWse2JmWU,【パチスロ生配信】今日も懲りずにまずはスマスロ北斗でコンプリート目指す！PACHINKO SLOT生放送パチンコパチスロ実戦！11/24,UCOVLrBaOiMH5QDKXTycZ8Pw,やっちゃんの崖っぷちスロパチ生活,['Gaming'],286338,3299,0,24
2025-11-25 14:41:53,0-74AHbFWic,＝LOVE（イコールラブ）/ 19th Single c/w『Queens』リハーサル定点映像 (from 8th ANNIVERSARY PREMIUM TOUR),UCv7VutirxDn3RWIJXI68n_A,＝LOVE（イコールラブ）公式チャンネル,['Entertainment'],130849,11090,0,619
2025-11-25 14:41:53,gYEhRoknpZQ,【シャドバWB】愛知大会を〝ムゲン・ほーちゃんドラゴン〟1本で破壊してきた男の物語【Shadowverse: Worlds Beyond】,UCqeAYB1DMzfM-hG-Up52yNQ,つるおかかものはし,['Gaming'],89604,872,0,161
2025-11-25 14:41:53,4oml768wFnk,REAL,UC8eq3M3Yft3FUgxEX6lOZMg,chotokkyu - Topic,['Music'],32039,2964,0,154
2025-11-27 22:32:02,ZOEZ_cRIkhY,STARGLOW / Moonchaser [BMSG FES'25] DAY1,UCKsVfYfguU3s5vMO5yhcWdw,STARGLOW Official,['Music'],52693,12902,0,916
2025-11-27 22:32:02,NUSpibeVoO0,失われたチャプター: ユキの復讐 | ティザートレーラー,UCwF6o6cF7BMTY1-OZ7ZUY7Q,フォートナイト 公式,['Gaming'],31270,1037,0,98
2025-11-27 22:32:02,6yMFwpzbQCY,モンストニュース[11/27]モンストの最新情報をお届けします！【モンスト公式】,UCd9BXPj-KcMTh0HiB-Vlb8A,モンスト（モンスターストライク）公式,['Gaming'],394914,4167,0,255
2025-11-27 22:32:02,F3C87lOmZBM,RIIZE(라이즈) _ Fame | 1theKILLPO | 원더킬포 | 퍼포먼스 | Performance | 4K,UCqq-ovGE01ErlXakPihhKDA,1theK Originals - 원더케이 오리지널,['Entertainment'],85042,12544,0,1405
2025-11-27 22:32:02,vIUORnIS_ug,ELDEN RING NIGHTREIGN The Forsaken Hollows | Scholar Character Trailer,UC_ntXHv-XdKCD7CPynVvnQw,Bandai Namco Entertainment America,['Gaming'],342708,13953,0,1053
2025-11-27 22:32:02,8B2XU-fUS58,【777リーグ3rd】実戦バトル 第14回戦 (1/3) - 777.LEAGUE3rd【スリーセブンリーグ3rd】[髭原人/シーサ。/レビン/水樹あや],UC0wuDDYK-QTwneeZ6x6pPbw,777パチガブチャンネル,['Entertainment'],91861,2434,0,371
2025-11-27 22:32:02,ES9oYbzYCh8,ILLIT (아일릿) 'NOT CUTE ANYMORE’ Performance Film,UC3IZKseVpdzPSBaWxBxundA,HYBE LABELS,['Music'],561520,64399,0,1953
2025-11-27 22:32:02,wEKNPc0cm9Y,映画『ウィキッド 永遠の約束』本予告＜2026年3月6日(金)より、全国ロードショー！＞,UC9llDCAObCbGpsaa66fClKw,ユニバーサル・ピクチャーズ公式,['Film & Animation'],11641,547,0,
2025-11-27 22:32:02,Nxq6nJJVx5A,燃えろ早抜け選手権！【マイクラ】,UCj4PjeVMnNTHIR5EeoNKPAw,ドズル社,['Gaming'],127219,6248,0,217
2025-11-27 22:32:02,StcmgD_0aRI,モニタリング Cover / Gero,UCFuugQScqDfJcsOEWbL1_tg,Gero Channel,['Music'],128132,12246,0,2727
2025-11-27 22:32:02,o3PX7EjBjvg,50人クラフトBAN覚悟のガチなんでもバスケット,UCoQhX2O93MVTWfgIz-8wOmg,KUNの50人クラフト,['Gaming'],84819,3568,0,358
2025-11-27 22:32:02,VWg0218G38c,現在がとんでもなく悲惨な事になってるYouTuber4選,UCHvFSU5OP6c7QcJxIr87YtA,ウタエル Utael,['Entertainment'],125737,1538,0,273
2025-11-27 22:32:02,ckKFtSlZ5Lw,闘いの儀開始の宣言をしろ！磯野ぉ！【モンストニュース】,UCqfELxLmasBwYET4ZAMfMqA,がみくん,['Gaming'],83858,1300,0,331
2025-11-27 22:32:02,b9z3Iaz5Zrc,ヤングスキニー - るっせぇ女【Official Music Video】,UCcg_rvE-fU2tATMwBAxW9bA,ヤングスキニー,['Music'],139562,7006,0,331
2025-11-27 22:32:02,5eHGs7lX09s,うんこちゃんのイナズマイレブン 英雄たちのヴィクトリーロード 実況プレイPart5※ネタバレ注意,UCx1nAvtVDIsaGmCMSe8ofsQ,加藤純一【jun channel】,['Gaming'],135819,1422,0,1167
2025-11-27 22:32:02,Am2ElEWNvTY,LEX - 完璧だ (Music Video),UCeTo4Eh0TzpKbUL4vGQZ73A,LEX *,['People & Blogs'],80624,4264,0,232
2025-11-27 22:32:02,-DkSyDEQloM,機動戦士ガンダム エクストリームバーサス２ インフィニットブースト「イニブ情報局 ～TOKYO Showdown予選直前SP～」,UCJxxoli_XbupD8SK_TtytAQ,バンダイナムコ アミューズメントユニット公式チャンネル,['Gaming'],65170,,0,2
2025-11-27 22:32:02,AfKzB2lXo7I,SLAVE (Nissy Entertainment “Re:10th Anniversary Final” BEST DOME TOUR),UCkv76wCrBDQNn7ctcbn6Qeg,Nissy - Topic,['Music'],21081,922,0,53
2025-11-27 22:32:02,dIPZHyTBFz0,『ドラゴンクエストウォーク』の新情報をお届け「スマートウォーク」#131,UCtceiniicYEsbAVuWy-Bi0Q,ドラゴンクエストウォーク公式,['Gaming'],201456,2185,0,266
2025-11-27 22:32:02,XILnJKGc0yo,INI｜'U MINE' Performance Video,UCc-itdQHxLvUlPrDxIiSJrA,INI,['Entertainment'],255200,20704,0,3721
2025-11-27 22:32:02,5m86CgLR0Fg,【マイクラ】ゾムも思わず突っ込む最弱の鬼シャオロンいきます【本気れんぼ】,UCsoW5-5KCPFAZwfGU-POUvA,まじめにヤバシティ,['Gaming'],57012,5125,0,197
2025-11-27 22:32:02,5UBc2gXGwKc,Seishun Rock 'n' roll,UC3PFoXZPFJGy9F4PG84nNQQ,Soala - Topic,['Music'],21124,296,0,9
2025-11-27 22:32:02,eLCjlEYBN3U,課金しまくって放射性ラッキーブロックを100個開けるロブロックス (Roblox),UC9Lx-zRFGfpuls27tNAOIqA,マエスケ,['Gaming'],452849,16448,0,1127
2025-11-27 22:32:02,hcJEQXJIALo,ONE N' ONLY／ “RIDE” Music Video,UC8Qwnts13zIh2EYUCau6m3w,ONE N' ONLY TV,['Entertainment'],42103,3969,0,579
2025-11-27 22:32:02,WT1LFvt07Gw,k4senの舌打ちから人狼が始まるマ農場【Farming Simulator 25】,UChUjERVG8eKEAJSCef-tTmg,k4sen / かせん,['Gaming'],58237,1509,0,50
2025-11-27 22:32:02,5-o_tvuKSfM,【Official】Uru 「愛」,UCdPCarwi28K5Z7s5l2nMiLw,Uru Official YouTube Channel,['Music'],66452,4305,0,163
2025-11-27 22:32:02,6-9ej0ztMUA,【バッチ参戦でほぼカッパ!?】ビッグバンするまで終わらないネオプラ実戦　【新台の村田 with 松本バッチ】#ネオプラネット #JIRO　#松本バッチ,UCv0F5yCdnwnBTrcJO2Yr3lQ,きむちゃんねる,['Entertainment'],62381,607,0,56
2025-11-27 22:32:02,CXcBo03He2A,ミジ子の恋,UCDBdcJ3JIg2sjDg8QR3xp-g,Iyowa - Topic,['Music'],36510,4357,0,209
2025-11-27 22:32:02,sEe1U-vDP5k,この界隈はもう熊とか虎じゃ驚かないんだから【龍が如く８外伝 Pirates in Hawaii】＃４４,UCZMRuagdTBKmmrFtSMN48Xw,牛沢,['Gaming'],64632,2677,0,228
2025-11-27 22:32:02,G36amiUCkXU,Juice=Juice『盛れ！ミ・アモーレ』(Concert 2025 Queen of Hearts Special Flush),UC6FadPgGviUcq6VQ0CEJqdQ,Juice=Juice,['Music'],485592,28933,0,5669
2025-11-27 22:32:02,y7XtQu1z9hw,かぐや様は告らせたい｜1GAMEてつの妖回胴中記# 336【パチスロ・スロット】,UCTgIFU4_hG6aA7VfWS8blQg,1GAME TV パチンコパチスロ実践動画,['Gaming'],39617,662,0,112
2025-11-27 22:32:02,FuGOa47BBqg,Brand New Episode,UCy2IDlWr4fbdO2dbka98bSg,HACHI - Topic,['Music'],42190,1219,0,15
2025-11-27 22:32:02,Bj6tJxDPzoY,みんなでパンを作って1か所に合流しよう!!(ただし100人に邪魔されながら)【マインクラフト】,UClNdVSK1uy2xFHTaXZYXopw,らっだぁ,['Gaming'],260095,11482,0,315
2025-11-27 22:32:02,tdYPGxusaYs,NiziU 「♡Emotion」 FanCam – MAYUKA ver -,UCHp2q2i85qt_9nn2H7AvGOw,NiziU Official,['Entertainment'],35476,2772,0,152
2025-11-27 22:32:02,SMAnw64aTXc,世界で８人しか貰えない契約書を開封！交換会に出す選手も今日発表します！！【プロスピA】# 1758,UCy9GuRXGTm8TliQ-OJ7KwzA,【V.I.P】,['Gaming'],60011,2077,0,925
2025-11-27 22:32:02,9jrVtT2nPgQ,【歌ってみた】革命道中 - アイナ・ジ・エンド covered by 明透,UCBLGjbYv6-xxju1i44RjnnA,明透 -ᴀsᴜ-,['Music'],41720,4906,0,107
2025-11-27 22:32:02,4_l1VyTNzrs,【は？】怪しすぎるブレインロットを盗むサーバーに潜入するロブロックス..【ROBLOX】,UCH4yRBPH2pDUjPeqomx8CTQ,てるとくん,['Gaming'],61602,2291,0,1320
2025-11-27 22:32:02,Lj1Qi3-zQgg,あの娘は邪惡！,UC5nxCVEWQLLfkPuMylpkYkA,ロス,['Entertainment'],34136,5155,0,154
2025-11-27 22:32:02,OoLflKFs7YY,【MIMESIS】ヒトの言葉を学習して欺いてくるAIにビビりまくるフブぺこ奏ヴィヴィ【2025.11.26/ホロライブ切り抜き】,UCUbAVVpHteGtGQPPN9lM3oQ,ホロライブ切り抜き/なめたけ,['Entertainment'],108524,2982,0,286
2025-11-27 22:32:02,JkKNqaEl9Aw,"NEXZ(넥스지) ""Legacy"" Performance Video",UCaO6TYtlC8U5ttz62hTrZgg,JYP Entertainment,['Music'],381659,21368,0,1921
2025-11-27 22:32:02,G_oNwC_PjfU,【原神】「強化ウェンティ」は強いのか？先行解説します。性能/武器/聖遺物/PT編成…全てが分かる！【魔導/上方修正】,UCjJmYy279ehSYSwR1A3fXtA,マグロヘッド,['Gaming'],93028,3014,0,350
2025-11-27 22:32:02,WVVv8Uyok_U,サビ組さんにはよくしてもらってます｜ポケモンZA #20,UCMzLWawc9x3rUsqYDEfgqzA,ジャック・オ・蘭たん,['Gaming'],141282,5511,0,824
2025-11-27 22:32:02,UiHPfikroWg,【緊急/新環境】シャドバに息苦しさ感じてる奴これ見ろ‼️クピタンえろすぎて胸が苦しくて窒息しそうだぞ‼️復帰しろ‼️【Shadowverse: Worlds Beyond】,UCqeAYB1DMzfM-hG-Up52yNQ,つるおかかものはし,['Gaming'],38136,736,0,284
2025-11-27 22:32:02,n7pO7F_kP0k,【原神】エピソード ドゥリン「家族への手紙」,UCAVR6Q0YgYa8xwz8rdg9Mrg,原神-Genshin-公式,['Gaming'],117125,15857,0,576
2025-11-27 22:32:02,2j2jXv6Juxc,初心者 vs. プロ：最強のピリジャー刑務所作り対決,UCM3yhFc0-fBFuvqx1Vg2YNQ,まいぜんシスターズ,['Gaming'],245395,2910,0,108
2025-11-27 22:32:02,tGwT5DAU6-s,【MIMESIS】AIが仲間の声を学習し襲ってくる新感覚ホラゲで、本当の恐怖はオリジナル（本物）だと知るローレンたちwww【ローレン 叶カンパニー にじさんじ 切り抜き】,UC-UxhoAxlq57uZ8BA0b1Jyw,FPS切り抜きボット【ローレン・イロアス】,['Gaming'],73849,1354,0,20
2025-11-27 22:32:02,SnCG-_lf74w,今までで一番怖いスーパーマーケット経営『 HELLMART 』,UCMJiPpN_09F0aWpQrgbc_qg,キヨ。,['Gaming'],966501,23835,0,1120
2025-11-27 22:32:02,b29J1g4yWcs,KUNが参加勢だったらまず〇〇をする,UCGjV4bsC43On-YuiLZcfL0w,KUN,['Gaming'],85398,2841,0,244
2025-11-27 22:32:02,Z3CtHc6TEj8,"加藤純一、マリカで""リーヨ""され過ぎて切断【2025/11/25】",UCH-lygWpHodDff3iQurnWnQ,加藤純一切り抜き集,['Entertainment'],81121,818,0,522
2025-11-27 22:32:02,oYKdO-eEHg4,MAX80キロの投手がイーファスピッチを覚えたら魔球に!?  球速80キロの投手がクローザーを目指す物語#6【プロスピ2025】【アカgames】,UC5wr1qJKJOrHHK-haeZkfbg,アカgames,['Gaming'],31462,986,0,188
2025-11-24 15:56:59,gSXQd_5ht0E,【DANCE VIDEO】君セン！ / iLiFE! 【振り動画】,UChVflUz2J_jaaqYjXqvpmQA,iLiFE!【あいらいふ】,['Music'],229922,17904,0,916
2025-11-24 15:56:59,vMg1KAFAKiY,'이게 맞아?! 시즌2' Main Trailer,UCLkAepWjdylmXSltofFvsYQ,BANGTANTV,['Music'],379510,97074,0,6063
2025-11-24 15:56:59,4l9Ni3tjbwM,【#にじ遊戯王祭2025】にじさんじ遊戯王マスターデュエル祭 2025 Day2：敗者復活＆決勝トーナメント,UCX7YkU9nEeaoZbkVLVajcMg,にじさんじ,['Gaming'],1045688,11824,0,107
2025-11-24 15:56:59,ayjRv2g2UqY,ムカつく -another story- feat. 高梨小麻（CV：石見舞菜香）／HoneyWorks,UCAaGaynFpku5cAx6OOSrW-w,HoneyWorks OFFICIAL,['Music'],196491,15432,0,708
2025-11-24 15:56:59,dCmNVtLsYzA,TVSP『アンデッドアンラック』Winter編 メインPV／Undead Unluck |Main Trailer,UCkVvAm5jb62IMIJQj4wPVGA,TMSアニメ公式チャンネル,['Film & Animation'],86547,5467,0,342
2025-11-24 15:56:59,jRgzfKDTI7g,超スローになったり超高速になる世界でエンドラ討伐【マイクラ】,UCj4PjeVMnNTHIR5EeoNKPAw,ドズル社,['Gaming'],307659,9033,0,302
2025-11-24 15:56:59,llAI08UYyAw,"Stray Kids ""Do It (Overdrive Version)"" M/V",UCaO6TYtlC8U5ttz62hTrZgg,JYP Entertainment,['Music'],181894,87116,0,5127
2025-11-24 15:56:59,tk9FDjJd6zM,『ストレンジャー・シングス 未知の世界 5』VOL 1 予告編 - Netflix,UCv2ejD5B1xOYtGB2cf80B8g,Netflix Japan,['Entertainment'],11212,305,0,36
2025-11-24 15:56:59,UFozBQrnmII,【桃鉄】今夜は無礼講！4人で新作桃鉄を遊ぶぞおおおおおおおお！！ぺこ！【ホロライブ/兎田ぺこら】,UC1DCedRgGHBdm81E1llLhOQ,Pekora Ch. 兎田ぺこら,['Gaming'],709742,24168,0,351
2025-11-24 15:56:59,yxXNIzrfPNQ,Trap,UC6qVAJzxF5kSN_UUFSdODiQ,MAZZEL - Topic,['Music'],38199,4285,0,617
2025-11-24 15:56:59,IftQ9zQ06-0,【GTA6】スペシャルトレーラー『グラセフ』新作の世界観を諏訪部順一ナレで紹介！,UCtPyU9cJgvvgH03PQKgaucA,ファミ通TUBE,['Gaming'],8883,298,0,37
2025-11-24 15:56:59,6hIKI8RZ1ys,【パチスロ生配信】千葉県ピーアーク千葉駅前店でスマスロ北斗取れた！今日こそはコンプするかも！後半戦！PACHINKO SLOT生放送パチンコパチスロ実戦！11/23,UCOVLrBaOiMH5QDKXTycZ8Pw,やっちゃんの崖っぷちスロパチ生活,['Gaming'],428960,6962,0,15
2025-11-24 15:56:59,QJpTBz916MI,にっこり^^調査隊のテーマ / まぐねっと部 cover【宝鐘マリン・火威青・しぐれうい・ルンルン】,UCCzUftO8KOVkV4wQG1vkUvg,Marine Ch. 宝鐘マリン,['Entertainment'],815900,95390,0,2688
2025-11-24 15:56:59,h09ng9lTOEM,【HD-2D版ドラゴンクエストI＆II】あと2個！残りの紋章も集めにいくぞ！！※ネタバレ注意【胡桃沢りりか】,UCYLp2FLXcqLUZhvrCxQmNIA,胡桃沢りりか,['Gaming'],168456,1505,0,3
2025-11-24 15:56:59,kCnD_dMyJ3M,The Bible of The “Eden”,UCZwcUEEjD8RVzB-TAw1ts3g,Eden - Topic,['Music'],25794,1686,0,0
2025-11-24 15:56:59,oLY17RG3OMI,体調不良で離脱していたk4senが乱入するリアルバックショット【The k4sen Con 2025 DAY 1 Supported by ロリポップ！ for Gamers byGMOペパボ】,UChUjERVG8eKEAJSCef-tTmg,k4sen / かせん,['Gaming'],149981,3015,0,209
2025-11-24 15:56:59,QRTGKxrKBPM,インビジブル / 歌ってみた【あらき×榊ネス】,UCBhPDpv9JavoPADrZcsAC2A,あらき-ARAKI Official,['Music'],290511,32849,0,919
2025-11-24 15:56:59,9XNqe5r8xHI,【#ARCRaiders】ヘイチームアップ【イブラヒム、ローレン】,UCSFCh5NL4qXrAy9u-u2lX3g,Kuzuha Channel,['Gaming'],395123,5761,0,19
2025-11-24 15:56:59,0-74AHbFWic,＝LOVE（イコールラブ）/ 19th Single c/w『Queens』リハーサル定点映像 (from 8th ANNIVERSARY PREMIUM TOUR),UCv7VutirxDn3RWIJXI68n_A,＝LOVE（イコールラブ）公式チャンネル,['Entertainment'],103071,9830,0,579
2025-11-24 15:56:59,dolefeooLzc,誰もが驚く闇がある「回転寿司屋🍣」で働くホラーゲームが怖すぎる【The Sushi House】,UCzXjPL7zo0bxhOYDxLJ9YEg,ポッキー,['Gaming'],163030,3723,0,258
2025-11-24 15:56:59,4oml768wFnk,REAL,UC8eq3M3Yft3FUgxEX6lOZMg,chotokkyu - Topic,['Music'],17950,2392,0,142
2025-11-24 15:56:59,7gDl4S3wB14,超激レアの新しいブレインロット6体全て盗むロブロックス (Roblox),UC9Lx-zRFGfpuls27tNAOIqA,マエスケ,['Gaming'],341628,6894,0,685
2025-11-24 15:56:59,FFXSoSl_lGg,Vaundy LIVE “僕にはどうしてわかるんだろう” 2025.11.16 one man live VAWS hall tour “little punk” at 東京ガーデンシアター,UC1FQWQ3y3-e8l1pCtWhJt5A,Vaundy,['Music'],50440,3422,0,151
2025-11-24 15:56:59,LUQ28DBF7EU,どるぴんが病んでるらしい,UCGjV4bsC43On-YuiLZcfL0w,KUN,['Gaming'],59854,2416,0,221
2025-11-24 15:56:59,tPMkWfK6N-E,[STAGE CLIP] 'Wolf type' ~ 'Feel the Pulse' | ROCK IN JAPAN FESTIVAL 2025 | &TEAM,UCHD1jo5RhijLfx5-0Ehe_cg,&TEAM,['People & Blogs'],66802,7899,0,434
2025-11-24 15:56:59,xZFWSWcQ3As,【#KZHCUP_RUMBLE】真 本間ひまわり爆誕！？シュートさんの指導で生まれ変わるひまち【にじさんじ切り抜き/本間ひまわり/shuto/不破湊/北見遊征/げまじょ】,UCqQNCRSihFHVsXrDikNeYSg,げまじょが好き【にじさんじEXゲマズ切り抜き】,['Gaming'],52093,711,0,53
2025-11-24 15:56:59,5ftlnz91DaM,【MAD】イマジナリー息子,UCkKj-SiKyiFkj_dO1vmY3gA,加藤純一RECORDS,['Entertainment'],73187,5888,0,360
2025-11-24 15:56:59,snH3HQSF7Ew,KONAMIやってくれたなぁ！！大金かけて獲得したバッキーがナックルの弱体化を受けた結果...【プロスピA】# 1755,UCy9GuRXGTm8TliQ-OJ7KwzA,【V.I.P】,['Gaming'],181490,3340,0,619
2025-11-24 15:56:59,tmVYOETfA10,"MAKE IT, BREAK IT",UC3VId8brfshtHO6gMMqnZ5A,FLOW GLOW - Topic,['Music'],10025,1468,0,54
2025-11-24 15:56:59,DOmdfYIPBXE,トゥルトゥルトゥルサフールの都市伝説を検証した結果...マイクラ都市伝説【 マイクラ / マインクラフト 】,UCHazKLThRbMyMFu2bVAKhng,ウォーターチャレンジ,['Gaming'],249879,2514,0,82
2025-11-24 15:56:59,IZ9kqxCDvAs,【期間限定公開】M!LK - 好きすぎて滅！(from CDTVライブ！ライブ！),UCFvSFbT8okMrpuFxBEIB2lg,M!LK,['Music'],484142,24887,0,1724
2025-11-24 15:56:59,24VDsNgWNfw,月曜ガチャ更新引くぞ配信【eFootballアプリ2026/イーフト】,UCKU0SVkIPRqwiZaXJ9rXhdw,シュート。,['Gaming'],69742,401,0,1
2025-11-24 15:56:59,lUHLwBOY04I,【崩壊：スターレイル】零光 | 宮野真守 / EVAKOI - HoYoFair,UCHzevlEL9JfsBIm86uNCJqg,宮野真守,['Music'],84642,10548,0,244
2025-11-24 15:56:59,BT4XRgmCjjQ,【PUACL2026日本リーグ】Day1 | Pokémon UNITE Asia Champions League 2026 JAPAN League | ポケモンユナイト A配信,UCvo8JUqHh2d1QGnK3LKyI4Q,ポケモンユナイト公式チャンネル,['Gaming'],195013,,0,18
2025-11-24 15:56:59,6L7xTio0QyY,【MV】AIM&RHYME / りうら【FAKE TYPE.書き下ろし】,UCBuLdF0tQn5oZjpvYWSQkaA,Liura Channel,['Entertainment'],20544,4284,0,436
2025-11-24 15:56:59,VXsWwTTgt78,【 🔴同時視聴 】#FLOWGLOW  の3Dライブを一緒に楽しもう！🌽🍙【 #にゃんぐこーん/ホロライブ 】,UCvaTdHTWBGv3MKj3KVqJVCw,Okayu Ch. 猫又おかゆ,['Entertainment'],243839,11507,0,64
2025-11-24 15:56:59,DG4ax7ec64o,クラシックを弾くと思っている海外の観客にマリオを弾いちゃうピアニストwww,UC_DopZ9OANqNGho0wFwADqA,けいちゃん / Keichan,['Music'],364717,4741,0,240
2025-11-24 15:56:59,QebVV6D641k,よしなまが作ったゲーム「マモンキング」PVを見る加藤純一【2025/11/22】,UCH-lygWpHodDff3iQurnWnQ,加藤純一切り抜き集,['Entertainment'],150069,839,0,573
2025-11-24 15:56:59,xcqjxAXsbHU,BUMP OF CHICKEN「I」,UCOfESRUR5duQ2hMnTQ4oqhA,BUMP OF CHICKEN,['Music'],427906,24751,0,1108
2025-11-24 15:56:59,oslNxV_8Q2c,【Minecraft】ラムベガスで儲かる方法‼ 施設作りにいくにぇ！！！！！！！！【ホロライブ/さくらみこ】,UC-hM6YJuNYVAmUWxeIr9FeA,Miko Ch. さくらみこ,['Gaming'],238769,10273,0,112
2025-11-24 15:56:59,IcWvUlwcKAI,A.B.C-Z / BEST OF A.B.C-Z-COUPLING BEST-,UC-ifW8mHzfsZVGHY8vxqrjA,A.B.C-Z,['Entertainment'],2174,825,0,71
2025-11-24 15:56:59,sgi_eji-ysM,【ArcRaiders】イブラヒムと葛葉とドンシュー【にじさんじ/ローレン・イロアス】,UCgmFrRcyH7d1zR9sIVQhFow,ローレン・イロアス / Lauren Iroas【にじさんじ】,['Gaming'],250375,5230,0,61
2025-11-24 15:56:59,IW14wQJKSC4,"IO - Trust Me feat. Crystal Kay, Shurkn Pap (Prod. YoungBeat’s Instrumental)",UC__iCxFigPdcry_UBv6sDGw,IO,['Music'],70236,3545,0,143
2025-11-24 15:56:59,UF4n5zmzx9A,普段下手くその中身がエンドラRTAガチ勢だった時いつバレるのか？ドッキリ！,UCDbUUremwf8k1x1GTYfB1Ng,ニート部クラフト,['Gaming'],118878,3560,0,216
2025-11-24 15:56:59,4-6IONBWRMQ,KZHCUPの顔合わせでコーチ陣の格付けマッチ開催!!試合を通してバーンアウトがいかにダメかを教え込む立川【伊波ライ/小柳ロウ/神田笑一/にじさんじ】【立川/CR/スト6】,UCRDJ3DN-6ND_a4LSJ35L91A,立川ちゃんねる,['Gaming'],74050,1320,0,30
2025-11-24 15:56:59,_6xcFXlJcX8,【面白まとめ】ジップライン突撃に味を占めジッパーズを結成する葛葉達【にじさんじ/切り抜き/ARC】,UCMGvmEqkVbl372DCyn3NLAw,【吹いたら負け】葛葉先生のしくじり【切り抜き】,['Gaming'],62486,752,0,23
2025-11-24 15:56:59,uOZRP1-dvhA,【桃鉄】無礼講桃鉄でちんこ料理屋の物件名に気付きときのそらに言わせようとするぺこらとねねちｗ【ホロライブ切り抜き/兎田ぺこら/大空スバル/ときのそら/桃鈴ねね】,UCrKna8EQAd7NPRYq-gIsuow,ホロライ部【ホロライブ切り抜き】,['Gaming'],93261,1152,0,105
2025-11-24 15:56:59,oVwGURkvEq4,直近10日で50万溶けてるパチスロという神ゲー　そろそろ勝てるべき【夜勤明け 実践 1504】,UCOXOcEbERAwGlE4ig9MaLSQ,夜勤明けパチンコパチスロ実践記,['Entertainment'],108986,1529,0,601
2025-11-24 15:56:59,wUGh03rLZbY,【スマブラSP】ついにガノン以外も解禁！いろいろなチームの即死を開拓してみた！【ガノンドロフ+αチームゆっくり実況part30】,UCyTaStlK0neSuKveYOIioaw,ぐんぐにるチャンネル,['Gaming'],40478,2056,0,178
2025-11-24 15:56:59,Aj8AmqTQkAs,ベストバウト賞を今大会最も城之内だったチャイカに譲るましろ【にじさんじ / #にじ遊戯王2025】,UCeK22JmzkTMa69kZU9NEqsA,めじの【Vtuber応援隊】,['Entertainment'],57615,730,0,44
2025-11-28 05:19:59,ZOEZ_cRIkhY,STARGLOW / Moonchaser [BMSG FES'25] DAY1,UCKsVfYfguU3s5vMO5yhcWdw,STARGLOW Official,['Music'],172343,18417,0,1277
2025-11-28 05:19:59,NUSpibeVoO0,失われたチャプター: ユキの復讐 | ティザートレーラー,UCwF6o6cF7BMTY1-OZ7ZUY7Q,フォートナイト 公式,['Gaming'],35533,1077,0,101
2025-11-28 05:19:59,8B2XU-fUS58,【777リーグ3rd】実戦バトル 第14回戦 (1/3) - 777.LEAGUE3rd【スリーセブンリーグ3rd】[髭原人/シーサ。/レビン/水樹あや],UC0wuDDYK-QTwneeZ6x6pPbw,777パチガブチャンネル,['Entertainment'],306987,3787,0,573
2025-11-28 05:19:59,F3C87lOmZBM,RIIZE(라이즈) _ Fame | 1theKILLPO | 원더킬포 | 퍼포먼스 | Performance | 4K,UCqq-ovGE01ErlXakPihhKDA,1theK Originals - 원더케이 오리지널,['Entertainment'],198682,17907,0,1712
2025-11-28 05:19:59,wEKNPc0cm9Y,映画『ウィキッド 永遠の約束』本予告＜2026年3月6日(金)より、全国ロードショー！＞,UC9llDCAObCbGpsaa66fClKw,ユニバーサル・ピクチャーズ公式,['Film & Animation'],19675,680,0,
2025-11-28 05:19:59,6yMFwpzbQCY,モンストニュース[11/27]モンストの最新情報をお届けします！【モンスト公式】,UCd9BXPj-KcMTh0HiB-Vlb8A,モンスト（モンスターストライク）公式,['Gaming'],447556,4340,0,262
2025-11-28 05:19:59,ES9oYbzYCh8,ILLIT (아일릿) 'NOT CUTE ANYMORE’ Performance Film,UC3IZKseVpdzPSBaWxBxundA,HYBE LABELS,['Music'],671599,69829,0,2082
2025-11-28 05:19:59,Nxq6nJJVx5A,燃えろ早抜け選手権！【マイクラ】,UCj4PjeVMnNTHIR5EeoNKPAw,ドズル社,['Gaming'],223667,7840,0,266
2025-11-28 05:19:59,StcmgD_0aRI,モニタリング Cover / Gero,UCFuugQScqDfJcsOEWbL1_tg,Gero Channel,['Music'],165708,12775,0,2785
2025-11-28 05:19:59,o3PX7EjBjvg,50人クラフトBAN覚悟のガチなんでもバスケット,UCoQhX2O93MVTWfgIz-8wOmg,KUNの50人クラフト,['Gaming'],130818,4143,0,411
2025-11-28 05:19:59,VWg0218G38c,現在がとんでもなく悲惨な事になってるYouTuber4選,UCHvFSU5OP6c7QcJxIr87YtA,ウタエル Utael,['Entertainment'],137921,1616,0,281
2025-11-28 05:19:59,ckKFtSlZ5Lw,闘いの儀開始の宣言をしろ！磯野ぉ！【モンストニュース】,UCqfELxLmasBwYET4ZAMfMqA,がみくん,['Gaming'],126455,1519,0,345
2025-11-28 05:19:59,Am2ElEWNvTY,LEX - 完璧だ (Music Video),UCeTo4Eh0TzpKbUL4vGQZ73A,LEX *,['People & Blogs'],96681,4596,0,242
2025-11-28 05:19:59,y7XtQu1z9hw,かぐや様は告らせたい｜1GAMEてつの妖回胴中記# 336【パチスロ・スロット】,UCTgIFU4_hG6aA7VfWS8blQg,1GAME TV パチンコパチスロ実践動画,['Gaming'],86174,942,0,148
2025-11-28 05:19:59,AfKzB2lXo7I,SLAVE (Nissy Entertainment “Re:10th Anniversary Final” BEST DOME TOUR),UCkv76wCrBDQNn7ctcbn6Qeg,Nissy - Topic,['Music'],26870,1006,0,55
2025-11-28 05:19:59,5m86CgLR0Fg,【マイクラ】ゾムも思わず突っ込む最弱の鬼シャオロンいきます【本気れんぼ】,UCsoW5-5KCPFAZwfGU-POUvA,まじめにヤバシティ,['Gaming'],102633,6281,0,231
2025-11-28 05:19:59,b9z3Iaz5Zrc,ヤングスキニー - るっせぇ女【Official Music Video】,UCcg_rvE-fU2tATMwBAxW9bA,ヤングスキニー,['Music'],162164,7359,0,336
2025-11-28 05:19:59,WT1LFvt07Gw,k4senの舌打ちから人狼が始まるマ農場【Farming Simulator 25】,UChUjERVG8eKEAJSCef-tTmg,k4sen / かせん,['Gaming'],100878,1960,0,58
2025-11-28 05:19:59,5oKKmCT-_4s,大・団・円  / T-Pis MV,UCWXDEaOxoT8gkk83ZEB5Onw,TP ZONE,['People & Blogs'],23868,1880,0,155
2025-11-28 05:19:59,6-9ej0ztMUA,【バッチ参戦でほぼカッパ!?】ビッグバンするまで終わらないネオプラ実戦　【新台の村田 with 松本バッチ】#ネオプラネット #JIRO　#松本バッチ,UCv0F5yCdnwnBTrcJO2Yr3lQ,きむちゃんねる,['Entertainment'],110962,779,0,61
2025-11-28 05:19:59,XILnJKGc0yo,INI｜'U MINE' Performance Video,UCc-itdQHxLvUlPrDxIiSJrA,INI,['Entertainment'],269206,20887,0,3755
2025-11-28 05:19:59,5eHGs7lX09s,うんこちゃんのイナズマイレブン 英雄たちのヴィクトリーロード 実況プレイPart5※ネタバレ注意,UCx1nAvtVDIsaGmCMSe8ofsQ,加藤純一【jun channel】,['Gaming'],168351,1555,0,1212
2025-11-28 05:19:59,hcJEQXJIALo,ONE N' ONLY／ “RIDE” Music Video,UC8Qwnts13zIh2EYUCau6m3w,ONE N' ONLY TV,['Entertainment'],80732,4076,0,587
2025-11-28 05:19:59,SMAnw64aTXc,世界で８人しか貰えない契約書を開封！交換会に出す選手も今日発表します！！【プロスピA】# 1758,UCy9GuRXGTm8TliQ-OJ7KwzA,【V.I.P】,['Gaming'],147589,2639,0,1158
2025-11-28 05:19:59,5UBc2gXGwKc,Seishun Rock 'n' roll,UC3PFoXZPFJGy9F4PG84nNQQ,Soala - Topic,['Music'],23492,300,0,9
2025-11-28 05:19:59,sEe1U-vDP5k,この界隈はもう熊とか虎じゃ驚かないんだから【龍が如く８外伝 Pirates in Hawaii】＃４４,UCZMRuagdTBKmmrFtSMN48Xw,牛沢,['Gaming'],101601,3198,0,255
2025-11-28 05:19:59,5-o_tvuKSfM,【Official】Uru 「愛」,UCdPCarwi28K5Z7s5l2nMiLw,Uru Official YouTube Channel,['Music'],82468,4706,0,172
2025-11-28 05:19:59,-DkSyDEQloM,機動戦士ガンダム エクストリームバーサス２ インフィニットブースト「イニブ情報局 ～TOKYO Showdown予選直前SP～」,UCJxxoli_XbupD8SK_TtytAQ,バンダイナムコ アミューズメントユニット公式チャンネル,['Gaming'],93459,,0,6
2025-11-28 05:19:59,CXcBo03He2A,ミジ子の恋,UCDBdcJ3JIg2sjDg8QR3xp-g,Iyowa - Topic,['Music'],46953,4852,0,232
2025-11-28 05:19:59,UiHPfikroWg,【緊急/新環境】シャドバに息苦しさ感じてる奴これ見ろ‼️クピタンえろすぎて胸が苦しくて窒息しそうだぞ‼️復帰しろ‼️【Shadowverse: Worlds Beyond】,UCqeAYB1DMzfM-hG-Up52yNQ,つるおかかものはし,['Gaming'],73052,904,0,303
2025-11-28 05:19:59,mdI6LWIe8Og,稲垣潤一 - クリスマスキャロルの頃には (2025.10.11 稲垣潤一コンサート2025  at 板橋区立文化会館),UCapLmxI6gv5WBd3N3sUVG8Q,稲垣潤一 Official,['Music'],10096,783,0,55
2025-11-28 05:19:59,ZjN51G8c5-k,【ドラクエウォーク】根絶やしの竜のソロ安定攻略法！1年前の覇権武器で楽勝でした！,UC9-yZkJfxtg6WNCX5mUQb0w,ノゴローチャンネル,['Gaming'],62206,759,0,27
2025-11-28 05:19:59,G36amiUCkXU,Juice=Juice『盛れ！ミ・アモーレ』(Concert 2025 Queen of Hearts Special Flush),UC6FadPgGviUcq6VQ0CEJqdQ,Juice=Juice,['Music'],523580,29511,0,5801
2025-11-28 05:19:59,YH_PW-Y7LF0,【マリオカートワールド】くさあん1st / #2,UCL7VEatXa9yBCKeM-ww8TnA,NX☆くさあん,['Gaming'],56121,1819,0,97
2025-11-28 05:19:59,u6nhdi1pJWI,"LIBRO ""なかいま feat. 鎮座DOPENESS""",UCxhPsqKunv6674tZcQoEzOg,LIBRO,['Music'],15996,1342,0,63
2025-11-28 05:19:59,eLCjlEYBN3U,課金しまくって放射性ラッキーブロックを100個開けるロブロックス (Roblox),UC9Lx-zRFGfpuls27tNAOIqA,マエスケ,['Gaming'],475444,16604,0,1141
2025-11-28 05:19:59,FuGOa47BBqg,Brand New Episode,UCy2IDlWr4fbdO2dbka98bSg,HACHI - Topic,['Music'],48391,1258,0,15
2025-11-28 05:19:59,dIPZHyTBFz0,『ドラゴンクエストウォーク』の新情報をお届け「スマートウォーク」#131,UCtceiniicYEsbAVuWy-Bi0Q,ドラゴンクエストウォーク公式,['Gaming'],203997,2195,0,271
2025-11-28 05:19:59,tdYPGxusaYs,NiziU 「♡Emotion」 FanCam – MAYUKA ver -,UCHp2q2i85qt_9nn2H7AvGOw,NiziU Official,['Entertainment'],42770,2880,0,156
2025-11-28 05:19:59,oYKdO-eEHg4,MAX80キロの投手がイーファスピッチを覚えたら魔球に!?  球速80キロの投手がクローザーを目指す物語#6【プロスピ2025】【アカgames】,UC5wr1qJKJOrHHK-haeZkfbg,アカgames,['Gaming'],67583,1288,0,234
2025-11-28 05:19:59,Lj1Qi3-zQgg,あの娘は邪惡！,UC5nxCVEWQLLfkPuMylpkYkA,ロス,['Entertainment'],40635,5472,0,162
2025-11-28 05:19:59,uGM14iCUu0w,加藤純一が禁煙失敗した理由【2025/11/26-27】,UCH-lygWpHodDff3iQurnWnQ,加藤純一切り抜き集,['Entertainment'],114692,1052,0,483
2025-11-28 05:19:59,G_oNwC_PjfU,【原神】「強化ウェンティ」は強いのか？先行解説します。性能/武器/聖遺物/PT編成…全てが分かる！【魔導/上方修正】,UCjJmYy279ehSYSwR1A3fXtA,マグロヘッド,['Gaming'],118696,3323,0,373
2025-11-28 05:19:59,Bj6tJxDPzoY,みんなでパンを作って1か所に合流しよう!!(ただし100人に邪魔されながら)【マインクラフト】,UClNdVSK1uy2xFHTaXZYXopw,らっだぁ,['Gaming'],277252,11753,0,321
2025-11-28 05:19:59,4_l1VyTNzrs,【は？】怪しすぎるブレインロットを盗むサーバーに潜入するロブロックス..【ROBLOX】,UCH4yRBPH2pDUjPeqomx8CTQ,てるとくん,['Gaming'],79373,2429,0,1457
2025-11-28 05:19:59,OoLflKFs7YY,【MIMESIS】ヒトの言葉を学習して欺いてくるAIにビビりまくるフブぺこ奏ヴィヴィ【2025.11.26/ホロライブ切り抜き】,UCUbAVVpHteGtGQPPN9lM3oQ,ホロライブ切り抜き/なめたけ,['Entertainment'],131163,3234,0,316
2025-11-28 05:19:59,n7pO7F_kP0k,【原神】エピソード ドゥリン「家族への手紙」,UCAVR6Q0YgYa8xwz8rdg9Mrg,原神-Genshin-公式,['Gaming'],151353,17953,0,613
2025-11-28 05:19:59,2c_b4Q2LIeA,【モンスト】遊戯王コラボ最終決戦は超激ムズの予感！？超究極『闇遊戯』降臨！今年もクリスマスα開催！《ジャックα / パスカルα / ジャヒーα》登場！『★5以上キャラ50%10連ガチャ』開催！【しろ】,UCL72kYW8XK4R61kp1R9K69Q,しろ,['Gaming'],57130,633,0,149
2025-11-28 05:19:59,WVVv8Uyok_U,サビ組さんにはよくしてもらってます｜ポケモンZA #20,UCMzLWawc9x3rUsqYDEfgqzA,ジャック・オ・蘭たん,['Gaming'],161669,5697,0,833
2025-11-28 05:19:59,JoqhTXkGVVk,【返して】歴代ドラゴンのPPブーストを紹介＆Tier格付け【旧シャドバ】,UC0oUS_AySEl6fiYgRgPJJ9g,うさみんみ,['People & Blogs'],32222,1223,0,270
2025-11-25 05:38:52,TVqEwvbZP30,RIIZE 라이즈 'Fame' MV,UCEf_Bc-KVd7onSeifS3py9g,SMTOWN,['Music'],728696,74251,0,6053
2025-11-25 05:38:52,vMg1KAFAKiY,'이게 맞아?! 시즌2' Main Trailer,UCLkAepWjdylmXSltofFvsYQ,BANGTANTV,['Music'],749418,143307,0,7995
2025-11-25 05:38:52,-3TOkp_6gRQ,【#にじ遊戯王祭2025】にじさんじ遊戯王マスターデュエル祭 2025 Day3：星巡り杯 ～銀河の織姫決戦～,UCX7YkU9nEeaoZbkVLVajcMg,にじさんじ,['Gaming'],467541,9018,0,66
2025-11-25 05:38:52,x_RYZsOfpKY,ILLIT (아일릿) 'NOT CUTE ANYMORE’ Official MV,UC3IZKseVpdzPSBaWxBxundA,HYBE LABELS,['Music'],3782935,191316,0,13045
2025-11-25 05:38:52,dCmNVtLsYzA,TVSP『アンデッドアンラック』Winter編 メインPV／Undead Unluck |Main Trailer,UCkVvAm5jb62IMIJQj4wPVGA,TMSアニメ公式チャンネル,['Film & Animation'],140992,7650,0,436
2025-11-25 05:38:52,koeM_jz4CdM,超巨大な火山を削りきるまで終われません！【マイクラ】,UCj4PjeVMnNTHIR5EeoNKPAw,ドズル社,['Gaming'],249634,10645,0,1170
2025-11-25 05:38:52,G36amiUCkXU,Juice=Juice『盛れ！ミ・アモーレ』(Concert 2025 Queen of Hearts Special Flush),UC6FadPgGviUcq6VQ0CEJqdQ,Juice=Juice,['Music'],125472,17073,0,3120
2025-11-25 05:38:52,ygIwtR2txaw,キモい顔を爆発させるバケモンに初見殺しされるらっだぁ【R.E.P.O.】,UClNdVSK1uy2xFHTaXZYXopw,らっだぁ,['Gaming'],171271,7687,0,229
2025-11-25 05:38:52,llAI08UYyAw,"Stray Kids ""Do It (Overdrive Version)"" M/V",UCaO6TYtlC8U5ttz62hTrZgg,JYP Entertainment,['Music'],1264695,257382,0,9246
2025-11-25 05:38:52,ex7ieF2B09A,男たちが最後の1人になるまで騙し合うREAL Liar's Bar【The k4sen Con 2025 DAY 2 Supported by ロリポップ！ for Gamers byGMOペパボ】,UChUjERVG8eKEAJSCef-tTmg,k4sen / かせん,['Gaming'],125038,2252,0,117
2025-11-25 05:38:52,dx4XsqUGm10,MAZZEL / Only You -Dance Practice-,UCMF_5h2OejEhVorTB02UUSg,MAZZEL,['Music'],81823,12921,0,1067
2025-11-25 05:38:52,qJvjFBhQ6vQ,一人で無限に攻めてくる敵を迎え撃つゲーム,UChn5TjkeEqd-JxzizMVSkOw,ハヤトの野望,['Gaming'],94654,1600,0,49
2025-11-25 05:38:52,gSXQd_5ht0E,【DANCE VIDEO】君セン！ / iLiFE! 【振り動画】,UChVflUz2J_jaaqYjXqvpmQA,iLiFE!【あいらいふ】,['Music'],324939,20216,0,970
2025-11-25 05:38:52,4Ddbjkyy2C0,【深夜にパチ配信】東京グールとかのかりとエヴァ15を全力生実践LIVE！パチスロパチンコライブ,UCDhOdoqPxv96djR3tSq9NoA,ショコラ大佐の秘密基地,['Entertainment'],118026,839,0,0
2025-11-25 05:38:52,7bqePXphj2g,乃木坂46『夢の匂い』MUSIC VIDEO,UCUzpZpX2wRYOk3J8QTFGxDg,乃木坂46 OFFICIAL YouTube CHANNEL,['Music'],65627,8431,0,953
2025-11-25 05:38:52,GxXpkps21Kc,最終回？【 ポケモンルビー 】チャンピオンダイゴ戦🔥みこちと金コイ伝説～最弱からみんなで最強に育てる旅～【ホロライブ/さくらみこ】,UC-hM6YJuNYVAmUWxeIr9FeA,Miko Ch. さくらみこ,['Gaming'],276481,12383,0,146
2025-11-25 05:38:52,4Xt_hR0KNvY,IS:SUE (イッシュ) 'Super Luna' Performance Video,UCqKNMJ5s_vsf7WkesdBrvQA,IS:SUE,['Music'],52113,6901,0,1422
2025-11-25 05:38:52,YMxjZF3gtoM,【Shadow Corridor】三姉妹ホラーゲーム実況【第一夜 -路地-】,UCAWxPGGuIfWME2KTLUmSCHw,ぱかチューブっ!【ウマ娘公式】,['Gaming'],144822,9066,0,571
2025-11-25 05:38:52,MRYXsF2lblY,RIIZE 'Sticky Like' (Official Audio),UCdVD0MsYecQaIE5Ru-pOIQQ,RIIZE,['Music'],112889,14353,0,783
2025-11-25 05:38:52,-dfR8iYqwK4,なんでこういう事するんや？初使用選手含む全員アニバーサリーの選手でリアタイしたら害悪プレイヤーに遭遇しました【プロスピA】# 1756,UCy9GuRXGTm8TliQ-OJ7KwzA,【V.I.P】,['Gaming'],124048,2598,0,416
2025-11-25 05:38:52,ayjRv2g2UqY,ムカつく -another story- feat. 高梨小麻（CV：石見舞菜香）／HoneyWorks,UCAaGaynFpku5cAx6OOSrW-w,HoneyWorks OFFICIAL,['Music'],298988,17910,0,764
2025-11-25 05:38:52,VhzqSrscVP8,【Lobotomy Corporation】都市のキノコにご用心part49【未遭遇アブノマ回収編】【ゆっくり実況】,UC8rk-fIWJXYlSF8tkfG9wWg,天色鮫,['Gaming'],102555,4774,0,343
2025-11-25 05:38:52,L6tkKvVCs0Y,【MV】どーでもいいよ／まふまふ,UCOTR1tcOAhjgi6YukrPpZxg,まふまふちゃんねる,['Music'],72247,9563,0,506
2025-11-25 05:38:52,MarWse2JmWU,【パチスロ生配信】今日も懲りずにまずはスマスロ北斗でコンプリート目指す！PACHINKO SLOT生放送パチンコパチスロ実戦！11/24,UCOVLrBaOiMH5QDKXTycZ8Pw,やっちゃんの崖っぷちスロパチ生活,['Gaming'],285532,3302,0,22
2025-11-25 05:38:52,kCnD_dMyJ3M,The Bible of The “Eden”,UCZwcUEEjD8RVzB-TAw1ts3g,Eden - Topic,['Music'],45823,2171,0,0
2025-11-25 05:38:52,taSKSaq5qh8,【ArcRaiders】アークレイダーズ ボス討伐編【にじさんじ/ローレン・イロアス】,UCgmFrRcyH7d1zR9sIVQhFow,ローレン・イロアス / Lauren Iroas【にじさんじ】,['Gaming'],229015,3936,0,23
2025-11-25 05:38:52,OWpLhNyqeqg,Novelbright - 夢花火 [Official Live Video],UCIJAlAYCNN8RACtDDsy9K6g,Novelbright,['Music'],27575,3184,0,355
2025-11-25 05:38:52,6mP-mEHEQcw,日本人を狙う30人チーター中国クランを崩壊させてみた【RUST 実況】,UCXEo7JprZQGCPkezcZylHlQ,黒炭酸,['Gaming'],102139,6717,0,994
2025-11-25 05:38:52,ANU0lVGfWyo,NOT ME,UCNVIo0UJXTdEnsRkCB9Q03w,ILLIT - Topic,['Music'],166319,21846,0,1803
2025-11-25 05:38:52,xuL1CDdhsOg,【東京喰種】検証！！パワーストーンつけたら喰種で勝てるのか！？生配信260日目,UCYA14rrNjvQq_P_YSNeJHgA,スロライブ,['Gaming'],210455,2082,0,0
2025-11-25 05:38:52,WsLcF1ojgFU,アンジュルム『トラブルメーカー』〜Dance Practice Ver.〜,UCDwcZ85zjLKD-3-jqlv1wQQ,アンジュルム,['Music'],24857,2235,0,311
2025-11-25 05:38:52,SWdjfMIkQCg,アザールが最強能力×モメンタムバーストで 頂点ST界の王に君臨しました【eFootball2026アプリ】,UC070fhnqq38qNhqHm5rxTcQ,令和ちゃんねる,['Gaming'],90125,1563,0,126
2025-11-25 05:38:52,8j4RM-bBYvA,福本大晴「すっぴんLOVE」（Music Video）YouTube Edition,UCXqWKjzm2YMH6Bs7rAmsKFw,福本大晴,['Entertainment'],8389,921,0,286
2025-11-25 05:38:52,UfVkyXaTGcs,【まとめ】ミオしゃを褒めないとスジモンになるフブさんとみこスバの『マリカサバイバル』面白トークまとめ【大空スバル/さくらみこ/白上フブキ/ホロライブ切り抜き】,UCqMRVBz-hhSFRuqlL1guqig,あひるだっく,['Gaming'],106896,3438,0,77
2025-11-25 05:38:52,0-74AHbFWic,＝LOVE（イコールラブ）/ 19th Single c/w『Queens』リハーサル定点映像 (from 8th ANNIVERSARY PREMIUM TOUR),UCv7VutirxDn3RWIJXI68n_A,＝LOVE（イコールラブ）公式チャンネル,['Entertainment'],125701,10822,0,619
2025-11-25 05:38:52,yRhin7unPeI,これが恐らくビーフ最後の輝きでしょうね【龍が如く８外伝 Pirates in Hawaii】＃４１,UCZMRuagdTBKmmrFtSMN48Xw,牛沢,['Gaming'],118019,4034,0,426
2025-11-25 05:38:52,QRTGKxrKBPM,インビジブル / 歌ってみた【あらき×榊ネス】,UCBhPDpv9JavoPADrZcsAC2A,あらき-ARAKI Official,['Music'],347368,35473,0,959
2025-11-25 05:38:52,UFozBQrnmII,【桃鉄】今夜は無礼講！4人で新作桃鉄を遊ぶぞおおおおおおおお！！ぺこ！【ホロライブ/兎田ぺこら】,UC1DCedRgGHBdm81E1llLhOQ,Pekora Ch. 兎田ぺこら,['Gaming'],747845,24694,0,394
2025-11-25 05:38:52,QJpTBz916MI,にっこり^^調査隊のテーマ / まぐねっと部 cover【宝鐘マリン・火威青・しぐれうい・ルンルン】,UCCzUftO8KOVkV4wQG1vkUvg,Marine Ch. 宝鐘マリン,['Entertainment'],912203,100893,0,2780
2025-11-25 05:38:52,TAL-HXKac80,YOUR CHANCE TO GET 10K GEMS!,UCooVYzDxdwTtGYAkcPmOgOw,Brawl Stars,['Gaming'],1777498,57342,0,1889
2025-11-25 05:38:52,vpXtzSpyV_8,tripleS(트리플에스) msnz neptune ‘Fly Up’ Official MV,UCJnL-TBcsYrF2SLs7tmiC8Q,tripleS official,['Music'],130133,13023,0,681
2025-11-25 05:38:52,gYEhRoknpZQ,【シャドバWB】愛知大会を〝ムゲン・ほーちゃんドラゴン〟1本で破壊してきた男の物語【Shadowverse: Worlds Beyond】,UCqeAYB1DMzfM-hG-Up52yNQ,つるおかかものはし,['Gaming'],74748,793,0,153
2025-11-25 05:38:52,KDC-EOsNzAg,NCT DREAM 엔시티 드림 'Beat It Up' Dance Practice,UCXURHJRGr4-EB3l87kcbElw,NCT DREAM,['Music'],76935,14581,0,454
2025-11-25 05:38:52,XtTT5XdZVpw,シークレットな最終回※ちょっと動画長いよ【ゆっくり実況】,UCOjkVJQcjtWnpf0-1ft4brA,ゆっくりむちゃたぬき,['Gaming'],59287,3450,0,176
2025-11-25 05:38:52,FFXSoSl_lGg,Vaundy LIVE “僕にはどうしてわかるんだろう” 2025.11.16 one man live VAWS hall tour “little punk” at 東京ガーデンシアター,UC1FQWQ3y3-e8l1pCtWhJt5A,Vaundy,['Music'],83777,4298,0,167
2025-11-25 05:38:52,l57EJ_eLsIc,【攻略法発覚】L荒野のコトブキ飛行隊 相次ぐ撤去について【ゴトブキ】,UCYXmyrGUVL8tX7VEvo_DjPw,シャル@ツモらせ隊,['Entertainment'],63889,832,0,350
2025-11-25 05:38:52,4oml768wFnk,REAL,UC8eq3M3Yft3FUgxEX6lOZMg,chotokkyu - Topic,['Music'],28072,2864,0,153
2025-11-25 05:38:52,S3Q33-4q1xo,【桃鉄2】3年決戦ついに決着! 最下位を回避するのはどっちだ!? #8【霜降り明星】,UCpGpA7mSYmNJjLiJxKso5QA,しもふりチューブ,['Comedy'],76027,997,0,74
2025-11-25 05:38:52,cVL4bRjA6X0,Mili - Peach Pit and Cyanide,UCVh47EKH9VLresRqiYi9txw,Mili,['Music'],181466,24840,0,1014
2025-11-25 05:38:52,LUQ28DBF7EU,どるぴんが病んでるらしい,UCGjV4bsC43On-YuiLZcfL0w,KUN,['Gaming'],138583,3582,0,298
2025-11-24 19:49:21,llAI08UYyAw,"Stray Kids ""Do It (Overdrive Version)"" M/V",UCaO6TYtlC8U5ttz62hTrZgg,JYP Entertainment,['Music'],469288,142962,0,6791
2025-11-24 19:49:21,vMg1KAFAKiY,'이게 맞아?! 시즌2' Main Trailer,UCLkAepWjdylmXSltofFvsYQ,BANGTANTV,['Music'],518655,115406,0,6847
2025-11-24 19:49:21,-3TOkp_6gRQ,【#にじ遊戯王祭2025】にじさんじ遊戯王マスターデュエル祭 2025 Day3：星巡り杯 ～銀河の織姫決戦～,UCX7YkU9nEeaoZbkVLVajcMg,にじさんじ,['Gaming'],445227,8684,0,45
2025-11-24 19:49:21,gSXQd_5ht0E,【DANCE VIDEO】君セン！ / iLiFE! 【振り動画】,UChVflUz2J_jaaqYjXqvpmQA,iLiFE!【あいらいふ】,['Music'],261927,19007,0,946
2025-11-24 19:49:21,dCmNVtLsYzA,TVSP『アンデッドアンラック』Winter編 メインPV／Undead Unluck |Main Trailer,UCkVvAm5jb62IMIJQj4wPVGA,TMSアニメ公式チャンネル,['Film & Animation'],103005,6145,0,366
2025-11-24 19:49:21,MarWse2JmWU,【パチスロ生配信】今日も懲りずにまずはスマスロ北斗でコンプリート目指す！PACHINKO SLOT生放送パチンコパチスロ実戦！11/24,UCOVLrBaOiMH5QDKXTycZ8Pw,やっちゃんの崖っぷちスロパチ生活,['Gaming'],296514,3306,0,14
2025-11-24 19:49:21,TVqEwvbZP30,RIIZE 라이즈 'Fame' MV,UCEf_Bc-KVd7onSeifS3py9g,SMTOWN,['Music'],157659,37144,0,3421
2025-11-24 19:49:21,tk9FDjJd6zM,『ストレンジャー・シングス 未知の世界 5』VOL 1 予告編 - Netflix,UCv2ejD5B1xOYtGB2cf80B8g,Netflix Japan,['Entertainment'],15060,386,0,46
2025-11-24 19:49:21,jRgzfKDTI7g,超スローになったり超高速になる世界でエンドラ討伐【マイクラ】,UCj4PjeVMnNTHIR5EeoNKPAw,ドズル社,['Gaming'],341760,9614,0,310
2025-11-24 19:49:21,ayjRv2g2UqY,ムカつく -another story- feat. 高梨小麻（CV：石見舞菜香）／HoneyWorks,UCAaGaynFpku5cAx6OOSrW-w,HoneyWorks OFFICIAL,['Music'],224840,16507,0,733
2025-11-24 19:49:21,ex7ieF2B09A,男たちが最後の1人になるまで騙し合うREAL Liar's Bar【The k4sen Con 2025 DAY 2 Supported by ロリポップ！ for Gamers byGMOペパボ】,UChUjERVG8eKEAJSCef-tTmg,k4sen / かせん,['Gaming'],65385,1401,0,69
2025-11-24 19:49:21,yxXNIzrfPNQ,Trap,UC6qVAJzxF5kSN_UUFSdODiQ,MAZZEL - Topic,['Music'],48724,4761,0,672
2025-11-24 19:49:21,UFozBQrnmII,【桃鉄】今夜は無礼講！4人で新作桃鉄を遊ぶぞおおおおおおおお！！ぺこ！【ホロライブ/兎田ぺこら】,UC1DCedRgGHBdm81E1llLhOQ,Pekora Ch. 兎田ぺこら,['Gaming'],732416,24476,0,370
2025-11-24 19:49:21,kCnD_dMyJ3M,The Bible of The “Eden”,UCZwcUEEjD8RVzB-TAw1ts3g,Eden - Topic,['Music'],33372,1896,0,0
2025-11-24 19:49:21,h09ng9lTOEM,【HD-2D版ドラゴンクエストI＆II】あと2個！残りの紋章も集めにいくぞ！！※ネタバレ注意【胡桃沢りりか】,UCYLp2FLXcqLUZhvrCxQmNIA,胡桃沢りりか,['Gaming'],170546,1513,0,6
2025-11-24 19:49:21,QRTGKxrKBPM,インビジブル / 歌ってみた【あらき×榊ネス】,UCBhPDpv9JavoPADrZcsAC2A,あらき-ARAKI Official,['Music'],310269,33881,0,929
2025-11-24 19:49:21,9XNqe5r8xHI,【#ARCRaiders】ヘイチームアップ【イブラヒム、ローレン】,UCSFCh5NL4qXrAy9u-u2lX3g,Kuzuha Channel,['Gaming'],404934,5837,0,20
2025-11-24 19:49:21,QJpTBz916MI,にっこり^^調査隊のテーマ / まぐねっと部 cover【宝鐘マリン・火威青・しぐれうい・ルンルン】,UCCzUftO8KOVkV4wQG1vkUvg,Marine Ch. 宝鐘マリン,['Entertainment'],847169,97424,0,2714
2025-11-24 19:49:21,LUQ28DBF7EU,どるぴんが病んでるらしい,UCGjV4bsC43On-YuiLZcfL0w,KUN,['Gaming'],98511,3037,0,266
2025-11-24 19:49:21,0-74AHbFWic,＝LOVE（イコールラブ）/ 19th Single c/w『Queens』リハーサル定点映像 (from 8th ANNIVERSARY PREMIUM TOUR),UCv7VutirxDn3RWIJXI68n_A,＝LOVE（イコールラブ）公式チャンネル,['Entertainment'],110308,10210,0,591
2025-11-24 19:49:21,dolefeooLzc,誰もが驚く闇がある「回転寿司屋🍣」で働くホラーゲームが怖すぎる【The Sushi House】,UCzXjPL7zo0bxhOYDxLJ9YEg,ポッキー,['Gaming'],194476,4088,0,283
2025-11-24 19:49:21,4oml768wFnk,REAL,UC8eq3M3Yft3FUgxEX6lOZMg,chotokkyu - Topic,['Music'],22301,2607,0,146
2025-11-24 19:49:21,JUYQapYmw74,【エヴァ咆哮・東京喰種】久々の福岡県＆4ヶ月ぶりの店舗さんでガチ実戦!! ︎#パチンコ #パチスロ #shorts,UCcz2Y1yhR42UxbFwvPFGCmA,きっしー助六ちゃんねる,['Entertainment'],117655,1385,0,1
2025-11-24 19:49:21,FFXSoSl_lGg,Vaundy LIVE “僕にはどうしてわかるんだろう” 2025.11.16 one man live VAWS hall tour “little punk” at 東京ガーデンシアター,UC1FQWQ3y3-e8l1pCtWhJt5A,Vaundy,['Music'],61186,3783,0,153
2025-11-24 19:49:21,7gDl4S3wB14,超激レアの新しいブレインロット6体全て盗むロブロックス (Roblox),UC9Lx-zRFGfpuls27tNAOIqA,マエスケ,['Gaming'],370070,7257,0,709
2025-11-24 19:49:21,tPMkWfK6N-E,[STAGE CLIP] 'Wolf type' ~ 'Feel the Pulse' | ROCK IN JAPAN FESTIVAL 2025 | &TEAM,UCHD1jo5RhijLfx5-0Ehe_cg,&TEAM,['People & Blogs'],74012,8290,0,441
2025-11-24 19:49:21,xZFWSWcQ3As,【#KZHCUP_RUMBLE】真 本間ひまわり爆誕！？シュートさんの指導で生まれ変わるひまち【にじさんじ切り抜き/本間ひまわり/shuto/不破湊/北見遊征/げまじょ】,UCqQNCRSihFHVsXrDikNeYSg,げまじょが好き【にじさんじEXゲマズ切り抜き】,['Gaming'],69532,876,0,58
2025-11-24 19:49:21,tmVYOETfA10,"MAKE IT, BREAK IT",UC3VId8brfshtHO6gMMqnZ5A,FLOW GLOW - Topic,['Music'],13395,1700,0,57
2025-11-24 19:49:21,dqMImJF-rgA,おかんとアイテムが共有されるサバイバル【まいくら / マインクラフト】,UCJy7zfLsKBXoo2soFMum7JQ,あかさかの箱,['Gaming'],32647,2228,0,213
2025-11-24 19:49:21,5ftlnz91DaM,【MAD】イマジナリー息子,UCkKj-SiKyiFkj_dO1vmY3gA,加藤純一RECORDS,['Entertainment'],84332,6524,0,374
2025-11-24 19:49:21,6mP-mEHEQcw,日本人を狙う30人チーター中国クランを崩壊させてみた【RUST 実況】,UCXEo7JprZQGCPkezcZylHlQ,黒炭酸,['Gaming'],25054,3700,0,564
2025-11-24 19:49:21,IZ9kqxCDvAs,【期間限定公開】M!LK - 好きすぎて滅！(from CDTVライブ！ライブ！),UCFvSFbT8okMrpuFxBEIB2lg,M!LK,['Music'],504858,25342,0,1733
2025-11-24 19:49:21,snH3HQSF7Ew,KONAMIやってくれたなぁ！！大金かけて獲得したバッキーがナックルの弱体化を受けた結果...【プロスピA】# 1755,UCy9GuRXGTm8TliQ-OJ7KwzA,【V.I.P】,['Gaming'],195363,3495,0,641
2025-11-24 19:49:21,IcWvUlwcKAI,A.B.C-Z / BEST OF A.B.C-Z-COUPLING BEST-,UC-ifW8mHzfsZVGHY8vxqrjA,A.B.C-Z,['Entertainment'],3913,1146,0,100
2025-11-24 19:49:21,wUGh03rLZbY,【スマブラSP】ついにガノン以外も解禁！いろいろなチームの即死を開拓してみた！【ガノンドロフ+αチームゆっくり実況part30】,UCyTaStlK0neSuKveYOIioaw,ぐんぐにるチャンネル,['Gaming'],63428,2653,0,202
2025-11-24 19:49:21,lUHLwBOY04I,【崩壊：スターレイル】零光 | 宮野真守 / EVAKOI - HoYoFair,UCHzevlEL9JfsBIm86uNCJqg,宮野真守,['Music'],96052,11384,0,262
2025-11-24 19:49:21,k1yXf4L5bnc,巨人が討伐するエンダードラゴン 懐50人クラフト #11,UCoQhX2O93MVTWfgIz-8wOmg,KUNの50人クラフト,['Gaming'],42013,1595,0,110
2025-11-24 19:49:21,DG4ax7ec64o,クラシックを弾くと思っている海外の観客にマリオを弾いちゃうピアニストwww,UC_DopZ9OANqNGho0wFwADqA,けいちゃん / Keichan,['Music'],411541,5285,0,260
2025-11-24 19:49:21,qIXl45sU0wk,【カービィのエアライダー】新作エアライド！ロードトリップで真エンドを目指す！！【にじさんじ/リゼ・ヘルエスタ】,UCZ1xuCK1kNmn5RzPYIZop3w,リゼ・ヘルエスタ -Lize Helesta-,['Gaming'],96002,2464,0,12
2025-11-24 19:49:21,DOmdfYIPBXE,トゥルトゥルトゥルサフールの都市伝説を検証した結果...マイクラ都市伝説【 マイクラ / マインクラフト 】,UCHazKLThRbMyMFu2bVAKhng,ウォーターチャレンジ,['Gaming'],273390,2656,0,82
2025-11-24 19:49:21,yRhin7unPeI,これが恐らくビーフ最後の輝きでしょうね【龍が如く８外伝 Pirates in Hawaii】＃４１,UCZMRuagdTBKmmrFtSMN48Xw,牛沢,['Gaming'],43286,2368,0,306
2025-11-24 19:49:21,KSha-fc5EhA,【パチスロ生配信】何度負けても立ち向かうぞ!!スランプから脱出したい!!【からくりサーカス】,UCdCC1L_OxLrkoEjR19iXpRw,パチスロードch,['Gaming'],91154,523,0,0
2025-11-24 19:49:21,hXKJ0gHYQ6E,【スマブラsp】キンクルVIP戻す！,UCtKBQ2BYD76GiJvcpZOBorg,えいま,['Gaming'],47462,269,0,17
2025-11-24 19:49:21,24VDsNgWNfw,月曜ガチャ更新引くぞ配信【eFootballアプリ2026/イーフト】,UCKU0SVkIPRqwiZaXJ9rXhdw,シュート。,['Gaming'],77097,419,0,1
2025-11-24 19:49:21,Pzqzy2ZIcLI,【Minecraft】どけ！！おれはラムベガスにいくんだッ！！！【風真いろは/ホロライブ】,UC_vMYWcDjmfdpH6r4TTn1MQ,Iroha ch. 風真いろは - holoX -,['Gaming'],148962,8866,0,21
2025-11-24 19:49:21,QebVV6D641k,よしなまが作ったゲーム「マモンキング」PVを見る加藤純一【2025/11/22】,UCH-lygWpHodDff3iQurnWnQ,加藤純一切り抜き集,['Entertainment'],174798,957,0,647
2025-11-24 19:49:21,SdVBuVm_Sw8,【生放送】勝ちまくります！EVO37宮崎店,UCjcYYjM16TFOPXDjWgzHiHA,超覚醒てえんだ「スロパチ生放送」,['Entertainment'],94165,702,0,0
2025-11-24 19:49:21,m0HhR1k9JEw,【24時間耐久残り】年内1兆へ…ポケモンピンボールRS / 24h Pokémon Pinball　#ポケモンピンボール #ポケモン　#shorts,UC0ux2IFOXkj6ifQ4aSs9l7Q,大月【おおつき】,['Gaming'],87315,200,0,3
2025-11-24 19:49:21,_6xcFXlJcX8,【面白まとめ】ジップライン突撃に味を占めジッパーズを結成する葛葉達【にじさんじ/切り抜き/ARC】,UCMGvmEqkVbl372DCyn3NLAw,【吹いたら負け】葛葉先生のしくじり【切り抜き】,['Gaming'],74545,870,0,28
2025-11-24 19:49:21,VXsWwTTgt78,【 🔴同時視聴 】#FLOWGLOW  の3Dライブを一緒に楽しもう！🌽🍙【 #にゃんぐこーん/ホロライブ 】,UCvaTdHTWBGv3MKj3KVqJVCw,Okayu Ch. 猫又おかゆ,['Entertainment'],247800,11611,0,68
2025-11-24 22:47:43,TVqEwvbZP30,RIIZE 라이즈 'Fame' MV,UCEf_Bc-KVd7onSeifS3py9g,SMTOWN,['Music'],334944,57539,0,4828
2025-11-24 22:47:43,vMg1KAFAKiY,'이게 맞아?! 시즌2' Main Trailer,UCLkAepWjdylmXSltofFvsYQ,BANGTANTV,['Music'],603551,126000,0,7294
2025-11-24 22:47:43,-3TOkp_6gRQ,【#にじ遊戯王祭2025】にじさんじ遊戯王マスターデュエル祭 2025 Day3：星巡り杯 ～銀河の織姫決戦～,UCX7YkU9nEeaoZbkVLVajcMg,にじさんじ,['Gaming'],464618,8851,0,60
2025-11-24 22:47:43,x_RYZsOfpKY,ILLIT (아일릿) 'NOT CUTE ANYMORE’ Official MV,UC3IZKseVpdzPSBaWxBxundA,HYBE LABELS,['Music'],1126298,124818,0,9829
2025-11-24 22:47:43,dCmNVtLsYzA,TVSP『アンデッドアンラック』Winter編 メインPV／Undead Unluck |Main Trailer,UCkVvAm5jb62IMIJQj4wPVGA,TMSアニメ公式チャンネル,['Film & Animation'],117366,6624,0,389
2025-11-24 22:47:43,koeM_jz4CdM,超巨大な火山を削りきるまで終われません！【マイクラ】,UCj4PjeVMnNTHIR5EeoNKPAw,ドズル社,['Gaming'],157120,8881,0,897
2025-11-24 22:47:43,llAI08UYyAw,"Stray Kids ""Do It (Overdrive Version)"" M/V",UCaO6TYtlC8U5ttz62hTrZgg,JYP Entertainment,['Music'],702914,185127,0,7779
2025-11-24 22:47:43,ygIwtR2txaw,キモい顔を爆発させるバケモンに初見殺しされるらっだぁ【R.E.P.O.】,UClNdVSK1uy2xFHTaXZYXopw,らっだぁ,['Gaming'],102861,6377,0,205
2025-11-24 22:47:43,gSXQd_5ht0E,【DANCE VIDEO】君セン！ / iLiFE! 【振り動画】,UChVflUz2J_jaaqYjXqvpmQA,iLiFE!【あいらいふ】,['Music'],286306,19747,0,959
2025-11-24 22:47:43,ex7ieF2B09A,男たちが最後の1人になるまで騙し合うREAL Liar's Bar【The k4sen Con 2025 DAY 2 Supported by ロリポップ！ for Gamers byGMOペパボ】,UChUjERVG8eKEAJSCef-tTmg,k4sen / かせん,['Gaming'],85325,1748,0,87
2025-11-24 22:47:43,G36amiUCkXU,Juice=Juice『盛れ！ミ・アモーレ』(Concert 2025 Queen of Hearts Special Flush),UC6FadPgGviUcq6VQ0CEJqdQ,Juice=Juice,['Music'],10410,11769,0,2125
2025-11-24 22:47:43,MarWse2JmWU,【パチスロ生配信】今日も懲りずにまずはスマスロ北斗でコンプリート目指す！PACHINKO SLOT生放送パチンコパチスロ実戦！11/24,UCOVLrBaOiMH5QDKXTycZ8Pw,やっちゃんの崖っぷちスロパチ生活,['Gaming'],296514,3299,0,17
2025-11-24 22:47:43,ayjRv2g2UqY,ムカつく -another story- feat. 高梨小麻（CV：石見舞菜香）／HoneyWorks,UCAaGaynFpku5cAx6OOSrW-w,HoneyWorks OFFICIAL,['Music'],256302,17281,0,747
2025-11-24 22:47:43,xuL1CDdhsOg,【東京喰種】検証！！パワーストーンつけたら喰種で勝てるのか！？生配信260日目,UCYA14rrNjvQq_P_YSNeJHgA,スロライブ,['Gaming'],218021,2079,0,0
2025-11-24 22:47:43,dx4XsqUGm10,MAZZEL / Only You -Dance Practice-,UCMF_5h2OejEhVorTB02UUSg,MAZZEL,['Music'],20267,9334,0,809
2025-11-24 22:47:43,UFozBQrnmII,【桃鉄】今夜は無礼講！4人で新作桃鉄を遊ぶぞおおおおおおおお！！ぺこ！【ホロライブ/兎田ぺこら】,UC1DCedRgGHBdm81E1llLhOQ,Pekora Ch. 兎田ぺこら,['Gaming'],745526,24526,0,383
2025-11-24 22:47:43,81QYAxvO3Ik,RIIZE 'Something’s in the Water' (Official Audio),UCdVD0MsYecQaIE5Ru-pOIQQ,RIIZE,['Music'],67975,12118,0,815
2025-11-24 22:47:43,VhzqSrscVP8,【Lobotomy Corporation】都市のキノコにご用心part49【未遭遇アブノマ回収編】【ゆっくり実況】,UC8rk-fIWJXYlSF8tkfG9wWg,天色鮫,['Gaming'],64378,4063,0,309
2025-11-24 22:47:43,4Xt_hR0KNvY,IS:SUE (イッシュ) 'Super Luna' Performance Video,UCqKNMJ5s_vsf7WkesdBrvQA,IS:SUE,['Music'],14862,5033,0,1081
2025-11-24 22:47:43,qJvjFBhQ6vQ,一人で無限に攻めてくる敵を迎え撃つゲーム,UChn5TjkeEqd-JxzizMVSkOw,ハヤトの野望,['Gaming'],48881,1223,0,37
2025-11-24 22:47:43,L6tkKvVCs0Y,【MV】どーでもいいよ／まふまふ,UCOTR1tcOAhjgi6YukrPpZxg,まふまふちゃんねる,['Music'],29537,7451,0,446
2025-11-24 22:47:43,6mP-mEHEQcw,日本人を狙う30人チーター中国クランを崩壊させてみた【RUST 実況】,UCXEo7JprZQGCPkezcZylHlQ,黒炭酸,['Gaming'],65535,5485,0,790
2025-11-24 22:47:43,kCnD_dMyJ3M,The Bible of The “Eden”,UCZwcUEEjD8RVzB-TAw1ts3g,Eden - Topic,['Music'],38054,2027,0,0
2025-11-24 22:47:43,-dfR8iYqwK4,なんでこういう事するんや？初使用選手含む全員アニバーサリーの選手でリアタイしたら害悪プレイヤーに遭遇しました【プロスピA】# 1756,UCy9GuRXGTm8TliQ-OJ7KwzA,【V.I.P】,['Gaming'],61055,2072,0,358
2025-11-24 22:47:43,QRTGKxrKBPM,インビジブル / 歌ってみた【あらき×榊ネス】,UCBhPDpv9JavoPADrZcsAC2A,あらき-ARAKI Official,['Music'],325022,34728,0,942
2025-11-24 22:47:43,LUQ28DBF7EU,どるぴんが病んでるらしい,UCGjV4bsC43On-YuiLZcfL0w,KUN,['Gaming'],117413,3379,0,286
2025-11-24 22:47:43,QJpTBz916MI,にっこり^^調査隊のテーマ / まぐねっと部 cover【宝鐘マリン・火威青・しぐれうい・ルンルン】,UCCzUftO8KOVkV4wQG1vkUvg,Marine Ch. 宝鐘マリン,['Entertainment'],872274,99160,0,2747
2025-11-24 22:47:43,yRhin7unPeI,これが恐らくビーフ最後の輝きでしょうね【龍が如く８外伝 Pirates in Hawaii】＃４１,UCZMRuagdTBKmmrFtSMN48Xw,牛沢,['Gaming'],78323,3419,0,383
2025-11-24 22:47:43,0-74AHbFWic,＝LOVE（イコールラブ）/ 19th Single c/w『Queens』リハーサル定点映像 (from 8th ANNIVERSARY PREMIUM TOUR),UCv7VutirxDn3RWIJXI68n_A,＝LOVE（イコールラブ）公式チャンネル,['Entertainment'],116454,10523,0,603
2025-11-24 22:47:43,dqMImJF-rgA,おかんとアイテムが共有されるサバイバル【まいくら / マインクラフト】,UCJy7zfLsKBXoo2soFMum7JQ,あかさかの箱,['Gaming'],52472,2748,0,264
2025-11-24 22:47:43,ANU0lVGfWyo,NOT ME,UCNVIo0UJXTdEnsRkCB9Q03w,ILLIT - Topic,['Music'],74241,13584,0,1298
2025-11-24 22:47:43,h09ng9lTOEM,【HD-2D版ドラゴンクエストI＆II】あと2個！残りの紋章も集めにいくぞ！！※ネタバレ注意【胡桃沢りりか】,UCYLp2FLXcqLUZhvrCxQmNIA,胡桃沢りりか,['Gaming'],171461,1505,0,6
2025-11-24 22:47:43,4oml768wFnk,REAL,UC8eq3M3Yft3FUgxEX6lOZMg,chotokkyu - Topic,['Music'],24969,2751,0,150
2025-11-24 22:47:43,dolefeooLzc,誰もが驚く闇がある「回転寿司屋🍣」で働くホラーゲームが怖すぎる【The Sushi House】,UCzXjPL7zo0bxhOYDxLJ9YEg,ポッキー,['Gaming'],213985,4318,0,293
2025-11-24 22:47:43,FFXSoSl_lGg,Vaundy LIVE “僕にはどうしてわかるんだろう” 2025.11.16 one man live VAWS hall tour “little punk” at 東京ガーデンシアター,UC1FQWQ3y3-e8l1pCtWhJt5A,Vaundy,['Music'],70497,4087,0,159
2025-11-24 22:47:43,9XNqe5r8xHI,【#ARCRaiders】ヘイチームアップ【イブラヒム、ローレン】,UCSFCh5NL4qXrAy9u-u2lX3g,Kuzuha Channel,['Gaming'],410874,5850,0,22
2025-11-24 22:47:43,vpXtzSpyV_8,tripleS(트리플에스) msnz neptune ‘Fly Up’ Official MV,UCJnL-TBcsYrF2SLs7tmiC8Q,tripleS official,['Music'],55537,8284,0,489
2025-11-24 22:47:43,UfVkyXaTGcs,【まとめ】ミオしゃを褒めないとスジモンになるフブさんとみこスバの『マリカサバイバル』面白トークまとめ【大空スバル/さくらみこ/白上フブキ/ホロライブ切り抜き】,UCqMRVBz-hhSFRuqlL1guqig,あひるだっく,['Gaming'],45911,2386,0,51
2025-11-24 22:47:43,tPMkWfK6N-E,[STAGE CLIP] 'Wolf type' ~ 'Feel the Pulse' | ROCK IN JAPAN FESTIVAL 2025 | &TEAM,UCHD1jo5RhijLfx5-0Ehe_cg,&TEAM,['People & Blogs'],79886,8572,0,446
2025-11-24 22:47:43,k1yXf4L5bnc,巨人が討伐するエンダードラゴン 懐50人クラフト #11,UCoQhX2O93MVTWfgIz-8wOmg,KUNの50人クラフト,['Gaming'],65545,2016,0,135
2025-11-24 22:47:43,WsLcF1ojgFU,アンジュルム『トラブルメーカー』〜Dance Practice Ver.〜,UCDwcZ85zjLKD-3-jqlv1wQQ,アンジュルム,['Music'],11574,1744,0,244
2025-11-24 22:47:43,x15pDRtzYno,友達のベッドの中に秘密基地を作った結果⁉️【マイクラ マインクラフト】ぽっぴんず,UC5vqbtNnbOF2h7A_xlrIPUw,ぽっぴんず,['Gaming'],45013,959,0,146
2025-11-24 22:47:43,tmVYOETfA10,"MAKE IT, BREAK IT",UC3VId8brfshtHO6gMMqnZ5A,FLOW GLOW - Topic,['Music'],15970,1895,0,61
2025-11-24 22:47:43,f8aS4qwuO7k,【 Minecraft 】ラムベガスでそうしょく…しよ💜💜【 猫又おかゆ/ホロライブ 】,UCvaTdHTWBGv3MKj3KVqJVCw,Okayu Ch. 猫又おかゆ,['Gaming'],121524,7995,0,60
2025-11-24 22:47:43,OWpLhNyqeqg,Novelbright - 夢花火 [Official Live Video],UCIJAlAYCNN8RACtDDsy9K6g,Novelbright,['Music'],8824,2274,0,239
2025-11-24 22:47:43,xZFWSWcQ3As,【#KZHCUP_RUMBLE】真 本間ひまわり爆誕！？シュートさんの指導で生まれ変わるひまち【にじさんじ切り抜き/本間ひまわり/shuto/不破湊/北見遊征/げまじょ】,UCqQNCRSihFHVsXrDikNeYSg,げまじょが好き【にじさんじEXゲマズ切り抜き】,['Gaming'],77763,952,0,62
2025-11-24 22:47:43,KDC-EOsNzAg,NCT DREAM 엔시티 드림 'Beat It Up' Dance Practice,UCXURHJRGr4-EB3l87kcbElw,NCT DREAM,['Music'],38639,10438,0,345
2025-11-24 22:47:43,04-csl0RRJc,「機動戦士ガンダム　バトルオペレーション２」PlayStation®版＆Steam®版開発ビデオレター｜2025年11月度,UC7wu64jFsV02bbu6UHUd7JA,ガンダムチャンネル,['Gaming'],26897,852,0,180
2025-11-24 22:47:43,5ftlnz91DaM,【MAD】イマジナリー息子,UCkKj-SiKyiFkj_dO1vmY3gA,加藤純一RECORDS,['Entertainment'],92627,6947,0,393
2025-11-24 22:47:43,gYEhRoknpZQ,【シャドバWB】愛知大会を〝ムゲン・ほーちゃんドラゴン〟1本で破壊してきた男の物語【Shadowverse: Worlds Beyond】,UCqeAYB1DMzfM-hG-Up52yNQ,つるおかかものはし,['Gaming'],42663,598,0,130
2025-11-24 18:46:42,gSXQd_5ht0E,【DANCE VIDEO】君セン！ / iLiFE! 【振り動画】,UChVflUz2J_jaaqYjXqvpmQA,iLiFE!【あいらいふ】,['Music'],253094,18725,0,935
2025-11-24 18:46:42,vMg1KAFAKiY,'이게 맞아?! 시즌2' Main Trailer,UCLkAepWjdylmXSltofFvsYQ,BANGTANTV,['Music'],483225,110728,0,6669
2025-11-24 18:46:42,-3TOkp_6gRQ,【#にじ遊戯王祭2025】にじさんじ遊戯王マスターデュエル祭 2025 Day3：星巡り杯 ～銀河の織姫決戦～,UCX7YkU9nEeaoZbkVLVajcMg,にじさんじ,['Gaming'],414473,8580,0,38
2025-11-24 18:46:42,llAI08UYyAw,"Stray Kids ""Do It (Overdrive Version)"" M/V",UCaO6TYtlC8U5ttz62hTrZgg,JYP Entertainment,['Music'],394170,128682,0,6387
2025-11-24 18:46:42,dCmNVtLsYzA,TVSP『アンデッドアンラック』Winter編 メインPV／Undead Unluck |Main Trailer,UCkVvAm5jb62IMIJQj4wPVGA,TMSアニメ公式チャンネル,['Film & Animation'],98395,5935,0,356
2025-11-24 18:46:42,MarWse2JmWU,【パチスロ生配信】今日も懲りずにまずはスマスロ北斗でコンプリート目指す！PACHINKO SLOT生放送パチンコパチスロ実戦！11/24,UCOVLrBaOiMH5QDKXTycZ8Pw,やっちゃんの崖っぷちスロパチ生活,['Gaming'],296514,3301,0,13
2025-11-24 18:46:42,ayjRv2g2UqY,ムカつく -another story- feat. 高梨小麻（CV：石見舞菜香）／HoneyWorks,UCAaGaynFpku5cAx6OOSrW-w,HoneyWorks OFFICIAL,['Music'],214665,16197,0,723
2025-11-24 18:46:42,tk9FDjJd6zM,『ストレンジャー・シングス 未知の世界 5』VOL 1 予告編 - Netflix,UCv2ejD5B1xOYtGB2cf80B8g,Netflix Japan,['Entertainment'],14005,368,0,45
2025-11-24 18:46:42,jRgzfKDTI7g,超スローになったり超高速になる世界でエンドラ討伐【マイクラ】,UCj4PjeVMnNTHIR5EeoNKPAw,ドズル社,['Gaming'],332192,9459,0,309
2025-11-24 18:46:42,yxXNIzrfPNQ,Trap,UC6qVAJzxF5kSN_UUFSdODiQ,MAZZEL - Topic,['Music'],45855,4641,0,656
2025-11-24 18:46:42,UFozBQrnmII,【桃鉄】今夜は無礼講！4人で新作桃鉄を遊ぶぞおおおおおおおお！！ぺこ！【ホロライブ/兎田ぺこら】,UC1DCedRgGHBdm81E1llLhOQ,Pekora Ch. 兎田ぺこら,['Gaming'],725520,24402,0,368
2025-11-24 18:46:42,kCnD_dMyJ3M,The Bible of The “Eden”,UCZwcUEEjD8RVzB-TAw1ts3g,Eden - Topic,['Music'],31646,1835,0,0
2025-11-24 18:46:42,ex7ieF2B09A,男たちが最後の1人になるまで騙し合うREAL Liar's Bar【The k4sen Con 2025 DAY 2 Supported by ロリポップ！ for Gamers byGMOペパボ】,UChUjERVG8eKEAJSCef-tTmg,k4sen / かせん,['Gaming'],54644,1282,0,64
2025-11-24 18:46:42,QJpTBz916MI,にっこり^^調査隊のテーマ / まぐねっと部 cover【宝鐘マリン・火威青・しぐれうい・ルンルン】,UCCzUftO8KOVkV4wQG1vkUvg,Marine Ch. 宝鐘マリン,['Entertainment'],837861,96815,0,2706
2025-11-24 18:46:42,h09ng9lTOEM,【HD-2D版ドラゴンクエストI＆II】あと2個！残りの紋章も集めにいくぞ！！※ネタバレ注意【胡桃沢りりか】,UCYLp2FLXcqLUZhvrCxQmNIA,胡桃沢りりか,['Gaming'],169896,1513,0,6
2025-11-24 18:46:42,QRTGKxrKBPM,インビジブル / 歌ってみた【あらき×榊ネス】,UCBhPDpv9JavoPADrZcsAC2A,あらき-ARAKI Official,['Music'],304195,33587,0,924
2025-11-24 18:46:42,9XNqe5r8xHI,【#ARCRaiders】ヘイチームアップ【イブラヒム、ローレン】,UCSFCh5NL4qXrAy9u-u2lX3g,Kuzuha Channel,['Gaming'],402086,5820,0,20
2025-11-24 18:46:42,0-74AHbFWic,＝LOVE（イコールラブ）/ 19th Single c/w『Queens』リハーサル定点映像 (from 8th ANNIVERSARY PREMIUM TOUR),UCv7VutirxDn3RWIJXI68n_A,＝LOVE（イコールラブ）公式チャンネル,['Entertainment'],108190,10115,0,588
2025-11-24 18:46:42,dolefeooLzc,誰もが驚く闇がある「回転寿司屋🍣」で働くホラーゲームが怖すぎる【The Sushi House】,UCzXjPL7zo0bxhOYDxLJ9YEg,ポッキー,['Gaming'],185659,3994,0,282
2025-11-24 18:46:42,4oml768wFnk,REAL,UC8eq3M3Yft3FUgxEX6lOZMg,chotokkyu - Topic,['Music'],21135,2560,0,144
2025-11-24 18:46:42,JUYQapYmw74,【エヴァ咆哮・東京喰種】久々の福岡県＆4ヶ月ぶりの店舗さんでガチ実戦!! ︎#パチンコ #パチスロ #shorts,UCcz2Y1yhR42UxbFwvPFGCmA,きっしー助六ちゃんねる,['Entertainment'],102611,1382,0,1
2025-11-24 18:46:42,FFXSoSl_lGg,Vaundy LIVE “僕にはどうしてわかるんだろう” 2025.11.16 one man live VAWS hall tour “little punk” at 東京ガーデンシアター,UC1FQWQ3y3-e8l1pCtWhJt5A,Vaundy,['Music'],58121,3680,0,155
2025-11-24 18:46:42,LUQ28DBF7EU,どるぴんが病んでるらしい,UCGjV4bsC43On-YuiLZcfL0w,KUN,['Gaming'],90504,2893,0,255
2025-11-24 18:46:42,tmVYOETfA10,"MAKE IT, BREAK IT",UC3VId8brfshtHO6gMMqnZ5A,FLOW GLOW - Topic,['Music'],12350,1632,0,57
2025-11-24 18:46:42,7gDl4S3wB14,超激レアの新しいブレインロット6体全て盗むロブロックス (Roblox),UC9Lx-zRFGfpuls27tNAOIqA,マエスケ,['Gaming'],361452,7154,0,703
2025-11-24 18:46:42,tPMkWfK6N-E,[STAGE CLIP] 'Wolf type' ~ 'Feel the Pulse' | ROCK IN JAPAN FESTIVAL 2025 | &TEAM,UCHD1jo5RhijLfx5-0Ehe_cg,&TEAM,['People & Blogs'],71793,8188,0,436
2025-11-24 18:46:42,xZFWSWcQ3As,【#KZHCUP_RUMBLE】真 本間ひまわり爆誕！？シュートさんの指導で生まれ変わるひまち【にじさんじ切り抜き/本間ひまわり/shuto/不破湊/北見遊征/げまじょ】,UCqQNCRSihFHVsXrDikNeYSg,げまじょが好き【にじさんじEXゲマズ切り抜き】,['Gaming'],65205,845,0,57
2025-11-24 18:46:42,5ftlnz91DaM,【MAD】イマジナリー息子,UCkKj-SiKyiFkj_dO1vmY3gA,加藤純一RECORDS,['Entertainment'],81380,6345,0,370
2025-11-24 18:46:42,snH3HQSF7Ew,KONAMIやってくれたなぁ！！大金かけて獲得したバッキーがナックルの弱体化を受けた結果...【プロスピA】# 1755,UCy9GuRXGTm8TliQ-OJ7KwzA,【V.I.P】,['Gaming'],191445,3450,0,635
2025-11-24 18:46:42,IZ9kqxCDvAs,【期間限定公開】M!LK - 好きすぎて滅！(from CDTVライブ！ライブ！),UCFvSFbT8okMrpuFxBEIB2lg,M!LK,['Music'],498773,25210,0,1731
2025-11-24 18:46:42,DOmdfYIPBXE,トゥルトゥルトゥルサフールの都市伝説を検証した結果...マイクラ都市伝説【 マイクラ / マインクラフト 】,UCHazKLThRbMyMFu2bVAKhng,ウォーターチャレンジ,['Gaming'],268107,2617,0,82
2025-11-24 18:46:42,IcWvUlwcKAI,A.B.C-Z / BEST OF A.B.C-Z-COUPLING BEST-,UC-ifW8mHzfsZVGHY8vxqrjA,A.B.C-Z,['Entertainment'],3401,1070,0,95
2025-11-24 18:46:42,KSha-fc5EhA,【パチスロ生配信】何度負けても立ち向かうぞ!!スランプから脱出したい!!【からくりサーカス】,UCdCC1L_OxLrkoEjR19iXpRw,パチスロードch,['Gaming'],90686,522,0,0
2025-11-24 18:46:42,lUHLwBOY04I,【崩壊：スターレイル】零光 | 宮野真守 / EVAKOI - HoYoFair,UCHzevlEL9JfsBIm86uNCJqg,宮野真守,['Music'],93402,11122,0,257
2025-11-24 18:46:42,hXKJ0gHYQ6E,【スマブラsp】キンクルVIP戻す！,UCtKBQ2BYD76GiJvcpZOBorg,えいま,['Gaming'],47163,269,0,17
2025-11-24 18:46:42,DG4ax7ec64o,クラシックを弾くと思っている海外の観客にマリオを弾いちゃうピアニストwww,UC_DopZ9OANqNGho0wFwADqA,けいちゃん / Keichan,['Music'],398685,5094,0,254
2025-11-24 18:46:42,qIXl45sU0wk,【カービィのエアライダー】新作エアライド！ロードトリップで真エンドを目指す！！【にじさんじ/リゼ・ヘルエスタ】,UCZ1xuCK1kNmn5RzPYIZop3w,リゼ・ヘルエスタ -Lize Helesta-,['Gaming'],80445,2421,0,11
2025-11-24 18:46:42,6L7xTio0QyY,【MV】AIM&RHYME / りうら【FAKE TYPE.書き下ろし】,UCBuLdF0tQn5oZjpvYWSQkaA,Liura Channel,['Entertainment'],22876,4408,0,444
2025-11-24 18:46:42,24VDsNgWNfw,月曜ガチャ更新引くぞ配信【eFootballアプリ2026/イーフト】,UCKU0SVkIPRqwiZaXJ9rXhdw,シュート。,['Gaming'],76379,416,0,1
2025-11-24 18:46:42,wUGh03rLZbY,【スマブラSP】ついにガノン以外も解禁！いろいろなチームの即死を開拓してみた！【ガノンドロフ+αチームゆっくり実況part30】,UCyTaStlK0neSuKveYOIioaw,ぐんぐにるチャンネル,['Gaming'],57704,2497,0,200
2025-11-24 18:46:42,SdVBuVm_Sw8,【生放送】勝ちまくります！EVO37宮崎店,UCjcYYjM16TFOPXDjWgzHiHA,超覚醒てえんだ「スロパチ生放送」,['Entertainment'],93776,702,0,0
2025-11-24 18:46:42,m0HhR1k9JEw,【24時間耐久残り】年内1兆へ…ポケモンピンボールRS / 24h Pokémon Pinball　#ポケモンピンボール #ポケモン　#shorts,UC0ux2IFOXkj6ifQ4aSs9l7Q,大月【おおつき】,['Gaming'],87220,200,0,3
2025-11-24 18:46:42,QebVV6D641k,よしなまが作ったゲーム「マモンキング」PVを見る加藤純一【2025/11/22】,UCH-lygWpHodDff3iQurnWnQ,加藤純一切り抜き集,['Entertainment'],169460,932,0,629
2025-11-24 18:46:42,VXsWwTTgt78,【 🔴同時視聴 】#FLOWGLOW  の3Dライブを一緒に楽しもう！🌽🍙【 #にゃんぐこーん/ホロライブ 】,UCvaTdHTWBGv3MKj3KVqJVCw,Okayu Ch. 猫又おかゆ,['Entertainment'],246855,11584,0,67
2025-11-24 18:46:42,BT4XRgmCjjQ,【PUACL2026日本リーグ】Day1 | Pokémon UNITE Asia Champions League 2026 JAPAN League | ポケモンユナイト A配信,UCvo8JUqHh2d1QGnK3LKyI4Q,ポケモンユナイト公式チャンネル,['Gaming'],197302,,0,19
2025-11-24 18:46:42,_6xcFXlJcX8,【面白まとめ】ジップライン突撃に味を占めジッパーズを結成する葛葉達【にじさんじ/切り抜き/ARC】,UCMGvmEqkVbl372DCyn3NLAw,【吹いたら負け】葛葉先生のしくじり【切り抜き】,['Gaming'],71509,839,0,27
2025-11-24 18:46:42,4-6IONBWRMQ,KZHCUPの顔合わせでコーチ陣の格付けマッチ開催!!試合を通してバーンアウトがいかにダメかを教え込む立川【伊波ライ/小柳ロウ/神田笑一/にじさんじ】【立川/CR/スト6】,UCRDJ3DN-6ND_a4LSJ35L91A,立川ちゃんねる,['Gaming'],80660,1396,0,30
2025-11-24 18:46:42,oslNxV_8Q2c,【Minecraft】ラムベガスで儲かる方法‼ 施設作りにいくにぇ！！！！！！！！【ホロライブ/さくらみこ】,UC-hM6YJuNYVAmUWxeIr9FeA,Miko Ch. さくらみこ,['Gaming'],242134,10338,0,115
2025-11-24 18:46:42,uOZRP1-dvhA,【桃鉄】無礼講桃鉄でちんこ料理屋の物件名に気付きときのそらに言わせようとするぺこらとねねちｗ【ホロライブ切り抜き/兎田ぺこら/大空スバル/ときのそら/桃鈴ねね】,UCrKna8EQAd7NPRYq-gIsuow,ホロライ部【ホロライブ切り抜き】,['Gaming'],112542,1314,0,118
2025-11-24 18:46:42,sgi_eji-ysM,【ArcRaiders】イブラヒムと葛葉とドンシュー【にじさんじ/ローレン・イロアス】,UCgmFrRcyH7d1zR9sIVQhFow,ローレン・イロアス / Lauren Iroas【にじさんじ】,['Gaming'],254297,5274,0,62
2025-11-26 03:53:44,XILnJKGc0yo,INI｜'U MINE' Performance Video,UCc-itdQHxLvUlPrDxIiSJrA,INI,['Entertainment'],124581,16625,0,2961
2025-11-26 03:53:44,vIUORnIS_ug,ELDEN RING NIGHTREIGN The Forsaken Hollows | Scholar Character Trailer,UC_ntXHv-XdKCD7CPynVvnQw,Bandai Namco Entertainment America,['Gaming'],91666,8441,0,728
2025-11-26 03:53:44,SnCG-_lf74w,今までで一番怖いスーパーマーケット経営『 HELLMART 』,UCMJiPpN_09F0aWpQrgbc_qg,キヨ。,['Gaming'],407418,14932,0,819
2025-11-26 03:53:44,G36amiUCkXU,Juice=Juice『盛れ！ミ・アモーレ』(Concert 2025 Queen of Hearts Special Flush),UC6FadPgGviUcq6VQ0CEJqdQ,Juice=Juice,['Music'],289020,24162,0,4286
2025-11-26 03:53:44,vMg1KAFAKiY,'이게 맞아?! 시즌2' Main Trailer,UCLkAepWjdylmXSltofFvsYQ,BANGTANTV,['Music'],931078,161962,0,8698
2025-11-26 03:53:44,xjUPVppl1DI,4人で協力して本格的な殺人事件を解決に導く『The Case of the Golden Idol』,UCPVr7clenPjpD7WNsSI3UBQ,レトルト,['Gaming'],313761,7382,0,330
2025-11-26 03:53:44,TVqEwvbZP30,RIIZE 라이즈 'Fame' MV,UCEf_Bc-KVd7onSeifS3py9g,SMTOWN,['Music'],1584217,95109,0,8324
2025-11-26 03:53:44,miySB69T1xw,隠れる場所から作れ！大人たちのガチかくれんぼ【マイクラ】,UCj4PjeVMnNTHIR5EeoNKPAw,ドズル社,['Gaming'],247157,8979,0,382
2025-11-26 03:53:44,x_RYZsOfpKY,ILLIT (아일릿) 'NOT CUTE ANYMORE’ Official MV,UC3IZKseVpdzPSBaWxBxundA,HYBE LABELS,['Music'],6469680,256853,0,16403
2025-11-26 03:53:44,ST05E_5kn2E,負けたら自身の全財産公開を賭けた通帳カスタムで勝ったのは・・・【The k4sen Con 2025 DAY 3 Supported by ロリポップ！ for Gamers byGMOペパボ】,UChUjERVG8eKEAJSCef-tTmg,k4sen / かせん,['Gaming'],165132,3427,0,272
2025-11-26 03:53:44,b9z3Iaz5Zrc,ヤングスキニー - るっせぇ女【Official Music Video】,UCcg_rvE-fU2tATMwBAxW9bA,ヤングスキニー,['Music'],16872,2127,0,185
2025-11-26 03:53:44,fiSsGbfus6I,うんこちゃんのイナズマイレブン 英雄たちのヴィクトリーロード 実況プレイPart4※ネタバレ注意,UCx1nAvtVDIsaGmCMSe8ofsQ,加藤純一【jun channel】,['Gaming'],206732,1784,0,1120
2025-11-26 03:53:44,ScutqxM3z_s,Hi-STANDARD - Our Song - OFFICIAL MUSIC VIDEO,UCrQUlOEbu-0T0l4DAcBEeIg,pizzaofdeathofficial,['Music'],87346,5627,0,346
2025-11-26 03:53:44,z-aco1hi0Iw,新キャラくま＆ボニー100レべフルブ初見リーグ！最強火力のワンパンし放題！【バウンティラッシュ】,UCdkVEDVAW5aFmA-Mkz0lAFQ,ひたまゆ。,['Gaming'],122607,1520,0,250
2025-11-26 03:53:44,7bqePXphj2g,乃木坂46『夢の匂い』MUSIC VIDEO,UCUzpZpX2wRYOk3J8QTFGxDg,乃木坂46 OFFICIAL YouTube CHANNEL,['Music'],212094,16509,0,1453
2025-11-26 03:53:44,ITQYMtkP23E,【パチスロ生配信】前日出てるラス1ヴヴヴ2で勝負っ!!【革命機ヴァルヴレイヴ2】,UCdCC1L_OxLrkoEjR19iXpRw,パチスロードch,['Entertainment'],289354,1385,0,0
2025-11-26 03:53:44,llAI08UYyAw,"Stray Kids ""Do It (Overdrive Version)"" M/V",UCaO6TYtlC8U5ttz62hTrZgg,JYP Entertainment,['Music'],2133098,320021,0,10309
2025-11-26 03:53:44,fCDvm0Y3qkw,【 GTAV 】歌鬼ごっこ‼１曲歌い終わるまでリスナーから逃げ切れええええええええ‼🔥【ホロライブ/さくらみこ】,UC-hM6YJuNYVAmUWxeIr9FeA,Miko Ch. さくらみこ,['Gaming'],259347,14292,0,113
2025-11-26 03:53:44,dx4XsqUGm10,MAZZEL / Only You -Dance Practice-,UCMF_5h2OejEhVorTB02UUSg,MAZZEL,['Music'],154471,17060,0,1285
2025-11-26 03:53:44,6ixvIIIxwlk,【深夜にパチ配信】東京グールとかのかりとエヴァ15って本当に継続率合ってる？生実践LIVE！パチスロパチンコライブ,UCDhOdoqPxv96djR3tSq9NoA,ショコラ大佐の秘密基地,['Entertainment'],102593,1063,0,0
2025-11-26 03:53:44,4Xt_hR0KNvY,IS:SUE (イッシュ) 'Super Luna' Performance Video,UCqKNMJ5s_vsf7WkesdBrvQA,IS:SUE,['Music'],119282,10613,0,1998
2025-11-26 03:53:44,e0okJjgNTl0,【今年−294万】エヴァンゲリオン未来への咆哮パチンコライブ配信,UCYe_uTI6X6mm9qaXm8iWFDg,ノッチ配信者パチンコライブ,['Entertainment'],290600,2704,0,5
2025-11-26 03:53:44,gSXQd_5ht0E,【DANCE VIDEO】君セン！ / iLiFE! 【振り動画】,UChVflUz2J_jaaqYjXqvpmQA,iLiFE!【あいらいふ】,['Music'],459386,21919,0,1022
2025-11-26 03:53:44,hn17tmdaAzQ,「ストリートファイターリーグ: Pro-JP 2025」Division F 第10節　☆☆18時40分より初心者必見！SFリーグ: ウォームアップ☆☆,UCu2Fxqf37DAZ0ZhIsd1FZwA,Capcom Fighters JP,['Gaming'],637931,6145,0,54
2025-11-26 03:53:44,eHmQ_b0LkUA,"Stray Kids ""Do It (Turbo Version)"" Lyric Visualizer",UC9rMiEjNaCSsebs31MRDCRA,Stray Kids,['Music'],274587,73372,0,3043
2025-11-26 03:53:44,xx3ZTvOhNoM,【#8】ゼルダの伝説 神々のトライフォース：The Legend of Zelda: A Link to the Past【ホロライブ/大空スバル】,UCvzGlP9oQwU--Y0r9id_jnA,Subaru Ch. 大空スバル,['Gaming'],195160,7590,0,40
2025-11-26 03:53:44,JrI4_jUZe98,SEVENTEEN | THE SMURFS (세븐틴 | 스머프) Ver. '음악의 신' Official MV,UCfkXDY7vwkcJ8ddFGz8KusA,SEVENTEEN,['Music'],117857,28621,0,1428
2025-11-26 03:53:44,iKVcCmyqoik,『刀剣乱舞ONLINE』新刀剣男士 三郎国宗(さぶろうくにむね) 登場！,UC56x--_QtyaWD1QptYrPMqA,刀剣乱舞 公式チャンネル,['Gaming'],70466,5130,0,199
2025-11-26 03:53:44,Gln8wDtITJ4,Kay-on - SHIN GODZILLA (Official Video),UCdszfKemUn36sOEplfkiGVQ,GPV LABEL,['Music'],26032,1800,0,161
2025-11-26 03:53:44,dmBAMwBBxoM,いいんですか？こんな神イベント｜ポケモンZA #19,UCMzLWawc9x3rUsqYDEfgqzA,ジャック・オ・蘭たん,['Gaming'],61363,2687,0,292
2025-11-26 03:53:44,j-8vLi2sMg0,【歌ってみた】星の消えた夜に / covered by Nornis【戌亥とこ/町田ちま/にじさんじ】,UCxWcO9CLti4uouUIS5IIF-Q,Nornis,['Music'],29202,4269,0,68
2025-11-26 03:53:44,aHKMl9HVqZQ,究極の財宝【龍が如く８外伝 Pirates in Hawaii】＃４２,UCZMRuagdTBKmmrFtSMN48Xw,牛沢,['Gaming'],98760,3393,0,305
2025-11-26 03:53:44,MRYXsF2lblY,RIIZE 'Sticky Like' (Official Audio),UCdVD0MsYecQaIE5Ru-pOIQQ,RIIZE,['Music'],173646,17427,0,955
2025-11-26 03:53:44,BsyEN86cR0U,プロジェクトセカイ プロセカ放送局 #26,UCdMGYXL38w6htx6Yf9YJa-w,プロジェクトセカイ カラフルステージ! feat. 初音ミク,['Gaming'],219412,6922,0,56
2025-11-26 03:53:44,HP8qpxRpIW8,NOT CUTE ANYMORE,UCNVIo0UJXTdEnsRkCB9Q03w,ILLIT - Topic,['Music'],403074,22542,0,859
2025-11-26 03:53:44,P0OLVEm0pfM,【実機配信】 ＣＲぱちんこ仮面ライダーＶ3 #パチンコ実機 #仮面ライダーv3,UCx-QS9BIo_L_lx5dkpys1qw,ねこまんまのパチ•チャンネル,['Entertainment'],65466,193,0,0
2025-11-26 03:53:44,qEGsMTo-adg,アンジュルム『午後3時スクランブル』～Dance Practice Ver.～,UCDwcZ85zjLKD-3-jqlv1wQQ,アンジュルム,['Music'],16897,1585,0,190
2025-11-26 03:53:44,Zvh5BE2Guik,【ARC Raiders】Imagine / 想像してごらん【ホロライブ/兎田ぺこら】,UC1DCedRgGHBdm81E1llLhOQ,Pekora Ch. 兎田ぺこら,['Gaming'],239150,10444,0,117
2025-11-26 03:53:44,L6tkKvVCs0Y,【MV】どーでもいいよ／まふまふ,UCOTR1tcOAhjgi6YukrPpZxg,まふまふちゃんねる,['Music'],119128,12243,0,562
2025-11-26 03:53:44,DSPV0RT3BJI,超ドラゴンクエストXTV #55 バージョン7.6[前期]最新情報,UC6SmH9mR82nj28_NNg_rZvA,スクウェア・エニックス,['Gaming'],64121,,0,
2025-11-26 03:53:44,I52yC34Ji2k,YENA「STAR! (feat. Hatsune Miku)」 Music Video,UC4YT50DP7hbMsor8FmyEPMw,Victor Entertainment,['Music'],16937,7067,0,483
2025-11-26 03:53:44,Gth1zEFH2TM,タグNXで『もあ』『B!KZO』とプルス戦に挑むNX☆くさあん【切り抜き】【マリオカート ワールド】,UCL7VEatXa9yBCKeM-ww8TnA,NX☆くさあん,['Gaming'],65268,1566,0,47
2025-11-26 03:53:44,OWpLhNyqeqg,Novelbright - 夢花火 [Official Live Video],UCIJAlAYCNN8RACtDDsy9K6g,Novelbright,['Music'],58124,4369,0,415
2025-11-26 03:53:44,GJMOK14mB2c,全員の物資を蓄えてた馬鹿を制裁します 懐クラフト #12,UCoQhX2O93MVTWfgIz-8wOmg,KUNの50人クラフト,['Gaming'],90271,2401,0,137
2025-11-26 03:53:44,NIGA89HGTBU,'Talk to You' Performance Video | NO LABELS: PART 01 | 연준 (YEONJUN),UCtiObj3CsEAdNU6ZPWDsddQ,TOMORROW X TOGETHER OFFICIAL,['Music'],56060,14329,0,765
2025-11-26 03:53:44,NkHjY_EaCgY,遂に完成した歴代最強マンチェスターユナイテッドスカッドが強すぎて魔王【eFootball2026アプリ】,UC070fhnqq38qNhqHm5rxTcQ,令和ちゃんねる,['Gaming'],62333,1215,0,89
2025-11-26 03:53:44,eWetBwa4vVI,Jinmenusagi - NEET (Official Video),UCC4xWbcBVn-tHgchhrdmFpg,Jinmenusagi,['Music'],17491,1564,0,106
2025-11-26 03:53:44,9SaAfQ6eACQ,新フェス限くま＆ボニーガチ評価‼️超フェス級のぶっ壊れ火力で環境キャラワンパンw【バウンティラッシュ】,UCUW6U6iOrntB0jw6-AbQo8g,RED Games,['Gaming'],55364,868,0,201
2025-11-26 03:53:44,G_3xr5desOo,"EXILE ATSUSHI + AI（EXILE ATSUSHI LIVE TOUR 2025 ""Heart to Heart"" ～復活祭～）",UCN7_YMtKaUiizHpw77XLVcw,EXILE,['Music'],69270,2494,0,99
2025-11-26 03:53:44,6kWw9Nn4dIY,【Shadow Corridor】三姉妹ホラーゲーム実況【第二夜 -ヒグラシの回廊-】,UCAWxPGGuIfWME2KTLUmSCHw,ぱかチューブっ!【ウマ娘公式】,['Gaming'],76214,4559,0,277
2025-11-28 06:18:04,ZOEZ_cRIkhY,STARGLOW / Moonchaser [BMSG FES'25] DAY1,UCKsVfYfguU3s5vMO5yhcWdw,STARGLOW Official,['Music'],174132,18642,0,1285
2025-11-28 06:18:04,NUSpibeVoO0,失われたチャプター: ユキの復讐 | ティザートレーラー,UCwF6o6cF7BMTY1-OZ7ZUY7Q,フォートナイト 公式,['Gaming'],35601,1078,0,102
2025-11-28 06:18:04,8B2XU-fUS58,【777リーグ3rd】実戦バトル 第14回戦 (1/3) - 777.LEAGUE3rd【スリーセブンリーグ3rd】[髭原人/シーサ。/レビン/水樹あや],UC0wuDDYK-QTwneeZ6x6pPbw,777パチガブチャンネル,['Entertainment'],312204,3866,0,575
2025-11-28 06:18:04,F3C87lOmZBM,RIIZE(라이즈) _ Fame | 1theKILLPO | 원더킬포 | 퍼포먼스 | Performance | 4K,UCqq-ovGE01ErlXakPihhKDA,1theK Originals - 원더케이 오리지널,['Entertainment'],200468,18207,0,1725
2025-11-28 06:18:04,wEKNPc0cm9Y,映画『ウィキッド 永遠の約束』本予告＜2026年3月6日(金)より、全国ロードショー！＞,UC9llDCAObCbGpsaa66fClKw,ユニバーサル・ピクチャーズ公式,['Film & Animation'],19685,681,0,
2025-11-28 06:18:04,6yMFwpzbQCY,モンストニュース[11/27]モンストの最新情報をお届けします！【モンスト公式】,UCd9BXPj-KcMTh0HiB-Vlb8A,モンスト（モンスターストライク）公式,['Gaming'],448303,4344,0,262
2025-11-28 06:18:04,ES9oYbzYCh8,ILLIT (아일릿) 'NOT CUTE ANYMORE’ Performance Film,UC3IZKseVpdzPSBaWxBxundA,HYBE LABELS,['Music'],679377,70337,0,2091
2025-11-28 06:18:04,Nxq6nJJVx5A,燃えろ早抜け選手権！【マイクラ】,UCj4PjeVMnNTHIR5EeoNKPAw,ドズル社,['Gaming'],225698,7913,0,268
2025-11-28 06:18:04,StcmgD_0aRI,モニタリング Cover / Gero,UCFuugQScqDfJcsOEWbL1_tg,Gero Channel,['Music'],166370,12789,0,2788
2025-11-28 06:18:04,o3PX7EjBjvg,50人クラフトBAN覚悟のガチなんでもバスケット,UCoQhX2O93MVTWfgIz-8wOmg,KUNの50人クラフト,['Gaming'],131864,4158,0,411
2025-11-28 06:18:04,VWg0218G38c,現在がとんでもなく悲惨な事になってるYouTuber4選,UCHvFSU5OP6c7QcJxIr87YtA,ウタエル Utael,['Entertainment'],138058,1620,0,281
2025-11-28 06:18:04,ckKFtSlZ5Lw,闘いの儀開始の宣言をしろ！磯野ぉ！【モンストニュース】,UCqfELxLmasBwYET4ZAMfMqA,がみくん,['Gaming'],127297,1525,0,345
2025-11-28 06:18:04,Am2ElEWNvTY,LEX - 完璧だ (Music Video),UCeTo4Eh0TzpKbUL4vGQZ73A,LEX *,['People & Blogs'],97313,4620,0,243
2025-11-28 06:18:04,y7XtQu1z9hw,かぐや様は告らせたい｜1GAMEてつの妖回胴中記# 336【パチスロ・スロット】,UCTgIFU4_hG6aA7VfWS8blQg,1GAME TV パチンコパチスロ実践動画,['Gaming'],86916,957,0,149
2025-11-28 06:18:04,AfKzB2lXo7I,SLAVE (Nissy Entertainment “Re:10th Anniversary Final” BEST DOME TOUR),UCkv76wCrBDQNn7ctcbn6Qeg,Nissy - Topic,['Music'],26979,1011,0,56
2025-11-28 06:18:04,5m86CgLR0Fg,【マイクラ】ゾムも思わず突っ込む最弱の鬼シャオロンいきます【本気れんぼ】,UCsoW5-5KCPFAZwfGU-POUvA,まじめにヤバシティ,['Gaming'],103366,6335,0,232
2025-11-28 06:18:04,b9z3Iaz5Zrc,ヤングスキニー - るっせぇ女【Official Music Video】,UCcg_rvE-fU2tATMwBAxW9bA,ヤングスキニー,['Music'],162547,7374,0,338
2025-11-28 06:18:04,WT1LFvt07Gw,k4senの舌打ちから人狼が始まるマ農場【Farming Simulator 25】,UChUjERVG8eKEAJSCef-tTmg,k4sen / かせん,['Gaming'],101745,1983,0,58
2025-11-28 06:18:04,5oKKmCT-_4s,大・団・円  / T-Pis MV,UCWXDEaOxoT8gkk83ZEB5Onw,TP ZONE,['People & Blogs'],24471,1908,0,157
2025-11-28 06:18:04,6-9ej0ztMUA,【バッチ参戦でほぼカッパ!?】ビッグバンするまで終わらないネオプラ実戦　【新台の村田 with 松本バッチ】#ネオプラネット #JIRO　#松本バッチ,UCv0F5yCdnwnBTrcJO2Yr3lQ,きむちゃんねる,['Entertainment'],112185,787,0,61
2025-11-28 06:18:04,XILnJKGc0yo,INI｜'U MINE' Performance Video,UCc-itdQHxLvUlPrDxIiSJrA,INI,['Entertainment'],269508,20894,0,3758
2025-11-28 06:18:04,5eHGs7lX09s,うんこちゃんのイナズマイレブン 英雄たちのヴィクトリーロード 実況プレイPart5※ネタバレ注意,UCx1nAvtVDIsaGmCMSe8ofsQ,加藤純一【jun channel】,['Gaming'],169610,1563,0,1216
2025-11-28 06:18:04,hcJEQXJIALo,ONE N' ONLY／ “RIDE” Music Video,UC8Qwnts13zIh2EYUCau6m3w,ONE N' ONLY TV,['Entertainment'],80883,4080,0,587
2025-11-28 06:18:04,SMAnw64aTXc,世界で８人しか貰えない契約書を開封！交換会に出す選手も今日発表します！！【プロスピA】# 1758,UCy9GuRXGTm8TliQ-OJ7KwzA,【V.I.P】,['Gaming'],148576,2666,0,1163
2025-11-28 06:18:04,5UBc2gXGwKc,Seishun Rock 'n' roll,UC3PFoXZPFJGy9F4PG84nNQQ,Soala - Topic,['Music'],23569,302,0,9
2025-11-28 06:18:04,sEe1U-vDP5k,この界隈はもう熊とか虎じゃ驚かないんだから【龍が如く８外伝 Pirates in Hawaii】＃４４,UCZMRuagdTBKmmrFtSMN48Xw,牛沢,['Gaming'],102466,3231,0,255
2025-11-28 06:18:04,5-o_tvuKSfM,【Official】Uru 「愛」,UCdPCarwi28K5Z7s5l2nMiLw,Uru Official YouTube Channel,['Music'],82831,4730,0,173
2025-11-28 06:18:04,-DkSyDEQloM,機動戦士ガンダム エクストリームバーサス２ インフィニットブースト「イニブ情報局 ～TOKYO Showdown予選直前SP～」,UCJxxoli_XbupD8SK_TtytAQ,バンダイナムコ アミューズメントユニット公式チャンネル,['Gaming'],93616,,0,7
2025-11-28 06:18:04,CXcBo03He2A,ミジ子の恋,UCDBdcJ3JIg2sjDg8QR3xp-g,Iyowa - Topic,['Music'],47429,4898,0,231
2025-11-28 06:18:04,UiHPfikroWg,【緊急/新環境】シャドバに息苦しさ感じてる奴これ見ろ‼️クピタンえろすぎて胸が苦しくて窒息しそうだぞ‼️復帰しろ‼️【Shadowverse: Worlds Beyond】,UCqeAYB1DMzfM-hG-Up52yNQ,つるおかかものはし,['Gaming'],73542,911,0,304
2025-11-28 06:18:04,mdI6LWIe8Og,稲垣潤一 - クリスマスキャロルの頃には (2025.10.11 稲垣潤一コンサート2025  at 板橋区立文化会館),UCapLmxI6gv5WBd3N3sUVG8Q,稲垣潤一 Official,['Music'],10252,796,0,56
2025-11-28 06:18:04,ZjN51G8c5-k,【ドラクエウォーク】根絶やしの竜のソロ安定攻略法！1年前の覇権武器で楽勝でした！,UC9-yZkJfxtg6WNCX5mUQb0w,ノゴローチャンネル,['Gaming'],62832,767,0,27
2025-11-28 06:18:04,G36amiUCkXU,Juice=Juice『盛れ！ミ・アモーレ』(Concert 2025 Queen of Hearts Special Flush),UC6FadPgGviUcq6VQ0CEJqdQ,Juice=Juice,['Music'],524495,29529,0,5805
2025-11-28 06:18:04,YH_PW-Y7LF0,【マリオカートワールド】くさあん1st / #2,UCL7VEatXa9yBCKeM-ww8TnA,NX☆くさあん,['Gaming'],56730,1833,0,97
2025-11-28 06:18:04,u6nhdi1pJWI,"LIBRO ""なかいま feat. 鎮座DOPENESS""",UCxhPsqKunv6674tZcQoEzOg,LIBRO,['Music'],16225,1368,0,64
2025-11-28 06:18:04,eLCjlEYBN3U,課金しまくって放射性ラッキーブロックを100個開けるロブロックス (Roblox),UC9Lx-zRFGfpuls27tNAOIqA,マエスケ,['Gaming'],475665,16629,0,1141
2025-11-28 06:18:04,FuGOa47BBqg,Brand New Episode,UCy2IDlWr4fbdO2dbka98bSg,HACHI - Topic,['Music'],48542,1259,0,15
2025-11-28 06:18:04,dIPZHyTBFz0,『ドラゴンクエストウォーク』の新情報をお届け「スマートウォーク」#131,UCtceiniicYEsbAVuWy-Bi0Q,ドラゴンクエストウォーク公式,['Gaming'],204070,2196,0,271
2025-11-28 06:18:04,tdYPGxusaYs,NiziU 「♡Emotion」 FanCam – MAYUKA ver -,UCHp2q2i85qt_9nn2H7AvGOw,NiziU Official,['Entertainment'],42915,2889,0,156
2025-11-28 06:18:04,oYKdO-eEHg4,MAX80キロの投手がイーファスピッチを覚えたら魔球に!?  球速80キロの投手がクローザーを目指す物語#6【プロスピ2025】【アカgames】,UC5wr1qJKJOrHHK-haeZkfbg,アカgames,['Gaming'],68219,1293,0,237
2025-11-28 06:18:04,Lj1Qi3-zQgg,あの娘は邪惡！,UC5nxCVEWQLLfkPuMylpkYkA,ロス,['Entertainment'],40926,5483,0,162
2025-11-28 06:18:04,uGM14iCUu0w,加藤純一が禁煙失敗した理由【2025/11/26-27】,UCH-lygWpHodDff3iQurnWnQ,加藤純一切り抜き集,['Entertainment'],116675,1075,0,488
2025-11-28 06:18:04,G_oNwC_PjfU,【原神】「強化ウェンティ」は強いのか？先行解説します。性能/武器/聖遺物/PT編成…全てが分かる！【魔導/上方修正】,UCjJmYy279ehSYSwR1A3fXtA,マグロヘッド,['Gaming'],119230,3341,0,373
2025-11-28 06:18:04,Bj6tJxDPzoY,みんなでパンを作って1か所に合流しよう!!(ただし100人に邪魔されながら)【マインクラフト】,UClNdVSK1uy2xFHTaXZYXopw,らっだぁ,['Gaming'],277672,11758,0,322
2025-11-28 06:18:04,4_l1VyTNzrs,【は？】怪しすぎるブレインロットを盗むサーバーに潜入するロブロックス..【ROBLOX】,UCH4yRBPH2pDUjPeqomx8CTQ,てるとくん,['Gaming'],79445,2431,0,1457
2025-11-28 06:18:04,OoLflKFs7YY,【MIMESIS】ヒトの言葉を学習して欺いてくるAIにビビりまくるフブぺこ奏ヴィヴィ【2025.11.26/ホロライブ切り抜き】,UCUbAVVpHteGtGQPPN9lM3oQ,ホロライブ切り抜き/なめたけ,['Entertainment'],131860,3251,0,321
2025-11-28 06:18:04,n7pO7F_kP0k,【原神】エピソード ドゥリン「家族への手紙」,UCAVR6Q0YgYa8xwz8rdg9Mrg,原神-Genshin-公式,['Gaming'],152387,18059,0,614
2025-11-28 06:18:04,2c_b4Q2LIeA,【モンスト】遊戯王コラボ最終決戦は超激ムズの予感！？超究極『闇遊戯』降臨！今年もクリスマスα開催！《ジャックα / パスカルα / ジャヒーα》登場！『★5以上キャラ50%10連ガチャ』開催！【しろ】,UCL72kYW8XK4R61kp1R9K69Q,しろ,['Gaming'],57664,642,0,149
2025-11-28 06:18:04,WVVv8Uyok_U,サビ組さんにはよくしてもらってます｜ポケモンZA #20,UCMzLWawc9x3rUsqYDEfgqzA,ジャック・オ・蘭たん,['Gaming'],162104,5704,0,832
2025-11-28 06:18:04,JoqhTXkGVVk,【返して】歴代ドラゴンのPPブーストを紹介＆Tier格付け【旧シャドバ】,UC0oUS_AySEl6fiYgRgPJJ9g,うさみんみ,['People & Blogs'],33066,1246,0,272
2025-11-26 14:40:36,XILnJKGc0yo,INI｜'U MINE' Performance Video,UCc-itdQHxLvUlPrDxIiSJrA,INI,['Entertainment'],163828,18598,0,3283
2025-11-26 14:40:36,vIUORnIS_ug,ELDEN RING NIGHTREIGN The Forsaken Hollows | Scholar Character Trailer,UC_ntXHv-XdKCD7CPynVvnQw,Bandai Namco Entertainment America,['Gaming'],256221,12367,0,961
2025-11-26 14:40:36,SnCG-_lf74w,今までで一番怖いスーパーマーケット経営『 HELLMART 』,UCMJiPpN_09F0aWpQrgbc_qg,キヨ。,['Gaming'],544029,17597,0,902
2025-11-26 14:40:36,b9z3Iaz5Zrc,ヤングスキニー - るっせぇ女【Official Music Video】,UCcg_rvE-fU2tATMwBAxW9bA,ヤングスキニー,['Music'],42440,3446,0,242
2025-11-26 14:40:36,xjUPVppl1DI,4人で協力して本格的な殺人事件を解決に導く『The Case of the Golden Idol』,UCPVr7clenPjpD7WNsSI3UBQ,レトルト,['Gaming'],420366,8684,0,375
2025-11-26 14:40:36,G36amiUCkXU,Juice=Juice『盛れ！ミ・アモーレ』(Concert 2025 Queen of Hearts Special Flush),UC6FadPgGviUcq6VQ0CEJqdQ,Juice=Juice,['Music'],329336,25156,0,4516
2025-11-26 14:40:36,miySB69T1xw,隠れる場所から作れ！大人たちのガチかくれんぼ【マイクラ】,UCj4PjeVMnNTHIR5EeoNKPAw,ドズル社,['Gaming'],312781,10531,0,425
2025-11-26 14:40:36,TVqEwvbZP30,RIIZE 라이즈 'Fame' MV,UCEf_Bc-KVd7onSeifS3py9g,SMTOWN,['Music'],1919756,99767,0,8825
2025-11-26 14:40:36,ST05E_5kn2E,負けたら自身の全財産公開を賭けた通帳カスタムで勝ったのは・・・【The k4sen Con 2025 DAY 3 Supported by ロリポップ！ for Gamers byGMOペパボ】,UChUjERVG8eKEAJSCef-tTmg,k4sen / かせん,['Gaming'],197371,3930,0,297
2025-11-26 14:40:36,x_RYZsOfpKY,ILLIT (아일릿) 'NOT CUTE ANYMORE’ Official MV,UC3IZKseVpdzPSBaWxBxundA,HYBE LABELS,['Music'],6970086,273738,0,17076
2025-11-26 14:40:36,fiSsGbfus6I,うんこちゃんのイナズマイレブン 英雄たちのヴィクトリーロード 実況プレイPart4※ネタバレ注意,UCx1nAvtVDIsaGmCMSe8ofsQ,加藤純一【jun channel】,['Gaming'],241934,1888,0,1155
2025-11-26 14:40:36,ScutqxM3z_s,Hi-STANDARD - Our Song - OFFICIAL MUSIC VIDEO,UCrQUlOEbu-0T0l4DAcBEeIg,pizzaofdeathofficial,['Music'],114680,6522,0,392
2025-11-26 14:40:36,dmBAMwBBxoM,いいんですか？こんな神イベント｜ポケモンZA #19,UCMzLWawc9x3rUsqYDEfgqzA,ジャック・オ・蘭たん,['Gaming'],104417,3727,0,348
2025-11-26 14:40:36,JkKNqaEl9Aw,"NEXZ(넥스지) ""Legacy"" Performance Video",UCaO6TYtlC8U5ttz62hTrZgg,JYP Entertainment,['Music'],91667,16230,0,1559
2025-11-26 14:40:36,hn17tmdaAzQ,「ストリートファイターリーグ: Pro-JP 2025」Division F 第10節　☆☆18時40分より初心者必見！SFリーグ: ウォームアップ☆☆,UCu2Fxqf37DAZ0ZhIsd1FZwA,Capcom Fighters JP,['Gaming'],674775,6390,0,90
2025-11-26 14:40:36,7bqePXphj2g,乃木坂46『夢の匂い』MUSIC VIDEO,UCUzpZpX2wRYOk3J8QTFGxDg,乃木坂46 OFFICIAL YouTube CHANNEL,['Music'],228222,17094,0,1482
2025-11-26 14:40:36,Em805jfRVXs,唯一無二すぎるプレイヤーと対戦し、そのスタイルに感動すら覚えるカワノ【スト6】,UCzRzPAT-AjlPyec5yXG974g,カワノKawano,['Gaming'],87657,2370,0,338
2025-11-26 14:40:36,CZP11p3DklQ,軌跡,UC8_Ag6BVp43Vmrx6eillK9g,Vaundy - Topic,['Music'],42044,2077,0,102
2025-11-26 14:40:36,z-aco1hi0Iw,新キャラくま＆ボニー100レべフルブ初見リーグ！最強火力のワンパンし放題！【バウンティラッシュ】,UCdkVEDVAW5aFmA-Mkz0lAFQ,ひたまゆ。,['Gaming'],139502,1645,0,255
2025-11-26 14:40:36,dx4XsqUGm10,MAZZEL / Only You -Dance Practice-,UCMF_5h2OejEhVorTB02UUSg,MAZZEL,['Music'],167186,17433,0,1318
2025-11-26 14:40:36,CvGT2o7-_ZA,【 DARK SOULS: REMASTERED 】ナイトレインDLCまでに深淵歩きアルトリウスに会いに行く。王覇山、因縁のアノール・ロンドへ。（ 人間性を捧げよ ）【 にじさんじ┊︎葉山舞鈴 】,UCfipDDn7wY-C-SoUChgxCQQ,葉山舞鈴 / Ohayama Ch.,['Gaming'],79301,1527,0,7
2025-11-26 14:40:36,b1OwvLh8HnU,FMP,UCMR5xpbhv3jzIQG1TOTg-Jg,B'z - Topic,['Music'],7119,207,0,7
2025-11-26 14:40:36,55xYiuSAp5c,【#ARCRaidersからスレスパ】遠征視野からカードゲーム【Slay the spyer】,UCSFCh5NL4qXrAy9u-u2lX3g,Kuzuha Channel,['Gaming'],276595,4434,0,11
2025-11-26 14:40:36,kux5GmbZhVg,メロリ,UCpYHkc4rzWEW7iVXIyxQebA,Hey! Say! JUMP - Topic,['Music'],5668,514,0,13
2025-11-26 14:40:36,fCDvm0Y3qkw,【 GTAV 】歌鬼ごっこ‼１曲歌い終わるまでリスナーから逃げ切れええええええええ‼🔥【ホロライブ/さくらみこ】,UC-hM6YJuNYVAmUWxeIr9FeA,Miko Ch. さくらみこ,['Gaming'],281828,15086,0,161
2025-11-26 14:40:36,JrI4_jUZe98,SEVENTEEN | THE SMURFS (세븐틴 | 스머프) Ver. '음악의 신' Official MV,UCfkXDY7vwkcJ8ddFGz8KusA,SEVENTEEN,['Music'],239804,47174,0,1865
2025-11-26 14:40:36,Rc8f268ueOE,加藤純一のマリオカートワールドダイジェスト マリオ王への道【2025/11/24】,UCZetZElUvdElPrcstRjl9DA,加藤純一ロードショー,['Gaming'],129728,1497,0,363
2025-11-26 14:40:36,Kc7TkgWiWrc,Kiseki No Younakoto,UCof7dOTnyxaidkKkcIFuflQ,Mone Kamishiraishi - Topic,['Music'],11328,593,0,29
2025-11-26 14:40:36,A3Ki9cI9T9w,任天堂とファンが激怒...新作エアライダーにコックカワサキマイクロビキニという謎のミームが登場して海外でもニュースに/コエテクさんがライザのASMRを販売して爆売れ/チーターを晒し首にした運営が話題に,UCWvr04hMa4k4wSilYcQ4qoA,キャベツの人【ゲーム紹介】,['Gaming'],85123,2043,0,522
2025-11-26 14:40:36,j-8vLi2sMg0,【歌ってみた】星の消えた夜に / covered by Nornis【戌亥とこ/町田ちま/にじさんじ】,UCxWcO9CLti4uouUIS5IIF-Q,Nornis,['Music'],43754,5214,0,76
2025-11-26 14:40:36,aHKMl9HVqZQ,究極の財宝【龍が如く８外伝 Pirates in Hawaii】＃４２,UCZMRuagdTBKmmrFtSMN48Xw,牛沢,['Gaming'],114141,3751,0,326
2025-11-26 14:40:36,Gln8wDtITJ4,Kay-on - SHIN GODZILLA (Official Video),UCdszfKemUn36sOEplfkiGVQ,GPV LABEL,['Music'],30497,2150,0,179
2025-11-26 14:40:36,ITQYMtkP23E,【パチスロ生配信】前日出てるラス1ヴヴヴ2で勝負っ!!【革命機ヴァルヴレイヴ2】,UCdCC1L_OxLrkoEjR19iXpRw,パチスロードch,['Entertainment'],290109,1383,0,0
2025-11-26 14:40:36,I52yC34Ji2k,YENA「STAR! (feat. Hatsune Miku)」 Music Video,UC4YT50DP7hbMsor8FmyEPMw,Victor Entertainment,['Music'],106593,21443,0,1017
2025-11-26 14:40:36,xx3ZTvOhNoM,【#8】ゼルダの伝説 神々のトライフォース：The Legend of Zelda: A Link to the Past【ホロライブ/大空スバル】,UCvzGlP9oQwU--Y0r9id_jnA,Subaru Ch. 大空スバル,['Gaming'],211555,7907,0,63
2025-11-26 14:40:36,4Xt_hR0KNvY,IS:SUE (イッシュ) 'Super Luna' Performance Video,UCqKNMJ5s_vsf7WkesdBrvQA,IS:SUE,['Music'],131317,11278,0,2147
2025-11-26 14:40:36,NkHjY_EaCgY,遂に完成した歴代最強マンチェスターユナイテッドスカッドが強すぎて魔王【eFootball2026アプリ】,UC070fhnqq38qNhqHm5rxTcQ,令和ちゃんねる,['Gaming'],86832,1485,0,92
2025-11-26 14:40:36,eHmQ_b0LkUA,"Stray Kids ""Do It (Turbo Version)"" Lyric Visualizer",UC9rMiEjNaCSsebs31MRDCRA,Stray Kids,['Music'],367934,85253,0,3201
2025-11-26 14:40:36,iKVcCmyqoik,『刀剣乱舞ONLINE』新刀剣男士 三郎国宗(さぶろうくにむね) 登場！,UC56x--_QtyaWD1QptYrPMqA,刀剣乱舞 公式チャンネル,['Gaming'],76462,5393,0,206
2025-11-26 14:40:36,vQpF9mIiYFU,LALALA (Baby it takes two),UC3NrSfe_yR5XX9zGFxYoV1Q,HIRAIDAI - Topic,['Music'],4769,197,0,22
2025-11-26 14:40:36,6ixvIIIxwlk,【深夜にパチ配信】東京グールとかのかりとエヴァ15って本当に継続率合ってる？生実践LIVE！パチスロパチンコライブ,UCDhOdoqPxv96djR3tSq9NoA,ショコラ大佐の秘密基地,['Entertainment'],104064,1068,0,0
2025-11-26 14:40:36,gSXQd_5ht0E,【DANCE VIDEO】君セン！ / iLiFE! 【振り動画】,UChVflUz2J_jaaqYjXqvpmQA,iLiFE!【あいらいふ】,['Music'],512918,22320,0,1026
2025-11-26 14:40:36,Gth1zEFH2TM,タグNXで『もあ』『B!KZO』とプルス戦に挑むNX☆くさあん【切り抜き】【マリオカート ワールド】,UCL7VEatXa9yBCKeM-ww8TnA,NX☆くさあん,['Gaming'],84243,1873,0,49
2025-11-26 14:40:36,0GICIe0Tgf8,DIGITAL LOVE,UC6H_7uSepAzrlayBjAb9rrg,WurtS - Topic,['Music'],7152,695,0,24
2025-11-26 14:40:36,e0okJjgNTl0,【今年−294万】エヴァンゲリオン未来への咆哮パチンコライブ配信,UCYe_uTI6X6mm9qaXm8iWFDg,ノッチ配信者パチンコライブ,['Entertainment'],291933,2711,0,6
2025-11-26 14:40:36,vQ_NFqtGDgo,Aiobahn & TAK feat. 初音ミク - DIVA (Official Music Video),UC9qSqkNFiByKzzoxT3Cydyw,Aiobahn,['Music'],71039,15299,0,666
2025-11-26 14:40:36,6kWw9Nn4dIY,【Shadow Corridor】三姉妹ホラーゲーム実況【第二夜 -ヒグラシの回廊-】,UCAWxPGGuIfWME2KTLUmSCHw,ぱかチューブっ!【ウマ娘公式】,['Gaming'],96913,5220,0,318
2025-11-26 14:40:36,v55qDr_jJFA,「レイン・ガール (New Recording) 」佐野元春 & The Coyote Band,UCS57xc1Bf-znC9_ouCc3SZw,佐野元春 - DaisyMusic,['Music'],9999,1085,0,74
2025-11-26 14:40:36,DSPV0RT3BJI,超ドラゴンクエストXTV #55 バージョン7.6[前期]最新情報,UC6SmH9mR82nj28_NNg_rZvA,スクウェア・エニックス,['Gaming'],72150,,0,
2025-11-26 14:40:36,BM13CSsDrV8,ココロ・アストロノーツ,UCtwTCZuQkTIwUf5m9mlZnOQ,Release - Topic,['Music'],4357,259,0,0
2025-11-26 02:42:41,XILnJKGc0yo,INI｜'U MINE' Performance Video,UCc-itdQHxLvUlPrDxIiSJrA,INI,['Entertainment'],120647,16535,0,2953
2025-11-26 02:42:41,vIUORnIS_ug,ELDEN RING NIGHTREIGN The Forsaken Hollows | Scholar Character Trailer,UC_ntXHv-XdKCD7CPynVvnQw,Bandai Namco Entertainment America,['Gaming'],47595,7011,0,615
2025-11-26 02:42:41,SnCG-_lf74w,今までで一番怖いスーパーマーケット経営『 HELLMART 』,UCMJiPpN_09F0aWpQrgbc_qg,キヨ。,['Gaming'],379663,14679,0,811
2025-11-26 02:42:41,G36amiUCkXU,Juice=Juice『盛れ！ミ・アモーレ』(Concert 2025 Queen of Hearts Special Flush),UC6FadPgGviUcq6VQ0CEJqdQ,Juice=Juice,['Music'],287463,24096,0,4273
2025-11-26 02:42:41,vMg1KAFAKiY,'이게 맞아?! 시즌2' Main Trailer,UCLkAepWjdylmXSltofFvsYQ,BANGTANTV,['Music'],924328,161050,0,8675
2025-11-26 02:42:41,xjUPVppl1DI,4人で協力して本格的な殺人事件を解決に導く『The Case of the Golden Idol』,UCPVr7clenPjpD7WNsSI3UBQ,レトルト,['Gaming'],292742,7234,0,323
2025-11-26 02:42:41,TVqEwvbZP30,RIIZE 라이즈 'Fame' MV,UCEf_Bc-KVd7onSeifS3py9g,SMTOWN,['Music'],1522465,94563,0,8183
2025-11-26 02:42:41,miySB69T1xw,隠れる場所から作れ！大人たちのガチかくれんぼ【マイクラ】,UCj4PjeVMnNTHIR5EeoNKPAw,ドズル社,['Gaming'],238154,8876,0,382
2025-11-26 02:42:41,x_RYZsOfpKY,ILLIT (아일릿) 'NOT CUTE ANYMORE’ Official MV,UC3IZKseVpdzPSBaWxBxundA,HYBE LABELS,['Music'],6396215,254563,0,16284
2025-11-26 02:42:41,ST05E_5kn2E,負けたら自身の全財産公開を賭けた通帳カスタムで勝ったのは・・・【The k4sen Con 2025 DAY 3 Supported by ロリポップ！ for Gamers byGMOペパボ】,UChUjERVG8eKEAJSCef-tTmg,k4sen / かせん,['Gaming'],159035,3381,0,271
2025-11-26 02:42:41,b9z3Iaz5Zrc,ヤングスキニー - るっせぇ女【Official Music Video】,UCcg_rvE-fU2tATMwBAxW9bA,ヤングスキニー,['Music'],12278,2046,0,184
2025-11-26 02:42:41,fiSsGbfus6I,うんこちゃんのイナズマイレブン 英雄たちのヴィクトリーロード 実況プレイPart4※ネタバレ注意,UCx1nAvtVDIsaGmCMSe8ofsQ,加藤純一【jun channel】,['Gaming'],199794,1765,0,1113
2025-11-26 02:42:41,ScutqxM3z_s,Hi-STANDARD - Our Song - OFFICIAL MUSIC VIDEO,UCrQUlOEbu-0T0l4DAcBEeIg,pizzaofdeathofficial,['Music'],82975,5547,0,344
2025-11-26 02:42:41,z-aco1hi0Iw,新キャラくま＆ボニー100レべフルブ初見リーグ！最強火力のワンパンし放題！【バウンティラッシュ】,UCdkVEDVAW5aFmA-Mkz0lAFQ,ひたまゆ。,['Gaming'],120318,1506,0,247
2025-11-26 02:42:41,7bqePXphj2g,乃木坂46『夢の匂い』MUSIC VIDEO,UCUzpZpX2wRYOk3J8QTFGxDg,乃木坂46 OFFICIAL YouTube CHANNEL,['Music'],209434,16462,0,1449
2025-11-26 02:42:41,ITQYMtkP23E,【パチスロ生配信】前日出てるラス1ヴヴヴ2で勝負っ!!【革命機ヴァルヴレイヴ2】,UCdCC1L_OxLrkoEjR19iXpRw,パチスロードch,['Entertainment'],289305,1385,0,0
2025-11-26 02:42:41,llAI08UYyAw,"Stray Kids ""Do It (Overdrive Version)"" M/V",UCaO6TYtlC8U5ttz62hTrZgg,JYP Entertainment,['Music'],2089191,317471,0,10274
2025-11-26 02:42:41,fCDvm0Y3qkw,【 GTAV 】歌鬼ごっこ‼１曲歌い終わるまでリスナーから逃げ切れええええええええ‼🔥【ホロライブ/さくらみこ】,UC-hM6YJuNYVAmUWxeIr9FeA,Miko Ch. さくらみこ,['Gaming'],253499,14204,0,107
2025-11-26 02:42:41,dx4XsqUGm10,MAZZEL / Only You -Dance Practice-,UCMF_5h2OejEhVorTB02UUSg,MAZZEL,['Music'],153152,17046,0,1284
2025-11-26 02:42:41,6ixvIIIxwlk,【深夜にパチ配信】東京グールとかのかりとエヴァ15って本当に継続率合ってる？生実践LIVE！パチスロパチンコライブ,UCDhOdoqPxv96djR3tSq9NoA,ショコラ大佐の秘密基地,['Entertainment'],87916,1064,0,0
2025-11-26 02:42:41,4Xt_hR0KNvY,IS:SUE (イッシュ) 'Super Luna' Performance Video,UCqKNMJ5s_vsf7WkesdBrvQA,IS:SUE,['Music'],116941,10531,0,1994
2025-11-26 02:42:41,e0okJjgNTl0,【今年−294万】エヴァンゲリオン未来への咆哮パチンコライブ配信,UCYe_uTI6X6mm9qaXm8iWFDg,ノッチ配信者パチンコライブ,['Entertainment'],290385,2703,0,5
2025-11-26 02:42:41,gSXQd_5ht0E,【DANCE VIDEO】君セン！ / iLiFE! 【振り動画】,UChVflUz2J_jaaqYjXqvpmQA,iLiFE!【あいらいふ】,['Music'],450424,21898,0,1022
2025-11-26 02:42:41,xx3ZTvOhNoM,【#8】ゼルダの伝説 神々のトライフォース：The Legend of Zelda: A Link to the Past【ホロライブ/大空スバル】,UCvzGlP9oQwU--Y0r9id_jnA,Subaru Ch. 大空スバル,['Gaming'],182978,7548,0,39
2025-11-26 02:42:41,eHmQ_b0LkUA,"Stray Kids ""Do It (Turbo Version)"" Lyric Visualizer",UC9rMiEjNaCSsebs31MRDCRA,Stray Kids,['Music'],258061,71038,0,3020
2025-11-26 02:42:41,iKVcCmyqoik,『刀剣乱舞ONLINE』新刀剣男士 三郎国宗(さぶろうくにむね) 登場！,UC56x--_QtyaWD1QptYrPMqA,刀剣乱舞 公式チャンネル,['Gaming'],68725,5101,0,198
2025-11-26 02:42:41,JrI4_jUZe98,SEVENTEEN | THE SMURFS (세븐틴 | 스머프) Ver. '음악의 신' Official MV,UCfkXDY7vwkcJ8ddFGz8KusA,SEVENTEEN,['Music'],98854,26503,0,1378
2025-11-26 02:42:41,hn17tmdaAzQ,「ストリートファイターリーグ: Pro-JP 2025」Division F 第10節　☆☆18時40分より初心者必見！SFリーグ: ウォームアップ☆☆,UCu2Fxqf37DAZ0ZhIsd1FZwA,Capcom Fighters JP,['Gaming'],629508,6109,0,50
2025-11-26 02:42:41,Gln8wDtITJ4,Kay-on - SHIN GODZILLA (Official Video),UCdszfKemUn36sOEplfkiGVQ,GPV LABEL,['Music'],25404,1772,0,160
2025-11-26 02:42:41,aHKMl9HVqZQ,究極の財宝【龍が如く８外伝 Pirates in Hawaii】＃４２,UCZMRuagdTBKmmrFtSMN48Xw,牛沢,['Gaming'],95478,3347,0,304
2025-11-26 02:42:41,j-8vLi2sMg0,【歌ってみた】星の消えた夜に / covered by Nornis【戌亥とこ/町田ちま/にじさんじ】,UCxWcO9CLti4uouUIS5IIF-Q,Nornis,['Music'],27030,4154,0,68
2025-11-26 02:42:41,BsyEN86cR0U,プロジェクトセカイ プロセカ放送局 #26,UCdMGYXL38w6htx6Yf9YJa-w,プロジェクトセカイ カラフルステージ! feat. 初音ミク,['Gaming'],217171,6899,0,56
2025-11-26 02:42:41,MRYXsF2lblY,RIIZE 'Sticky Like' (Official Audio),UCdVD0MsYecQaIE5Ru-pOIQQ,RIIZE,['Music'],172311,17382,0,949
2025-11-26 02:42:41,P0OLVEm0pfM,【実機配信】 ＣＲぱちんこ仮面ライダーＶ3 #パチンコ実機 #仮面ライダーv3,UCx-QS9BIo_L_lx5dkpys1qw,ねこまんまのパチ•チャンネル,['Entertainment'],64318,194,0,0
2025-11-26 02:42:41,HP8qpxRpIW8,NOT CUTE ANYMORE,UCNVIo0UJXTdEnsRkCB9Q03w,ILLIT - Topic,['Music'],393054,22139,0,848
2025-11-26 02:42:41,dmBAMwBBxoM,いいんですか？こんな神イベント｜ポケモンZA #19,UCMzLWawc9x3rUsqYDEfgqzA,ジャック・オ・蘭たん,['Gaming'],54626,2619,0,289
2025-11-26 02:42:41,qEGsMTo-adg,アンジュルム『午後3時スクランブル』～Dance Practice Ver.～,UCDwcZ85zjLKD-3-jqlv1wQQ,アンジュルム,['Music'],16373,1570,0,190
2025-11-26 02:42:41,Zvh5BE2Guik,【ARC Raiders】Imagine / 想像してごらん【ホロライブ/兎田ぺこら】,UC1DCedRgGHBdm81E1llLhOQ,Pekora Ch. 兎田ぺこら,['Gaming'],208098,10408,0,111
2025-11-26 02:42:41,L6tkKvVCs0Y,【MV】どーでもいいよ／まふまふ,UCOTR1tcOAhjgi6YukrPpZxg,まふまふちゃんねる,['Music'],115174,12189,0,562
2025-11-26 02:42:41,DSPV0RT3BJI,超ドラゴンクエストXTV #55 バージョン7.6[前期]最新情報,UC6SmH9mR82nj28_NNg_rZvA,スクウェア・エニックス,['Gaming'],62503,,0,
2025-11-26 02:42:41,OWpLhNyqeqg,Novelbright - 夢花火 [Official Live Video],UCIJAlAYCNN8RACtDDsy9K6g,Novelbright,['Music'],57406,4359,0,415
2025-11-26 02:42:41,Gth1zEFH2TM,タグNXで『もあ』『B!KZO』とプルス戦に挑むNX☆くさあん【切り抜き】【マリオカート ワールド】,UCL7VEatXa9yBCKeM-ww8TnA,NX☆くさあん,['Gaming'],61271,1539,0,47
2025-11-26 02:42:41,NIGA89HGTBU,'Talk to You' Performance Video | NO LABELS: PART 01 | 연준 (YEONJUN),UCtiObj3CsEAdNU6ZPWDsddQ,TOMORROW X TOGETHER OFFICIAL,['Music'],52094,13719,0,743
2025-11-26 02:42:41,GJMOK14mB2c,全員の物資を蓄えてた馬鹿を制裁します 懐クラフト #12,UCoQhX2O93MVTWfgIz-8wOmg,KUNの50人クラフト,['Gaming'],88477,2377,0,137
2025-11-26 02:42:41,ayjRv2g2UqY,ムカつく -another story- feat. 高梨小麻（CV：石見舞菜香）／HoneyWorks,UCAaGaynFpku5cAx6OOSrW-w,HoneyWorks OFFICIAL,['Music'],470231,19297,0,793
2025-11-26 02:42:41,NkHjY_EaCgY,遂に完成した歴代最強マンチェスターユナイテッドスカッドが強すぎて魔王【eFootball2026アプリ】,UC070fhnqq38qNhqHm5rxTcQ,令和ちゃんねる,['Gaming'],56390,1199,0,89
2025-11-26 02:42:41,G_3xr5desOo,"EXILE ATSUSHI + AI（EXILE ATSUSHI LIVE TOUR 2025 ""Heart to Heart"" ～復活祭～）",UCN7_YMtKaUiizHpw77XLVcw,EXILE,['Music'],67754,2487,0,99
2025-11-26 02:42:41,9SaAfQ6eACQ,新フェス限くま＆ボニーガチ評価‼️超フェス級のぶっ壊れ火力で環境キャラワンパンw【バウンティラッシュ】,UCUW6U6iOrntB0jw6-AbQo8g,RED Games,['Gaming'],53308,859,0,200
2025-11-26 02:42:41,PwaldW6SXwE,HAGANE-剣のレコード -Records of TSURUGI-(LIVE Music Video),UCLrYavXppY_4oRfquHk9VQg,HAGANE,['Music'],12207,1635,0,153
2025-11-26 02:42:41,j6TnwWfuf-I,紅茶、波動砲で７キルして一瞬で試合を終わらせる,UCFQu6Q-9LAS3KoEuRDNkzGA, ニート部,['Gaming'],60743,1583,0,97
2025-11-26 04:30:55,XILnJKGc0yo,INI｜'U MINE' Performance Video,UCc-itdQHxLvUlPrDxIiSJrA,INI,['Entertainment'],125825,16666,0,2967
2025-11-26 04:30:55,vIUORnIS_ug,ELDEN RING NIGHTREIGN The Forsaken Hollows | Scholar Character Trailer,UC_ntXHv-XdKCD7CPynVvnQw,Bandai Namco Entertainment America,['Gaming'],114543,8984,0,760
2025-11-26 04:30:55,SnCG-_lf74w,今までで一番怖いスーパーマーケット経営『 HELLMART 』,UCMJiPpN_09F0aWpQrgbc_qg,キヨ。,['Gaming'],417938,15021,0,819
2025-11-26 04:30:55,G36amiUCkXU,Juice=Juice『盛れ！ミ・アモーレ』(Concert 2025 Queen of Hearts Special Flush),UC6FadPgGviUcq6VQ0CEJqdQ,Juice=Juice,['Music'],290314,24177,0,4289
2025-11-26 04:30:55,vMg1KAFAKiY,'이게 맞아?! 시즌2' Main Trailer,UCLkAepWjdylmXSltofFvsYQ,BANGTANTV,['Music'],935456,162367,0,8719
2025-11-26 04:30:55,xjUPVppl1DI,4人で協力して本格的な殺人事件を解決に導く『The Case of the Golden Idol』,UCPVr7clenPjpD7WNsSI3UBQ,レトルト,['Gaming'],322355,7434,0,329
2025-11-26 04:30:55,TVqEwvbZP30,RIIZE 라이즈 'Fame' MV,UCEf_Bc-KVd7onSeifS3py9g,SMTOWN,['Music'],1653066,95424,0,8352
2025-11-26 04:30:55,miySB69T1xw,隠れる場所から作れ！大人たちのガチかくれんぼ【マイクラ】,UCj4PjeVMnNTHIR5EeoNKPAw,ドズル社,['Gaming'],250323,9020,0,383
2025-11-26 04:30:55,x_RYZsOfpKY,ILLIT (아일릿) 'NOT CUTE ANYMORE’ Official MV,UC3IZKseVpdzPSBaWxBxundA,HYBE LABELS,['Music'],6502175,257980,0,16444
2025-11-26 04:30:55,ST05E_5kn2E,負けたら自身の全財産公開を賭けた通帳カスタムで勝ったのは・・・【The k4sen Con 2025 DAY 3 Supported by ロリポップ！ for Gamers byGMOペパボ】,UChUjERVG8eKEAJSCef-tTmg,k4sen / かせん,['Gaming'],167393,3443,0,273
2025-11-26 04:30:55,b9z3Iaz5Zrc,ヤングスキニー - るっせぇ女【Official Music Video】,UCcg_rvE-fU2tATMwBAxW9bA,ヤングスキニー,['Music'],18180,2158,0,188
2025-11-26 04:30:55,fiSsGbfus6I,うんこちゃんのイナズマイレブン 英雄たちのヴィクトリーロード 実況プレイPart4※ネタバレ注意,UCx1nAvtVDIsaGmCMSe8ofsQ,加藤純一【jun channel】,['Gaming'],209456,1786,0,1124
2025-11-26 04:30:55,ScutqxM3z_s,Hi-STANDARD - Our Song - OFFICIAL MUSIC VIDEO,UCrQUlOEbu-0T0l4DAcBEeIg,pizzaofdeathofficial,['Music'],88498,5668,0,349
2025-11-26 04:30:55,z-aco1hi0Iw,新キャラくま＆ボニー100レべフルブ初見リーグ！最強火力のワンパンし放題！【バウンティラッシュ】,UCdkVEDVAW5aFmA-Mkz0lAFQ,ひたまゆ。,['Gaming'],123278,1525,0,250
2025-11-26 04:30:55,7bqePXphj2g,乃木坂46『夢の匂い』MUSIC VIDEO,UCUzpZpX2wRYOk3J8QTFGxDg,乃木坂46 OFFICIAL YouTube CHANNEL,['Music'],214286,16525,0,1454
2025-11-26 04:30:55,ITQYMtkP23E,【パチスロ生配信】前日出てるラス1ヴヴヴ2で勝負っ!!【革命機ヴァルヴレイヴ2】,UCdCC1L_OxLrkoEjR19iXpRw,パチスロードch,['Entertainment'],289392,1385,0,0
2025-11-26 04:30:55,llAI08UYyAw,"Stray Kids ""Do It (Overdrive Version)"" M/V",UCaO6TYtlC8U5ttz62hTrZgg,JYP Entertainment,['Music'],2156460,321345,0,10322
2025-11-26 04:30:55,fCDvm0Y3qkw,【 GTAV 】歌鬼ごっこ‼１曲歌い終わるまでリスナーから逃げ切れええええええええ‼🔥【ホロライブ/さくらみこ】,UC-hM6YJuNYVAmUWxeIr9FeA,Miko Ch. さくらみこ,['Gaming'],261451,14358,0,116
2025-11-26 04:30:55,dx4XsqUGm10,MAZZEL / Only You -Dance Practice-,UCMF_5h2OejEhVorTB02UUSg,MAZZEL,['Music'],154166,17067,0,1285
2025-11-26 04:30:55,6ixvIIIxwlk,【深夜にパチ配信】東京グールとかのかりとエヴァ15って本当に継続率合ってる？生実践LIVE！パチスロパチンコライブ,UCDhOdoqPxv96djR3tSq9NoA,ショコラ大佐の秘密基地,['Entertainment'],102755,1066,0,0
2025-11-26 04:30:55,4Xt_hR0KNvY,IS:SUE (イッシュ) 'Super Luna' Performance Video,UCqKNMJ5s_vsf7WkesdBrvQA,IS:SUE,['Music'],119975,10650,0,2002
2025-11-26 04:30:55,e0okJjgNTl0,【今年−294万】エヴァンゲリオン未来への咆哮パチンコライブ配信,UCYe_uTI6X6mm9qaXm8iWFDg,ノッチ配信者パチンコライブ,['Entertainment'],290534,2704,0,5
2025-11-26 04:30:55,gSXQd_5ht0E,【DANCE VIDEO】君セン！ / iLiFE! 【振り動画】,UChVflUz2J_jaaqYjXqvpmQA,iLiFE!【あいらいふ】,['Music'],462935,21926,0,1022
2025-11-26 04:30:55,hn17tmdaAzQ,「ストリートファイターリーグ: Pro-JP 2025」Division F 第10節　☆☆18時40分より初心者必見！SFリーグ: ウォームアップ☆☆,UCu2Fxqf37DAZ0ZhIsd1FZwA,Capcom Fighters JP,['Gaming'],641007,6162,0,54
2025-11-26 04:30:55,eHmQ_b0LkUA,"Stray Kids ""Do It (Turbo Version)"" Lyric Visualizer",UC9rMiEjNaCSsebs31MRDCRA,Stray Kids,['Music'],282476,74559,0,3056
2025-11-26 04:30:55,xx3ZTvOhNoM,【#8】ゼルダの伝説 神々のトライフォース：The Legend of Zelda: A Link to the Past【ホロライブ/大空スバル】,UCvzGlP9oQwU--Y0r9id_jnA,Subaru Ch. 大空スバル,['Gaming'],196232,7614,0,41
2025-11-26 04:30:55,JrI4_jUZe98,SEVENTEEN | THE SMURFS (세븐틴 | 스머프) Ver. '음악의 신' Official MV,UCfkXDY7vwkcJ8ddFGz8KusA,SEVENTEEN,['Music'],126866,29478,0,1450
2025-11-26 04:30:55,iKVcCmyqoik,『刀剣乱舞ONLINE』新刀剣男士 三郎国宗(さぶろうくにむね) 登場！,UC56x--_QtyaWD1QptYrPMqA,刀剣乱舞 公式チャンネル,['Gaming'],70891,5137,0,199
2025-11-26 04:30:55,Gln8wDtITJ4,Kay-on - SHIN GODZILLA (Official Video),UCdszfKemUn36sOEplfkiGVQ,GPV LABEL,['Music'],26236,1808,0,161
2025-11-26 04:30:55,dmBAMwBBxoM,いいんですか？こんな神イベント｜ポケモンZA #19,UCMzLWawc9x3rUsqYDEfgqzA,ジャック・オ・蘭たん,['Gaming'],63593,2710,0,296
2025-11-26 04:30:55,j-8vLi2sMg0,【歌ってみた】星の消えた夜に / covered by Nornis【戌亥とこ/町田ちま/にじさんじ】,UCxWcO9CLti4uouUIS5IIF-Q,Nornis,['Music'],30067,4312,0,68
2025-11-26 04:30:55,aHKMl9HVqZQ,究極の財宝【龍が如く８外伝 Pirates in Hawaii】＃４２,UCZMRuagdTBKmmrFtSMN48Xw,牛沢,['Gaming'],99740,3412,0,306
2025-11-26 04:30:55,MRYXsF2lblY,RIIZE 'Sticky Like' (Official Audio),UCdVD0MsYecQaIE5Ru-pOIQQ,RIIZE,['Music'],174392,17454,0,957
2025-11-26 04:30:55,BsyEN86cR0U,プロジェクトセカイ プロセカ放送局 #26,UCdMGYXL38w6htx6Yf9YJa-w,プロジェクトセカイ カラフルステージ! feat. 初音ミク,['Gaming'],220262,6939,0,57
2025-11-26 04:30:55,HP8qpxRpIW8,NOT CUTE ANYMORE,UCNVIo0UJXTdEnsRkCB9Q03w,ILLIT - Topic,['Music'],407968,22751,0,862
2025-11-26 04:30:55,P0OLVEm0pfM,【実機配信】 ＣＲぱちんこ仮面ライダーＶ3 #パチンコ実機 #仮面ライダーv3,UCx-QS9BIo_L_lx5dkpys1qw,ねこまんまのパチ•チャンネル,['Entertainment'],65518,193,0,0
2025-11-26 04:30:55,qEGsMTo-adg,アンジュルム『午後3時スクランブル』～Dance Practice Ver.～,UCDwcZ85zjLKD-3-jqlv1wQQ,アンジュルム,['Music'],17020,1588,0,190
2025-11-26 04:30:55,Zvh5BE2Guik,【ARC Raiders】Imagine / 想像してごらん【ホロライブ/兎田ぺこら】,UC1DCedRgGHBdm81E1llLhOQ,Pekora Ch. 兎田ぺこら,['Gaming'],240975,10475,0,125
2025-11-26 04:30:55,L6tkKvVCs0Y,【MV】どーでもいいよ／まふまふ,UCOTR1tcOAhjgi6YukrPpZxg,まふまふちゃんねる,['Music'],120093,12275,0,563
2025-11-26 04:30:55,DSPV0RT3BJI,超ドラゴンクエストXTV #55 バージョン7.6[前期]最新情報,UC6SmH9mR82nj28_NNg_rZvA,スクウェア・エニックス,['Gaming'],64792,,0,
2025-11-26 04:30:55,I52yC34Ji2k,YENA「STAR! (feat. Hatsune Miku)」 Music Video,UC4YT50DP7hbMsor8FmyEPMw,Victor Entertainment,['Music'],22034,8077,0,526
2025-11-26 04:30:55,Gth1zEFH2TM,タグNXで『もあ』『B!KZO』とプルス戦に挑むNX☆くさあん【切り抜き】【マリオカート ワールド】,UCL7VEatXa9yBCKeM-ww8TnA,NX☆くさあん,['Gaming'],66546,1578,0,47
2025-11-26 04:30:55,OWpLhNyqeqg,Novelbright - 夢花火 [Official Live Video],UCIJAlAYCNN8RACtDDsy9K6g,Novelbright,['Music'],58406,4372,0,415
2025-11-26 04:30:55,GJMOK14mB2c,全員の物資を蓄えてた馬鹿を制裁します 懐クラフト #12,UCoQhX2O93MVTWfgIz-8wOmg,KUNの50人クラフト,['Gaming'],90913,2405,0,137
2025-11-26 04:30:55,NIGA89HGTBU,'Talk to You' Performance Video | NO LABELS: PART 01 | 연준 (YEONJUN),UCtiObj3CsEAdNU6ZPWDsddQ,TOMORROW X TOGETHER OFFICIAL,['Music'],57856,14601,0,768
2025-11-26 04:30:55,NkHjY_EaCgY,遂に完成した歴代最強マンチェスターユナイテッドスカッドが強すぎて魔王【eFootball2026アプリ】,UC070fhnqq38qNhqHm5rxTcQ,令和ちゃんねる,['Gaming'],63835,1223,0,89
2025-11-26 04:30:55,eWetBwa4vVI,Jinmenusagi - NEET (Official Video),UCC4xWbcBVn-tHgchhrdmFpg,Jinmenusagi,['Music'],18042,1586,0,106
2025-11-26 04:30:55,9SaAfQ6eACQ,新フェス限くま＆ボニーガチ評価‼️超フェス級のぶっ壊れ火力で環境キャラワンパンw【バウンティラッシュ】,UCUW6U6iOrntB0jw6-AbQo8g,RED Games,['Gaming'],55998,872,0,201
2025-11-26 04:30:55,G_3xr5desOo,"EXILE ATSUSHI + AI（EXILE ATSUSHI LIVE TOUR 2025 ""Heart to Heart"" ～復活祭～）",UCN7_YMtKaUiizHpw77XLVcw,EXILE,['Music'],69684,2499,0,99
2025-11-26 04:30:55,6kWw9Nn4dIY,【Shadow Corridor】三姉妹ホラーゲーム実況【第二夜 -ヒグラシの回廊-】,UCAWxPGGuIfWME2KTLUmSCHw,ぱかチューブっ!【ウマ娘公式】,['Gaming'],77959,4592,0,281
2025-11-28 00:20:43,ZOEZ_cRIkhY,STARGLOW / Moonchaser [BMSG FES'25] DAY1,UCKsVfYfguU3s5vMO5yhcWdw,STARGLOW Official,['Music'],106486,16632,0,1166
2025-11-28 00:20:43,NUSpibeVoO0,失われたチャプター: ユキの復讐 | ティザートレーラー,UCwF6o6cF7BMTY1-OZ7ZUY7Q,フォートナイト 公式,['Gaming'],33310,1060,0,100
2025-11-28 00:20:43,6yMFwpzbQCY,モンストニュース[11/27]モンストの最新情報をお届けします！【モンスト公式】,UCd9BXPj-KcMTh0HiB-Vlb8A,モンスト（モンスターストライク）公式,['Gaming'],423784,4278,0,257
2025-11-28 00:20:43,F3C87lOmZBM,RIIZE(라이즈) _ Fame | 1theKILLPO | 원더킬포 | 퍼포먼스 | Performance | 4K,UCqq-ovGE01ErlXakPihhKDA,1theK Originals - 원더케이 오리지널,['Entertainment'],124563,15026,0,1553
2025-11-28 00:20:43,wEKNPc0cm9Y,映画『ウィキッド 永遠の約束』本予告＜2026年3月6日(金)より、全国ロードショー！＞,UC9llDCAObCbGpsaa66fClKw,ユニバーサル・ピクチャーズ公式,['Film & Animation'],15690,633,0,
2025-11-28 00:20:43,8B2XU-fUS58,【777リーグ3rd】実戦バトル 第14回戦 (1/3) - 777.LEAGUE3rd【スリーセブンリーグ3rd】[髭原人/シーサ。/レビン/水樹あや],UC0wuDDYK-QTwneeZ6x6pPbw,777パチガブチャンネル,['Entertainment'],184399,3272,0,486
2025-11-28 00:20:43,ES9oYbzYCh8,ILLIT (아일릿) 'NOT CUTE ANYMORE’ Performance Film,UC3IZKseVpdzPSBaWxBxundA,HYBE LABELS,['Music'],602066,66384,0,2001
2025-11-28 00:20:43,Nxq6nJJVx5A,燃えろ早抜け選手権！【マイクラ】,UCj4PjeVMnNTHIR5EeoNKPAw,ドズル社,['Gaming'],172558,7238,0,247
2025-11-28 00:20:43,StcmgD_0aRI,モニタリング Cover / Gero,UCFuugQScqDfJcsOEWbL1_tg,Gero Channel,['Music'],135131,12512,0,2754
2025-11-28 00:20:43,o3PX7EjBjvg,50人クラフトBAN覚悟のガチなんでもバスケット,UCoQhX2O93MVTWfgIz-8wOmg,KUNの50人クラフト,['Gaming'],105219,3898,0,389
2025-11-28 00:20:43,VWg0218G38c,現在がとんでもなく悲惨な事になってるYouTuber4選,UCHvFSU5OP6c7QcJxIr87YtA,ウタエル Utael,['Entertainment'],131031,1576,0,276
2025-11-28 00:20:43,ckKFtSlZ5Lw,闘いの儀開始の宣言をしろ！磯野ぉ！【モンストニュース】,UCqfELxLmasBwYET4ZAMfMqA,がみくん,['Gaming'],106510,1440,0,334
2025-11-28 00:20:43,AfKzB2lXo7I,SLAVE (Nissy Entertainment “Re:10th Anniversary Final” BEST DOME TOUR),UCkv76wCrBDQNn7ctcbn6Qeg,Nissy - Topic,['Music'],23753,980,0,54
2025-11-28 00:20:43,5m86CgLR0Fg,【マイクラ】ゾムも思わず突っ込む最弱の鬼シャオロンいきます【本気れんぼ】,UCsoW5-5KCPFAZwfGU-POUvA,まじめにヤバシティ,['Gaming'],79492,5877,0,220
2025-11-28 00:20:43,Am2ElEWNvTY,LEX - 完璧だ (Music Video),UCeTo4Eh0TzpKbUL4vGQZ73A,LEX *,['People & Blogs'],87214,4421,0,239
2025-11-28 00:20:43,WT1LFvt07Gw,k4senの舌打ちから人狼が始まるマ農場【Farming Simulator 25】,UChUjERVG8eKEAJSCef-tTmg,k4sen / かせん,['Gaming'],77137,1745,0,54
2025-11-28 00:20:43,b9z3Iaz5Zrc,ヤングスキニー - るっせぇ女【Official Music Video】,UCcg_rvE-fU2tATMwBAxW9bA,ヤングスキニー,['Music'],147605,7201,0,334
2025-11-28 00:20:43,5eHGs7lX09s,うんこちゃんのイナズマイレブン 英雄たちのヴィクトリーロード 実況プレイPart5※ネタバレ注意,UCx1nAvtVDIsaGmCMSe8ofsQ,加藤純一【jun channel】,['Gaming'],146940,1482,0,1184
2025-11-28 00:20:43,XILnJKGc0yo,INI｜'U MINE' Performance Video,UCc-itdQHxLvUlPrDxIiSJrA,INI,['Entertainment'],261664,20815,0,3741
2025-11-28 00:20:43,y7XtQu1z9hw,かぐや様は告らせたい｜1GAMEてつの妖回胴中記# 336【パチスロ・スロット】,UCTgIFU4_hG6aA7VfWS8blQg,1GAME TV パチンコパチスロ実践動画,['Gaming'],57668,826,0,136
2025-11-28 00:20:43,5UBc2gXGwKc,Seishun Rock 'n' roll,UC3PFoXZPFJGy9F4PG84nNQQ,Soala - Topic,['Music'],22090,300,0,9
2025-11-28 00:20:43,6-9ej0ztMUA,【バッチ参戦でほぼカッパ!?】ビッグバンするまで終わらないネオプラ実戦　【新台の村田 with 松本バッチ】#ネオプラネット #JIRO　#松本バッチ,UCv0F5yCdnwnBTrcJO2Yr3lQ,きむちゃんねる,['Entertainment'],82218,699,0,65
2025-11-28 00:20:43,hcJEQXJIALo,ONE N' ONLY／ “RIDE” Music Video,UC8Qwnts13zIh2EYUCau6m3w,ONE N' ONLY TV,['Entertainment'],49031,4033,0,584
2025-11-28 00:20:43,SMAnw64aTXc,世界で８人しか貰えない契約書を開封！交換会に出す選手も今日発表します！！【プロスピA】# 1758,UCy9GuRXGTm8TliQ-OJ7KwzA,【V.I.P】,['Gaming'],108070,2466,0,1084
2025-11-28 00:20:43,5-o_tvuKSfM,【Official】Uru 「愛」,UCdPCarwi28K5Z7s5l2nMiLw,Uru Official YouTube Channel,['Music'],72945,4519,0,170
2025-11-28 00:20:43,-DkSyDEQloM,機動戦士ガンダム エクストリームバーサス２ インフィニットブースト「イニブ情報局 ～TOKYO Showdown予選直前SP～」,UCJxxoli_XbupD8SK_TtytAQ,バンダイナムコ アミューズメントユニット公式チャンネル,['Gaming'],88894,,0,5
2025-11-28 00:20:43,5oKKmCT-_4s,大・団・円  / T-Pis MV,UCWXDEaOxoT8gkk83ZEB5Onw,TP ZONE,['People & Blogs'],9892,1461,0,138
2025-11-28 00:20:43,sEe1U-vDP5k,この界隈はもう熊とか虎じゃ驚かないんだから【龍が如く８外伝 Pirates in Hawaii】＃４４,UCZMRuagdTBKmmrFtSMN48Xw,牛沢,['Gaming'],81307,2975,0,245
2025-11-28 00:20:43,CXcBo03He2A,ミジ子の恋,UCDBdcJ3JIg2sjDg8QR3xp-g,Iyowa - Topic,['Music'],40650,4576,0,222
2025-11-28 00:20:43,dIPZHyTBFz0,『ドラゴンクエストウォーク』の新情報をお届け「スマートウォーク」#131,UCtceiniicYEsbAVuWy-Bi0Q,ドラゴンクエストウォーク公式,['Gaming'],202483,2191,0,269
2025-11-28 00:20:43,G36amiUCkXU,Juice=Juice『盛れ！ミ・アモーレ』(Concert 2025 Queen of Hearts Special Flush),UC6FadPgGviUcq6VQ0CEJqdQ,Juice=Juice,['Music'],502026,29258,0,5750
2025-11-28 00:20:43,eLCjlEYBN3U,課金しまくって放射性ラッキーブロックを100個開けるロブロックス (Roblox),UC9Lx-zRFGfpuls27tNAOIqA,マエスケ,['Gaming'],468573,16557,0,1138
2025-11-28 00:20:43,mdI6LWIe8Og,稲垣潤一 - クリスマスキャロルの頃には (2025.10.11 稲垣潤一コンサート2025  at 板橋区立文化会館),UCapLmxI6gv5WBd3N3sUVG8Q,稲垣潤一 Official,['Music'],6746,699,0,45
2025-11-28 00:20:43,ZjN51G8c5-k,【ドラクエウォーク】根絶やしの竜のソロ安定攻略法！1年前の覇権武器で楽勝でした！,UC9-yZkJfxtg6WNCX5mUQb0w,ノゴローチャンネル,['Gaming'],38334,675,0,24
2025-11-28 00:20:43,FuGOa47BBqg,Brand New Episode,UCy2IDlWr4fbdO2dbka98bSg,HACHI - Topic,['Music'],44242,1240,0,15
2025-11-28 00:20:43,UiHPfikroWg,【緊急/新環境】シャドバに息苦しさ感じてる奴これ見ろ‼️クピタンえろすぎて胸が苦しくて窒息しそうだぞ‼️復帰しろ‼️【Shadowverse: Worlds Beyond】,UCqeAYB1DMzfM-hG-Up52yNQ,つるおかかものはし,['Gaming'],56188,845,0,302
2025-11-28 00:20:43,tdYPGxusaYs,NiziU 「♡Emotion」 FanCam – MAYUKA ver -,UCHp2q2i85qt_9nn2H7AvGOw,NiziU Official,['Entertainment'],38701,2840,0,154
2025-11-28 00:20:43,4_l1VyTNzrs,【は？】怪しすぎるブレインロットを盗むサーバーに潜入するロブロックス..【ROBLOX】,UCH4yRBPH2pDUjPeqomx8CTQ,てるとくん,['Gaming'],73962,2377,0,1376
2025-11-28 00:20:43,Bj6tJxDPzoY,みんなでパンを作って1か所に合流しよう!!(ただし100人に邪魔されながら)【マインクラフト】,UClNdVSK1uy2xFHTaXZYXopw,らっだぁ,['Gaming'],267687,11628,0,316
2025-11-28 00:20:43,G_oNwC_PjfU,【原神】「強化ウェンティ」は強いのか？先行解説します。性能/武器/聖遺物/PT編成…全てが分かる！【魔導/上方修正】,UCjJmYy279ehSYSwR1A3fXtA,マグロヘッド,['Gaming'],106009,3187,0,359
2025-11-28 00:20:43,oYKdO-eEHg4,MAX80キロの投手がイーファスピッチを覚えたら魔球に!?  球速80キロの投手がクローザーを目指す物語#6【プロスピ2025】【アカgames】,UC5wr1qJKJOrHHK-haeZkfbg,アカgames,['Gaming'],48850,1178,0,215
2025-11-28 00:20:43,OoLflKFs7YY,【MIMESIS】ヒトの言葉を学習して欺いてくるAIにビビりまくるフブぺこ奏ヴィヴィ【2025.11.26/ホロライブ切り抜き】,UCUbAVVpHteGtGQPPN9lM3oQ,ホロライブ切り抜き/なめたけ,['Entertainment'],118861,3102,0,303
2025-11-28 00:20:43,YH_PW-Y7LF0,【マリオカートワールド】くさあん1st / #2,UCL7VEatXa9yBCKeM-ww8TnA,NX☆くさあん,['Gaming'],33930,1555,0,93
2025-11-28 00:20:43,WVVv8Uyok_U,サビ組さんにはよくしてもらってます｜ポケモンZA #20,UCMzLWawc9x3rUsqYDEfgqzA,ジャック・オ・蘭たん,['Gaming'],150526,5612,0,829
2025-11-28 00:20:43,n7pO7F_kP0k,【原神】エピソード ドゥリン「家族への手紙」,UCAVR6Q0YgYa8xwz8rdg9Mrg,原神-Genshin-公式,['Gaming'],132865,16879,0,597
2025-11-28 00:20:43,Z3CtHc6TEj8,"加藤純一、マリカで""リーヨ""され過ぎて切断【2025/11/25】",UCH-lygWpHodDff3iQurnWnQ,加藤純一切り抜き集,['Entertainment'],98355,945,0,554
2025-11-28 00:20:43,tGwT5DAU6-s,【MIMESIS】AIが仲間の声を学習し襲ってくる新感覚ホラゲで、本当の恐怖はオリジナル（本物）だと知るローレンたちwww【ローレン 叶カンパニー にじさんじ 切り抜き】,UC-UxhoAxlq57uZ8BA0b1Jyw,FPS切り抜きボット【ローレン・イロアス】,['Gaming'],79133,1417,0,21
2025-11-28 00:20:43,b29J1g4yWcs,KUNが参加勢だったらまず〇〇をする,UCGjV4bsC43On-YuiLZcfL0w,KUN,['Gaming'],94131,2976,0,254
2025-11-28 00:20:43,2c_b4Q2LIeA,【モンスト】遊戯王コラボ最終決戦は超激ムズの予感！？超究極『闇遊戯』降臨！今年もクリスマスα開催！《ジャックα / パスカルα / ジャヒーα》登場！『★5以上キャラ50%10連ガチャ』開催！【しろ】,UCL72kYW8XK4R61kp1R9K69Q,しろ,['Gaming'],37892,569,0,138
2025-11-28 00:20:43,2j2jXv6Juxc,初心者 vs. プロ：最強のピリジャー刑務所作り対決,UCM3yhFc0-fBFuvqx1Vg2YNQ,まいぜんシスターズ,['Gaming'],252522,2920,0,108
2025-11-25 23:46:12,XILnJKGc0yo,INI｜'U MINE' Performance Video,UCc-itdQHxLvUlPrDxIiSJrA,INI,['Entertainment'],88250,15416,0,2727
2025-11-25 23:46:12,vMg1KAFAKiY,'이게 맞아?! 시즌2' Main Trailer,UCLkAepWjdylmXSltofFvsYQ,BANGTANTV,['Music'],893323,157947,0,8517
2025-11-25 23:46:12,SnCG-_lf74w,今までで一番怖いスーパーマーケット経営『 HELLMART 』,UCMJiPpN_09F0aWpQrgbc_qg,キヨ。,['Gaming'],257235,12997,0,759
2025-11-25 23:46:12,G36amiUCkXU,Juice=Juice『盛れ！ミ・アモーレ』(Concert 2025 Queen of Hearts Special Flush),UC6FadPgGviUcq6VQ0CEJqdQ,Juice=Juice,['Music'],260037,23668,0,4185
2025-11-25 23:46:12,xjUPVppl1DI,4人で協力して本格的な殺人事件を解決に導く『The Case of the Golden Idol』,UCPVr7clenPjpD7WNsSI3UBQ,レトルト,['Gaming'],201754,6342,0,294
2025-11-25 23:46:12,TVqEwvbZP30,RIIZE 라이즈 'Fame' MV,UCEf_Bc-KVd7onSeifS3py9g,SMTOWN,['Music'],1078382,92449,0,7822
2025-11-25 23:46:12,miySB69T1xw,隠れる場所から作れ！大人たちのガチかくれんぼ【マイクラ】,UCj4PjeVMnNTHIR5EeoNKPAw,ドズル社,['Gaming'],174633,8108,0,355
2025-11-25 23:46:12,x_RYZsOfpKY,ILLIT (아일릿) 'NOT CUTE ANYMORE’ Official MV,UC3IZKseVpdzPSBaWxBxundA,HYBE LABELS,['Music'],6188977,247272,0,15902
2025-11-25 23:46:12,ST05E_5kn2E,負けたら自身の全財産公開を賭けた通帳カスタムで勝ったのは・・・【The k4sen Con 2025 DAY 3 Supported by ロリポップ！ for Gamers byGMOペパボ】,UChUjERVG8eKEAJSCef-tTmg,k4sen / かせん,['Gaming'],125610,3061,0,254
2025-11-25 23:46:12,7bqePXphj2g,乃木坂46『夢の匂い』MUSIC VIDEO,UCUzpZpX2wRYOk3J8QTFGxDg,乃木坂46 OFFICIAL YouTube CHANNEL,['Music'],190802,16061,0,1409
2025-11-25 23:46:12,z-aco1hi0Iw,新キャラくま＆ボニー100レべフルブ初見リーグ！最強火力のワンパンし放題！【バウンティラッシュ】,UCdkVEDVAW5aFmA-Mkz0lAFQ,ひたまゆ。,['Gaming'],102453,1425,0,239
2025-11-25 23:46:12,llAI08UYyAw,"Stray Kids ""Do It (Overdrive Version)"" M/V",UCaO6TYtlC8U5ttz62hTrZgg,JYP Entertainment,['Music'],1973965,310731,0,10173
2025-11-25 23:46:12,fiSsGbfus6I,うんこちゃんのイナズマイレブン 英雄たちのヴィクトリーロード 実況プレイPart4※ネタバレ注意,UCx1nAvtVDIsaGmCMSe8ofsQ,加藤純一【jun channel】,['Gaming'],171916,1666,0,1074
2025-11-25 23:46:12,ScutqxM3z_s,Hi-STANDARD - Our Song - OFFICIAL MUSIC VIDEO,UCrQUlOEbu-0T0l4DAcBEeIg,pizzaofdeathofficial,['Music'],51311,4818,0,305
2025-11-25 23:46:12,ITQYMtkP23E,【パチスロ生配信】前日出てるラス1ヴヴヴ2で勝負っ!!【革命機ヴァルヴレイヴ2】,UCdCC1L_OxLrkoEjR19iXpRw,パチスロードch,['Entertainment'],287952,1385,0,0
2025-11-25 23:46:12,dx4XsqUGm10,MAZZEL / Only You -Dance Practice-,UCMF_5h2OejEhVorTB02UUSg,MAZZEL,['Music'],144096,16862,0,1272
2025-11-25 23:46:12,e0okJjgNTl0,【今年−294万】エヴァンゲリオン未来への咆哮パチンコライブ配信,UCYe_uTI6X6mm9qaXm8iWFDg,ノッチ配信者パチンコライブ,['Entertainment'],288610,2703,0,4
2025-11-25 23:46:12,4Xt_hR0KNvY,IS:SUE (イッシュ) 'Super Luna' Performance Video,UCqKNMJ5s_vsf7WkesdBrvQA,IS:SUE,['Music'],103827,10157,0,1949
2025-11-25 23:46:12,BsyEN86cR0U,プロジェクトセカイ プロセカ放送局 #26,UCdMGYXL38w6htx6Yf9YJa-w,プロジェクトセカイ カラフルステージ! feat. 初音ミク,['Gaming'],198456,6679,0,46
2025-11-25 23:46:12,gSXQd_5ht0E,【DANCE VIDEO】君セン！ / iLiFE! 【振り動画】,UChVflUz2J_jaaqYjXqvpmQA,iLiFE!【あいらいふ】,['Music'],422708,21778,0,1020
2025-11-25 23:46:12,iKVcCmyqoik,『刀剣乱舞ONLINE』新刀剣男士 三郎国宗(さぶろうくにむね) 登場！,UC56x--_QtyaWD1QptYrPMqA,刀剣乱舞 公式チャンネル,['Gaming'],57102,4852,0,190
2025-11-25 23:46:12,eHmQ_b0LkUA,"Stray Kids ""Do It (Turbo Version)"" Lyric Visualizer",UC9rMiEjNaCSsebs31MRDCRA,Stray Kids,['Music'],209260,63125,0,2922
2025-11-25 23:46:12,aHKMl9HVqZQ,究極の財宝【龍が如く８外伝 Pirates in Hawaii】＃４２,UCZMRuagdTBKmmrFtSMN48Xw,牛沢,['Gaming'],75713,3094,0,286
2025-11-25 23:46:12,MRYXsF2lblY,RIIZE 'Sticky Like' (Official Audio),UCdVD0MsYecQaIE5Ru-pOIQQ,RIIZE,['Music'],165642,17163,0,940
2025-11-25 23:46:12,GJMOK14mB2c,全員の物資を蓄えてた馬鹿を制裁します 懐クラフト #12,UCoQhX2O93MVTWfgIz-8wOmg,KUNの50人クラフト,['Gaming'],75096,2280,0,132
2025-11-25 23:46:12,HP8qpxRpIW8,NOT CUTE ANYMORE,UCNVIo0UJXTdEnsRkCB9Q03w,ILLIT - Topic,['Music'],349261,20792,0,831
2025-11-25 23:46:12,9SaAfQ6eACQ,新フェス限くま＆ボニーガチ評価‼️超フェス級のぶっ壊れ火力で環境キャラワンパンw【バウンティラッシュ】,UCUW6U6iOrntB0jw6-AbQo8g,RED Games,['Gaming'],38910,803,0,179
2025-11-25 23:46:12,L6tkKvVCs0Y,【MV】どーでもいいよ／まふまふ,UCOTR1tcOAhjgi6YukrPpZxg,まふまふちゃんねる,['Music'],104259,11962,0,559
2025-11-25 23:46:12,a72dN8ZWPWg,【は？】ありえないブレインロットを盗んでお金持ちになるロブロックス..【ROBLOX】,UCH4yRBPH2pDUjPeqomx8CTQ,てるとくん,['Gaming'],65476,2449,0,1613
2025-11-25 23:46:12,OWpLhNyqeqg,Novelbright - 夢花火 [Official Live Video],UCIJAlAYCNN8RACtDDsy9K6g,Novelbright,['Music'],51667,4268,0,410
2025-11-25 23:46:12,Gth1zEFH2TM,タグNXで『もあ』『B!KZO』とプルス戦に挑むNX☆くさあん【切り抜き】【マリオカート ワールド】,UCL7VEatXa9yBCKeM-ww8TnA,NX☆くさあん,['Gaming'],34817,1329,0,33
2025-11-25 23:46:12,ayjRv2g2UqY,ムカつく -another story- feat. 高梨小麻（CV：石見舞菜香）／HoneyWorks,UCAaGaynFpku5cAx6OOSrW-w,HoneyWorks OFFICIAL,['Music'],436312,19181,0,791
2025-11-25 23:46:12,j6TnwWfuf-I,紅茶、波動砲で７キルして一瞬で試合を終わらせる,UCFQu6Q-9LAS3KoEuRDNkzGA, ニート部,['Gaming'],42829,1424,0,88
2025-11-25 23:46:12,qEGsMTo-adg,アンジュルム『午後3時スクランブル』～Dance Practice Ver.～,UCDwcZ85zjLKD-3-jqlv1wQQ,アンジュルム,['Music'],12389,1482,0,175
2025-11-25 23:46:12,ygIwtR2txaw,キモい顔を爆発させるバケモンに初見殺しされるらっだぁ【R.E.P.O.】,UClNdVSK1uy2xFHTaXZYXopw,らっだぁ,['Gaming'],243760,9901,0,245
2025-11-25 23:46:12,G_3xr5desOo,"EXILE ATSUSHI + AI（EXILE ATSUSHI LIVE TOUR 2025 ""Heart to Heart"" ～復活祭～）",UCN7_YMtKaUiizHpw77XLVcw,EXILE,['Music'],56998,2373,0,97
2025-11-25 23:46:12,2NKK6Mg27XI,ダイアリン エキシビション「返事はテキトー」 | ゼンレスゾーンゼロ,UCt09C9DPSuOGpHoitbcyCIQ,ゼンレスゾーンゼロ-ZZZ-公式,['Gaming'],139775,11473,0,416
2025-11-25 23:46:12,j-8vLi2sMg0,【歌ってみた】星の消えた夜に / covered by Nornis【戌亥とこ/町田ちま/にじさんじ】,UCxWcO9CLti4uouUIS5IIF-Q,Nornis,['Music'],15195,3526,0,62
2025-11-25 23:46:12,u66QoyjtANg,ナナ色チャンネル 26日毎日配信[スマスロヴァルヴレイヴ2]21日目,UCu3kfiUaK7MmkQ40omEpGyQ,ナナ色チャンネル,['People & Blogs'],146861,1098,0,0
2025-11-25 23:46:12,NIGA89HGTBU,'Talk to You' Performance Video | NO LABELS: PART 01 | 연준 (YEONJUN),UCtiObj3CsEAdNU6ZPWDsddQ,TOMORROW X TOGETHER OFFICIAL,['Music'],33206,11123,0,662
2025-11-25 23:46:12,cBPtIHuFa_o,【ルームシェア】Switch2を開封してみた【最後】,UC2NujFa5X09CdV0YCntmQDg,板橋ハウス,['People & Blogs'],43964,2458,0,312
2025-11-25 23:46:12,Gln8wDtITJ4,Kay-on - SHIN GODZILLA (Official Video),UCdszfKemUn36sOEplfkiGVQ,GPV LABEL,['Music'],21912,1588,0,154
2025-11-25 23:46:12,cl-BT6bDxEI,TikTokで偽物つくられまくってブチギレてます,UCGjV4bsC43On-YuiLZcfL0w,KUN,['Gaming'],90504,2908,0,180
2025-11-25 23:46:12,jWFQ3A1Dtdg,CON MUỐN ĐƯỢC TRỞ VỀ NHÀ - TRAICAUBONG x MT4 x LIL SHADY ( Official MV ) #CMDTVN,UCZVVCZwOpCbDXB84SDqWixQ,Lil Shady,['Music'],32715,5491,0,620
2025-11-25 23:46:12,LxMaia85m5Y,家庭用ゲーム「鬼滅の刃 ヒノカミ血風譚2」「我妻善逸（無限城編）」キャラクターパック紹介映像,UC14QT5j2nQI8lKBCGtrrBQA,アニプレックス チャンネル,['Film & Animation'],128856,3124,0,140
2025-11-25 23:46:12,3rGi2kiSzkA,Re:Re: from NANO-MUGEN FES.2025 - 2025.06.01 at.K-Arena Yokohama,UC3J-txytRWiRtNXrLS95eEw,ASIAN KUNG-FU GENERATION Official YouTube Channel,['Music'],29545,2069,0,100
2025-11-25 23:46:12,HQdJ8dMeCHM,【緊急】なぜ“最弱でない”エルフのみアッパー調整されたのか？【Shadowverse: Worlds Beyond】,UCqeAYB1DMzfM-hG-Up52yNQ,つるおかかものはし,['Gaming'],68297,556,0,1053
2025-11-25 23:46:12,8j4RM-bBYvA,福本大晴「すっぴんLOVE」（Music Video）YouTube Edition,UCXqWKjzm2YMH6Bs7rAmsKFw,福本大晴,['Entertainment'],14719,1170,0,386
2025-11-25 23:46:12,6kWw9Nn4dIY,【Shadow Corridor】三姉妹ホラーゲーム実況【第二夜 -ヒグラシの回廊-】,UCAWxPGGuIfWME2KTLUmSCHw,ぱかチューブっ!【ウマ娘公式】,['Gaming'],46472,3884,0,217
2025-11-25 23:46:12,s5dFrPwvbHY,‘있잖아' - BOYNEXTDOOR (보이넥스트도어) | DOORGROUND,UChhKBlh_wvspTh5n4mL0b5g,BOYNEXTDOOR,['Music'],146838,26926,0,1409
2025-11-28 01:25:21,ZOEZ_cRIkhY,STARGLOW / Moonchaser [BMSG FES'25] DAY1,UCKsVfYfguU3s5vMO5yhcWdw,STARGLOW Official,['Music'],140790,17594,0,1236
2025-11-28 01:25:21,NUSpibeVoO0,失われたチャプター: ユキの復讐 | ティザートレーラー,UCwF6o6cF7BMTY1-OZ7ZUY7Q,フォートナイト 公式,['Gaming'],34432,1066,0,100
2025-11-28 01:25:21,6yMFwpzbQCY,モンストニュース[11/27]モンストの最新情報をお届けします！【モンスト公式】,UCd9BXPj-KcMTh0HiB-Vlb8A,モンスト（モンスターストライク）公式,['Gaming'],435305,4305,0,259
2025-11-28 01:25:21,F3C87lOmZBM,RIIZE(라이즈) _ Fame | 1theKILLPO | 원더킬포 | 퍼포먼스 | Performance | 4K,UCqq-ovGE01ErlXakPihhKDA,1theK Originals - 원더케이 오리지널,['Entertainment'],146162,16024,0,1626
2025-11-28 01:25:21,wEKNPc0cm9Y,映画『ウィキッド 永遠の約束』本予告＜2026年3月6日(金)より、全国ロードショー！＞,UC9llDCAObCbGpsaa66fClKw,ユニバーサル・ピクチャーズ公式,['Film & Animation'],17703,654,0,
2025-11-28 01:25:21,8B2XU-fUS58,【777リーグ3rd】実戦バトル 第14回戦 (1/3) - 777.LEAGUE3rd【スリーセブンリーグ3rd】[髭原人/シーサ。/レビン/水樹あや],UC0wuDDYK-QTwneeZ6x6pPbw,777パチガブチャンネル,['Entertainment'],242541,3496,0,523
2025-11-28 01:25:21,ES9oYbzYCh8,ILLIT (아일릿) 'NOT CUTE ANYMORE’ Performance Film,UC3IZKseVpdzPSBaWxBxundA,HYBE LABELS,['Music'],620950,67380,0,2030
2025-11-28 01:25:21,Nxq6nJJVx5A,燃えろ早抜け選手権！【マイクラ】,UCj4PjeVMnNTHIR5EeoNKPAw,ドズル社,['Gaming'],194673,7544,0,254
2025-11-28 01:25:21,StcmgD_0aRI,モニタリング Cover / Gero,UCFuugQScqDfJcsOEWbL1_tg,Gero Channel,['Music'],138777,12623,0,2772
2025-11-28 01:25:21,o3PX7EjBjvg,50人クラフトBAN覚悟のガチなんでもバスケット,UCoQhX2O93MVTWfgIz-8wOmg,KUNの50人クラフト,['Gaming'],116248,4011,0,401
2025-11-28 01:25:21,VWg0218G38c,現在がとんでもなく悲惨な事になってるYouTuber4選,UCHvFSU5OP6c7QcJxIr87YtA,ウタエル Utael,['Entertainment'],134192,1588,0,276
2025-11-28 01:25:21,ckKFtSlZ5Lw,闘いの儀開始の宣言をしろ！磯野ぉ！【モンストニュース】,UCqfELxLmasBwYET4ZAMfMqA,がみくん,['Gaming'],115469,1472,0,339
2025-11-28 01:25:21,AfKzB2lXo7I,SLAVE (Nissy Entertainment “Re:10th Anniversary Final” BEST DOME TOUR),UCkv76wCrBDQNn7ctcbn6Qeg,Nissy - Topic,['Music'],25103,992,0,55
2025-11-28 01:25:21,y7XtQu1z9hw,かぐや様は告らせたい｜1GAMEてつの妖回胴中記# 336【パチスロ・スロット】,UCTgIFU4_hG6aA7VfWS8blQg,1GAME TV パチンコパチスロ実践動画,['Gaming'],69629,875,0,145
2025-11-28 01:25:21,Am2ElEWNvTY,LEX - 完璧だ (Music Video),UCeTo4Eh0TzpKbUL4vGQZ73A,LEX *,['People & Blogs'],91065,4504,0,238
2025-11-28 01:25:21,5m86CgLR0Fg,【マイクラ】ゾムも思わず突っ込む最弱の鬼シャオロンいきます【本気れんぼ】,UCsoW5-5KCPFAZwfGU-POUvA,まじめにヤバシティ,['Gaming'],89542,6079,0,224
2025-11-28 01:25:21,b9z3Iaz5Zrc,ヤングスキニー - るっせぇ女【Official Music Video】,UCcg_rvE-fU2tATMwBAxW9bA,ヤングスキニー,['Music'],152897,7271,0,335
2025-11-28 01:25:21,WT1LFvt07Gw,k4senの舌打ちから人狼が始まるマ農場【Farming Simulator 25】,UChUjERVG8eKEAJSCef-tTmg,k4sen / かせん,['Gaming'],86908,1820,0,55
2025-11-28 01:25:21,XILnJKGc0yo,INI｜'U MINE' Performance Video,UCc-itdQHxLvUlPrDxIiSJrA,INI,['Entertainment'],265320,20851,0,3750
2025-11-28 01:25:21,6-9ej0ztMUA,【バッチ参戦でほぼカッパ!?】ビッグバンするまで終わらないネオプラ実戦　【新台の村田 with 松本バッチ】#ネオプラネット #JIRO　#松本バッチ,UCv0F5yCdnwnBTrcJO2Yr3lQ,きむちゃんねる,['Entertainment'],94243,736,0,70
2025-11-28 01:25:21,5oKKmCT-_4s,大・団・円  / T-Pis MV,UCWXDEaOxoT8gkk83ZEB5Onw,TP ZONE,['People & Blogs'],15241,1661,0,148
2025-11-28 01:25:21,5eHGs7lX09s,うんこちゃんのイナズマイレブン 英雄たちのヴィクトリーロード 実況プレイPart5※ネタバレ注意,UCx1nAvtVDIsaGmCMSe8ofsQ,加藤純一【jun channel】,['Gaming'],154257,1503,0,1192
2025-11-28 01:25:21,hcJEQXJIALo,ONE N' ONLY／ “RIDE” Music Video,UC8Qwnts13zIh2EYUCau6m3w,ONE N' ONLY TV,['Entertainment'],50684,4057,0,586
2025-11-28 01:25:21,SMAnw64aTXc,世界で８人しか貰えない契約書を開封！交換会に出す選手も今日発表します！！【プロスピA】# 1758,UCy9GuRXGTm8TliQ-OJ7KwzA,【V.I.P】,['Gaming'],128213,2558,0,1124
2025-11-28 01:25:21,5UBc2gXGwKc,Seishun Rock 'n' roll,UC3PFoXZPFJGy9F4PG84nNQQ,Soala - Topic,['Music'],22612,300,0,9
2025-11-28 01:25:21,sEe1U-vDP5k,この界隈はもう熊とか虎じゃ驚かないんだから【龍が如く８外伝 Pirates in Hawaii】＃４４,UCZMRuagdTBKmmrFtSMN48Xw,牛沢,['Gaming'],90241,3074,0,249
2025-11-28 01:25:21,5-o_tvuKSfM,【Official】Uru 「愛」,UCdPCarwi28K5Z7s5l2nMiLw,Uru Official YouTube Channel,['Music'],77114,4589,0,172
2025-11-28 01:25:21,-DkSyDEQloM,機動戦士ガンダム エクストリームバーサス２ インフィニットブースト「イニブ情報局 ～TOKYO Showdown予選直前SP～」,UCJxxoli_XbupD8SK_TtytAQ,バンダイナムコ アミューズメントユニット公式チャンネル,['Gaming'],90810,,0,5
2025-11-28 01:25:21,CXcBo03He2A,ミジ子の恋,UCDBdcJ3JIg2sjDg8QR3xp-g,Iyowa - Topic,['Music'],42771,4664,0,222
2025-11-28 01:25:21,ZjN51G8c5-k,【ドラクエウォーク】根絶やしの竜のソロ安定攻略法！1年前の覇権武器で楽勝でした！,UC9-yZkJfxtg6WNCX5mUQb0w,ノゴローチャンネル,['Gaming'],51564,711,0,26
2025-11-28 01:25:21,G36amiUCkXU,Juice=Juice『盛れ！ミ・アモーレ』(Concert 2025 Queen of Hearts Special Flush),UC6FadPgGviUcq6VQ0CEJqdQ,Juice=Juice,['Music'],510572,29385,0,5780
2025-11-28 01:25:21,UiHPfikroWg,【緊急/新環境】シャドバに息苦しさ感じてる奴これ見ろ‼️クピタンえろすぎて胸が苦しくて窒息しそうだぞ‼️復帰しろ‼️【Shadowverse: Worlds Beyond】,UCqeAYB1DMzfM-hG-Up52yNQ,つるおかかものはし,['Gaming'],64070,867,0,296
2025-11-28 01:25:21,mdI6LWIe8Og,稲垣潤一 - クリスマスキャロルの頃には (2025.10.11 稲垣潤一コンサート2025  at 板橋区立文化会館),UCapLmxI6gv5WBd3N3sUVG8Q,稲垣潤一 Official,['Music'],8317,730,0,47
2025-11-28 01:25:21,dIPZHyTBFz0,『ドラゴンクエストウォーク』の新情報をお届け「スマートウォーク」#131,UCtceiniicYEsbAVuWy-Bi0Q,ドラゴンクエストウォーク公式,['Gaming'],203026,2192,0,271
2025-11-28 01:25:21,FuGOa47BBqg,Brand New Episode,UCy2IDlWr4fbdO2dbka98bSg,HACHI - Topic,['Music'],45569,1245,0,15
2025-11-28 01:25:21,eLCjlEYBN3U,課金しまくって放射性ラッキーブロックを100個開けるロブロックス (Roblox),UC9Lx-zRFGfpuls27tNAOIqA,マエスケ,['Gaming'],472768,16574,0,1138
2025-11-28 01:25:21,tdYPGxusaYs,NiziU 「♡Emotion」 FanCam – MAYUKA ver -,UCHp2q2i85qt_9nn2H7AvGOw,NiziU Official,['Entertainment'],40626,2857,0,155
2025-11-28 01:25:21,YH_PW-Y7LF0,【マリオカートワールド】くさあん1st / #2,UCL7VEatXa9yBCKeM-ww8TnA,NX☆くさあん,['Gaming'],43272,1668,0,96
2025-11-28 01:25:21,oYKdO-eEHg4,MAX80キロの投手がイーファスピッチを覚えたら魔球に!?  球速80キロの投手がクローザーを目指す物語#6【プロスピ2025】【アカgames】,UC5wr1qJKJOrHHK-haeZkfbg,アカgames,['Gaming'],57948,1236,0,226
2025-11-28 01:25:21,4_l1VyTNzrs,【は？】怪しすぎるブレインロットを盗むサーバーに潜入するロブロックス..【ROBLOX】,UCH4yRBPH2pDUjPeqomx8CTQ,てるとくん,['Gaming'],77982,2397,0,1399
2025-11-28 01:25:21,G_oNwC_PjfU,【原神】「強化ウェンティ」は強いのか？先行解説します。性能/武器/聖遺物/PT編成…全てが分かる！【魔導/上方修正】,UCjJmYy279ehSYSwR1A3fXtA,マグロヘッド,['Gaming'],111282,3242,0,366
2025-11-28 01:25:21,Bj6tJxDPzoY,みんなでパンを作って1か所に合流しよう!!(ただし100人に邪魔されながら)【マインクラフト】,UClNdVSK1uy2xFHTaXZYXopw,らっだぁ,['Gaming'],271442,11687,0,320
2025-11-28 01:25:21,OoLflKFs7YY,【MIMESIS】ヒトの言葉を学習して欺いてくるAIにビビりまくるフブぺこ奏ヴィヴィ【2025.11.26/ホロライブ切り抜き】,UCUbAVVpHteGtGQPPN9lM3oQ,ホロライブ切り抜き/なめたけ,['Entertainment'],123056,3147,0,308
2025-11-28 01:25:21,uGM14iCUu0w,加藤純一が禁煙失敗した理由【2025/11/26-27】,UCH-lygWpHodDff3iQurnWnQ,加藤純一切り抜き集,['Entertainment'],75170,912,0,439
2025-11-28 01:25:21,n7pO7F_kP0k,【原神】エピソード ドゥリン「家族への手紙」,UCAVR6Q0YgYa8xwz8rdg9Mrg,原神-Genshin-公式,['Gaming'],140438,17232,0,605
2025-11-28 01:25:21,WVVv8Uyok_U,サビ組さんにはよくしてもらってます｜ポケモンZA #20,UCMzLWawc9x3rUsqYDEfgqzA,ジャック・オ・蘭たん,['Gaming'],155306,5656,0,830
2025-11-28 01:25:21,2c_b4Q2LIeA,【モンスト】遊戯王コラボ最終決戦は超激ムズの予感！？超究極『闇遊戯』降臨！今年もクリスマスα開催！《ジャックα / パスカルα / ジャヒーα》登場！『★5以上キャラ50%10連ガチャ』開催！【しろ】,UCL72kYW8XK4R61kp1R9K69Q,しろ,['Gaming'],46108,599,0,142
2025-11-28 01:25:21,tGwT5DAU6-s,【MIMESIS】AIが仲間の声を学習し襲ってくる新感覚ホラゲで、本当の恐怖はオリジナル（本物）だと知るローレンたちwww【ローレン 叶カンパニー にじさんじ 切り抜き】,UC-UxhoAxlq57uZ8BA0b1Jyw,FPS切り抜きボット【ローレン・イロアス】,['Gaming'],81948,1443,0,22
2025-11-28 01:25:21,b29J1g4yWcs,KUNが参加勢だったらまず〇〇をする,UCGjV4bsC43On-YuiLZcfL0w,KUN,['Gaming'],98644,3045,0,256
2025-11-28 01:25:21,OWGd9sHxpvs,【複数視点】話題のAIホラゲで大爆笑ｗｗｗ【にじさんじ切り抜き/星川サラ/叶/ローレン・イロアス/樋口楓】,UCeuNlK0yX-6_4930q0JUGNw,白瀬,['Gaming'],123284,3326,0,97
2025-11-25 22:48:09,XILnJKGc0yo,INI｜'U MINE' Performance Video,UCc-itdQHxLvUlPrDxIiSJrA,INI,['Entertainment'],75514,14380,0,2566
2025-11-25 22:48:09,vMg1KAFAKiY,'이게 맞아?! 시즌2' Main Trailer,UCLkAepWjdylmXSltofFvsYQ,BANGTANTV,['Music'],882378,156925,0,8487
2025-11-25 22:48:09,SnCG-_lf74w,今までで一番怖いスーパーマーケット経営『 HELLMART 』,UCMJiPpN_09F0aWpQrgbc_qg,キヨ。,['Gaming'],212717,11901,0,711
2025-11-25 22:48:09,G36amiUCkXU,Juice=Juice『盛れ！ミ・アモーレ』(Concert 2025 Queen of Hearts Special Flush),UC6FadPgGviUcq6VQ0CEJqdQ,Juice=Juice,['Music'],247250,23318,0,4127
2025-11-25 22:48:09,xjUPVppl1DI,4人で協力して本格的な殺人事件を解決に導く『The Case of the Golden Idol』,UCPVr7clenPjpD7WNsSI3UBQ,レトルト,['Gaming'],166375,5824,0,278
2025-11-25 22:48:09,TVqEwvbZP30,RIIZE 라이즈 'Fame' MV,UCEf_Bc-KVd7onSeifS3py9g,SMTOWN,['Music'],1058205,91518,0,7724
2025-11-25 22:48:09,miySB69T1xw,隠れる場所から作れ！大人たちのガチかくれんぼ【マイクラ】,UCj4PjeVMnNTHIR5EeoNKPAw,ドズル社,['Gaming'],147006,7415,0,325
2025-11-25 22:48:09,x_RYZsOfpKY,ILLIT (아일릿) 'NOT CUTE ANYMORE’ Official MV,UC3IZKseVpdzPSBaWxBxundA,HYBE LABELS,['Music'],6110242,244431,0,15745
2025-11-25 22:48:09,ST05E_5kn2E,負けたら自身の全財産公開を賭けた通帳カスタムで勝ったのは・・・【The k4sen Con 2025 DAY 3 Supported by ロリポップ！ for Gamers byGMOペパボ】,UChUjERVG8eKEAJSCef-tTmg,k4sen / かせん,['Gaming'],109859,2863,0,241
2025-11-25 22:48:09,7bqePXphj2g,乃木坂46『夢の匂い』MUSIC VIDEO,UCUzpZpX2wRYOk3J8QTFGxDg,乃木坂46 OFFICIAL YouTube CHANNEL,['Music'],180680,15693,0,1378
2025-11-25 22:48:09,z-aco1hi0Iw,新キャラくま＆ボニー100レべフルブ初見リーグ！最強火力のワンパンし放題！【バウンティラッシュ】,UCdkVEDVAW5aFmA-Mkz0lAFQ,ひたまゆ。,['Gaming'],91997,1355,0,235
2025-11-25 22:48:09,llAI08UYyAw,"Stray Kids ""Do It (Overdrive Version)"" M/V",UCaO6TYtlC8U5ttz62hTrZgg,JYP Entertainment,['Music'],1941777,308477,0,10145
2025-11-25 22:48:09,fiSsGbfus6I,うんこちゃんのイナズマイレブン 英雄たちのヴィクトリーロード 実況プレイPart4※ネタバレ注意,UCx1nAvtVDIsaGmCMSe8ofsQ,加藤純一【jun channel】,['Gaming'],160307,1624,0,1056
2025-11-25 22:48:09,dx4XsqUGm10,MAZZEL / Only You -Dance Practice-,UCMF_5h2OejEhVorTB02UUSg,MAZZEL,['Music'],139643,16721,0,1263
2025-11-25 22:48:09,e0okJjgNTl0,【今年−294万】エヴァンゲリオン未来への咆哮パチンコライブ配信,UCYe_uTI6X6mm9qaXm8iWFDg,ノッチ配信者パチンコライブ,['Entertainment'],287269,2694,0,4
2025-11-25 22:48:09,ScutqxM3z_s,Hi-STANDARD - Our Song - OFFICIAL MUSIC VIDEO,UCrQUlOEbu-0T0l4DAcBEeIg,pizzaofdeathofficial,['Music'],38192,4248,0,265
2025-11-25 22:48:09,BsyEN86cR0U,プロジェクトセカイ プロセカ放送局 #26,UCdMGYXL38w6htx6Yf9YJa-w,プロジェクトセカイ カラフルステージ! feat. 初音ミク,['Gaming'],140887,6525,0,34
2025-11-25 22:48:09,4Xt_hR0KNvY,IS:SUE (イッシュ) 'Super Luna' Performance Video,UCqKNMJ5s_vsf7WkesdBrvQA,IS:SUE,['Music'],97707,9942,0,1911
2025-11-25 22:48:09,iKVcCmyqoik,『刀剣乱舞ONLINE』新刀剣男士 三郎国宗(さぶろうくにむね) 登場！,UC56x--_QtyaWD1QptYrPMqA,刀剣乱舞 公式チャンネル,['Gaming'],50737,4650,0,185
2025-11-25 22:48:09,gSXQd_5ht0E,【DANCE VIDEO】君セン！ / iLiFE! 【振り動画】,UChVflUz2J_jaaqYjXqvpmQA,iLiFE!【あいらいふ】,['Music'],411544,21684,0,1017
2025-11-25 22:48:09,aHKMl9HVqZQ,究極の財宝【龍が如く８外伝 Pirates in Hawaii】＃４２,UCZMRuagdTBKmmrFtSMN48Xw,牛沢,['Gaming'],64831,2909,0,267
2025-11-25 22:48:09,eHmQ_b0LkUA,"Stray Kids ""Do It (Turbo Version)"" Lyric Visualizer",UC9rMiEjNaCSsebs31MRDCRA,Stray Kids,['Music'],193103,60104,0,2888
2025-11-25 22:48:09,GJMOK14mB2c,全員の物資を蓄えてた馬鹿を制裁します 懐クラフト #12,UCoQhX2O93MVTWfgIz-8wOmg,KUNの50人クラフト,['Gaming'],68330,2185,0,129
2025-11-25 22:48:09,MRYXsF2lblY,RIIZE 'Sticky Like' (Official Audio),UCdVD0MsYecQaIE5Ru-pOIQQ,RIIZE,['Music'],163058,17066,0,934
2025-11-25 22:48:09,a72dN8ZWPWg,【は？】ありえないブレインロットを盗んでお金持ちになるロブロックス..【ROBLOX】,UCH4yRBPH2pDUjPeqomx8CTQ,てるとくん,['Gaming'],60215,2393,0,1570
2025-11-25 22:48:09,HP8qpxRpIW8,NOT CUTE ANYMORE,UCNVIo0UJXTdEnsRkCB9Q03w,ILLIT - Topic,['Music'],344959,20359,0,821
2025-11-25 22:48:09,ygIwtR2txaw,キモい顔を爆発させるバケモンに初見殺しされるらっだぁ【R.E.P.O.】,UClNdVSK1uy2xFHTaXZYXopw,らっだぁ,['Gaming'],240058,9830,0,244
2025-11-25 22:48:09,L6tkKvVCs0Y,【MV】どーでもいいよ／まふまふ,UCOTR1tcOAhjgi6YukrPpZxg,まふまふちゃんねる,['Music'],102543,11854,0,556
2025-11-25 22:48:09,9SaAfQ6eACQ,新フェス限くま＆ボニーガチ評価‼️超フェス級のぶっ壊れ火力で環境キャラワンパンw【バウンティラッシュ】,UCUW6U6iOrntB0jw6-AbQo8g,RED Games,['Gaming'],31519,732,0,172
2025-11-25 22:48:09,OWpLhNyqeqg,Novelbright - 夢花火 [Official Live Video],UCIJAlAYCNN8RACtDDsy9K6g,Novelbright,['Music'],49499,4211,0,406
2025-11-25 22:48:09,u66QoyjtANg,ナナ色チャンネル 26日毎日配信[スマスロヴァルヴレイヴ2]21日目,UCu3kfiUaK7MmkQ40omEpGyQ,ナナ色チャンネル,['People & Blogs'],142830,1099,0,0
2025-11-25 22:48:09,ayjRv2g2UqY,ムカつく -another story- feat. 高梨小麻（CV：石見舞菜香）／HoneyWorks,UCAaGaynFpku5cAx6OOSrW-w,HoneyWorks OFFICIAL,['Music'],425620,19086,0,784
2025-11-25 22:48:09,j6TnwWfuf-I,紅茶、波動砲で７キルして一瞬で試合を終わらせる,UCFQu6Q-9LAS3KoEuRDNkzGA, ニート部,['Gaming'],35731,1318,0,86
2025-11-25 22:48:09,G_3xr5desOo,"EXILE ATSUSHI + AI（EXILE ATSUSHI LIVE TOUR 2025 ""Heart to Heart"" ～復活祭～）",UCN7_YMtKaUiizHpw77XLVcw,EXILE,['Music'],51021,2291,0,96
2025-11-25 22:48:09,2NKK6Mg27XI,ダイアリン エキシビション「返事はテキトー」 | ゼンレスゾーンゼロ,UCt09C9DPSuOGpHoitbcyCIQ,ゼンレスゾーンゼロ-ZZZ-公式,['Gaming'],129063,10969,0,409
2025-11-25 22:48:09,qEGsMTo-adg,アンジュルム『午後3時スクランブル』～Dance Practice Ver.～,UCDwcZ85zjLKD-3-jqlv1wQQ,アンジュルム,['Music'],10455,1378,0,164
2025-11-25 22:48:09,cl-BT6bDxEI,TikTokで偽物つくられまくってブチギレてます,UCGjV4bsC43On-YuiLZcfL0w,KUN,['Gaming'],85499,2833,0,179
2025-11-25 22:48:09,8j4RM-bBYvA,福本大晴「すっぴんLOVE」（Music Video）YouTube Edition,UCXqWKjzm2YMH6Bs7rAmsKFw,福本大晴,['Entertainment'],14262,1162,0,382
2025-11-25 22:48:09,D8gbtByJSI8,【コンプofコンプ】編集部員ジャリせんの絶対⁉︎コンプ パチンコ実戦配信 後半戦,UCXeTnWiRoifoHHEzSyR5Ogg,パチンコ・パチスロ必勝ガイドチャンネル,['Entertainment'],58548,372,0,0
2025-11-25 22:48:09,j-8vLi2sMg0,【歌ってみた】星の消えた夜に / covered by Nornis【戌亥とこ/町田ちま/にじさんじ】,UCxWcO9CLti4uouUIS5IIF-Q,Nornis,['Music'],12174,3004,0,55
2025-11-25 22:48:09,G7eh40XgTiw,【衝撃】ヤバすぎ、、おまけとして「キンギーニ」を付けて交換をしまくった結果、超激レアモンスターに遭遇してしまう、、【フォートナイト】【ゆっくり実況】【Switch】,UCp_Az_oKu8-J5qIQpF35JbA,やわらちゃんねる,['Gaming'],54487,992,0,135
2025-11-25 22:48:09,3rGi2kiSzkA,Re:Re: from NANO-MUGEN FES.2025 - 2025.06.01 at.K-Arena Yokohama,UC3J-txytRWiRtNXrLS95eEw,ASIAN KUNG-FU GENERATION Official YouTube Channel,['Music'],27138,1983,0,98
2025-11-25 22:48:09,LxMaia85m5Y,家庭用ゲーム「鬼滅の刃 ヒノカミ血風譚2」「我妻善逸（無限城編）」キャラクターパック紹介映像,UC14QT5j2nQI8lKBCGtrrBQA,アニプレックス チャンネル,['Film & Animation'],118820,3058,0,136
2025-11-25 22:48:09,s5dFrPwvbHY,‘있잖아' - BOYNEXTDOOR (보이넥스트도어) | DOORGROUND,UChhKBlh_wvspTh5n4mL0b5g,BOYNEXTDOOR,['Music'],142890,26611,0,1400
2025-11-25 22:48:09,HQdJ8dMeCHM,【緊急】なぜ“最弱でない”エルフのみアッパー調整されたのか？【Shadowverse: Worlds Beyond】,UCqeAYB1DMzfM-hG-Up52yNQ,つるおかかものはし,['Gaming'],59684,521,0,954
2025-11-25 22:48:09,kCnD_dMyJ3M,The Bible of The “Eden”,UCZwcUEEjD8RVzB-TAw1ts3g,Eden - Topic,['Music'],62965,2427,0,0
2025-11-25 22:48:09,cBPtIHuFa_o,【ルームシェア】Switch2を開封してみた【最後】,UC2NujFa5X09CdV0YCntmQDg,板橋ハウス,['People & Blogs'],35935,2185,0,290
2025-11-25 22:48:09,NIGA89HGTBU,'Talk to You' Performance Video | NO LABELS: PART 01 | 연준 (YEONJUN),UCtiObj3CsEAdNU6ZPWDsddQ,TOMORROW X TOGETHER OFFICIAL,['Music'],25652,9550,0,618
2025-11-25 22:48:09,Gth1zEFH2TM,タグNXで『もあ』『B!KZO』とプルス戦に挑むNX☆くさあん【切り抜き】【マリオカート ワールド】,UCL7VEatXa9yBCKeM-ww8TnA,NX☆くさあん,['Gaming'],20107,1150,0,29
2025-11-25 22:48:09,cVL4bRjA6X0,Mili - Peach Pit and Cyanide,UCVh47EKH9VLresRqiYi9txw,Mili,['Music'],310886,32880,0,1225
2025-11-27 15:32:36,StcmgD_0aRI,モニタリング Cover / Gero,UCFuugQScqDfJcsOEWbL1_tg,Gero Channel,['Music'],105123,10807,0,2585
2025-11-27 15:32:36,vIUORnIS_ug,ELDEN RING NIGHTREIGN The Forsaken Hollows | Scholar Character Trailer,UC_ntXHv-XdKCD7CPynVvnQw,Bandai Namco Entertainment America,['Gaming'],334077,13817,0,1042
2025-11-27 15:32:36,dIPZHyTBFz0,『ドラゴンクエストウォーク』の新情報をお届け「スマートウォーク」#131,UCtceiniicYEsbAVuWy-Bi0Q,ドラゴンクエストウォーク公式,['Gaming'],196346,2157,0,261
2025-11-27 15:32:36,VWg0218G38c,現在がとんでもなく悲惨な事になってるYouTuber4選,UCHvFSU5OP6c7QcJxIr87YtA,ウタエル Utael,['Entertainment'],113005,1316,0,231
2025-11-27 15:32:36,NUSpibeVoO0,失われたチャプター: ユキの復讐 | ティザートレーラー,UCwF6o6cF7BMTY1-OZ7ZUY7Q,フォートナイト 公式,['Gaming'],18656,776,0,69
2025-11-27 15:32:36,8gAg9uDn2Oo,体力と手持ちが共有の世界で全員合流するまで終われません！ミニミニ編【マイクラ】,UCj4PjeVMnNTHIR5EeoNKPAw,ドズル社,['Gaming'],342501,12642,0,482
2025-11-27 15:32:36,b9z3Iaz5Zrc,ヤングスキニー - るっせぇ女【Official Music Video】,UCcg_rvE-fU2tATMwBAxW9bA,ヤングスキニー,['Music'],118803,6180,0,308
2025-11-27 15:32:36,eLCjlEYBN3U,課金しまくって放射性ラッキーブロックを100個開けるロブロックス (Roblox),UC9Lx-zRFGfpuls27tNAOIqA,マエスケ,['Gaming'],348283,13954,0,1013
2025-11-27 15:32:36,ES9oYbzYCh8,ILLIT (아일릿) 'NOT CUTE ANYMORE’ Performance Film,UC3IZKseVpdzPSBaWxBxundA,HYBE LABELS,['Music'],427760,56911,0,1771
2025-11-27 15:32:36,Bj6tJxDPzoY,みんなでパンを作って1か所に合流しよう!!(ただし100人に邪魔されながら)【マインクラフト】,UClNdVSK1uy2xFHTaXZYXopw,らっだぁ,['Gaming'],227286,10452,0,295
2025-11-27 15:32:36,XILnJKGc0yo,INI｜'U MINE' Performance Video,UCc-itdQHxLvUlPrDxIiSJrA,INI,['Entertainment'],236804,20356,0,3640
2025-11-27 15:32:36,5eHGs7lX09s,うんこちゃんのイナズマイレブン 英雄たちのヴィクトリーロード 実況プレイPart5※ネタバレ注意,UCx1nAvtVDIsaGmCMSe8ofsQ,加藤純一【jun channel】,['Gaming'],86308,1098,0,977
2025-11-27 15:32:36,Am2ElEWNvTY,LEX - 完璧だ (Music Video),UCeTo4Eh0TzpKbUL4vGQZ73A,LEX *,['People & Blogs'],60430,3500,0,191
2025-11-27 15:32:36,kSmHmdAnDYc,【原神】限定★５「ドゥリン」は強いのか？先行解説します。性能/武器/聖遺物/PT編成/凸orモチーフ…全てが分かる！,UCjJmYy279ehSYSwR1A3fXtA,マグロヘッド,['Gaming'],231196,6679,0,819
2025-11-27 15:32:36,AfKzB2lXo7I,SLAVE (Nissy Entertainment “Re:10th Anniversary Final” BEST DOME TOUR),UCkv76wCrBDQNn7ctcbn6Qeg,Nissy - Topic,['Music'],13396,681,0,47
2025-11-27 15:32:36,WVVv8Uyok_U,サビ組さんにはよくしてもらってます｜ポケモンZA #20,UCMzLWawc9x3rUsqYDEfgqzA,ジャック・オ・蘭たん,['Gaming'],114320,4903,0,778
2025-11-27 15:32:36,5UBc2gXGwKc,Seishun Rock 'n' roll,UC3PFoXZPFJGy9F4PG84nNQQ,Soala - Topic,['Music'],15950,275,0,9
2025-11-27 15:32:36,SnCG-_lf74w,今までで一番怖いスーパーマーケット経営『 HELLMART 』,UCMJiPpN_09F0aWpQrgbc_qg,キヨ。,['Gaming'],885908,22630,0,1072
2025-11-27 15:32:36,hcJEQXJIALo,ONE N' ONLY／ “RIDE” Music Video,UC8Qwnts13zIh2EYUCau6m3w,ONE N' ONLY TV,['Entertainment'],29555,3726,0,563
2025-11-27 15:32:36,tLBq_jH5FDI,"【㊗️ 6周年】""""ポケモン剣盾""""のハイレベルすぎる神試合が激アツすぎたwww【対戦者本人解説あり】",UCmnZL4tFRl4sm-uJOxTLHmg,今日ポケch.,['Gaming'],106351,1629,0,167
2025-11-27 15:32:36,5-o_tvuKSfM,【Official】Uru 「愛」,UCdPCarwi28K5Z7s5l2nMiLw,Uru Official YouTube Channel,['Music'],51134,3538,0,146
2025-11-27 15:32:36,w0ZQp2CmHHw,庭を埋め尽くす大量の落ち葉を掃除するゲーム,UChn5TjkeEqd-JxzizMVSkOw,ハヤトの野望,['Gaming'],132849,2307,0,212
2025-11-27 15:32:36,G36amiUCkXU,Juice=Juice『盛れ！ミ・アモーレ』(Concert 2025 Queen of Hearts Special Flush),UC6FadPgGviUcq6VQ0CEJqdQ,Juice=Juice,['Music'],446113,27948,0,5290
2025-11-27 15:32:36,S0UEqkus7FA,【ミメシス】声と行動を真似するニセモノに騙されないように生き残る！！ぺこ！【ホロライブ/兎田ぺこら】,UC1DCedRgGHBdm81E1llLhOQ,Pekora Ch. 兎田ぺこら,['Gaming'],311342,12380,0,240
2025-11-27 15:32:36,tdYPGxusaYs,NiziU 「♡Emotion」 FanCam – MAYUKA ver -,UCHp2q2i85qt_9nn2H7AvGOw,NiziU Official,['Entertainment'],28774,2458,0,139
2025-11-27 15:32:36,OoLflKFs7YY,【MIMESIS】ヒトの言葉を学習して欺いてくるAIにビビりまくるフブぺこ奏ヴィヴィ【2025.11.26/ホロライブ切り抜き】,UCUbAVVpHteGtGQPPN9lM3oQ,ホロライブ切り抜き/なめたけ,['Entertainment'],61490,2103,0,220
2025-11-27 15:32:36,JkKNqaEl9Aw,"NEXZ(넥스지) ""Legacy"" Performance Video",UCaO6TYtlC8U5ttz62hTrZgg,JYP Entertainment,['Music'],284572,20792,0,1864
2025-11-27 15:32:36,DyINvuS9P34,最強のマシンを進化させるマインクラフト【 マイクラ / マインクラフト 】,UCHazKLThRbMyMFu2bVAKhng,ウォーターチャレンジ,['Gaming'],183128,2480,0,50
2025-11-27 15:32:36,FuGOa47BBqg,Brand New Episode,UCy2IDlWr4fbdO2dbka98bSg,HACHI - Topic,['Music'],32962,1160,0,15
2025-11-27 15:32:36,2j2jXv6Juxc,初心者 vs. プロ：最強のピリジャー刑務所作り対決,UCM3yhFc0-fBFuvqx1Vg2YNQ,まいぜんシスターズ,['Gaming'],160391,2276,0,81
2025-11-27 15:32:36,OfuHlytx3rQ,フィナーレ,UCTEQRq53fm5tw-3vJ1HLUCw,MAY'S - Topic,['Music'],12667,205,0,9
2025-11-27 15:32:36,OeMmb--HE6k,【MIMESIS】叶カンパニー、出勤します。【にじさんじ/ローレン・イロアス】,UCgmFrRcyH7d1zR9sIVQhFow,ローレン・イロアス / Lauren Iroas【にじさんじ】,['Gaming'],179914,4699,0,63
2025-11-27 15:32:36,TVqEwvbZP30,RIIZE 라이즈 'Fame' MV,UCEf_Bc-KVd7onSeifS3py9g,SMTOWN,['Music'],6122235,109196,0,10918
2025-11-27 15:32:36,3-caLm2c1XI,これがエスペランサの財宝だ！！【龍が如く８外伝 Pirates in Hawaii】＃４３,UCZMRuagdTBKmmrFtSMN48Xw,牛沢,['Gaming'],136881,4078,0,511
2025-11-27 15:32:36,9jrVtT2nPgQ,【歌ってみた】革命道中 - アイナ・ジ・エンド covered by 明透,UCBLGjbYv6-xxju1i44RjnnA,明透 -ᴀsᴜ-,['Music'],33078,4450,0,103
2025-11-27 15:32:36,LcpCd9VXGjE,【パチスロ生配信】今日もヴァル2や!!そろそろ高設定台を打ちたい!!【革命機ヴァルヴレイヴ2】,UCdCC1L_OxLrkoEjR19iXpRw,パチスロードch,['Entertainment'],334253,1572,0,0
2025-11-27 15:32:36,CXcBo03He2A,ミジ子の恋,UCDBdcJ3JIg2sjDg8QR3xp-g,Iyowa - Topic,['Music'],20224,2905,0,157
2025-11-27 15:32:36,iBD9LX2ZdDQ,【実機配信】仮面ライダーＶ３  #パチンコ#仮面ライダーＶ３,UCx-QS9BIo_L_lx5dkpys1qw,ねこまんまのパチ•チャンネル,['Entertainment'],81463,189,0,0
2025-11-27 15:32:36,ScutqxM3z_s,Hi-STANDARD - Our Song - OFFICIAL MUSIC VIDEO,UCrQUlOEbu-0T0l4DAcBEeIg,pizzaofdeathofficial,['Music'],196689,8375,0,477
2025-11-27 15:32:36,tGwT5DAU6-s,【MIMESIS】AIが仲間の声を学習し襲ってくる新感覚ホラゲで、本当の恐怖はオリジナル（本物）だと知るローレンたちwww【ローレン 叶カンパニー にじさんじ 切り抜き】,UC-UxhoAxlq57uZ8BA0b1Jyw,FPS切り抜きボット【ローレン・イロアス】,['Gaming'],42123,893,0,10
2025-11-27 15:32:36,kux5GmbZhVg,メロリ,UCpYHkc4rzWEW7iVXIyxQebA,Hey! Say! JUMP - Topic,['Music'],19165,982,0,20
2025-11-27 15:32:36,_Vs1T6KpK5g,【HD-2D版ドラゴンクエストI＆II】紋章は集まった！テパを救うぞ！！※ネタバレ注意【胡桃沢りりか】,UCYLp2FLXcqLUZhvrCxQmNIA,胡桃沢りりか,['Gaming'],74885,1157,0,6
2025-11-27 15:32:36,b1OwvLh8HnU,FMP,UCMR5xpbhv3jzIQG1TOTg-Jg,B'z - Topic,['Music'],21341,382,0,8
2025-11-27 15:32:36,OWGd9sHxpvs,【複数視点】話題のAIホラゲで大爆笑ｗｗｗ【にじさんじ切り抜き/星川サラ/叶/ローレン・イロアス/樋口楓】,UCeuNlK0yX-6_4930q0JUGNw,白瀬,['Gaming'],66467,2192,0,77
2025-11-27 15:32:36,CZP11p3DklQ,軌跡,UC8_Ag6BVp43Vmrx6eillK9g,Vaundy - Topic,['Music'],103590,3426,0,140
2025-11-27 15:32:36,xjUPVppl1DI,4人で協力して本格的な殺人事件を解決に導く『The Case of the Golden Idol』,UCPVr7clenPjpD7WNsSI3UBQ,レトルト,['Gaming'],616063,10730,0,452
2025-11-27 15:32:36,Lj1Qi3-zQgg,あの娘は邪惡！,UC5nxCVEWQLLfkPuMylpkYkA,ロス,['Entertainment'],25280,4294,0,141
2025-11-27 15:32:36,ineS6XL0vc8,カオスを極める「カービィのエアライダー」が面白すぎる,UCc-PPk-lNe34JaWCcJQCL0g,ドコムスチャンネル,['Gaming'],94460,2337,0,86
2025-11-27 15:32:36,vQpF9mIiYFU,LALALA (Baby it takes two),UC3NrSfe_yR5XX9zGFxYoV1Q,HIRAIDAI - Topic,['Music'],18179,310,0,22
2025-11-27 15:32:36,SzFd7Tmq7pU,【 Minecraft 】本番まであと３日！隠れオーナーつくる！！！- ラムベガス／LAMB VEGAS -【角巻わため/ホロライブ４期生】,UCqm3BQLlJfvkTsX_hvm0UmA,Watame Ch. 角巻わため,['Gaming'],184540,9806,0,47
2025-11-26 06:33:02,XILnJKGc0yo,INI｜'U MINE' Performance Video,UCc-itdQHxLvUlPrDxIiSJrA,INI,['Entertainment'],127979,16881,0,2993
2025-11-26 06:33:02,vIUORnIS_ug,ELDEN RING NIGHTREIGN The Forsaken Hollows | Scholar Character Trailer,UC_ntXHv-XdKCD7CPynVvnQw,Bandai Namco Entertainment America,['Gaming'],162541,10141,0,840
2025-11-26 06:33:02,SnCG-_lf74w,今までで一番怖いスーパーマーケット経営『 HELLMART 』,UCMJiPpN_09F0aWpQrgbc_qg,キヨ。,['Gaming'],436927,15289,0,829
2025-11-26 06:33:02,G36amiUCkXU,Juice=Juice『盛れ！ミ・アモーレ』(Concert 2025 Queen of Hearts Special Flush),UC6FadPgGviUcq6VQ0CEJqdQ,Juice=Juice,['Music'],293006,24245,0,4313
2025-11-26 06:33:02,vMg1KAFAKiY,'이게 맞아?! 시즌2' Main Trailer,UCLkAepWjdylmXSltofFvsYQ,BANGTANTV,['Music'],945496,163404,0,8771
2025-11-26 06:33:02,xjUPVppl1DI,4人で協力して本格的な殺人事件を解決に導く『The Case of the Golden Idol』,UCPVr7clenPjpD7WNsSI3UBQ,レトルト,['Gaming'],338567,7573,0,334
2025-11-26 06:33:02,TVqEwvbZP30,RIIZE 라이즈 'Fame' MV,UCEf_Bc-KVd7onSeifS3py9g,SMTOWN,['Music'],1678991,96221,0,8421
2025-11-26 06:33:02,miySB69T1xw,隠れる場所から作れ！大人たちのガチかくれんぼ【マイクラ】,UCj4PjeVMnNTHIR5EeoNKPAw,ドズル社,['Gaming'],256275,9159,0,389
2025-11-26 06:33:02,b9z3Iaz5Zrc,ヤングスキニー - るっせぇ女【Official Music Video】,UCcg_rvE-fU2tATMwBAxW9bA,ヤングスキニー,['Music'],20554,2328,0,193
2025-11-26 06:33:02,ST05E_5kn2E,負けたら自身の全財産公開を賭けた通帳カスタムで勝ったのは・・・【The k4sen Con 2025 DAY 3 Supported by ロリポップ！ for Gamers byGMOペパボ】,UChUjERVG8eKEAJSCef-tTmg,k4sen / かせん,['Gaming'],172387,3490,0,273
2025-11-26 06:33:02,x_RYZsOfpKY,ILLIT (아일릿) 'NOT CUTE ANYMORE’ Official MV,UC3IZKseVpdzPSBaWxBxundA,HYBE LABELS,['Music'],6565072,261374,0,16569
2025-11-26 06:33:02,fiSsGbfus6I,うんこちゃんのイナズマイレブン 英雄たちのヴィクトリーロード 実況プレイPart4※ネタバレ注意,UCx1nAvtVDIsaGmCMSe8ofsQ,加藤純一【jun channel】,['Gaming'],214927,1800,0,1135
2025-11-26 06:33:02,ScutqxM3z_s,Hi-STANDARD - Our Song - OFFICIAL MUSIC VIDEO,UCrQUlOEbu-0T0l4DAcBEeIg,pizzaofdeathofficial,['Music'],91837,5788,0,355
2025-11-26 06:33:02,z-aco1hi0Iw,新キャラくま＆ボニー100レべフルブ初見リーグ！最強火力のワンパンし放題！【バウンティラッシュ】,UCdkVEDVAW5aFmA-Mkz0lAFQ,ひたまゆ。,['Gaming'],124633,1535,0,250
2025-11-26 06:33:02,7bqePXphj2g,乃木坂46『夢の匂い』MUSIC VIDEO,UCUzpZpX2wRYOk3J8QTFGxDg,乃木坂46 OFFICIAL YouTube CHANNEL,['Music'],215989,16591,0,1457
2025-11-26 06:33:02,fCDvm0Y3qkw,【 GTAV 】歌鬼ごっこ‼１曲歌い終わるまでリスナーから逃げ切れええええええええ‼🔥【ホロライブ/さくらみこ】,UC-hM6YJuNYVAmUWxeIr9FeA,Miko Ch. さくらみこ,['Gaming'],265132,14539,0,123
2025-11-26 06:33:02,llAI08UYyAw,"Stray Kids ""Do It (Overdrive Version)"" M/V",UCaO6TYtlC8U5ttz62hTrZgg,JYP Entertainment,['Music'],2232178,325221,0,10374
2025-11-26 06:33:02,hn17tmdaAzQ,「ストリートファイターリーグ: Pro-JP 2025」Division F 第10節　☆☆18時40分より初心者必見！SFリーグ: ウォームアップ☆☆,UCu2Fxqf37DAZ0ZhIsd1FZwA,Capcom Fighters JP,['Gaming'],648299,6205,0,59
2025-11-26 06:33:02,dx4XsqUGm10,MAZZEL / Only You -Dance Practice-,UCMF_5h2OejEhVorTB02UUSg,MAZZEL,['Music'],154850,17094,0,1291
2025-11-26 06:33:02,ITQYMtkP23E,【パチスロ生配信】前日出てるラス1ヴヴヴ2で勝負っ!!【革命機ヴァルヴレイヴ2】,UCdCC1L_OxLrkoEjR19iXpRw,パチスロードch,['Entertainment'],289480,1385,0,0
2025-11-26 06:33:02,4Xt_hR0KNvY,IS:SUE (イッシュ) 'Super Luna' Performance Video,UCqKNMJ5s_vsf7WkesdBrvQA,IS:SUE,['Music'],121762,10748,0,2016
2025-11-26 06:33:02,6ixvIIIxwlk,【深夜にパチ配信】東京グールとかのかりとエヴァ15って本当に継続率合ってる？生実践LIVE！パチスロパチンコライブ,UCDhOdoqPxv96djR3tSq9NoA,ショコラ大佐の秘密基地,['Entertainment'],103473,1069,0,0
2025-11-26 06:33:02,gSXQd_5ht0E,【DANCE VIDEO】君セン！ / iLiFE! 【振り動画】,UChVflUz2J_jaaqYjXqvpmQA,iLiFE!【あいらいふ】,['Music'],473285,21956,0,1023
2025-11-26 06:33:02,dmBAMwBBxoM,いいんですか？こんな神イベント｜ポケモンZA #19,UCMzLWawc9x3rUsqYDEfgqzA,ジャック・オ・蘭たん,['Gaming'],67412,2831,0,299
2025-11-26 06:33:02,JrI4_jUZe98,SEVENTEEN | THE SMURFS (세븐틴 | 스머프) Ver. '음악의 신' Official MV,UCfkXDY7vwkcJ8ddFGz8KusA,SEVENTEEN,['Music'],144906,32039,0,1512
2025-11-26 06:33:02,e0okJjgNTl0,【今年−294万】エヴァンゲリオン未来への咆哮パチンコライブ配信,UCYe_uTI6X6mm9qaXm8iWFDg,ノッチ配信者パチンコライブ,['Entertainment'],290764,2705,0,5
2025-11-26 06:33:02,eHmQ_b0LkUA,"Stray Kids ""Do It (Turbo Version)"" Lyric Visualizer",UC9rMiEjNaCSsebs31MRDCRA,Stray Kids,['Music'],307594,78046,0,3101
2025-11-26 06:33:02,xx3ZTvOhNoM,【#8】ゼルダの伝説 神々のトライフォース：The Legend of Zelda: A Link to the Past【ホロライブ/大空スバル】,UCvzGlP9oQwU--Y0r9id_jnA,Subaru Ch. 大空スバル,['Gaming'],199119,7689,0,43
2025-11-26 06:33:02,j-8vLi2sMg0,【歌ってみた】星の消えた夜に / covered by Nornis【戌亥とこ/町田ちま/にじさんじ】,UCxWcO9CLti4uouUIS5IIF-Q,Nornis,['Music'],31780,4446,0,70
2025-11-26 06:33:02,aHKMl9HVqZQ,究極の財宝【龍が如く８外伝 Pirates in Hawaii】＃４２,UCZMRuagdTBKmmrFtSMN48Xw,牛沢,['Gaming'],101838,3451,0,308
2025-11-26 06:33:02,Gln8wDtITJ4,Kay-on - SHIN GODZILLA (Official Video),UCdszfKemUn36sOEplfkiGVQ,GPV LABEL,['Music'],26742,1831,0,162
2025-11-26 06:33:02,iKVcCmyqoik,『刀剣乱舞ONLINE』新刀剣男士 三郎国宗(さぶろうくにむね) 登場！,UC56x--_QtyaWD1QptYrPMqA,刀剣乱舞 公式チャンネル,['Gaming'],71852,5169,0,200
2025-11-26 06:33:02,MRYXsF2lblY,RIIZE 'Sticky Like' (Official Audio),UCdVD0MsYecQaIE5Ru-pOIQQ,RIIZE,['Music'],175826,17524,0,960
2025-11-26 06:33:02,BsyEN86cR0U,プロジェクトセカイ プロセカ放送局 #26,UCdMGYXL38w6htx6Yf9YJa-w,プロジェクトセカイ カラフルステージ! feat. 初音ミク,['Gaming'],221865,6990,0,59
2025-11-26 06:33:02,I52yC34Ji2k,YENA「STAR! (feat. Hatsune Miku)」 Music Video,UC4YT50DP7hbMsor8FmyEPMw,Victor Entertainment,['Music'],39171,10787,0,666
2025-11-26 06:33:02,P0OLVEm0pfM,【実機配信】 ＣＲぱちんこ仮面ライダーＶ3 #パチンコ実機 #仮面ライダーv3,UCx-QS9BIo_L_lx5dkpys1qw,ねこまんまのパチ•チャンネル,['Entertainment'],65751,193,0,0
2025-11-26 06:33:02,qEGsMTo-adg,アンジュルム『午後3時スクランブル』～Dance Practice Ver.～,UCDwcZ85zjLKD-3-jqlv1wQQ,アンジュルム,['Music'],17237,1604,0,193
2025-11-26 06:33:02,Zvh5BE2Guik,【ARC Raiders】Imagine / 想像してごらん【ホロライブ/兎田ぺこら】,UC1DCedRgGHBdm81E1llLhOQ,Pekora Ch. 兎田ぺこら,['Gaming'],241505,10552,0,140
2025-11-26 06:33:02,HP8qpxRpIW8,NOT CUTE ANYMORE,UCNVIo0UJXTdEnsRkCB9Q03w,ILLIT - Topic,['Music'],422782,23359,0,867
2025-11-26 06:33:02,Gth1zEFH2TM,タグNXで『もあ』『B!KZO』とプルス戦に挑むNX☆くさあん【切り抜き】【マリオカート ワールド】,UCL7VEatXa9yBCKeM-ww8TnA,NX☆くさあん,['Gaming'],69270,1620,0,47
2025-11-26 06:33:02,L6tkKvVCs0Y,【MV】どーでもいいよ／まふまふ,UCOTR1tcOAhjgi6YukrPpZxg,まふまふちゃんねる,['Music'],122303,12343,0,564
2025-11-26 06:33:02,DSPV0RT3BJI,超ドラゴンクエストXTV #55 バージョン7.6[前期]最新情報,UC6SmH9mR82nj28_NNg_rZvA,スクウェア・エニックス,['Gaming'],66150,,0,
2025-11-26 06:33:02,CZP11p3DklQ,軌跡,UC8_Ag6BVp43Vmrx6eillK9g,Vaundy - Topic,['Music'],10054,909,0,65
2025-11-26 06:33:02,GJMOK14mB2c,全員の物資を蓄えてた馬鹿を制裁します 懐クラフト #12,UCoQhX2O93MVTWfgIz-8wOmg,KUNの50人クラフト,['Gaming'],92067,2419,0,138
2025-11-26 06:33:02,OWpLhNyqeqg,Novelbright - 夢花火 [Official Live Video],UCIJAlAYCNN8RACtDDsy9K6g,Novelbright,['Music'],59068,4396,0,418
2025-11-26 06:33:02,NkHjY_EaCgY,遂に完成した歴代最強マンチェスターユナイテッドスカッドが強すぎて魔王【eFootball2026アプリ】,UC070fhnqq38qNhqHm5rxTcQ,令和ちゃんねる,['Gaming'],66742,1249,0,89
2025-11-26 06:33:02,NIGA89HGTBU,'Talk to You' Performance Video | NO LABELS: PART 01 | 연준 (YEONJUN),UCtiObj3CsEAdNU6ZPWDsddQ,TOMORROW X TOGETHER OFFICIAL,['Music'],109100,15435,0,789
2025-11-26 06:33:02,A3Ki9cI9T9w,任天堂とファンが激怒...新作エアライダーにコックカワサキマイクロビキニという謎のミームが登場して海外でもニュースに/コエテクさんがライザのASMRを販売して爆売れ/チーターを晒し首にした運営が話題に,UCWvr04hMa4k4wSilYcQ4qoA,キャベツの人【ゲーム紹介】,['Gaming'],57956,1602,0,388
2025-11-26 06:33:02,eWetBwa4vVI,Jinmenusagi - NEET (Official Video),UCC4xWbcBVn-tHgchhrdmFpg,Jinmenusagi,['Music'],18885,1617,0,107
2025-11-26 06:33:02,6kWw9Nn4dIY,【Shadow Corridor】三姉妹ホラーゲーム実況【第二夜 -ヒグラシの回廊-】,UCAWxPGGuIfWME2KTLUmSCHw,ぱかチューブっ!【ウマ娘公式】,['Gaming'],80988,4706,0,286
2025-11-25 03:55:45,TVqEwvbZP30,RIIZE 라이즈 'Fame' MV,UCEf_Bc-KVd7onSeifS3py9g,SMTOWN,['Music'],703661,72324,0,5917
2025-11-25 03:55:45,vMg1KAFAKiY,'이게 맞아?! 시즌2' Main Trailer,UCLkAepWjdylmXSltofFvsYQ,BANGTANTV,['Music'],722398,140587,0,7871
2025-11-25 03:55:45,-3TOkp_6gRQ,【#にじ遊戯王祭2025】にじさんじ遊戯王マスターデュエル祭 2025 Day3：星巡り杯 ～銀河の織姫決戦～,UCX7YkU9nEeaoZbkVLVajcMg,にじさんじ,['Gaming'],465805,9009,0,65
2025-11-25 03:55:45,x_RYZsOfpKY,ILLIT (아일릿) 'NOT CUTE ANYMORE’ Official MV,UC3IZKseVpdzPSBaWxBxundA,HYBE LABELS,['Music'],3460887,182238,0,12632
2025-11-25 03:55:45,dCmNVtLsYzA,TVSP『アンデッドアンラック』Winter編 メインPV／Undead Unluck |Main Trailer,UCkVvAm5jb62IMIJQj4wPVGA,TMSアニメ公式チャンネル,['Film & Animation'],136690,7448,0,426
2025-11-25 03:55:45,koeM_jz4CdM,超巨大な火山を削りきるまで終われません！【マイクラ】,UCj4PjeVMnNTHIR5EeoNKPAw,ドズル社,['Gaming'],244659,10542,0,1158
2025-11-25 03:55:45,G36amiUCkXU,Juice=Juice『盛れ！ミ・アモーレ』(Concert 2025 Queen of Hearts Special Flush),UC6FadPgGviUcq6VQ0CEJqdQ,Juice=Juice,['Music'],119562,16827,0,3081
2025-11-25 03:55:45,ygIwtR2txaw,キモい顔を爆発させるバケモンに初見殺しされるらっだぁ【R.E.P.O.】,UClNdVSK1uy2xFHTaXZYXopw,らっだぁ,['Gaming'],165654,7611,0,228
2025-11-25 03:55:45,llAI08UYyAw,"Stray Kids ""Do It (Overdrive Version)"" M/V",UCaO6TYtlC8U5ttz62hTrZgg,JYP Entertainment,['Music'],1139326,243931,0,8978
2025-11-25 03:55:45,ex7ieF2B09A,男たちが最後の1人になるまで騙し合うREAL Liar's Bar【The k4sen Con 2025 DAY 2 Supported by ロリポップ！ for Gamers byGMOペパボ】,UChUjERVG8eKEAJSCef-tTmg,k4sen / かせん,['Gaming'],119861,2205,0,117
2025-11-25 03:55:45,dx4XsqUGm10,MAZZEL / Only You -Dance Practice-,UCMF_5h2OejEhVorTB02UUSg,MAZZEL,['Music'],79679,12766,0,1057
2025-11-25 03:55:45,4Ddbjkyy2C0,【深夜にパチ配信】東京グールとかのかりとエヴァ15を全力生実践LIVE！パチスロパチンコライブ,UCDhOdoqPxv96djR3tSq9NoA,ショコラ大佐の秘密基地,['Entertainment'],117073,838,0,0
2025-11-25 03:55:45,gSXQd_5ht0E,【DANCE VIDEO】君セン！ / iLiFE! 【振り動画】,UChVflUz2J_jaaqYjXqvpmQA,iLiFE!【あいらいふ】,['Music'],322167,20186,0,968
2025-11-25 03:55:45,qJvjFBhQ6vQ,一人で無限に攻めてくる敵を迎え撃つゲーム,UChn5TjkeEqd-JxzizMVSkOw,ハヤトの野望,['Gaming'],89081,1576,0,47
2025-11-25 03:55:45,7bqePXphj2g,乃木坂46『夢の匂い』MUSIC VIDEO,UCUzpZpX2wRYOk3J8QTFGxDg,乃木坂46 OFFICIAL YouTube CHANNEL,['Music'],57041,7871,0,929
2025-11-25 03:55:45,GxXpkps21Kc,最終回？【 ポケモンルビー 】チャンピオンダイゴ戦🔥みこちと金コイ伝説～最弱からみんなで最強に育てる旅～【ホロライブ/さくらみこ】,UC-hM6YJuNYVAmUWxeIr9FeA,Miko Ch. さくらみこ,['Gaming'],272140,12272,0,138
2025-11-25 03:55:45,4Xt_hR0KNvY,IS:SUE (イッシュ) 'Super Luna' Performance Video,UCqKNMJ5s_vsf7WkesdBrvQA,IS:SUE,['Music'],49935,6788,0,1408
2025-11-25 03:55:45,YMxjZF3gtoM,【Shadow Corridor】三姉妹ホラーゲーム実況【第一夜 -路地-】,UCAWxPGGuIfWME2KTLUmSCHw,ぱかチューブっ!【ウマ娘公式】,['Gaming'],136629,8873,0,565
2025-11-25 03:55:45,MRYXsF2lblY,RIIZE 'Sticky Like' (Official Audio),UCdVD0MsYecQaIE5Ru-pOIQQ,RIIZE,['Music'],108522,14067,0,774
2025-11-25 03:55:45,-dfR8iYqwK4,なんでこういう事するんや？初使用選手含む全員アニバーサリーの選手でリアタイしたら害悪プレイヤーに遭遇しました【プロスピA】# 1756,UCy9GuRXGTm8TliQ-OJ7KwzA,【V.I.P】,['Gaming'],121311,2569,0,414
2025-11-25 03:55:45,ayjRv2g2UqY,ムカつく -another story- feat. 高梨小麻（CV：石見舞菜香）／HoneyWorks,UCAaGaynFpku5cAx6OOSrW-w,HoneyWorks OFFICIAL,['Music'],294867,17859,0,762
2025-11-25 03:55:45,VhzqSrscVP8,【Lobotomy Corporation】都市のキノコにご用心part49【未遭遇アブノマ回収編】【ゆっくり実況】,UC8rk-fIWJXYlSF8tkfG9wWg,天色鮫,['Gaming'],99910,4728,0,342
2025-11-25 03:55:45,L6tkKvVCs0Y,【MV】どーでもいいよ／まふまふ,UCOTR1tcOAhjgi6YukrPpZxg,まふまふちゃんねる,['Music'],69945,9339,0,497
2025-11-25 03:55:45,MarWse2JmWU,【パチスロ生配信】今日も懲りずにまずはスマスロ北斗でコンプリート目指す！PACHINKO SLOT生放送パチンコパチスロ実戦！11/24,UCOVLrBaOiMH5QDKXTycZ8Pw,やっちゃんの崖っぷちスロパチ生活,['Gaming'],296514,3302,0,21
2025-11-25 03:55:45,kCnD_dMyJ3M,The Bible of The “Eden”,UCZwcUEEjD8RVzB-TAw1ts3g,Eden - Topic,['Music'],45077,2155,0,0
2025-11-25 03:55:45,taSKSaq5qh8,【ArcRaiders】アークレイダーズ ボス討伐編【にじさんじ/ローレン・イロアス】,UCgmFrRcyH7d1zR9sIVQhFow,ローレン・イロアス / Lauren Iroas【にじさんじ】,['Gaming'],222603,3915,0,22
2025-11-25 03:55:45,ANU0lVGfWyo,NOT ME,UCNVIo0UJXTdEnsRkCB9Q03w,ILLIT - Topic,['Music'],150634,20567,0,1719
2025-11-25 03:55:45,6mP-mEHEQcw,日本人を狙う30人チーター中国クランを崩壊させてみた【RUST 実況】,UCXEo7JprZQGCPkezcZylHlQ,黒炭酸,['Gaming'],97880,6588,0,978
2025-11-25 03:55:45,WsLcF1ojgFU,アンジュルム『トラブルメーカー』〜Dance Practice Ver.〜,UCDwcZ85zjLKD-3-jqlv1wQQ,アンジュルム,['Music'],24319,2209,0,309
2025-11-25 03:55:45,xuL1CDdhsOg,【東京喰種】検証！！パワーストーンつけたら喰種で勝てるのか！？生配信260日目,UCYA14rrNjvQq_P_YSNeJHgA,スロライブ,['Gaming'],210398,2082,0,0
2025-11-25 03:55:45,OWpLhNyqeqg,Novelbright - 夢花火 [Official Live Video],UCIJAlAYCNN8RACtDDsy9K6g,Novelbright,['Music'],26390,3142,0,350
2025-11-25 03:55:45,SWdjfMIkQCg,アザールが最強能力×モメンタムバーストで 頂点ST界の王に君臨しました【eFootball2026アプリ】,UC070fhnqq38qNhqHm5rxTcQ,令和ちゃんねる,['Gaming'],86041,1544,0,124
2025-11-25 03:55:45,8j4RM-bBYvA,福本大晴「すっぴんLOVE」（Music Video）YouTube Edition,UCXqWKjzm2YMH6Bs7rAmsKFw,福本大晴,['Entertainment'],8243,913,0,286
2025-11-25 03:55:45,UfVkyXaTGcs,【まとめ】ミオしゃを褒めないとスジモンになるフブさんとみこスバの『マリカサバイバル』面白トークまとめ【大空スバル/さくらみこ/白上フブキ/ホロライブ切り抜き】,UCqMRVBz-hhSFRuqlL1guqig,あひるだっく,['Gaming'],100305,3352,0,74
2025-11-25 03:55:45,0-74AHbFWic,＝LOVE（イコールラブ）/ 19th Single c/w『Queens』リハーサル定点映像 (from 8th ANNIVERSARY PREMIUM TOUR),UCv7VutirxDn3RWIJXI68n_A,＝LOVE（イコールラブ）公式チャンネル,['Entertainment'],125059,10810,0,618
2025-11-25 03:55:45,yRhin7unPeI,これが恐らくビーフ最後の輝きでしょうね【龍が如く８外伝 Pirates in Hawaii】＃４１,UCZMRuagdTBKmmrFtSMN48Xw,牛沢,['Gaming'],115054,3985,0,423
2025-11-25 03:55:45,QRTGKxrKBPM,インビジブル / 歌ってみた【あらき×榊ネス】,UCBhPDpv9JavoPADrZcsAC2A,あらき-ARAKI Official,['Music'],345291,35428,0,959
2025-11-25 03:55:45,UFozBQrnmII,【桃鉄】今夜は無礼講！4人で新作桃鉄を遊ぶぞおおおおおおおお！！ぺこ！【ホロライブ/兎田ぺこら】,UC1DCedRgGHBdm81E1llLhOQ,Pekora Ch. 兎田ぺこら,['Gaming'],745697,24680,0,393
2025-11-25 03:55:45,QJpTBz916MI,にっこり^^調査隊のテーマ / まぐねっと部 cover【宝鐘マリン・火威青・しぐれうい・ルンルン】,UCCzUftO8KOVkV4wQG1vkUvg,Marine Ch. 宝鐘マリン,['Entertainment'],909684,100766,0,2778
2025-11-25 03:55:45,TAL-HXKac80,YOUR CHANCE TO GET 10K GEMS!,UCooVYzDxdwTtGYAkcPmOgOw,Brawl Stars,['Gaming'],1520603,53383,0,1779
2025-11-25 03:55:45,vpXtzSpyV_8,tripleS(트리플에스) msnz neptune ‘Fly Up’ Official MV,UCJnL-TBcsYrF2SLs7tmiC8Q,tripleS official,['Music'],117428,12232,0,650
2025-11-25 03:55:45,XtTT5XdZVpw,シークレットな最終回※ちょっと動画長いよ【ゆっくり実況】,UCOjkVJQcjtWnpf0-1ft4brA,ゆっくりむちゃたぬき,['Gaming'],57220,3412,0,174
2025-11-25 03:55:45,KDC-EOsNzAg,NCT DREAM 엔시티 드림 'Beat It Up' Dance Practice,UCXURHJRGr4-EB3l87kcbElw,NCT DREAM,['Music'],73389,14215,0,447
2025-11-25 03:55:45,gYEhRoknpZQ,【シャドバWB】愛知大会を〝ムゲン・ほーちゃんドラゴン〟1本で破壊してきた男の物語【Shadowverse: Worlds Beyond】,UCqeAYB1DMzfM-hG-Up52yNQ,つるおかかものはし,['Gaming'],70380,778,0,154
2025-11-25 03:55:45,FFXSoSl_lGg,Vaundy LIVE “僕にはどうしてわかるんだろう” 2025.11.16 one man live VAWS hall tour “little punk” at 東京ガーデンシアター,UC1FQWQ3y3-e8l1pCtWhJt5A,Vaundy,['Music'],83029,4285,0,167
2025-11-25 03:55:45,S3Q33-4q1xo,【桃鉄2】3年決戦ついに決着! 最下位を回避するのはどっちだ!? #8【霜降り明星】,UCpGpA7mSYmNJjLiJxKso5QA,しもふりチューブ,['Comedy'],74469,989,0,74
2025-11-25 03:55:45,4oml768wFnk,REAL,UC8eq3M3Yft3FUgxEX6lOZMg,chotokkyu - Topic,['Music'],27896,2860,0,153
2025-11-25 03:55:45,l57EJ_eLsIc,【攻略法発覚】L荒野のコトブキ飛行隊 相次ぐ撤去について【ゴトブキ】,UCYXmyrGUVL8tX7VEvo_DjPw,シャル@ツモらせ隊,['Entertainment'],58404,780,0,329
2025-11-25 03:55:45,s5dFrPwvbHY,‘있잖아' - BOYNEXTDOOR (보이넥스트도어) | DOORGROUND,UChhKBlh_wvspTh5n4mL0b5g,BOYNEXTDOOR,['Music'],74405,17621,0,1187
2025-11-25 03:55:45,LUQ28DBF7EU,どるぴんが病んでるらしい,UCGjV4bsC43On-YuiLZcfL0w,KUN,['Gaming'],136957,3569,0,297
2025-11-25 00:42:59,TVqEwvbZP30,RIIZE 라이즈 'Fame' MV,UCEf_Bc-KVd7onSeifS3py9g,SMTOWN,['Music'],438252,65994,0,5421
2025-11-25 00:42:59,vMg1KAFAKiY,'이게 맞아?! 시즌2' Main Trailer,UCLkAepWjdylmXSltofFvsYQ,BANGTANTV,['Music'],647795,132489,0,7556
2025-11-25 00:42:59,-3TOkp_6gRQ,【#にじ遊戯王祭2025】にじさんじ遊戯王マスターデュエル祭 2025 Day3：星巡り杯 ～銀河の織姫決戦～,UCX7YkU9nEeaoZbkVLVajcMg,にじさんじ,['Gaming'],472507,8944,0,64
2025-11-25 00:42:59,x_RYZsOfpKY,ILLIT (아일릿) 'NOT CUTE ANYMORE’ Official MV,UC3IZKseVpdzPSBaWxBxundA,HYBE LABELS,['Music'],1944669,154728,0,11191
2025-11-25 00:42:59,dCmNVtLsYzA,TVSP『アンデッドアンラック』Winter編 メインPV／Undead Unluck |Main Trailer,UCkVvAm5jb62IMIJQj4wPVGA,TMSアニメ公式チャンネル,['Film & Animation'],124711,6968,0,403
2025-11-25 00:42:59,koeM_jz4CdM,超巨大な火山を削りきるまで終われません！【マイクラ】,UCj4PjeVMnNTHIR5EeoNKPAw,ドズル社,['Gaming'],205920,10026,0,1071
2025-11-25 00:42:59,G36amiUCkXU,Juice=Juice『盛れ！ミ・アモーレ』(Concert 2025 Queen of Hearts Special Flush),UC6FadPgGviUcq6VQ0CEJqdQ,Juice=Juice,['Music'],70470,15451,0,2816
2025-11-25 00:42:59,ygIwtR2txaw,キモい顔を爆発させるバケモンに初見殺しされるらっだぁ【R.E.P.O.】,UClNdVSK1uy2xFHTaXZYXopw,らっだぁ,['Gaming'],133578,7219,0,216
2025-11-25 00:42:59,llAI08UYyAw,"Stray Kids ""Do It (Overdrive Version)"" M/V",UCaO6TYtlC8U5ttz62hTrZgg,JYP Entertainment,['Music'],857476,210817,0,8329
2025-11-25 00:42:59,ex7ieF2B09A,男たちが最後の1人になるまで騙し合うREAL Liar's Bar【The k4sen Con 2025 DAY 2 Supported by ロリポップ！ for Gamers byGMOペパボ】,UChUjERVG8eKEAJSCef-tTmg,k4sen / かせん,['Gaming'],99252,1985,0,104
2025-11-25 00:42:59,gSXQd_5ht0E,【DANCE VIDEO】君セン！ / iLiFE! 【振り動画】,UChVflUz2J_jaaqYjXqvpmQA,iLiFE!【あいらいふ】,['Music'],302294,20042,0,964
2025-11-25 00:42:59,MarWse2JmWU,【パチスロ生配信】今日も懲りずにまずはスマスロ北斗でコンプリート目指す！PACHINKO SLOT生放送パチンコパチスロ実戦！11/24,UCOVLrBaOiMH5QDKXTycZ8Pw,やっちゃんの崖っぷちスロパチ生活,['Gaming'],296514,3303,0,20
2025-11-25 00:42:59,dx4XsqUGm10,MAZZEL / Only You -Dance Practice-,UCMF_5h2OejEhVorTB02UUSg,MAZZEL,['Music'],52034,11954,0,1000
2025-11-25 00:42:59,qJvjFBhQ6vQ,一人で無限に攻めてくる敵を迎え撃つゲーム,UChn5TjkeEqd-JxzizMVSkOw,ハヤトの野望,['Gaming'],63456,1427,0,42
2025-11-25 00:42:59,4Xt_hR0KNvY,IS:SUE (イッシュ) 'Super Luna' Performance Video,UCqKNMJ5s_vsf7WkesdBrvQA,IS:SUE,['Music'],32533,6218,0,1327
2025-11-25 00:42:59,xuL1CDdhsOg,【東京喰種】検証！！パワーストーンつけたら喰種で勝てるのか！？生配信260日目,UCYA14rrNjvQq_P_YSNeJHgA,スロライブ,['Gaming'],218021,2080,0,0
2025-11-25 00:42:59,ayjRv2g2UqY,ムカつく -another story- feat. 高梨小麻（CV：石見舞菜香）／HoneyWorks,UCAaGaynFpku5cAx6OOSrW-w,HoneyWorks OFFICIAL,['Music'],277269,17660,0,755
2025-11-25 00:42:59,VhzqSrscVP8,【Lobotomy Corporation】都市のキノコにご用心part49【未遭遇アブノマ回収編】【ゆっくり実況】,UC8rk-fIWJXYlSF8tkfG9wWg,天色鮫,['Gaming'],82619,4494,0,329
2025-11-25 00:42:59,MRYXsF2lblY,RIIZE 'Sticky Like' (Official Audio),UCdVD0MsYecQaIE5Ru-pOIQQ,RIIZE,['Music'],84988,12983,0,729
2025-11-25 00:42:59,-dfR8iYqwK4,なんでこういう事するんや？初使用選手含む全員アニバーサリーの選手でリアタイしたら害悪プレイヤーに遭遇しました【プロスピA】# 1756,UCy9GuRXGTm8TliQ-OJ7KwzA,【V.I.P】,['Gaming'],92293,2443,0,400
2025-11-25 00:42:59,L6tkKvVCs0Y,【MV】どーでもいいよ／まふまふ,UCOTR1tcOAhjgi6YukrPpZxg,まふまふちゃんねる,['Music'],38766,8533,0,471
2025-11-25 00:42:59,6mP-mEHEQcw,日本人を狙う30人チーター中国クランを崩壊させてみた【RUST 実況】,UCXEo7JprZQGCPkezcZylHlQ,黒炭酸,['Gaming'],82036,6115,0,886
2025-11-25 00:42:59,ANU0lVGfWyo,NOT ME,UCNVIo0UJXTdEnsRkCB9Q03w,ILLIT - Topic,['Music'],104840,16743,0,1483
2025-11-25 00:42:59,UFozBQrnmII,【桃鉄】今夜は無礼講！4人で新作桃鉄を遊ぶぞおおおおおおおお！！ぺこ！【ホロライブ/兎田ぺこら】,UC1DCedRgGHBdm81E1llLhOQ,Pekora Ch. 兎田ぺこら,['Gaming'],753047,24609,0,386
2025-11-25 00:42:59,kCnD_dMyJ3M,The Bible of The “Eden”,UCZwcUEEjD8RVzB-TAw1ts3g,Eden - Topic,['Music'],41292,2092,0,0
2025-11-25 00:42:59,YMxjZF3gtoM,【Shadow Corridor】三姉妹ホラーゲーム実況【第一夜 -路地-】,UCAWxPGGuIfWME2KTLUmSCHw,ぱかチューブっ!【ウマ娘公式】,['Gaming'],87639,7764,0,513
2025-11-25 00:42:59,QRTGKxrKBPM,インビジブル / 歌ってみた【あらき×榊ネス】,UCBhPDpv9JavoPADrZcsAC2A,あらき-ARAKI Official,['Music'],334567,35145,0,956
2025-11-25 00:42:59,TAL-HXKac80,YOUR CHANCE TO GET 10K GEMS!,UCooVYzDxdwTtGYAkcPmOgOw,Brawl Stars,['Gaming'],846398,40046,0,1506
2025-11-25 00:42:59,0-74AHbFWic,＝LOVE（イコールラブ）/ 19th Single c/w『Queens』リハーサル定点映像 (from 8th ANNIVERSARY PREMIUM TOUR),UCv7VutirxDn3RWIJXI68n_A,＝LOVE（イコールラブ）公式チャンネル,['Entertainment'],120424,10711,0,609
2025-11-25 00:42:59,yRhin7unPeI,これが恐らくビーフ最後の輝きでしょうね【龍が如く８外伝 Pirates in Hawaii】＃４１,UCZMRuagdTBKmmrFtSMN48Xw,牛沢,['Gaming'],97482,3808,0,408
2025-11-25 00:42:59,QJpTBz916MI,にっこり^^調査隊のテーマ / まぐねっと部 cover【宝鐘マリン・火威青・しぐれうい・ルンルン】,UCCzUftO8KOVkV4wQG1vkUvg,Marine Ch. 宝鐘マリン,['Entertainment'],889730,100126,0,2766
2025-11-25 00:42:59,UfVkyXaTGcs,【まとめ】ミオしゃを褒めないとスジモンになるフブさんとみこスバの『マリカサバイバル』面白トークまとめ【大空スバル/さくらみこ/白上フブキ/ホロライブ切り抜き】,UCqMRVBz-hhSFRuqlL1guqig,あひるだっく,['Gaming'],66241,2963,0,64
2025-11-25 00:42:59,WsLcF1ojgFU,アンジュルム『トラブルメーカー』〜Dance Practice Ver.〜,UCDwcZ85zjLKD-3-jqlv1wQQ,アンジュルム,['Music'],18435,2082,0,291
2025-11-25 00:42:59,LUQ28DBF7EU,どるぴんが病んでるらしい,UCGjV4bsC43On-YuiLZcfL0w,KUN,['Gaming'],126665,3506,0,295
2025-11-25 00:42:59,8j4RM-bBYvA,福本大晴「すっぴんLOVE」（Music Video）YouTube Edition,UCXqWKjzm2YMH6Bs7rAmsKFw,福本大晴,['Entertainment'],6411,865,0,280
2025-11-25 00:42:59,SWdjfMIkQCg,アザールが最強能力×モメンタムバーストで 頂点ST界の王に君臨しました【eFootball2026アプリ】,UC070fhnqq38qNhqHm5rxTcQ,令和ちゃんねる,['Gaming'],50868,1382,0,111
2025-11-25 00:42:59,4oml768wFnk,REAL,UC8eq3M3Yft3FUgxEX6lOZMg,chotokkyu - Topic,['Music'],26489,2832,0,151
2025-11-25 00:42:59,S3Q33-4q1xo,【桃鉄2】3年決戦ついに決着! 最下位を回避するのはどっちだ!? #8【霜降り明星】,UCpGpA7mSYmNJjLiJxKso5QA,しもふりチューブ,['Comedy'],59952,929,0,71
2025-11-25 00:42:59,OWpLhNyqeqg,Novelbright - 夢花火 [Official Live Video],UCIJAlAYCNN8RACtDDsy9K6g,Novelbright,['Music'],17286,2894,0,327
2025-11-25 00:42:59,XtTT5XdZVpw,シークレットな最終回※ちょっと動画長いよ【ゆっくり実況】,UCOjkVJQcjtWnpf0-1ft4brA,ゆっくりむちゃたぬき,['Gaming'],42519,3221,0,161
2025-11-25 00:42:59,vpXtzSpyV_8,tripleS(트리플에스) msnz neptune ‘Fly Up’ Official MV,UCJnL-TBcsYrF2SLs7tmiC8Q,tripleS official,['Music'],80228,10022,0,565
2025-11-25 00:42:59,gYEhRoknpZQ,【シャドバWB】愛知大会を〝ムゲン・ほーちゃんドラゴン〟1本で破壊してきた男の物語【Shadowverse: Worlds Beyond】,UCqeAYB1DMzfM-hG-Up52yNQ,つるおかかものはし,['Gaming'],53268,689,0,143
2025-11-25 00:42:59,FFXSoSl_lGg,Vaundy LIVE “僕にはどうしてわかるんだろう” 2025.11.16 one man live VAWS hall tour “little punk” at 東京ガーデンシアター,UC1FQWQ3y3-e8l1pCtWhJt5A,Vaundy,['Music'],77072,4226,0,167
2025-11-25 00:42:59,dqMImJF-rgA,おかんとアイテムが共有されるサバイバル【まいくら / マインクラフト】,UCJy7zfLsKBXoo2soFMum7JQ,あかさかの箱,['Gaming'],58855,2787,0,268
2025-11-25 00:42:59,KDC-EOsNzAg,NCT DREAM 엔시티 드림 'Beat It Up' Dance Practice,UCXURHJRGr4-EB3l87kcbElw,NCT DREAM,['Music'],53093,12681,0,402
2025-11-25 00:42:59,k1yXf4L5bnc,巨人が討伐するエンダードラゴン 懐50人クラフト #11,UCoQhX2O93MVTWfgIz-8wOmg,KUNの50人クラフト,['Gaming'],75709,2165,0,136
2025-11-25 00:42:59,tPMkWfK6N-E,[STAGE CLIP] 'Wolf type' ~ 'Feel the Pulse' | ROCK IN JAPAN FESTIVAL 2025 | &TEAM,UCHD1jo5RhijLfx5-0Ehe_cg,&TEAM,['People & Blogs'],82941,8724,0,451
2025-11-25 00:42:59,599nhYHHvQo,【生放送】吉宗で7万を捲るぞ！！,UCjcYYjM16TFOPXDjWgzHiHA,超覚醒てえんだ「スロパチ生放送」,['Entertainment'],102610,843,0,0
2025-11-25 00:42:59,tmVYOETfA10,"MAKE IT, BREAK IT",UC3VId8brfshtHO6gMMqnZ5A,FLOW GLOW - Topic,['Music'],17233,2007,0,64
2025-11-25 00:42:59,dolefeooLzc,誰もが驚く闇がある「回転寿司屋🍣」で働くホラーゲームが怖すぎる【The Sushi House】,UCzXjPL7zo0bxhOYDxLJ9YEg,ポッキー,['Gaming'],228128,4484,0,305
2025-11-27 06:31:31,b9z3Iaz5Zrc,ヤングスキニー - るっせぇ女【Official Music Video】,UCcg_rvE-fU2tATMwBAxW9bA,ヤングスキニー,['Music'],101051,5663,0,302
2025-11-27 06:31:31,vIUORnIS_ug,ELDEN RING NIGHTREIGN The Forsaken Hollows | Scholar Character Trailer,UC_ntXHv-XdKCD7CPynVvnQw,Bandai Namco Entertainment America,['Gaming'],318441,13509,0,1029
2025-11-27 06:31:31,dIPZHyTBFz0,『ドラゴンクエストウォーク』の新情報をお届け「スマートウォーク」#131,UCtceiniicYEsbAVuWy-Bi0Q,ドラゴンクエストウォーク公式,['Gaming'],174007,2028,0,255
2025-11-27 06:31:31,XILnJKGc0yo,INI｜'U MINE' Performance Video,UCc-itdQHxLvUlPrDxIiSJrA,INI,['Entertainment'],215609,19882,0,3513
2025-11-27 06:31:31,8gAg9uDn2Oo,体力と手持ちが共有の世界で全員合流するまで終われません！ミニミニ編【マイクラ】,UCj4PjeVMnNTHIR5EeoNKPAw,ドズル社,['Gaming'],277988,10934,0,443
2025-11-27 06:31:31,StcmgD_0aRI,モニタリング Cover / Gero,UCFuugQScqDfJcsOEWbL1_tg,Gero Channel,['Music'],80913,9228,0,2392
2025-11-27 06:31:31,eLCjlEYBN3U,課金しまくって放射性ラッキーブロックを100個開けるロブロックス (Roblox),UC9Lx-zRFGfpuls27tNAOIqA,マエスケ,['Gaming'],291377,12236,0,967
2025-11-27 06:31:31,VWg0218G38c,現在がとんでもなく悲惨な事になってるYouTuber4選,UCHvFSU5OP6c7QcJxIr87YtA,ウタエル Utael,['Entertainment'],80620,931,0,179
2025-11-27 06:31:31,Bj6tJxDPzoY,みんなでパンを作って1か所に合流しよう!!(ただし100人に邪魔されながら)【マインクラフト】,UClNdVSK1uy2xFHTaXZYXopw,らっだぁ,['Gaming'],191053,9090,0,282
2025-11-27 06:31:31,Am2ElEWNvTY,LEX - 完璧だ (Music Video),UCeTo4Eh0TzpKbUL4vGQZ73A,LEX *,['People & Blogs'],41917,2679,0,162
2025-11-27 06:31:31,kSmHmdAnDYc,【原神】限定★５「ドゥリン」は強いのか？先行解説します。性能/武器/聖遺物/PT編成/凸orモチーフ…全てが分かる！,UCjJmYy279ehSYSwR1A3fXtA,マグロヘッド,['Gaming'],202549,6038,0,768
2025-11-27 06:31:31,ES9oYbzYCh8,ILLIT (아일릿) 'NOT CUTE ANYMORE’ Performance Film,UC3IZKseVpdzPSBaWxBxundA,HYBE LABELS,['Music'],274836,43566,0,1462
2025-11-27 06:31:31,SnCG-_lf74w,今までで一番怖いスーパーマーケット経営『 HELLMART 』,UCMJiPpN_09F0aWpQrgbc_qg,キヨ。,['Gaming'],821450,21587,0,1025
2025-11-27 06:31:31,G36amiUCkXU,Juice=Juice『盛れ！ミ・アモーレ』(Concert 2025 Queen of Hearts Special Flush),UC6FadPgGviUcq6VQ0CEJqdQ,Juice=Juice,['Music'],408449,27194,0,5053
2025-11-27 06:31:31,S0UEqkus7FA,【ミメシス】声と行動を真似するニセモノに騙されないように生き残る！！ぺこ！【ホロライブ/兎田ぺこら】,UC1DCedRgGHBdm81E1llLhOQ,Pekora Ch. 兎田ぺこら,['Gaming'],290307,11910,0,191
2025-11-27 06:31:31,hcJEQXJIALo,ONE N' ONLY／ “RIDE” Music Video,UC8Qwnts13zIh2EYUCau6m3w,ONE N' ONLY TV,['Entertainment'],21663,3271,0,523
2025-11-27 06:31:31,LcpCd9VXGjE,【パチスロ生配信】今日もヴァル2や!!そろそろ高設定台を打ちたい!!【革命機ヴァルヴレイヴ2】,UCdCC1L_OxLrkoEjR19iXpRw,パチスロードch,['Entertainment'],333790,1573,0,0
2025-11-27 06:31:31,5-o_tvuKSfM,【Official】Uru 「愛」,UCdPCarwi28K5Z7s5l2nMiLw,Uru Official YouTube Channel,['Music'],39391,3052,0,129
2025-11-27 06:31:31,tLBq_jH5FDI,"【㊗️ 6周年】""""ポケモン剣盾""""のハイレベルすぎる神試合が激アツすぎたwww【対戦者本人解説あり】",UCmnZL4tFRl4sm-uJOxTLHmg,今日ポケch.,['Gaming'],81176,1330,0,142
2025-11-27 06:31:31,JkKNqaEl9Aw,"NEXZ(넥스지) ""Legacy"" Performance Video",UCaO6TYtlC8U5ttz62hTrZgg,JYP Entertainment,['Music'],243487,19987,0,1780
2025-11-27 06:31:31,w0ZQp2CmHHw,庭を埋め尽くす大量の落ち葉を掃除するゲーム,UChn5TjkeEqd-JxzizMVSkOw,ハヤトの野望,['Gaming'],105466,1973,0,194
2025-11-27 06:31:31,TVqEwvbZP30,RIIZE 라이즈 'Fame' MV,UCEf_Bc-KVd7onSeifS3py9g,SMTOWN,['Music'],4951178,106233,0,10389
2025-11-27 06:31:31,DyINvuS9P34,最強のマシンを進化させるマインクラフト【 マイクラ / マインクラフト 】,UCHazKLThRbMyMFu2bVAKhng,ウォーターチャレンジ,['Gaming'],153628,2170,0,49
2025-11-27 06:31:31,ScutqxM3z_s,Hi-STANDARD - Our Song - OFFICIAL MUSIC VIDEO,UCrQUlOEbu-0T0l4DAcBEeIg,pizzaofdeathofficial,['Music'],184925,8143,0,464
2025-11-27 06:31:31,2j2jXv6Juxc,初心者 vs. プロ：最強のピリジャー刑務所作り対決,UCM3yhFc0-fBFuvqx1Vg2YNQ,まいぜんシスターズ,['Gaming'],124544,1920,0,74
2025-11-27 06:31:31,tdYPGxusaYs,NiziU 「♡Emotion」 FanCam – MAYUKA ver -,UCHp2q2i85qt_9nn2H7AvGOw,NiziU Official,['Entertainment'],20950,2054,0,131
2025-11-27 06:31:31,WVVv8Uyok_U,サビ組さんにはよくしてもらってます｜ポケモンZA #20,UCMzLWawc9x3rUsqYDEfgqzA,ジャック・オ・蘭たん,['Gaming'],72437,3699,0,695
2025-11-27 06:31:31,CZP11p3DklQ,軌跡,UC8_Ag6BVp43Vmrx6eillK9g,Vaundy - Topic,['Music'],87564,3114,0,134
2025-11-27 06:31:31,3-caLm2c1XI,これがエスペランサの財宝だ！！【龍が如く８外伝 Pirates in Hawaii】＃４３,UCZMRuagdTBKmmrFtSMN48Xw,牛沢,['Gaming'],117576,3686,0,468
2025-11-27 06:31:31,Iz7mRKij2ao,GLAY「Dead Or Alive」 / アニメ『終末のワルキューレIII』オープニングテーマ Teaser2,UC1DqlLj1onQhBfxW81OgQTw,GLAY,['Entertainment'],8161,554,0,23
2025-11-27 06:31:31,xjUPVppl1DI,4人で協力して本格的な殺人事件を解決に導く『The Case of the Golden Idol』,UCPVr7clenPjpD7WNsSI3UBQ,レトルト,['Gaming'],577042,10261,0,432
2025-11-27 06:31:31,b1OwvLh8HnU,FMP,UCMR5xpbhv3jzIQG1TOTg-Jg,B'z - Topic,['Music'],15569,325,0,7
2025-11-27 06:31:31,OeMmb--HE6k,【MIMESIS】叶カンパニー、出勤します。【にじさんじ/ローレン・イロアス】,UCgmFrRcyH7d1zR9sIVQhFow,ローレン・イロアス / Lauren Iroas【にじさんじ】,['Gaming'],158866,4294,0,53
2025-11-27 06:31:31,kux5GmbZhVg,メロリ,UCpYHkc4rzWEW7iVXIyxQebA,Hey! Say! JUMP - Topic,['Music'],13791,870,0,19
2025-11-27 06:31:31,nzbbL07maKA,【Among Us#304】ここが地獄ですか？超波動砲にロケットに人外が跋扈するアモングアス【ゆっくり実況】,UCy0DH4rgPPjDWVZO7wibcSQ,めめんともり,['Gaming'],115465,6285,0,260
2025-11-27 06:31:31,T8w3L1rS3o4,澤野弘之『EARth』Music Video,UCpT4syVopfBl2bATVfAt65g,澤野弘之 / SawanoHiroyuki[nZk],['Music'],45466,3025,0,88
2025-11-27 06:31:31,Em805jfRVXs,唯一無二すぎるプレイヤーと対戦し、そのスタイルに感動すら覚えるカワノ【スト6】,UCzRzPAT-AjlPyec5yXG974g,カワノKawano,['Gaming'],249231,4726,0,556
2025-11-27 06:31:31,Kc7TkgWiWrc,Kiseki No Younakoto,UCof7dOTnyxaidkKkcIFuflQ,Mone Kamishiraishi - Topic,['Music'],26961,940,0,35
2025-11-27 06:31:31,BiiDN0zgJ2Q,【深夜にパチ配信】東京グールとかのかりとエヴァ15の継続率って本当に合ってますか？生実践LIVE！パチスロパチンコライブ,UCDhOdoqPxv96djR3tSq9NoA,ショコラ大佐の秘密基地,['Entertainment'],95031,723,0,0
2025-11-27 06:31:31,I52yC34Ji2k,YENA「STAR! (feat. Hatsune Miku)」 Music Video,UC4YT50DP7hbMsor8FmyEPMw,Victor Entertainment,['Music'],265225,38609,0,1511
2025-11-27 06:31:31,ineS6XL0vc8,カオスを極める「カービィのエアライダー」が面白すぎる,UCc-PPk-lNe34JaWCcJQCL0g,ドコムスチャンネル,['Gaming'],74390,1961,0,73
2025-11-27 06:31:31,AfKzB2lXo7I,SLAVE (Nissy Entertainment “Re:10th Anniversary Final” BEST DOME TOUR),UCkv76wCrBDQNn7ctcbn6Qeg,Nissy - Topic,['Music'],3654,345,0,29
2025-11-27 06:31:31,bZ2eyQcJ49o,"今までガチで使った事ない選手！！こんだけ課金してる俺がGET出来ない""この選手""とは！？【プロスピA】# 1757",UCy9GuRXGTm8TliQ-OJ7KwzA,【V.I.P】,['Gaming'],137788,2458,0,354
2025-11-27 06:31:31,Lj1Qi3-zQgg,あの娘は邪惡！,UC5nxCVEWQLLfkPuMylpkYkA,ロス,['Entertainment'],17689,3563,0,134
2025-11-27 06:31:31,jvrrjeAYtzs,【実機配信】仮面ライダーＶ３,UCx-QS9BIo_L_lx5dkpys1qw,ねこまんまのパチ•チャンネル,['Entertainment'],76145,232,0,0
2025-11-27 06:31:31,7bqePXphj2g,乃木坂46『夢の匂い』MUSIC VIDEO,UCUzpZpX2wRYOk3J8QTFGxDg,乃木坂46 OFFICIAL YouTube CHANNEL,['Music'],256212,18029,0,1550
2025-11-27 06:31:31,rOZV4RZrA3A,【今年−304万】東京喰種パチンコライブ配信,UCYe_uTI6X6mm9qaXm8iWFDg,ノッチ配信者パチンコライブ,['Entertainment'],203188,2088,0,6
2025-11-27 06:31:31,JrI4_jUZe98,SEVENTEEN | THE SMURFS (세븐틴 | 스머프) Ver. '음악의 신' Official MV,UCfkXDY7vwkcJ8ddFGz8KusA,SEVENTEEN,['Music'],375079,63340,0,2102
2025-11-27 06:31:31,qUgLxkENl6c,おかんの家は24時間後に消えます【まいくら / マインクラフト】,UCJy7zfLsKBXoo2soFMum7JQ,あかさかの箱,['Gaming'],91079,6210,0,317
2025-11-27 06:31:31,9jrVtT2nPgQ,【歌ってみた】革命道中 - アイナ・ジ・エンド covered by 明透,UCBLGjbYv6-xxju1i44RjnnA,明透 -ᴀsᴜ-,['Music'],22872,3748,0,94
2025-11-27 04:25:12,b9z3Iaz5Zrc,ヤングスキニー - るっせぇ女【Official Music Video】,UCcg_rvE-fU2tATMwBAxW9bA,ヤングスキニー,['Music'],99329,5629,0,301
2025-11-27 04:25:12,vIUORnIS_ug,ELDEN RING NIGHTREIGN The Forsaken Hollows | Scholar Character Trailer,UC_ntXHv-XdKCD7CPynVvnQw,Bandai Namco Entertainment America,['Gaming'],314293,13405,0,1022
2025-11-27 04:25:12,dIPZHyTBFz0,『ドラゴンクエストウォーク』の新情報をお届け「スマートウォーク」#131,UCtceiniicYEsbAVuWy-Bi0Q,ドラゴンクエストウォーク公式,['Gaming'],171597,1992,0,254
2025-11-27 04:25:12,XILnJKGc0yo,INI｜'U MINE' Performance Video,UCc-itdQHxLvUlPrDxIiSJrA,INI,['Entertainment'],214586,19834,0,3505
2025-11-27 04:25:12,8gAg9uDn2Oo,体力と手持ちが共有の世界で全員合流するまで終われません！ミニミニ編【マイクラ】,UCj4PjeVMnNTHIR5EeoNKPAw,ドズル社,['Gaming'],271103,10762,0,438
2025-11-27 04:25:12,StcmgD_0aRI,モニタリング Cover / Gero,UCFuugQScqDfJcsOEWbL1_tg,Gero Channel,['Music'],78035,9059,0,2378
2025-11-27 04:25:12,eLCjlEYBN3U,課金しまくって放射性ラッキーブロックを100個開けるロブロックス (Roblox),UC9Lx-zRFGfpuls27tNAOIqA,マエスケ,['Gaming'],289883,12100,0,961
2025-11-27 04:25:12,VWg0218G38c,現在がとんでもなく悲惨な事になってるYouTuber4選,UCHvFSU5OP6c7QcJxIr87YtA,ウタエル Utael,['Entertainment'],74178,854,0,165
2025-11-27 04:25:12,Bj6tJxDPzoY,みんなでパンを作って1か所に合流しよう!!(ただし100人に邪魔されながら)【マインクラフト】,UClNdVSK1uy2xFHTaXZYXopw,らっだぁ,['Gaming'],184195,8958,0,279
2025-11-27 04:25:12,Am2ElEWNvTY,LEX - 完璧だ (Music Video),UCeTo4Eh0TzpKbUL4vGQZ73A,LEX *,['People & Blogs'],39259,2582,0,161
2025-11-27 04:25:12,kSmHmdAnDYc,【原神】限定★５「ドゥリン」は強いのか？先行解説します。性能/武器/聖遺物/PT編成/凸orモチーフ…全てが分かる！,UCjJmYy279ehSYSwR1A3fXtA,マグロヘッド,['Gaming'],198612,5949,0,762
2025-11-27 04:25:12,ES9oYbzYCh8,ILLIT (아일릿) 'NOT CUTE ANYMORE’ Performance Film,UC3IZKseVpdzPSBaWxBxundA,HYBE LABELS,['Music'],228135,39236,0,1384
2025-11-27 04:25:12,SnCG-_lf74w,今までで一番怖いスーパーマーケット経営『 HELLMART 』,UCMJiPpN_09F0aWpQrgbc_qg,キヨ。,['Gaming'],810202,21493,0,1022
2025-11-27 04:25:12,G36amiUCkXU,Juice=Juice『盛れ！ミ・アモーレ』(Concert 2025 Queen of Hearts Special Flush),UC6FadPgGviUcq6VQ0CEJqdQ,Juice=Juice,['Music'],406162,27138,0,5038
2025-11-27 04:25:12,S0UEqkus7FA,【ミメシス】声と行動を真似するニセモノに騙されないように生き残る！！ぺこ！【ホロライブ/兎田ぺこら】,UC1DCedRgGHBdm81E1llLhOQ,Pekora Ch. 兎田ぺこら,['Gaming'],285374,11791,0,178
2025-11-27 04:25:12,5-o_tvuKSfM,【Official】Uru 「愛」,UCdPCarwi28K5Z7s5l2nMiLw,Uru Official YouTube Channel,['Music'],37923,2938,0,128
2025-11-27 04:25:12,LcpCd9VXGjE,【パチスロ生配信】今日もヴァル2や!!そろそろ高設定台を打ちたい!!【革命機ヴァルヴレイヴ2】,UCdCC1L_OxLrkoEjR19iXpRw,パチスロードch,['Entertainment'],333715,1573,0,0
2025-11-27 04:25:12,hcJEQXJIALo,ONE N' ONLY／ “RIDE” Music Video,UC8Qwnts13zIh2EYUCau6m3w,ONE N' ONLY TV,['Entertainment'],21038,3209,0,518
2025-11-27 04:25:12,tLBq_jH5FDI,"【㊗️ 6周年】""""ポケモン剣盾""""のハイレベルすぎる神試合が激アツすぎたwww【対戦者本人解説あり】",UCmnZL4tFRl4sm-uJOxTLHmg,今日ポケch.,['Gaming'],77809,1284,0,139
2025-11-27 04:25:12,JkKNqaEl9Aw,"NEXZ(넥스지) ""Legacy"" Performance Video",UCaO6TYtlC8U5ttz62hTrZgg,JYP Entertainment,['Music'],237273,19775,0,1770
2025-11-27 04:25:12,w0ZQp2CmHHw,庭を埋め尽くす大量の落ち葉を掃除するゲーム,UChn5TjkeEqd-JxzizMVSkOw,ハヤトの野望,['Gaming'],100210,1901,0,192
2025-11-27 04:25:12,TVqEwvbZP30,RIIZE 라이즈 'Fame' MV,UCEf_Bc-KVd7onSeifS3py9g,SMTOWN,['Music'],4828890,105644,0,10268
2025-11-27 04:25:12,DyINvuS9P34,最強のマシンを進化させるマインクラフト【 マイクラ / マインクラフト 】,UCHazKLThRbMyMFu2bVAKhng,ウォーターチャレンジ,['Gaming'],153330,2151,0,49
2025-11-27 04:25:12,ScutqxM3z_s,Hi-STANDARD - Our Song - OFFICIAL MUSIC VIDEO,UCrQUlOEbu-0T0l4DAcBEeIg,pizzaofdeathofficial,['Music'],183538,8114,0,462
2025-11-27 04:25:12,2j2jXv6Juxc,初心者 vs. プロ：最強のピリジャー刑務所作り対決,UCM3yhFc0-fBFuvqx1Vg2YNQ,まいぜんシスターズ,['Gaming'],124000,1885,0,72
2025-11-27 04:25:12,tdYPGxusaYs,NiziU 「♡Emotion」 FanCam – MAYUKA ver -,UCHp2q2i85qt_9nn2H7AvGOw,NiziU Official,['Entertainment'],20131,1995,0,129
2025-11-27 04:25:12,WVVv8Uyok_U,サビ組さんにはよくしてもらってます｜ポケモンZA #20,UCMzLWawc9x3rUsqYDEfgqzA,ジャック・オ・蘭たん,['Gaming'],65172,3583,0,684
2025-11-27 04:25:12,CZP11p3DklQ,軌跡,UC8_Ag6BVp43Vmrx6eillK9g,Vaundy - Topic,['Music'],86732,3091,0,133
2025-11-27 04:25:12,3-caLm2c1XI,これがエスペランサの財宝だ！！【龍が如く８外伝 Pirates in Hawaii】＃４３,UCZMRuagdTBKmmrFtSMN48Xw,牛沢,['Gaming'],114570,3638,0,466
2025-11-27 04:25:12,Iz7mRKij2ao,GLAY「Dead Or Alive」 / アニメ『終末のワルキューレIII』オープニングテーマ Teaser2,UC1DqlLj1onQhBfxW81OgQTw,GLAY,['Entertainment'],7877,535,0,21
2025-11-27 04:25:12,xjUPVppl1DI,4人で協力して本格的な殺人事件を解決に導く『The Case of the Golden Idol』,UCPVr7clenPjpD7WNsSI3UBQ,レトルト,['Gaming'],570385,10217,0,431
2025-11-27 04:25:12,b1OwvLh8HnU,FMP,UCMR5xpbhv3jzIQG1TOTg-Jg,B'z - Topic,['Music'],15406,319,0,7
2025-11-27 04:25:12,OeMmb--HE6k,【MIMESIS】叶カンパニー、出勤します。【にじさんじ/ローレン・イロアス】,UCgmFrRcyH7d1zR9sIVQhFow,ローレン・イロアス / Lauren Iroas【にじさんじ】,['Gaming'],154780,4228,0,52
2025-11-27 04:25:12,kux5GmbZhVg,メロリ,UCpYHkc4rzWEW7iVXIyxQebA,Hey! Say! JUMP - Topic,['Music'],13617,860,0,19
2025-11-27 04:25:12,nzbbL07maKA,【Among Us#304】ここが地獄ですか？超波動砲にロケットに人外が跋扈するアモングアス【ゆっくり実況】,UCy0DH4rgPPjDWVZO7wibcSQ,めめんともり,['Gaming'],113796,6236,0,259
2025-11-27 04:25:12,T8w3L1rS3o4,澤野弘之『EARth』Music Video,UCpT4syVopfBl2bATVfAt65g,澤野弘之 / SawanoHiroyuki[nZk],['Music'],43434,2910,0,85
2025-11-27 04:25:12,Em805jfRVXs,唯一無二すぎるプレイヤーと対戦し、そのスタイルに感動すら覚えるカワノ【スト6】,UCzRzPAT-AjlPyec5yXG974g,カワノKawano,['Gaming'],244611,4685,0,549
2025-11-27 04:25:12,Kc7TkgWiWrc,Kiseki No Younakoto,UCof7dOTnyxaidkKkcIFuflQ,Mone Kamishiraishi - Topic,['Music'],26746,929,0,35
2025-11-27 04:25:12,BiiDN0zgJ2Q,【深夜にパチ配信】東京グールとかのかりとエヴァ15の継続率って本当に合ってますか？生実践LIVE！パチスロパチンコライブ,UCDhOdoqPxv96djR3tSq9NoA,ショコラ大佐の秘密基地,['Entertainment'],94292,722,0,0
2025-11-27 04:25:12,I52yC34Ji2k,YENA「STAR! (feat. Hatsune Miku)」 Music Video,UC4YT50DP7hbMsor8FmyEPMw,Victor Entertainment,['Music'],254270,37458,0,1488
2025-11-27 04:25:12,ineS6XL0vc8,カオスを極める「カービィのエアライダー」が面白すぎる,UCc-PPk-lNe34JaWCcJQCL0g,ドコムスチャンネル,['Gaming'],72623,1931,0,73
2025-11-27 04:25:12,Lj1Qi3-zQgg,あの娘は邪惡！,UC5nxCVEWQLLfkPuMylpkYkA,ロス,['Entertainment'],16402,3432,0,129
2025-11-27 04:25:12,bZ2eyQcJ49o,"今までガチで使った事ない選手！！こんだけ課金してる俺がGET出来ない""この選手""とは！？【プロスピA】# 1757",UCy9GuRXGTm8TliQ-OJ7KwzA,【V.I.P】,['Gaming'],135176,2414,0,351
2025-11-27 04:25:12,AfKzB2lXo7I,SLAVE (Nissy Entertainment “Re:10th Anniversary Final” BEST DOME TOUR),UCkv76wCrBDQNn7ctcbn6Qeg,Nissy - Topic,['Music'],3150,286,0,25
2025-11-27 04:25:12,jvrrjeAYtzs,【実機配信】仮面ライダーＶ３,UCx-QS9BIo_L_lx5dkpys1qw,ねこまんまのパチ•チャンネル,['Entertainment'],75874,232,0,0
2025-11-27 04:25:12,7bqePXphj2g,乃木坂46『夢の匂い』MUSIC VIDEO,UCUzpZpX2wRYOk3J8QTFGxDg,乃木坂46 OFFICIAL YouTube CHANNEL,['Music'],255312,18003,0,1548
2025-11-27 04:25:12,rOZV4RZrA3A,【今年−304万】東京喰種パチンコライブ配信,UCYe_uTI6X6mm9qaXm8iWFDg,ノッチ配信者パチンコライブ,['Entertainment'],203007,2081,0,6
2025-11-27 04:25:12,JrI4_jUZe98,SEVENTEEN | THE SMURFS (세븐틴 | 스머프) Ver. '음악의 신' Official MV,UCfkXDY7vwkcJ8ddFGz8KusA,SEVENTEEN,['Music'],368415,62572,0,2094
2025-11-27 04:25:12,qUgLxkENl6c,おかんの家は24時間後に消えます【まいくら / マインクラフト】,UCJy7zfLsKBXoo2soFMum7JQ,あかさかの箱,['Gaming'],90839,6156,0,314
2025-11-27 04:25:12,pzLTGAwn0a4,NCT WISH 1st CONCERT TOUR 'INTO THE WISH : Our WISH' Recap Video,UCiZqWVAeChfqlom5ZPR3ZJA,NCT WISH,['Music'],35445,5505,0,439
2025-11-28 03:28:17,ZOEZ_cRIkhY,STARGLOW / Moonchaser [BMSG FES'25] DAY1,UCKsVfYfguU3s5vMO5yhcWdw,STARGLOW Official,['Music'],166183,18153,0,1264
2025-11-28 03:28:17,NUSpibeVoO0,失われたチャプター: ユキの復讐 | ティザートレーラー,UCwF6o6cF7BMTY1-OZ7ZUY7Q,フォートナイト 公式,['Gaming'],35295,1077,0,101
2025-11-28 03:28:17,8B2XU-fUS58,【777リーグ3rd】実戦バトル 第14回戦 (1/3) - 777.LEAGUE3rd【スリーセブンリーグ3rd】[髭原人/シーサ。/レビン/水樹あや],UC0wuDDYK-QTwneeZ6x6pPbw,777パチガブチャンネル,['Entertainment'],290177,3678,0,561
2025-11-28 03:28:17,F3C87lOmZBM,RIIZE(라이즈) _ Fame | 1theKILLPO | 원더킬포 | 퍼포먼스 | Performance | 4K,UCqq-ovGE01ErlXakPihhKDA,1theK Originals - 원더케이 오리지널,['Entertainment'],186962,17266,0,1679
2025-11-28 03:28:17,wEKNPc0cm9Y,映画『ウィキッド 永遠の約束』本予告＜2026年3月6日(金)より、全国ロードショー！＞,UC9llDCAObCbGpsaa66fClKw,ユニバーサル・ピクチャーズ公式,['Film & Animation'],19318,673,0,
2025-11-28 03:28:17,6yMFwpzbQCY,モンストニュース[11/27]モンストの最新情報をお届けします！【モンスト公式】,UCd9BXPj-KcMTh0HiB-Vlb8A,モンスト（モンスターストライク）公式,['Gaming'],444531,4328,0,262
2025-11-28 03:28:17,ES9oYbzYCh8,ILLIT (아일릿) 'NOT CUTE ANYMORE’ Performance Film,UC3IZKseVpdzPSBaWxBxundA,HYBE LABELS,['Music'],652258,68782,0,2061
2025-11-28 03:28:17,Nxq6nJJVx5A,燃えろ早抜け選手権！【マイクラ】,UCj4PjeVMnNTHIR5EeoNKPAw,ドズル社,['Gaming'],216345,7748,0,265
2025-11-28 03:28:17,StcmgD_0aRI,モニタリング Cover / Gero,UCFuugQScqDfJcsOEWbL1_tg,Gero Channel,['Music'],152510,12712,0,2779
2025-11-28 03:28:17,o3PX7EjBjvg,50人クラフトBAN覚悟のガチなんでもバスケット,UCoQhX2O93MVTWfgIz-8wOmg,KUNの50人クラフト,['Gaming'],126789,4105,0,409
2025-11-28 03:28:17,VWg0218G38c,現在がとんでもなく悲惨な事になってるYouTuber4選,UCHvFSU5OP6c7QcJxIr87YtA,ウタエル Utael,['Entertainment'],136983,1611,0,278
2025-11-28 03:28:17,ckKFtSlZ5Lw,闘いの儀開始の宣言をしろ！磯野ぉ！【モンストニュース】,UCqfELxLmasBwYET4ZAMfMqA,がみくん,['Gaming'],123773,1507,0,344
2025-11-28 03:28:17,Am2ElEWNvTY,LEX - 完璧だ (Music Video),UCeTo4Eh0TzpKbUL4vGQZ73A,LEX *,['People & Blogs'],94982,4568,0,239
2025-11-28 03:28:17,y7XtQu1z9hw,かぐや様は告らせたい｜1GAMEてつの妖回胴中記# 336【パチスロ・スロット】,UCTgIFU4_hG6aA7VfWS8blQg,1GAME TV パチンコパチスロ実践動画,['Gaming'],81349,921,0,146
2025-11-28 03:28:17,AfKzB2lXo7I,SLAVE (Nissy Entertainment “Re:10th Anniversary Final” BEST DOME TOUR),UCkv76wCrBDQNn7ctcbn6Qeg,Nissy - Topic,['Music'],26363,999,0,55
2025-11-28 03:28:17,5m86CgLR0Fg,【マイクラ】ゾムも思わず突っ込む最弱の鬼シャオロンいきます【本気れんぼ】,UCsoW5-5KCPFAZwfGU-POUvA,まじめにヤバシティ,['Gaming'],99137,6210,0,229
2025-11-28 03:28:17,b9z3Iaz5Zrc,ヤングスキニー - るっせぇ女【Official Music Video】,UCcg_rvE-fU2tATMwBAxW9bA,ヤングスキニー,['Music'],160224,7342,0,335
2025-11-28 03:28:17,WT1LFvt07Gw,k4senの舌打ちから人狼が始まるマ農場【Farming Simulator 25】,UChUjERVG8eKEAJSCef-tTmg,k4sen / かせん,['Gaming'],96249,1903,0,56
2025-11-28 03:28:17,5oKKmCT-_4s,大・団・円  / T-Pis MV,UCWXDEaOxoT8gkk83ZEB5Onw,TP ZONE,['People & Blogs'],21629,1831,0,152
2025-11-28 03:28:17,6-9ej0ztMUA,【バッチ参戦でほぼカッパ!?】ビッグバンするまで終わらないネオプラ実戦　【新台の村田 with 松本バッチ】#ネオプラネット #JIRO　#松本バッチ,UCv0F5yCdnwnBTrcJO2Yr3lQ,きむちゃんねる,['Entertainment'],106465,764,0,61
2025-11-28 03:28:17,XILnJKGc0yo,INI｜'U MINE' Performance Video,UCc-itdQHxLvUlPrDxIiSJrA,INI,['Entertainment'],268142,20877,0,3752
2025-11-28 03:28:17,5eHGs7lX09s,うんこちゃんのイナズマイレブン 英雄たちのヴィクトリーロード 実況プレイPart5※ネタバレ注意,UCx1nAvtVDIsaGmCMSe8ofsQ,加藤純一【jun channel】,['Gaming'],163924,1540,0,1204
2025-11-28 03:28:17,hcJEQXJIALo,ONE N' ONLY／ “RIDE” Music Video,UC8Qwnts13zIh2EYUCau6m3w,ONE N' ONLY TV,['Entertainment'],77174,4067,0,587
2025-11-28 03:28:17,SMAnw64aTXc,世界で８人しか貰えない契約書を開封！交換会に出す選手も今日発表します！！【プロスピA】# 1758,UCy9GuRXGTm8TliQ-OJ7KwzA,【V.I.P】,['Gaming'],143155,2609,0,1150
2025-11-28 03:28:17,5UBc2gXGwKc,Seishun Rock 'n' roll,UC3PFoXZPFJGy9F4PG84nNQQ,Soala - Topic,['Music'],23187,300,0,9
2025-11-28 03:28:17,sEe1U-vDP5k,この界隈はもう熊とか虎じゃ驚かないんだから【龍が如く８外伝 Pirates in Hawaii】＃４４,UCZMRuagdTBKmmrFtSMN48Xw,牛沢,['Gaming'],98709,3168,0,251
2025-11-28 03:28:17,5-o_tvuKSfM,【Official】Uru 「愛」,UCdPCarwi28K5Z7s5l2nMiLw,Uru Official YouTube Channel,['Music'],81255,4675,0,172
2025-11-28 03:28:17,-DkSyDEQloM,機動戦士ガンダム エクストリームバーサス２ インフィニットブースト「イニブ情報局 ～TOKYO Showdown予選直前SP～」,UCJxxoli_XbupD8SK_TtytAQ,バンダイナムコ アミューズメントユニット公式チャンネル,['Gaming'],92809,,0,6
2025-11-28 03:28:17,CXcBo03He2A,ミジ子の恋,UCDBdcJ3JIg2sjDg8QR3xp-g,Iyowa - Topic,['Music'],45660,4779,0,228
2025-11-28 03:28:17,UiHPfikroWg,【緊急/新環境】シャドバに息苦しさ感じてる奴これ見ろ‼️クピタンえろすぎて胸が苦しくて窒息しそうだぞ‼️復帰しろ‼️【Shadowverse: Worlds Beyond】,UCqeAYB1DMzfM-hG-Up52yNQ,つるおかかものはし,['Gaming'],70238,893,0,303
2025-11-28 03:28:17,mdI6LWIe8Og,稲垣潤一 - クリスマスキャロルの頃には (2025.10.11 稲垣潤一コンサート2025  at 板橋区立文化会館),UCapLmxI6gv5WBd3N3sUVG8Q,稲垣潤一 Official,['Music'],9697,768,0,53
2025-11-28 03:28:17,ZjN51G8c5-k,【ドラクエウォーク】根絶やしの竜のソロ安定攻略法！1年前の覇権武器で楽勝でした！,UC9-yZkJfxtg6WNCX5mUQb0w,ノゴローチャンネル,['Gaming'],60055,738,0,27
2025-11-28 03:28:17,G36amiUCkXU,Juice=Juice『盛れ！ミ・アモーレ』(Concert 2025 Queen of Hearts Special Flush),UC6FadPgGviUcq6VQ0CEJqdQ,Juice=Juice,['Music'],520204,29474,0,5795
2025-11-28 03:28:17,YH_PW-Y7LF0,【マリオカートワールド】くさあん1st / #2,UCL7VEatXa9yBCKeM-ww8TnA,NX☆くさあん,['Gaming'],52698,1781,0,97
2025-11-28 03:28:17,u6nhdi1pJWI,"LIBRO ""なかいま feat. 鎮座DOPENESS""",UCxhPsqKunv6674tZcQoEzOg,LIBRO,['Music'],14929,1305,0,62
2025-11-28 03:28:17,eLCjlEYBN3U,課金しまくって放射性ラッキーブロックを100個開けるロブロックス (Roblox),UC9Lx-zRFGfpuls27tNAOIqA,マエスケ,['Gaming'],474624,16597,0,1139
2025-11-28 03:28:17,FuGOa47BBqg,Brand New Episode,UCy2IDlWr4fbdO2dbka98bSg,HACHI - Topic,['Music'],47350,1251,0,15
2025-11-28 03:28:17,dIPZHyTBFz0,『ドラゴンクエストウォーク』の新情報をお届け「スマートウォーク」#131,UCtceiniicYEsbAVuWy-Bi0Q,ドラゴンクエストウォーク公式,['Gaming'],203584,2192,0,271
2025-11-28 03:28:17,tdYPGxusaYs,NiziU 「♡Emotion」 FanCam – MAYUKA ver -,UCHp2q2i85qt_9nn2H7AvGOw,NiziU Official,['Entertainment'],42277,2873,0,155
2025-11-28 03:28:17,oYKdO-eEHg4,MAX80キロの投手がイーファスピッチを覚えたら魔球に!?  球速80キロの投手がクローザーを目指す物語#6【プロスピ2025】【アカgames】,UC5wr1qJKJOrHHK-haeZkfbg,アカgames,['Gaming'],65224,1274,0,233
2025-11-28 03:28:17,Lj1Qi3-zQgg,あの娘は邪惡！,UC5nxCVEWQLLfkPuMylpkYkA,ロス,['Entertainment'],39924,5442,0,162
2025-11-28 03:28:17,uGM14iCUu0w,加藤純一が禁煙失敗した理由【2025/11/26-27】,UCH-lygWpHodDff3iQurnWnQ,加藤純一切り抜き集,['Entertainment'],103828,1009,0,472
2025-11-28 03:28:17,G_oNwC_PjfU,【原神】「強化ウェンティ」は強いのか？先行解説します。性能/武器/聖遺物/PT編成…全てが分かる！【魔導/上方修正】,UCjJmYy279ehSYSwR1A3fXtA,マグロヘッド,['Gaming'],116649,3295,0,372
2025-11-28 03:28:17,Bj6tJxDPzoY,みんなでパンを作って1か所に合流しよう!!(ただし100人に邪魔されながら)【マインクラフト】,UClNdVSK1uy2xFHTaXZYXopw,らっだぁ,['Gaming'],275462,11740,0,321
2025-11-28 03:28:17,4_l1VyTNzrs,【は？】怪しすぎるブレインロットを盗むサーバーに潜入するロブロックス..【ROBLOX】,UCH4yRBPH2pDUjPeqomx8CTQ,てるとくん,['Gaming'],79054,2420,0,1456
2025-11-28 03:28:17,OoLflKFs7YY,【MIMESIS】ヒトの言葉を学習して欺いてくるAIにビビりまくるフブぺこ奏ヴィヴィ【2025.11.26/ホロライブ切り抜き】,UCUbAVVpHteGtGQPPN9lM3oQ,ホロライブ切り抜き/なめたけ,['Entertainment'],128732,3204,0,313
2025-11-28 03:28:17,n7pO7F_kP0k,【原神】エピソード ドゥリン「家族への手紙」,UCAVR6Q0YgYa8xwz8rdg9Mrg,原神-Genshin-公式,['Gaming'],147849,17680,0,610
2025-11-28 03:28:17,2c_b4Q2LIeA,【モンスト】遊戯王コラボ最終決戦は超激ムズの予感！？超究極『闇遊戯』降臨！今年もクリスマスα開催！《ジャックα / パスカルα / ジャヒーα》登場！『★5以上キャラ50%10連ガチャ』開催！【しろ】,UCL72kYW8XK4R61kp1R9K69Q,しろ,['Gaming'],54834,627,0,148
2025-11-28 03:28:17,WVVv8Uyok_U,サビ組さんにはよくしてもらってます｜ポケモンZA #20,UCMzLWawc9x3rUsqYDEfgqzA,ジャック・オ・蘭たん,['Gaming'],160076,5687,0,833
2025-11-28 03:28:17,JoqhTXkGVVk,【返して】歴代ドラゴンのPPブーストを紹介＆Tier格付け【旧シャドバ】,UC0oUS_AySEl6fiYgRgPJJ9g,うさみんみ,['People & Blogs'],28778,1168,0,264
2025-11-26 08:33:17,XILnJKGc0yo,INI｜'U MINE' Performance Video,UCc-itdQHxLvUlPrDxIiSJrA,INI,['Entertainment'],132583,17547,0,3072
2025-11-26 08:33:17,vIUORnIS_ug,ELDEN RING NIGHTREIGN The Forsaken Hollows | Scholar Character Trailer,UC_ntXHv-XdKCD7CPynVvnQw,Bandai Namco Entertainment America,['Gaming'],191475,11062,0,893
2025-11-26 08:33:17,SnCG-_lf74w,今までで一番怖いスーパーマーケット経営『 HELLMART 』,UCMJiPpN_09F0aWpQrgbc_qg,キヨ。,['Gaming'],453566,15779,0,844
2025-11-26 08:33:17,G36amiUCkXU,Juice=Juice『盛れ！ミ・アモーレ』(Concert 2025 Queen of Hearts Special Flush),UC6FadPgGviUcq6VQ0CEJqdQ,Juice=Juice,['Music'],296809,24492,0,4352
2025-11-26 08:33:17,vMg1KAFAKiY,'이게 맞아?! 시즌2' Main Trailer,UCLkAepWjdylmXSltofFvsYQ,BANGTANTV,['Music'],953625,164349,0,8819
2025-11-26 08:33:17,xjUPVppl1DI,4人で協力して本格的な殺人事件を解決に導く『The Case of the Golden Idol』,UCPVr7clenPjpD7WNsSI3UBQ,レトルト,['Gaming'],352386,7833,0,341
2025-11-26 08:33:17,b9z3Iaz5Zrc,ヤングスキニー - るっせぇ女【Official Music Video】,UCcg_rvE-fU2tATMwBAxW9bA,ヤングスキニー,['Music'],23660,2801,0,215
2025-11-26 08:33:17,miySB69T1xw,隠れる場所から作れ！大人たちのガチかくれんぼ【マイクラ】,UCj4PjeVMnNTHIR5EeoNKPAw,ドズル社,['Gaming'],265037,9551,0,395
2025-11-26 08:33:17,TVqEwvbZP30,RIIZE 라이즈 'Fame' MV,UCEf_Bc-KVd7onSeifS3py9g,SMTOWN,['Music'],1691276,97041,0,8517
2025-11-26 08:33:17,ST05E_5kn2E,負けたら自身の全財産公開を賭けた通帳カスタムで勝ったのは・・・【The k4sen Con 2025 DAY 3 Supported by ロリポップ！ for Gamers byGMOペパボ】,UChUjERVG8eKEAJSCef-tTmg,k4sen / かせん,['Gaming'],175984,3571,0,276
2025-11-26 08:33:17,x_RYZsOfpKY,ILLIT (아일릿) 'NOT CUTE ANYMORE’ Official MV,UC3IZKseVpdzPSBaWxBxundA,HYBE LABELS,['Music'],6628965,264686,0,16689
2025-11-26 08:33:17,fiSsGbfus6I,うんこちゃんのイナズマイレブン 英雄たちのヴィクトリーロード 実況プレイPart4※ネタバレ注意,UCx1nAvtVDIsaGmCMSe8ofsQ,加藤純一【jun channel】,['Gaming'],219550,1822,0,1135
2025-11-26 08:33:17,ScutqxM3z_s,Hi-STANDARD - Our Song - OFFICIAL MUSIC VIDEO,UCrQUlOEbu-0T0l4DAcBEeIg,pizzaofdeathofficial,['Music'],96089,6012,0,360
2025-11-26 08:33:17,z-aco1hi0Iw,新キャラくま＆ボニー100レべフルブ初見リーグ！最強火力のワンパンし放題！【バウンティラッシュ】,UCdkVEDVAW5aFmA-Mkz0lAFQ,ひたまゆ。,['Gaming'],126859,1570,0,252
2025-11-26 08:33:17,7bqePXphj2g,乃木坂46『夢の匂い』MUSIC VIDEO,UCUzpZpX2wRYOk3J8QTFGxDg,乃木坂46 OFFICIAL YouTube CHANNEL,['Music'],217831,16716,0,1466
2025-11-26 08:33:17,hn17tmdaAzQ,「ストリートファイターリーグ: Pro-JP 2025」Division F 第10節　☆☆18時40分より初心者必見！SFリーグ: ウォームアップ☆☆,UCu2Fxqf37DAZ0ZhIsd1FZwA,Capcom Fighters JP,['Gaming'],654353,6263,0,70
2025-11-26 08:33:17,JkKNqaEl9Aw,"NEXZ(넥스지) ""Legacy"" Performance Video",UCaO6TYtlC8U5ttz62hTrZgg,JYP Entertainment,['Music'],61910,13730,0,1381
2025-11-26 08:33:17,dmBAMwBBxoM,いいんですか？こんな神イベント｜ポケモンZA #19,UCMzLWawc9x3rUsqYDEfgqzA,ジャック・オ・蘭たん,['Gaming'],72497,3127,0,315
2025-11-26 08:33:17,dx4XsqUGm10,MAZZEL / Only You -Dance Practice-,UCMF_5h2OejEhVorTB02UUSg,MAZZEL,['Music'],156156,17191,0,1300
2025-11-26 08:33:17,fCDvm0Y3qkw,【 GTAV 】歌鬼ごっこ‼１曲歌い終わるまでリスナーから逃げ切れええええええええ‼🔥【ホロライブ/さくらみこ】,UC-hM6YJuNYVAmUWxeIr9FeA,Miko Ch. さくらみこ,['Gaming'],269133,14729,0,136
2025-11-26 08:33:17,4Xt_hR0KNvY,IS:SUE (イッシュ) 'Super Luna' Performance Video,UCqKNMJ5s_vsf7WkesdBrvQA,IS:SUE,['Music'],123255,10875,0,2056
2025-11-26 08:33:17,ITQYMtkP23E,【パチスロ生配信】前日出てるラス1ヴヴヴ2で勝負っ!!【革命機ヴァルヴレイヴ2】,UCdCC1L_OxLrkoEjR19iXpRw,パチスロードch,['Entertainment'],289689,1385,0,0
2025-11-26 08:33:17,JrI4_jUZe98,SEVENTEEN | THE SMURFS (세븐틴 | 스머프) Ver. '음악의 신' Official MV,UCfkXDY7vwkcJ8ddFGz8KusA,SEVENTEEN,['Music'],160696,36056,0,1615
2025-11-26 08:33:17,6ixvIIIxwlk,【深夜にパチ配信】東京グールとかのかりとエヴァ15って本当に継続率合ってる？生実践LIVE！パチスロパチンコライブ,UCDhOdoqPxv96djR3tSq9NoA,ショコラ大佐の秘密基地,['Entertainment'],103711,1070,0,0
2025-11-26 08:33:17,gSXQd_5ht0E,【DANCE VIDEO】君セン！ / iLiFE! 【振り動画】,UChVflUz2J_jaaqYjXqvpmQA,iLiFE!【あいらいふ】,['Music'],479218,22063,0,1023
2025-11-26 08:33:17,xx3ZTvOhNoM,【#8】ゼルダの伝説 神々のトライフォース：The Legend of Zelda: A Link to the Past【ホロライブ/大空スバル】,UCvzGlP9oQwU--Y0r9id_jnA,Subaru Ch. 大空スバル,['Gaming'],202445,7755,0,52
2025-11-26 08:33:17,j-8vLi2sMg0,【歌ってみた】星の消えた夜に / covered by Nornis【戌亥とこ/町田ちま/にじさんじ】,UCxWcO9CLti4uouUIS5IIF-Q,Nornis,['Music'],33645,4699,0,69
2025-11-26 08:33:17,aHKMl9HVqZQ,究極の財宝【龍が如く８外伝 Pirates in Hawaii】＃４２,UCZMRuagdTBKmmrFtSMN48Xw,牛沢,['Gaming'],103999,3534,0,315
2025-11-26 08:33:17,eHmQ_b0LkUA,"Stray Kids ""Do It (Turbo Version)"" Lyric Visualizer",UC9rMiEjNaCSsebs31MRDCRA,Stray Kids,['Music'],327777,80780,0,3134
2025-11-26 08:33:17,e0okJjgNTl0,【今年−294万】エヴァンゲリオン未来への咆哮パチンコライブ配信,UCYe_uTI6X6mm9qaXm8iWFDg,ノッチ配信者パチンコライブ,['Entertainment'],290978,2706,0,5
2025-11-26 08:33:17,CZP11p3DklQ,軌跡,UC8_Ag6BVp43Vmrx6eillK9g,Vaundy - Topic,['Music'],13720,1341,0,74
2025-11-26 08:33:17,iKVcCmyqoik,『刀剣乱舞ONLINE』新刀剣男士 三郎国宗(さぶろうくにむね) 登場！,UC56x--_QtyaWD1QptYrPMqA,刀剣乱舞 公式チャンネル,['Gaming'],72542,5234,0,203
2025-11-26 08:33:17,Gln8wDtITJ4,Kay-on - SHIN GODZILLA (Official Video),UCdszfKemUn36sOEplfkiGVQ,GPV LABEL,['Music'],27144,1910,0,166
2025-11-26 08:33:17,A3Ki9cI9T9w,任天堂とファンが激怒...新作エアライダーにコックカワサキマイクロビキニという謎のミームが登場して海外でもニュースに/コエテクさんがライザのASMRを販売して爆売れ/チーターを晒し首にした運営が話題に,UCWvr04hMa4k4wSilYcQ4qoA,キャベツの人【ゲーム紹介】,['Gaming'],63555,1778,0,436
2025-11-26 08:33:17,I52yC34Ji2k,YENA「STAR! (feat. Hatsune Miku)」 Music Video,UC4YT50DP7hbMsor8FmyEPMw,Victor Entertainment,['Music'],52863,13695,0,751
2025-11-26 08:33:17,BsyEN86cR0U,プロジェクトセカイ プロセカ放送局 #26,UCdMGYXL38w6htx6Yf9YJa-w,プロジェクトセカイ カラフルステージ! feat. 初音ミク,['Gaming'],223581,7077,0,62
2025-11-26 08:33:17,MRYXsF2lblY,RIIZE 'Sticky Like' (Official Audio),UCdVD0MsYecQaIE5Ru-pOIQQ,RIIZE,['Music'],177018,17598,0,967
2025-11-26 08:33:17,Gth1zEFH2TM,タグNXで『もあ』『B!KZO』とプルス戦に挑むNX☆くさあん【切り抜き】【マリオカート ワールド】,UCL7VEatXa9yBCKeM-ww8TnA,NX☆くさあん,['Gaming'],71787,1699,0,48
2025-11-26 08:33:17,qEGsMTo-adg,アンジュルム『午後3時スクランブル』～Dance Practice Ver.～,UCDwcZ85zjLKD-3-jqlv1wQQ,アンジュルム,['Music'],17637,1636,0,198
2025-11-26 08:33:17,P0OLVEm0pfM,【実機配信】 ＣＲぱちんこ仮面ライダーＶ3 #パチンコ実機 #仮面ライダーv3,UCx-QS9BIo_L_lx5dkpys1qw,ねこまんまのパチ•チャンネル,['Entertainment'],65837,193,0,0
2025-11-26 08:33:17,HP8qpxRpIW8,NOT CUTE ANYMORE,UCNVIo0UJXTdEnsRkCB9Q03w,ILLIT - Topic,['Music'],436635,24132,0,874
2025-11-26 08:33:17,Zvh5BE2Guik,【ARC Raiders】Imagine / 想像してごらん【ホロライブ/兎田ぺこら】,UC1DCedRgGHBdm81E1llLhOQ,Pekora Ch. 兎田ぺこら,['Gaming'],243003,10615,0,160
2025-11-26 08:33:17,NIGA89HGTBU,'Talk to You' Performance Video | NO LABELS: PART 01 | 연준 (YEONJUN),UCtiObj3CsEAdNU6ZPWDsddQ,TOMORROW X TOGETHER OFFICIAL,['Music'],179572,16341,0,814
2025-11-26 08:33:17,DSPV0RT3BJI,超ドラゴンクエストXTV #55 バージョン7.6[前期]最新情報,UC6SmH9mR82nj28_NNg_rZvA,スクウェア・エニックス,['Gaming'],67609,,0,
2025-11-26 08:33:17,L6tkKvVCs0Y,【MV】どーでもいいよ／まふまふ,UCOTR1tcOAhjgi6YukrPpZxg,まふまふちゃんねる,['Music'],125289,12435,0,567
2025-11-26 08:33:17,NkHjY_EaCgY,遂に完成した歴代最強マンチェスターユナイテッドスカッドが強すぎて魔王【eFootball2026アプリ】,UC070fhnqq38qNhqHm5rxTcQ,令和ちゃんねる,['Gaming'],69549,1345,0,94
2025-11-26 08:33:17,OWpLhNyqeqg,Novelbright - 夢花火 [Official Live Video],UCIJAlAYCNN8RACtDDsy9K6g,Novelbright,['Music'],59846,4441,0,418
2025-11-26 08:33:17,GJMOK14mB2c,全員の物資を蓄えてた馬鹿を制裁します 懐クラフト #12,UCoQhX2O93MVTWfgIz-8wOmg,KUNの50人クラフト,['Gaming'],93294,2468,0,138
2025-11-26 08:33:17,vQ_NFqtGDgo,Aiobahn & TAK feat. 初音ミク - DIVA (Official Music Video),UC9qSqkNFiByKzzoxT3Cydyw,Aiobahn,['Music'],40094,11012,0,541
2025-11-26 08:33:17,6kWw9Nn4dIY,【Shadow Corridor】三姉妹ホラーゲーム実況【第二夜 -ヒグラシの回廊-】,UCAWxPGGuIfWME2KTLUmSCHw,ぱかチューブっ!【ウマ娘公式】,['Gaming'],84043,4836,0,293
2025-11-26 07:40:38,XILnJKGc0yo,INI｜'U MINE' Performance Video,UCc-itdQHxLvUlPrDxIiSJrA,INI,['Entertainment'],129834,17207,0,3025
2025-11-26 07:40:38,vIUORnIS_ug,ELDEN RING NIGHTREIGN The Forsaken Hollows | Scholar Character Trailer,UC_ntXHv-XdKCD7CPynVvnQw,Bandai Namco Entertainment America,['Gaming'],178685,10719,0,873
2025-11-26 07:40:38,SnCG-_lf74w,今までで一番怖いスーパーマーケット経営『 HELLMART 』,UCMJiPpN_09F0aWpQrgbc_qg,キヨ。,['Gaming'],446203,15570,0,832
2025-11-26 07:40:38,G36amiUCkXU,Juice=Juice『盛れ！ミ・アモーレ』(Concert 2025 Queen of Hearts Special Flush),UC6FadPgGviUcq6VQ0CEJqdQ,Juice=Juice,['Music'],294614,24344,0,4335
2025-11-26 07:40:38,vMg1KAFAKiY,'이게 맞아?! 시즌2' Main Trailer,UCLkAepWjdylmXSltofFvsYQ,BANGTANTV,['Music'],950489,163971,0,8800
2025-11-26 07:40:38,xjUPVppl1DI,4人で協力して本格的な殺人事件を解決に導く『The Case of the Golden Idol』,UCPVr7clenPjpD7WNsSI3UBQ,レトルト,['Gaming'],346036,7710,0,338
2025-11-26 07:40:38,TVqEwvbZP30,RIIZE 라이즈 'Fame' MV,UCEf_Bc-KVd7onSeifS3py9g,SMTOWN,['Music'],1686377,96655,0,8461
2025-11-26 07:40:38,miySB69T1xw,隠れる場所から作れ！大人たちのガチかくれんぼ【マイクラ】,UCj4PjeVMnNTHIR5EeoNKPAw,ドズル社,['Gaming'],259707,9399,0,392
2025-11-26 07:40:38,b9z3Iaz5Zrc,ヤングスキニー - るっせぇ女【Official Music Video】,UCcg_rvE-fU2tATMwBAxW9bA,ヤングスキニー,['Music'],21884,2616,0,209
2025-11-26 07:40:38,ST05E_5kn2E,負けたら自身の全財産公開を賭けた通帳カスタムで勝ったのは・・・【The k4sen Con 2025 DAY 3 Supported by ロリポップ！ for Gamers byGMOペパボ】,UChUjERVG8eKEAJSCef-tTmg,k4sen / かせん,['Gaming'],174083,3532,0,274
2025-11-26 07:40:38,x_RYZsOfpKY,ILLIT (아일릿) 'NOT CUTE ANYMORE’ Official MV,UC3IZKseVpdzPSBaWxBxundA,HYBE LABELS,['Music'],6602680,263232,0,16639
2025-11-26 07:40:38,fiSsGbfus6I,うんこちゃんのイナズマイレブン 英雄たちのヴィクトリーロード 実況プレイPart4※ネタバレ注意,UCx1nAvtVDIsaGmCMSe8ofsQ,加藤純一【jun channel】,['Gaming'],217423,1815,0,1136
2025-11-26 07:40:38,ScutqxM3z_s,Hi-STANDARD - Our Song - OFFICIAL MUSIC VIDEO,UCrQUlOEbu-0T0l4DAcBEeIg,pizzaofdeathofficial,['Music'],93818,5903,0,358
2025-11-26 07:40:38,z-aco1hi0Iw,新キャラくま＆ボニー100レべフルブ初見リーグ！最強火力のワンパンし放題！【バウンティラッシュ】,UCdkVEDVAW5aFmA-Mkz0lAFQ,ひたまゆ。,['Gaming'],125395,1561,0,251
2025-11-26 07:40:38,7bqePXphj2g,乃木坂46『夢の匂い』MUSIC VIDEO,UCUzpZpX2wRYOk3J8QTFGxDg,乃木坂46 OFFICIAL YouTube CHANNEL,['Music'],216971,16651,0,1464
2025-11-26 07:40:38,hn17tmdaAzQ,「ストリートファイターリーグ: Pro-JP 2025」Division F 第10節　☆☆18時40分より初心者必見！SFリーグ: ウォームアップ☆☆,UCu2Fxqf37DAZ0ZhIsd1FZwA,Capcom Fighters JP,['Gaming'],651327,6237,0,64
2025-11-26 07:40:38,llAI08UYyAw,"Stray Kids ""Do It (Overdrive Version)"" M/V",UCaO6TYtlC8U5ttz62hTrZgg,JYP Entertainment,['Music'],2268686,327140,0,10412
2025-11-26 07:40:38,fCDvm0Y3qkw,【 GTAV 】歌鬼ごっこ‼１曲歌い終わるまでリスナーから逃げ切れええええええええ‼🔥【ホロライブ/さくらみこ】,UC-hM6YJuNYVAmUWxeIr9FeA,Miko Ch. さくらみこ,['Gaming'],267121,14660,0,129
2025-11-26 07:40:38,dx4XsqUGm10,MAZZEL / Only You -Dance Practice-,UCMF_5h2OejEhVorTB02UUSg,MAZZEL,['Music'],155400,17140,0,1293
2025-11-26 07:40:38,ITQYMtkP23E,【パチスロ生配信】前日出てるラス1ヴヴヴ2で勝負っ!!【革命機ヴァルヴレイヴ2】,UCdCC1L_OxLrkoEjR19iXpRw,パチスロードch,['Entertainment'],289650,1385,0,0
2025-11-26 07:40:38,4Xt_hR0KNvY,IS:SUE (イッシュ) 'Super Luna' Performance Video,UCqKNMJ5s_vsf7WkesdBrvQA,IS:SUE,['Music'],122512,10817,0,2036
2025-11-26 07:40:38,dmBAMwBBxoM,いいんですか？こんな神イベント｜ポケモンZA #19,UCMzLWawc9x3rUsqYDEfgqzA,ジャック・オ・蘭たん,['Gaming'],69468,2991,0,311
2025-11-26 07:40:38,JrI4_jUZe98,SEVENTEEN | THE SMURFS (세븐틴 | 스머프) Ver. '음악의 신' Official MV,UCfkXDY7vwkcJ8ddFGz8KusA,SEVENTEEN,['Music'],153769,34118,0,1558
2025-11-26 07:40:38,6ixvIIIxwlk,【深夜にパチ配信】東京グールとかのかりとエヴァ15って本当に継続率合ってる？生実践LIVE！パチスロパチンコライブ,UCDhOdoqPxv96djR3tSq9NoA,ショコラ大佐の秘密基地,['Entertainment'],103643,1070,0,0
2025-11-26 07:40:38,gSXQd_5ht0E,【DANCE VIDEO】君セン！ / iLiFE! 【振り動画】,UChVflUz2J_jaaqYjXqvpmQA,iLiFE!【あいらいふ】,['Music'],476081,22011,0,1023
2025-11-26 07:40:38,xx3ZTvOhNoM,【#8】ゼルダの伝説 神々のトライフォース：The Legend of Zelda: A Link to the Past【ホロライブ/大空スバル】,UCvzGlP9oQwU--Y0r9id_jnA,Subaru Ch. 大空スバル,['Gaming'],200913,7728,0,50
2025-11-26 07:40:38,eHmQ_b0LkUA,"Stray Kids ""Do It (Turbo Version)"" Lyric Visualizer",UC9rMiEjNaCSsebs31MRDCRA,Stray Kids,['Music'],319016,79711,0,3117
2025-11-26 07:40:38,e0okJjgNTl0,【今年−294万】エヴァンゲリオン未来への咆哮パチンコライブ配信,UCYe_uTI6X6mm9qaXm8iWFDg,ノッチ配信者パチンコライブ,['Entertainment'],290875,2706,0,5
2025-11-26 07:40:38,j-8vLi2sMg0,【歌ってみた】星の消えた夜に / covered by Nornis【戌亥とこ/町田ちま/にじさんじ】,UCxWcO9CLti4uouUIS5IIF-Q,Nornis,['Music'],32745,4556,0,69
2025-11-26 07:40:38,aHKMl9HVqZQ,究極の財宝【龍が如く８外伝 Pirates in Hawaii】＃４２,UCZMRuagdTBKmmrFtSMN48Xw,牛沢,['Gaming'],102948,3494,0,314
2025-11-26 07:40:38,Gln8wDtITJ4,Kay-on - SHIN GODZILLA (Official Video),UCdszfKemUn36sOEplfkiGVQ,GPV LABEL,['Music'],26938,1868,0,165
2025-11-26 07:40:38,iKVcCmyqoik,『刀剣乱舞ONLINE』新刀剣男士 三郎国宗(さぶろうくにむね) 登場！,UC56x--_QtyaWD1QptYrPMqA,刀剣乱舞 公式チャンネル,['Gaming'],72233,5200,0,202
2025-11-26 07:40:38,CZP11p3DklQ,軌跡,UC8_Ag6BVp43Vmrx6eillK9g,Vaundy - Topic,['Music'],11719,1151,0,71
2025-11-26 07:40:38,BsyEN86cR0U,プロジェクトセカイ プロセカ放送局 #26,UCdMGYXL38w6htx6Yf9YJa-w,プロジェクトセカイ カラフルステージ! feat. 初音ミク,['Gaming'],222730,7042,0,60
2025-11-26 07:40:38,I52yC34Ji2k,YENA「STAR! (feat. Hatsune Miku)」 Music Video,UC4YT50DP7hbMsor8FmyEPMw,Victor Entertainment,['Music'],47312,12441,0,720
2025-11-26 07:40:38,P0OLVEm0pfM,【実機配信】 ＣＲぱちんこ仮面ライダーＶ3 #パチンコ実機 #仮面ライダーv3,UCx-QS9BIo_L_lx5dkpys1qw,ねこまんまのパチ•チャンネル,['Entertainment'],65832,193,0,0
2025-11-26 07:40:38,MRYXsF2lblY,RIIZE 'Sticky Like' (Official Audio),UCdVD0MsYecQaIE5Ru-pOIQQ,RIIZE,['Music'],176569,17571,0,964
2025-11-26 07:40:38,Zvh5BE2Guik,【ARC Raiders】Imagine / 想像してごらん【ホロライブ/兎田ぺこら】,UC1DCedRgGHBdm81E1llLhOQ,Pekora Ch. 兎田ぺこら,['Gaming'],242651,10590,0,151
2025-11-26 07:40:38,HP8qpxRpIW8,NOT CUTE ANYMORE,UCNVIo0UJXTdEnsRkCB9Q03w,ILLIT - Topic,['Music'],430185,23763,0,869
2025-11-26 07:40:38,Gth1zEFH2TM,タグNXで『もあ』『B!KZO』とプルス戦に挑むNX☆くさあん【切り抜き】【マリオカート ワールド】,UCL7VEatXa9yBCKeM-ww8TnA,NX☆くさあん,['Gaming'],70560,1673,0,47
2025-11-26 07:40:38,qEGsMTo-adg,アンジュルム『午後3時スクランブル』～Dance Practice Ver.～,UCDwcZ85zjLKD-3-jqlv1wQQ,アンジュルム,['Music'],17428,1622,0,197
2025-11-26 07:40:38,DSPV0RT3BJI,超ドラゴンクエストXTV #55 バージョン7.6[前期]最新情報,UC6SmH9mR82nj28_NNg_rZvA,スクウェア・エニックス,['Gaming'],66998,,0,
2025-11-26 07:40:38,L6tkKvVCs0Y,【MV】どーでもいいよ／まふまふ,UCOTR1tcOAhjgi6YukrPpZxg,まふまふちゃんねる,['Music'],124242,12391,0,565
2025-11-26 07:40:38,A3Ki9cI9T9w,任天堂とファンが激怒...新作エアライダーにコックカワサキマイクロビキニという謎のミームが登場して海外でもニュースに/コエテクさんがライザのASMRを販売して爆売れ/チーターを晒し首にした運営が話題に,UCWvr04hMa4k4wSilYcQ4qoA,キャベツの人【ゲーム紹介】,['Gaming'],60544,1703,0,411
2025-11-26 07:40:38,NIGA89HGTBU,'Talk to You' Performance Video | NO LABELS: PART 01 | 연준 (YEONJUN),UCtiObj3CsEAdNU6ZPWDsddQ,TOMORROW X TOGETHER OFFICIAL,['Music'],160775,15938,0,801
2025-11-26 07:40:38,NkHjY_EaCgY,遂に完成した歴代最強マンチェスターユナイテッドスカッドが強すぎて魔王【eFootball2026アプリ】,UC070fhnqq38qNhqHm5rxTcQ,令和ちゃんねる,['Gaming'],67902,1317,0,92
2025-11-26 07:40:38,OWpLhNyqeqg,Novelbright - 夢花火 [Official Live Video],UCIJAlAYCNN8RACtDDsy9K6g,Novelbright,['Music'],59376,4421,0,418
2025-11-26 07:40:38,GJMOK14mB2c,全員の物資を蓄えてた馬鹿を制裁します 懐クラフト #12,UCoQhX2O93MVTWfgIz-8wOmg,KUNの50人クラフト,['Gaming'],92585,2447,0,138
2025-11-26 07:40:38,eWetBwa4vVI,Jinmenusagi - NEET (Official Video),UCC4xWbcBVn-tHgchhrdmFpg,Jinmenusagi,['Music'],19301,1657,0,109
2025-11-26 07:40:38,6kWw9Nn4dIY,【Shadow Corridor】三姉妹ホラーゲーム実況【第二夜 -ヒグラシの回廊-】,UCAWxPGGuIfWME2KTLUmSCHw,ぱかチューブっ!【ウマ娘公式】,['Gaming'],82587,4780,0,291
2025-11-27 12:34:41,StcmgD_0aRI,モニタリング Cover / Gero,UCFuugQScqDfJcsOEWbL1_tg,Gero Channel,['Music'],97993,10353,0,2530
2025-11-27 12:34:41,vIUORnIS_ug,ELDEN RING NIGHTREIGN The Forsaken Hollows | Scholar Character Trailer,UC_ntXHv-XdKCD7CPynVvnQw,Bandai Namco Entertainment America,['Gaming'],329532,13750,0,1037
2025-11-27 12:34:41,dIPZHyTBFz0,『ドラゴンクエストウォーク』の新情報をお届け「スマートウォーク」#131,UCtceiniicYEsbAVuWy-Bi0Q,ドラゴンクエストウォーク公式,['Gaming'],189711,2098,0,259
2025-11-27 12:34:41,b9z3Iaz5Zrc,ヤングスキニー - るっせぇ女【Official Music Video】,UCcg_rvE-fU2tATMwBAxW9bA,ヤングスキニー,['Music'],112069,5963,0,307
2025-11-27 12:34:41,NUSpibeVoO0,失われたチャプター: ユキの復讐 | ティザートレーラー,UCwF6o6cF7BMTY1-OZ7ZUY7Q,フォートナイト 公式,['Gaming'],14977,642,0,58
2025-11-27 12:34:41,8gAg9uDn2Oo,体力と手持ちが共有の世界で全員合流するまで終われません！ミニミニ編【マイクラ】,UCj4PjeVMnNTHIR5EeoNKPAw,ドズル社,['Gaming'],320309,12080,0,470
2025-11-27 12:34:41,VWg0218G38c,現在がとんでもなく悲惨な事になってるYouTuber4選,UCHvFSU5OP6c7QcJxIr87YtA,ウタエル Utael,['Entertainment'],106163,1229,0,217
2025-11-27 12:34:41,eLCjlEYBN3U,課金しまくって放射性ラッキーブロックを100個開けるロブロックス (Roblox),UC9Lx-zRFGfpuls27tNAOIqA,マエスケ,['Gaming'],335511,13462,0,1001
2025-11-27 12:34:41,XILnJKGc0yo,INI｜'U MINE' Performance Video,UCc-itdQHxLvUlPrDxIiSJrA,INI,['Entertainment'],230288,20225,0,3589
2025-11-27 12:34:41,Bj6tJxDPzoY,みんなでパンを作って1か所に合流しよう!!(ただし100人に邪魔されながら)【マインクラフト】,UClNdVSK1uy2xFHTaXZYXopw,らっだぁ,['Gaming'],213336,9963,0,290
2025-11-27 12:34:41,ES9oYbzYCh8,ILLIT (아일릿) 'NOT CUTE ANYMORE’ Performance Film,UC3IZKseVpdzPSBaWxBxundA,HYBE LABELS,['Music'],378530,53402,0,1680
2025-11-27 12:34:41,kSmHmdAnDYc,【原神】限定★５「ドゥリン」は強いのか？先行解説します。性能/武器/聖遺物/PT編成/凸orモチーフ…全てが分かる！,UCjJmYy279ehSYSwR1A3fXtA,マグロヘッド,['Gaming'],221648,6466,0,806
2025-11-27 12:34:41,Am2ElEWNvTY,LEX - 完璧だ (Music Video),UCeTo4Eh0TzpKbUL4vGQZ73A,LEX *,['People & Blogs'],54480,3261,0,183
2025-11-27 12:34:41,SnCG-_lf74w,今までで一番怖いスーパーマーケット経営『 HELLMART 』,UCMJiPpN_09F0aWpQrgbc_qg,キヨ。,['Gaming'],858882,22190,0,1050
2025-11-27 12:34:41,AfKzB2lXo7I,SLAVE (Nissy Entertainment “Re:10th Anniversary Final” BEST DOME TOUR),UCkv76wCrBDQNn7ctcbn6Qeg,Nissy - Topic,['Music'],10689,620,0,46
2025-11-27 12:34:41,WVVv8Uyok_U,サビ組さんにはよくしてもらってます｜ポケモンZA #20,UCMzLWawc9x3rUsqYDEfgqzA,ジャック・オ・蘭たん,['Gaming'],101282,4605,0,756
2025-11-27 12:34:41,hcJEQXJIALo,ONE N' ONLY／ “RIDE” Music Video,UC8Qwnts13zIh2EYUCau6m3w,ONE N' ONLY TV,['Entertainment'],27044,3630,0,550
2025-11-27 12:34:41,tLBq_jH5FDI,"【㊗️ 6周年】""""ポケモン剣盾""""のハイレベルすぎる神試合が激アツすぎたwww【対戦者本人解説あり】",UCmnZL4tFRl4sm-uJOxTLHmg,今日ポケch.,['Gaming'],98190,1535,0,160
2025-11-27 12:34:41,5-o_tvuKSfM,【Official】Uru 「愛」,UCdPCarwi28K5Z7s5l2nMiLw,Uru Official YouTube Channel,['Music'],47560,3411,0,144
2025-11-27 12:34:41,S0UEqkus7FA,【ミメシス】声と行動を真似するニセモノに騙されないように生き残る！！ぺこ！【ホロライブ/兎田ぺこら】,UC1DCedRgGHBdm81E1llLhOQ,Pekora Ch. 兎田ぺこら,['Gaming'],304288,12258,0,228
2025-11-27 12:34:41,G36amiUCkXU,Juice=Juice『盛れ！ミ・アモーレ』(Concert 2025 Queen of Hearts Special Flush),UC6FadPgGviUcq6VQ0CEJqdQ,Juice=Juice,['Music'],433847,27691,0,5209
2025-11-27 12:34:41,w0ZQp2CmHHw,庭を埋め尽くす大量の落ち葉を掃除するゲーム,UChn5TjkeEqd-JxzizMVSkOw,ハヤトの野望,['Gaming'],123905,2195,0,205
2025-11-27 12:34:41,5UBc2gXGwKc,Seishun Rock 'n' roll,UC3PFoXZPFJGy9F4PG84nNQQ,Soala - Topic,['Music'],13235,267,0,9
2025-11-27 12:34:41,DyINvuS9P34,最強のマシンを進化させるマインクラフト【 マイクラ / マインクラフト 】,UCHazKLThRbMyMFu2bVAKhng,ウォーターチャレンジ,['Gaming'],178123,2400,0,49
2025-11-27 12:34:41,JkKNqaEl9Aw,"NEXZ(넥스지) ""Legacy"" Performance Video",UCaO6TYtlC8U5ttz62hTrZgg,JYP Entertainment,['Music'],260295,20578,0,1841
2025-11-27 12:34:41,2j2jXv6Juxc,初心者 vs. プロ：最強のピリジャー刑務所作り対決,UCM3yhFc0-fBFuvqx1Vg2YNQ,まいぜんシスターズ,['Gaming'],152055,2149,0,79
2025-11-27 12:34:41,qRUIGsTq-kU,NiziU 「♡Emotion」 FanCam – AYAKA ver -,UCHp2q2i85qt_9nn2H7AvGOw,NiziU Official,['Entertainment'],17464,2137,0,206
2025-11-27 12:34:41,5eHGs7lX09s,うんこちゃんのイナズマイレブン 英雄たちのヴィクトリーロード 実況プレイPart5※ネタバレ注意,UCx1nAvtVDIsaGmCMSe8ofsQ,加藤純一【jun channel】,['Gaming'],56217,864,0,769
2025-11-27 12:34:41,TVqEwvbZP30,RIIZE 라이즈 'Fame' MV,UCEf_Bc-KVd7onSeifS3py9g,SMTOWN,['Music'],5742402,108212,0,10723
2025-11-27 12:34:41,LcpCd9VXGjE,【パチスロ生配信】今日もヴァル2や!!そろそろ高設定台を打ちたい!!【革命機ヴァルヴレイヴ2】,UCdCC1L_OxLrkoEjR19iXpRw,パチスロードch,['Entertainment'],334080,1571,0,0
2025-11-27 12:34:41,ScutqxM3z_s,Hi-STANDARD - Our Song - OFFICIAL MUSIC VIDEO,UCrQUlOEbu-0T0l4DAcBEeIg,pizzaofdeathofficial,['Music'],192750,8308,0,472
2025-11-27 12:34:41,3-caLm2c1XI,これがエスペランサの財宝だ！！【龍が如く８外伝 Pirates in Hawaii】＃４３,UCZMRuagdTBKmmrFtSMN48Xw,牛沢,['Gaming'],130336,3961,0,498
2025-11-27 12:34:41,b1OwvLh8HnU,FMP,UCMR5xpbhv3jzIQG1TOTg-Jg,B'z - Topic,['Music'],19827,370,0,8
2025-11-27 12:34:41,OeMmb--HE6k,【MIMESIS】叶カンパニー、出勤します。【にじさんじ/ローレン・イロアス】,UCgmFrRcyH7d1zR9sIVQhFow,ローレン・イロアス / Lauren Iroas【にじさんじ】,['Gaming'],172917,4571,0,62
2025-11-27 12:34:41,kux5GmbZhVg,メロリ,UCpYHkc4rzWEW7iVXIyxQebA,Hey! Say! JUMP - Topic,['Music'],17569,950,0,20
2025-11-27 12:34:41,xjUPVppl1DI,4人で協力して本格的な殺人事件を解決に導く『The Case of the Golden Idol』,UCPVr7clenPjpD7WNsSI3UBQ,レトルト,['Gaming'],600256,10567,0,446
2025-11-27 12:34:41,CZP11p3DklQ,軌跡,UC8_Ag6BVp43Vmrx6eillK9g,Vaundy - Topic,['Music'],97794,3342,0,139
2025-11-27 12:34:41,SzFd7Tmq7pU,【 Minecraft 】本番まであと３日！隠れオーナーつくる！！！- ラムベガス／LAMB VEGAS -【角巻わため/ホロライブ４期生】,UCqm3BQLlJfvkTsX_hvm0UmA,Watame Ch. 角巻わため,['Gaming'],182773,9766,0,45
2025-11-27 12:34:41,9jrVtT2nPgQ,【歌ってみた】革命道中 - アイナ・ジ・エンド covered by 明透,UCBLGjbYv6-xxju1i44RjnnA,明透 -ᴀsᴜ-,['Music'],29860,4260,0,99
2025-11-27 12:34:41,ineS6XL0vc8,カオスを極める「カービィのエアライダー」が面白すぎる,UCc-PPk-lNe34JaWCcJQCL0g,ドコムスチャンネル,['Gaming'],87294,2231,0,83
2025-11-27 12:34:41,CXcBo03He2A,ミジ子の恋,UCDBdcJ3JIg2sjDg8QR3xp-g,Iyowa - Topic,['Music'],15680,2367,0,137
2025-11-27 12:34:41,nzbbL07maKA,【Among Us#304】ここが地獄ですか？超波動砲にロケットに人外が跋扈するアモングアス【ゆっくり実況】,UCy0DH4rgPPjDWVZO7wibcSQ,めめんともり,['Gaming'],125833,6619,0,270
2025-11-27 12:34:41,Lj1Qi3-zQgg,あの娘は邪惡！,UC5nxCVEWQLLfkPuMylpkYkA,ロス,['Entertainment'],22873,4054,0,139
2025-11-27 12:34:41,bZ2eyQcJ49o,"今までガチで使った事ない選手！！こんだけ課金してる俺がGET出来ない""この選手""とは！？【プロスピA】# 1757",UCy9GuRXGTm8TliQ-OJ7KwzA,【V.I.P】,['Gaming'],156771,2612,0,373
2025-11-27 12:34:41,T8w3L1rS3o4,澤野弘之『EARth』Music Video,UCpT4syVopfBl2bATVfAt65g,澤野弘之 / SawanoHiroyuki[nZk],['Music'],54342,3590,0,99
2025-11-27 12:34:41,Em805jfRVXs,唯一無二すぎるプレイヤーと対戦し、そのスタイルに感動すら覚えるカワノ【スト6】,UCzRzPAT-AjlPyec5yXG974g,カワノKawano,['Gaming'],263983,4926,0,578
2025-11-27 12:34:41,Kc7TkgWiWrc,Kiseki No Younakoto,UCof7dOTnyxaidkKkcIFuflQ,Mone Kamishiraishi - Topic,['Music'],31460,1001,0,38
2025-11-27 12:34:41,IrxoY7JdJY0,MIMESIS | さ～て！今回のお仕事は～？？ w/星川 ローレン 樋口さん（叶カンパニー）【にじさんじ/叶】,UCspv01oxUFf_MTSipURRhkA,Kanae Channel,['Entertainment'],130281,,0,40
2025-11-27 12:34:41,Iz7mRKij2ao,GLAY「Dead Or Alive」 / アニメ『終末のワルキューレIII』オープニングテーマ Teaser2,UC1DqlLj1onQhBfxW81OgQTw,GLAY,['Entertainment'],9462,612,0,22
2025-11-27 12:34:41,NDommbpC80U,【ミメシス】キッズすぎる合言葉に笑っていたら声を真似してくるAIがそっくりすぎて恐怖するぺこらとヴィヴィとフブキと奏【ホロライブ切り抜き/兎田ぺこら/白上フブキ/音乃瀬奏/綺々羅々ヴィヴィ】,UCrKna8EQAd7NPRYq-gIsuow,ホロライ部【ホロライブ切り抜き】,['Gaming'],123196,1610,0,196
2025-11-27 16:20:49,StcmgD_0aRI,モニタリング Cover / Gero,UCFuugQScqDfJcsOEWbL1_tg,Gero Channel,['Music'],107294,10935,0,2596
2025-11-27 16:20:49,vIUORnIS_ug,ELDEN RING NIGHTREIGN The Forsaken Hollows | Scholar Character Trailer,UC_ntXHv-XdKCD7CPynVvnQw,Bandai Namco Entertainment America,['Gaming'],335067,13831,0,1043
2025-11-27 16:20:49,8gAg9uDn2Oo,体力と手持ちが共有の世界で全員合流するまで終われません！ミニミニ編【マイクラ】,UCj4PjeVMnNTHIR5EeoNKPAw,ドズル社,['Gaming'],347836,12817,0,485
2025-11-27 16:20:49,VWg0218G38c,現在がとんでもなく悲惨な事になってるYouTuber4選,UCHvFSU5OP6c7QcJxIr87YtA,ウタエル Utael,['Entertainment'],114385,1335,0,232
2025-11-27 16:20:49,NUSpibeVoO0,失われたチャプター: ユキの復讐 | ティザートレーラー,UCwF6o6cF7BMTY1-OZ7ZUY7Q,フォートナイト 公式,['Gaming'],19509,820,0,72
2025-11-27 16:20:49,dIPZHyTBFz0,『ドラゴンクエストウォーク』の新情報をお届け「スマートウォーク」#131,UCtceiniicYEsbAVuWy-Bi0Q,ドラゴンクエストウォーク公式,['Gaming'],197706,2159,0,262
2025-11-27 16:20:49,b9z3Iaz5Zrc,ヤングスキニー - るっせぇ女【Official Music Video】,UCcg_rvE-fU2tATMwBAxW9bA,ヤングスキニー,['Music'],120776,6240,0,311
2025-11-27 16:20:49,eLCjlEYBN3U,課金しまくって放射性ラッキーブロックを100個開けるロブロックス (Roblox),UC9Lx-zRFGfpuls27tNAOIqA,マエスケ,['Gaming'],353339,14321,0,1024
2025-11-27 16:20:49,ES9oYbzYCh8,ILLIT (아일릿) 'NOT CUTE ANYMORE’ Performance Film,UC3IZKseVpdzPSBaWxBxundA,HYBE LABELS,['Music'],442450,57729,0,1791
2025-11-27 16:20:49,Bj6tJxDPzoY,みんなでパンを作って1か所に合流しよう!!(ただし100人に邪魔されながら)【マインクラフト】,UClNdVSK1uy2xFHTaXZYXopw,らっだぁ,['Gaming'],230880,10563,0,299
2025-11-27 16:20:49,XILnJKGc0yo,INI｜'U MINE' Performance Video,UCc-itdQHxLvUlPrDxIiSJrA,INI,['Entertainment'],238521,20383,0,3646
2025-11-27 16:20:49,5eHGs7lX09s,うんこちゃんのイナズマイレブン 英雄たちのヴィクトリーロード 実況プレイPart5※ネタバレ注意,UCx1nAvtVDIsaGmCMSe8ofsQ,加藤純一【jun channel】,['Gaming'],92205,1134,0,1016
2025-11-27 16:20:49,Am2ElEWNvTY,LEX - 完璧だ (Music Video),UCeTo4Eh0TzpKbUL4vGQZ73A,LEX *,['People & Blogs'],61863,3567,0,195
2025-11-27 16:20:49,kSmHmdAnDYc,【原神】限定★５「ドゥリン」は強いのか？先行解説します。性能/武器/聖遺物/PT編成/凸orモチーフ…全てが分かる！,UCjJmYy279ehSYSwR1A3fXtA,マグロヘッド,['Gaming'],233393,6724,0,820
2025-11-27 16:20:49,AfKzB2lXo7I,SLAVE (Nissy Entertainment “Re:10th Anniversary Final” BEST DOME TOUR),UCkv76wCrBDQNn7ctcbn6Qeg,Nissy - Topic,['Music'],14027,693,0,48
2025-11-27 16:20:49,WVVv8Uyok_U,サビ組さんにはよくしてもらってます｜ポケモンZA #20,UCMzLWawc9x3rUsqYDEfgqzA,ジャック・オ・蘭たん,['Gaming'],115785,4954,0,781
2025-11-27 16:20:49,5UBc2gXGwKc,Seishun Rock 'n' roll,UC3PFoXZPFJGy9F4PG84nNQQ,Soala - Topic,['Music'],16587,276,0,9
2025-11-27 16:20:49,SnCG-_lf74w,今までで一番怖いスーパーマーケット経営『 HELLMART 』,UCMJiPpN_09F0aWpQrgbc_qg,キヨ。,['Gaming'],894405,22759,0,1074
2025-11-27 16:20:49,hcJEQXJIALo,ONE N' ONLY／ “RIDE” Music Video,UC8Qwnts13zIh2EYUCau6m3w,ONE N' ONLY TV,['Entertainment'],30170,3745,0,564
2025-11-27 16:20:49,tLBq_jH5FDI,"【㊗️ 6周年】""""ポケモン剣盾""""のハイレベルすぎる神試合が激アツすぎたwww【対戦者本人解説あり】",UCmnZL4tFRl4sm-uJOxTLHmg,今日ポケch.,['Gaming'],108354,1649,0,167
2025-11-27 16:20:49,5-o_tvuKSfM,【Official】Uru 「愛」,UCdPCarwi28K5Z7s5l2nMiLw,Uru Official YouTube Channel,['Music'],52006,3598,0,147
2025-11-27 16:20:49,OoLflKFs7YY,【MIMESIS】ヒトの言葉を学習して欺いてくるAIにビビりまくるフブぺこ奏ヴィヴィ【2025.11.26/ホロライブ切り抜き】,UCUbAVVpHteGtGQPPN9lM3oQ,ホロライブ切り抜き/なめたけ,['Entertainment'],67110,2223,0,231
2025-11-27 16:20:49,G36amiUCkXU,Juice=Juice『盛れ！ミ・アモーレ』(Concert 2025 Queen of Hearts Special Flush),UC6FadPgGviUcq6VQ0CEJqdQ,Juice=Juice,['Music'],449632,28018,0,5319
2025-11-27 16:20:49,w0ZQp2CmHHw,庭を埋め尽くす大量の落ち葉を掃除するゲーム,UChn5TjkeEqd-JxzizMVSkOw,ハヤトの野望,['Gaming'],135376,2346,0,213
2025-11-27 16:20:49,FuGOa47BBqg,Brand New Episode,UCy2IDlWr4fbdO2dbka98bSg,HACHI - Topic,['Music'],34034,1164,0,15
2025-11-27 16:20:49,S0UEqkus7FA,【ミメシス】声と行動を真似するニセモノに騙されないように生き残る！！ぺこ！【ホロライブ/兎田ぺこら】,UC1DCedRgGHBdm81E1llLhOQ,Pekora Ch. 兎田ぺこら,['Gaming'],312907,12409,0,240
2025-11-27 16:20:49,tdYPGxusaYs,NiziU 「♡Emotion」 FanCam – MAYUKA ver -,UCHp2q2i85qt_9nn2H7AvGOw,NiziU Official,['Entertainment'],29362,2478,0,139
2025-11-27 16:20:49,DyINvuS9P34,最強のマシンを進化させるマインクラフト【 マイクラ / マインクラフト 】,UCHazKLThRbMyMFu2bVAKhng,ウォーターチャレンジ,['Gaming'],185041,2541,0,50
2025-11-27 16:20:49,OfuHlytx3rQ,フィナーレ,UCTEQRq53fm5tw-3vJ1HLUCw,MAY'S - Topic,['Music'],13017,208,0,9
2025-11-27 16:20:49,2j2jXv6Juxc,初心者 vs. プロ：最強のピリジャー刑務所作り対決,UCM3yhFc0-fBFuvqx1Vg2YNQ,まいぜんシスターズ,['Gaming'],163995,2357,0,83
2025-11-27 16:20:49,JkKNqaEl9Aw,"NEXZ(넥스지) ""Legacy"" Performance Video",UCaO6TYtlC8U5ttz62hTrZgg,JYP Entertainment,['Music'],294375,20854,0,1869
2025-11-27 16:20:49,OeMmb--HE6k,【MIMESIS】叶カンパニー、出勤します。【にじさんじ/ローレン・イロアス】,UCgmFrRcyH7d1zR9sIVQhFow,ローレン・イロアス / Lauren Iroas【にじさんじ】,['Gaming'],181769,4735,0,65
2025-11-27 16:20:49,CXcBo03He2A,ミジ子の恋,UCDBdcJ3JIg2sjDg8QR3xp-g,Iyowa - Topic,['Music'],21656,3060,0,161
2025-11-27 16:20:49,tGwT5DAU6-s,【MIMESIS】AIが仲間の声を学習し襲ってくる新感覚ホラゲで、本当の恐怖はオリジナル（本物）だと知るローレンたちwww【ローレン 叶カンパニー にじさんじ 切り抜き】,UC-UxhoAxlq57uZ8BA0b1Jyw,FPS切り抜きボット【ローレン・イロアス】,['Gaming'],46667,936,0,12
2025-11-27 16:20:49,TVqEwvbZP30,RIIZE 라이즈 'Fame' MV,UCEf_Bc-KVd7onSeifS3py9g,SMTOWN,['Music'],6207889,109419,0,10953
2025-11-27 16:20:49,3-caLm2c1XI,これがエスペランサの財宝だ！！【龍が如く８外伝 Pirates in Hawaii】＃４３,UCZMRuagdTBKmmrFtSMN48Xw,牛沢,['Gaming'],138161,4095,0,512
2025-11-27 16:20:49,9jrVtT2nPgQ,【歌ってみた】革命道中 - アイナ・ジ・エンド covered by 明透,UCBLGjbYv6-xxju1i44RjnnA,明透 -ᴀsᴜ-,['Music'],33823,4515,0,103
2025-11-27 16:20:49,LcpCd9VXGjE,【パチスロ生配信】今日もヴァル2や!!そろそろ高設定台を打ちたい!!【革命機ヴァルヴレイヴ2】,UCdCC1L_OxLrkoEjR19iXpRw,パチスロードch,['Entertainment'],334285,1572,0,0
2025-11-27 16:20:49,ScutqxM3z_s,Hi-STANDARD - Our Song - OFFICIAL MUSIC VIDEO,UCrQUlOEbu-0T0l4DAcBEeIg,pizzaofdeathofficial,['Music'],197468,8393,0,479
2025-11-27 16:20:49,iBD9LX2ZdDQ,【実機配信】仮面ライダーＶ３  #パチンコ#仮面ライダーＶ３,UCx-QS9BIo_L_lx5dkpys1qw,ねこまんまのパチ•チャンネル,['Entertainment'],81599,189,0,0
2025-11-27 16:20:49,kux5GmbZhVg,メロリ,UCpYHkc4rzWEW7iVXIyxQebA,Hey! Say! JUMP - Topic,['Music'],19534,988,0,20
2025-11-27 16:20:49,OWGd9sHxpvs,【複数視点】話題のAIホラゲで大爆笑ｗｗｗ【にじさんじ切り抜き/星川サラ/叶/ローレン・イロアス/樋口楓】,UCeuNlK0yX-6_4930q0JUGNw,白瀬,['Gaming'],73392,2292,0,79
2025-11-27 16:20:49,b1OwvLh8HnU,FMP,UCMR5xpbhv3jzIQG1TOTg-Jg,B'z - Topic,['Music'],21728,384,0,8
2025-11-27 16:20:49,_Vs1T6KpK5g,【HD-2D版ドラゴンクエストI＆II】紋章は集まった！テパを救うぞ！！※ネタバレ注意【胡桃沢りりか】,UCYLp2FLXcqLUZhvrCxQmNIA,胡桃沢りりか,['Gaming'],75202,1157,0,6
2025-11-27 16:20:49,CZP11p3DklQ,軌跡,UC8_Ag6BVp43Vmrx6eillK9g,Vaundy - Topic,['Music'],105038,3457,0,142
2025-11-27 16:20:49,ineS6XL0vc8,カオスを極める「カービィのエアライダー」が面白すぎる,UCc-PPk-lNe34JaWCcJQCL0g,ドコムスチャンネル,['Gaming'],95881,2369,0,88
2025-11-27 16:20:49,Lj1Qi3-zQgg,あの娘は邪惡！,UC5nxCVEWQLLfkPuMylpkYkA,ロス,['Entertainment'],25874,4370,0,143
2025-11-27 16:20:49,xjUPVppl1DI,4人で協力して本格的な殺人事件を解決に導く『The Case of the Golden Idol』,UCPVr7clenPjpD7WNsSI3UBQ,レトルト,['Gaming'],619458,10769,0,454
2025-11-27 16:20:49,vQpF9mIiYFU,LALALA (Baby it takes two),UC3NrSfe_yR5XX9zGFxYoV1Q,HIRAIDAI - Topic,['Music'],18587,310,0,22
2025-11-27 16:20:49,NDommbpC80U,【ミメシス】キッズすぎる合言葉に笑っていたら声を真似してくるAIがそっくりすぎて恐怖するぺこらとヴィヴィとフブキと奏【ホロライブ切り抜き/兎田ぺこら/白上フブキ/音乃瀬奏/綺々羅々ヴィヴィ】,UCrKna8EQAd7NPRYq-gIsuow,ホロライ部【ホロライブ切り抜き】,['Gaming'],146407,1812,0,219
2025-11-26 16:34:07,XILnJKGc0yo,INI｜'U MINE' Performance Video,UCc-itdQHxLvUlPrDxIiSJrA,INI,['Entertainment'],170299,18785,0,3306
2025-11-26 16:34:07,vIUORnIS_ug,ELDEN RING NIGHTREIGN The Forsaken Hollows | Scholar Character Trailer,UC_ntXHv-XdKCD7CPynVvnQw,Bandai Namco Entertainment America,['Gaming'],267039,12584,0,967
2025-11-26 16:34:07,SnCG-_lf74w,今までで一番怖いスーパーマーケット経営『 HELLMART 』,UCMJiPpN_09F0aWpQrgbc_qg,キヨ。,['Gaming'],577825,18239,0,924
2025-11-26 16:34:07,b9z3Iaz5Zrc,ヤングスキニー - るっせぇ女【Official Music Video】,UCcg_rvE-fU2tATMwBAxW9bA,ヤングスキニー,['Music'],47342,3644,0,248
2025-11-26 16:34:07,xjUPVppl1DI,4人で協力して本格的な殺人事件を解決に導く『The Case of the Golden Idol』,UCPVr7clenPjpD7WNsSI3UBQ,レトルト,['Gaming'],440474,8906,0,386
2025-11-26 16:34:07,G36amiUCkXU,Juice=Juice『盛れ！ミ・アモーレ』(Concert 2025 Queen of Hearts Special Flush),UC6FadPgGviUcq6VQ0CEJqdQ,Juice=Juice,['Music'],337274,25287,0,4540
2025-11-26 16:34:07,miySB69T1xw,隠れる場所から作れ！大人たちのガチかくれんぼ【マイクラ】,UCj4PjeVMnNTHIR5EeoNKPAw,ドズル社,['Gaming'],330035,10977,0,433
2025-11-26 16:34:07,TVqEwvbZP30,RIIZE 라이즈 'Fame' MV,UCEf_Bc-KVd7onSeifS3py9g,SMTOWN,['Music'],2117550,100507,0,8933
2025-11-26 16:34:07,ST05E_5kn2E,負けたら自身の全財産公開を賭けた通帳カスタムで勝ったのは・・・【The k4sen Con 2025 DAY 3 Supported by ロリポップ！ for Gamers byGMOペパボ】,UChUjERVG8eKEAJSCef-tTmg,k4sen / かせん,['Gaming'],205080,4046,0,297
2025-11-26 16:34:07,x_RYZsOfpKY,ILLIT (아일릿) 'NOT CUTE ANYMORE’ Official MV,UC3IZKseVpdzPSBaWxBxundA,HYBE LABELS,['Music'],7076923,275973,0,17157
2025-11-26 16:34:07,Em805jfRVXs,唯一無二すぎるプレイヤーと対戦し、そのスタイルに感動すら覚えるカワノ【スト6】,UCzRzPAT-AjlPyec5yXG974g,カワノKawano,['Gaming'],122705,2872,0,381
2025-11-26 16:34:07,ScutqxM3z_s,Hi-STANDARD - Our Song - OFFICIAL MUSIC VIDEO,UCrQUlOEbu-0T0l4DAcBEeIg,pizzaofdeathofficial,['Music'],118907,6644,0,399
2025-11-26 16:34:07,fiSsGbfus6I,うんこちゃんのイナズマイレブン 英雄たちのヴィクトリーロード 実況プレイPart4※ネタバレ注意,UCx1nAvtVDIsaGmCMSe8ofsQ,加藤純一【jun channel】,['Gaming'],248336,1906,0,1162
2025-11-26 16:34:07,JkKNqaEl9Aw,"NEXZ(넥스지) ""Legacy"" Performance Video",UCaO6TYtlC8U5ttz62hTrZgg,JYP Entertainment,['Music'],98353,16810,0,1585
2025-11-26 16:34:07,dmBAMwBBxoM,いいんですか？こんな神イベント｜ポケモンZA #19,UCMzLWawc9x3rUsqYDEfgqzA,ジャック・オ・蘭たん,['Gaming'],111183,3848,0,353
2025-11-26 16:34:07,CZP11p3DklQ,軌跡,UC8_Ag6BVp43Vmrx6eillK9g,Vaundy - Topic,['Music'],48656,2241,0,111
2025-11-26 16:34:07,qFdZAyr_xmw,【原神】強化キャラ全７名の新性能を先行プレイで紹介！！あのキャラがとんでもないことに…。,UCjJmYy279ehSYSwR1A3fXtA,マグロヘッド,['Gaming'],52813,2381,0,390
2025-11-26 16:34:07,b1OwvLh8HnU,FMP,UCMR5xpbhv3jzIQG1TOTg-Jg,B'z - Topic,['Music'],8455,226,0,7
2025-11-26 16:34:07,hn17tmdaAzQ,「ストリートファイターリーグ: Pro-JP 2025」Division F 第10節　☆☆18時40分より初心者必見！SFリーグ: ウォームアップ☆☆,UCu2Fxqf37DAZ0ZhIsd1FZwA,Capcom Fighters JP,['Gaming'],678741,6407,0,93
2025-11-26 16:34:07,7bqePXphj2g,乃木坂46『夢の匂い』MUSIC VIDEO,UCUzpZpX2wRYOk3J8QTFGxDg,乃木坂46 OFFICIAL YouTube CHANNEL,['Music'],231024,17206,0,1489
2025-11-26 16:34:07,z-aco1hi0Iw,新キャラくま＆ボニー100レべフルブ初見リーグ！最強火力のワンパンし放題！【バウンティラッシュ】,UCdkVEDVAW5aFmA-Mkz0lAFQ,ひたまゆ。,['Gaming'],141490,1656,0,256
2025-11-26 16:34:07,kux5GmbZhVg,メロリ,UCpYHkc4rzWEW7iVXIyxQebA,Hey! Say! JUMP - Topic,['Music'],6664,565,0,13
2025-11-26 16:34:07,55xYiuSAp5c,【#ARCRaidersからスレスパ】遠征視野からカードゲーム【Slay the spyer】,UCSFCh5NL4qXrAy9u-u2lX3g,Kuzuha Channel,['Gaming'],282040,4479,0,11
2025-11-26 16:34:07,dx4XsqUGm10,MAZZEL / Only You -Dance Practice-,UCMF_5h2OejEhVorTB02UUSg,MAZZEL,['Music'],169871,17515,0,1325
2025-11-26 16:34:07,Rc8f268ueOE,加藤純一のマリオカートワールドダイジェスト マリオ王への道【2025/11/24】,UCZetZElUvdElPrcstRjl9DA,加藤純一ロードショー,['Gaming'],140318,1547,0,372
2025-11-26 16:34:07,Kc7TkgWiWrc,Kiseki No Younakoto,UCof7dOTnyxaidkKkcIFuflQ,Mone Kamishiraishi - Topic,['Music'],13654,654,0,29
2025-11-26 16:34:07,CvGT2o7-_ZA,【 DARK SOULS: REMASTERED 】ナイトレインDLCまでに深淵歩きアルトリウスに会いに行く。王覇山、因縁のアノール・ロンドへ。（ 人間性を捧げよ ）【 にじさんじ┊︎葉山舞鈴 】,UCfipDDn7wY-C-SoUChgxCQQ,葉山舞鈴 / Ohayama Ch.,['Gaming'],79959,1529,0,8
2025-11-26 16:34:07,JrI4_jUZe98,SEVENTEEN | THE SMURFS (세븐틴 | 스머프) Ver. '음악의 신' Official MV,UCfkXDY7vwkcJ8ddFGz8KusA,SEVENTEEN,['Music'],261365,50376,0,1903
2025-11-26 16:34:07,fCDvm0Y3qkw,【 GTAV 】歌鬼ごっこ‼１曲歌い終わるまでリスナーから逃げ切れええええええええ‼🔥【ホロライブ/さくらみこ】,UC-hM6YJuNYVAmUWxeIr9FeA,Miko Ch. さくらみこ,['Gaming'],284903,15176,0,163
2025-11-26 16:34:07,Gln8wDtITJ4,Kay-on - SHIN GODZILLA (Official Video),UCdszfKemUn36sOEplfkiGVQ,GPV LABEL,['Music'],31626,2242,0,188
2025-11-26 16:34:07,A3Ki9cI9T9w,任天堂とファンが激怒...新作エアライダーにコックカワサキマイクロビキニという謎のミームが登場して海外でもニュースに/コエテクさんがライザのASMRを販売して爆売れ/チーターを晒し首にした運営が話題に,UCWvr04hMa4k4wSilYcQ4qoA,キャベツの人【ゲーム紹介】,['Gaming'],88015,2078,0,530
2025-11-26 16:34:07,j-8vLi2sMg0,【歌ってみた】星の消えた夜に / covered by Nornis【戌亥とこ/町田ちま/にじさんじ】,UCxWcO9CLti4uouUIS5IIF-Q,Nornis,['Music'],46148,5373,0,78
2025-11-26 16:34:07,aHKMl9HVqZQ,究極の財宝【龍が如く８外伝 Pirates in Hawaii】＃４２,UCZMRuagdTBKmmrFtSMN48Xw,牛沢,['Gaming'],116592,3810,0,330
2025-11-26 16:34:07,I52yC34Ji2k,YENA「STAR! (feat. Hatsune Miku)」 Music Video,UC4YT50DP7hbMsor8FmyEPMw,Victor Entertainment,['Music'],125712,23840,0,1081
2025-11-26 16:34:07,NkHjY_EaCgY,遂に完成した歴代最強マンチェスターユナイテッドスカッドが強すぎて魔王【eFootball2026アプリ】,UC070fhnqq38qNhqHm5rxTcQ,令和ちゃんねる,['Gaming'],91540,1526,0,93
2025-11-26 16:34:07,vQpF9mIiYFU,LALALA (Baby it takes two),UC3NrSfe_yR5XX9zGFxYoV1Q,HIRAIDAI - Topic,['Music'],5678,206,0,22
2025-11-26 16:34:07,xx3ZTvOhNoM,【#8】ゼルダの伝説 神々のトライフォース：The Legend of Zelda: A Link to the Past【ホロライブ/大空スバル】,UCvzGlP9oQwU--Y0r9id_jnA,Subaru Ch. 大空スバル,['Gaming'],213307,7927,0,66
2025-11-26 16:34:07,4Xt_hR0KNvY,IS:SUE (イッシュ) 'Super Luna' Performance Video,UCqKNMJ5s_vsf7WkesdBrvQA,IS:SUE,['Music'],133963,11393,0,2164
2025-11-26 16:34:07,ITQYMtkP23E,【パチスロ生配信】前日出てるラス1ヴヴヴ2で勝負っ!!【革命機ヴァルヴレイヴ2】,UCdCC1L_OxLrkoEjR19iXpRw,パチスロードch,['Entertainment'],290193,1383,0,0
2025-11-26 16:34:07,eHmQ_b0LkUA,"Stray Kids ""Do It (Turbo Version)"" Lyric Visualizer",UC9rMiEjNaCSsebs31MRDCRA,Stray Kids,['Music'],374948,85897,0,3209
2025-11-26 16:34:07,BFaHdJVDmXY,『鳴潮』特別映像丨スペーストレック・コレクティブ スタートーチ学園,UCGc93NguHRwzv1Rw9MyIcxQ,鳴潮 (Wuthering Waves)公式,['Gaming'],34089,2862,0,124
2025-11-26 16:34:07,gSXQd_5ht0E,【DANCE VIDEO】君セン！ / iLiFE! 【振り動画】,UChVflUz2J_jaaqYjXqvpmQA,iLiFE!【あいらいふ】,['Music'],519216,22419,0,1026
2025-11-26 16:34:07,iKVcCmyqoik,『刀剣乱舞ONLINE』新刀剣男士 三郎国宗(さぶろうくにむね) 登場！,UC56x--_QtyaWD1QptYrPMqA,刀剣乱舞 公式チャンネル,['Gaming'],77985,5454,0,207
2025-11-26 16:34:07,6oS55kztPlE,Crush,UC6H_7uSepAzrlayBjAb9rrg,WurtS - Topic,['Music'],9413,784,0,23
2025-11-26 16:34:07,6ixvIIIxwlk,【深夜にパチ配信】東京グールとかのかりとエヴァ15って本当に継続率合ってる？生実践LIVE！パチスロパチンコライブ,UCDhOdoqPxv96djR3tSq9NoA,ショコラ大佐の秘密基地,['Entertainment'],104108,1068,0,0
2025-11-26 16:34:07,vQ_NFqtGDgo,Aiobahn & TAK feat. 初音ミク - DIVA (Official Music Video),UC9qSqkNFiByKzzoxT3Cydyw,Aiobahn,['Music'],78727,16274,0,701
2025-11-26 16:34:07,Gth1zEFH2TM,タグNXで『もあ』『B!KZO』とプルス戦に挑むNX☆くさあん【切り抜き】【マリオカート ワールド】,UCL7VEatXa9yBCKeM-ww8TnA,NX☆くさあん,['Gaming'],87322,1921,0,50
2025-11-26 16:34:07,BM13CSsDrV8,ココロ・アストロノーツ,UCtwTCZuQkTIwUf5m9mlZnOQ,Release - Topic,['Music'],5199,292,0,0
2025-11-26 16:34:07,6kWw9Nn4dIY,【Shadow Corridor】三姉妹ホラーゲーム実況【第二夜 -ヒグラシの回廊-】,UCAWxPGGuIfWME2KTLUmSCHw,ぱかチューブっ!【ウマ娘公式】,['Gaming'],100307,5325,0,319
2025-11-26 16:34:07,v55qDr_jJFA,「レイン・ガール (New Recording) 」佐野元春 & The Coyote Band,UCS57xc1Bf-znC9_ouCc3SZw,佐野元春 - DaisyMusic,['Music'],11071,1150,0,78
2025-11-27 03:49:30,b9z3Iaz5Zrc,ヤングスキニー - るっせぇ女【Official Music Video】,UCcg_rvE-fU2tATMwBAxW9bA,ヤングスキニー,['Music'],98478,5613,0,301
2025-11-27 03:49:30,vIUORnIS_ug,ELDEN RING NIGHTREIGN The Forsaken Hollows | Scholar Character Trailer,UC_ntXHv-XdKCD7CPynVvnQw,Bandai Namco Entertainment America,['Gaming'],312797,13363,0,1019
2025-11-27 03:49:30,dIPZHyTBFz0,『ドラゴンクエストウォーク』の新情報をお届け「スマートウォーク」#131,UCtceiniicYEsbAVuWy-Bi0Q,ドラゴンクエストウォーク公式,['Gaming'],170868,1985,0,254
2025-11-27 03:49:30,XILnJKGc0yo,INI｜'U MINE' Performance Video,UCc-itdQHxLvUlPrDxIiSJrA,INI,['Entertainment'],214100,19823,0,3505
2025-11-27 03:49:30,8gAg9uDn2Oo,体力と手持ちが共有の世界で全員合流するまで終われません！ミニミニ編【マイクラ】,UCj4PjeVMnNTHIR5EeoNKPAw,ドズル社,['Gaming'],268141,10720,0,438
2025-11-27 03:49:30,StcmgD_0aRI,モニタリング Cover / Gero,UCFuugQScqDfJcsOEWbL1_tg,Gero Channel,['Music'],76935,9001,0,2372
2025-11-27 03:49:30,eLCjlEYBN3U,課金しまくって放射性ラッキーブロックを100個開けるロブロックス (Roblox),UC9Lx-zRFGfpuls27tNAOIqA,マエスケ,['Gaming'],289346,12088,0,961
2025-11-27 03:49:30,VWg0218G38c,現在がとんでもなく悲惨な事になってるYouTuber4選,UCHvFSU5OP6c7QcJxIr87YtA,ウタエル Utael,['Entertainment'],71407,834,0,163
2025-11-27 03:49:30,Bj6tJxDPzoY,みんなでパンを作って1か所に合流しよう!!(ただし100人に邪魔されながら)【マインクラフト】,UClNdVSK1uy2xFHTaXZYXopw,らっだぁ,['Gaming'],183416,8931,0,276
2025-11-27 03:49:30,Am2ElEWNvTY,LEX - 完璧だ (Music Video),UCeTo4Eh0TzpKbUL4vGQZ73A,LEX *,['People & Blogs'],38112,2548,0,161
2025-11-27 03:49:30,kSmHmdAnDYc,【原神】限定★５「ドゥリン」は強いのか？先行解説します。性能/武器/聖遺物/PT編成/凸orモチーフ…全てが分かる！,UCjJmYy279ehSYSwR1A3fXtA,マグロヘッド,['Gaming'],196990,5927,0,761
2025-11-27 03:49:30,ES9oYbzYCh8,ILLIT (아일릿) 'NOT CUTE ANYMORE’ Performance Film,UC3IZKseVpdzPSBaWxBxundA,HYBE LABELS,['Music'],210496,37715,0,1358
2025-11-27 03:49:30,SnCG-_lf74w,今までで一番怖いスーパーマーケット経営『 HELLMART 』,UCMJiPpN_09F0aWpQrgbc_qg,キヨ。,['Gaming'],804303,21456,0,1021
2025-11-27 03:49:30,G36amiUCkXU,Juice=Juice『盛れ！ミ・アモーレ』(Concert 2025 Queen of Hearts Special Flush),UC6FadPgGviUcq6VQ0CEJqdQ,Juice=Juice,['Music'],405158,27128,0,5035
2025-11-27 03:49:30,S0UEqkus7FA,【ミメシス】声と行動を真似するニセモノに騙されないように生き残る！！ぺこ！【ホロライブ/兎田ぺこら】,UC1DCedRgGHBdm81E1llLhOQ,Pekora Ch. 兎田ぺこら,['Gaming'],284250,11751,0,175
2025-11-27 03:49:30,hcJEQXJIALo,ONE N' ONLY／ “RIDE” Music Video,UC8Qwnts13zIh2EYUCau6m3w,ONE N' ONLY TV,['Entertainment'],20769,3189,0,517
2025-11-27 03:49:30,LcpCd9VXGjE,【パチスロ生配信】今日もヴァル2や!!そろそろ高設定台を打ちたい!!【革命機ヴァルヴレイヴ2】,UCdCC1L_OxLrkoEjR19iXpRw,パチスロードch,['Entertainment'],333683,1573,0,0
2025-11-27 03:49:30,5-o_tvuKSfM,【Official】Uru 「愛」,UCdPCarwi28K5Z7s5l2nMiLw,Uru Official YouTube Channel,['Music'],37357,2905,0,126
2025-11-27 03:49:30,tLBq_jH5FDI,"【㊗️ 6周年】""""ポケモン剣盾""""のハイレベルすぎる神試合が激アツすぎたwww【対戦者本人解説あり】",UCmnZL4tFRl4sm-uJOxTLHmg,今日ポケch.,['Gaming'],76278,1277,0,139
2025-11-27 03:49:30,JkKNqaEl9Aw,"NEXZ(넥스지) ""Legacy"" Performance Video",UCaO6TYtlC8U5ttz62hTrZgg,JYP Entertainment,['Music'],235160,19699,0,1768
2025-11-27 03:49:30,DyINvuS9P34,最強のマシンを進化させるマインクラフト【 マイクラ / マインクラフト 】,UCHazKLThRbMyMFu2bVAKhng,ウォーターチャレンジ,['Gaming'],153241,2149,0,49
2025-11-27 03:49:30,TVqEwvbZP30,RIIZE 라이즈 'Fame' MV,UCEf_Bc-KVd7onSeifS3py9g,SMTOWN,['Music'],4792179,105465,0,10251
2025-11-27 03:49:30,w0ZQp2CmHHw,庭を埋め尽くす大量の落ち葉を掃除するゲーム,UChn5TjkeEqd-JxzizMVSkOw,ハヤトの野望,['Gaming'],97951,1881,0,188
2025-11-27 03:49:30,ScutqxM3z_s,Hi-STANDARD - Our Song - OFFICIAL MUSIC VIDEO,UCrQUlOEbu-0T0l4DAcBEeIg,pizzaofdeathofficial,['Music'],183070,8103,0,461
2025-11-27 03:49:30,2j2jXv6Juxc,初心者 vs. プロ：最強のピリジャー刑務所作り対決,UCM3yhFc0-fBFuvqx1Vg2YNQ,まいぜんシスターズ,['Gaming'],110772,1882,0,71
2025-11-27 03:49:30,tdYPGxusaYs,NiziU 「♡Emotion」 FanCam – MAYUKA ver -,UCHp2q2i85qt_9nn2H7AvGOw,NiziU Official,['Entertainment'],19798,1981,0,129
2025-11-27 03:49:30,WVVv8Uyok_U,サビ組さんにはよくしてもらってます｜ポケモンZA #20,UCMzLWawc9x3rUsqYDEfgqzA,ジャック・オ・蘭たん,['Gaming'],63362,3544,0,683
2025-11-27 03:49:30,CZP11p3DklQ,軌跡,UC8_Ag6BVp43Vmrx6eillK9g,Vaundy - Topic,['Music'],86338,3087,0,133
2025-11-27 03:49:30,3-caLm2c1XI,これがエスペランサの財宝だ！！【龍が如く８外伝 Pirates in Hawaii】＃４３,UCZMRuagdTBKmmrFtSMN48Xw,牛沢,['Gaming'],113279,3620,0,464
2025-11-27 03:49:30,Iz7mRKij2ao,GLAY「Dead Or Alive」 / アニメ『終末のワルキューレIII』オープニングテーマ Teaser2,UC1DqlLj1onQhBfxW81OgQTw,GLAY,['Entertainment'],7758,529,0,21
2025-11-27 03:49:30,xjUPVppl1DI,4人で協力して本格的な殺人事件を解決に導く『The Case of the Golden Idol』,UCPVr7clenPjpD7WNsSI3UBQ,レトルト,['Gaming'],567341,10204,0,430
2025-11-27 03:49:30,b1OwvLh8HnU,FMP,UCMR5xpbhv3jzIQG1TOTg-Jg,B'z - Topic,['Music'],15367,319,0,7
2025-11-27 03:49:30,OeMmb--HE6k,【MIMESIS】叶カンパニー、出勤します。【にじさんじ/ローレン・イロアス】,UCgmFrRcyH7d1zR9sIVQhFow,ローレン・イロアス / Lauren Iroas【にじさんじ】,['Gaming'],153298,4211,0,50
2025-11-27 03:49:30,kux5GmbZhVg,メロリ,UCpYHkc4rzWEW7iVXIyxQebA,Hey! Say! JUMP - Topic,['Music'],13536,860,0,19
2025-11-27 03:49:30,nzbbL07maKA,【Among Us#304】ここが地獄ですか？超波動砲にロケットに人外が跋扈するアモングアス【ゆっくり実況】,UCy0DH4rgPPjDWVZO7wibcSQ,めめんともり,['Gaming'],113190,6220,0,258
2025-11-27 03:49:30,T8w3L1rS3o4,澤野弘之『EARth』Music Video,UCpT4syVopfBl2bATVfAt65g,澤野弘之 / SawanoHiroyuki[nZk],['Music'],42602,2872,0,84
2025-11-27 03:49:30,Em805jfRVXs,唯一無二すぎるプレイヤーと対戦し、そのスタイルに感動すら覚えるカワノ【スト6】,UCzRzPAT-AjlPyec5yXG974g,カワノKawano,['Gaming'],243048,4665,0,548
2025-11-27 03:49:30,Kc7TkgWiWrc,Kiseki No Younakoto,UCof7dOTnyxaidkKkcIFuflQ,Mone Kamishiraishi - Topic,['Music'],26645,929,0,34
2025-11-27 03:49:30,BiiDN0zgJ2Q,【深夜にパチ配信】東京グールとかのかりとエヴァ15の継続率って本当に合ってますか？生実践LIVE！パチスロパチンコライブ,UCDhOdoqPxv96djR3tSq9NoA,ショコラ大佐の秘密基地,['Entertainment'],93629,723,0,0
2025-11-27 03:49:30,I52yC34Ji2k,YENA「STAR! (feat. Hatsune Miku)」 Music Video,UC4YT50DP7hbMsor8FmyEPMw,Victor Entertainment,['Music'],249148,37095,0,1471
2025-11-27 03:49:30,ineS6XL0vc8,カオスを極める「カービィのエアライダー」が面白すぎる,UCc-PPk-lNe34JaWCcJQCL0g,ドコムスチャンネル,['Gaming'],71789,1925,0,72
2025-11-27 03:49:30,Lj1Qi3-zQgg,あの娘は邪惡！,UC5nxCVEWQLLfkPuMylpkYkA,ロス,['Entertainment'],15953,3407,0,126
2025-11-27 03:49:30,bZ2eyQcJ49o,"今までガチで使った事ない選手！！こんだけ課金してる俺がGET出来ない""この選手""とは！？【プロスピA】# 1757",UCy9GuRXGTm8TliQ-OJ7KwzA,【V.I.P】,['Gaming'],133839,2409,0,350
2025-11-27 03:49:30,AfKzB2lXo7I,SLAVE (Nissy Entertainment “Re:10th Anniversary Final” BEST DOME TOUR),UCkv76wCrBDQNn7ctcbn6Qeg,Nissy - Topic,['Music'],2926,282,0,23
2025-11-27 03:49:30,jvrrjeAYtzs,【実機配信】仮面ライダーＶ３,UCx-QS9BIo_L_lx5dkpys1qw,ねこまんまのパチ•チャンネル,['Entertainment'],75801,232,0,0
2025-11-27 03:49:30,JrI4_jUZe98,SEVENTEEN | THE SMURFS (세븐틴 | 스머프) Ver. '음악의 신' Official MV,UCfkXDY7vwkcJ8ddFGz8KusA,SEVENTEEN,['Music'],366635,62350,0,2086
2025-11-27 03:49:30,rOZV4RZrA3A,【今年−304万】東京喰種パチンコライブ配信,UCYe_uTI6X6mm9qaXm8iWFDg,ノッチ配信者パチンコライブ,['Entertainment'],202942,2081,0,6
2025-11-27 03:49:30,7bqePXphj2g,乃木坂46『夢の匂い』MUSIC VIDEO,UCUzpZpX2wRYOk3J8QTFGxDg,乃木坂46 OFFICIAL YouTube CHANNEL,['Music'],254967,17994,0,1548
2025-11-27 03:49:30,qUgLxkENl6c,おかんの家は24時間後に消えます【まいくら / マインクラフト】,UCJy7zfLsKBXoo2soFMum7JQ,あかさかの箱,['Gaming'],90767,6154,0,314
2025-11-27 03:49:30,pzLTGAwn0a4,NCT WISH 1st CONCERT TOUR 'INTO THE WISH : Our WISH' Recap Video,UCiZqWVAeChfqlom5ZPR3ZJA,NCT WISH,['Music'],34879,5484,0,439
2025-11-26 20:31:40,XILnJKGc0yo,INI｜'U MINE' Performance Video,UCc-itdQHxLvUlPrDxIiSJrA,INI,['Entertainment'],185350,19325,0,3379
2025-11-26 20:31:40,vIUORnIS_ug,ELDEN RING NIGHTREIGN The Forsaken Hollows | Scholar Character Trailer,UC_ntXHv-XdKCD7CPynVvnQw,Bandai Namco Entertainment America,['Gaming'],283528,12942,0,983
2025-11-26 20:31:40,dIPZHyTBFz0,『ドラゴンクエストウォーク』の新情報をお届け「スマートウォーク」#131,UCtceiniicYEsbAVuWy-Bi0Q,ドラゴンクエストウォーク公式,['Gaming'],111062,1622,0,220
2025-11-26 20:31:40,b9z3Iaz5Zrc,ヤングスキニー - るっせぇ女【Official Music Video】,UCcg_rvE-fU2tATMwBAxW9bA,ヤングスキニー,['Music'],60013,4402,0,268
2025-11-26 20:31:40,SnCG-_lf74w,今までで一番怖いスーパーマーケット経営『 HELLMART 』,UCMJiPpN_09F0aWpQrgbc_qg,キヨ。,['Gaming'],656639,19710,0,974
2025-11-26 20:31:40,G36amiUCkXU,Juice=Juice『盛れ！ミ・アモーレ』(Concert 2025 Queen of Hearts Special Flush),UC6FadPgGviUcq6VQ0CEJqdQ,Juice=Juice,['Music'],357548,25827,0,4666
2025-11-26 20:31:40,eLCjlEYBN3U,課金しまくって放射性ラッキーブロックを100個開けるロブロックス (Roblox),UC9Lx-zRFGfpuls27tNAOIqA,マエスケ,['Gaming'],135559,9162,0,780
2025-11-26 20:31:40,TVqEwvbZP30,RIIZE 라이즈 'Fame' MV,UCEf_Bc-KVd7onSeifS3py9g,SMTOWN,['Music'],2645482,102063,0,9199
2025-11-26 20:31:40,kSmHmdAnDYc,【原神】限定★５「ドゥリン」は強いのか？先行解説します。性能/武器/聖遺物/PT編成/凸orモチーフ…全てが分かる！,UCjJmYy279ehSYSwR1A3fXtA,マグロヘッド,['Gaming'],99260,4358,0,606
2025-11-26 20:31:40,x_RYZsOfpKY,ILLIT (아일릿) 'NOT CUTE ANYMORE’ Official MV,UC3IZKseVpdzPSBaWxBxundA,HYBE LABELS,['Music'],7320284,280751,0,17310
2025-11-26 20:31:40,xjUPVppl1DI,4人で協力して本格的な殺人事件を解決に導く『The Case of the Golden Idol』,UCPVr7clenPjpD7WNsSI3UBQ,レトルト,['Gaming'],477874,9443,0,405
2025-11-26 20:31:40,JkKNqaEl9Aw,"NEXZ(넥스지) ""Legacy"" Performance Video",UCaO6TYtlC8U5ttz62hTrZgg,JYP Entertainment,['Music'],141786,18055,0,1672
2025-11-26 20:31:40,DyINvuS9P34,最強のマシンを進化させるマインクラフト【 マイクラ / マインクラフト 】,UCHazKLThRbMyMFu2bVAKhng,ウォーターチャレンジ,['Gaming'],88626,1822,0,42
2025-11-26 20:31:40,ScutqxM3z_s,Hi-STANDARD - Our Song - OFFICIAL MUSIC VIDEO,UCrQUlOEbu-0T0l4DAcBEeIg,pizzaofdeathofficial,['Music'],133733,7278,0,430
2025-11-26 20:31:40,8gAg9uDn2Oo,体力と手持ちが共有の世界で全員合流するまで終われません！ミニミニ編【マイクラ】,UCj4PjeVMnNTHIR5EeoNKPAw,ドズル社,['Gaming'],83167,5917,0,282
2025-11-26 20:31:40,b1OwvLh8HnU,FMP,UCMR5xpbhv3jzIQG1TOTg-Jg,B'z - Topic,['Music'],11513,276,0,7
2025-11-26 20:31:40,2j2jXv6Juxc,初心者 vs. プロ：最強のピリジャー刑務所作り対決,UCM3yhFc0-fBFuvqx1Vg2YNQ,まいぜんシスターズ,['Gaming'],59143,1543,0,49
2025-11-26 20:31:40,CZP11p3DklQ,軌跡,UC8_Ag6BVp43Vmrx6eillK9g,Vaundy - Topic,['Music'],65930,2660,0,122
2025-11-26 20:31:40,Bj6tJxDPzoY,みんなでパンを作って1か所に合流しよう!!(ただし100人に邪魔されながら)【マインクラフト】,UClNdVSK1uy2xFHTaXZYXopw,らっだぁ,['Gaming'],63954,5224,0,207
2025-11-26 20:31:40,kux5GmbZhVg,メロリ,UCpYHkc4rzWEW7iVXIyxQebA,Hey! Say! JUMP - Topic,['Music'],9696,690,0,14
2025-11-26 20:31:40,Em805jfRVXs,唯一無二すぎるプレイヤーと対戦し、そのスタイルに感動すら覚えるカワノ【スト6】,UCzRzPAT-AjlPyec5yXG974g,カワノKawano,['Gaming'],176759,3902,0,476
2025-11-26 20:31:40,Kc7TkgWiWrc,Kiseki No Younakoto,UCof7dOTnyxaidkKkcIFuflQ,Mone Kamishiraishi - Topic,['Music'],20135,808,0,34
2025-11-26 20:31:40,qUgLxkENl6c,おかんの家は24時間後に消えます【まいくら / マインクラフト】,UCJy7zfLsKBXoo2soFMum7JQ,あかさかの箱,['Gaming'],53222,5392,0,290
2025-11-26 20:31:40,7bqePXphj2g,乃木坂46『夢の匂い』MUSIC VIDEO,UCUzpZpX2wRYOk3J8QTFGxDg,乃木坂46 OFFICIAL YouTube CHANNEL,['Music'],238105,17508,0,1507
2025-11-26 20:31:40,ST05E_5kn2E,負けたら自身の全財産公開を賭けた通帳カスタムで勝ったのは・・・【The k4sen Con 2025 DAY 3 Supported by ロリポップ！ for Gamers byGMOペパボ】,UChUjERVG8eKEAJSCef-tTmg,k4sen / かせん,['Gaming'],221152,4333,0,313
2025-11-26 20:31:40,dx4XsqUGm10,MAZZEL / Only You -Dance Practice-,UCMF_5h2OejEhVorTB02UUSg,MAZZEL,['Music'],176828,17752,0,1335
2025-11-26 20:31:40,nzbbL07maKA,【Among Us#304】ここが地獄ですか？超波動砲にロケットに人外が跋扈するアモングアス【ゆっくり実況】,UCy0DH4rgPPjDWVZO7wibcSQ,めめんともり,['Gaming'],55410,4842,0,222
2025-11-26 20:31:40,JrI4_jUZe98,SEVENTEEN | THE SMURFS (세븐틴 | 스머프) Ver. '음악의 신' Official MV,UCfkXDY7vwkcJ8ddFGz8KusA,SEVENTEEN,['Music'],304372,56302,0,1996
2025-11-26 20:31:40,3-caLm2c1XI,これがエスペランサの財宝だ！！【龍が如く８外伝 Pirates in Hawaii】＃４３,UCZMRuagdTBKmmrFtSMN48Xw,牛沢,['Gaming'],44690,2335,0,336
2025-11-26 20:31:40,vQpF9mIiYFU,LALALA (Baby it takes two),UC3NrSfe_yR5XX9zGFxYoV1Q,HIRAIDAI - Topic,['Music'],8251,251,0,22
2025-11-26 20:31:40,1wRkbauiGU8,２年前に舐めた女 vs ２年間舐められてた男の裁判を開幕します 懐クラフト #13,UCoQhX2O93MVTWfgIz-8wOmg,KUNの50人クラフト,['Gaming'],49116,1781,0,120
2025-11-26 20:31:40,I52yC34Ji2k,YENA「STAR! (feat. Hatsune Miku)」 Music Video,UC4YT50DP7hbMsor8FmyEPMw,Victor Entertainment,['Music'],168468,29063,0,1230
2025-11-26 20:31:40,_o05ucPBD7g,新しいシークレットレア『ドラドラゴン』が強すぎたブレインロットタワーディフェンス【 ロブロックス Roblox 】,UC3ruCdV7xnwAbpkW9tQq-6A,のーわん【NoOnE】,['Gaming'],39404,1073,0,59
2025-11-26 20:31:40,Gln8wDtITJ4,Kay-on - SHIN GODZILLA (Official Video),UCdszfKemUn36sOEplfkiGVQ,GPV LABEL,['Music'],34469,2453,0,199
2025-11-26 20:31:40,dmBAMwBBxoM,いいんですか？こんな神イベント｜ポケモンZA #19,UCMzLWawc9x3rUsqYDEfgqzA,ジャック・オ・蘭たん,['Gaming'],123620,4204,0,367
2025-11-26 20:31:40,j-8vLi2sMg0,【歌ってみた】星の消えた夜に / covered by Nornis【戌亥とこ/町田ちま/にじさんじ】,UCxWcO9CLti4uouUIS5IIF-Q,Nornis,['Music'],52518,5830,0,78
2025-11-26 20:31:40,fiSsGbfus6I,うんこちゃんのイナズマイレブン 英雄たちのヴィクトリーロード 実況プレイPart4※ネタバレ注意,UCx1nAvtVDIsaGmCMSe8ofsQ,加藤純一【jun channel】,['Gaming'],262334,1970,0,1179
2025-11-26 20:31:40,vQ_NFqtGDgo,Aiobahn & TAK feat. 初音ミク - DIVA (Official Music Video),UC9qSqkNFiByKzzoxT3Cydyw,Aiobahn,['Music'],94891,18557,0,775
2025-11-26 20:31:40,hn17tmdaAzQ,「ストリートファイターリーグ: Pro-JP 2025」Division F 第10節　☆☆18時40分より初心者必見！SFリーグ: ウォームアップ☆☆,UCu2Fxqf37DAZ0ZhIsd1FZwA,Capcom Fighters JP,['Gaming'],685700,6470,0,99
2025-11-26 20:31:40,6oS55kztPlE,Crush,UC6H_7uSepAzrlayBjAb9rrg,WurtS - Topic,['Music'],12092,887,0,26
2025-11-26 20:31:40,Rc8f268ueOE,加藤純一のマリオカートワールドダイジェスト マリオ王への道【2025/11/24】,UCZetZElUvdElPrcstRjl9DA,加藤純一ロードショー,['Gaming'],160955,1691,0,393
2025-11-26 20:31:40,4Xt_hR0KNvY,IS:SUE (イッシュ) 'Super Luna' Performance Video,UCqKNMJ5s_vsf7WkesdBrvQA,IS:SUE,['Music'],140576,11756,0,2226
2025-11-26 20:31:40,Caa-UHhl8Gw,消えると連絡がきた参加勢について（ガチ）,UCGjV4bsC43On-YuiLZcfL0w,KUN,['Gaming'],62130,2195,0,178
2025-11-26 20:31:40,gSXQd_5ht0E,【DANCE VIDEO】君セン！ / iLiFE! 【振り動画】,UChVflUz2J_jaaqYjXqvpmQA,iLiFE!【あいらいふ】,['Music'],539460,22742,0,1031
2025-11-26 20:31:40,BFaHdJVDmXY,『鳴潮』特別映像丨スペーストレック・コレクティブ スタートーチ学園,UCGc93NguHRwzv1Rw9MyIcxQ,鳴潮 (Wuthering Waves)公式,['Gaming'],49227,3599,0,151
2025-11-26 20:31:40,eHmQ_b0LkUA,"Stray Kids ""Do It (Turbo Version)"" Lyric Visualizer",UC9rMiEjNaCSsebs31MRDCRA,Stray Kids,['Music'],386752,87070,0,3222
2025-11-26 20:31:40,55xYiuSAp5c,【#ARCRaidersからスレスパ】遠征視野からカードゲーム【Slay the spyer】,UCSFCh5NL4qXrAy9u-u2lX3g,Kuzuha Channel,['Gaming'],291216,4541,0,16
2025-11-26 20:31:40,Iz7mRKij2ao,GLAY「Dead Or Alive」 / アニメ『終末のワルキューレIII』オープニングテーマ Teaser2,UC1DqlLj1onQhBfxW81OgQTw,GLAY,['Entertainment'],2278,298,0,10
2025-11-26 20:31:40,z-aco1hi0Iw,新キャラくま＆ボニー100レべフルブ初見リーグ！最強火力のワンパンし放題！【バウンティラッシュ】,UCdkVEDVAW5aFmA-Mkz0lAFQ,ひたまゆ。,['Gaming'],145925,1681,0,257
2025-11-26 20:31:40,5-o_tvuKSfM,【Official】Uru 「愛」,UCdPCarwi28K5Z7s5l2nMiLw,Uru Official YouTube Channel,['Music'],6658,1381,0,66
2025-11-28 04:15:49,ZOEZ_cRIkhY,STARGLOW / Moonchaser [BMSG FES'25] DAY1,UCKsVfYfguU3s5vMO5yhcWdw,STARGLOW Official,['Music'],169463,18270,0,1272
2025-11-28 04:15:49,NUSpibeVoO0,失われたチャプター: ユキの復讐 | ティザートレーラー,UCwF6o6cF7BMTY1-OZ7ZUY7Q,フォートナイト 公式,['Gaming'],35420,1078,0,101
2025-11-28 04:15:49,8B2XU-fUS58,【777リーグ3rd】実戦バトル 第14回戦 (1/3) - 777.LEAGUE3rd【スリーセブンリーグ3rd】[髭原人/シーサ。/レビン/水樹あや],UC0wuDDYK-QTwneeZ6x6pPbw,777パチガブチャンネル,['Entertainment'],299080,3731,0,567
2025-11-28 04:15:49,F3C87lOmZBM,RIIZE(라이즈) _ Fame | 1theKILLPO | 원더킬포 | 퍼포먼스 | Performance | 4K,UCqq-ovGE01ErlXakPihhKDA,1theK Originals - 원더케이 오리지널,['Entertainment'],193259,17553,0,1688
2025-11-28 04:15:49,wEKNPc0cm9Y,映画『ウィキッド 永遠の約束』本予告＜2026年3月6日(金)より、全国ロードショー！＞,UC9llDCAObCbGpsaa66fClKw,ユニバーサル・ピクチャーズ公式,['Film & Animation'],19539,678,0,
2025-11-28 04:15:49,6yMFwpzbQCY,モンストニュース[11/27]モンストの最新情報をお届けします！【モンスト公式】,UCd9BXPj-KcMTh0HiB-Vlb8A,モンスト（モンスターストライク）公式,['Gaming'],446145,4332,0,262
2025-11-28 04:15:49,ES9oYbzYCh8,ILLIT (아일릿) 'NOT CUTE ANYMORE’ Performance Film,UC3IZKseVpdzPSBaWxBxundA,HYBE LABELS,['Music'],662418,69251,0,2074
2025-11-28 04:15:49,Nxq6nJJVx5A,燃えろ早抜け選手権！【マイクラ】,UCj4PjeVMnNTHIR5EeoNKPAw,ドズル社,['Gaming'],220524,7795,0,265
2025-11-28 04:15:49,StcmgD_0aRI,モニタリング Cover / Gero,UCFuugQScqDfJcsOEWbL1_tg,Gero Channel,['Music'],158642,12748,0,2784
2025-11-28 04:15:49,o3PX7EjBjvg,50人クラフトBAN覚悟のガチなんでもバスケット,UCoQhX2O93MVTWfgIz-8wOmg,KUNの50人クラフト,['Gaming'],128918,4122,0,411
2025-11-28 04:15:49,VWg0218G38c,現在がとんでもなく悲惨な事になってるYouTuber4選,UCHvFSU5OP6c7QcJxIr87YtA,ウタエル Utael,['Entertainment'],137448,1612,0,281
2025-11-28 04:15:49,ckKFtSlZ5Lw,闘いの儀開始の宣言をしろ！磯野ぉ！【モンストニュース】,UCqfELxLmasBwYET4ZAMfMqA,がみくん,['Gaming'],125134,1512,0,344
2025-11-28 04:15:49,Am2ElEWNvTY,LEX - 完璧だ (Music Video),UCeTo4Eh0TzpKbUL4vGQZ73A,LEX *,['People & Blogs'],95835,4582,0,240
2025-11-28 04:15:49,y7XtQu1z9hw,かぐや様は告らせたい｜1GAMEてつの妖回胴中記# 336【パチスロ・スロット】,UCTgIFU4_hG6aA7VfWS8blQg,1GAME TV パチンコパチスロ実践動画,['Gaming'],84040,932,0,148
2025-11-28 04:15:49,AfKzB2lXo7I,SLAVE (Nissy Entertainment “Re:10th Anniversary Final” BEST DOME TOUR),UCkv76wCrBDQNn7ctcbn6Qeg,Nissy - Topic,['Music'],26656,1005,0,55
2025-11-28 04:15:49,5m86CgLR0Fg,【マイクラ】ゾムも思わず突っ込む最弱の鬼シャオロンいきます【本気れんぼ】,UCsoW5-5KCPFAZwfGU-POUvA,まじめにヤバシティ,['Gaming'],101163,6251,0,231
2025-11-28 04:15:49,b9z3Iaz5Zrc,ヤングスキニー - るっせぇ女【Official Music Video】,UCcg_rvE-fU2tATMwBAxW9bA,ヤングスキニー,['Music'],161274,7350,0,335
2025-11-28 04:15:49,WT1LFvt07Gw,k4senの舌打ちから人狼が始まるマ農場【Farming Simulator 25】,UChUjERVG8eKEAJSCef-tTmg,k4sen / かせん,['Gaming'],98642,1932,0,57
2025-11-28 04:15:49,5oKKmCT-_4s,大・団・円  / T-Pis MV,UCWXDEaOxoT8gkk83ZEB5Onw,TP ZONE,['People & Blogs'],22859,1855,0,156
2025-11-28 04:15:49,6-9ej0ztMUA,【バッチ参戦でほぼカッパ!?】ビッグバンするまで終わらないネオプラ実戦　【新台の村田 with 松本バッチ】#ネオプラネット #JIRO　#松本バッチ,UCv0F5yCdnwnBTrcJO2Yr3lQ,きむちゃんねる,['Entertainment'],108805,771,0,61
2025-11-28 04:15:49,XILnJKGc0yo,INI｜'U MINE' Performance Video,UCc-itdQHxLvUlPrDxIiSJrA,INI,['Entertainment'],268785,20880,0,3752
2025-11-28 04:15:49,5eHGs7lX09s,うんこちゃんのイナズマイレブン 英雄たちのヴィクトリーロード 実況プレイPart5※ネタバレ注意,UCx1nAvtVDIsaGmCMSe8ofsQ,加藤純一【jun channel】,['Gaming'],166127,1545,0,1207
2025-11-28 04:15:49,hcJEQXJIALo,ONE N' ONLY／ “RIDE” Music Video,UC8Qwnts13zIh2EYUCau6m3w,ONE N' ONLY TV,['Entertainment'],79757,4071,0,587
2025-11-28 04:15:49,SMAnw64aTXc,世界で８人しか貰えない契約書を開封！交換会に出す選手も今日発表します！！【プロスピA】# 1758,UCy9GuRXGTm8TliQ-OJ7KwzA,【V.I.P】,['Gaming'],145742,2622,0,1153
2025-11-28 04:15:49,5UBc2gXGwKc,Seishun Rock 'n' roll,UC3PFoXZPFJGy9F4PG84nNQQ,Soala - Topic,['Music'],23360,300,0,9
2025-11-28 04:15:49,sEe1U-vDP5k,この界隈はもう熊とか虎じゃ驚かないんだから【龍が如く８外伝 Pirates in Hawaii】＃４４,UCZMRuagdTBKmmrFtSMN48Xw,牛沢,['Gaming'],100198,3180,0,253
2025-11-28 04:15:49,5-o_tvuKSfM,【Official】Uru 「愛」,UCdPCarwi28K5Z7s5l2nMiLw,Uru Official YouTube Channel,['Music'],81895,4687,0,172
2025-11-28 04:15:49,-DkSyDEQloM,機動戦士ガンダム エクストリームバーサス２ インフィニットブースト「イニブ情報局 ～TOKYO Showdown予選直前SP～」,UCJxxoli_XbupD8SK_TtytAQ,バンダイナムコ アミューズメントユニット公式チャンネル,['Gaming'],93154,,0,6
2025-11-28 04:15:49,CXcBo03He2A,ミジ子の恋,UCDBdcJ3JIg2sjDg8QR3xp-g,Iyowa - Topic,['Music'],46301,4812,0,230
2025-11-28 04:15:49,UiHPfikroWg,【緊急/新環境】シャドバに息苦しさ感じてる奴これ見ろ‼️クピタンえろすぎて胸が苦しくて窒息しそうだぞ‼️復帰しろ‼️【Shadowverse: Worlds Beyond】,UCqeAYB1DMzfM-hG-Up52yNQ,つるおかかものはし,['Gaming'],71691,895,0,303
2025-11-28 04:15:49,mdI6LWIe8Og,稲垣潤一 - クリスマスキャロルの頃には (2025.10.11 稲垣潤一コンサート2025  at 板橋区立文化会館),UCapLmxI6gv5WBd3N3sUVG8Q,稲垣潤一 Official,['Music'],9887,775,0,55
2025-11-28 04:15:49,ZjN51G8c5-k,【ドラクエウォーク】根絶やしの竜のソロ安定攻略法！1年前の覇権武器で楽勝でした！,UC9-yZkJfxtg6WNCX5mUQb0w,ノゴローチャンネル,['Gaming'],61227,742,0,27
2025-11-28 04:15:49,G36amiUCkXU,Juice=Juice『盛れ！ミ・アモーレ』(Concert 2025 Queen of Hearts Special Flush),UC6FadPgGviUcq6VQ0CEJqdQ,Juice=Juice,['Music'],522100,29495,0,5799
2025-11-28 04:15:49,YH_PW-Y7LF0,【マリオカートワールド】くさあん1st / #2,UCL7VEatXa9yBCKeM-ww8TnA,NX☆くさあん,['Gaming'],54510,1808,0,97
2025-11-28 04:15:49,u6nhdi1pJWI,"LIBRO ""なかいま feat. 鎮座DOPENESS""",UCxhPsqKunv6674tZcQoEzOg,LIBRO,['Music'],15461,1325,0,63
2025-11-28 04:15:49,eLCjlEYBN3U,課金しまくって放射性ラッキーブロックを100個開けるロブロックス (Roblox),UC9Lx-zRFGfpuls27tNAOIqA,マエスケ,['Gaming'],475090,16602,0,1140
2025-11-28 04:15:49,FuGOa47BBqg,Brand New Episode,UCy2IDlWr4fbdO2dbka98bSg,HACHI - Topic,['Music'],47926,1255,0,15
2025-11-28 04:15:49,dIPZHyTBFz0,『ドラゴンクエストウォーク』の新情報をお届け「スマートウォーク」#131,UCtceiniicYEsbAVuWy-Bi0Q,ドラゴンクエストウォーク公式,['Gaming'],203893,2192,0,271
2025-11-28 04:15:49,tdYPGxusaYs,NiziU 「♡Emotion」 FanCam – MAYUKA ver -,UCHp2q2i85qt_9nn2H7AvGOw,NiziU Official,['Entertainment'],42519,2876,0,156
2025-11-28 04:15:49,oYKdO-eEHg4,MAX80キロの投手がイーファスピッチを覚えたら魔球に!?  球速80キロの投手がクローザーを目指す物語#6【プロスピ2025】【アカgames】,UC5wr1qJKJOrHHK-haeZkfbg,アカgames,['Gaming'],66514,1278,0,233
2025-11-28 04:15:49,Lj1Qi3-zQgg,あの娘は邪惡！,UC5nxCVEWQLLfkPuMylpkYkA,ロス,['Entertainment'],40286,5457,0,162
2025-11-28 04:15:49,uGM14iCUu0w,加藤純一が禁煙失敗した理由【2025/11/26-27】,UCH-lygWpHodDff3iQurnWnQ,加藤純一切り抜き集,['Entertainment'],109551,1027,0,475
2025-11-28 04:15:49,G_oNwC_PjfU,【原神】「強化ウェンティ」は強いのか？先行解説します。性能/武器/聖遺物/PT編成…全てが分かる！【魔導/上方修正】,UCjJmYy279ehSYSwR1A3fXtA,マグロヘッド,['Gaming'],117793,3308,0,372
2025-11-28 04:15:49,Bj6tJxDPzoY,みんなでパンを作って1か所に合流しよう!!(ただし100人に邪魔されながら)【マインクラフト】,UClNdVSK1uy2xFHTaXZYXopw,らっだぁ,['Gaming'],276296,11750,0,321
2025-11-28 04:15:49,4_l1VyTNzrs,【は？】怪しすぎるブレインロットを盗むサーバーに潜入するロブロックス..【ROBLOX】,UCH4yRBPH2pDUjPeqomx8CTQ,てるとくん,['Gaming'],79242,2424,0,1457
2025-11-28 04:15:49,OoLflKFs7YY,【MIMESIS】ヒトの言葉を学習して欺いてくるAIにビビりまくるフブぺこ奏ヴィヴィ【2025.11.26/ホロライブ切り抜き】,UCUbAVVpHteGtGQPPN9lM3oQ,ホロライブ切り抜き/なめたけ,['Entertainment'],130008,3216,0,316
2025-11-28 04:15:49,n7pO7F_kP0k,【原神】エピソード ドゥリン「家族への手紙」,UCAVR6Q0YgYa8xwz8rdg9Mrg,原神-Genshin-公式,['Gaming'],149661,17809,0,611
2025-11-28 04:15:49,2c_b4Q2LIeA,【モンスト】遊戯王コラボ最終決戦は超激ムズの予感！？超究極『闇遊戯』降臨！今年もクリスマスα開催！《ジャックα / パスカルα / ジャヒーα》登場！『★5以上キャラ50%10連ガチャ』開催！【しろ】,UCL72kYW8XK4R61kp1R9K69Q,しろ,['Gaming'],56099,629,0,149
2025-11-28 04:15:49,WVVv8Uyok_U,サビ組さんにはよくしてもらってます｜ポケモンZA #20,UCMzLWawc9x3rUsqYDEfgqzA,ジャック・オ・蘭たん,['Gaming'],160965,5691,0,833
2025-11-28 04:15:49,JoqhTXkGVVk,【返して】歴代ドラゴンのPPブーストを紹介＆Tier格付け【旧シャドバ】,UC0oUS_AySEl6fiYgRgPJJ9g,うさみんみ,['People & Blogs'],30651,1197,0,267
