daytime,channel_id,channel_title,channel_view_count,subscriber_count,video_count
2025-11-28 07:19:06,UCxhPsqKunv6674tZcQoEzOg,LIBRO,9608620,19500,26
2025-11-28 07:19:06,UCC4xWbcBVn-tHgchhrdmFpg,Jinmenusagi,10080853,32800,81
2025-11-28 07:19:06,UCcz2Y1yhR42UxbFwvPFGCmA,きっしー助六ちゃんねる,76067930,61600,942
2025-11-28 07:19:06,UCapLmxI6gv5WBd3N3sUVG8Q,稲垣潤一 Official,39810109,49800,46
2025-11-28 07:19:06,UCEf_Bc-KVd7onSeifS3py9g,SMTOWN,32615202386,33500000,4642
2025-11-28 07:19:06,UCPJCP_fon2mOMfibbBPUOYw,SAWAYAN GAMES / サワヤン ゲームズ,1299417555,2070000,3418
2025-11-28 07:19:06,UCzXjPL7zo0bxhOYDxLJ9YEg,ポッキー,4097303091,3750000,4360
2025-11-28 07:19:06,UC-ifW8mHzfsZVGHY8vxqrjA,A.B.C-Z,59464169,54600,437
2025-11-28 07:19:06,UCzRzPAT-AjlPyec5yXG974g,カワノKawano,208412962,185000,1323
2025-11-28 07:19:06,UCHzevlEL9JfsBIm86uNCJqg,宮野真守,79523549,449000,329
2025-11-28 07:19:06,UC4YT50DP7hbMsor8FmyEPMw,Victor Entertainment,1490097112,1070000,4975
2025-11-28 07:19:06,UC5wr1qJKJOrHHK-haeZkfbg,アカgames,462825038,283000,1361
2025-11-28 07:19:06,UCiZqWVAeChfqlom5ZPR3ZJA,NCT WISH,630033332,1140000,1126
2025-11-28 07:19:06,UCqm3BQLlJfvkTsX_hvm0UmA,Watame Ch. 角巻わため,610016767,1700000,2981
2025-11-28 07:19:06,UCdCC1L_OxLrkoEjR19iXpRw,パチスロードch,136260114,75700,816
2025-11-28 07:19:06,UC1DqlLj1onQhBfxW81OgQTw,GLAY,732544767,541000,886
2025-11-28 07:19:06,UClNdVSK1uy2xFHTaXZYXopw,らっだぁ,1819502523,1450000,2342
2025-11-28 07:19:06,UCDwcZ85zjLKD-3-jqlv1wQQ,アンジュルム,213864061,229000,374
2025-11-28 07:19:06,UChhKBlh_wvspTh5n4mL0b5g,BOYNEXTDOOR,1166800131,2070000,2201
2025-11-28 07:19:06,UCWvr04hMa4k4wSilYcQ4qoA,キャベツの人【ゲーム紹介】,253374451,418000,974
2025-11-28 07:19:06,UCv0F5yCdnwnBTrcJO2Yr3lQ,きむちゃんねる,925351670,765000,2674
2025-11-28 07:19:06,UC3VId8brfshtHO6gMMqnZ5A,FLOW GLOW - Topic,405219,2190,5
2025-11-28 07:19:06,UCrKna8EQAd7NPRYq-gIsuow,ホロライ部【ホロライブ切り抜き】,70256158,37900,614
2025-11-28 07:19:06,UCWXDEaOxoT8gkk83ZEB5Onw,TP ZONE,1457232,13200,86
2025-11-28 07:19:06,UC6SmH9mR82nj28_NNg_rZvA,スクウェア・エニックス,1173462261,1090000,10987
2025-11-28 07:19:06,UC3IZKseVpdzPSBaWxBxundA,HYBE LABELS,42540481240,79100000,2930
2025-11-28 07:19:06,UC0oUS_AySEl6fiYgRgPJJ9g,うさみんみ,43215847,14500,179
2025-11-28 07:19:06,UCTgIFU4_hG6aA7VfWS8blQg,1GAME TV パチンコパチスロ実践動画,737231553,667000,1414
2025-11-28 07:19:06,UCHghNZNbV-CPbb_f3FslObw,がんばるぴえんちゃんパチンコ日記,80552064,100000,1534
2025-11-28 07:19:06,UCfipDDn7wY-C-SoUChgxCQQ,葉山舞鈴 / Ohayama Ch.,88127302,600000,1342
2025-11-28 07:19:06,UClqWF_XeXy469i4KDurpjWw,Yukopi,18054,2,1
2025-11-28 07:19:06,UCHp2q2i85qt_9nn2H7AvGOw,NiziU Official,1563277157,2290000,2505
2025-11-28 07:19:06,UCUW6U6iOrntB0jw6-AbQo8g,RED Games,250784769,210000,3572
2025-11-28 07:19:06,UCc-itdQHxLvUlPrDxIiSJrA,INI,748068954,653000,1270
2025-11-28 07:19:06,UCDBdcJ3JIg2sjDg8QR3xp-g,Iyowa - Topic,65762694,31300,88
2025-11-28 07:19:06,UCv7VutirxDn3RWIJXI68n_A,＝LOVE（イコールラブ）公式チャンネル,471770678,557000,474
2025-11-28 07:19:06,UCKsVfYfguU3s5vMO5yhcWdw,STARGLOW Official,23413198,2790,49
2025-11-28 07:19:06,UCx1nAvtVDIsaGmCMSe8ofsQ,加藤純一【jun channel】,1137706595,1280000,1836
2025-11-28 07:19:06,UCpT4syVopfBl2bATVfAt65g,澤野弘之 / SawanoHiroyuki[nZk],51785889,4100,22
2025-11-28 07:19:06,UCtKBQ2BYD76GiJvcpZOBorg,えいま,11417074,13500,346
2025-11-28 07:19:06,UCtwTCZuQkTIwUf5m9mlZnOQ,Release - Topic,33591,52,7
2025-11-28 07:19:06,UCJy7zfLsKBXoo2soFMum7JQ,あかさかの箱,1291190598,2620000,2688
2025-11-28 07:19:06,UC9llDCAObCbGpsaa66fClKw,ユニバーサル・ピクチャーズ公式,642330480,375000,1443
2025-11-28 07:19:06,UCCzUftO8KOVkV4wQG1vkUvg,Marine Ch. 宝鐘マリン,2033880549,4260000,1560
2025-11-28 07:19:06,UC-hM6YJuNYVAmUWxeIr9FeA,Miko Ch. さくらみこ,898573579,2460000,2043
2025-11-28 07:19:06,UC_ntXHv-XdKCD7CPynVvnQw,Bandai Namco Entertainment America,615703805,1460000,3570
2025-11-28 07:19:06,UCtiObj3CsEAdNU6ZPWDsddQ,TOMORROW X TOGETHER OFFICIAL,3494513829,13100000,3043
2025-11-28 07:19:06,UCS57xc1Bf-znC9_ouCc3SZw,佐野元春 - DaisyMusic,50511392,77700,163
2025-11-28 07:19:06,UC8_Ag6BVp43Vmrx6eillK9g,Vaundy - Topic,910318715,2190,110
2025-11-28 07:19:06,UCILZFnKZJksR7zwhZbAB4vw,れじぇくん,1503308399,1170000,1428
2025-11-28 07:19:06,UCjJmYy279ehSYSwR1A3fXtA,マグロヘッド,394485098,735000,1754
2025-11-28 07:19:06,UCdVD0MsYecQaIE5Ru-pOIQQ,RIIZE,1025713566,1870000,1387
2025-11-28 07:19:06,UC3ruCdV7xnwAbpkW9tQq-6A,のーわん【NoOnE】,419620378,409000,1206
2025-11-28 07:19:06,UC9rMiEjNaCSsebs31MRDCRA,Stray Kids,9673395528,22200000,1881
2025-11-28 07:19:06,UCYe_uTI6X6mm9qaXm8iWFDg,ノッチ配信者パチンコライブ,269135751,125000,2728
2025-11-28 07:19:06,UCZwcUEEjD8RVzB-TAw1ts3g,Eden - Topic,4283045,1770,38
2025-11-28 07:19:06,UC9Lx-zRFGfpuls27tNAOIqA,マエスケ,1543529658,1840000,1138
2025-11-28 07:19:06,UCooVYzDxdwTtGYAkcPmOgOw,Brawl Stars,4007265329,23200000,370
2025-11-28 07:19:06,UC1FQWQ3y3-e8l1pCtWhJt5A,Vaundy,2295815134,2430000,226
2025-11-28 07:19:06,UCsoW5-5KCPFAZwfGU-POUvA,まじめにヤバシティ,61636831,390000,306
2025-11-28 07:19:06,UCENwRMx5Yh42zWpzURebzTw,Laplus ch. ラプラス・ダークネス - holoX -,400161796,1450000,918
2025-11-28 07:19:06,UCKU0SVkIPRqwiZaXJ9rXhdw,シュート。,216576858,256000,2338
2025-11-28 07:19:06,UCRDJ3DN-6ND_a4LSJ35L91A,立川ちゃんねる,106633506,107000,639
2025-11-28 07:19:06,UCL7VEatXa9yBCKeM-ww8TnA,NX☆くさあん,208613284,238000,3564
2025-11-28 07:19:06,UCeK22JmzkTMa69kZU9NEqsA,めじの【Vtuber応援隊】,31953282,15100,540
2025-11-28 07:19:06,UCdszfKemUn36sOEplfkiGVQ,GPV LABEL,3048201,5430,91
2025-11-28 07:19:06,UC3J-txytRWiRtNXrLS95eEw,ASIAN KUNG-FU GENERATION Official YouTube Channel,608265861,789000,283
2025-11-28 07:19:06,UC5nxCVEWQLLfkPuMylpkYkA,ロス,123613887,487000,68
2025-11-28 07:19:06,UC56x--_QtyaWD1QptYrPMqA,刀剣乱舞 公式チャンネル,9571480,131000,116
2025-11-28 07:19:06,UCMJiPpN_09F0aWpQrgbc_qg,キヨ。,6533135245,5490000,3083
2025-11-28 07:19:06,UCZVVCZwOpCbDXB84SDqWixQ,Lil Shady,56319498,284000,97
2025-11-28 07:19:06,UCdPCarwi28K5Z7s5l2nMiLw,Uru Official YouTube Channel,901097541,1180000,296
2025-11-28 07:19:06,UCia0Mw96B-yNYRka1J_mAsQ,HikacGamesヒカックゲームズ,640505295,660000,5204
2025-11-28 07:19:06,UCvzGlP9oQwU--Y0r9id_jnA,Subaru Ch. 大空スバル,581341281,1950000,1897
2025-11-28 07:19:06,UCIJAlAYCNN8RACtDDsy9K6g,Novelbright,652756465,733000,319
2025-11-28 07:19:06,UC_DopZ9OANqNGho0wFwADqA,けいちゃん / Keichan,502697517,1270000,606
2025-11-28 07:19:06,UCl_HfKfmxefUAVHPyJu0aCg,シュガーの宝舟,80220296,84300,1358
2025-11-28 07:19:06,UCcg_rvE-fU2tATMwBAxW9bA,ヤングスキニー,149492671,239000,605
2025-11-28 07:19:06,UCBA-kvU_zYdKreZbhhywX2Q,あいずちゃんねる,147864213,57400,804
2025-11-28 07:19:06,UCeuNlK0yX-6_4930q0JUGNw,白瀬,414566759,183000,2094
2025-11-28 07:19:06,UCvaTdHTWBGv3MKj3KVqJVCw,Okayu Ch. 猫又おかゆ,626491070,2060000,1593
2025-11-28 07:19:06,UCYA14rrNjvQq_P_YSNeJHgA,スロライブ,90048209,46500,896
2025-11-28 07:19:06,UChn5TjkeEqd-JxzizMVSkOw,ハヤトの野望,1035793942,1510000,2418
2025-11-28 07:19:06,UC5vqbtNnbOF2h7A_xlrIPUw,ぽっぴんず,917041262,630000,1053
2025-11-28 07:19:06,UCAaGaynFpku5cAx6OOSrW-w,HoneyWorks OFFICIAL,1601855248,2850000,550
2025-11-28 07:19:06,UC9qSqkNFiByKzzoxT3Cydyw,Aiobahn,28242135,90100,14
2025-11-28 07:19:06,UCZMRuagdTBKmmrFtSMN48Xw,牛沢,2666044649,1800000,3741
2025-11-28 07:19:06,UC8rk-fIWJXYlSF8tkfG9wWg,天色鮫,66660546,192000,132
2025-11-28 07:19:06,UCBuLdF0tQn5oZjpvYWSQkaA,Liura Channel,92291309,206000,378
2025-11-28 07:19:06,UCAWxPGGuIfWME2KTLUmSCHw,ぱかチューブっ!【ウマ娘公式】,516118137,1310000,1291
2025-11-28 07:19:06,UCdn5BQ06XqgXoAxIhbqw5Rg,フブキCh。白上フブキ,711027577,2640000,2969
2025-11-28 07:19:06,UC2NujFa5X09CdV0YCntmQDg,板橋ハウス,905340198,752000,2030
2025-11-28 07:19:06,UC070fhnqq38qNhqHm5rxTcQ,令和ちゃんねる,428713479,506000,3629
2025-11-28 07:19:06,UCqKNMJ5s_vsf7WkesdBrvQA,IS:SUE,87680204,221000,771
2025-11-28 07:19:06,UCYXmyrGUVL8tX7VEvo_DjPw,シャル@ツモらせ隊,83417780,178000,902
2025-11-28 07:19:06,UCZ1xuCK1kNmn5RzPYIZop3w,リゼ・ヘルエスタ -Lize Helesta-,299371442,957000,1090
2025-11-28 07:19:06,UC9zY_E8mcAo_Oq772LEZq8Q,THE FIRST TAKE,6265448119,11500000,1531
2025-11-28 07:19:06,UCwF6o6cF7BMTY1-OZ7ZUY7Q,フォートナイト 公式,271008439,411000,586
2025-11-28 07:19:06,UCjcYYjM16TFOPXDjWgzHiHA,超覚醒てえんだ「スロパチ生放送」,87392369,140000,571
2025-11-28 07:19:06,UCBhPDpv9JavoPADrZcsAC2A,あらき-ARAKI Official,320679686,489000,260
2025-11-28 07:19:06,UChUjERVG8eKEAJSCef-tTmg,k4sen / かせん,718918156,1030000,3064
2025-11-28 07:19:06,UCH-lygWpHodDff3iQurnWnQ,加藤純一切り抜き集,1719397232,580000,5441
2025-11-28 07:19:06,UC8Qwnts13zIh2EYUCau6m3w,ONE N' ONLY TV,112267072,214000,795
2025-11-28 07:19:06,UCTEQRq53fm5tw-3vJ1HLUCw,MAY'S - Topic,4428275,710,309
2025-11-28 07:19:06,UCNVIo0UJXTdEnsRkCB9Q03w,ILLIT - Topic,565875683,57700,59
2025-11-28 07:19:06,UCFuugQScqDfJcsOEWbL1_tg,Gero Channel,209118582,551000,167
2025-11-28 07:19:06,UCOjkVJQcjtWnpf0-1ft4brA,ゆっくりむちゃたぬき,210233791,353000,423
2025-11-28 07:19:06,UCOfESRUR5duQ2hMnTQ4oqhA,BUMP OF CHICKEN,1637208579,1590000,165
2025-11-28 07:19:06,UCVh47EKH9VLresRqiYi9txw,Mili,608668101,1010000,117
2025-11-28 07:19:06,UCXURHJRGr4-EB3l87kcbElw,NCT DREAM,2300999800,7000000,1318
2025-11-28 07:19:06,UCxIK6x6sG7Ln5vjjPYpgeAw,Chogakusei Official,674277867,1010000,564
2025-11-28 07:19:06,UCgmFrRcyH7d1zR9sIVQhFow,ローレン・イロアス / Lauren Iroas【にじさんじ】,397260425,954000,1050
2025-11-28 07:19:06,UCXEo7JprZQGCPkezcZylHlQ,黒炭酸,152562872,202000,1757
2025-11-28 07:19:06,UCeTo4Eh0TzpKbUL4vGQZ73A,LEX *,4622534,1280,14
2025-11-28 07:19:06,UC15ebOqdhmvl1eb0s0jk5aw,戦極MCBATTLE,1332979753,847000,5386
2025-11-28 07:19:06,UCOx-oLP9tOhiYwSK_m-yVxA,オモコロチャンネル,618773811,473000,1144
2025-11-28 07:19:06,UCMGvmEqkVbl372DCyn3NLAw,【吹いたら負け】葛葉先生のしくじり【切り抜き】,180619841,136000,978
2025-11-28 07:19:06,UCy2IDlWr4fbdO2dbka98bSg,HACHI - Topic,18794978,625,60
2025-11-28 07:19:06,UCx-QS9BIo_L_lx5dkpys1qw,ねこまんまのパチ•チャンネル,8139345,14300,170
2025-11-28 07:19:06,UCMR5xpbhv3jzIQG1TOTg-Jg,B'z - Topic,290827940,3870,678
2025-11-28 07:19:06,UC8eq3M3Yft3FUgxEX6lOZMg,chotokkyu - Topic,35861359,579,486
2025-11-28 07:19:06,UCmovZ2th3Sqpd00F5RdeigQ,加賀美 ハヤト/Hayato Kagami,332409391,921000,1522
2025-11-28 07:19:06,UCH4yRBPH2pDUjPeqomx8CTQ,てるとくん,548838286,1330000,1895
2025-11-28 07:19:06,UCEfbtVOJgicdHjs5HzOzJlA,ぱち・スロ部,3673885,1770,303
2025-11-28 07:19:06,UCpGpA7mSYmNJjLiJxKso5QA,しもふりチューブ,1783660691,2160000,3023
2025-11-28 07:19:06,UCqfELxLmasBwYET4ZAMfMqA,がみくん,1009332796,584000,3990
2025-11-28 07:19:06,UC3NrSfe_yR5XX9zGFxYoV1Q,HIRAIDAI - Topic,281495040,3400,415
2025-11-28 07:19:06,UCc-PPk-lNe34JaWCcJQCL0g,ドコムスチャンネル,541441980,594000,2024
2025-11-28 07:19:06,UCX7YkU9nEeaoZbkVLVajcMg,にじさんじ,1072107569,1870000,2824
2025-11-28 07:19:06,UCXeTnWiRoifoHHEzSyR5Ogg,パチンコ・パチスロ必勝ガイドチャンネル,52801397,86300,1325
2025-11-28 07:19:06,UCrQUlOEbu-0T0l4DAcBEeIg,pizzaofdeathofficial,408297473,332000,372
2025-11-28 07:19:06,UC7wu64jFsV02bbu6UHUd7JA,ガンダムチャンネル,412705070,1670000,1657
2025-11-28 07:19:06,UC1DCedRgGHBdm81E1llLhOQ,Pekora Ch. 兎田ぺこら,1013000469,2740000,2345
2025-11-28 07:19:06,UCHvFSU5OP6c7QcJxIr87YtA,ウタエル Utael,446481570,582000,903
2025-11-28 07:19:06,UCDhOdoqPxv96djR3tSq9NoA,ショコラ大佐の秘密基地,148669038,138000,1747
2025-11-28 07:19:06,UCOTR1tcOAhjgi6YukrPpZxg,まふまふちゃんねる,2481899158,3610000,511
2025-11-28 07:19:06,UCkKj-SiKyiFkj_dO1vmY3gA,加藤純一RECORDS,5280513,29300,82
2025-11-28 07:19:06,UC0wuDDYK-QTwneeZ6x6pPbw,777パチガブチャンネル,345356381,432000,2938
2025-11-28 07:19:06,UCL72kYW8XK4R61kp1R9K69Q,しろ,354836073,376000,2278
2025-11-28 07:19:06,UC-_iQWdEZY66nGGaHH0Ygmg,僕が見たかった青空,52805973,122000,499
2025-11-28 07:19:06,UCXqWKjzm2YMH6Bs7rAmsKFw,福本大晴,7574219,89600,146
2025-11-28 07:19:06,UCDbUUremwf8k1x1GTYfB1Ng,ニート部クラフト,20469029,97400,126
2025-11-28 07:19:06,UC7aYDbAOIKIMt25ENfJ68Qw,ルカ,118728811,120000,2127
2025-11-28 07:19:06,UCBLGjbYv6-xxju1i44RjnnA,明透 -ᴀsᴜ-,132564670,625000,494
2025-11-28 07:19:06,UCoQhX2O93MVTWfgIz-8wOmg,KUNの50人クラフト,466416775,544000,1051
2025-11-28 07:19:06,UCGc93NguHRwzv1Rw9MyIcxQ,鳴潮 (Wuthering Waves)公式,104311352,345000,466
2025-11-28 07:19:06,UCYLp2FLXcqLUZhvrCxQmNIA,胡桃沢りりか,41082046,100000,2573
2025-11-28 07:19:06,UCu2Fxqf37DAZ0ZhIsd1FZwA,Capcom Fighters JP,263206267,257000,3909
2025-11-28 07:19:06,UCqeAYB1DMzfM-hG-Up52yNQ,つるおかかものはし,371711972,387000,3613
2025-11-28 07:19:06,UCB_qr75-ydFVKSF9Dmo6izg,FORMULA 1,8872795883,13700000,9412
2025-11-28 07:19:06,UCqq-ovGE01ErlXakPihhKDA,1theK Originals - 원더케이 오리지널,2010488974,2510000,3586
2025-11-28 07:19:06,UCspv01oxUFf_MTSipURRhkA,Kanae Channel,785965724,1510000,4293
2025-11-28 07:19:06,UCvo8JUqHh2d1QGnK3LKyI4Q,ポケモンユナイト公式チャンネル,31965014,139000,467
2025-11-28 07:19:06,UCt09C9DPSuOGpHoitbcyCIQ,ゼンレスゾーンゼロ-ZZZ-公式,230329014,754000,430
2025-11-28 07:19:06,UCHazKLThRbMyMFu2bVAKhng,ウォーターチャレンジ,3131310717,3150000,2181
2025-11-28 07:19:06,UCcmLTYWn2bI5GwNVSP1bl4Q,バッチコイなみちょ,15134761,17400,648
2025-11-28 07:19:06,UCj4PjeVMnNTHIR5EeoNKPAw,ドズル社,4908810074,2570000,10214
2025-11-28 07:19:06,UCLrYavXppY_4oRfquHk9VQg,HAGANE,14455474,75100,143
2025-11-28 07:19:06,UCGjV4bsC43On-YuiLZcfL0w,KUN,3389428817,1660000,11233
2025-11-28 07:19:06,UCs8nP5mUR3pwJmgixsul8Hw,Saucy Dog,503080790,860000,120
2025-11-28 07:19:06,UCwJYQvXHtNn1c7RqED4E7MA,パンダドラゴン,44018394,92300,533
2025-11-28 07:19:06,UCOVLrBaOiMH5QDKXTycZ8Pw,やっちゃんの崖っぷちスロパチ生活,699069208,326000,5206
2025-11-28 07:19:06,UC0ux2IFOXkj6ifQ4aSs9l7Q,大月【おおつき】,14847403,17500,1219
2025-11-28 07:19:06,UCSFCh5NL4qXrAy9u-u2lX3g,Kuzuha Channel,1427835289,2100000,2823
2025-11-28 07:19:06,UCPVr7clenPjpD7WNsSI3UBQ,レトルト,2879528689,2590000,3850
2025-11-28 07:19:06,UCdkVEDVAW5aFmA-Mkz0lAFQ,ひたまゆ。,466742954,410000,2795
2025-11-28 07:19:06,UCylNKKCfPMm8ROXasQWTonA,響咲リオナの足,3368472,7200,129
2025-11-28 07:19:06,UCd9BXPj-KcMTh0HiB-Vlb8A,モンスト（モンスターストライク）公式,1160707831,1550000,4581
2025-11-28 07:19:06,UCkv76wCrBDQNn7ctcbn6Qeg,Nissy - Topic,93482979,26400,192
2025-11-28 07:19:06,UCFQu6Q-9LAS3KoEuRDNkzGA, ニート部,659410890,680000,3213
2025-11-28 07:19:06,UCZetZElUvdElPrcstRjl9DA,加藤純一ロードショー,413754029,509000,983
2025-11-28 07:19:06,UCy0DH4rgPPjDWVZO7wibcSQ,めめんともり,352095737,335000,468
2025-11-28 07:19:06,UCmnZL4tFRl4sm-uJOxTLHmg,今日ポケch.,987062219,570000,1305
2025-11-28 07:19:06,UCu3kfiUaK7MmkQ40omEpGyQ,ナナ色チャンネル,4733785,8440,85
2025-11-28 07:19:06,UCMF_5h2OejEhVorTB02UUSg,MAZZEL,243792578,286000,722
2025-11-28 07:19:06,UCM3yhFc0-fBFuvqx1Vg2YNQ,まいぜんシスターズ,7172110405,3180000,1860
2025-11-28 07:19:06,UCtPyU9cJgvvgH03PQKgaucA,ファミ通TUBE,183092580,208000,8154
2025-11-28 07:19:06,UChVflUz2J_jaaqYjXqvpmQA,iLiFE!【あいらいふ】,248908736,486000,535
2025-11-28 07:19:06,UCUzpZpX2wRYOk3J8QTFGxDg,乃木坂46 OFFICIAL YouTube CHANNEL,1610447858,1730000,1168
2025-11-28 07:19:06,UCqMRVBz-hhSFRuqlL1guqig,あひるだっく,52151577,128000,89
2025-11-28 07:19:06,UCfkXDY7vwkcJ8ddFGz8KusA,SEVENTEEN,7797609294,16200000,3291
2025-11-28 07:19:06,UC-UxhoAxlq57uZ8BA0b1Jyw,FPS切り抜きボット【ローレン・イロアス】,156796425,119000,1405
2025-11-28 07:19:06,UCLkAepWjdylmXSltofFvsYQ,BANGTANTV,26052132409,81700000,2937
2025-11-28 07:19:06,UCENoC6MLc4pL-vehJyzSWmg,もこうの実況,1736532998,1600000,5789
2025-11-28 07:19:06,UCHD1jo5RhijLfx5-0Ehe_cg,&TEAM,466813545,1320000,1412
2025-11-28 07:19:06,UCHVkYOT63gAz5yTxjo68_Ng,家スロットゲームパンダ’s ROOM@琉球🐼🪸,1227156,1680,76
2025-11-28 07:19:06,UCxWcO9CLti4uouUIS5IIF-Q,Nornis,59019055,228000,110
2025-11-28 07:19:06,UCUbAVVpHteGtGQPPN9lM3oQ,ホロライブ切り抜き/なめたけ,572453900,339000,2104
2025-11-28 07:19:06,UCy9GuRXGTm8TliQ-OJ7KwzA,【V.I.P】,978872188,979000,2497
2025-11-28 07:19:06,UCJnL-TBcsYrF2SLs7tmiC8Q,tripleS official,697072588,2880000,3062
2025-11-28 07:19:06,UCkVvAm5jb62IMIJQj4wPVGA,TMSアニメ公式チャンネル,379675672,898000,1147
2025-11-28 07:19:06,UCpYHkc4rzWEW7iVXIyxQebA,Hey! Say! JUMP - Topic,59024860,5080,738
2025-11-28 07:19:06,UC6H_7uSepAzrlayBjAb9rrg,WurtS - Topic,69151593,698,82
2025-11-28 07:19:06,UCN7_YMtKaUiizHpw77XLVcw,EXILE,188703738,14800,312
2025-11-28 07:19:06,UC9-yZkJfxtg6WNCX5mUQb0w,ノゴローチャンネル,179654208,126000,3593
2025-11-28 07:19:06,UCdMGYXL38w6htx6Yf9YJa-w,プロジェクトセカイ カラフルステージ! feat. 初音ミク,2004681179,2060000,1907
2025-11-28 07:19:06,UCFvSFbT8okMrpuFxBEIB2lg,M!LK,90553892,10400,243
2025-11-28 07:19:06,UCMzLWawc9x3rUsqYDEfgqzA,ジャック・オ・蘭たん,713106242,649000,1888
2025-11-28 07:19:06,UCv2ejD5B1xOYtGB2cf80B8g,Netflix Japan,1983627665,2310000,7766
2025-11-28 07:19:06,UCp_Az_oKu8-J5qIQpF35JbA,やわらちゃんねる,193030695,279000,863
2025-11-28 07:19:06,UCaO6TYtlC8U5ttz62hTrZgg,JYP Entertainment,26033965531,31500000,2641
2025-11-28 07:19:06,UCyTaStlK0neSuKveYOIioaw,ぐんぐにるチャンネル,275117774,426000,447
2025-11-28 07:19:06,UCtceiniicYEsbAVuWy-Bi0Q,ドラゴンクエストウォーク公式,50539317,181000,160
2025-11-28 07:19:06,UCeA0fcfLVewbuD7H5YsrpdA,ライキジョーンズ,118907320,146000,3391
2025-11-28 07:19:06,UC14QT5j2nQI8lKBCGtrrBQA,アニプレックス チャンネル,4308142665,3720000,15442
2025-11-28 07:19:06,UC__iCxFigPdcry_UBv6sDGw,IO,16308497,38200,13
2025-11-28 07:19:06,UC6qVAJzxF5kSN_UUFSdODiQ,MAZZEL - Topic,19399097,8260,57
2025-11-28 07:19:06,UC3PFoXZPFJGy9F4PG84nNQQ,Soala - Topic,29245822,4820,84
2025-11-28 07:19:06,UCqQNCRSihFHVsXrDikNeYSg,げまじょが好き【にじさんじEXゲマズ切り抜き】,4649643,2400,119
2025-11-28 07:19:06,UC6FadPgGviUcq6VQ0CEJqdQ,Juice=Juice,166051730,251000,281
2025-11-28 07:19:06,UCtyXllCXnTAg4rjfI3UwIgA,しょうちゃんネル,301997947,138000,1548
2025-11-28 07:19:06,UCOXOcEbERAwGlE4ig9MaLSQ,夜勤明けパチンコパチスロ実践記,275784241,166000,1623
2025-11-28 07:19:06,UCof7dOTnyxaidkKkcIFuflQ,Mone Kamishiraishi - Topic,26428223,326,123
2025-11-28 07:19:06,UCJxxoli_XbupD8SK_TtytAQ,バンダイナムコ アミューズメントユニット公式チャンネル,90338539,118000,1604
2025-11-28 07:19:06,UC_vMYWcDjmfdpH6r4TTn1MQ,Iroha ch. 風真いろは - holoX -,263260463,1130000,1055
2025-11-28 07:19:06,UCAVR6Q0YgYa8xwz8rdg9Mrg,原神-Genshin-公式,784190206,2100000,2022
2025-11-28 00:20:45,UCHD1jo5RhijLfx5-0Ehe_cg,&TEAM,466813545,1320000,1412
2025-11-28 00:20:45,UCOfESRUR5duQ2hMnTQ4oqhA,BUMP OF CHICKEN,1637208579,1590000,165
2025-11-28 00:20:45,UCp_Az_oKu8-J5qIQpF35JbA,やわらちゃんねる,193005093,279000,862
2025-11-28 00:20:45,UCDhOdoqPxv96djR3tSq9NoA,ショコラ大佐の秘密基地,148669038,138000,1746
2025-11-28 00:20:45,UCc-itdQHxLvUlPrDxIiSJrA,INI,748068954,653000,1270
2025-11-28 00:20:45,UCqQNCRSihFHVsXrDikNeYSg,げまじょが好き【にじさんじEXゲマズ切り抜き】,4585662,2390,119
2025-11-28 00:20:45,UCd9BXPj-KcMTh0HiB-Vlb8A,モンスト（モンスターストライク）公式,1160707831,1550000,4581
2025-11-28 00:20:45,UC8Qwnts13zIh2EYUCau6m3w,ONE N' ONLY TV,112267072,214000,795
2025-11-28 00:20:45,UCia0Mw96B-yNYRka1J_mAsQ,HikacGamesヒカックゲームズ,640476658,660000,5204
2025-11-28 00:20:45,UCC4xWbcBVn-tHgchhrdmFpg,Jinmenusagi,9965654,32800,81
2025-11-28 00:20:45,UCX7YkU9nEeaoZbkVLVajcMg,にじさんじ,1072107569,1870000,2824
2025-11-28 00:20:45,UCHvFSU5OP6c7QcJxIr87YtA,ウタエル Utael,446481570,582000,903
2025-11-28 00:20:45,UCMGvmEqkVbl372DCyn3NLAw,【吹いたら負け】葛葉先生のしくじり【切り抜き】,180619841,136000,978
2025-11-28 00:20:45,UCOx-oLP9tOhiYwSK_m-yVxA,オモコロチャンネル,618632593,473000,1144
2025-11-28 00:20:45,UCILZFnKZJksR7zwhZbAB4vw,れじぇくん,1503244285,1170000,1428
2025-11-28 00:20:45,UCUW6U6iOrntB0jw6-AbQo8g,RED Games,250784769,210000,3571
2025-11-28 00:20:45,UCiZqWVAeChfqlom5ZPR3ZJA,NCT WISH,630033332,1140000,1126
2025-11-28 00:20:45,UClNdVSK1uy2xFHTaXZYXopw,らっだぁ,1819502523,1450000,2342
2025-11-28 00:20:45,UCzRzPAT-AjlPyec5yXG974g,カワノKawano,208293143,185000,1323
2025-11-28 00:20:45,UCmnZL4tFRl4sm-uJOxTLHmg,今日ポケch.,987062219,569000,1305
2025-11-28 00:20:45,UCgmFrRcyH7d1zR9sIVQhFow,ローレン・イロアス / Lauren Iroas【にじさんじ】,397260425,954000,1049
2025-11-28 00:20:45,UC__iCxFigPdcry_UBv6sDGw,IO,16308497,38200,13
2025-11-28 00:20:45,UCGjV4bsC43On-YuiLZcfL0w,KUN,3389428817,1660000,11233
2025-11-28 00:20:45,UC8rk-fIWJXYlSF8tkfG9wWg,天色鮫,66660546,192000,132
2025-11-28 00:20:45,UCdkVEDVAW5aFmA-Mkz0lAFQ,ひたまゆ。,466707359,410000,2795
2025-11-28 00:20:45,UCIJAlAYCNN8RACtDDsy9K6g,Novelbright,652756465,733000,319
2025-11-28 00:20:45,UCqMRVBz-hhSFRuqlL1guqig,あひるだっく,52151577,128000,89
2025-11-28 00:20:45,UCfkXDY7vwkcJ8ddFGz8KusA,SEVENTEEN,7797609294,16200000,3291
2025-11-28 00:20:45,UCCzUftO8KOVkV4wQG1vkUvg,Marine Ch. 宝鐘マリン,2033880549,4260000,1560
2025-11-28 00:20:45,UC-_iQWdEZY66nGGaHH0Ygmg,僕が見たかった青空,52805973,122000,499
2025-11-28 00:20:45,UC6FadPgGviUcq6VQ0CEJqdQ,Juice=Juice,166051730,251000,281
2025-11-28 00:20:45,UCsoW5-5KCPFAZwfGU-POUvA,まじめにヤバシティ,61594056,390000,306
2025-11-28 00:20:45,UCZMRuagdTBKmmrFtSMN48Xw,牛沢,2666044649,1800000,3741
2025-11-28 00:20:45,UCVh47EKH9VLresRqiYi9txw,Mili,608668101,1010000,117
2025-11-28 00:20:45,UCH4yRBPH2pDUjPeqomx8CTQ,てるとくん,548838286,1330000,1895
2025-11-28 00:20:45,UC9zY_E8mcAo_Oq772LEZq8Q,THE FIRST TAKE,6263951155,11500000,1531
2025-11-28 00:20:45,UCBuLdF0tQn5oZjpvYWSQkaA,Liura Channel,92291309,206000,376
2025-11-28 00:20:45,UCTEQRq53fm5tw-3vJ1HLUCw,MAY'S - Topic,4421756,710,309
2025-11-28 00:20:45,UCYA14rrNjvQq_P_YSNeJHgA,スロライブ,90048209,46500,896
2025-11-28 00:20:45,UCFuugQScqDfJcsOEWbL1_tg,Gero Channel,209118582,551000,167
2025-11-28 00:20:45,UCyTaStlK0neSuKveYOIioaw,ぐんぐにるチャンネル,275117774,426000,447
2025-11-28 00:20:45,UC6qVAJzxF5kSN_UUFSdODiQ,MAZZEL - Topic,19361522,8260,57
2025-11-28 00:20:45,UCkKj-SiKyiFkj_dO1vmY3gA,加藤純一RECORDS,5280513,29300,82
2025-11-28 00:20:45,UCLrYavXppY_4oRfquHk9VQg,HAGANE,14455474,75000,143
2025-11-28 00:20:45,UC3ruCdV7xnwAbpkW9tQq-6A,のーわん【NoOnE】,419620378,409000,1206
2025-11-28 00:20:45,UCv7VutirxDn3RWIJXI68n_A,＝LOVE（イコールラブ）公式チャンネル,471770678,557000,474
2025-11-28 00:20:45,UCEfbtVOJgicdHjs5HzOzJlA,ぱち・スロ部,3673041,1770,303
2025-11-28 00:20:45,UCXEo7JprZQGCPkezcZylHlQ,黒炭酸,152562872,202000,1757
2025-11-28 00:20:45,UCxIK6x6sG7Ln5vjjPYpgeAw,Chogakusei Official,674277867,1010000,564
2025-11-28 00:20:45,UCvzGlP9oQwU--Y0r9id_jnA,Subaru Ch. 大空スバル,581341281,1950000,1897
2025-11-28 00:20:45,UCYLp2FLXcqLUZhvrCxQmNIA,胡桃沢りりか,41082046,100000,2573
2025-11-28 00:20:45,UCeuNlK0yX-6_4930q0JUGNw,白瀬,414452121,183000,2094
2025-11-28 00:20:45,UCof7dOTnyxaidkKkcIFuflQ,Mone Kamishiraishi - Topic,26385160,326,123
2025-11-28 00:20:45,UCc-PPk-lNe34JaWCcJQCL0g,ドコムスチャンネル,541441980,593000,2024
2025-11-28 00:20:45,UCLkAepWjdylmXSltofFvsYQ,BANGTANTV,26052132409,81700000,2937
2025-11-28 00:20:45,UCPVr7clenPjpD7WNsSI3UBQ,レトルト,2879528689,2590000,3850
2025-11-28 00:20:45,UCl_HfKfmxefUAVHPyJu0aCg,シュガーの宝舟,80220296,84300,1358
2025-11-28 00:20:45,UCwF6o6cF7BMTY1-OZ7ZUY7Q,フォートナイト 公式,271008439,410000,586
2025-11-28 00:20:45,UCv2ejD5B1xOYtGB2cf80B8g,Netflix Japan,1983627665,2310000,7766
2025-11-28 00:20:45,UC-ifW8mHzfsZVGHY8vxqrjA,A.B.C-Z,59464169,54600,437
2025-11-28 00:20:45,UC-hM6YJuNYVAmUWxeIr9FeA,Miko Ch. さくらみこ,898573579,2460000,2043
2025-11-28 00:20:45,UCu3kfiUaK7MmkQ40omEpGyQ,ナナ色チャンネル,4733785,8440,84
2025-11-28 00:20:45,UCqKNMJ5s_vsf7WkesdBrvQA,IS:SUE,87680204,221000,771
2025-11-28 00:20:45,UC7aYDbAOIKIMt25ENfJ68Qw,ルカ,118721142,120000,2127
2025-11-28 00:20:45,UC0ux2IFOXkj6ifQ4aSs9l7Q,大月【おおつき】,14796820,17500,1219
2025-11-28 00:20:45,UCOVLrBaOiMH5QDKXTycZ8Pw,やっちゃんの崖っぷちスロパチ生活,699069208,326000,5205
2025-11-28 00:20:45,UC1FQWQ3y3-e8l1pCtWhJt5A,Vaundy,2295815134,2430000,226
2025-11-28 00:20:45,UChhKBlh_wvspTh5n4mL0b5g,BOYNEXTDOOR,1166800131,2070000,2201
2025-11-28 00:20:45,UCAWxPGGuIfWME2KTLUmSCHw,ぱかチューブっ!【ウマ娘公式】,516118137,1310000,1291
2025-11-28 00:20:45,UCooVYzDxdwTtGYAkcPmOgOw,Brawl Stars,4006370981,23200000,370
2025-11-28 00:20:45,UCHghNZNbV-CPbb_f3FslObw,がんばるぴえんちゃんパチンコ日記,80501715,100000,1534
2025-11-28 00:20:45,UCrQUlOEbu-0T0l4DAcBEeIg,pizzaofdeathofficial,408297473,332000,372
2025-11-28 00:20:45,UC3J-txytRWiRtNXrLS95eEw,ASIAN KUNG-FU GENERATION Official YouTube Channel,608265861,788000,283
2025-11-28 00:20:45,UC9rMiEjNaCSsebs31MRDCRA,Stray Kids,9673395528,22200000,1881
2025-11-28 00:20:45,UCZetZElUvdElPrcstRjl9DA,加藤純一ロードショー,413602922,509000,983
2025-11-28 00:20:45,UCOXOcEbERAwGlE4ig9MaLSQ,夜勤明けパチンコパチスロ実践記,275784241,166000,1623
2025-11-28 00:20:45,UCXeTnWiRoifoHHEzSyR5Ogg,パチンコ・パチスロ必勝ガイドチャンネル,52801397,86300,1325
2025-11-28 00:20:45,UCJxxoli_XbupD8SK_TtytAQ,バンダイナムコ アミューズメントユニット公式チャンネル,90338539,118000,1604
2025-11-28 00:20:45,UCmovZ2th3Sqpd00F5RdeigQ,加賀美 ハヤト/Hayato Kagami,332409391,921000,1522
2025-11-28 00:20:45,UCtPyU9cJgvvgH03PQKgaucA,ファミ通TUBE,183092580,208000,8154
2025-11-28 00:20:45,UC070fhnqq38qNhqHm5rxTcQ,令和ちゃんねる,428713479,506000,3629
2025-11-28 00:20:45,UCtceiniicYEsbAVuWy-Bi0Q,ドラゴンクエストウォーク公式,50539317,181000,160
2025-11-28 00:20:45,UC5vqbtNnbOF2h7A_xlrIPUw,ぽっぴんず,916917839,630000,1053
2025-11-28 00:20:45,UChn5TjkeEqd-JxzizMVSkOw,ハヤトの野望,1035793942,1510000,2418
2025-11-28 00:20:45,UCx-QS9BIo_L_lx5dkpys1qw,ねこまんまのパチ•チャンネル,8139345,14300,169
2025-11-28 00:20:45,UCKU0SVkIPRqwiZaXJ9rXhdw,シュート。,216576858,256000,2338
2025-11-28 00:20:45,UCdCC1L_OxLrkoEjR19iXpRw,パチスロードch,136260114,75700,816
2025-11-28 00:20:45,UCMF_5h2OejEhVorTB02UUSg,MAZZEL,243792578,285000,722
2025-11-28 00:20:45,UCvo8JUqHh2d1QGnK3LKyI4Q,ポケモンユナイト公式チャンネル,31965014,139000,467
2025-11-28 00:20:45,UChUjERVG8eKEAJSCef-tTmg,k4sen / かせん,718918156,1030000,3064
2025-11-28 00:20:45,UCGc93NguHRwzv1Rw9MyIcxQ,鳴潮 (Wuthering Waves)公式,104311352,345000,466
2025-11-28 00:20:45,UC14QT5j2nQI8lKBCGtrrBQA,アニプレックス チャンネル,4307214700,3720000,15442
2025-11-28 00:20:45,UC_DopZ9OANqNGho0wFwADqA,けいちゃん / Keichan,502697517,1270000,606
2025-11-28 00:20:45,UCwJYQvXHtNn1c7RqED4E7MA,パンダドラゴン,44018394,92300,533
2025-11-28 00:20:45,UC15ebOqdhmvl1eb0s0jk5aw,戦極MCBATTLE,1332859018,847000,5386
2025-11-28 00:20:45,UCHp2q2i85qt_9nn2H7AvGOw,NiziU Official,1563277157,2290000,2505
2025-11-28 00:20:45,UCBA-kvU_zYdKreZbhhywX2Q,あいずちゃんねる,147864213,57400,804
2025-11-28 00:20:45,UCHzevlEL9JfsBIm86uNCJqg,宮野真守,78718653,449000,329
2025-11-28 00:20:45,UCUzpZpX2wRYOk3J8QTFGxDg,乃木坂46 OFFICIAL YouTube CHANNEL,1610447858,1730000,1168
2025-11-28 00:20:45,UC3IZKseVpdzPSBaWxBxundA,HYBE LABELS,42540481240,79100000,2930
2025-11-28 00:20:45,UCeTo4Eh0TzpKbUL4vGQZ73A,LEX *,4588820,1280,14
2025-11-28 00:20:45,UCN7_YMtKaUiizHpw77XLVcw,EXILE,188703738,14800,312
2025-11-28 00:20:45,UC1DqlLj1onQhBfxW81OgQTw,GLAY,732544767,541000,886
2025-11-28 00:20:45,UCvaTdHTWBGv3MKj3KVqJVCw,Okayu Ch. 猫又おかゆ,626491070,2060000,1593
2025-11-28 00:20:45,UC5nxCVEWQLLfkPuMylpkYkA,ロス,123613887,487000,68
2025-11-28 00:20:45,UCdszfKemUn36sOEplfkiGVQ,GPV LABEL,3048201,5410,91
2025-11-28 00:20:45,UCAaGaynFpku5cAx6OOSrW-w,HoneyWorks OFFICIAL,1601855248,2850000,550
2025-11-28 00:20:45,UCMR5xpbhv3jzIQG1TOTg-Jg,B'z - Topic,290827940,3870,678
2025-11-28 00:20:45,UCJy7zfLsKBXoo2soFMum7JQ,あかさかの箱,1291190598,2620000,2688
2025-11-28 00:20:45,UC5wr1qJKJOrHHK-haeZkfbg,アカgames,462825038,283000,1361
2025-11-28 00:20:45,UCDBdcJ3JIg2sjDg8QR3xp-g,Iyowa - Topic,65762694,31300,88
2025-11-28 00:20:45,UCjJmYy279ehSYSwR1A3fXtA,マグロヘッド,394485098,735000,1754
2025-11-28 00:20:45,UClqWF_XeXy469i4KDurpjWw,Yukopi,13448,2,1
2025-11-28 00:20:45,UCapLmxI6gv5WBd3N3sUVG8Q,稲垣潤一 Official,39810109,49800,46
2025-11-28 00:20:45,UCqm3BQLlJfvkTsX_hvm0UmA,Watame Ch. 角巻わため,610016767,1700000,2979
2025-11-28 00:20:45,UCENwRMx5Yh42zWpzURebzTw,Laplus ch. ラプラス・ダークネス - holoX -,400161796,1450000,918
2025-11-28 00:20:45,UCspv01oxUFf_MTSipURRhkA,Kanae Channel,785693510,1510000,4293
2025-11-28 00:20:45,UCL7VEatXa9yBCKeM-ww8TnA,NX☆くさあん,208613284,238000,3564
2025-11-28 00:20:45,UCJnL-TBcsYrF2SLs7tmiC8Q,tripleS official,697072588,2880000,3062
2025-11-28 00:20:45,UCrKna8EQAd7NPRYq-gIsuow,ホロライ部【ホロライブ切り抜き】,70256158,37900,614
2025-11-28 00:20:45,UC1DCedRgGHBdm81E1llLhOQ,Pekora Ch. 兎田ぺこら,1012937716,2740000,2345
2025-11-28 00:20:45,UCMJiPpN_09F0aWpQrgbc_qg,キヨ。,6533135245,5490000,3083
2025-11-28 00:20:45,UCpYHkc4rzWEW7iVXIyxQebA,Hey! Say! JUMP - Topic,58958148,5080,738
2025-11-28 00:20:45,UCy9GuRXGTm8TliQ-OJ7KwzA,【V.I.P】,978872188,979000,2497
2025-11-28 00:20:45,UC9Lx-zRFGfpuls27tNAOIqA,マエスケ,1543529658,1840000,1138
2025-11-28 00:20:45,UC8eq3M3Yft3FUgxEX6lOZMg,chotokkyu - Topic,35832016,579,486
2025-11-28 00:20:45,UCpGpA7mSYmNJjLiJxKso5QA,しもふりチューブ,1783660691,2160000,3023
2025-11-28 00:20:45,UCWXDEaOxoT8gkk83ZEB5Onw,TP ZONE,1457232,13000,86
2025-11-28 00:20:45,UCcg_rvE-fU2tATMwBAxW9bA,ヤングスキニー,149492671,239000,605
2025-11-28 00:20:45,UC_ntXHv-XdKCD7CPynVvnQw,Bandai Namco Entertainment America,615703805,1460000,3570
2025-11-28 00:20:45,UCaO6TYtlC8U5ttz62hTrZgg,JYP Entertainment,26033965531,31500000,2641
2025-11-28 00:20:45,UCy0DH4rgPPjDWVZO7wibcSQ,めめんともり,352095737,335000,468
2025-11-28 00:20:45,UCylNKKCfPMm8ROXasQWTonA,響咲リオナの足,3368472,7130,127
2025-11-28 00:20:45,UCeA0fcfLVewbuD7H5YsrpdA,ライキジョーンズ,118907320,146000,3390
2025-11-28 00:20:45,UCSFCh5NL4qXrAy9u-u2lX3g,Kuzuha Channel,1427835289,2100000,2822
2025-11-28 00:20:45,UCdPCarwi28K5Z7s5l2nMiLw,Uru Official YouTube Channel,901097541,1180000,296
2025-11-28 00:20:45,UCkVvAm5jb62IMIJQj4wPVGA,TMSアニメ公式チャンネル,379675672,898000,1147
2025-11-28 00:20:45,UCfipDDn7wY-C-SoUChgxCQQ,葉山舞鈴 / Ohayama Ch.,88127302,600000,1342
2025-11-28 00:20:45,UCOTR1tcOAhjgi6YukrPpZxg,まふまふちゃんねる,2481707574,3610000,511
2025-11-28 00:20:45,UCy2IDlWr4fbdO2dbka98bSg,HACHI - Topic,18777542,625,60
2025-11-28 00:20:45,UCxWcO9CLti4uouUIS5IIF-Q,Nornis,59019055,228000,110
2025-11-28 00:20:45,UCzXjPL7zo0bxhOYDxLJ9YEg,ポッキー,4097167938,3750000,4360
2025-11-28 00:20:45,UCOjkVJQcjtWnpf0-1ft4brA,ゆっくりむちゃたぬき,210233791,353000,423
2025-11-28 00:20:45,UCDwcZ85zjLKD-3-jqlv1wQQ,アンジュルム,213864061,229000,374
2025-11-28 00:20:45,UCtyXllCXnTAg4rjfI3UwIgA,しょうちゃんネル,301544555,138000,1548
2025-11-28 00:20:45,UCENoC6MLc4pL-vehJyzSWmg,もこうの実況,1736532998,1600000,5789
2025-11-28 00:20:45,UCNVIo0UJXTdEnsRkCB9Q03w,ILLIT - Topic,565875683,57700,59
2025-11-28 00:20:45,UCEf_Bc-KVd7onSeifS3py9g,SMTOWN,32611320806,33500000,4642
2025-11-28 00:20:45,UC0wuDDYK-QTwneeZ6x6pPbw,777パチガブチャンネル,345356381,432000,2938
2025-11-28 00:20:45,UCMzLWawc9x3rUsqYDEfgqzA,ジャック・オ・蘭たん,713106242,649000,1888
2025-11-28 00:20:45,UCdn5BQ06XqgXoAxIhbqw5Rg,フブキCh。白上フブキ,711027577,2640000,2969
2025-11-28 00:20:45,UCjcYYjM16TFOPXDjWgzHiHA,超覚醒てえんだ「スロパチ生放送」,87392369,140000,571
2025-11-28 00:20:45,UCTgIFU4_hG6aA7VfWS8blQg,1GAME TV パチンコパチスロ実践動画,737205297,667000,1414
2025-11-28 00:20:45,UChVflUz2J_jaaqYjXqvpmQA,iLiFE!【あいらいふ】,246311299,486000,535
2025-11-28 00:20:45,UC_vMYWcDjmfdpH6r4TTn1MQ,Iroha ch. 風真いろは - holoX -,263260463,1130000,1055
2025-11-28 00:20:45,UCL72kYW8XK4R61kp1R9K69Q,しろ,354786370,376000,2277
2025-11-28 00:20:45,UCXqWKjzm2YMH6Bs7rAmsKFw,福本大晴,7532808,89600,146
2025-11-28 00:20:45,UCYe_uTI6X6mm9qaXm8iWFDg,ノッチ配信者パチンコライブ,269135751,125000,2728
2025-11-28 00:20:45,UCS57xc1Bf-znC9_ouCc3SZw,佐野元春 - DaisyMusic,50511392,77700,163
2025-11-28 00:20:45,UC56x--_QtyaWD1QptYrPMqA,刀剣乱舞 公式チャンネル,9571480,131000,116
2025-11-28 00:20:45,UCZVVCZwOpCbDXB84SDqWixQ,Lil Shady,56319498,284000,97
2025-11-28 00:20:45,UC4YT50DP7hbMsor8FmyEPMw,Victor Entertainment,1490097112,1070000,4975
2025-11-28 00:20:45,UCoQhX2O93MVTWfgIz-8wOmg,KUNの50人クラフト,466416775,544000,1051
2025-11-28 00:20:45,UC6H_7uSepAzrlayBjAb9rrg,WurtS - Topic,69108754,698,82
2025-11-28 00:20:45,UCeK22JmzkTMa69kZU9NEqsA,めじの【Vtuber応援隊】,31953282,15100,539
2025-11-28 00:20:45,UCXURHJRGr4-EB3l87kcbElw,NCT DREAM,2300999800,7000000,1318
2025-11-28 00:20:45,UCWvr04hMa4k4wSilYcQ4qoA,キャベツの人【ゲーム紹介】,253374451,418000,974
2025-11-28 00:20:45,UCM3yhFc0-fBFuvqx1Vg2YNQ,まいぜんシスターズ,7172110405,3180000,1860
2025-11-28 00:20:45,UCZ1xuCK1kNmn5RzPYIZop3w,リゼ・ヘルエスタ -Lize Helesta-,299371442,957000,1090
2025-11-28 00:20:45,UCH-lygWpHodDff3iQurnWnQ,加藤純一切り抜き集,1719397232,580000,5441
2025-11-28 00:20:45,UCkv76wCrBDQNn7ctcbn6Qeg,Nissy - Topic,93375916,26400,192
2025-11-28 00:20:45,UCqq-ovGE01ErlXakPihhKDA,1theK Originals - 원더케이 오리지널,2010488974,2510000,3586
2025-11-28 00:20:45,UC3VId8brfshtHO6gMMqnZ5A,FLOW GLOW - Topic,405219,2190,5
2025-11-28 00:20:45,UCPJCP_fon2mOMfibbBPUOYw,SAWAYAN GAMES / サワヤン ゲームズ,1299302501,2070000,3418
2025-11-28 00:20:45,UC8_Ag6BVp43Vmrx6eillK9g,Vaundy - Topic,910318715,2190,110
2025-11-28 00:20:45,UCB_qr75-ydFVKSF9Dmo6izg,FORMULA 1,8871159200,13700000,9408
2025-11-28 00:20:45,UCdVD0MsYecQaIE5Ru-pOIQQ,RIIZE,1015326967,1870000,1387
2025-11-28 00:20:45,UC9llDCAObCbGpsaa66fClKw,ユニバーサル・ピクチャーズ公式,642268669,375000,1443
2025-11-28 00:20:45,UCcz2Y1yhR42UxbFwvPFGCmA,きっしー助六ちゃんねる,75916692,61600,942
2025-11-28 00:20:45,UCv0F5yCdnwnBTrcJO2Yr3lQ,きむちゃんねる,925351670,765000,2674
2025-11-28 00:20:45,UCHVkYOT63gAz5yTxjo68_Ng,家スロットゲームパンダ’s ROOM@琉球🐼🪸,1226399,1680,76
2025-11-28 00:20:45,UCqeAYB1DMzfM-hG-Up52yNQ,つるおかかものはし,371628954,387000,3613
2025-11-28 00:20:45,UCtKBQ2BYD76GiJvcpZOBorg,えいま,11417074,13500,346
2025-11-28 00:20:45,UC9qSqkNFiByKzzoxT3Cydyw,Aiobahn,28200052,90100,14
2025-11-28 00:20:45,UCpT4syVopfBl2bATVfAt65g,澤野弘之 / SawanoHiroyuki[nZk],51785889,4090,22
2025-11-28 00:20:45,UCqfELxLmasBwYET4ZAMfMqA,がみくん,1009332796,584000,3990
2025-11-28 00:20:45,UCUbAVVpHteGtGQPPN9lM3oQ,ホロライブ切り抜き/なめたけ,572453900,339000,2103
2025-11-28 00:20:45,UC9-yZkJfxtg6WNCX5mUQb0w,ノゴローチャンネル,179654208,126000,3593
2025-11-28 00:20:45,UCdMGYXL38w6htx6Yf9YJa-w,プロジェクトセカイ カラフルステージ! feat. 初音ミク,2004681179,2060000,1907
2025-11-28 00:20:45,UCAVR6Q0YgYa8xwz8rdg9Mrg,原神-Genshin-公式,784058762,2100000,2022
2025-11-28 00:20:45,UCRDJ3DN-6ND_a4LSJ35L91A,立川ちゃんねる,106633506,107000,639
2025-11-28 00:20:45,UCDbUUremwf8k1x1GTYfB1Ng,ニート部クラフト,20469029,97300,126
2025-11-28 00:20:45,UCKsVfYfguU3s5vMO5yhcWdw,STARGLOW Official,23413198,2650,49
2025-11-28 00:20:45,UCFQu6Q-9LAS3KoEuRDNkzGA, ニート部,659410890,680000,3213
2025-11-28 00:20:45,UCtiObj3CsEAdNU6ZPWDsddQ,TOMORROW X TOGETHER OFFICIAL,3494513829,13100000,3043
2025-11-28 00:20:45,UCu2Fxqf37DAZ0ZhIsd1FZwA,Capcom Fighters JP,263206267,257000,3909
2025-11-28 00:20:45,UCFvSFbT8okMrpuFxBEIB2lg,M!LK,90553892,10400,243
2025-11-28 00:20:45,UCs8nP5mUR3pwJmgixsul8Hw,Saucy Dog,503080790,860000,120
2025-11-28 00:20:45,UC7wu64jFsV02bbu6UHUd7JA,ガンダムチャンネル,412635067,1670000,1657
2025-11-28 00:20:45,UC2NujFa5X09CdV0YCntmQDg,板橋ハウス,905340198,752000,2030
2025-11-28 00:20:45,UCHazKLThRbMyMFu2bVAKhng,ウォーターチャレンジ,3131310717,3150000,2181
2025-11-28 00:20:45,UC3PFoXZPFJGy9F4PG84nNQQ,Soala - Topic,29220278,4820,84
2025-11-28 00:20:45,UC-UxhoAxlq57uZ8BA0b1Jyw,FPS切り抜きボット【ローレン・イロアス】,156796425,119000,1404
2025-11-28 00:20:45,UC3NrSfe_yR5XX9zGFxYoV1Q,HIRAIDAI - Topic,281407124,3400,415
2025-11-28 00:20:45,UCYXmyrGUVL8tX7VEvo_DjPw,シャル@ツモらせ隊,83417780,178000,901
2025-11-28 00:20:45,UCtwTCZuQkTIwUf5m9mlZnOQ,Release - Topic,27370,53,7
2025-11-28 00:20:45,UCj4PjeVMnNTHIR5EeoNKPAw,ドズル社,4908810074,2570000,10214
2025-11-28 00:20:45,UC6SmH9mR82nj28_NNg_rZvA,スクウェア・エニックス,1173462261,1090000,10987
2025-11-28 00:20:45,UCBLGjbYv6-xxju1i44RjnnA,明透 -ᴀsᴜ-,132564670,625000,494
2025-11-28 00:20:45,UCcmLTYWn2bI5GwNVSP1bl4Q,バッチコイなみちょ,15066375,17400,648
2025-11-28 00:20:45,UCx1nAvtVDIsaGmCMSe8ofsQ,加藤純一【jun channel】,1137516709,1280000,1835
2025-11-28 00:20:45,UCt09C9DPSuOGpHoitbcyCIQ,ゼンレスゾーンゼロ-ZZZ-公式,230329014,754000,430
2025-11-28 00:20:45,UCBhPDpv9JavoPADrZcsAC2A,あらき-ARAKI Official,320679686,489000,260
2025-11-28 00:20:45,UCZwcUEEjD8RVzB-TAw1ts3g,Eden - Topic,4266876,1770,38
2025-11-26 22:49:36,UCu3kfiUaK7MmkQ40omEpGyQ,ナナ色チャンネル,4507959,8320,83
2025-11-26 22:49:36,UCcz2Y1yhR42UxbFwvPFGCmA,きっしー助六ちゃんねる,75772269,61500,940
2025-11-26 22:49:36,UCx1nAvtVDIsaGmCMSe8ofsQ,加藤純一【jun channel】,1137244182,1280000,1834
2025-11-26 22:49:36,UC56x--_QtyaWD1QptYrPMqA,刀剣乱舞 公式チャンネル,9523467,131000,116
2025-11-26 22:49:36,UCUW6U6iOrntB0jw6-AbQo8g,RED Games,250361199,209000,3569
2025-11-26 22:49:36,UC6qVAJzxF5kSN_UUFSdODiQ,MAZZEL - Topic,19285446,8260,57
2025-11-26 22:49:36,UCvaTdHTWBGv3MKj3KVqJVCw,Okayu Ch. 猫又おかゆ,626491070,2060000,1591
2025-11-26 22:49:36,UCXeTnWiRoifoHHEzSyR5Ogg,パチンコ・パチスロ必勝ガイドチャンネル,52748613,86300,1324
2025-11-26 22:49:36,UCHp2q2i85qt_9nn2H7AvGOw,NiziU Official,1563277157,2290000,2504
2025-11-26 22:49:36,UCooVYzDxdwTtGYAkcPmOgOw,Brawl Stars,4003702299,23200000,370
2025-11-26 22:49:36,UCMJiPpN_09F0aWpQrgbc_qg,キヨ。,6530876349,5480000,3083
2025-11-26 22:49:36,UCjcYYjM16TFOPXDjWgzHiHA,超覚醒てえんだ「スロパチ生放送」,87277250,140000,571
2025-11-26 22:49:36,UC0ux2IFOXkj6ifQ4aSs9l7Q,大月【おおつき】,14755384,17500,1218
2025-11-26 22:49:36,UCB_qr75-ydFVKSF9Dmo6izg,FORMULA 1,8865234058,13700000,9406
2025-11-26 22:49:36,UCOjkVJQcjtWnpf0-1ft4brA,ゆっくりむちゃたぬき,210059667,352000,423
2025-11-26 22:49:36,UCBuLdF0tQn5oZjpvYWSQkaA,Liura Channel,92139442,206000,374
2025-11-26 22:49:36,UCNVIo0UJXTdEnsRkCB9Q03w,ILLIT - Topic,563762931,57700,59
2025-11-26 22:49:36,UCL7VEatXa9yBCKeM-ww8TnA,NX☆くさあん,208448896,238000,3562
2025-11-26 22:49:36,UCGc93NguHRwzv1Rw9MyIcxQ,鳴潮 (Wuthering Waves)公式,103228294,345000,465
2025-11-26 22:49:36,UCp_Az_oKu8-J5qIQpF35JbA,やわらちゃんねる,192928076,279000,862
2025-11-26 22:49:36,UCOTR1tcOAhjgi6YukrPpZxg,まふまふちゃんねる,2481296145,3610000,511
2025-11-26 22:49:36,UCX7YkU9nEeaoZbkVLVajcMg,にじさんじ,1071638905,1870000,2823
2025-11-26 22:49:36,UC9zY_E8mcAo_Oq772LEZq8Q,THE FIRST TAKE,6260490494,11500000,1529
2025-11-26 22:49:36,UCXqWKjzm2YMH6Bs7rAmsKFw,福本大晴,7285544,89600,145
2025-11-26 22:49:36,UCMR5xpbhv3jzIQG1TOTg-Jg,B'z - Topic,290233950,3870,678
2025-11-26 22:49:36,UCLkAepWjdylmXSltofFvsYQ,BANGTANTV,26052132409,81700000,2935
2025-11-26 22:49:36,UC8rk-fIWJXYlSF8tkfG9wWg,天色鮫,66562544,192000,132
2025-11-26 22:49:36,UCxIK6x6sG7Ln5vjjPYpgeAw,Chogakusei Official,674113985,1010000,564
2025-11-26 22:49:36,UC8eq3M3Yft3FUgxEX6lOZMg,chotokkyu - Topic,35769873,577,486
2025-11-26 22:49:36,UCBA-kvU_zYdKreZbhhywX2Q,あいずちゃんねる,147710919,57400,803
2025-11-26 22:49:36,UCHazKLThRbMyMFu2bVAKhng,ウォーターチャレンジ,3129829378,3150000,2181
2025-11-26 22:49:36,UCdkVEDVAW5aFmA-Mkz0lAFQ,ひたまゆ。,466517551,410000,2793
2025-11-26 22:49:36,UC1DqlLj1onQhBfxW81OgQTw,GLAY,732544767,541000,884
2025-11-26 22:49:36,UCdszfKemUn36sOEplfkiGVQ,GPV LABEL,2994474,5340,90
2025-11-26 22:49:36,UCgmFrRcyH7d1zR9sIVQhFow,ローレン・イロアス / Lauren Iroas【にじさんじ】,396807021,953000,1048
2025-11-26 22:49:36,UCBhPDpv9JavoPADrZcsAC2A,あらき-ARAKI Official,320679686,489000,260
2025-11-26 22:49:36,UCeK22JmzkTMa69kZU9NEqsA,めじの【Vtuber応援隊】,31821301,15100,537
2025-11-26 22:49:36,UCv7VutirxDn3RWIJXI68n_A,＝LOVE（イコールラブ）公式チャンネル,466225819,556000,474
2025-11-26 22:49:36,UC5vqbtNnbOF2h7A_xlrIPUw,ぽっぴんず,916578477,630000,1053
2025-11-26 22:49:36,UC6H_7uSepAzrlayBjAb9rrg,WurtS - Topic,69010100,698,82
2025-11-26 22:49:36,UCZetZElUvdElPrcstRjl9DA,加藤純一ロードショー,413173563,509000,982
2025-11-26 22:49:36,UChUjERVG8eKEAJSCef-tTmg,k4sen / かせん,717720716,1020000,3063
2025-11-26 22:49:36,UCFuugQScqDfJcsOEWbL1_tg,Gero Channel,209118582,551000,166
2025-11-26 22:49:36,UC8Qwnts13zIh2EYUCau6m3w,ONE N' ONLY TV,112267072,214000,794
2025-11-26 22:49:36,UC4YT50DP7hbMsor8FmyEPMw,Victor Entertainment,1489501861,1070000,4972
2025-11-26 22:49:36,UCmovZ2th3Sqpd00F5RdeigQ,加賀美 ハヤト/Hayato Kagami,332409391,921000,1521
2025-11-26 22:49:36,UCfkXDY7vwkcJ8ddFGz8KusA,SEVENTEEN,7797609294,16200000,3277
2025-11-26 22:49:36,UCOx-oLP9tOhiYwSK_m-yVxA,オモコロチャンネル,618158898,473000,1144
2025-11-26 22:49:36,UCCzUftO8KOVkV4wQG1vkUvg,Marine Ch. 宝鐘マリン,2033880549,4260000,1560
2025-11-26 22:49:36,UCylNKKCfPMm8ROXasQWTonA,響咲リオナの足,3214550,6930,124
2025-11-26 22:49:36,UCEf_Bc-KVd7onSeifS3py9g,SMTOWN,32601374258,33500000,4640
2025-11-26 22:49:36,UCDwcZ85zjLKD-3-jqlv1wQQ,アンジュルム,213864061,229000,370
2025-11-26 22:49:36,UCHD1jo5RhijLfx5-0Ehe_cg,&TEAM,466813545,1320000,1408
2025-11-26 22:49:36,UC15ebOqdhmvl1eb0s0jk5aw,戦極MCBATTLE,1332434553,847000,5383
2025-11-26 22:49:36,UCdMGYXL38w6htx6Yf9YJa-w,プロジェクトセカイ カラフルステージ! feat. 初音ミク,2002918466,2060000,1907
2025-11-26 22:49:36,UC2NujFa5X09CdV0YCntmQDg,板橋ハウス,904660978,752000,2029
2025-11-26 22:49:36,UCDbUUremwf8k1x1GTYfB1Ng,ニート部クラフト,20381415,97200,125
2025-11-26 22:49:36,UC7aYDbAOIKIMt25ENfJ68Qw,ルカ,118689817,120000,2126
2025-11-26 22:49:36,UCeA0fcfLVewbuD7H5YsrpdA,ライキジョーンズ,118778430,146000,3390
2025-11-26 22:49:36,UCH-lygWpHodDff3iQurnWnQ,加藤純一切り抜き集,1718873534,580000,5439
2025-11-26 22:49:36,UC3ruCdV7xnwAbpkW9tQq-6A,のーわん【NoOnE】,419083334,409000,1206
2025-11-26 22:49:36,UCoQhX2O93MVTWfgIz-8wOmg,KUNの50人クラフト,465558693,543000,1048
2025-11-26 22:49:36,UCkVvAm5jb62IMIJQj4wPVGA,TMSアニメ公式チャンネル,379083255,898000,1146
2025-11-26 22:49:36,UChhKBlh_wvspTh5n4mL0b5g,BOYNEXTDOOR,1165454055,2060000,2200
2025-11-26 22:49:36,UCMF_5h2OejEhVorTB02UUSg,MAZZEL,243792578,284000,721
2025-11-26 22:49:36,UCaO6TYtlC8U5ttz62hTrZgg,JYP Entertainment,26020253681,31500000,2639
2025-11-26 22:49:36,UCAaGaynFpku5cAx6OOSrW-w,HoneyWorks OFFICIAL,1601855248,2850000,550
2025-11-26 22:49:36,UCdCC1L_OxLrkoEjR19iXpRw,パチスロードch,135779790,75700,814
2025-11-26 22:49:36,UCvo8JUqHh2d1QGnK3LKyI4Q,ポケモンユナイト公式チャンネル,31955174,139000,467
2025-11-26 22:49:36,UC8_Ag6BVp43Vmrx6eillK9g,Vaundy - Topic,908887607,2190,110
2025-11-26 22:49:36,UClNdVSK1uy2xFHTaXZYXopw,らっだぁ,1818287342,1450000,2341
2025-11-26 22:49:36,UCqQNCRSihFHVsXrDikNeYSg,げまじょが好き【にじさんじEXゲマズ切り抜き】,4505630,2350,118
2025-11-26 22:49:36,UC9Lx-zRFGfpuls27tNAOIqA,マエスケ,1541789868,1830000,1138
2025-11-26 22:49:36,UCtyXllCXnTAg4rjfI3UwIgA,しょうちゃんネル,300379892,138000,1547
2025-11-26 22:49:36,UCZVVCZwOpCbDXB84SDqWixQ,Lil Shady,56239923,283000,97
2025-11-26 22:49:36,UCkKj-SiKyiFkj_dO1vmY3gA,加藤純一RECORDS,5213651,29100,82
2025-11-26 22:49:36,UC14QT5j2nQI8lKBCGtrrBQA,アニプレックス チャンネル,4304370914,3720000,15437
2025-11-26 22:49:36,UCOXOcEbERAwGlE4ig9MaLSQ,夜勤明けパチンコパチスロ実践記,275601275,166000,1623
2025-11-26 22:49:36,UCH4yRBPH2pDUjPeqomx8CTQ,てるとくん,548320450,1330000,1894
2025-11-26 22:49:36,UCN7_YMtKaUiizHpw77XLVcw,EXILE,188488793,14700,308
2025-11-26 22:49:36,UCqKNMJ5s_vsf7WkesdBrvQA,IS:SUE,87680204,221000,769
2025-11-26 22:49:36,UCUzpZpX2wRYOk3J8QTFGxDg,乃木坂46 OFFICIAL YouTube CHANNEL,1610447858,1730000,1168
2025-11-26 22:49:36,UC3IZKseVpdzPSBaWxBxundA,HYBE LABELS,42519525251,79100000,2930
2025-11-26 22:49:36,UC3J-txytRWiRtNXrLS95eEw,ASIAN KUNG-FU GENERATION Official YouTube Channel,608265861,788000,282
2025-11-26 22:49:36,UCtiObj3CsEAdNU6ZPWDsddQ,TOMORROW X TOGETHER OFFICIAL,3494513829,13100000,3041
2025-11-26 22:49:36,UC_ntXHv-XdKCD7CPynVvnQw,Bandai Namco Entertainment America,615222427,1460000,3566
2025-11-26 22:49:36,UC070fhnqq38qNhqHm5rxTcQ,令和ちゃんねる,428354288,506000,3626
2025-11-26 22:49:36,UCJnL-TBcsYrF2SLs7tmiC8Q,tripleS official,691134537,2880000,3056
2025-11-26 22:49:36,UChVflUz2J_jaaqYjXqvpmQA,iLiFE!【あいらいふ】,246311299,485000,533
2025-11-26 22:49:36,UCZMRuagdTBKmmrFtSMN48Xw,牛沢,2664965878,1800000,3740
2025-11-26 22:49:36,UCAWxPGGuIfWME2KTLUmSCHw,ぱかチューブっ!【ウマ娘公式】,515735509,1310000,1287
2025-11-26 22:49:36,UCtPyU9cJgvvgH03PQKgaucA,ファミ通TUBE,183031244,208000,8152
2025-11-26 22:49:36,UCXEo7JprZQGCPkezcZylHlQ,黒炭酸,152273686,202000,1757
2025-11-26 22:49:36,UCdPCarwi28K5Z7s5l2nMiLw,Uru Official YouTube Channel,901097541,1180000,296
2025-11-26 22:49:36,UC1FQWQ3y3-e8l1pCtWhJt5A,Vaundy,2295815134,2430000,226
2025-11-26 22:49:36,UCYe_uTI6X6mm9qaXm8iWFDg,ノッチ配信者パチンコライブ,268739271,125000,2727
2025-11-26 22:49:36,UCVh47EKH9VLresRqiYi9txw,Mili,608668101,1010000,117
2025-11-26 22:49:36,UCqMRVBz-hhSFRuqlL1guqig,あひるだっく,52063292,128000,89
2025-11-26 22:49:36,UCSFCh5NL4qXrAy9u-u2lX3g,Kuzuha Channel,1426230744,2100000,2820
2025-11-26 22:49:36,UC6FadPgGviUcq6VQ0CEJqdQ,Juice=Juice,163770158,250000,280
2025-11-26 22:49:36,UC_DopZ9OANqNGho0wFwADqA,けいちゃん / Keichan,502697517,1270000,606
2025-11-26 22:49:36,UCt09C9DPSuOGpHoitbcyCIQ,ゼンレスゾーンゼロ-ZZZ-公式,229645284,754000,429
2025-11-26 22:49:36,UCRDJ3DN-6ND_a4LSJ35L91A,立川ちゃんねる,106452486,107000,639
2025-11-26 22:49:36,UCc-itdQHxLvUlPrDxIiSJrA,INI,748068954,653000,1268
2025-11-26 22:49:36,UCENwRMx5Yh42zWpzURebzTw,Laplus ch. ラプラス・ダークネス - holoX -,399575779,1450000,917
2025-11-26 22:49:36,UCwJYQvXHtNn1c7RqED4E7MA,パンダドラゴン,44018394,92300,533
2025-11-26 22:49:36,UCvzGlP9oQwU--Y0r9id_jnA,Subaru Ch. 大空スバル,581156475,1950000,1895
2025-11-26 22:49:36,UCxWcO9CLti4uouUIS5IIF-Q,Nornis,59019055,228000,110
2025-11-26 22:49:36,UCeTo4Eh0TzpKbUL4vGQZ73A,LEX *,4521029,1280,14
2025-11-26 22:49:36,UCfipDDn7wY-C-SoUChgxCQQ,葉山舞鈴 / Ohayama Ch.,88016924,599000,1339
2025-11-26 22:49:36,UCof7dOTnyxaidkKkcIFuflQ,Mone Kamishiraishi - Topic,26275125,326,123
2025-11-26 22:49:36,UCzRzPAT-AjlPyec5yXG974g,カワノKawano,207781875,184000,1322
2025-11-26 22:49:36,UCHVkYOT63gAz5yTxjo68_Ng,家スロットゲームパンダ’s ROOM@琉球🐼🪸,1208167,1680,76
2025-11-26 22:49:36,UCYLp2FLXcqLUZhvrCxQmNIA,胡桃沢りりか,40952518,100000,2570
2025-11-26 22:49:36,UCJy7zfLsKBXoo2soFMum7JQ,あかさかの箱,1290130511,2620000,2688
2025-11-26 22:49:36,UCjJmYy279ehSYSwR1A3fXtA,マグロヘッド,393931180,735000,1753
2025-11-26 22:49:36,UCYA14rrNjvQq_P_YSNeJHgA,スロライブ,89847170,46500,895
2025-11-26 22:49:36,UCmnZL4tFRl4sm-uJOxTLHmg,今日ポケch.,985549791,569000,1304
2025-11-26 22:49:36,UCy0DH4rgPPjDWVZO7wibcSQ,めめんともり,351702333,335000,468
2025-11-26 22:49:36,UCj4PjeVMnNTHIR5EeoNKPAw,ドズル社,4900034217,2570000,10212
2025-11-26 22:49:36,UCFQu6Q-9LAS3KoEuRDNkzGA, ニート部,658915879,680000,3213
2025-11-26 22:49:36,UCWvr04hMa4k4wSilYcQ4qoA,キャベツの人【ゲーム紹介】,253110424,418000,973
2025-11-26 22:49:36,UCIJAlAYCNN8RACtDDsy9K6g,Novelbright,652756465,733000,319
2025-11-26 22:49:36,UCu2Fxqf37DAZ0ZhIsd1FZwA,Capcom Fighters JP,262009454,257000,3907
2025-11-26 22:49:36,UCC4xWbcBVn-tHgchhrdmFpg,Jinmenusagi,9965654,32600,80
2025-11-26 22:49:36,UCPVr7clenPjpD7WNsSI3UBQ,レトルト,2878700140,2590000,3850
2025-11-26 22:49:36,UCy9GuRXGTm8TliQ-OJ7KwzA,【V.I.P】,978404255,979000,2495
2025-11-26 22:49:36,UCEfbtVOJgicdHjs5HzOzJlA,ぱち・スロ部,3649413,1770,303
2025-11-26 22:49:36,UCtKBQ2BYD76GiJvcpZOBorg,えいま,11409709,13500,346
2025-11-26 22:49:36,UCZwcUEEjD8RVzB-TAw1ts3g,Eden - Topic,4227579,1740,38
2025-11-26 22:49:36,UC7wu64jFsV02bbu6UHUd7JA,ガンダムチャンネル,412423775,1670000,1654
2025-11-26 22:49:36,UC-ifW8mHzfsZVGHY8vxqrjA,A.B.C-Z,59464169,54600,437
2025-11-26 22:49:36,UCOVLrBaOiMH5QDKXTycZ8Pw,やっちゃんの崖っぷちスロパチ生活,698750427,326000,5204
2025-11-26 22:49:36,UCrQUlOEbu-0T0l4DAcBEeIg,pizzaofdeathofficial,408072226,332000,372
2025-11-26 22:49:36,UC9rMiEjNaCSsebs31MRDCRA,Stray Kids,9673395528,22200000,1879
2025-11-26 22:49:36,UCGjV4bsC43On-YuiLZcfL0w,KUN,3388904194,1660000,11232
2025-11-26 22:49:36,UCHghNZNbV-CPbb_f3FslObw,がんばるぴえんちゃんパチンコ日記,80297691,100000,1531
2025-11-26 22:49:36,UC9qSqkNFiByKzzoxT3Cydyw,Aiobahn,28036369,90100,14
2025-11-26 22:49:36,UCENoC6MLc4pL-vehJyzSWmg,もこうの実況,1736173730,1600000,5787
2025-11-26 22:49:36,UC6SmH9mR82nj28_NNg_rZvA,スクウェア・エニックス,1173076894,1090000,10984
2025-11-26 22:49:36,UCM3yhFc0-fBFuvqx1Vg2YNQ,まいぜんシスターズ,7170885518,3180000,1860
2025-11-26 22:49:36,UCXURHJRGr4-EB3l87kcbElw,NCT DREAM,2300999800,7000000,1314
2025-11-26 22:49:36,UCLrYavXppY_4oRfquHk9VQg,HAGANE,14455474,74800,142
2025-11-26 22:49:36,UChn5TjkeEqd-JxzizMVSkOw,ハヤトの野望,1035116728,1510000,2417
2025-11-26 22:49:36,UC__iCxFigPdcry_UBv6sDGw,IO,16279732,38200,13
2025-11-26 22:49:36,UCZ1xuCK1kNmn5RzPYIZop3w,リゼ・ヘルエスタ -Lize Helesta-,299210937,957000,1090
2025-11-26 22:49:36,UC3NrSfe_yR5XX9zGFxYoV1Q,HIRAIDAI - Topic,281229302,3400,415
2025-11-26 22:49:36,UCOfESRUR5duQ2hMnTQ4oqhA,BUMP OF CHICKEN,1637208579,1590000,165
2025-11-26 22:49:36,UCFvSFbT8okMrpuFxBEIB2lg,M!LK,89672169,10400,243
2025-11-26 22:49:36,UCzXjPL7zo0bxhOYDxLJ9YEg,ポッキー,4096717679,3750000,4359
2025-11-26 22:49:36,UCILZFnKZJksR7zwhZbAB4vw,れじぇくん,1503069264,1170000,1428
2025-11-26 22:49:36,UCpYHkc4rzWEW7iVXIyxQebA,Hey! Say! JUMP - Topic,58814548,5080,738
2025-11-26 22:49:36,UCyTaStlK0neSuKveYOIioaw,ぐんぐにるチャンネル,275051458,426000,447
2025-11-26 22:49:36,UCpGpA7mSYmNJjLiJxKso5QA,しもふりチューブ,1783109366,2160000,3021
2025-11-26 22:49:36,UCv2ejD5B1xOYtGB2cf80B8g,Netflix Japan,1981513167,2300000,7758
2025-11-26 22:49:36,UCtwTCZuQkTIwUf5m9mlZnOQ,Release - Topic,3185,43,7
2025-11-26 22:49:36,UCMzLWawc9x3rUsqYDEfgqzA,ジャック・オ・蘭たん,712367245,648000,1888
2025-11-26 22:49:36,UCx-QS9BIo_L_lx5dkpys1qw,ねこまんまのパチ•チャンネル,7979566,14200,167
2025-11-26 22:49:36,UCcg_rvE-fU2tATMwBAxW9bA,ヤングスキニー,149392027,238000,603
2025-11-26 22:49:36,UCqeAYB1DMzfM-hG-Up52yNQ,つるおかかものはし,371298994,387000,3610
2025-11-26 22:49:36,UC-_iQWdEZY66nGGaHH0Ygmg,僕が見たかった青空,52805973,122000,498
2025-11-26 22:49:36,UCtceiniicYEsbAVuWy-Bi0Q,ドラゴンクエストウォーク公式,50337642,181000,160
2025-11-26 22:49:36,UC1DCedRgGHBdm81E1llLhOQ,Pekora Ch. 兎田ぺこら,1012493189,2740000,2342
2025-11-26 22:49:36,UC-hM6YJuNYVAmUWxeIr9FeA,Miko Ch. さくらみこ,889625882,2460000,2043
2025-11-26 22:49:36,UCPJCP_fon2mOMfibbBPUOYw,SAWAYAN GAMES / サワヤン ゲームズ,1298866965,2070000,3417
2025-11-26 22:49:36,UCrKna8EQAd7NPRYq-gIsuow,ホロライ部【ホロライブ切り抜き】,70032016,37800,613
2025-11-26 22:49:36,UC3VId8brfshtHO6gMMqnZ5A,FLOW GLOW - Topic,366731,2190,5
2025-11-26 22:49:36,UC_vMYWcDjmfdpH6r4TTn1MQ,Iroha ch. 風真いろは - holoX -,262899962,1130000,1052
2025-11-26 22:49:36,UCS57xc1Bf-znC9_ouCc3SZw,佐野元春 - DaisyMusic,50511392,77700,163
2025-11-26 22:49:36,UCHzevlEL9JfsBIm86uNCJqg,宮野真守,78718653,449000,329
2025-11-26 22:49:36,UCYXmyrGUVL8tX7VEvo_DjPw,シャル@ツモらせ隊,83196304,178000,900
2025-11-26 22:49:36,UCDhOdoqPxv96djR3tSq9NoA,ショコラ大佐の秘密基地,148484620,138000,1745
2025-11-26 22:49:36,UCc-PPk-lNe34JaWCcJQCL0g,ドコムスチャンネル,540824009,593000,2023
2025-11-26 22:49:36,UCMGvmEqkVbl372DCyn3NLAw,【吹いたら負け】葛葉先生のしくじり【切り抜き】,180526737,136000,978
2025-11-26 22:49:36,UCdVD0MsYecQaIE5Ru-pOIQQ,RIIZE,1015326967,1870000,1382
2025-11-26 22:49:36,UCKU0SVkIPRqwiZaXJ9rXhdw,シュート。,216489823,256000,2334
2025-11-27 20:18:27,UCXqWKjzm2YMH6Bs7rAmsKFw,福本大晴,7532808,89600,145
2025-11-27 20:18:27,UCL7VEatXa9yBCKeM-ww8TnA,NX☆くさあん,208577725,238000,3564
2025-11-27 20:18:27,UCoQhX2O93MVTWfgIz-8wOmg,KUNの50人クラフト,466114749,544000,1051
2025-11-27 20:18:27,UChUjERVG8eKEAJSCef-tTmg,k4sen / かせん,718644367,1020000,3064
2025-11-27 20:18:27,UC_ntXHv-XdKCD7CPynVvnQw,Bandai Namco Entertainment America,615627915,1460000,3570
2025-11-27 20:18:27,UC3IZKseVpdzPSBaWxBxundA,HYBE LABELS,42534399305,79100000,2930
2025-11-27 20:18:27,UCLkAepWjdylmXSltofFvsYQ,BANGTANTV,26052132409,81700000,2935
2025-11-27 20:18:27,UC9rMiEjNaCSsebs31MRDCRA,Stray Kids,9673395528,22200000,1881
2025-11-27 20:18:27,UCJnL-TBcsYrF2SLs7tmiC8Q,tripleS official,697072588,2880000,3061
2025-11-27 20:18:27,UCu2Fxqf37DAZ0ZhIsd1FZwA,Capcom Fighters JP,262929109,257000,3909
2025-11-27 20:18:27,UCeA0fcfLVewbuD7H5YsrpdA,ライキジョーンズ,118883150,146000,3390
2025-11-27 20:18:27,UCM3yhFc0-fBFuvqx1Vg2YNQ,まいぜんシスターズ,7171762545,3180000,1860
2025-11-27 20:18:27,UC3VId8brfshtHO6gMMqnZ5A,FLOW GLOW - Topic,393259,2190,5
2025-11-27 20:18:27,UC8rk-fIWJXYlSF8tkfG9wWg,天色鮫,66637382,192000,132
2025-11-27 20:18:27,UCIJAlAYCNN8RACtDDsy9K6g,Novelbright,652756465,733000,319
2025-11-27 20:18:27,UCEfbtVOJgicdHjs5HzOzJlA,ぱち・スロ部,3673041,1770,303
2025-11-27 20:18:27,UCwF6o6cF7BMTY1-OZ7ZUY7Q,フォートナイト 公式,270974311,410000,586
2025-11-27 20:18:27,UCXeTnWiRoifoHHEzSyR5Ogg,パチンコ・パチスロ必勝ガイドチャンネル,52790155,86300,1325
2025-11-27 20:18:27,UCUbAVVpHteGtGQPPN9lM3oQ,ホロライブ切り抜き/なめたけ,572272419,339000,2103
2025-11-27 20:18:27,UCRDJ3DN-6ND_a4LSJ35L91A,立川ちゃんねる,106588840,107000,639
2025-11-27 20:18:27,UCqeAYB1DMzfM-hG-Up52yNQ,つるおかかものはし,371628954,387000,3612
2025-11-27 20:18:27,UCHazKLThRbMyMFu2bVAKhng,ウォーターチャレンジ,3130936876,3150000,2181
2025-11-27 20:18:27,UC-UxhoAxlq57uZ8BA0b1Jyw,FPS切り抜きボット【ローレン・イロアス】,156707785,119000,1404
2025-11-27 20:18:27,UCdMGYXL38w6htx6Yf9YJa-w,プロジェクトセカイ カラフルステージ! feat. 初音ミク,2004254384,2060000,1907
2025-11-27 20:18:27,UC6SmH9mR82nj28_NNg_rZvA,スクウェア・エニックス,1173377967,1090000,10987
2025-11-27 20:18:27,UCYXmyrGUVL8tX7VEvo_DjPw,シャル@ツモらせ隊,83359858,178000,901
2025-11-27 20:18:27,UCxIK6x6sG7Ln5vjjPYpgeAw,Chogakusei Official,674277867,1010000,564
2025-11-27 20:18:27,UCMGvmEqkVbl372DCyn3NLAw,【吹いたら負け】葛葉先生のしくじり【切り抜き】,180594707,136000,978
2025-11-27 20:18:27,UCqKNMJ5s_vsf7WkesdBrvQA,IS:SUE,87680204,221000,770
2025-11-27 20:18:27,UCB_qr75-ydFVKSF9Dmo6izg,FORMULA 1,8871159200,13700000,9408
2025-11-27 20:18:27,UC8_Ag6BVp43Vmrx6eillK9g,Vaundy - Topic,909879734,2190,110
2025-11-27 20:18:27,UC6H_7uSepAzrlayBjAb9rrg,WurtS - Topic,69108754,698,82
2025-11-27 20:18:27,UCof7dOTnyxaidkKkcIFuflQ,Mone Kamishiraishi - Topic,26385160,326,123
2025-11-27 20:18:27,UChhKBlh_wvspTh5n4mL0b5g,BOYNEXTDOOR,1166800131,2070000,2201
2025-11-27 20:18:27,UCZetZElUvdElPrcstRjl9DA,加藤純一ロードショー,413602922,509000,982
2025-11-27 20:18:27,UCBhPDpv9JavoPADrZcsAC2A,あらき-ARAKI Official,320679686,489000,260
2025-11-27 20:18:27,UCMzLWawc9x3rUsqYDEfgqzA,ジャック・オ・蘭たん,712914393,649000,1888
2025-11-27 20:18:27,UCjcYYjM16TFOPXDjWgzHiHA,超覚醒てえんだ「スロパチ生放送」,87356301,140000,571
2025-11-27 20:18:27,UCHp2q2i85qt_9nn2H7AvGOw,NiziU Official,1563277157,2290000,2505
2025-11-27 20:18:27,UCCzUftO8KOVkV4wQG1vkUvg,Marine Ch. 宝鐘マリン,2033880549,4260000,1560
2025-11-27 20:18:27,UCu3kfiUaK7MmkQ40omEpGyQ,ナナ色チャンネル,4666870,8400,83
2025-11-27 20:18:27,UCrKna8EQAd7NPRYq-gIsuow,ホロライ部【ホロライブ切り抜き】,70087617,37900,614
2025-11-27 20:18:27,UCjJmYy279ehSYSwR1A3fXtA,マグロヘッド,394405965,735000,1754
2025-11-27 20:18:27,UCs8nP5mUR3pwJmgixsul8Hw,Saucy Dog,503080790,860000,120
2025-11-27 20:18:27,UCqm3BQLlJfvkTsX_hvm0UmA,Watame Ch. 角巻わため,610016767,1700000,2979
2025-11-27 20:18:27,UCxWcO9CLti4uouUIS5IIF-Q,Nornis,59019055,228000,110
2025-11-27 20:18:27,UCH-lygWpHodDff3iQurnWnQ,加藤純一切り抜き集,1719255492,580000,5441
2025-11-27 20:18:27,UCdn5BQ06XqgXoAxIhbqw5Rg,フブキCh。白上フブキ,710953599,2640000,2968
2025-11-27 20:18:27,UCdCC1L_OxLrkoEjR19iXpRw,パチスロードch,136215959,75700,816
2025-11-27 20:18:27,UCXEo7JprZQGCPkezcZylHlQ,黒炭酸,152490020,202000,1757
2025-11-27 20:18:27,UC3PFoXZPFJGy9F4PG84nNQQ,Soala - Topic,29220278,4820,84
2025-11-27 20:18:27,UCFvSFbT8okMrpuFxBEIB2lg,M!LK,90312072,10400,243
2025-11-27 20:18:27,UCFuugQScqDfJcsOEWbL1_tg,Gero Channel,209118582,551000,167
2025-11-27 20:18:27,UCfipDDn7wY-C-SoUChgxCQQ,葉山舞鈴 / Ohayama Ch.,88098293,600000,1340
2025-11-27 20:18:27,UCYA14rrNjvQq_P_YSNeJHgA,スロライブ,89961056,46500,896
2025-11-27 20:18:27,UCiZqWVAeChfqlom5ZPR3ZJA,NCT WISH,630033332,1140000,1125
2025-11-27 20:18:27,UCeK22JmzkTMa69kZU9NEqsA,めじの【Vtuber応援隊】,31896540,15100,539
2025-11-27 20:18:27,UCDBdcJ3JIg2sjDg8QR3xp-g,Iyowa - Topic,65698952,31400,88
2025-11-27 20:18:27,UCTEQRq53fm5tw-3vJ1HLUCw,MAY'S - Topic,4421756,710,309
2025-11-27 20:18:27,UCc-PPk-lNe34JaWCcJQCL0g,ドコムスチャンネル,541285685,593000,2024
2025-11-27 20:18:27,UCtKBQ2BYD76GiJvcpZOBorg,えいま,11415764,13500,346
2025-11-27 20:18:27,UC9qSqkNFiByKzzoxT3Cydyw,Aiobahn,28200052,90100,14
2025-11-27 20:18:27,UCOXOcEbERAwGlE4ig9MaLSQ,夜勤明けパチンコパチスロ実践記,275742165,166000,1623
2025-11-27 20:18:27,UCcmLTYWn2bI5GwNVSP1bl4Q,バッチコイなみちょ,15066375,17400,648
2025-11-27 20:18:27,UC14QT5j2nQI8lKBCGtrrBQA,アニプレックス チャンネル,4307214700,3720000,15441
2025-11-27 20:18:27,UCHzevlEL9JfsBIm86uNCJqg,宮野真守,78718653,449000,329
2025-11-27 20:18:27,UC_vMYWcDjmfdpH6r4TTn1MQ,Iroha ch. 風真いろは - holoX -,263202951,1130000,1055
2025-11-27 20:18:27,UCtiObj3CsEAdNU6ZPWDsddQ,TOMORROW X TOGETHER OFFICIAL,3494513829,13100000,3042
2025-11-27 20:18:27,UCPJCP_fon2mOMfibbBPUOYw,SAWAYAN GAMES / サワヤン ゲームズ,1299302501,2070000,3418
2025-11-27 20:18:27,UChn5TjkeEqd-JxzizMVSkOw,ハヤトの野望,1035625127,1510000,2418
2025-11-27 20:18:27,UCS57xc1Bf-znC9_ouCc3SZw,佐野元春 - DaisyMusic,50511392,77700,163
2025-11-27 20:18:27,UCl_HfKfmxefUAVHPyJu0aCg,シュガーの宝舟,80143480,84300,1358
2025-11-27 20:18:27,UCylNKKCfPMm8ROXasQWTonA,響咲リオナの足,3336188,7060,126
2025-11-27 20:18:27,UCPVr7clenPjpD7WNsSI3UBQ,レトルト,2879338263,2590000,3850
2025-11-27 20:18:27,UCy0DH4rgPPjDWVZO7wibcSQ,めめんともり,352005588,335000,468
2025-11-27 20:18:27,UCX7YkU9nEeaoZbkVLVajcMg,にじさんじ,1071962136,1870000,2824
2025-11-27 20:18:27,UC7aYDbAOIKIMt25ENfJ68Qw,ルカ,118721142,120000,2127
2025-11-27 20:18:27,UCVh47EKH9VLresRqiYi9txw,Mili,608668101,1010000,117
2025-11-27 20:18:27,UCNVIo0UJXTdEnsRkCB9Q03w,ILLIT - Topic,565212283,57700,59
2025-11-27 20:18:27,UCv0F5yCdnwnBTrcJO2Yr3lQ,きむちゃんねる,924981628,765000,2674
2025-11-27 20:18:27,UCkVvAm5jb62IMIJQj4wPVGA,TMSアニメ公式チャンネル,379535728,898000,1147
2025-11-27 20:18:27,UC8Qwnts13zIh2EYUCau6m3w,ONE N' ONLY TV,112267072,214000,795
2025-11-27 20:18:27,UCfkXDY7vwkcJ8ddFGz8KusA,SEVENTEEN,7797609294,16200000,3289
2025-11-27 20:18:27,UCZ1xuCK1kNmn5RzPYIZop3w,リゼ・ヘルエスタ -Lize Helesta-,299329789,957000,1090
2025-11-27 20:18:27,UCkKj-SiKyiFkj_dO1vmY3gA,加藤純一RECORDS,5266909,29200,82
2025-11-27 20:18:27,UCHD1jo5RhijLfx5-0Ehe_cg,&TEAM,466813545,1320000,1411
2025-11-27 20:18:27,UCj4PjeVMnNTHIR5EeoNKPAw,ドズル社,4906590678,2570000,10213
2025-11-27 20:18:27,UCmnZL4tFRl4sm-uJOxTLHmg,今日ポケch.,986677118,569000,1305
2025-11-27 20:18:27,UCcz2Y1yhR42UxbFwvPFGCmA,きっしー助六ちゃんねる,75916692,61600,941
2025-11-27 20:18:27,UCZMRuagdTBKmmrFtSMN48Xw,牛沢,2665781448,1800000,3741
2025-11-27 20:18:27,UCspv01oxUFf_MTSipURRhkA,Kanae Channel,785693510,1510000,4293
2025-11-27 20:18:27,UCYLp2FLXcqLUZhvrCxQmNIA,胡桃沢りりか,41004870,100000,2572
2025-11-27 20:18:27,UCZwcUEEjD8RVzB-TAw1ts3g,Eden - Topic,4266876,1760,38
2025-11-27 20:18:27,UCAVR6Q0YgYa8xwz8rdg9Mrg,原神-Genshin-公式,784058762,2100000,2022
2025-11-27 20:18:27,UCMF_5h2OejEhVorTB02UUSg,MAZZEL,243792578,285000,721
2025-11-27 20:18:27,UC56x--_QtyaWD1QptYrPMqA,刀剣乱舞 公式チャンネル,9562875,131000,116
2025-11-27 20:18:27,UCSFCh5NL4qXrAy9u-u2lX3g,Kuzuha Channel,1427452276,2100000,2822
2025-11-27 20:18:27,UCkv76wCrBDQNn7ctcbn6Qeg,Nissy - Topic,93375916,26400,192
2025-11-27 20:18:27,UClqWF_XeXy469i4KDurpjWw,Yukopi,13448,2,1
2025-11-27 20:18:27,UCXURHJRGr4-EB3l87kcbElw,NCT DREAM,2300999800,7000000,1317
2025-11-27 20:18:27,UCv2ejD5B1xOYtGB2cf80B8g,Netflix Japan,1983114200,2310000,7764
2025-11-27 20:18:27,UCd9BXPj-KcMTh0HiB-Vlb8A,モンスト（モンスターストライク）公式,1160616788,1550000,4581
2025-11-27 20:18:27,UCtceiniicYEsbAVuWy-Bi0Q,ドラゴンクエストウォーク公式,50515736,181000,160
2025-11-27 20:18:27,UCOVLrBaOiMH5QDKXTycZ8Pw,やっちゃんの崖っぷちスロパチ生活,698980096,326000,5205
2025-11-27 20:18:27,UCmovZ2th3Sqpd00F5RdeigQ,加賀美 ハヤト/Hayato Kagami,332409391,921000,1522
2025-11-27 20:18:27,UCBA-kvU_zYdKreZbhhywX2Q,あいずちゃんねる,147829926,57400,803
2025-11-27 20:18:27,UCDhOdoqPxv96djR3tSq9NoA,ショコラ大佐の秘密基地,148646669,138000,1746
2025-11-27 20:18:27,UCHghNZNbV-CPbb_f3FslObw,がんばるぴえんちゃんパチンコ日記,80501715,100000,1534
2025-11-27 20:18:27,UCeuNlK0yX-6_4930q0JUGNw,白瀬,414452121,183000,2094
2025-11-27 20:18:27,UCDwcZ85zjLKD-3-jqlv1wQQ,アンジュルム,213864061,229000,372
2025-11-27 20:18:27,UCMR5xpbhv3jzIQG1TOTg-Jg,B'z - Topic,290630711,3870,678
2025-11-27 20:18:27,UC-hM6YJuNYVAmUWxeIr9FeA,Miko Ch. さくらみこ,889625882,2460000,2043
2025-11-27 20:18:27,UCAaGaynFpku5cAx6OOSrW-w,HoneyWorks OFFICIAL,1601855248,2850000,550
2025-11-27 20:18:27,UC15ebOqdhmvl1eb0s0jk5aw,戦極MCBATTLE,1332859018,847000,5386
2025-11-27 20:18:27,UC1FQWQ3y3-e8l1pCtWhJt5A,Vaundy,2295815134,2430000,226
2025-11-27 20:18:27,UC9Lx-zRFGfpuls27tNAOIqA,マエスケ,1543084879,1840000,1138
2025-11-27 20:18:27,UC0ux2IFOXkj6ifQ4aSs9l7Q,大月【おおつき】,14796820,17500,1219
2025-11-27 20:18:27,UCyTaStlK0neSuKveYOIioaw,ぐんぐにるチャンネル,275100958,426000,447
2025-11-27 20:18:27,UCcg_rvE-fU2tATMwBAxW9bA,ヤングスキニー,149492671,239000,605
2025-11-27 20:18:27,UCZVVCZwOpCbDXB84SDqWixQ,Lil Shady,56319498,284000,97
2025-11-27 20:18:27,UCx-QS9BIo_L_lx5dkpys1qw,ねこまんまのパチ•チャンネル,8057185,14300,169
2025-11-27 20:18:27,UCzRzPAT-AjlPyec5yXG974g,カワノKawano,208293143,185000,1322
2025-11-27 20:18:27,UCAWxPGGuIfWME2KTLUmSCHw,ぱかチューブっ!【ウマ娘公式】,515911968,1310000,1288
2025-11-27 20:18:27,UC3NrSfe_yR5XX9zGFxYoV1Q,HIRAIDAI - Topic,281407124,3400,415
2025-11-27 20:18:27,UCHvFSU5OP6c7QcJxIr87YtA,ウタエル Utael,446432580,582000,903
2025-11-27 20:18:27,UCvo8JUqHh2d1QGnK3LKyI4Q,ポケモンユナイト公式チャンネル,31962139,139000,467
2025-11-27 20:18:27,UClNdVSK1uy2xFHTaXZYXopw,らっだぁ,1819198345,1450000,2342
2025-11-27 20:18:27,UCUW6U6iOrntB0jw6-AbQo8g,RED Games,250702633,209000,3570
2025-11-27 20:18:27,UC3ruCdV7xnwAbpkW9tQq-6A,のーわん【NoOnE】,419484764,409000,1206
2025-11-27 20:18:27,UCv7VutirxDn3RWIJXI68n_A,＝LOVE（イコールラブ）公式チャンネル,471205940,557000,474
2025-11-27 20:18:27,UCqQNCRSihFHVsXrDikNeYSg,げまじょが好き【にじさんじEXゲマズ切り抜き】,4585662,2390,119
2025-11-27 20:18:27,UCpGpA7mSYmNJjLiJxKso5QA,しもふりチューブ,1783528661,2160000,3023
2025-11-27 20:18:27,UCdPCarwi28K5Z7s5l2nMiLw,Uru Official YouTube Channel,901097541,1180000,296
2025-11-27 20:18:27,UC-_iQWdEZY66nGGaHH0Ygmg,僕が見たかった青空,52805973,122000,499
2025-11-27 20:18:27,UCKU0SVkIPRqwiZaXJ9rXhdw,シュート。,216561429,256000,2336
2025-11-27 20:18:27,UCwJYQvXHtNn1c7RqED4E7MA,パンダドラゴン,44018394,92300,533
2025-11-27 20:18:27,UC9zY_E8mcAo_Oq772LEZq8Q,THE FIRST TAKE,6263951155,11500000,1530
2025-11-27 20:18:27,UCqMRVBz-hhSFRuqlL1guqig,あひるだっく,52130194,128000,89
2025-11-27 20:18:27,UCENoC6MLc4pL-vehJyzSWmg,もこうの実況,1736452511,1600000,5787
2025-11-27 20:18:27,UC1DCedRgGHBdm81E1llLhOQ,Pekora Ch. 兎田ぺこら,1012937716,2740000,2344
2025-11-27 20:18:27,UCpYHkc4rzWEW7iVXIyxQebA,Hey! Say! JUMP - Topic,58958148,5080,738
2025-11-27 20:18:27,UCtPyU9cJgvvgH03PQKgaucA,ファミ通TUBE,183082460,208000,8153
2025-11-27 20:18:27,UCdkVEDVAW5aFmA-Mkz0lAFQ,ひたまゆ。,466707359,410000,2795
2025-11-27 20:18:27,UCvaTdHTWBGv3MKj3KVqJVCw,Okayu Ch. 猫又おかゆ,626491070,2060000,1592
2025-11-27 20:18:27,UC8eq3M3Yft3FUgxEX6lOZMg,chotokkyu - Topic,35832016,579,486
2025-11-27 20:18:27,UC5vqbtNnbOF2h7A_xlrIPUw,ぽっぴんず,916917839,630000,1053
2025-11-27 20:18:27,UCgmFrRcyH7d1zR9sIVQhFow,ローレン・イロアス / Lauren Iroas【にじさんじ】,397160094,954000,1049
2025-11-27 20:18:27,UCEf_Bc-KVd7onSeifS3py9g,SMTOWN,32611320806,33500000,4641
2025-11-27 20:18:27,UCtyXllCXnTAg4rjfI3UwIgA,しょうちゃんネル,301544555,138000,1548
2025-11-27 20:18:27,UCpT4syVopfBl2bATVfAt65g,澤野弘之 / SawanoHiroyuki[nZk],51761013,4070,22
2025-11-27 20:18:27,UCzXjPL7zo0bxhOYDxLJ9YEg,ポッキー,4097167938,3750000,4360
2025-11-27 20:18:27,UCGjV4bsC43On-YuiLZcfL0w,KUN,3389315997,1660000,11233
2025-11-27 20:18:27,UCp_Az_oKu8-J5qIQpF35JbA,やわらちゃんねる,193005093,279000,862
2025-11-27 20:18:27,UCLrYavXppY_4oRfquHk9VQg,HAGANE,14455474,75000,143
2025-11-27 20:18:27,UCC4xWbcBVn-tHgchhrdmFpg,Jinmenusagi,9965654,32700,80
2025-11-27 20:18:27,UC1DqlLj1onQhBfxW81OgQTw,GLAY,732544767,541000,886
2025-11-27 20:18:27,UCia0Mw96B-yNYRka1J_mAsQ,HikacGamesヒカックゲームズ,640476658,660000,5203
2025-11-27 20:18:27,UCGc93NguHRwzv1Rw9MyIcxQ,鳴潮 (Wuthering Waves)公式,104224935,345000,466
2025-11-27 20:18:27,UCN7_YMtKaUiizHpw77XLVcw,EXILE,188655840,14800,311
2025-11-27 20:18:27,UCdVD0MsYecQaIE5Ru-pOIQQ,RIIZE,1015326967,1870000,1386
2025-11-27 20:18:27,UCWvr04hMa4k4wSilYcQ4qoA,キャベツの人【ゲーム紹介】,253316988,418000,973
2025-11-27 20:18:27,UCBLGjbYv6-xxju1i44RjnnA,明透 -ᴀsᴜ-,132564670,625000,494
2025-11-27 20:18:27,UCOfESRUR5duQ2hMnTQ4oqhA,BUMP OF CHICKEN,1637208579,1590000,165
2025-11-27 20:18:27,UCENwRMx5Yh42zWpzURebzTw,Laplus ch. ラプラス・ダークネス - holoX -,400043743,1450000,918
2025-11-27 20:18:27,UCUzpZpX2wRYOk3J8QTFGxDg,乃木坂46 OFFICIAL YouTube CHANNEL,1610447858,1730000,1168
2025-11-27 20:18:27,UChVflUz2J_jaaqYjXqvpmQA,iLiFE!【あいらいふ】,246311299,486000,534
2025-11-27 20:18:27,UC__iCxFigPdcry_UBv6sDGw,IO,16308497,38200,13
2025-11-27 20:18:27,UC_DopZ9OANqNGho0wFwADqA,けいちゃん / Keichan,502697517,1270000,606
2025-11-27 20:18:27,UCOjkVJQcjtWnpf0-1ft4brA,ゆっくりむちゃたぬき,210189117,353000,423
2025-11-27 20:18:27,UC6FadPgGviUcq6VQ0CEJqdQ,Juice=Juice,163770158,251000,281
2025-11-27 20:18:27,UCtwTCZuQkTIwUf5m9mlZnOQ,Release - Topic,27370,54,7
2025-11-27 20:18:27,UCILZFnKZJksR7zwhZbAB4vw,れじぇくん,1503244285,1170000,1428
2025-11-27 20:18:27,UCx1nAvtVDIsaGmCMSe8ofsQ,加藤純一【jun channel】,1137516709,1280000,1835
2025-11-27 20:18:27,UCdszfKemUn36sOEplfkiGVQ,GPV LABEL,3034645,5390,91
2025-11-27 20:18:27,UCt09C9DPSuOGpHoitbcyCIQ,ゼンレスゾーンゼロ-ZZZ-公式,230180173,754000,430
2025-11-27 20:18:27,UC6qVAJzxF5kSN_UUFSdODiQ,MAZZEL - Topic,19361522,8260,57
2025-11-27 20:18:27,UCBuLdF0tQn5oZjpvYWSQkaA,Liura Channel,92259839,206000,376
2025-11-27 20:18:27,UCrQUlOEbu-0T0l4DAcBEeIg,pizzaofdeathofficial,408251037,332000,372
2025-11-27 20:18:27,UCy2IDlWr4fbdO2dbka98bSg,HACHI - Topic,18777542,625,60
2025-11-27 20:18:27,UCOx-oLP9tOhiYwSK_m-yVxA,オモコロチャンネル,618632593,473000,1144
2025-11-27 20:18:27,UCc-itdQHxLvUlPrDxIiSJrA,INI,748068954,653000,1269
2025-11-27 20:18:27,UCDbUUremwf8k1x1GTYfB1Ng,ニート部クラフト,20447117,97300,126
2025-11-27 20:18:27,UCJy7zfLsKBXoo2soFMum7JQ,あかさかの箱,1290928433,2620000,2688
2025-11-27 20:18:27,UCYe_uTI6X6mm9qaXm8iWFDg,ノッチ配信者パチンコライブ,269077781,125000,2728
2025-11-27 20:18:27,UCMJiPpN_09F0aWpQrgbc_qg,キヨ。,6532581967,5490000,3083
2025-11-27 20:18:27,UC5nxCVEWQLLfkPuMylpkYkA,ロス,123613887,487000,68
2025-11-27 20:18:27,UCOTR1tcOAhjgi6YukrPpZxg,まふまふちゃんねる,2481707574,3610000,511
2025-11-27 20:18:27,UCvzGlP9oQwU--Y0r9id_jnA,Subaru Ch. 大空スバル,581301904,1950000,1895
2025-11-27 20:18:27,UCH4yRBPH2pDUjPeqomx8CTQ,てるとくん,548708568,1330000,1895
2025-11-27 20:18:27,UCy9GuRXGTm8TliQ-OJ7KwzA,【V.I.P】,978762283,979000,2496
2025-11-27 20:18:27,UC7wu64jFsV02bbu6UHUd7JA,ガンダムチャンネル,412635067,1670000,1658
2025-11-27 20:18:27,UCeTo4Eh0TzpKbUL4vGQZ73A,LEX *,4588820,1280,14
2025-11-27 20:18:27,UC2NujFa5X09CdV0YCntmQDg,板橋ハウス,905179003,752000,2030
2025-11-27 20:18:27,UCaO6TYtlC8U5ttz62hTrZgg,JYP Entertainment,26030065040,31500000,2640
2025-11-27 20:18:27,UC3J-txytRWiRtNXrLS95eEw,ASIAN KUNG-FU GENERATION Official YouTube Channel,608265861,788000,283
2025-11-27 20:18:27,UC-ifW8mHzfsZVGHY8vxqrjA,A.B.C-Z,59464169,54600,437
2025-11-27 20:18:27,UC4YT50DP7hbMsor8FmyEPMw,Victor Entertainment,1489968652,1070000,4973
2025-11-27 20:18:27,UCFQu6Q-9LAS3KoEuRDNkzGA, ニート部,659301189,680000,3213
2025-11-27 20:18:27,UC070fhnqq38qNhqHm5rxTcQ,令和ちゃんねる,428623803,506000,3628
2025-11-27 20:18:27,UCooVYzDxdwTtGYAkcPmOgOw,Brawl Stars,4006370981,23200000,370
2025-11-27 20:18:27,UCHVkYOT63gAz5yTxjo68_Ng,家スロットゲームパンダ’s ROOM@琉球🐼🪸,1226399,1680,76
2025-11-25 04:26:49,UCj4PjeVMnNTHIR5EeoNKPAw,ドズル社,4889465689,2560000,10206
2025-11-25 04:26:49,UC7wu64jFsV02bbu6UHUd7JA,ガンダムチャンネル,411912666,1670000,1650
2025-11-25 04:26:49,UC8rk-fIWJXYlSF8tkfG9wWg,天色鮫,66301826,192000,132
2025-11-25 04:26:49,UCc-PPk-lNe34JaWCcJQCL0g,ドコムスチャンネル,540032743,593000,2021
2025-11-25 04:26:49,UC9zY_E8mcAo_Oq772LEZq8Q,THE FIRST TAKE,6255963798,11500000,1526
2025-11-25 04:26:49,UCqeAYB1DMzfM-hG-Up52yNQ,つるおかかものはし,370798229,387000,3605
2025-11-25 04:26:49,UCv2ejD5B1xOYtGB2cf80B8g,Netflix Japan,1979161396,2300000,7747
2025-11-25 04:26:49,UCy9GuRXGTm8TliQ-OJ7KwzA,【V.I.P】,977785890,978000,2493
2025-11-25 04:26:49,UCjcYYjM16TFOPXDjWgzHiHA,超覚醒てえんだ「スロパチ生放送」,87042088,140000,571
2025-11-25 04:26:49,UCHD1jo5RhijLfx5-0Ehe_cg,&TEAM,466813545,1320000,1403
2025-11-25 04:26:49,UCOTR1tcOAhjgi6YukrPpZxg,まふまふちゃんねる,2480686287,3610000,511
2025-11-25 04:26:49,UC6FadPgGviUcq6VQ0CEJqdQ,Juice=Juice,161605345,248000,280
2025-11-25 04:26:49,UCdVD0MsYecQaIE5Ru-pOIQQ,RIIZE,1015326967,1870000,1372
2025-11-25 04:26:49,UCtyXllCXnTAg4rjfI3UwIgA,しょうちゃんネル,296957929,137000,1545
2025-11-25 04:26:49,UCX7YkU9nEeaoZbkVLVajcMg,にじさんじ,1071062884,1870000,2823
2025-11-25 04:26:49,UCZ1xuCK1kNmn5RzPYIZop3w,リゼ・ヘルエスタ -Lize Helesta-,298925210,957000,1089
2025-11-25 04:26:49,UCKU0SVkIPRqwiZaXJ9rXhdw,シュート。,216239534,256000,2333
2025-11-25 04:26:49,UCtPyU9cJgvvgH03PQKgaucA,ファミ通TUBE,182901646,207000,8151
2025-11-25 04:26:49,UCqQNCRSihFHVsXrDikNeYSg,げまじょが好き【にじさんじEXゲマズ切り抜き】,4429251,2310,117
2025-11-25 04:26:49,UCtKBQ2BYD76GiJvcpZOBorg,えいま,11351188,13500,346
2025-11-25 04:26:49,UCcz2Y1yhR42UxbFwvPFGCmA,きっしー助六ちゃんねる,75746873,61500,939
2025-11-25 04:26:49,UCOVLrBaOiMH5QDKXTycZ8Pw,やっちゃんの崖っぷちスロパチ生活,698357486,326000,5202
2025-11-25 04:26:49,UCYLp2FLXcqLUZhvrCxQmNIA,胡桃沢りりか,40883783,100000,2567
2025-11-25 04:26:49,UCooVYzDxdwTtGYAkcPmOgOw,Brawl Stars,3996704432,23200000,370
2025-11-25 04:26:49,UCZwcUEEjD8RVzB-TAw1ts3g,Eden - Topic,4159107,1660,37
2025-11-25 04:26:49,UCJnL-TBcsYrF2SLs7tmiC8Q,tripleS official,678132684,2880000,3043
2025-11-25 04:26:49,UCB_qr75-ydFVKSF9Dmo6izg,FORMULA 1,8857095005,13700000,9402
2025-11-25 04:26:49,UCRDJ3DN-6ND_a4LSJ35L91A,立川ちゃんねる,106183484,107000,638
2025-11-25 04:26:49,UCv7VutirxDn3RWIJXI68n_A,＝LOVE（イコールラブ）公式チャンネル,466225819,554000,474
2025-11-25 04:26:49,UCXURHJRGr4-EB3l87kcbElw,NCT DREAM,2300999800,7000000,1308
2025-11-25 04:26:49,UCOXOcEbERAwGlE4ig9MaLSQ,夜勤明けパチンコパチスロ実践記,275469254,166000,1622
2025-11-25 04:26:49,UCHazKLThRbMyMFu2bVAKhng,ウォーターチャレンジ,3128267448,3150000,2179
2025-11-25 04:26:49,UCrKna8EQAd7NPRYq-gIsuow,ホロライ部【ホロライブ切り抜き】,69776376,37800,613
2025-11-25 04:26:49,UC9Lx-zRFGfpuls27tNAOIqA,マエスケ,1540113421,1830000,1137
2025-11-25 04:26:49,UCqMRVBz-hhSFRuqlL1guqig,あひるだっく,51786212,127000,89
2025-11-25 04:26:49,UCdCC1L_OxLrkoEjR19iXpRw,パチスロードch,135303576,75500,813
2025-11-25 04:26:49,UChVflUz2J_jaaqYjXqvpmQA,iLiFE!【あいらいふ】,243613485,484000,527
2025-11-25 04:26:49,UCDwcZ85zjLKD-3-jqlv1wQQ,アンジュルム,213864061,229000,366
2025-11-25 04:26:49,UC3VId8brfshtHO6gMMqnZ5A,FLOW GLOW - Topic,326093,2190,5
2025-11-25 04:26:49,UCNVIo0UJXTdEnsRkCB9Q03w,ILLIT - Topic,561487392,57700,59
2025-11-25 04:26:49,UCylNKKCfPMm8ROXasQWTonA,響咲リオナの足,3113749,6540,120
2025-11-25 04:26:49,UC6qVAJzxF5kSN_UUFSdODiQ,MAZZEL - Topic,19161046,8260,57
2025-11-25 04:26:49,UCaO6TYtlC8U5ttz62hTrZgg,JYP Entertainment,26002936649,31500000,2638
2025-11-25 04:26:49,UCMF_5h2OejEhVorTB02UUSg,MAZZEL,240478072,282000,720
2025-11-25 04:26:49,UCXEo7JprZQGCPkezcZylHlQ,黒炭酸,151823294,201000,1757
2025-11-25 04:26:49,UCwJYQvXHtNn1c7RqED4E7MA,パンダドラゴン,44018394,92300,532
2025-11-25 04:26:49,UCzXjPL7zo0bxhOYDxLJ9YEg,ポッキー,4096021947,3750000,4358
2025-11-25 04:26:49,UCqKNMJ5s_vsf7WkesdBrvQA,IS:SUE,87646037,220000,767
2025-11-25 04:26:49,UC070fhnqq38qNhqHm5rxTcQ,令和ちゃんねる,427941364,506000,3624
2025-11-25 04:26:49,UChn5TjkeEqd-JxzizMVSkOw,ハヤトの野望,1034231187,1510000,2415
2025-11-25 04:26:49,UCkVvAm5jb62IMIJQj4wPVGA,TMSアニメ公式チャンネル,379122128,898000,1145
2025-11-25 04:26:49,UCYXmyrGUVL8tX7VEvo_DjPw,シャル@ツモらせ隊,82945414,178000,897
2025-11-25 04:26:49,UCvzGlP9oQwU--Y0r9id_jnA,Subaru Ch. 大空スバル,580785334,1950000,1893
2025-11-25 04:26:49,UCJy7zfLsKBXoo2soFMum7JQ,あかさかの箱,1288862908,2620000,2687
2025-11-25 04:26:49,UCkKj-SiKyiFkj_dO1vmY3gA,加藤純一RECORDS,5086462,28200,81
2025-11-25 04:26:49,UC1FQWQ3y3-e8l1pCtWhJt5A,Vaundy,2295815134,2430000,226
2025-11-25 04:26:49,UC8eq3M3Yft3FUgxEX6lOZMg,chotokkyu - Topic,35677153,577,486
2025-11-25 04:26:49,UCvo8JUqHh2d1QGnK3LKyI4Q,ポケモンユナイト公式チャンネル,31935032,139000,467
2025-11-25 04:26:49,UC3IZKseVpdzPSBaWxBxundA,HYBE LABELS,42488820953,79100000,2929
2025-11-25 04:26:49,UCHzevlEL9JfsBIm86uNCJqg,宮野真守,78718653,449000,329
2025-11-25 04:26:49,UCUzpZpX2wRYOk3J8QTFGxDg,乃木坂46 OFFICIAL YouTube CHANNEL,1610447858,1730000,1168
2025-11-25 04:26:49,UCDhOdoqPxv96djR3tSq9NoA,ショコラ大佐の秘密基地,148039376,138000,1744
2025-11-25 04:26:49,UCBhPDpv9JavoPADrZcsAC2A,あらき-ARAKI Official,320679686,488000,260
2025-11-25 04:26:49,UCH-lygWpHodDff3iQurnWnQ,加藤純一切り抜き集,1718133753,580000,5439
2025-11-25 04:26:49,UCoQhX2O93MVTWfgIz-8wOmg,KUNの50人クラフト,464537256,543000,1046
2025-11-25 04:26:49,UCZMRuagdTBKmmrFtSMN48Xw,牛沢,2663557934,1800000,3738
2025-11-25 04:26:49,UCIJAlAYCNN8RACtDDsy9K6g,Novelbright,646175482,732000,319
2025-11-25 04:26:49,UCmovZ2th3Sqpd00F5RdeigQ,加賀美 ハヤト/Hayato Kagami,332409391,921000,1520
2025-11-25 04:26:49,UCBuLdF0tQn5oZjpvYWSQkaA,Liura Channel,91828390,206000,373
2025-11-25 04:26:49,UCxIK6x6sG7Ln5vjjPYpgeAw,Chogakusei Official,667393982,1010000,564
2025-11-25 04:26:49,UCvaTdHTWBGv3MKj3KVqJVCw,Okayu Ch. 猫又おかゆ,626491070,2060000,1591
2025-11-25 04:26:49,UChUjERVG8eKEAJSCef-tTmg,k4sen / かせん,715360871,1020000,3058
2025-11-25 04:26:49,UC-hM6YJuNYVAmUWxeIr9FeA,Miko Ch. さくらみこ,889625882,2460000,2041
2025-11-25 04:26:49,UC0ux2IFOXkj6ifQ4aSs9l7Q,大月【おおつき】,14636550,17400,1216
2025-11-25 04:26:49,UC5vqbtNnbOF2h7A_xlrIPUw,ぽっぴんず,916025537,629000,1052
2025-11-25 04:26:49,UC-ifW8mHzfsZVGHY8vxqrjA,A.B.C-Z,59341461,54500,436
2025-11-25 04:26:49,UCEfbtVOJgicdHjs5HzOzJlA,ぱち・スロ部,3581665,1760,302
2025-11-25 04:26:49,UCHVkYOT63gAz5yTxjo68_Ng,家スロットゲームパンダ’s ROOM@琉球🐼🪸,1200262,1690,75
2025-11-25 04:26:49,UCCzUftO8KOVkV4wQG1vkUvg,Marine Ch. 宝鐘マリン,2033880549,4260000,1560
2025-11-25 04:26:49,UCBA-kvU_zYdKreZbhhywX2Q,あいずちゃんねる,147219987,57400,803
2025-11-25 04:26:49,UCHghNZNbV-CPbb_f3FslObw,がんばるぴえんちゃんパチンコ日記,80145122,100000,1528
2025-11-25 04:26:49,UC15ebOqdhmvl1eb0s0jk5aw,戦極MCBATTLE,1331690600,847000,5376
2025-11-25 04:26:49,UCOjkVJQcjtWnpf0-1ft4brA,ゆっくりむちゃたぬき,209735574,352000,423
2025-11-25 04:26:49,UCILZFnKZJksR7zwhZbAB4vw,れじぇくん,1502777490,1170000,1427
2025-11-25 04:26:49,UCVh47EKH9VLresRqiYi9txw,Mili,608668101,1000000,117
2025-11-25 04:26:49,UCSFCh5NL4qXrAy9u-u2lX3g,Kuzuha Channel,1424324958,2100000,2817
2025-11-25 04:26:49,UCyTaStlK0neSuKveYOIioaw,ぐんぐにるチャンネル,274873313,426000,447
2025-11-25 04:26:49,UCMGvmEqkVbl372DCyn3NLAw,【吹いたら負け】葛葉先生のしくじり【切り抜き】,180396443,136000,978
2025-11-25 04:26:49,UCXqWKjzm2YMH6Bs7rAmsKFw,福本大晴,7285544,89700,144
2025-11-25 04:26:49,UCAaGaynFpku5cAx6OOSrW-w,HoneyWorks OFFICIAL,1585662413,2850000,550
2025-11-25 04:26:49,UCeK22JmzkTMa69kZU9NEqsA,めじの【Vtuber応援隊】,31529611,15100,536
2025-11-25 04:26:49,UClNdVSK1uy2xFHTaXZYXopw,らっだぁ,1816769712,1450000,2340
2025-11-25 04:26:49,UChhKBlh_wvspTh5n4mL0b5g,BOYNEXTDOOR,1153888296,2060000,2186
2025-11-25 04:26:49,UC_DopZ9OANqNGho0wFwADqA,けいちゃん / Keichan,502697517,1270000,605
2025-11-25 04:26:49,UCpGpA7mSYmNJjLiJxKso5QA,しもふりチューブ,1782413237,2160000,3019
2025-11-25 04:26:49,UCEf_Bc-KVd7onSeifS3py9g,SMTOWN,32592630208,33500000,4640
2025-11-25 04:26:49,UC1DCedRgGHBdm81E1llLhOQ,Pekora Ch. 兎田ぺこら,1011662351,2740000,2340
2025-11-25 04:26:49,UCYA14rrNjvQq_P_YSNeJHgA,スロライブ,89681693,46500,893
2025-11-25 04:26:49,UCGjV4bsC43On-YuiLZcfL0w,KUN,3388113399,1660000,11230
2025-11-25 04:26:49,UCDbUUremwf8k1x1GTYfB1Ng,ニート部クラフト,20237387,96800,125
2025-11-25 04:26:49,UC_vMYWcDjmfdpH6r4TTn1MQ,Iroha ch. 風真いろは - holoX -,262516514,1130000,1050
2025-11-25 04:26:49,UCFvSFbT8okMrpuFxBEIB2lg,M!LK,89383751,10200,243
2025-11-25 04:26:49,UCgmFrRcyH7d1zR9sIVQhFow,ローレン・イロアス / Lauren Iroas【にじさんじ】,396213748,953000,1047
2025-11-25 04:26:49,UCOfESRUR5duQ2hMnTQ4oqhA,BUMP OF CHICKEN,1637208579,1590000,164
2025-11-25 04:26:49,UCAWxPGGuIfWME2KTLUmSCHw,ぱかチューブっ!【ウマ娘公式】,514522323,1310000,1287
2025-11-25 04:26:49,UCLkAepWjdylmXSltofFvsYQ,BANGTANTV,26052132409,81700000,2933
2025-11-25 04:26:49,UC__iCxFigPdcry_UBv6sDGw,IO,16107442,38000,13
2025-11-25 00:43:00,UCzXjPL7zo0bxhOYDxLJ9YEg,ポッキー,4095759975,3750000,4358
2025-11-25 00:43:00,UCMF_5h2OejEhVorTB02UUSg,MAZZEL,240478072,282000,720
2025-11-25 00:43:00,UCMGvmEqkVbl372DCyn3NLAw,【吹いたら負け】葛葉先生のしくじり【切り抜き】,180309211,136000,978
2025-11-25 00:43:00,UCILZFnKZJksR7zwhZbAB4vw,れじぇくん,1502606449,1170000,1427
2025-11-25 00:43:00,UCBhPDpv9JavoPADrZcsAC2A,あらき-ARAKI Official,320679686,488000,260
2025-11-25 00:43:00,UC1FQWQ3y3-e8l1pCtWhJt5A,Vaundy,2295815134,2430000,226
2025-11-25 00:43:00,UCB_qr75-ydFVKSF9Dmo6izg,FORMULA 1,8854977174,13700000,9401
2025-11-25 00:43:00,UCcz2Y1yhR42UxbFwvPFGCmA,きっしー助六ちゃんねる,75627383,61500,939
2025-11-25 00:43:00,UCXqWKjzm2YMH6Bs7rAmsKFw,福本大晴,7285544,89700,144
2025-11-25 00:43:00,UCIJAlAYCNN8RACtDDsy9K6g,Novelbright,646175482,732000,319
2025-11-25 00:43:00,UCvaTdHTWBGv3MKj3KVqJVCw,Okayu Ch. 猫又おかゆ,626491070,2060000,1591
2025-11-25 00:43:00,UCkKj-SiKyiFkj_dO1vmY3gA,加藤純一RECORDS,5031464,28200,81
2025-11-25 00:43:00,UC__iCxFigPdcry_UBv6sDGw,IO,16107442,38000,13
2025-11-25 00:43:00,UCEf_Bc-KVd7onSeifS3py9g,SMTOWN,32590850095,33500000,4640
2025-11-25 00:43:00,UCXEo7JprZQGCPkezcZylHlQ,黒炭酸,151748328,201000,1757
2025-11-25 00:43:00,UCwJYQvXHtNn1c7RqED4E7MA,パンダドラゴン,44018394,92300,532
2025-11-25 00:43:00,UCtPyU9cJgvvgH03PQKgaucA,ファミ通TUBE,182873937,207000,8151
2025-11-25 00:43:00,UC7wu64jFsV02bbu6UHUd7JA,ガンダムチャンネル,411857181,1670000,1650
2025-11-25 00:43:00,UCylNKKCfPMm8ROXasQWTonA,響咲リオナの足,3074800,6490,120
2025-11-25 00:43:00,UCoQhX2O93MVTWfgIz-8wOmg,KUNの50人クラフト,464130069,543000,1046
2025-11-25 00:43:00,UCOjkVJQcjtWnpf0-1ft4brA,ゆっくりむちゃたぬき,209662150,352000,423
2025-11-25 00:43:00,UCYA14rrNjvQq_P_YSNeJHgA,スロライブ,89506488,46500,893
2025-11-25 00:43:00,UCX7YkU9nEeaoZbkVLVajcMg,にじさんじ,1070434481,1870000,2823
2025-11-25 00:43:00,UCtyXllCXnTAg4rjfI3UwIgA,しょうちゃんネル,295444704,137000,1545
2025-11-25 00:43:00,UCH-lygWpHodDff3iQurnWnQ,加藤純一切り抜き集,1717601261,580000,5439
2025-11-25 00:43:00,UC0ux2IFOXkj6ifQ4aSs9l7Q,大月【おおつき】,14634927,17400,1216
2025-11-25 00:43:00,UC9Lx-zRFGfpuls27tNAOIqA,マエスケ,1539046282,1830000,1137
2025-11-25 00:43:00,UCXURHJRGr4-EB3l87kcbElw,NCT DREAM,2300999800,7000000,1308
2025-11-25 00:43:00,UCHazKLThRbMyMFu2bVAKhng,ウォーターチャレンジ,3127178464,3150000,2179
2025-11-25 00:43:00,UClNdVSK1uy2xFHTaXZYXopw,らっだぁ,1816193668,1450000,2340
2025-11-25 00:43:00,UCtKBQ2BYD76GiJvcpZOBorg,えいま,11343422,13500,346
2025-11-25 00:43:00,UC5vqbtNnbOF2h7A_xlrIPUw,ぽっぴんず,915724400,629000,1052
2025-11-25 00:43:00,UCBA-kvU_zYdKreZbhhywX2Q,あいずちゃんねる,147116475,57300,803
2025-11-25 00:43:00,UCaO6TYtlC8U5ttz62hTrZgg,JYP Entertainment,25998680120,31500000,2638
2025-11-25 00:43:00,UCZwcUEEjD8RVzB-TAw1ts3g,Eden - Topic,4126778,1650,37
2025-11-25 00:43:00,UCZMRuagdTBKmmrFtSMN48Xw,牛沢,2663199513,1800000,3738
2025-11-25 00:43:00,UCHghNZNbV-CPbb_f3FslObw,がんばるぴえんちゃんパチンコ日記,80128755,100000,1528
2025-11-25 00:43:00,UCqMRVBz-hhSFRuqlL1guqig,あひるだっく,51766019,127000,89
2025-11-25 00:43:00,UCOTR1tcOAhjgi6YukrPpZxg,まふまふちゃんねる,2480574724,3610000,511
2025-11-25 00:43:00,UCmovZ2th3Sqpd00F5RdeigQ,加賀美 ハヤト/Hayato Kagami,332409391,921000,1520
2025-11-25 00:43:00,UChn5TjkeEqd-JxzizMVSkOw,ハヤトの野望,1033953782,1510000,2415
2025-11-25 00:43:00,UCOfESRUR5duQ2hMnTQ4oqhA,BUMP OF CHICKEN,1637208579,1590000,164
2025-11-25 00:43:00,UCHD1jo5RhijLfx5-0Ehe_cg,&TEAM,466813545,1320000,1403
2025-11-25 00:43:00,UC3VId8brfshtHO6gMMqnZ5A,FLOW GLOW - Topic,311811,2190,5
2025-11-25 00:43:00,UC15ebOqdhmvl1eb0s0jk5aw,戦極MCBATTLE,1331472299,847000,5376
2025-11-25 00:43:00,UCdVD0MsYecQaIE5Ru-pOIQQ,RIIZE,1015326967,1870000,1372
2025-11-25 00:43:00,UCv2ejD5B1xOYtGB2cf80B8g,Netflix Japan,1978518413,2300000,7747
2025-11-25 00:43:00,UCeK22JmzkTMa69kZU9NEqsA,めじの【Vtuber応援隊】,31396871,15100,536
2025-11-25 00:43:00,UCkVvAm5jb62IMIJQj4wPVGA,TMSアニメ公式チャンネル,378889162,897000,1145
2025-11-25 00:43:00,UCAaGaynFpku5cAx6OOSrW-w,HoneyWorks OFFICIAL,1585662413,2850000,550
2025-11-25 00:43:00,UCDbUUremwf8k1x1GTYfB1Ng,ニート部クラフト,20165570,96800,125
2025-11-25 00:43:00,UCj4PjeVMnNTHIR5EeoNKPAw,ドズル社,4884812029,2560000,10206
2025-11-25 00:43:00,UCvo8JUqHh2d1QGnK3LKyI4Q,ポケモンユナイト公式チャンネル,31921376,139000,467
2025-11-25 00:43:00,UCooVYzDxdwTtGYAkcPmOgOw,Brawl Stars,3995881591,23200000,370
2025-11-25 00:43:00,UCFvSFbT8okMrpuFxBEIB2lg,M!LK,88473496,10200,243
2025-11-25 00:43:00,UCdCC1L_OxLrkoEjR19iXpRw,パチスロードch,135126836,75500,813
2025-11-25 00:43:00,UChVflUz2J_jaaqYjXqvpmQA,iLiFE!【あいらいふ】,243613485,484000,527
2025-11-25 00:43:00,UC9zY_E8mcAo_Oq772LEZq8Q,THE FIRST TAKE,6255963798,11500000,1526
2025-11-25 00:43:00,UC-ifW8mHzfsZVGHY8vxqrjA,A.B.C-Z,58717723,54500,436
2025-11-25 00:43:00,UCvzGlP9oQwU--Y0r9id_jnA,Subaru Ch. 大空スバル,580727397,1950000,1893
2025-11-25 00:43:00,UCyTaStlK0neSuKveYOIioaw,ぐんぐにるチャンネル,274844393,426000,447
2025-11-25 00:43:00,UCZ1xuCK1kNmn5RzPYIZop3w,リゼ・ヘルエスタ -Lize Helesta-,298777084,957000,1089
2025-11-25 00:43:00,UCDwcZ85zjLKD-3-jqlv1wQQ,アンジュルム,213864061,229000,366
2025-11-25 00:43:00,UCy9GuRXGTm8TliQ-OJ7KwzA,【V.I.P】,977655202,978000,2493
2025-11-25 00:43:00,UCYLp2FLXcqLUZhvrCxQmNIA,胡桃沢りりか,40825465,100000,2567
2025-11-25 00:43:00,UC8eq3M3Yft3FUgxEX6lOZMg,chotokkyu - Topic,35635303,577,486
2025-11-25 00:43:00,UCGjV4bsC43On-YuiLZcfL0w,KUN,3387915625,1660000,11230
2025-11-25 00:43:00,UCLkAepWjdylmXSltofFvsYQ,BANGTANTV,26052132409,81700000,2933
2025-11-25 00:43:00,UC3IZKseVpdzPSBaWxBxundA,HYBE LABELS,42483687297,79100000,2929
2025-11-25 00:43:00,UCJy7zfLsKBXoo2soFMum7JQ,あかさかの箱,1288124728,2620000,2687
2025-11-25 00:43:00,UCDhOdoqPxv96djR3tSq9NoA,ショコラ大佐の秘密基地,147922654,138000,1743
2025-11-25 00:43:00,UCqeAYB1DMzfM-hG-Up52yNQ,つるおかかものはし,370740326,387000,3605
2025-11-25 00:43:00,UCRDJ3DN-6ND_a4LSJ35L91A,立川ちゃんねる,106083315,107000,638
2025-11-25 00:43:00,UCSFCh5NL4qXrAy9u-u2lX3g,Kuzuha Channel,1423963087,2100000,2817
2025-11-25 00:43:00,UCv7VutirxDn3RWIJXI68n_A,＝LOVE（イコールラブ）公式チャンネル,466225819,554000,474
2025-11-25 00:43:00,UC6FadPgGviUcq6VQ0CEJqdQ,Juice=Juice,161605345,248000,280
2025-11-25 00:43:00,UC_vMYWcDjmfdpH6r4TTn1MQ,Iroha ch. 風真いろは - holoX -,262468136,1130000,1050
2025-11-25 00:43:00,UCCzUftO8KOVkV4wQG1vkUvg,Marine Ch. 宝鐘マリン,2033880549,4260000,1560
2025-11-25 00:43:00,UCrKna8EQAd7NPRYq-gIsuow,ホロライ部【ホロライブ切り抜き】,69530642,37700,613
2025-11-25 00:43:00,UCHVkYOT63gAz5yTxjo68_Ng,家スロットゲームパンダ’s ROOM@琉球🐼🪸,1199909,1690,75
2025-11-25 00:43:00,UCqKNMJ5s_vsf7WkesdBrvQA,IS:SUE,87646037,220000,767
2025-11-25 00:43:00,UC6qVAJzxF5kSN_UUFSdODiQ,MAZZEL - Topic,19093992,8260,57
2025-11-25 00:43:00,UCJnL-TBcsYrF2SLs7tmiC8Q,tripleS official,678132684,2880000,3043
2025-11-25 00:43:00,UCHzevlEL9JfsBIm86uNCJqg,宮野真守,78718653,449000,329
2025-11-25 00:43:00,UCgmFrRcyH7d1zR9sIVQhFow,ローレン・イロアス / Lauren Iroas【にじさんじ】,396116758,953000,1046
2025-11-25 00:43:00,UCjcYYjM16TFOPXDjWgzHiHA,超覚醒てえんだ「スロパチ生放送」,86919662,140000,571
2025-11-25 00:43:00,UCqQNCRSihFHVsXrDikNeYSg,げまじょが好き【にじさんじEXゲマズ切り抜き】,4338373,2320,117
2025-11-25 00:43:00,UCOVLrBaOiMH5QDKXTycZ8Pw,やっちゃんの崖っぷちスロパチ生活,697953558,326000,5202
2025-11-25 00:43:00,UChUjERVG8eKEAJSCef-tTmg,k4sen / かせん,714915186,1020000,3058
2025-11-25 00:43:00,UCpGpA7mSYmNJjLiJxKso5QA,しもふりチューブ,1782252088,2160000,3019
2025-11-25 00:43:00,UCNVIo0UJXTdEnsRkCB9Q03w,ILLIT - Topic,561041422,57700,59
2025-11-25 00:43:00,UC1DCedRgGHBdm81E1llLhOQ,Pekora Ch. 兎田ぺこら,1011551819,2740000,2340
2025-11-25 00:43:00,UC_DopZ9OANqNGho0wFwADqA,けいちゃん / Keichan,502697517,1270000,605
2025-11-25 00:43:00,UCAWxPGGuIfWME2KTLUmSCHw,ぱかチューブっ!【ウマ娘公式】,514367855,1310000,1287
2025-11-25 00:43:00,UCxIK6x6sG7Ln5vjjPYpgeAw,Chogakusei Official,667393982,1010000,564
2025-11-25 00:43:00,UCOXOcEbERAwGlE4ig9MaLSQ,夜勤明けパチンコパチスロ実践記,275421734,166000,1622
2025-11-25 00:43:00,UC-hM6YJuNYVAmUWxeIr9FeA,Miko Ch. さくらみこ,889625882,2460000,2040
2025-11-25 00:43:00,UC070fhnqq38qNhqHm5rxTcQ,令和ちゃんねる,427835569,506000,3624
2025-11-25 00:43:00,UCKU0SVkIPRqwiZaXJ9rXhdw,シュート。,216131591,256000,2333
2025-11-25 00:43:00,UC8rk-fIWJXYlSF8tkfG9wWg,天色鮫,66274266,192000,132
2025-11-25 00:43:00,UCBuLdF0tQn5oZjpvYWSQkaA,Liura Channel,91759525,206000,373
2025-11-28 08:18:20,UCJnL-TBcsYrF2SLs7tmiC8Q,tripleS official,697072588,2880000,3062
2025-11-28 08:18:20,UC-UxhoAxlq57uZ8BA0b1Jyw,FPS切り抜きボット【ローレン・イロアス】,156796425,119000,1405
2025-11-28 08:18:20,UCtyXllCXnTAg4rjfI3UwIgA,しょうちゃんネル,301997947,138000,1548
2025-11-28 08:18:20,UCx1nAvtVDIsaGmCMSe8ofsQ,加藤純一【jun channel】,1137706595,1280000,1836
2025-11-28 08:18:20,UCUzpZpX2wRYOk3J8QTFGxDg,乃木坂46 OFFICIAL YouTube CHANNEL,1610447858,1730000,1168
2025-11-28 08:18:20,UCvo8JUqHh2d1QGnK3LKyI4Q,ポケモンユナイト公式チャンネル,31965014,139000,467
2025-11-28 08:18:20,UCof7dOTnyxaidkKkcIFuflQ,Mone Kamishiraishi - Topic,26428223,326,123
2025-11-28 08:18:20,UC3PFoXZPFJGy9F4PG84nNQQ,Soala - Topic,29245822,4820,84
2025-11-28 08:18:20,UCMF_5h2OejEhVorTB02UUSg,MAZZEL,243792578,286000,722
2025-11-28 08:18:20,UCy0DH4rgPPjDWVZO7wibcSQ,めめんともり,352095737,335000,468
2025-11-28 08:18:20,UCUbAVVpHteGtGQPPN9lM3oQ,ホロライブ切り抜き/なめたけ,572453900,339000,2104
2025-11-28 08:18:20,UCX7YkU9nEeaoZbkVLVajcMg,にじさんじ,1072107569,1870000,2824
2025-11-28 08:18:20,UCXeTnWiRoifoHHEzSyR5Ogg,パチンコ・パチスロ必勝ガイドチャンネル,52801397,86300,1325
2025-11-28 08:18:20,UC-ifW8mHzfsZVGHY8vxqrjA,A.B.C-Z,59464169,54600,437
2025-11-28 08:18:20,UCYe_uTI6X6mm9qaXm8iWFDg,ノッチ配信者パチンコライブ,269135751,125000,2728
2025-11-28 08:18:20,UCcg_rvE-fU2tATMwBAxW9bA,ヤングスキニー,149492671,239000,605
2025-11-28 08:18:20,UCKU0SVkIPRqwiZaXJ9rXhdw,シュート。,216576858,256000,2338
2025-11-28 08:18:20,UCeuNlK0yX-6_4930q0JUGNw,白瀬,414566759,183000,2094
2025-11-28 08:18:20,UCdkVEDVAW5aFmA-Mkz0lAFQ,ひたまゆ。,466742954,410000,2795
2025-11-28 08:18:20,UCPVr7clenPjpD7WNsSI3UBQ,レトルト,2879528689,2590000,3850
2025-11-28 08:18:20,UCOx-oLP9tOhiYwSK_m-yVxA,オモコロチャンネル,618773811,473000,1144
2025-11-28 08:18:20,UC1FQWQ3y3-e8l1pCtWhJt5A,Vaundy,2295815134,2430000,226
2025-11-28 08:18:20,UCmovZ2th3Sqpd00F5RdeigQ,加賀美 ハヤト/Hayato Kagami,332409391,921000,1522
2025-11-28 08:18:20,UCy9GuRXGTm8TliQ-OJ7KwzA,【V.I.P】,978872188,979000,2497
2025-11-28 08:18:20,UCtKBQ2BYD76GiJvcpZOBorg,えいま,11417074,13500,346
2025-11-28 08:18:20,UCEf_Bc-KVd7onSeifS3py9g,SMTOWN,32615202386,33500000,4642
2025-11-28 08:18:20,UC8Qwnts13zIh2EYUCau6m3w,ONE N' ONLY TV,112267072,214000,795
2025-11-28 08:18:20,UCd9BXPj-KcMTh0HiB-Vlb8A,モンスト（モンスターストライク）公式,1160707831,1550000,4581
2025-11-28 08:18:20,UCqfELxLmasBwYET4ZAMfMqA,がみくん,1009332796,584000,3990
2025-11-28 08:18:20,UC5nxCVEWQLLfkPuMylpkYkA,ロス,123613887,487000,68
2025-11-28 08:18:20,UCqMRVBz-hhSFRuqlL1guqig,あひるだっく,52151577,128000,89
2025-11-28 08:18:20,UCs8nP5mUR3pwJmgixsul8Hw,Saucy Dog,503080790,860000,120
2025-11-28 08:18:20,UCv7VutirxDn3RWIJXI68n_A,＝LOVE（イコールラブ）公式チャンネル,471770678,557000,474
2025-11-28 08:18:20,UCpGpA7mSYmNJjLiJxKso5QA,しもふりチューブ,1783660691,2160000,3023
2025-11-28 08:18:20,UCJy7zfLsKBXoo2soFMum7JQ,あかさかの箱,1291190598,2620000,2688
2025-11-28 08:18:20,UCMzLWawc9x3rUsqYDEfgqzA,ジャック・オ・蘭たん,713106242,649000,1888
2025-11-28 08:18:20,UClqWF_XeXy469i4KDurpjWw,Yukopi,18054,2,1
2025-11-28 08:18:20,UCqKNMJ5s_vsf7WkesdBrvQA,IS:SUE,87680204,221000,771
2025-11-28 08:18:20,UCLkAepWjdylmXSltofFvsYQ,BANGTANTV,26052132409,81700000,2937
2025-11-28 08:18:20,UCZMRuagdTBKmmrFtSMN48Xw,牛沢,2666044649,1800000,3741
2025-11-28 08:18:20,UC3ruCdV7xnwAbpkW9tQq-6A,のーわん【NoOnE】,419620378,409000,1206
2025-11-28 08:18:20,UCRDJ3DN-6ND_a4LSJ35L91A,立川ちゃんねる,106633506,107000,639
2025-11-28 08:18:20,UCdCC1L_OxLrkoEjR19iXpRw,パチスロードch,136260114,75700,816
2025-11-28 08:18:20,UCGjV4bsC43On-YuiLZcfL0w,KUN,3389428817,1660000,11233
2025-11-28 08:18:20,UCyTaStlK0neSuKveYOIioaw,ぐんぐにるチャンネル,275117774,426000,447
2025-11-28 08:18:20,UCMR5xpbhv3jzIQG1TOTg-Jg,B'z - Topic,290827940,3870,678
2025-11-28 08:18:20,UC7aYDbAOIKIMt25ENfJ68Qw,ルカ,118728811,120000,2127
2025-11-28 08:18:20,UClNdVSK1uy2xFHTaXZYXopw,らっだぁ,1819502523,1450000,2342
2025-11-28 08:18:20,UCjcYYjM16TFOPXDjWgzHiHA,超覚醒てえんだ「スロパチ生放送」,87392369,140000,571
2025-11-28 08:18:20,UCrKna8EQAd7NPRYq-gIsuow,ホロライ部【ホロライブ切り抜き】,70256158,37900,614
2025-11-28 08:18:20,UC9rMiEjNaCSsebs31MRDCRA,Stray Kids,9673395528,22200000,1881
2025-11-28 08:18:20,UCXEo7JprZQGCPkezcZylHlQ,黒炭酸,152562872,202000,1757
2025-11-28 08:18:20,UCvzGlP9oQwU--Y0r9id_jnA,Subaru Ch. 大空スバル,581341281,1950000,1897
2025-11-28 08:18:20,UCFuugQScqDfJcsOEWbL1_tg,Gero Channel,209118582,551000,167
2025-11-28 08:18:20,UC9Lx-zRFGfpuls27tNAOIqA,マエスケ,1543529658,1840000,1138
2025-11-28 08:18:20,UCHp2q2i85qt_9nn2H7AvGOw,NiziU Official,1563277157,2290000,2505
2025-11-28 08:18:20,UCx-QS9BIo_L_lx5dkpys1qw,ねこまんまのパチ•チャンネル,8139345,14300,168
2025-11-28 08:18:20,UCHazKLThRbMyMFu2bVAKhng,ウォーターチャレンジ,3131310717,3150000,2181
2025-11-28 08:18:20,UCcmLTYWn2bI5GwNVSP1bl4Q,バッチコイなみちょ,15134761,17400,648
2025-11-28 08:18:20,UCBuLdF0tQn5oZjpvYWSQkaA,Liura Channel,92291309,206000,378
2025-11-28 08:18:20,UCVh47EKH9VLresRqiYi9txw,Mili,608668101,1010000,117
2025-11-28 08:18:20,UCLrYavXppY_4oRfquHk9VQg,HAGANE,14455474,75100,143
2025-11-28 08:18:20,UCdPCarwi28K5Z7s5l2nMiLw,Uru Official YouTube Channel,901097541,1180000,296
2025-11-28 08:18:20,UCdn5BQ06XqgXoAxIhbqw5Rg,フブキCh。白上フブキ,711027577,2640000,2969
2025-11-28 08:18:20,UCDhOdoqPxv96djR3tSq9NoA,ショコラ大佐の秘密基地,148669038,138000,1747
2025-11-28 08:18:20,UChUjERVG8eKEAJSCef-tTmg,k4sen / かせん,718918156,1030000,3064
2025-11-28 08:18:20,UCspv01oxUFf_MTSipURRhkA,Kanae Channel,785965724,1510000,4293
2025-11-28 08:18:20,UCt09C9DPSuOGpHoitbcyCIQ,ゼンレスゾーンゼロ-ZZZ-公式,230329014,754000,430
2025-11-28 08:18:20,UCXqWKjzm2YMH6Bs7rAmsKFw,福本大晴,7574219,89600,146
2025-11-28 08:18:20,UCu3kfiUaK7MmkQ40omEpGyQ,ナナ色チャンネル,4733785,8440,85
2025-11-28 08:18:20,UCy2IDlWr4fbdO2dbka98bSg,HACHI - Topic,18794978,625,60
2025-11-28 08:18:20,UCNVIo0UJXTdEnsRkCB9Q03w,ILLIT - Topic,565875683,57700,59
2025-11-28 08:18:20,UCOfESRUR5duQ2hMnTQ4oqhA,BUMP OF CHICKEN,1637208579,1590000,165
2025-11-28 08:18:20,UCZ1xuCK1kNmn5RzPYIZop3w,リゼ・ヘルエスタ -Lize Helesta-,299371442,957000,1090
2025-11-28 08:18:20,UCBA-kvU_zYdKreZbhhywX2Q,あいずちゃんねる,147864213,57400,804
2025-11-28 08:18:20,UC8rk-fIWJXYlSF8tkfG9wWg,天色鮫,66660546,192000,132
2025-11-28 08:18:20,UC-hM6YJuNYVAmUWxeIr9FeA,Miko Ch. さくらみこ,898573579,2460000,2043
2025-11-28 08:18:20,UCEfbtVOJgicdHjs5HzOzJlA,ぱち・スロ部,3673885,1770,303
2025-11-28 08:18:20,UCdszfKemUn36sOEplfkiGVQ,GPV LABEL,3048201,5440,91
2025-11-28 08:18:20,UCMJiPpN_09F0aWpQrgbc_qg,キヨ。,6533135245,5490000,3083
2025-11-28 08:18:20,UCylNKKCfPMm8ROXasQWTonA,響咲リオナの足,3368472,7220,129
2025-11-28 08:18:20,UChVflUz2J_jaaqYjXqvpmQA,iLiFE!【あいらいふ】,248908736,486000,535
2025-11-28 08:18:20,UCENwRMx5Yh42zWpzURebzTw,Laplus ch. ラプラス・ダークネス - holoX -,400161796,1450000,918
2025-11-28 08:18:20,UC_DopZ9OANqNGho0wFwADqA,けいちゃん / Keichan,502697517,1270000,606
2025-11-28 08:18:20,UC8_Ag6BVp43Vmrx6eillK9g,Vaundy - Topic,910318715,2190,110
2025-11-28 08:18:20,UCiZqWVAeChfqlom5ZPR3ZJA,NCT WISH,630033332,1140000,1126
2025-11-28 08:18:20,UCC4xWbcBVn-tHgchhrdmFpg,Jinmenusagi,10080853,32800,81
2025-11-28 08:18:20,UC56x--_QtyaWD1QptYrPMqA,刀剣乱舞 公式チャンネル,9571480,131000,116
2025-11-28 08:18:20,UCL72kYW8XK4R61kp1R9K69Q,しろ,354836073,376000,2278
2025-11-28 08:18:20,UC0ux2IFOXkj6ifQ4aSs9l7Q,大月【おおつき】,14847403,17500,1219
2025-11-28 08:18:20,UCTgIFU4_hG6aA7VfWS8blQg,1GAME TV パチンコパチスロ実践動画,737231553,667000,1414
2025-11-28 08:18:20,UCIJAlAYCNN8RACtDDsy9K6g,Novelbright,652756465,733000,319
2025-11-28 08:18:20,UC15ebOqdhmvl1eb0s0jk5aw,戦極MCBATTLE,1332979753,847000,5386
2025-11-28 08:18:20,UCpYHkc4rzWEW7iVXIyxQebA,Hey! Say! JUMP - Topic,59024860,5080,738
2025-11-28 08:18:20,UCgmFrRcyH7d1zR9sIVQhFow,ローレン・イロアス / Lauren Iroas【にじさんじ】,397260425,954000,1050
2025-11-28 08:18:20,UCDwcZ85zjLKD-3-jqlv1wQQ,アンジュルム,213864061,229000,374
2025-11-28 08:18:20,UCDBdcJ3JIg2sjDg8QR3xp-g,Iyowa - Topic,65762694,31300,88
2025-11-28 08:18:20,UCdMGYXL38w6htx6Yf9YJa-w,プロジェクトセカイ カラフルステージ! feat. 初音ミク,2004681179,2060000,1907
2025-11-28 08:18:20,UCc-PPk-lNe34JaWCcJQCL0g,ドコムスチャンネル,541441980,594000,2024
2025-11-28 08:18:20,UCN7_YMtKaUiizHpw77XLVcw,EXILE,188703738,14800,312
2025-11-28 08:18:20,UCooVYzDxdwTtGYAkcPmOgOw,Brawl Stars,4007265329,23200000,370
2025-11-28 08:18:20,UCMGvmEqkVbl372DCyn3NLAw,【吹いたら負け】葛葉先生のしくじり【切り抜き】,180619841,136000,978
2025-11-28 08:18:20,UCKsVfYfguU3s5vMO5yhcWdw,STARGLOW Official,23413198,2830,49
2025-11-28 08:18:20,UC5wr1qJKJOrHHK-haeZkfbg,アカgames,462825038,283000,1361
2025-11-28 08:18:20,UCBLGjbYv6-xxju1i44RjnnA,明透 -ᴀsᴜ-,132564670,625000,494
2025-11-28 08:18:20,UC14QT5j2nQI8lKBCGtrrBQA,アニプレックス チャンネル,4308142665,3720000,15442
2025-11-28 08:18:20,UCcz2Y1yhR42UxbFwvPFGCmA,きっしー助六ちゃんねる,76067930,61600,942
2025-11-28 08:18:20,UChn5TjkeEqd-JxzizMVSkOw,ハヤトの野望,1035793942,1510000,2418
2025-11-28 08:18:20,UCTEQRq53fm5tw-3vJ1HLUCw,MAY'S - Topic,4428275,710,309
2025-11-28 08:18:20,UC0wuDDYK-QTwneeZ6x6pPbw,777パチガブチャンネル,345356381,432000,2938
2025-11-28 08:18:20,UCOXOcEbERAwGlE4ig9MaLSQ,夜勤明けパチンコパチスロ実践記,275784241,166000,1623
2025-11-28 08:18:20,UCOjkVJQcjtWnpf0-1ft4brA,ゆっくりむちゃたぬき,210233791,353000,423
2025-11-28 08:18:20,UCia0Mw96B-yNYRka1J_mAsQ,HikacGamesヒカックゲームズ,640505295,660000,5204
2025-11-28 08:18:20,UCxWcO9CLti4uouUIS5IIF-Q,Nornis,59019055,228000,110
2025-11-28 08:18:20,UCHD1jo5RhijLfx5-0Ehe_cg,&TEAM,466813545,1320000,1412
2025-11-28 08:18:20,UCCzUftO8KOVkV4wQG1vkUvg,Marine Ch. 宝鐘マリン,2033880549,4260000,1560
2025-11-28 08:18:20,UCOVLrBaOiMH5QDKXTycZ8Pw,やっちゃんの崖っぷちスロパチ生活,699069208,326000,5206
2025-11-28 08:18:20,UC__iCxFigPdcry_UBv6sDGw,IO,16308497,38200,13
2025-11-28 08:18:20,UCDbUUremwf8k1x1GTYfB1Ng,ニート部クラフト,20469029,97400,126
2025-11-28 08:18:20,UCqm3BQLlJfvkTsX_hvm0UmA,Watame Ch. 角巻わため,610016767,1700000,2981
2025-11-28 08:18:20,UCeK22JmzkTMa69kZU9NEqsA,めじの【Vtuber応援隊】,31953282,15100,540
2025-11-28 08:18:20,UC9llDCAObCbGpsaa66fClKw,ユニバーサル・ピクチャーズ公式,642330480,375000,1443
2025-11-28 08:18:20,UCvaTdHTWBGv3MKj3KVqJVCw,Okayu Ch. 猫又おかゆ,626491070,2060000,1593
2025-11-28 08:18:20,UCAWxPGGuIfWME2KTLUmSCHw,ぱかチューブっ!【ウマ娘公式】,516118137,1310000,1291
2025-11-28 08:18:20,UCHghNZNbV-CPbb_f3FslObw,がんばるぴえんちゃんパチンコ日記,80552064,100000,1534
2025-11-28 08:18:20,UCBhPDpv9JavoPADrZcsAC2A,あらき-ARAKI Official,320679686,489000,260
2025-11-28 08:18:20,UCHzevlEL9JfsBIm86uNCJqg,宮野真守,79523549,449000,329
2025-11-28 08:18:20,UC2NujFa5X09CdV0YCntmQDg,板橋ハウス,905340198,752000,2030
2025-11-28 08:18:20,UChhKBlh_wvspTh5n4mL0b5g,BOYNEXTDOOR,1166800131,2070000,2201
2025-11-28 08:18:20,UCxIK6x6sG7Ln5vjjPYpgeAw,Chogakusei Official,674277867,1010000,564
2025-11-28 08:18:20,UCHvFSU5OP6c7QcJxIr87YtA,ウタエル Utael,446481570,582000,903
2025-11-28 08:18:20,UCYXmyrGUVL8tX7VEvo_DjPw,シャル@ツモらせ隊,83417780,178000,902
2025-11-28 08:18:20,UC8eq3M3Yft3FUgxEX6lOZMg,chotokkyu - Topic,35861359,579,486
2025-11-28 08:18:20,UCxhPsqKunv6674tZcQoEzOg,LIBRO,9608620,19500,26
2025-11-28 08:18:20,UC1DCedRgGHBdm81E1llLhOQ,Pekora Ch. 兎田ぺこら,1013000469,2740000,2345
2025-11-28 08:18:20,UCdVD0MsYecQaIE5Ru-pOIQQ,RIIZE,1025713566,1870000,1387
2025-11-28 08:18:20,UCFvSFbT8okMrpuFxBEIB2lg,M!LK,90553892,10400,243
2025-11-28 08:18:20,UCYA14rrNjvQq_P_YSNeJHgA,スロライブ,90048209,46500,896
2025-11-28 08:18:20,UCpT4syVopfBl2bATVfAt65g,澤野弘之 / SawanoHiroyuki[nZk],51785889,4110,22
2025-11-28 08:18:20,UCH4yRBPH2pDUjPeqomx8CTQ,てるとくん,548838286,1330000,1895
2025-11-28 08:18:20,UCXURHJRGr4-EB3l87kcbElw,NCT DREAM,2300999800,7000000,1318
2025-11-28 08:18:20,UCtwTCZuQkTIwUf5m9mlZnOQ,Release - Topic,33591,52,7
2025-11-28 08:18:20,UCzXjPL7zo0bxhOYDxLJ9YEg,ポッキー,4097303091,3750000,4360
2025-11-28 08:18:20,UC070fhnqq38qNhqHm5rxTcQ,令和ちゃんねる,428713479,506000,3629
2025-11-28 08:18:20,UCfkXDY7vwkcJ8ddFGz8KusA,SEVENTEEN,7797609294,16200000,3291
2025-11-28 08:18:20,UCB_qr75-ydFVKSF9Dmo6izg,FORMULA 1,8872795883,13700000,9413
2025-11-28 08:18:20,UCrQUlOEbu-0T0l4DAcBEeIg,pizzaofdeathofficial,408297473,332000,372
2025-11-28 08:18:20,UCu2Fxqf37DAZ0ZhIsd1FZwA,Capcom Fighters JP,263206267,257000,3909
2025-11-28 08:18:20,UC9-yZkJfxtg6WNCX5mUQb0w,ノゴローチャンネル,179654208,126000,3593
2025-11-28 08:18:20,UC6FadPgGviUcq6VQ0CEJqdQ,Juice=Juice,166051730,251000,281
2025-11-28 08:18:20,UCPJCP_fon2mOMfibbBPUOYw,SAWAYAN GAMES / サワヤン ゲームズ,1299417555,2070000,3418
2025-11-28 08:18:20,UC_vMYWcDjmfdpH6r4TTn1MQ,Iroha ch. 風真いろは - holoX -,263260463,1130000,1055
2025-11-28 08:18:20,UC3IZKseVpdzPSBaWxBxundA,HYBE LABELS,42540481240,79100000,2930
2025-11-28 08:18:20,UC7wu64jFsV02bbu6UHUd7JA,ガンダムチャンネル,412705070,1670000,1657
2025-11-28 08:18:20,UCH-lygWpHodDff3iQurnWnQ,加藤純一切り抜き集,1719397232,580000,5442
2025-11-28 08:18:20,UCapLmxI6gv5WBd3N3sUVG8Q,稲垣潤一 Official,39810109,49800,46
2025-11-28 08:18:20,UCv0F5yCdnwnBTrcJO2Yr3lQ,きむちゃんねる,925351670,765000,2674
2025-11-28 08:18:20,UCJxxoli_XbupD8SK_TtytAQ,バンダイナムコ アミューズメントユニット公式チャンネル,90338539,118000,1604
2025-11-28 08:18:20,UCqq-ovGE01ErlXakPihhKDA,1theK Originals - 원더케이 오리지널,2010488974,2510000,3586
2025-11-28 08:18:20,UCaO6TYtlC8U5ttz62hTrZgg,JYP Entertainment,26033965531,31500000,2641
2025-11-28 08:18:20,UC5vqbtNnbOF2h7A_xlrIPUw,ぽっぴんず,917041262,630000,1053
2025-11-28 08:18:20,UCsoW5-5KCPFAZwfGU-POUvA,まじめにヤバシティ,61636831,390000,306
2025-11-28 08:18:20,UC6SmH9mR82nj28_NNg_rZvA,スクウェア・エニックス,1173462261,1090000,10987
2025-11-28 08:18:20,UCjJmYy279ehSYSwR1A3fXtA,マグロヘッド,394485098,735000,1754
2025-11-28 08:18:20,UCtPyU9cJgvvgH03PQKgaucA,ファミ通TUBE,183092580,208000,8154
2025-11-28 08:18:20,UC1DqlLj1onQhBfxW81OgQTw,GLAY,732544767,541000,886
2025-11-28 08:18:20,UC6qVAJzxF5kSN_UUFSdODiQ,MAZZEL - Topic,19399097,8260,57
2025-11-28 08:18:20,UCS57xc1Bf-znC9_ouCc3SZw,佐野元春 - DaisyMusic,50511392,77700,163
2025-11-28 08:18:20,UCENoC6MLc4pL-vehJyzSWmg,もこうの実況,1736532998,1600000,5789
2025-11-28 08:18:20,UC9qSqkNFiByKzzoxT3Cydyw,Aiobahn,28242135,90100,14
2025-11-28 08:18:20,UCv2ejD5B1xOYtGB2cf80B8g,Netflix Japan,1983627665,2310000,7766
2025-11-28 08:18:20,UCOTR1tcOAhjgi6YukrPpZxg,まふまふちゃんねる,2481899158,3610000,511
2025-11-28 08:18:20,UCL7VEatXa9yBCKeM-ww8TnA,NX☆くさあん,208613284,238000,3564
2025-11-28 08:18:20,UCZetZElUvdElPrcstRjl9DA,加藤純一ロードショー,413754029,509000,983
2025-11-28 08:18:20,UC6H_7uSepAzrlayBjAb9rrg,WurtS - Topic,69151593,698,82
2025-11-28 08:18:20,UC_ntXHv-XdKCD7CPynVvnQw,Bandai Namco Entertainment America,615703805,1460000,3570
2025-11-28 08:18:20,UCwJYQvXHtNn1c7RqED4E7MA,パンダドラゴン,44018394,92300,533
2025-11-28 08:18:20,UCAVR6Q0YgYa8xwz8rdg9Mrg,原神-Genshin-公式,784190206,2100000,2022
2025-11-28 08:18:20,UCkVvAm5jb62IMIJQj4wPVGA,TMSアニメ公式チャンネル,379675672,898000,1147
2025-11-28 08:18:20,UCfipDDn7wY-C-SoUChgxCQQ,葉山舞鈴 / Ohayama Ch.,88127302,600000,1342
2025-11-28 08:18:20,UCtiObj3CsEAdNU6ZPWDsddQ,TOMORROW X TOGETHER OFFICIAL,3494513829,13100000,3043
2025-11-28 08:18:20,UCUW6U6iOrntB0jw6-AbQo8g,RED Games,250784769,210000,3572
2025-11-28 08:18:20,UCeTo4Eh0TzpKbUL4vGQZ73A,LEX *,4622534,1280,14
2025-11-28 08:18:20,UCYLp2FLXcqLUZhvrCxQmNIA,胡桃沢りりか,41082046,100000,2573
2025-11-28 08:18:20,UCeA0fcfLVewbuD7H5YsrpdA,ライキジョーンズ,118907320,146000,3391
2025-11-28 08:18:20,UCqeAYB1DMzfM-hG-Up52yNQ,つるおかかものはし,371711972,387000,3613
2025-11-28 08:18:20,UCl_HfKfmxefUAVHPyJu0aCg,シュガーの宝舟,80220296,84300,1358
2025-11-28 08:18:20,UC0oUS_AySEl6fiYgRgPJJ9g,うさみんみ,43215847,14500,179
2025-11-28 08:18:20,UCwF6o6cF7BMTY1-OZ7ZUY7Q,フォートナイト 公式,271008439,411000,586
2025-11-28 08:18:20,UCc-itdQHxLvUlPrDxIiSJrA,INI,748068954,653000,1270
2025-11-28 08:18:20,UC3J-txytRWiRtNXrLS95eEw,ASIAN KUNG-FU GENERATION Official YouTube Channel,608265861,789000,283
2025-11-28 08:18:20,UCZwcUEEjD8RVzB-TAw1ts3g,Eden - Topic,4283045,1780,38
2025-11-28 08:18:20,UCoQhX2O93MVTWfgIz-8wOmg,KUNの50人クラフト,466416775,544000,1051
2025-11-28 08:18:20,UC3VId8brfshtHO6gMMqnZ5A,FLOW GLOW - Topic,405219,2190,5
2025-11-28 08:18:20,UCGc93NguHRwzv1Rw9MyIcxQ,鳴潮 (Wuthering Waves)公式,104311352,345000,466
2025-11-28 08:18:20,UCM3yhFc0-fBFuvqx1Vg2YNQ,まいぜんシスターズ,7172110405,3180000,1860
2025-11-28 08:18:20,UCSFCh5NL4qXrAy9u-u2lX3g,Kuzuha Channel,1427835289,2100000,2823
2025-11-28 08:18:20,UCp_Az_oKu8-J5qIQpF35JbA,やわらちゃんねる,193030695,279000,863
2025-11-28 08:18:20,UCWvr04hMa4k4wSilYcQ4qoA,キャベツの人【ゲーム紹介】,253374451,418000,974
2025-11-28 08:18:20,UCtceiniicYEsbAVuWy-Bi0Q,ドラゴンクエストウォーク公式,50539317,181000,160
2025-11-28 08:18:20,UCILZFnKZJksR7zwhZbAB4vw,れじぇくん,1503308399,1170000,1428
2025-11-28 08:18:20,UCkKj-SiKyiFkj_dO1vmY3gA,加藤純一RECORDS,5280513,29300,82
2025-11-28 08:18:20,UCqQNCRSihFHVsXrDikNeYSg,げまじょが好き【にじさんじEXゲマズ切り抜き】,4649643,2400,119
2025-11-28 08:18:20,UC3NrSfe_yR5XX9zGFxYoV1Q,HIRAIDAI - Topic,281495040,3400,415
2025-11-28 08:18:20,UCHVkYOT63gAz5yTxjo68_Ng,家スロットゲームパンダ’s ROOM@琉球🐼🪸,1227156,1680,76
2025-11-28 08:18:20,UCFQu6Q-9LAS3KoEuRDNkzGA, ニート部,659410890,680000,3213
2025-11-28 08:18:20,UC9zY_E8mcAo_Oq772LEZq8Q,THE FIRST TAKE,6265448119,11500000,1531
2025-11-28 08:18:20,UCj4PjeVMnNTHIR5EeoNKPAw,ドズル社,4908810074,2570000,10214
2025-11-28 08:18:20,UCkv76wCrBDQNn7ctcbn6Qeg,Nissy - Topic,93482979,26400,192
2025-11-28 08:18:20,UCWXDEaOxoT8gkk83ZEB5Onw,TP ZONE,1457232,13200,86
2025-11-28 08:18:20,UC4YT50DP7hbMsor8FmyEPMw,Victor Entertainment,1490097112,1070000,4975
2025-11-28 08:18:20,UC-_iQWdEZY66nGGaHH0Ygmg,僕が見たかった青空,52805973,122000,499
2025-11-28 08:18:20,UCmnZL4tFRl4sm-uJOxTLHmg,今日ポケch.,987062219,570000,1305
2025-11-28 08:18:20,UCZVVCZwOpCbDXB84SDqWixQ,Lil Shady,56319498,284000,97
2025-11-28 08:18:20,UCzRzPAT-AjlPyec5yXG974g,カワノKawano,208412962,185000,1323
2025-11-28 08:18:20,UCAaGaynFpku5cAx6OOSrW-w,HoneyWorks OFFICIAL,1601855248,2850000,550
2025-11-24 23:45:02,UC8eq3M3Yft3FUgxEX6lOZMg,chotokkyu - Topic,35635303,577,486
2025-11-24 23:45:02,UCZwcUEEjD8RVzB-TAw1ts3g,Eden - Topic,4126778,1650,37
2025-11-24 23:45:02,UCB_qr75-ydFVKSF9Dmo6izg,FORMULA 1,8854977174,13700000,9400
2025-11-24 23:45:02,UCZMRuagdTBKmmrFtSMN48Xw,牛沢,2663199513,1800000,3738
2025-11-24 23:45:02,UCy9GuRXGTm8TliQ-OJ7KwzA,【V.I.P】,977655202,978000,2493
2025-11-24 23:45:02,UChVflUz2J_jaaqYjXqvpmQA,iLiFE!【あいらいふ】,243613485,484000,527
2025-11-24 23:45:02,UC9zY_E8mcAo_Oq772LEZq8Q,THE FIRST TAKE,6255963798,11500000,1526
2025-11-24 23:45:02,UCOfESRUR5duQ2hMnTQ4oqhA,BUMP OF CHICKEN,1637208579,1590000,164
2025-11-24 23:45:02,UCOjkVJQcjtWnpf0-1ft4brA,ゆっくりむちゃたぬき,209662150,352000,423
2025-11-24 23:45:02,UCtKBQ2BYD76GiJvcpZOBorg,えいま,11343422,13500,346
2025-11-24 23:45:02,UCX7YkU9nEeaoZbkVLVajcMg,にじさんじ,1070434481,1870000,2823
2025-11-24 23:45:02,UC15ebOqdhmvl1eb0s0jk5aw,戦極MCBATTLE,1331472299,847000,5376
2025-11-24 23:45:02,UCILZFnKZJksR7zwhZbAB4vw,れじぇくん,1502606449,1170000,1427
2025-11-24 23:45:02,UCylNKKCfPMm8ROXasQWTonA,響咲リオナの足,3074800,6480,119
2025-11-24 23:45:02,UCDbUUremwf8k1x1GTYfB1Ng,ニート部クラフト,20165570,96700,125
2025-11-24 23:45:02,UC-hM6YJuNYVAmUWxeIr9FeA,Miko Ch. さくらみこ,889625882,2460000,2040
2025-11-24 23:45:02,UCdVD0MsYecQaIE5Ru-pOIQQ,RIIZE,1015326967,1870000,1371
2025-11-24 23:45:02,UCqQNCRSihFHVsXrDikNeYSg,げまじょが好き【にじさんじEXゲマズ切り抜き】,4338373,2320,117
2025-11-24 23:45:02,UCXqWKjzm2YMH6Bs7rAmsKFw,福本大晴,7285544,89700,144
2025-11-24 23:45:02,UCqMRVBz-hhSFRuqlL1guqig,あひるだっく,51766019,127000,89
2025-11-24 23:45:02,UCaO6TYtlC8U5ttz62hTrZgg,JYP Entertainment,25998680120,31500000,2638
2025-11-24 23:45:02,UCJy7zfLsKBXoo2soFMum7JQ,あかさかの箱,1288124728,2620000,2687
2025-11-24 23:45:02,UCtyXllCXnTAg4rjfI3UwIgA,しょうちゃんネル,295444704,137000,1545
2025-11-24 23:45:02,UCDwcZ85zjLKD-3-jqlv1wQQ,アンジュルム,213864061,229000,366
2025-11-24 23:45:02,UCqKNMJ5s_vsf7WkesdBrvQA,IS:SUE,87646037,220000,767
2025-11-24 23:45:02,UC1FQWQ3y3-e8l1pCtWhJt5A,Vaundy,2295815134,2430000,226
2025-11-24 23:45:02,UCJnL-TBcsYrF2SLs7tmiC8Q,tripleS official,678132684,2880000,3043
2025-11-24 23:45:02,UC0ux2IFOXkj6ifQ4aSs9l7Q,大月【おおつき】,14634927,17400,1216
2025-11-24 23:45:02,UCjcYYjM16TFOPXDjWgzHiHA,超覚醒てえんだ「スロパチ生放送」,86919662,140000,570
2025-11-24 23:45:02,UCpGpA7mSYmNJjLiJxKso5QA,しもふりチューブ,1782252088,2160000,3019
2025-11-24 23:45:02,UC3IZKseVpdzPSBaWxBxundA,HYBE LABELS,42483687297,79100000,2929
2025-11-24 23:45:02,UCAaGaynFpku5cAx6OOSrW-w,HoneyWorks OFFICIAL,1585662413,2850000,550
2025-11-24 23:45:02,UCOXOcEbERAwGlE4ig9MaLSQ,夜勤明けパチンコパチスロ実践記,275421734,166000,1622
2025-11-24 23:45:02,UCRDJ3DN-6ND_a4LSJ35L91A,立川ちゃんねる,106083315,107000,638
2025-11-24 23:45:02,UCOTR1tcOAhjgi6YukrPpZxg,まふまふちゃんねる,2480574724,3610000,511
2025-11-24 23:45:02,UCSFCh5NL4qXrAy9u-u2lX3g,Kuzuha Channel,1423963087,2100000,2817
2025-11-24 23:45:02,UC7wu64jFsV02bbu6UHUd7JA,ガンダムチャンネル,411857181,1670000,1650
2025-11-24 23:45:02,UCXEo7JprZQGCPkezcZylHlQ,黒炭酸,151748328,201000,1757
2025-11-24 23:45:02,UChUjERVG8eKEAJSCef-tTmg,k4sen / かせん,714915186,1020000,3058
2025-11-24 23:45:02,UC_DopZ9OANqNGho0wFwADqA,けいちゃん / Keichan,502697517,1270000,605
2025-11-24 23:45:02,UCtPyU9cJgvvgH03PQKgaucA,ファミ通TUBE,182873937,207000,8150
2025-11-24 23:45:02,UC6qVAJzxF5kSN_UUFSdODiQ,MAZZEL - Topic,19093992,8260,57
2025-11-24 23:45:02,UCIJAlAYCNN8RACtDDsy9K6g,Novelbright,646175482,732000,319
2025-11-24 23:45:02,UCwJYQvXHtNn1c7RqED4E7MA,パンダドラゴン,44018394,92300,532
2025-11-24 23:45:02,UCkVvAm5jb62IMIJQj4wPVGA,TMSアニメ公式チャンネル,378889162,897000,1147
2025-11-24 23:45:02,UCHVkYOT63gAz5yTxjo68_Ng,家スロットゲームパンダ’s ROOM@琉球🐼🪸,1199909,1690,75
2025-11-24 23:45:02,UCzXjPL7zo0bxhOYDxLJ9YEg,ポッキー,4095759975,3750000,4358
2025-11-24 23:45:02,UC8rk-fIWJXYlSF8tkfG9wWg,天色鮫,66274266,192000,132
2025-11-24 23:45:02,UCHghNZNbV-CPbb_f3FslObw,がんばるぴえんちゃんパチンコ日記,80128755,100000,1528
2025-11-24 23:45:02,UCBA-kvU_zYdKreZbhhywX2Q,あいずちゃんねる,147116475,57400,803
2025-11-24 23:45:02,UCOVLrBaOiMH5QDKXTycZ8Pw,やっちゃんの崖っぷちスロパチ生活,697953558,326000,5202
2025-11-24 23:45:02,UC-ifW8mHzfsZVGHY8vxqrjA,A.B.C-Z,58717723,54500,436
2025-11-24 23:45:02,UCdCC1L_OxLrkoEjR19iXpRw,パチスロードch,135126836,75500,813
2025-11-24 23:45:02,UC_vMYWcDjmfdpH6r4TTn1MQ,Iroha ch. 風真いろは - holoX -,262468136,1130000,1050
2025-11-24 23:45:02,UCMF_5h2OejEhVorTB02UUSg,MAZZEL,240478072,282000,720
2025-11-24 23:45:02,UCj4PjeVMnNTHIR5EeoNKPAw,ドズル社,4884812029,2560000,10206
2025-11-24 23:45:02,UCgmFrRcyH7d1zR9sIVQhFow,ローレン・イロアス / Lauren Iroas【にじさんじ】,396116758,953000,1046
2025-11-24 23:45:02,UCBuLdF0tQn5oZjpvYWSQkaA,Liura Channel,91759525,206000,373
2025-11-24 23:45:02,UCqeAYB1DMzfM-hG-Up52yNQ,つるおかかものはし,370740326,387000,3605
2025-11-24 23:45:02,UCvaTdHTWBGv3MKj3KVqJVCw,Okayu Ch. 猫又おかゆ,626491070,2060000,1591
2025-11-24 23:45:02,UCcz2Y1yhR42UxbFwvPFGCmA,きっしー助六ちゃんねる,75627383,61500,939
2025-11-24 23:45:02,UCkKj-SiKyiFkj_dO1vmY3gA,加藤純一RECORDS,5031464,28100,81
2025-11-24 23:45:02,UCv2ejD5B1xOYtGB2cf80B8g,Netflix Japan,1978518413,2300000,7747
2025-11-24 23:45:02,UC3VId8brfshtHO6gMMqnZ5A,FLOW GLOW - Topic,311811,2190,5
2025-11-24 23:45:02,UClNdVSK1uy2xFHTaXZYXopw,らっだぁ,1816193668,1450000,2340
2025-11-24 23:45:02,UCHzevlEL9JfsBIm86uNCJqg,宮野真守,78718653,449000,329
2025-11-24 23:45:02,UC1DCedRgGHBdm81E1llLhOQ,Pekora Ch. 兎田ぺこら,1011551819,2740000,2339
2025-11-24 23:45:02,UCv7VutirxDn3RWIJXI68n_A,＝LOVE（イコールラブ）公式チャンネル,466225819,554000,474
2025-11-24 23:45:02,UCXURHJRGr4-EB3l87kcbElw,NCT DREAM,2300999800,7000000,1308
2025-11-24 23:45:02,UCZ1xuCK1kNmn5RzPYIZop3w,リゼ・ヘルエスタ -Lize Helesta-,298777084,957000,1089
2025-11-24 23:45:02,UCmovZ2th3Sqpd00F5RdeigQ,加賀美 ハヤト/Hayato Kagami,332409391,921000,1520
2025-11-24 23:45:02,UCCzUftO8KOVkV4wQG1vkUvg,Marine Ch. 宝鐘マリン,2033880549,4260000,1560
2025-11-24 23:45:02,UCAWxPGGuIfWME2KTLUmSCHw,ぱかチューブっ!【ウマ娘公式】,514367855,1310000,1287
2025-11-24 23:45:02,UCDhOdoqPxv96djR3tSq9NoA,ショコラ大佐の秘密基地,147922654,138000,1743
2025-11-24 23:45:02,UCeK22JmzkTMa69kZU9NEqsA,めじの【Vtuber応援隊】,31396871,15100,536
2025-11-24 23:45:02,UCBhPDpv9JavoPADrZcsAC2A,あらき-ARAKI Official,320679686,488000,260
2025-11-24 23:45:02,UCvo8JUqHh2d1QGnK3LKyI4Q,ポケモンユナイト公式チャンネル,31921376,139000,467
2025-11-24 23:45:02,UCFvSFbT8okMrpuFxBEIB2lg,M!LK,88473496,10200,243
2025-11-24 23:45:02,UCHD1jo5RhijLfx5-0Ehe_cg,&TEAM,466813545,1320000,1403
2025-11-24 23:45:02,UCKU0SVkIPRqwiZaXJ9rXhdw,シュート。,216131591,256000,2333
2025-11-24 23:45:02,UCMGvmEqkVbl372DCyn3NLAw,【吹いたら負け】葛葉先生のしくじり【切り抜き】,180309211,136000,978
2025-11-24 23:45:02,UCYLp2FLXcqLUZhvrCxQmNIA,胡桃沢りりか,40825465,100000,2567
2025-11-24 23:45:02,UCNVIo0UJXTdEnsRkCB9Q03w,ILLIT - Topic,561041422,57700,59
2025-11-24 23:45:02,UC5vqbtNnbOF2h7A_xlrIPUw,ぽっぴんず,915724400,629000,1052
2025-11-24 23:45:02,UC6FadPgGviUcq6VQ0CEJqdQ,Juice=Juice,161605345,248000,280
2025-11-24 23:45:02,UCoQhX2O93MVTWfgIz-8wOmg,KUNの50人クラフト,464130069,543000,1046
2025-11-24 23:45:02,UCyTaStlK0neSuKveYOIioaw,ぐんぐにるチャンネル,274844393,426000,447
2025-11-24 23:45:02,UCvzGlP9oQwU--Y0r9id_jnA,Subaru Ch. 大空スバル,580727397,1950000,1893
2025-11-24 23:45:02,UC9Lx-zRFGfpuls27tNAOIqA,マエスケ,1539046282,1830000,1137
2025-11-24 23:45:02,UChn5TjkeEqd-JxzizMVSkOw,ハヤトの野望,1033953782,1510000,2415
2025-11-24 23:45:02,UCYA14rrNjvQq_P_YSNeJHgA,スロライブ,89506488,46500,893
2025-11-24 23:45:02,UCH-lygWpHodDff3iQurnWnQ,加藤純一切り抜き集,1717601261,580000,5439
2025-11-24 23:45:02,UCEf_Bc-KVd7onSeifS3py9g,SMTOWN,32590850095,33500000,4640
2025-11-24 23:45:02,UCrKna8EQAd7NPRYq-gIsuow,ホロライ部【ホロライブ切り抜き】,69530642,37700,612
2025-11-24 23:45:02,UCxIK6x6sG7Ln5vjjPYpgeAw,Chogakusei Official,667393982,1010000,564
2025-11-24 23:45:02,UC__iCxFigPdcry_UBv6sDGw,IO,16107442,38000,13
2025-11-24 23:45:02,UCHazKLThRbMyMFu2bVAKhng,ウォーターチャレンジ,3127178464,3150000,2179
2025-11-24 23:45:02,UCGjV4bsC43On-YuiLZcfL0w,KUN,3387915625,1660000,11230
2025-11-24 23:45:02,UCooVYzDxdwTtGYAkcPmOgOw,Brawl Stars,3995881591,23200000,370
2025-11-24 23:45:02,UCLkAepWjdylmXSltofFvsYQ,BANGTANTV,26052132409,81700000,2933
2025-11-24 17:55:58,UC9Lx-zRFGfpuls27tNAOIqA,マエスケ,1539046282,1830000,1137
2025-11-24 17:55:58,UC_DopZ9OANqNGho0wFwADqA,けいちゃん / Keichan,502697517,1270000,604
2025-11-24 17:55:58,UCgmFrRcyH7d1zR9sIVQhFow,ローレン・イロアス / Lauren Iroas【にじさんじ】,396116758,952000,1046
2025-11-24 17:55:58,UCqQNCRSihFHVsXrDikNeYSg,げまじょが好き【にじさんじEXゲマズ切り抜き】,4338373,2300,117
2025-11-24 17:55:58,UCy9GuRXGTm8TliQ-OJ7KwzA,【V.I.P】,977655202,978000,2492
2025-11-24 17:55:58,UC-hM6YJuNYVAmUWxeIr9FeA,Miko Ch. さくらみこ,889625882,2460000,2040
2025-11-24 17:55:58,UCrKna8EQAd7NPRYq-gIsuow,ホロライ部【ホロライブ切り抜き】,69530642,37700,612
2025-11-24 17:55:58,UCwJYQvXHtNn1c7RqED4E7MA,パンダドラゴン,44018394,92300,532
2025-11-24 17:55:58,UCv2ejD5B1xOYtGB2cf80B8g,Netflix Japan,1978518413,2300000,7747
2025-11-24 17:55:58,UCmovZ2th3Sqpd00F5RdeigQ,加賀美 ハヤト/Hayato Kagami,332409391,920000,1520
2025-11-24 17:55:58,UCKU0SVkIPRqwiZaXJ9rXhdw,シュート。,216131591,256000,2332
2025-11-24 17:55:58,UCBhPDpv9JavoPADrZcsAC2A,あらき-ARAKI Official,320679686,488000,260
2025-11-24 17:55:58,UCDbUUremwf8k1x1GTYfB1Ng,ニート部クラフト,20165570,96600,125
2025-11-24 17:55:58,UCvzGlP9oQwU--Y0r9id_jnA,Subaru Ch. 大空スバル,580727397,1950000,1893
2025-11-24 17:55:58,UCBuLdF0tQn5oZjpvYWSQkaA,Liura Channel,91759525,206000,373
2025-11-24 17:55:58,UCAaGaynFpku5cAx6OOSrW-w,HoneyWorks OFFICIAL,1585662413,2850000,550
2025-11-24 17:55:58,UC1DCedRgGHBdm81E1llLhOQ,Pekora Ch. 兎田ぺこら,1011551819,2740000,2339
2025-11-24 17:55:58,UCdCC1L_OxLrkoEjR19iXpRw,パチスロードch,135126836,75500,813
2025-11-24 17:55:58,UCOVLrBaOiMH5QDKXTycZ8Pw,やっちゃんの崖っぷちスロパチ生活,697953558,326000,5201
2025-11-24 17:55:58,UC6qVAJzxF5kSN_UUFSdODiQ,MAZZEL - Topic,19093992,8260,57
2025-11-24 17:55:58,UCLkAepWjdylmXSltofFvsYQ,BANGTANTV,26052132409,81700000,2933
2025-11-24 17:55:58,UChUjERVG8eKEAJSCef-tTmg,k4sen / かせん,714915186,1020000,3057
2025-11-24 17:55:58,UCHazKLThRbMyMFu2bVAKhng,ウォーターチャレンジ,3127178464,3150000,2179
2025-11-24 17:55:58,UCvaTdHTWBGv3MKj3KVqJVCw,Okayu Ch. 猫又おかゆ,626491070,2060000,1590
2025-11-24 17:55:58,UChVflUz2J_jaaqYjXqvpmQA,iLiFE!【あいらいふ】,243613485,483000,524
2025-11-24 17:55:58,UCZwcUEEjD8RVzB-TAw1ts3g,Eden - Topic,4126778,1610,37
2025-11-24 17:55:58,UC15ebOqdhmvl1eb0s0jk5aw,戦極MCBATTLE,1331472299,847000,5372
2025-11-24 17:55:58,UCkKj-SiKyiFkj_dO1vmY3gA,加藤純一RECORDS,5031464,27900,81
2025-11-24 17:55:58,UCeK22JmzkTMa69kZU9NEqsA,めじの【Vtuber応援隊】,31396871,15100,535
2025-11-24 17:55:58,UCBA-kvU_zYdKreZbhhywX2Q,あいずちゃんねる,147116475,57300,801
2025-11-24 17:55:58,UCHzevlEL9JfsBIm86uNCJqg,宮野真守,78718653,449000,329
2025-11-24 17:55:58,UCaO6TYtlC8U5ttz62hTrZgg,JYP Entertainment,25998680120,31500000,2637
2025-11-24 17:55:58,UCILZFnKZJksR7zwhZbAB4vw,れじぇくん,1502606449,1170000,1427
2025-11-24 17:55:58,UCOfESRUR5duQ2hMnTQ4oqhA,BUMP OF CHICKEN,1637208579,1590000,164
2025-11-24 17:55:58,UCtPyU9cJgvvgH03PQKgaucA,ファミ通TUBE,182873937,207000,8150
2025-11-24 17:55:58,UCYLp2FLXcqLUZhvrCxQmNIA,胡桃沢りりか,40825465,100000,2568
2025-11-24 17:55:58,UC1FQWQ3y3-e8l1pCtWhJt5A,Vaundy,2295815134,2430000,226
2025-11-24 17:55:58,UCoQhX2O93MVTWfgIz-8wOmg,KUNの50人クラフト,464130069,543000,1046
2025-11-24 17:55:58,UCCzUftO8KOVkV4wQG1vkUvg,Marine Ch. 宝鐘マリン,2033880549,4260000,1560
2025-11-24 17:55:58,UCHD1jo5RhijLfx5-0Ehe_cg,&TEAM,466813545,1320000,1401
2025-11-24 17:55:58,UCSFCh5NL4qXrAy9u-u2lX3g,Kuzuha Channel,1423963087,2100000,2814
2025-11-24 17:55:58,UC3VId8brfshtHO6gMMqnZ5A,FLOW GLOW - Topic,311811,2190,5
2025-11-24 17:55:58,UCZ1xuCK1kNmn5RzPYIZop3w,リゼ・ヘルエスタ -Lize Helesta-,298777084,957000,1089
2025-11-24 17:55:58,UCxIK6x6sG7Ln5vjjPYpgeAw,Chogakusei Official,667393982,1010000,564
2025-11-24 17:55:58,UCylNKKCfPMm8ROXasQWTonA,響咲リオナの足,3074800,6380,118
2025-11-24 17:55:58,UCjcYYjM16TFOPXDjWgzHiHA,超覚醒てえんだ「スロパチ生放送」,86919662,140000,569
2025-11-24 17:55:58,UCtKBQ2BYD76GiJvcpZOBorg,えいま,11343422,13500,346
2025-11-24 17:55:58,UCRDJ3DN-6ND_a4LSJ35L91A,立川ちゃんねる,106083315,107000,637
2025-11-24 17:55:58,UCtyXllCXnTAg4rjfI3UwIgA,しょうちゃんネル,295444704,137000,1545
2025-11-24 17:55:58,UCX7YkU9nEeaoZbkVLVajcMg,にじさんじ,1070434481,1870000,2823
2025-11-24 17:55:58,UCHVkYOT63gAz5yTxjo68_Ng,家スロットゲームパンダ’s ROOM@琉球🐼🪸,1199909,1690,75
2025-11-24 17:55:58,UC8eq3M3Yft3FUgxEX6lOZMg,chotokkyu - Topic,35635303,577,486
2025-11-24 17:55:58,UCDhOdoqPxv96djR3tSq9NoA,ショコラ大佐の秘密基地,147922654,138000,1743
2025-11-24 17:55:58,UC0ux2IFOXkj6ifQ4aSs9l7Q,大月【おおつき】,14634927,17400,1216
2025-11-24 17:55:58,UCFvSFbT8okMrpuFxBEIB2lg,M!LK,88473496,10200,243
2025-11-24 17:55:58,UCOXOcEbERAwGlE4ig9MaLSQ,夜勤明けパチンコパチスロ実践記,275421734,166000,1622
2025-11-24 17:55:58,UC9zY_E8mcAo_Oq772LEZq8Q,THE FIRST TAKE,6254716369,11500000,1525
2025-11-24 17:55:58,UC__iCxFigPdcry_UBv6sDGw,IO,16107442,37900,13
2025-11-24 17:55:58,UCzXjPL7zo0bxhOYDxLJ9YEg,ポッキー,4095759975,3750000,4358
2025-11-24 17:55:58,UCv7VutirxDn3RWIJXI68n_A,＝LOVE（イコールラブ）公式チャンネル,466225819,553000,474
2025-11-24 17:55:58,UCyTaStlK0neSuKveYOIioaw,ぐんぐにるチャンネル,274844393,426000,447
2025-11-24 17:55:58,UCH-lygWpHodDff3iQurnWnQ,加藤純一切り抜き集,1717601261,580000,5439
2025-11-24 17:55:58,UC-ifW8mHzfsZVGHY8vxqrjA,A.B.C-Z,58717723,54500,435
2025-11-24 17:55:58,UCGjV4bsC43On-YuiLZcfL0w,KUN,3387915625,1660000,11230
2025-11-24 17:55:58,UCj4PjeVMnNTHIR5EeoNKPAw,ドズル社,4884812029,2560000,10205
2025-11-24 17:55:58,UCvo8JUqHh2d1QGnK3LKyI4Q,ポケモンユナイト公式チャンネル,31921376,139000,467
2025-11-24 17:55:58,UCB_qr75-ydFVKSF9Dmo6izg,FORMULA 1,8854977174,13700000,9398
2025-11-24 17:55:58,UCMGvmEqkVbl372DCyn3NLAw,【吹いたら負け】葛葉先生のしくじり【切り抜き】,180309211,136000,978
2025-11-24 17:55:58,UCkVvAm5jb62IMIJQj4wPVGA,TMSアニメ公式チャンネル,378889162,897000,1147
2025-11-24 16:35:26,UCgmFrRcyH7d1zR9sIVQhFow,ローレン・イロアス / Lauren Iroas【にじさんじ】,396116758,952000,1046
2025-11-24 16:35:26,UCOfESRUR5duQ2hMnTQ4oqhA,BUMP OF CHICKEN,1637208579,1590000,164
2025-11-24 16:35:26,UCX7YkU9nEeaoZbkVLVajcMg,にじさんじ,1070434481,1870000,2822
2025-11-24 16:35:26,UC9zY_E8mcAo_Oq772LEZq8Q,THE FIRST TAKE,6254716369,11500000,1525
2025-11-24 16:35:26,UCAaGaynFpku5cAx6OOSrW-w,HoneyWorks OFFICIAL,1585662413,2850000,550
2025-11-24 16:35:26,UCZwcUEEjD8RVzB-TAw1ts3g,Eden - Topic,4126778,1600,37
2025-11-24 16:35:26,UCH-lygWpHodDff3iQurnWnQ,加藤純一切り抜き集,1717601261,580000,5439
2025-11-24 16:35:26,UCSFCh5NL4qXrAy9u-u2lX3g,Kuzuha Channel,1423963087,2100000,2814
2025-11-24 16:35:26,UCkKj-SiKyiFkj_dO1vmY3gA,加藤純一RECORDS,5031464,27800,81
2025-11-24 16:35:26,UC__iCxFigPdcry_UBv6sDGw,IO,16107442,37900,13
2025-11-24 16:35:26,UCBhPDpv9JavoPADrZcsAC2A,あらき-ARAKI Official,320679686,488000,260
2025-11-24 16:35:26,UCrKna8EQAd7NPRYq-gIsuow,ホロライ部【ホロライブ切り抜き】,69530642,37700,612
2025-11-24 16:35:26,UCGjV4bsC43On-YuiLZcfL0w,KUN,3387915625,1660000,11230
2025-11-24 16:35:26,UCj4PjeVMnNTHIR5EeoNKPAw,ドズル社,4884812029,2560000,10205
2025-11-24 16:35:26,UC15ebOqdhmvl1eb0s0jk5aw,戦極MCBATTLE,1331472299,847000,5372
2025-11-24 16:35:26,UCqQNCRSihFHVsXrDikNeYSg,げまじょが好き【にじさんじEXゲマズ切り抜き】,4338373,2300,117
2025-11-24 16:35:26,UCHazKLThRbMyMFu2bVAKhng,ウォーターチャレンジ,3127178464,3150000,2179
2025-11-24 16:35:26,UCLkAepWjdylmXSltofFvsYQ,BANGTANTV,26052132409,81700000,2933
2025-11-24 16:35:26,UC-ifW8mHzfsZVGHY8vxqrjA,A.B.C-Z,58717723,54500,435
2025-11-24 16:35:26,UChUjERVG8eKEAJSCef-tTmg,k4sen / かせん,714915186,1020000,3057
2025-11-24 16:35:26,UCFvSFbT8okMrpuFxBEIB2lg,M!LK,88473496,10200,243
2025-11-24 16:35:26,UC1FQWQ3y3-e8l1pCtWhJt5A,Vaundy,2295815134,2430000,226
2025-11-24 16:35:26,UCylNKKCfPMm8ROXasQWTonA,響咲リオナの足,3074800,6370,118
2025-11-24 16:35:26,UCvzGlP9oQwU--Y0r9id_jnA,Subaru Ch. 大空スバル,580727397,1950000,1893
2025-11-24 16:35:26,UCv2ejD5B1xOYtGB2cf80B8g,Netflix Japan,1978518413,2300000,7747
2025-11-24 16:35:26,UCoQhX2O93MVTWfgIz-8wOmg,KUNの50人クラフト,464130069,543000,1046
2025-11-24 16:35:26,UCCzUftO8KOVkV4wQG1vkUvg,Marine Ch. 宝鐘マリン,2033880549,4260000,1560
2025-11-24 16:35:26,UCHD1jo5RhijLfx5-0Ehe_cg,&TEAM,466813545,1320000,1401
2025-11-24 16:35:26,UCOXOcEbERAwGlE4ig9MaLSQ,夜勤明けパチンコパチスロ実践記,275421734,166000,1622
2025-11-24 16:35:26,UCtyXllCXnTAg4rjfI3UwIgA,しょうちゃんネル,295444704,137000,1545
2025-11-24 16:35:26,UC6qVAJzxF5kSN_UUFSdODiQ,MAZZEL - Topic,19093992,8260,57
2025-11-24 16:35:26,UCILZFnKZJksR7zwhZbAB4vw,れじぇくん,1502606449,1170000,1427
2025-11-24 16:35:26,UC8eq3M3Yft3FUgxEX6lOZMg,chotokkyu - Topic,35635303,577,486
2025-11-24 16:35:26,UCtPyU9cJgvvgH03PQKgaucA,ファミ通TUBE,182873937,207000,8150
2025-11-24 16:35:26,UCMGvmEqkVbl372DCyn3NLAw,【吹いたら負け】葛葉先生のしくじり【切り抜き】,180309211,136000,978
2025-11-24 16:35:26,UCy9GuRXGTm8TliQ-OJ7KwzA,【V.I.P】,977655202,978000,2492
2025-11-24 16:35:26,UC9Lx-zRFGfpuls27tNAOIqA,マエスケ,1539046282,1830000,1137
2025-11-24 16:35:26,UCzXjPL7zo0bxhOYDxLJ9YEg,ポッキー,4095759975,3750000,4358
2025-11-24 16:35:26,UCBA-kvU_zYdKreZbhhywX2Q,あいずちゃんねる,147116475,57300,801
2025-11-24 16:35:26,UCRDJ3DN-6ND_a4LSJ35L91A,立川ちゃんねる,106083315,107000,637
2025-11-24 16:35:26,UCDbUUremwf8k1x1GTYfB1Ng,ニート部クラフト,20165570,96600,125
2025-11-24 16:35:26,UCyTaStlK0neSuKveYOIioaw,ぐんぐにるチャンネル,274844393,426000,447
2025-11-24 16:35:26,UCaO6TYtlC8U5ttz62hTrZgg,JYP Entertainment,25998680120,31500000,2637
2025-11-24 16:35:26,UCmovZ2th3Sqpd00F5RdeigQ,加賀美 ハヤト/Hayato Kagami,332409391,920000,1520
2025-11-24 16:35:26,UC-hM6YJuNYVAmUWxeIr9FeA,Miko Ch. さくらみこ,889625882,2460000,2040
2025-11-24 16:35:26,UCOVLrBaOiMH5QDKXTycZ8Pw,やっちゃんの崖っぷちスロパチ生活,697953558,326000,5201
2025-11-24 16:35:26,UCvaTdHTWBGv3MKj3KVqJVCw,Okayu Ch. 猫又おかゆ,626491070,2060000,1590
2025-11-24 16:35:26,UCYLp2FLXcqLUZhvrCxQmNIA,胡桃沢りりか,40825465,100000,2568
2025-11-24 16:35:26,UCHVkYOT63gAz5yTxjo68_Ng,家スロットゲームパンダ’s ROOM@琉球🐼🪸,1199909,1690,75
2025-11-24 16:35:26,UC0ux2IFOXkj6ifQ4aSs9l7Q,大月【おおつき】,14634927,17400,1216
2025-11-24 16:35:26,UCkVvAm5jb62IMIJQj4wPVGA,TMSアニメ公式チャンネル,378889162,897000,1147
2025-11-24 16:35:26,UCB_qr75-ydFVKSF9Dmo6izg,FORMULA 1,8854977174,13700000,9398
2025-11-24 16:35:26,UCDhOdoqPxv96djR3tSq9NoA,ショコラ大佐の秘密基地,147922654,138000,1743
2025-11-24 16:35:26,UC3VId8brfshtHO6gMMqnZ5A,FLOW GLOW - Topic,311811,2190,5
2025-11-24 16:35:26,UC_DopZ9OANqNGho0wFwADqA,けいちゃん / Keichan,502697517,1270000,604
2025-11-24 16:35:26,UCeK22JmzkTMa69kZU9NEqsA,めじの【Vtuber応援隊】,31396871,15100,534
2025-11-24 16:35:26,UCwJYQvXHtNn1c7RqED4E7MA,パンダドラゴン,44018394,92300,532
2025-11-24 16:35:26,UCvo8JUqHh2d1QGnK3LKyI4Q,ポケモンユナイト公式チャンネル,31921376,139000,467
2025-11-24 16:35:26,UCv7VutirxDn3RWIJXI68n_A,＝LOVE（イコールラブ）公式チャンネル,466225819,553000,474
2025-11-24 16:35:26,UCHzevlEL9JfsBIm86uNCJqg,宮野真守,78718653,449000,329
2025-11-24 16:35:26,UC1DCedRgGHBdm81E1llLhOQ,Pekora Ch. 兎田ぺこら,1011551819,2740000,2339
2025-11-24 16:35:26,UChVflUz2J_jaaqYjXqvpmQA,iLiFE!【あいらいふ】,243613485,483000,524
2025-11-24 16:35:26,UCBuLdF0tQn5oZjpvYWSQkaA,Liura Channel,91759525,206000,372
2025-11-24 16:35:26,UCxIK6x6sG7Ln5vjjPYpgeAw,Chogakusei Official,667393982,1010000,564
2025-11-24 16:35:26,UCKU0SVkIPRqwiZaXJ9rXhdw,シュート。,216131591,256000,2332
2025-11-26 15:57:52,UCBuLdF0tQn5oZjpvYWSQkaA,Liura Channel,92139442,206000,374
2025-11-26 15:57:52,UC_vMYWcDjmfdpH6r4TTn1MQ,Iroha ch. 風真いろは - holoX -,262899962,1130000,1051
2025-11-26 15:57:52,UC6H_7uSepAzrlayBjAb9rrg,WurtS - Topic,69010100,698,82
2025-11-26 15:57:52,UCyTaStlK0neSuKveYOIioaw,ぐんぐにるチャンネル,275051458,426000,447
2025-11-26 15:57:52,UChUjERVG8eKEAJSCef-tTmg,k4sen / かせん,717720716,1020000,3062
2025-11-26 15:57:52,UCOVLrBaOiMH5QDKXTycZ8Pw,やっちゃんの崖っぷちスロパチ生活,698750427,326000,5203
2025-11-26 15:57:52,UCB_qr75-ydFVKSF9Dmo6izg,FORMULA 1,8865234058,13700000,9406
2025-11-26 15:57:52,UChn5TjkeEqd-JxzizMVSkOw,ハヤトの野望,1035116728,1510000,2416
2025-11-26 15:57:52,UC6SmH9mR82nj28_NNg_rZvA,スクウェア・エニックス,1173076894,1090000,10983
2025-11-26 15:57:52,UCx1nAvtVDIsaGmCMSe8ofsQ,加藤純一【jun channel】,1137244182,1280000,1834
2025-11-26 15:57:52,UCPVr7clenPjpD7WNsSI3UBQ,レトルト,2878700140,2590000,3850
2025-11-26 15:57:52,UCOfESRUR5duQ2hMnTQ4oqhA,BUMP OF CHICKEN,1637208579,1590000,164
2025-11-26 15:57:52,UC9Lx-zRFGfpuls27tNAOIqA,マエスケ,1541789868,1830000,1137
2025-11-26 15:57:52,UCMF_5h2OejEhVorTB02UUSg,MAZZEL,243792578,284000,721
2025-11-26 15:57:52,UCENoC6MLc4pL-vehJyzSWmg,もこうの実況,1736173730,1600000,5786
2025-11-26 15:57:52,UCzXjPL7zo0bxhOYDxLJ9YEg,ポッキー,4096717679,3750000,4359
2025-11-26 15:57:52,UCIJAlAYCNN8RACtDDsy9K6g,Novelbright,652756465,733000,319
2025-11-26 15:57:52,UCdVD0MsYecQaIE5Ru-pOIQQ,RIIZE,1015326967,1870000,1377
2025-11-26 15:57:52,UCfipDDn7wY-C-SoUChgxCQQ,葉山舞鈴 / Ohayama Ch.,88016924,599000,1339
2025-11-26 15:57:52,UC15ebOqdhmvl1eb0s0jk5aw,戦極MCBATTLE,1332434553,847000,5381
2025-11-26 15:57:52,UCYLp2FLXcqLUZhvrCxQmNIA,胡桃沢りりか,40952518,100000,2570
2025-11-26 15:57:52,UCHzevlEL9JfsBIm86uNCJqg,宮野真守,78718653,449000,329
2025-11-26 15:57:52,UCH-lygWpHodDff3iQurnWnQ,加藤純一切り抜き集,1718873534,580000,5439
2025-11-26 15:57:52,UC_DopZ9OANqNGho0wFwADqA,けいちゃん / Keichan,502697517,1270000,605
2025-11-26 15:57:52,UCLrYavXppY_4oRfquHk9VQg,HAGANE,14455474,74800,141
2025-11-26 15:57:52,UCXURHJRGr4-EB3l87kcbElw,NCT DREAM,2300999800,7000000,1312
2025-11-26 15:57:52,UCOjkVJQcjtWnpf0-1ft4brA,ゆっくりむちゃたぬき,210059667,352000,423
2025-11-26 15:57:52,UCmovZ2th3Sqpd00F5RdeigQ,加賀美 ハヤト/Hayato Kagami,332409391,921000,1521
2025-11-26 15:57:52,UC8eq3M3Yft3FUgxEX6lOZMg,chotokkyu - Topic,35769873,577,486
2025-11-26 15:57:52,UCHD1jo5RhijLfx5-0Ehe_cg,&TEAM,466813545,1320000,1406
2025-11-26 15:57:52,UCEfbtVOJgicdHjs5HzOzJlA,ぱち・スロ部,3649413,1770,302
2025-11-26 15:57:52,UC3J-txytRWiRtNXrLS95eEw,ASIAN KUNG-FU GENERATION Official YouTube Channel,608265861,788000,281
2025-11-26 15:57:52,UCxIK6x6sG7Ln5vjjPYpgeAw,Chogakusei Official,674113985,1010000,564
2025-11-26 15:57:52,UCx-QS9BIo_L_lx5dkpys1qw,ねこまんまのパチ•チャンネル,7979566,14200,167
2025-11-26 15:57:52,UCtiObj3CsEAdNU6ZPWDsddQ,TOMORROW X TOGETHER OFFICIAL,3494513829,13100000,3039
2025-11-26 15:57:52,UCC4xWbcBVn-tHgchhrdmFpg,Jinmenusagi,9965654,32600,80
2025-11-26 15:57:52,UCfkXDY7vwkcJ8ddFGz8KusA,SEVENTEEN,7797609294,16200000,3275
2025-11-26 15:57:52,UCAaGaynFpku5cAx6OOSrW-w,HoneyWorks OFFICIAL,1601855248,2850000,550
2025-11-26 15:57:52,UC3VId8brfshtHO6gMMqnZ5A,FLOW GLOW - Topic,366731,2190,5
2025-11-26 15:57:52,UCOTR1tcOAhjgi6YukrPpZxg,まふまふちゃんねる,2481296145,3610000,511
2025-11-26 15:57:52,UCdkVEDVAW5aFmA-Mkz0lAFQ,ひたまゆ。,466517551,410000,2792
2025-11-26 15:57:52,UChhKBlh_wvspTh5n4mL0b5g,BOYNEXTDOOR,1165454055,2060000,2198
2025-11-26 15:57:52,UC8_Ag6BVp43Vmrx6eillK9g,Vaundy - Topic,908887607,2190,110
2025-11-26 15:57:52,UCL7VEatXa9yBCKeM-ww8TnA,NX☆くさあん,208448896,238000,3562
2025-11-26 15:57:52,UCqeAYB1DMzfM-hG-Up52yNQ,つるおかかものはし,371298994,387000,3607
2025-11-26 15:57:52,UCcz2Y1yhR42UxbFwvPFGCmA,きっしー助六ちゃんねる,75772269,61500,940
2025-11-26 15:57:52,UCcg_rvE-fU2tATMwBAxW9bA,ヤングスキニー,149392027,238000,602
2025-11-26 15:57:52,UCaO6TYtlC8U5ttz62hTrZgg,JYP Entertainment,26020253681,31500000,2639
2025-11-26 15:57:52,UCMR5xpbhv3jzIQG1TOTg-Jg,B'z - Topic,290233950,3870,678
2025-11-26 15:57:52,UCp_Az_oKu8-J5qIQpF35JbA,やわらちゃんねる,192928076,279000,862
2025-11-26 15:57:52,UCc-PPk-lNe34JaWCcJQCL0g,ドコムスチャンネル,540824009,593000,2022
2025-11-26 15:57:52,UCu3kfiUaK7MmkQ40omEpGyQ,ナナ色チャンネル,4507959,8280,82
2025-11-26 15:57:52,UCHazKLThRbMyMFu2bVAKhng,ウォーターチャレンジ,3129829378,3150000,2180
2025-11-26 15:57:52,UCtKBQ2BYD76GiJvcpZOBorg,えいま,11409709,13500,346
2025-11-26 15:57:52,UCXqWKjzm2YMH6Bs7rAmsKFw,福本大晴,7285544,89700,144
2025-11-26 15:57:52,UCu2Fxqf37DAZ0ZhIsd1FZwA,Capcom Fighters JP,262009454,257000,3896
2025-11-26 15:57:52,UCeK22JmzkTMa69kZU9NEqsA,めじの【Vtuber応援隊】,31821301,15100,537
2025-11-26 15:57:52,UCGc93NguHRwzv1Rw9MyIcxQ,鳴潮 (Wuthering Waves)公式,103228294,344000,465
2025-11-26 15:57:52,UCWvr04hMa4k4wSilYcQ4qoA,キャベツの人【ゲーム紹介】,253110424,418000,972
2025-11-26 15:57:52,UC3IZKseVpdzPSBaWxBxundA,HYBE LABELS,42519525251,79100000,2929
2025-11-26 15:57:52,UCrKna8EQAd7NPRYq-gIsuow,ホロライ部【ホロライブ切り抜き】,70032016,37800,613
2025-11-26 15:57:52,UCFQu6Q-9LAS3KoEuRDNkzGA, ニート部,658915879,680000,3212
2025-11-26 15:57:52,UCqQNCRSihFHVsXrDikNeYSg,げまじょが好き【にじさんじEXゲマズ切り抜き】,4505630,2350,118
2025-11-26 15:57:52,UCOXOcEbERAwGlE4ig9MaLSQ,夜勤明けパチンコパチスロ実践記,275601275,166000,1622
2025-11-26 15:57:52,UCpGpA7mSYmNJjLiJxKso5QA,しもふりチューブ,1783109366,2160000,3020
2025-11-26 15:57:52,UCYA14rrNjvQq_P_YSNeJHgA,スロライブ,89847170,46500,894
2025-11-26 15:57:52,UCjJmYy279ehSYSwR1A3fXtA,マグロヘッド,393931180,734000,1753
2025-11-26 15:57:52,UCtyXllCXnTAg4rjfI3UwIgA,しょうちゃんネル,300379892,138000,1546
2025-11-26 15:57:52,UCAWxPGGuIfWME2KTLUmSCHw,ぱかチューブっ!【ウマ娘公式】,515735509,1310000,1288
2025-11-26 15:57:52,UCILZFnKZJksR7zwhZbAB4vw,れじぇくん,1503069264,1170000,1428
2025-11-26 15:57:52,UCLkAepWjdylmXSltofFvsYQ,BANGTANTV,26052132409,81700000,2933
2025-11-26 15:57:52,UCDbUUremwf8k1x1GTYfB1Ng,ニート部クラフト,20381415,97100,125
2025-11-26 15:57:52,UCMzLWawc9x3rUsqYDEfgqzA,ジャック・オ・蘭たん,712367245,648000,1887
2025-11-26 15:57:52,UCHVkYOT63gAz5yTxjo68_Ng,家スロットゲームパンダ’s ROOM@琉球🐼🪸,1208167,1680,76
2025-11-26 15:57:52,UCMGvmEqkVbl372DCyn3NLAw,【吹いたら負け】葛葉先生のしくじり【切り抜き】,180526737,136000,978
2025-11-26 15:57:52,UCKU0SVkIPRqwiZaXJ9rXhdw,シュート。,216489823,256000,2334
2025-11-26 15:57:52,UCH4yRBPH2pDUjPeqomx8CTQ,てるとくん,548320450,1330000,1892
2025-11-26 15:57:52,UCvo8JUqHh2d1QGnK3LKyI4Q,ポケモンユナイト公式チャンネル,31955174,139000,467
2025-11-26 15:57:52,UCvzGlP9oQwU--Y0r9id_jnA,Subaru Ch. 大空スバル,581156475,1950000,1894
2025-11-26 15:57:52,UCS57xc1Bf-znC9_ouCc3SZw,佐野元春 - DaisyMusic,50511392,77600,163
2025-11-26 15:57:52,UCYe_uTI6X6mm9qaXm8iWFDg,ノッチ配信者パチンコライブ,268739271,125000,2726
2025-11-26 15:57:52,UC-_iQWdEZY66nGGaHH0Ygmg,僕が見たかった青空,52805973,122000,498
2025-11-26 15:57:52,UC070fhnqq38qNhqHm5rxTcQ,令和ちゃんねる,428354288,506000,3625
2025-11-26 15:57:52,UCZwcUEEjD8RVzB-TAw1ts3g,Eden - Topic,4227579,1730,38
2025-11-26 15:57:52,UCZetZElUvdElPrcstRjl9DA,加藤純一ロードショー,413173563,509000,981
2025-11-26 15:57:52,UCZ1xuCK1kNmn5RzPYIZop3w,リゼ・ヘルエスタ -Lize Helesta-,299210937,957000,1090
2025-11-26 15:57:52,UCt09C9DPSuOGpHoitbcyCIQ,ゼンレスゾーンゼロ-ZZZ-公式,229645284,754000,429
2025-11-26 15:57:52,UC__iCxFigPdcry_UBv6sDGw,IO,16279732,38100,13
2025-11-26 15:57:52,UCeA0fcfLVewbuD7H5YsrpdA,ライキジョーンズ,118778430,146000,3390
2025-11-26 15:57:52,UC7wu64jFsV02bbu6UHUd7JA,ガンダムチャンネル,412423775,1670000,1655
2025-11-26 15:57:52,UCkKj-SiKyiFkj_dO1vmY3gA,加藤純一RECORDS,5213651,29000,82
2025-11-26 15:57:52,UC-hM6YJuNYVAmUWxeIr9FeA,Miko Ch. さくらみこ,889625882,2460000,2042
2025-11-26 15:57:52,UCpYHkc4rzWEW7iVXIyxQebA,Hey! Say! JUMP - Topic,58814548,5080,738
2025-11-26 15:57:52,UCooVYzDxdwTtGYAkcPmOgOw,Brawl Stars,4003702299,23200000,370
2025-11-26 15:57:52,UC6FadPgGviUcq6VQ0CEJqdQ,Juice=Juice,163770158,249000,280
2025-11-26 15:57:52,UCUzpZpX2wRYOk3J8QTFGxDg,乃木坂46 OFFICIAL YouTube CHANNEL,1610447858,1730000,1168
2025-11-26 15:57:52,UCMJiPpN_09F0aWpQrgbc_qg,キヨ。,6530876349,5480000,3083
2025-11-26 15:57:52,UC9zY_E8mcAo_Oq772LEZq8Q,THE FIRST TAKE,6260490494,11500000,1527
2025-11-26 15:57:52,UCv7VutirxDn3RWIJXI68n_A,＝LOVE（イコールラブ）公式チャンネル,466225819,555000,474
2025-11-26 15:57:52,UCtPyU9cJgvvgH03PQKgaucA,ファミ通TUBE,183031244,208000,8152
2025-11-26 15:57:52,UC8rk-fIWJXYlSF8tkfG9wWg,天色鮫,66562544,192000,132
2025-11-26 15:57:52,UC56x--_QtyaWD1QptYrPMqA,刀剣乱舞 公式チャンネル,9523467,131000,116
2025-11-26 15:57:52,UC5vqbtNnbOF2h7A_xlrIPUw,ぽっぴんず,916578477,630000,1052
2025-11-26 15:57:52,UC7aYDbAOIKIMt25ENfJ68Qw,ルカ,118689817,120000,2126
2025-11-26 15:57:52,UCJy7zfLsKBXoo2soFMum7JQ,あかさかの箱,1290130511,2620000,2687
2025-11-26 15:57:52,UCgmFrRcyH7d1zR9sIVQhFow,ローレン・イロアス / Lauren Iroas【にじさんじ】,396807021,953000,1048
2025-11-26 15:57:52,UClNdVSK1uy2xFHTaXZYXopw,らっだぁ,1818287342,1450000,2340
2025-11-26 15:57:52,UC4YT50DP7hbMsor8FmyEPMw,Victor Entertainment,1489501861,1070000,4972
2025-11-26 15:57:52,UChVflUz2J_jaaqYjXqvpmQA,iLiFE!【あいらいふ】,246311299,485000,531
2025-11-26 15:57:52,UCXEo7JprZQGCPkezcZylHlQ,黒炭酸,152273686,202000,1757
2025-11-26 15:57:52,UCylNKKCfPMm8ROXasQWTonA,響咲リオナの足,3214550,6810,124
2025-11-26 15:57:52,UC9qSqkNFiByKzzoxT3Cydyw,Aiobahn,28036369,90000,14
2025-11-26 15:57:52,UCvaTdHTWBGv3MKj3KVqJVCw,Okayu Ch. 猫又おかゆ,626491070,2060000,1591
2025-11-26 15:57:52,UCj4PjeVMnNTHIR5EeoNKPAw,ドズル社,4900034217,2570000,10210
2025-11-26 15:57:52,UCEf_Bc-KVd7onSeifS3py9g,SMTOWN,32601374258,33500000,4640
2025-11-26 15:57:52,UC14QT5j2nQI8lKBCGtrrBQA,アニプレックス チャンネル,4304370914,3720000,15427
2025-11-26 15:57:52,UC1DCedRgGHBdm81E1llLhOQ,Pekora Ch. 兎田ぺこら,1012493189,2740000,2342
2025-11-26 15:57:52,UCZVVCZwOpCbDXB84SDqWixQ,Lil Shady,56239923,283000,97
2025-11-26 15:57:52,UCdMGYXL38w6htx6Yf9YJa-w,プロジェクトセカイ カラフルステージ! feat. 初音ミク,2002918466,2060000,1907
2025-11-26 15:57:52,UCc-itdQHxLvUlPrDxIiSJrA,INI,748068954,653000,1267
2025-11-26 15:57:52,UCDwcZ85zjLKD-3-jqlv1wQQ,アンジュルム,213864061,229000,370
2025-11-26 15:57:52,UC_ntXHv-XdKCD7CPynVvnQw,Bandai Namco Entertainment America,615222427,1460000,3566
2025-11-26 15:57:52,UCjcYYjM16TFOPXDjWgzHiHA,超覚醒てえんだ「スロパチ生放送」,87277250,140000,571
2025-11-26 15:57:52,UCJnL-TBcsYrF2SLs7tmiC8Q,tripleS official,691134537,2880000,3051
2025-11-26 15:57:52,UCwJYQvXHtNn1c7RqED4E7MA,パンダドラゴン,44018394,92300,532
2025-11-26 15:57:52,UC1FQWQ3y3-e8l1pCtWhJt5A,Vaundy,2295815134,2430000,226
2025-11-26 15:57:52,UCdszfKemUn36sOEplfkiGVQ,GPV LABEL,2994474,5300,89
2025-11-26 15:57:52,UCXeTnWiRoifoHHEzSyR5Ogg,パチンコ・パチスロ必勝ガイドチャンネル,52748613,86200,1323
2025-11-26 15:57:52,UCCzUftO8KOVkV4wQG1vkUvg,Marine Ch. 宝鐘マリン,2033880549,4260000,1560
2025-11-26 15:57:52,UCRDJ3DN-6ND_a4LSJ35L91A,立川ちゃんねる,106452486,107000,639
2025-11-26 15:57:52,UCv2ejD5B1xOYtGB2cf80B8g,Netflix Japan,1981513167,2300000,7752
2025-11-26 15:57:52,UCBhPDpv9JavoPADrZcsAC2A,あらき-ARAKI Official,320679686,489000,260
2025-11-26 15:57:52,UCHghNZNbV-CPbb_f3FslObw,がんばるぴえんちゃんパチンコ日記,80297691,100000,1530
2025-11-26 15:57:52,UCSFCh5NL4qXrAy9u-u2lX3g,Kuzuha Channel,1426230744,2100000,2819
2025-11-26 15:57:52,UCN7_YMtKaUiizHpw77XLVcw,EXILE,188488793,14700,308
2025-11-26 15:57:52,UCzRzPAT-AjlPyec5yXG974g,カワノKawano,207781875,184000,1322
2025-11-26 15:57:52,UCkVvAm5jb62IMIJQj4wPVGA,TMSアニメ公式チャンネル,379083255,898000,1144
2025-11-26 15:57:52,UCGjV4bsC43On-YuiLZcfL0w,KUN,3388904194,1660000,11232
2025-11-26 15:57:52,UCPJCP_fon2mOMfibbBPUOYw,SAWAYAN GAMES / サワヤン ゲームズ,1298866965,2070000,3416
2025-11-26 15:57:52,UC9rMiEjNaCSsebs31MRDCRA,Stray Kids,9673395528,22200000,1874
2025-11-26 15:57:52,UCxWcO9CLti4uouUIS5IIF-Q,Nornis,59019055,228000,110
2025-11-26 15:57:52,UCy9GuRXGTm8TliQ-OJ7KwzA,【V.I.P】,978404255,979000,2494
2025-11-26 15:57:52,UCdCC1L_OxLrkoEjR19iXpRw,パチスロードch,135779790,75700,814
2025-11-26 15:57:52,UCYXmyrGUVL8tX7VEvo_DjPw,シャル@ツモらせ隊,83196304,178000,899
2025-11-26 15:57:52,UCX7YkU9nEeaoZbkVLVajcMg,にじさんじ,1071638905,1870000,2825
2025-11-26 15:57:52,UC0ux2IFOXkj6ifQ4aSs9l7Q,大月【おおつき】,14755384,17500,1218
2025-11-26 15:57:52,UCqKNMJ5s_vsf7WkesdBrvQA,IS:SUE,87680204,221000,768
2025-11-26 15:57:52,UCZMRuagdTBKmmrFtSMN48Xw,牛沢,2664965878,1800000,3739
2025-11-26 15:57:52,UC-ifW8mHzfsZVGHY8vxqrjA,A.B.C-Z,59464169,54600,437
2025-11-26 15:57:52,UCrQUlOEbu-0T0l4DAcBEeIg,pizzaofdeathofficial,408072226,331000,372
2025-11-26 15:57:52,UCFvSFbT8okMrpuFxBEIB2lg,M!LK,89672169,10300,243
2025-11-26 15:57:52,UCof7dOTnyxaidkKkcIFuflQ,Mone Kamishiraishi - Topic,26275125,326,123
2025-11-26 15:57:52,UC6qVAJzxF5kSN_UUFSdODiQ,MAZZEL - Topic,19285446,8260,57
2025-11-26 15:57:52,UCBA-kvU_zYdKreZbhhywX2Q,あいずちゃんねる,147710919,57400,803
2025-11-26 15:57:52,UCUW6U6iOrntB0jw6-AbQo8g,RED Games,250361199,209000,3568
2025-11-26 15:57:52,UCDhOdoqPxv96djR3tSq9NoA,ショコラ大佐の秘密基地,148484620,138000,1745
2025-11-26 15:57:52,UCNVIo0UJXTdEnsRkCB9Q03w,ILLIT - Topic,563762931,57700,59
2025-11-26 15:57:52,UCVh47EKH9VLresRqiYi9txw,Mili,608668101,1010000,117
2025-11-26 15:57:52,UCqMRVBz-hhSFRuqlL1guqig,あひるだっく,52063292,128000,89
2025-11-26 15:57:52,UCoQhX2O93MVTWfgIz-8wOmg,KUNの50人クラフト,465558693,543000,1047
2025-11-26 15:57:52,UCtwTCZuQkTIwUf5m9mlZnOQ,Release - Topic,3185,34,7
2025-11-26 15:57:52,UC2NujFa5X09CdV0YCntmQDg,板橋ハウス,904660978,752000,2028
2025-11-26 15:57:52,UC3NrSfe_yR5XX9zGFxYoV1Q,HIRAIDAI - Topic,281229302,3400,415
2025-11-27 19:23:13,UCZMRuagdTBKmmrFtSMN48Xw,牛沢,2665781448,1800000,3741
2025-11-27 19:23:13,UCMR5xpbhv3jzIQG1TOTg-Jg,B'z - Topic,290630711,3870,678
2025-11-27 19:23:13,UCXEo7JprZQGCPkezcZylHlQ,黒炭酸,152490020,202000,1757
2025-11-27 19:23:13,UCGjV4bsC43On-YuiLZcfL0w,KUN,3389315997,1660000,11233
2025-11-27 19:23:13,UCfkXDY7vwkcJ8ddFGz8KusA,SEVENTEEN,7797609294,16200000,3289
2025-11-27 19:23:13,UC1FQWQ3y3-e8l1pCtWhJt5A,Vaundy,2295815134,2430000,226
2025-11-27 19:23:13,UCv7VutirxDn3RWIJXI68n_A,＝LOVE（イコールラブ）公式チャンネル,471205940,556000,474
2025-11-27 19:23:13,UCFvSFbT8okMrpuFxBEIB2lg,M!LK,90312072,10400,243
2025-11-27 19:23:13,UCPJCP_fon2mOMfibbBPUOYw,SAWAYAN GAMES / サワヤン ゲームズ,1299302501,2070000,3418
2025-11-27 19:23:13,UCdCC1L_OxLrkoEjR19iXpRw,パチスロードch,136215959,75700,815
2025-11-27 19:23:13,UCpGpA7mSYmNJjLiJxKso5QA,しもふりチューブ,1783528661,2160000,3023
2025-11-27 19:23:13,UChhKBlh_wvspTh5n4mL0b5g,BOYNEXTDOOR,1166800131,2070000,2201
2025-11-27 19:23:13,UCBA-kvU_zYdKreZbhhywX2Q,あいずちゃんねる,147829926,57400,803
2025-11-27 19:23:13,UCrKna8EQAd7NPRYq-gIsuow,ホロライ部【ホロライブ切り抜き】,70087617,37900,614
2025-11-27 19:23:13,UCXqWKjzm2YMH6Bs7rAmsKFw,福本大晴,7532808,89600,145
2025-11-27 19:23:13,UCDwcZ85zjLKD-3-jqlv1wQQ,アンジュルム,213864061,229000,372
2025-11-27 19:23:13,UCHD1jo5RhijLfx5-0Ehe_cg,&TEAM,466813545,1320000,1409
2025-11-27 19:23:13,UC7wu64jFsV02bbu6UHUd7JA,ガンダムチャンネル,412635067,1670000,1658
2025-11-27 19:23:13,UCrQUlOEbu-0T0l4DAcBEeIg,pizzaofdeathofficial,408251037,332000,372
2025-11-27 19:23:13,UCCzUftO8KOVkV4wQG1vkUvg,Marine Ch. 宝鐘マリン,2033880549,4260000,1560
2025-11-27 19:23:13,UCyTaStlK0neSuKveYOIioaw,ぐんぐにるチャンネル,275100958,426000,447
2025-11-27 19:23:13,UCHazKLThRbMyMFu2bVAKhng,ウォーターチャレンジ,3130936876,3150000,2181
2025-11-27 19:23:13,UC8rk-fIWJXYlSF8tkfG9wWg,天色鮫,66637382,192000,132
2025-11-27 19:23:13,UC3J-txytRWiRtNXrLS95eEw,ASIAN KUNG-FU GENERATION Official YouTube Channel,608265861,788000,283
2025-11-27 19:23:13,UCTEQRq53fm5tw-3vJ1HLUCw,MAY'S - Topic,4421756,710,309
2025-11-27 19:23:13,UC3NrSfe_yR5XX9zGFxYoV1Q,HIRAIDAI - Topic,281407124,3400,415
2025-11-27 19:23:13,UC-UxhoAxlq57uZ8BA0b1Jyw,FPS切り抜きボット【ローレン・イロアス】,156707785,119000,1404
2025-11-27 19:23:13,UCYLp2FLXcqLUZhvrCxQmNIA,胡桃沢りりか,41004870,100000,2572
2025-11-27 19:23:13,UCMJiPpN_09F0aWpQrgbc_qg,キヨ。,6532581967,5490000,3083
2025-11-27 19:23:13,UCv0F5yCdnwnBTrcJO2Yr3lQ,きむちゃんねる,924981628,765000,2674
2025-11-27 19:23:13,UCVh47EKH9VLresRqiYi9txw,Mili,608668101,1010000,117
2025-11-27 19:23:13,UCPVr7clenPjpD7WNsSI3UBQ,レトルト,2879338263,2590000,3850
2025-11-27 19:23:13,UC_DopZ9OANqNGho0wFwADqA,けいちゃん / Keichan,502697517,1270000,606
2025-11-27 19:23:13,UCBhPDpv9JavoPADrZcsAC2A,あらき-ARAKI Official,320679686,489000,260
2025-11-27 19:23:13,UCdszfKemUn36sOEplfkiGVQ,GPV LABEL,3034645,5390,91
2025-11-27 19:23:13,UCspv01oxUFf_MTSipURRhkA,Kanae Channel,785693510,1510000,4293
2025-11-27 19:23:13,UCILZFnKZJksR7zwhZbAB4vw,れじぇくん,1503244285,1170000,1428
2025-11-27 19:23:13,UCUW6U6iOrntB0jw6-AbQo8g,RED Games,250702633,209000,3570
2025-11-27 19:23:13,UClqWF_XeXy469i4KDurpjWw,Yukopi,13448,2,1
2025-11-27 19:23:13,UCUzpZpX2wRYOk3J8QTFGxDg,乃木坂46 OFFICIAL YouTube CHANNEL,1610447858,1730000,1168
2025-11-27 19:23:13,UCkVvAm5jb62IMIJQj4wPVGA,TMSアニメ公式チャンネル,379535728,898000,1147
2025-11-27 19:23:13,UCYe_uTI6X6mm9qaXm8iWFDg,ノッチ配信者パチンコライブ,269077781,125000,2728
2025-11-27 19:23:13,UC9zY_E8mcAo_Oq772LEZq8Q,THE FIRST TAKE,6263951155,11500000,1529
2025-11-27 19:23:13,UCkKj-SiKyiFkj_dO1vmY3gA,加藤純一RECORDS,5266909,29200,82
2025-11-27 19:23:13,UCdVD0MsYecQaIE5Ru-pOIQQ,RIIZE,1015326967,1870000,1385
2025-11-27 19:23:13,UCZVVCZwOpCbDXB84SDqWixQ,Lil Shady,56319498,284000,97
2025-11-27 19:23:13,UCiZqWVAeChfqlom5ZPR3ZJA,NCT WISH,630033332,1140000,1125
2025-11-27 19:23:13,UCzRzPAT-AjlPyec5yXG974g,カワノKawano,208293143,185000,1322
2025-11-27 19:23:13,UCAaGaynFpku5cAx6OOSrW-w,HoneyWorks OFFICIAL,1601855248,2850000,550
2025-11-27 19:23:13,UC56x--_QtyaWD1QptYrPMqA,刀剣乱舞 公式チャンネル,9562875,131000,116
2025-11-27 19:23:13,UC3VId8brfshtHO6gMMqnZ5A,FLOW GLOW - Topic,393259,2190,5
2025-11-27 19:23:13,UCS57xc1Bf-znC9_ouCc3SZw,佐野元春 - DaisyMusic,50511392,77700,163
2025-11-27 19:23:13,UCaO6TYtlC8U5ttz62hTrZgg,JYP Entertainment,26030065040,31500000,2640
2025-11-27 19:23:13,UCH-lygWpHodDff3iQurnWnQ,加藤純一切り抜き集,1719255492,580000,5440
2025-11-27 19:23:13,UCKU0SVkIPRqwiZaXJ9rXhdw,シュート。,216561429,256000,2336
2025-11-27 19:23:13,UCdMGYXL38w6htx6Yf9YJa-w,プロジェクトセカイ カラフルステージ! feat. 初音ミク,2004254384,2060000,1907
2025-11-27 19:23:13,UC-hM6YJuNYVAmUWxeIr9FeA,Miko Ch. さくらみこ,889625882,2460000,2043
2025-11-27 19:23:13,UC6FadPgGviUcq6VQ0CEJqdQ,Juice=Juice,163770158,250000,281
2025-11-27 19:23:13,UCENwRMx5Yh42zWpzURebzTw,Laplus ch. ラプラス・ダークネス - holoX -,400043743,1450000,918
2025-11-27 19:23:13,UCHvFSU5OP6c7QcJxIr87YtA,ウタエル Utael,446432580,582000,903
2025-11-27 19:23:13,UCzXjPL7zo0bxhOYDxLJ9YEg,ポッキー,4097167938,3750000,4360
2025-11-27 19:23:13,UCDhOdoqPxv96djR3tSq9NoA,ショコラ大佐の秘密基地,148646669,138000,1746
2025-11-27 19:23:13,UCqMRVBz-hhSFRuqlL1guqig,あひるだっく,52130194,128000,89
2025-11-27 19:23:13,UCtPyU9cJgvvgH03PQKgaucA,ファミ通TUBE,183082460,208000,8153
2025-11-27 19:23:13,UC9Lx-zRFGfpuls27tNAOIqA,マエスケ,1543084879,1840000,1138
2025-11-27 19:23:13,UCc-PPk-lNe34JaWCcJQCL0g,ドコムスチャンネル,541285685,593000,2024
2025-11-27 19:23:13,UCfipDDn7wY-C-SoUChgxCQQ,葉山舞鈴 / Ohayama Ch.,88098293,600000,1340
2025-11-27 19:23:13,UCHzevlEL9JfsBIm86uNCJqg,宮野真守,78718653,449000,329
2025-11-27 19:23:13,UC_vMYWcDjmfdpH6r4TTn1MQ,Iroha ch. 風真いろは - holoX -,263202951,1130000,1055
2025-11-27 19:23:13,UCof7dOTnyxaidkKkcIFuflQ,Mone Kamishiraishi - Topic,26385160,326,123
2025-11-27 19:23:13,UCcz2Y1yhR42UxbFwvPFGCmA,きっしー助六ちゃんねる,75916692,61600,941
2025-11-27 19:23:13,UCENoC6MLc4pL-vehJyzSWmg,もこうの実況,1736452511,1600000,5787
2025-11-27 19:23:13,UCOXOcEbERAwGlE4ig9MaLSQ,夜勤明けパチンコパチスロ実践記,275742165,166000,1623
2025-11-27 19:23:13,UC8eq3M3Yft3FUgxEX6lOZMg,chotokkyu - Topic,35832016,578,486
2025-11-27 19:23:13,UCtwTCZuQkTIwUf5m9mlZnOQ,Release - Topic,27370,52,7
2025-11-27 19:23:13,UCs8nP5mUR3pwJmgixsul8Hw,Saucy Dog,503080790,860000,120
2025-11-27 19:23:13,UC2NujFa5X09CdV0YCntmQDg,板橋ハウス,905179003,752000,2030
2025-11-27 19:23:13,UCNVIo0UJXTdEnsRkCB9Q03w,ILLIT - Topic,565212283,57700,59
2025-11-27 19:23:13,UCMzLWawc9x3rUsqYDEfgqzA,ジャック・オ・蘭たん,712914393,648000,1888
2025-11-27 19:23:13,UCDbUUremwf8k1x1GTYfB1Ng,ニート部クラフト,20447117,97300,126
2025-11-27 19:23:13,UC0ux2IFOXkj6ifQ4aSs9l7Q,大月【おおつき】,14796820,17500,1219
2025-11-27 19:23:13,UCFQu6Q-9LAS3KoEuRDNkzGA, ニート部,659301189,680000,3213
2025-11-27 19:23:13,UCmnZL4tFRl4sm-uJOxTLHmg,今日ポケch.,986677118,569000,1305
2025-11-27 19:23:13,UCvaTdHTWBGv3MKj3KVqJVCw,Okayu Ch. 猫又おかゆ,626491070,2060000,1592
2025-11-27 19:23:13,UCZetZElUvdElPrcstRjl9DA,加藤純一ロードショー,413602922,509000,982
2025-11-27 19:23:13,UCBLGjbYv6-xxju1i44RjnnA,明透 -ᴀsᴜ-,132564670,625000,494
2025-11-27 19:23:13,UC3ruCdV7xnwAbpkW9tQq-6A,のーわん【NoOnE】,419484764,409000,1206
2025-11-27 19:23:13,UCtiObj3CsEAdNU6ZPWDsddQ,TOMORROW X TOGETHER OFFICIAL,3494513829,13100000,3042
2025-11-27 19:23:13,UCpYHkc4rzWEW7iVXIyxQebA,Hey! Say! JUMP - Topic,58958148,5080,738
2025-11-27 19:23:13,UCtKBQ2BYD76GiJvcpZOBorg,えいま,11415764,13500,346
2025-11-27 19:23:13,UCOx-oLP9tOhiYwSK_m-yVxA,オモコロチャンネル,618632593,473000,1144
2025-11-27 19:23:13,UCy9GuRXGTm8TliQ-OJ7KwzA,【V.I.P】,978762283,979000,2495
2025-11-27 19:23:13,UCdkVEDVAW5aFmA-Mkz0lAFQ,ひたまゆ。,466707359,410000,2795
2025-11-27 19:23:13,UCYA14rrNjvQq_P_YSNeJHgA,スロライブ,89961056,46500,895
2025-11-27 19:23:13,UCJnL-TBcsYrF2SLs7tmiC8Q,tripleS official,697072588,2880000,3060
2025-11-27 19:23:13,UChUjERVG8eKEAJSCef-tTmg,k4sen / かせん,718644367,1020000,3064
2025-11-27 19:23:13,UCeTo4Eh0TzpKbUL4vGQZ73A,LEX *,4588820,1280,14
2025-11-27 19:23:13,UCu3kfiUaK7MmkQ40omEpGyQ,ナナ色チャンネル,4666870,8390,83
2025-11-27 19:23:13,UCSFCh5NL4qXrAy9u-u2lX3g,Kuzuha Channel,1427452276,2100000,2822
2025-11-27 19:23:13,UCxIK6x6sG7Ln5vjjPYpgeAw,Chogakusei Official,674277867,1010000,564
2025-11-27 19:23:13,UCHp2q2i85qt_9nn2H7AvGOw,NiziU Official,1563277157,2290000,2505
2025-11-27 19:23:13,UCJy7zfLsKBXoo2soFMum7JQ,あかさかの箱,1290928433,2620000,2688
2025-11-27 19:23:13,UCXURHJRGr4-EB3l87kcbElw,NCT DREAM,2300999800,7000000,1317
2025-11-27 19:23:13,UCx-QS9BIo_L_lx5dkpys1qw,ねこまんまのパチ•チャンネル,8057185,14300,169
2025-11-27 19:23:13,UCC4xWbcBVn-tHgchhrdmFpg,Jinmenusagi,9965654,32700,80
2025-11-27 19:23:13,UCM3yhFc0-fBFuvqx1Vg2YNQ,まいぜんシスターズ,7171762545,3180000,1860
2025-11-27 19:23:13,UCtyXllCXnTAg4rjfI3UwIgA,しょうちゃんネル,301544555,138000,1547
2025-11-27 19:23:13,UCFuugQScqDfJcsOEWbL1_tg,Gero Channel,209118582,551000,166
2025-11-27 19:23:13,UCu2Fxqf37DAZ0ZhIsd1FZwA,Capcom Fighters JP,262929109,257000,3909
2025-11-27 19:23:13,UCvzGlP9oQwU--Y0r9id_jnA,Subaru Ch. 大空スバル,581301904,1950000,1895
2025-11-27 19:23:13,UCooVYzDxdwTtGYAkcPmOgOw,Brawl Stars,4006370981,23200000,370
2025-11-27 19:23:13,UC6qVAJzxF5kSN_UUFSdODiQ,MAZZEL - Topic,19361522,8260,57
2025-11-27 19:23:13,UCMF_5h2OejEhVorTB02UUSg,MAZZEL,243792578,285000,721
2025-11-27 19:23:13,UCj4PjeVMnNTHIR5EeoNKPAw,ドズル社,4906590678,2570000,10213
2025-11-27 19:23:13,UCcg_rvE-fU2tATMwBAxW9bA,ヤングスキニー,149492671,239000,605
2025-11-27 19:23:13,UCH4yRBPH2pDUjPeqomx8CTQ,てるとくん,548708568,1330000,1895
2025-11-27 19:23:13,UCEf_Bc-KVd7onSeifS3py9g,SMTOWN,32611320806,33500000,4641
2025-11-27 19:23:13,UC4YT50DP7hbMsor8FmyEPMw,Victor Entertainment,1489968652,1070000,4973
2025-11-27 19:23:13,UC7aYDbAOIKIMt25ENfJ68Qw,ルカ,118721142,120000,2127
2025-11-27 19:23:13,UCy2IDlWr4fbdO2dbka98bSg,HACHI - Topic,18777542,625,60
2025-11-27 19:23:13,UC070fhnqq38qNhqHm5rxTcQ,令和ちゃんねる,428623803,506000,3628
2025-11-27 19:23:13,UCeuNlK0yX-6_4930q0JUGNw,白瀬,414452121,183000,2094
2025-11-27 19:23:13,UCdn5BQ06XqgXoAxIhbqw5Rg,フブキCh。白上フブキ,710953599,2640000,2968
2025-11-27 19:23:13,UC-ifW8mHzfsZVGHY8vxqrjA,A.B.C-Z,59464169,54600,437
2025-11-27 19:23:13,UC14QT5j2nQI8lKBCGtrrBQA,アニプレックス チャンネル,4307214700,3720000,15440
2025-11-27 19:23:13,UCv2ejD5B1xOYtGB2cf80B8g,Netflix Japan,1983114200,2310000,7764
2025-11-27 19:23:13,UCB_qr75-ydFVKSF9Dmo6izg,FORMULA 1,8871159200,13700000,9408
2025-11-27 19:23:13,UCjcYYjM16TFOPXDjWgzHiHA,超覚醒てえんだ「スロパチ生放送」,87356301,140000,571
2025-11-27 19:23:13,UC8Qwnts13zIh2EYUCau6m3w,ONE N' ONLY TV,112267072,214000,794
2025-11-27 19:23:13,UCc-itdQHxLvUlPrDxIiSJrA,INI,748068954,653000,1269
2025-11-27 19:23:13,UCgmFrRcyH7d1zR9sIVQhFow,ローレン・イロアス / Lauren Iroas【にじさんじ】,397160094,954000,1049
2025-11-27 19:23:13,UC9rMiEjNaCSsebs31MRDCRA,Stray Kids,9673395528,22200000,1880
2025-11-27 19:23:13,UC9qSqkNFiByKzzoxT3Cydyw,Aiobahn,28200052,90100,14
2025-11-27 19:23:13,UCoQhX2O93MVTWfgIz-8wOmg,KUNの50人クラフト,466114749,544000,1051
2025-11-27 19:23:13,UCOTR1tcOAhjgi6YukrPpZxg,まふまふちゃんねる,2481707574,3610000,511
2025-11-27 19:23:13,UCHVkYOT63gAz5yTxjo68_Ng,家スロットゲームパンダ’s ROOM@琉球🐼🪸,1226399,1680,76
2025-11-27 19:23:13,UC-_iQWdEZY66nGGaHH0Ygmg,僕が見たかった青空,52805973,122000,498
2025-11-27 19:23:13,UCWvr04hMa4k4wSilYcQ4qoA,キャベツの人【ゲーム紹介】,253316988,418000,973
2025-11-27 19:23:13,UCL7VEatXa9yBCKeM-ww8TnA,NX☆くさあん,208577725,238000,3563
2025-11-27 19:23:13,UCOjkVJQcjtWnpf0-1ft4brA,ゆっくりむちゃたぬき,210189117,353000,423
2025-11-27 19:23:13,UCeA0fcfLVewbuD7H5YsrpdA,ライキジョーンズ,118883150,146000,3390
2025-11-27 19:23:13,UCIJAlAYCNN8RACtDDsy9K6g,Novelbright,652756465,733000,319
2025-11-27 19:23:13,UCvo8JUqHh2d1QGnK3LKyI4Q,ポケモンユナイト公式チャンネル,31962139,139000,467
2025-11-27 19:23:13,UCtceiniicYEsbAVuWy-Bi0Q,ドラゴンクエストウォーク公式,50515736,181000,160
2025-11-27 19:23:13,UCAWxPGGuIfWME2KTLUmSCHw,ぱかチューブっ!【ウマ娘公式】,515911968,1310000,1288
2025-11-27 19:23:13,UC6H_7uSepAzrlayBjAb9rrg,WurtS - Topic,69108754,698,82
2025-11-27 19:23:13,UCpT4syVopfBl2bATVfAt65g,澤野弘之 / SawanoHiroyuki[nZk],51761013,4050,22
2025-11-27 19:23:13,UCqQNCRSihFHVsXrDikNeYSg,げまじょが好き【にじさんじEXゲマズ切り抜き】,4585662,2390,119
2025-11-27 19:23:13,UChVflUz2J_jaaqYjXqvpmQA,iLiFE!【あいらいふ】,246311299,485000,534
2025-11-27 19:23:13,UC3PFoXZPFJGy9F4PG84nNQQ,Soala - Topic,29220278,4820,84
2025-11-27 19:23:13,UCqeAYB1DMzfM-hG-Up52yNQ,つるおかかものはし,371628954,387000,3611
2025-11-27 19:23:13,UC6SmH9mR82nj28_NNg_rZvA,スクウェア・エニックス,1173377967,1090000,10987
2025-11-27 19:23:13,UCmovZ2th3Sqpd00F5RdeigQ,加賀美 ハヤト/Hayato Kagami,332409391,921000,1522
2025-11-27 19:23:13,UChn5TjkeEqd-JxzizMVSkOw,ハヤトの野望,1035625127,1510000,2418
2025-11-27 19:23:13,UCOVLrBaOiMH5QDKXTycZ8Pw,やっちゃんの崖っぷちスロパチ生活,698980096,326000,5205
2025-11-27 19:23:13,UCZwcUEEjD8RVzB-TAw1ts3g,Eden - Topic,4266876,1760,38
2025-11-27 19:23:13,UClNdVSK1uy2xFHTaXZYXopw,らっだぁ,1819198345,1450000,2342
2025-11-27 19:23:13,UCkv76wCrBDQNn7ctcbn6Qeg,Nissy - Topic,93375916,26400,192
2025-11-27 19:23:13,UCcmLTYWn2bI5GwNVSP1bl4Q,バッチコイなみちょ,15066375,17400,647
2025-11-27 19:23:13,UCxWcO9CLti4uouUIS5IIF-Q,Nornis,59019055,228000,110
2025-11-27 19:23:13,UCylNKKCfPMm8ROXasQWTonA,響咲リオナの足,3336188,7040,126
2025-11-27 19:23:13,UC1DqlLj1onQhBfxW81OgQTw,GLAY,732544767,541000,886
2025-11-27 19:23:13,UCp_Az_oKu8-J5qIQpF35JbA,やわらちゃんねる,193005093,279000,862
2025-11-27 19:23:13,UCRDJ3DN-6ND_a4LSJ35L91A,立川ちゃんねる,106588840,107000,639
2025-11-27 19:23:13,UCwF6o6cF7BMTY1-OZ7ZUY7Q,フォートナイト 公式,270974311,410000,586
2025-11-27 19:23:13,UCwJYQvXHtNn1c7RqED4E7MA,パンダドラゴン,44018394,92300,533
2025-11-27 19:23:13,UC5nxCVEWQLLfkPuMylpkYkA,ロス,123613887,487000,68
2025-11-27 19:23:13,UCLkAepWjdylmXSltofFvsYQ,BANGTANTV,26052132409,81700000,2935
2025-11-27 19:23:13,UC15ebOqdhmvl1eb0s0jk5aw,戦極MCBATTLE,1332859018,847000,5384
2025-11-27 19:23:13,UC8_Ag6BVp43Vmrx6eillK9g,Vaundy - Topic,909879734,2190,110
2025-11-27 19:23:13,UCGc93NguHRwzv1Rw9MyIcxQ,鳴潮 (Wuthering Waves)公式,104224935,345000,466
2025-11-27 19:23:13,UCOfESRUR5duQ2hMnTQ4oqhA,BUMP OF CHICKEN,1637208579,1590000,165
2025-11-27 19:23:13,UC3IZKseVpdzPSBaWxBxundA,HYBE LABELS,42534399305,79100000,2930
2025-11-27 19:23:13,UCUbAVVpHteGtGQPPN9lM3oQ,ホロライブ切り抜き/なめたけ,572272419,339000,2103
2025-11-27 19:23:13,UCYXmyrGUVL8tX7VEvo_DjPw,シャル@ツモらせ隊,83359858,178000,901
2025-11-27 19:23:13,UCEfbtVOJgicdHjs5HzOzJlA,ぱち・スロ部,3673041,1770,303
2025-11-27 19:23:13,UCBuLdF0tQn5oZjpvYWSQkaA,Liura Channel,92259839,206000,376
2025-11-27 19:23:13,UCjJmYy279ehSYSwR1A3fXtA,マグロヘッド,394405965,735000,1754
2025-11-27 19:23:13,UCX7YkU9nEeaoZbkVLVajcMg,にじさんじ,1071962136,1870000,2824
2025-11-27 19:23:13,UC__iCxFigPdcry_UBv6sDGw,IO,16308497,38200,13
2025-11-27 19:23:13,UCt09C9DPSuOGpHoitbcyCIQ,ゼンレスゾーンゼロ-ZZZ-公式,230180173,754000,430
2025-11-27 19:23:13,UCx1nAvtVDIsaGmCMSe8ofsQ,加藤純一【jun channel】,1137516709,1280000,1835
2025-11-27 19:23:13,UCZ1xuCK1kNmn5RzPYIZop3w,リゼ・ヘルエスタ -Lize Helesta-,299329789,957000,1090
2025-11-27 19:23:13,UCdPCarwi28K5Z7s5l2nMiLw,Uru Official YouTube Channel,901097541,1180000,296
2025-11-27 19:23:13,UC_ntXHv-XdKCD7CPynVvnQw,Bandai Namco Entertainment America,615627915,1460000,3570
2025-11-27 19:23:13,UCd9BXPj-KcMTh0HiB-Vlb8A,モンスト（モンスターストライク）公式,1160616788,1550000,4581
2025-11-27 19:23:13,UCHghNZNbV-CPbb_f3FslObw,がんばるぴえんちゃんパチンコ日記,80501715,100000,1533
2025-11-27 19:23:13,UCqm3BQLlJfvkTsX_hvm0UmA,Watame Ch. 角巻わため,610016767,1700000,2979
2025-11-27 19:23:13,UCAVR6Q0YgYa8xwz8rdg9Mrg,原神-Genshin-公式,784058762,2100000,2022
2025-11-27 19:23:13,UCN7_YMtKaUiizHpw77XLVcw,EXILE,188655840,14800,311
2025-11-27 19:23:13,UCy0DH4rgPPjDWVZO7wibcSQ,めめんともり,352005588,335000,468
2025-11-27 19:23:13,UCLrYavXppY_4oRfquHk9VQg,HAGANE,14455474,75000,142
2025-11-27 19:23:13,UCMGvmEqkVbl372DCyn3NLAw,【吹いたら負け】葛葉先生のしくじり【切り抜き】,180594707,136000,978
2025-11-27 19:23:13,UCl_HfKfmxefUAVHPyJu0aCg,シュガーの宝舟,80143480,84300,1358
2025-11-27 19:23:13,UCqKNMJ5s_vsf7WkesdBrvQA,IS:SUE,87680204,221000,770
2025-11-27 19:23:13,UCia0Mw96B-yNYRka1J_mAsQ,HikacGamesヒカックゲームズ,640476658,660000,5203
2025-11-27 19:23:13,UCXeTnWiRoifoHHEzSyR5Ogg,パチンコ・パチスロ必勝ガイドチャンネル,52790155,86300,1325
2025-11-27 19:23:13,UC5vqbtNnbOF2h7A_xlrIPUw,ぽっぴんず,916917839,630000,1053
2025-11-27 19:23:13,UCeK22JmzkTMa69kZU9NEqsA,めじの【Vtuber応援隊】,31896540,15100,539
2025-11-27 19:23:13,UC1DCedRgGHBdm81E1llLhOQ,Pekora Ch. 兎田ぺこら,1012937716,2740000,2344
2025-11-27 19:23:13,UCDBdcJ3JIg2sjDg8QR3xp-g,Iyowa - Topic,65698952,31400,88
2025-11-27 01:54:20,UCENwRMx5Yh42zWpzURebzTw,Laplus ch. ラプラス・ダークネス - holoX -,399675087,1450000,917
2025-11-27 01:54:20,UCzXjPL7zo0bxhOYDxLJ9YEg,ポッキー,4096874901,3750000,4360
2025-11-27 01:54:20,UCoQhX2O93MVTWfgIz-8wOmg,KUNの50人クラフト,465752151,543000,1048
2025-11-27 01:54:20,UCu3kfiUaK7MmkQ40omEpGyQ,ナナ色チャンネル,4617009,8320,83
2025-11-27 01:54:20,UCNVIo0UJXTdEnsRkCB9Q03w,ILLIT - Topic,564492320,57700,59
2025-11-27 01:54:20,UCyTaStlK0neSuKveYOIioaw,ぐんぐにるチャンネル,275072390,426000,447
2025-11-27 01:54:20,UClNdVSK1uy2xFHTaXZYXopw,らっだぁ,1818594075,1450000,2341
2025-11-27 01:54:20,UC3J-txytRWiRtNXrLS95eEw,ASIAN KUNG-FU GENERATION Official YouTube Channel,608265861,788000,282
2025-11-27 01:54:20,UCSFCh5NL4qXrAy9u-u2lX3g,Kuzuha Channel,1426871249,2100000,2820
2025-11-27 01:54:20,UCHVkYOT63gAz5yTxjo68_Ng,家スロットゲームパンダ’s ROOM@琉球🐼🪸,1208167,1680,76
2025-11-27 01:54:20,UC15ebOqdhmvl1eb0s0jk5aw,戦極MCBATTLE,1332572110,847000,5383
2025-11-27 01:54:20,UC8rk-fIWJXYlSF8tkfG9wWg,天色鮫,66592457,192000,132
2025-11-27 01:54:20,UC_vMYWcDjmfdpH6r4TTn1MQ,Iroha ch. 風真いろは - holoX -,262964239,1130000,1053
2025-11-27 01:54:20,UCMF_5h2OejEhVorTB02UUSg,MAZZEL,243792578,284000,721
2025-11-27 01:54:20,UC9Lx-zRFGfpuls27tNAOIqA,マエスケ,1542232163,1830000,1138
2025-11-27 01:54:20,UCZwcUEEjD8RVzB-TAw1ts3g,Eden - Topic,4247351,1750,38
2025-11-27 01:54:20,UC8_Ag6BVp43Vmrx6eillK9g,Vaundy - Topic,909410799,2190,110
2025-11-27 01:54:20,UCx1nAvtVDIsaGmCMSe8ofsQ,加藤純一【jun channel】,1137353557,1280000,1834
2025-11-27 01:54:20,UCqQNCRSihFHVsXrDikNeYSg,げまじょが好き【にじさんじEXゲマズ切り抜き】,4562810,2350,118
2025-11-27 01:54:20,UCLkAepWjdylmXSltofFvsYQ,BANGTANTV,26052132409,81700000,2935
2025-11-27 01:54:20,UCUzpZpX2wRYOk3J8QTFGxDg,乃木坂46 OFFICIAL YouTube CHANNEL,1610447858,1730000,1168
2025-11-27 01:54:20,UCrKna8EQAd7NPRYq-gIsuow,ホロライ部【ホロライブ切り抜き】,70059191,37800,614
2025-11-27 01:54:20,UCt09C9DPSuOGpHoitbcyCIQ,ゼンレスゾーンゼロ-ZZZ-公式,229813205,754000,429
2025-11-27 01:54:20,UCvaTdHTWBGv3MKj3KVqJVCw,Okayu Ch. 猫又おかゆ,626491070,2060000,1592
2025-11-27 01:54:20,UCc-itdQHxLvUlPrDxIiSJrA,INI,748068954,653000,1268
2025-11-27 01:54:20,UCHp2q2i85qt_9nn2H7AvGOw,NiziU Official,1563277157,2290000,2504
2025-11-27 01:54:20,UC4YT50DP7hbMsor8FmyEPMw,Victor Entertainment,1489698608,1070000,4972
2025-11-27 01:54:20,UC6SmH9mR82nj28_NNg_rZvA,スクウェア・エニックス,1173185129,1090000,10984
2025-11-27 01:54:20,UCxIK6x6sG7Ln5vjjPYpgeAw,Chogakusei Official,674277867,1010000,564
2025-11-27 01:54:20,UCFvSFbT8okMrpuFxBEIB2lg,M!LK,89927468,10400,243
2025-11-27 01:54:20,UCJy7zfLsKBXoo2soFMum7JQ,あかさかの箱,1290432566,2620000,2688
2025-11-27 01:54:20,UC2NujFa5X09CdV0YCntmQDg,板橋ハウス,904835559,752000,2029
2025-11-27 01:54:20,UCBuLdF0tQn5oZjpvYWSQkaA,Liura Channel,92182018,206000,374
2025-11-27 01:54:20,UC_ntXHv-XdKCD7CPynVvnQw,Bandai Namco Entertainment America,615539104,1460000,3566
2025-11-27 01:54:20,UCtKBQ2BYD76GiJvcpZOBorg,えいま,11412217,13500,346
2025-11-27 01:54:20,UCOXOcEbERAwGlE4ig9MaLSQ,夜勤明けパチンコパチスロ実践記,275621078,166000,1623
2025-11-27 01:54:20,UCZ1xuCK1kNmn5RzPYIZop3w,リゼ・ヘルエスタ -Lize Helesta-,299263684,957000,1090
2025-11-27 01:54:20,UCwJYQvXHtNn1c7RqED4E7MA,パンダドラゴン,44018394,92300,533
2025-11-27 01:54:20,UCEfbtVOJgicdHjs5HzOzJlA,ぱち・スロ部,3670936,1770,303
2025-11-27 01:54:20,UC_DopZ9OANqNGho0wFwADqA,けいちゃん / Keichan,502697517,1270000,606
2025-11-27 01:54:20,UC3ruCdV7xnwAbpkW9tQq-6A,のーわん【NoOnE】,419227849,409000,1206
2025-11-27 01:54:20,UCOVLrBaOiMH5QDKXTycZ8Pw,やっちゃんの崖っぷちスロパチ生活,698795746,326000,5204
2025-11-27 01:54:20,UCOfESRUR5duQ2hMnTQ4oqhA,BUMP OF CHICKEN,1637208579,1590000,165
2025-11-27 01:54:20,UCILZFnKZJksR7zwhZbAB4vw,れじぇくん,1503150752,1170000,1428
2025-11-27 01:54:20,UCqKNMJ5s_vsf7WkesdBrvQA,IS:SUE,87680204,221000,769
2025-11-27 01:54:20,UC-ifW8mHzfsZVGHY8vxqrjA,A.B.C-Z,59464169,54600,437
2025-11-27 01:54:20,UCv7VutirxDn3RWIJXI68n_A,＝LOVE（イコールラブ）公式チャンネル,466225819,556000,474
2025-11-27 01:54:20,UC6H_7uSepAzrlayBjAb9rrg,WurtS - Topic,69060265,698,82
2025-11-27 01:54:20,UCy0DH4rgPPjDWVZO7wibcSQ,めめんともり,351780904,335000,468
2025-11-27 01:54:20,UCHD1jo5RhijLfx5-0Ehe_cg,&TEAM,466813545,1320000,1408
2025-11-27 01:54:20,UC9rMiEjNaCSsebs31MRDCRA,Stray Kids,9673395528,22200000,1879
2025-11-27 01:54:20,UC-hM6YJuNYVAmUWxeIr9FeA,Miko Ch. さくらみこ,889625882,2460000,2043
2025-11-27 01:54:20,UCC4xWbcBVn-tHgchhrdmFpg,Jinmenusagi,9965654,32700,80
2025-11-27 01:54:20,UCHghNZNbV-CPbb_f3FslObw,がんばるぴえんちゃんパチンコ日記,80359809,100000,1532
2025-11-27 01:54:20,UCylNKKCfPMm8ROXasQWTonA,響咲リオナの足,3252151,6950,124
2025-11-27 01:54:20,UCu2Fxqf37DAZ0ZhIsd1FZwA,Capcom Fighters JP,262400008,257000,3907
2025-11-27 01:54:20,UCfkXDY7vwkcJ8ddFGz8KusA,SEVENTEEN,7797609294,16200000,3277
2025-11-27 01:54:20,UCOx-oLP9tOhiYwSK_m-yVxA,オモコロチャンネル,618321757,473000,1144
2025-11-27 01:54:20,UC6qVAJzxF5kSN_UUFSdODiQ,MAZZEL - Topic,19285446,8260,57
2025-11-27 01:54:20,UChhKBlh_wvspTh5n4mL0b5g,BOYNEXTDOOR,1166800131,2060000,2200
2025-11-27 01:54:20,UCqMRVBz-hhSFRuqlL1guqig,あひるだっく,52092416,128000,89
2025-11-27 01:54:20,UCj4PjeVMnNTHIR5EeoNKPAw,ドズル社,4902232621,2570000,10212
2025-11-27 01:54:20,UCtceiniicYEsbAVuWy-Bi0Q,ドラゴンクエストウォーク公式,50338847,181000,160
2025-11-27 01:54:20,UCqeAYB1DMzfM-hG-Up52yNQ,つるおかかものはし,371359176,387000,3610
2025-11-27 01:54:20,UCc-PPk-lNe34JaWCcJQCL0g,ドコムスチャンネル,540983918,593000,2023
2025-11-27 01:54:20,UCp_Az_oKu8-J5qIQpF35JbA,やわらちゃんねる,192967438,279000,862
2025-11-27 01:54:20,UCeK22JmzkTMa69kZU9NEqsA,めじの【Vtuber応援隊】,31854678,15100,537
2025-11-27 01:54:20,UCdn5BQ06XqgXoAxIhbqw5Rg,フブキCh。白上フブキ,710674501,2640000,2968
2025-11-27 01:54:20,UCKU0SVkIPRqwiZaXJ9rXhdw,シュート。,216524805,256000,2334
2025-11-27 01:54:20,UC3NrSfe_yR5XX9zGFxYoV1Q,HIRAIDAI - Topic,281229302,3400,415
2025-11-27 01:54:20,UCJnL-TBcsYrF2SLs7tmiC8Q,tripleS official,691134537,2880000,3056
2025-11-27 01:54:20,UCYA14rrNjvQq_P_YSNeJHgA,スロライブ,89912824,46500,895
2025-11-27 01:54:20,UCN7_YMtKaUiizHpw77XLVcw,EXILE,188549954,14800,308
2025-11-27 01:54:20,UCYXmyrGUVL8tX7VEvo_DjPw,シャル@ツモらせ隊,83246778,178000,900
2025-11-27 01:54:20,UCYe_uTI6X6mm9qaXm8iWFDg,ノッチ配信者パチンコライブ,268791622,125000,2727
2025-11-27 01:54:20,UC6FadPgGviUcq6VQ0CEJqdQ,Juice=Juice,163770158,250000,280
2025-11-27 01:54:20,UCtPyU9cJgvvgH03PQKgaucA,ファミ通TUBE,183049444,208000,8153
2025-11-27 01:54:20,UCZVVCZwOpCbDXB84SDqWixQ,Lil Shady,56239923,284000,97
2025-11-27 01:54:20,UC1FQWQ3y3-e8l1pCtWhJt5A,Vaundy,2295815134,2430000,226
2025-11-27 01:54:20,UCGjV4bsC43On-YuiLZcfL0w,KUN,3389035363,1660000,11232
2025-11-27 01:54:20,UCtiObj3CsEAdNU6ZPWDsddQ,TOMORROW X TOGETHER OFFICIAL,3494513829,13100000,3041
2025-11-27 01:54:20,UC1DCedRgGHBdm81E1llLhOQ,Pekora Ch. 兎田ぺこら,1012567289,2740000,2343
2025-11-27 01:54:20,UC7aYDbAOIKIMt25ENfJ68Qw,ルカ,118706200,120000,2126
2025-11-27 01:54:20,UCMJiPpN_09F0aWpQrgbc_qg,キヨ。,6531537929,5480000,3083
2025-11-27 01:54:20,UCMGvmEqkVbl372DCyn3NLAw,【吹いたら負け】葛葉先生のしくじり【切り抜き】,180555446,136000,978
2025-11-27 01:54:20,UCVh47EKH9VLresRqiYi9txw,Mili,608668101,1010000,117
2025-11-27 01:54:20,UCX7YkU9nEeaoZbkVLVajcMg,にじさんじ,1071857867,1870000,2823
2025-11-27 01:54:20,UChn5TjkeEqd-JxzizMVSkOw,ハヤトの野望,1035273674,1510000,2417
2025-11-27 01:54:20,UCdMGYXL38w6htx6Yf9YJa-w,プロジェクトセカイ カラフルステージ! feat. 初音ミク,2003481748,2060000,1907
2025-11-27 01:54:20,UCrQUlOEbu-0T0l4DAcBEeIg,pizzaofdeathofficial,408137708,332000,372
2025-11-27 01:54:20,UCx-QS9BIo_L_lx5dkpys1qw,ねこまんまのパチ•チャンネル,7980136,14200,168
2025-11-27 01:54:20,UCWvr04hMa4k4wSilYcQ4qoA,キャベツの人【ゲーム紹介】,253195350,418000,973
2025-11-27 01:54:20,UCpYHkc4rzWEW7iVXIyxQebA,Hey! Say! JUMP - Topic,58891636,5080,738
2025-11-27 01:54:20,UChUjERVG8eKEAJSCef-tTmg,k4sen / かせん,718133831,1020000,3063
2025-11-27 01:54:20,UCZMRuagdTBKmmrFtSMN48Xw,牛沢,2665237130,1800000,3740
2025-11-27 01:54:20,UCAWxPGGuIfWME2KTLUmSCHw,ぱかチューブっ!【ウマ娘公式】,516010480,1310000,1287
2025-11-27 01:54:20,UCjJmYy279ehSYSwR1A3fXtA,マグロヘッド,393970578,735000,1753
2025-11-27 01:54:20,UCMzLWawc9x3rUsqYDEfgqzA,ジャック・オ・蘭たん,712569541,648000,1888
2025-11-27 01:54:20,UC070fhnqq38qNhqHm5rxTcQ,令和ちゃんねる,428434108,506000,3627
2025-11-27 01:54:20,UCDbUUremwf8k1x1GTYfB1Ng,ニート部クラフト,20408585,97200,125
2025-11-27 01:54:20,UCFuugQScqDfJcsOEWbL1_tg,Gero Channel,209118582,551000,166
2025-11-27 01:54:20,UCzRzPAT-AjlPyec5yXG974g,カワノKawano,208043598,184000,1322
2025-11-27 01:54:20,UCiZqWVAeChfqlom5ZPR3ZJA,NCT WISH,630033332,1140000,1125
2025-11-27 01:54:20,UC0ux2IFOXkj6ifQ4aSs9l7Q,大月【おおつき】,14755460,17400,1218
2025-11-27 01:54:20,UCIJAlAYCNN8RACtDDsy9K6g,Novelbright,652756465,733000,319
2025-11-27 01:54:20,UCH-lygWpHodDff3iQurnWnQ,加藤純一切り抜き集,1719047989,580000,5439
2025-11-27 01:54:20,UCpGpA7mSYmNJjLiJxKso5QA,しもふりチューブ,1783234955,2160000,3021
2025-11-27 01:54:20,UCS57xc1Bf-znC9_ouCc3SZw,佐野元春 - DaisyMusic,50511392,77700,163
2025-11-27 01:54:20,UCM3yhFc0-fBFuvqx1Vg2YNQ,まいぜんシスターズ,7171218264,3180000,1860
2025-11-27 01:54:20,UCmnZL4tFRl4sm-uJOxTLHmg,今日ポケch.,985785109,569000,1304
2025-11-27 01:54:20,UC8Qwnts13zIh2EYUCau6m3w,ONE N' ONLY TV,112267072,214000,794
2025-11-27 01:54:20,UC14QT5j2nQI8lKBCGtrrBQA,アニプレックス チャンネル,4305419674,3720000,15436
2025-11-27 01:54:20,UCvzGlP9oQwU--Y0r9id_jnA,Subaru Ch. 大空スバル,581212274,1950000,1895
2025-11-27 01:54:20,UCeTo4Eh0TzpKbUL4vGQZ73A,LEX *,4529834,1280,14
2025-11-27 01:54:20,UCcg_rvE-fU2tATMwBAxW9bA,ヤングスキニー,149392027,238000,603
2025-11-27 01:54:20,UCH4yRBPH2pDUjPeqomx8CTQ,てるとくん,548470164,1330000,1894
2025-11-27 01:54:20,UC3IZKseVpdzPSBaWxBxundA,HYBE LABELS,42525965792,79100000,2930
2025-11-27 01:54:20,UCvo8JUqHh2d1QGnK3LKyI4Q,ポケモンユナイト公式チャンネル,31957122,139000,467
2025-11-27 01:54:20,UC7wu64jFsV02bbu6UHUd7JA,ガンダムチャンネル,412502039,1670000,1654
2025-11-27 01:54:20,UCOTR1tcOAhjgi6YukrPpZxg,まふまふちゃんねる,2481479816,3610000,511
2025-11-27 01:54:20,UCXqWKjzm2YMH6Bs7rAmsKFw,福本大晴,7386640,89600,145
2025-11-27 01:54:20,UCHvFSU5OP6c7QcJxIr87YtA,ウタエル Utael,446316043,582000,903
2025-11-27 01:54:20,UC9zY_E8mcAo_Oq772LEZq8Q,THE FIRST TAKE,6261501950,11500000,1529
2025-11-27 01:54:20,UCooVYzDxdwTtGYAkcPmOgOw,Brawl Stars,4004541024,23200000,370
2025-11-27 01:54:20,UCFQu6Q-9LAS3KoEuRDNkzGA, ニート部,659051656,680000,3213
2025-11-27 01:54:20,UCtwTCZuQkTIwUf5m9mlZnOQ,Release - Topic,15655,46,7
2025-11-27 01:54:20,UCRDJ3DN-6ND_a4LSJ35L91A,立川ちゃんねる,106517662,107000,639
2025-11-27 01:54:20,UC__iCxFigPdcry_UBv6sDGw,IO,16308497,38200,13
2025-11-27 01:54:20,UCGc93NguHRwzv1Rw9MyIcxQ,鳴潮 (Wuthering Waves)公式,103289027,345000,465
2025-11-27 01:54:20,UCv2ejD5B1xOYtGB2cf80B8g,Netflix Japan,1982053787,2300000,7758
2025-11-27 01:54:20,UCof7dOTnyxaidkKkcIFuflQ,Mone Kamishiraishi - Topic,26335972,326,123
2025-11-27 01:54:20,UCOjkVJQcjtWnpf0-1ft4brA,ゆっくりむちゃたぬき,210112850,352000,423
2025-11-27 01:54:20,UCBhPDpv9JavoPADrZcsAC2A,あらき-ARAKI Official,320679686,489000,260
2025-11-27 01:54:20,UC1DqlLj1onQhBfxW81OgQTw,GLAY,732544767,541000,884
2025-11-27 01:54:20,UCkKj-SiKyiFkj_dO1vmY3gA,加藤純一RECORDS,5240810,29100,82
2025-11-27 01:54:20,UCDwcZ85zjLKD-3-jqlv1wQQ,アンジュルム,213864061,229000,370
2025-11-27 01:54:20,UCYLp2FLXcqLUZhvrCxQmNIA,胡桃沢りりか,41002456,100000,2571
2025-11-27 01:54:20,UCL7VEatXa9yBCKeM-ww8TnA,NX☆くさあん,208509168,238000,3563
2025-11-27 01:54:20,UCaO6TYtlC8U5ttz62hTrZgg,JYP Entertainment,26024673774,31500000,2639
2025-11-27 01:54:20,UCB_qr75-ydFVKSF9Dmo6izg,FORMULA 1,8868120810,13700000,9407
2025-11-27 01:54:20,UCcz2Y1yhR42UxbFwvPFGCmA,きっしー助六ちゃんねる,75804570,61500,940
2025-11-27 01:54:20,UCBA-kvU_zYdKreZbhhywX2Q,あいずちゃんねる,147762219,57400,803
2025-11-27 01:54:20,UCxWcO9CLti4uouUIS5IIF-Q,Nornis,59019055,228000,110
2025-11-27 01:54:20,UC9qSqkNFiByKzzoxT3Cydyw,Aiobahn,28114924,90100,14
2025-11-27 01:54:20,UCmovZ2th3Sqpd00F5RdeigQ,加賀美 ハヤト/Hayato Kagami,332409391,921000,1522
2025-11-27 01:54:20,UC-_iQWdEZY66nGGaHH0Ygmg,僕が見たかった青空,52805973,122000,498
2025-11-27 01:54:20,UCdCC1L_OxLrkoEjR19iXpRw,パチスロードch,135958194,75700,815
2025-11-27 01:54:20,UCDhOdoqPxv96djR3tSq9NoA,ショコラ大佐の秘密基地,148514604,138000,1745
2025-11-27 01:54:20,UCdszfKemUn36sOEplfkiGVQ,GPV LABEL,3010003,5360,90
2025-11-27 01:54:20,UCfipDDn7wY-C-SoUChgxCQQ,葉山舞鈴 / Ohayama Ch.,88056806,599000,1339
2025-11-27 01:54:20,UCpT4syVopfBl2bATVfAt65g,澤野弘之 / SawanoHiroyuki[nZk],51700285,3970,22
2025-11-27 01:54:20,UCAaGaynFpku5cAx6OOSrW-w,HoneyWorks OFFICIAL,1601855248,2850000,550
2025-11-27 01:54:20,UCHazKLThRbMyMFu2bVAKhng,ウォーターチャレンジ,3130243899,3150000,2181
2025-11-27 01:54:20,UCXURHJRGr4-EB3l87kcbElw,NCT DREAM,2300999800,7000000,1314
2025-11-27 01:54:20,UCeA0fcfLVewbuD7H5YsrpdA,ライキジョーンズ,118818550,146000,3390
2025-11-27 01:54:20,UCy9GuRXGTm8TliQ-OJ7KwzA,【V.I.P】,978506983,979000,2495
2025-11-27 01:54:20,UC56x--_QtyaWD1QptYrPMqA,刀剣乱舞 公式チャンネル,9539808,131000,116
2025-11-27 01:54:20,UCPJCP_fon2mOMfibbBPUOYw,SAWAYAN GAMES / サワヤン ゲームズ,1299022989,2070000,3417
2025-11-27 01:54:20,UCgmFrRcyH7d1zR9sIVQhFow,ローレン・イロアス / Lauren Iroas【にじさんじ】,396892908,953000,1049
2025-11-27 01:54:20,UCZetZElUvdElPrcstRjl9DA,加藤純一ロードショー,413351485,509000,982
2025-11-27 01:54:20,UCMR5xpbhv3jzIQG1TOTg-Jg,B'z - Topic,290447628,3870,678
2025-11-27 01:54:20,UCENoC6MLc4pL-vehJyzSWmg,もこうの実況,1736272748,1600000,5787
2025-11-27 01:54:20,UCPVr7clenPjpD7WNsSI3UBQ,レトルト,2878966659,2590000,3850
2025-11-27 01:54:20,UChVflUz2J_jaaqYjXqvpmQA,iLiFE!【あいらいふ】,246311299,485000,533
2025-11-27 01:54:20,UCUW6U6iOrntB0jw6-AbQo8g,RED Games,250478782,209000,3569
2025-11-27 01:54:20,UC8eq3M3Yft3FUgxEX6lOZMg,chotokkyu - Topic,35801881,577,486
2025-11-27 01:54:20,UCtyXllCXnTAg4rjfI3UwIgA,しょうちゃんネル,300738637,138000,1547
2025-11-27 01:54:20,UCdPCarwi28K5Z7s5l2nMiLw,Uru Official YouTube Channel,901097541,1180000,296
2025-11-27 01:54:20,UCdVD0MsYecQaIE5Ru-pOIQQ,RIIZE,1015326967,1870000,1382
2025-11-27 01:54:20,UCkVvAm5jb62IMIJQj4wPVGA,TMSアニメ公式チャンネル,379265333,898000,1146
2025-11-27 01:54:20,UCEf_Bc-KVd7onSeifS3py9g,SMTOWN,32604384233,33500000,4641
2025-11-27 01:54:20,UC3VId8brfshtHO6gMMqnZ5A,FLOW GLOW - Topic,380802,2190,5
2025-11-27 01:54:20,UCCzUftO8KOVkV4wQG1vkUvg,Marine Ch. 宝鐘マリン,2033880549,4260000,1560
2025-11-27 01:54:20,UCdkVEDVAW5aFmA-Mkz0lAFQ,ひたまゆ。,466569140,410000,2793
2025-11-27 01:54:20,UC5nxCVEWQLLfkPuMylpkYkA,ロス,123613887,487000,68
2025-11-27 01:54:20,UCXEo7JprZQGCPkezcZylHlQ,黒炭酸,152370607,202000,1757
2025-11-27 01:54:20,UCXeTnWiRoifoHHEzSyR5Ogg,パチンコ・パチスロ必勝ガイドチャンネル,52764469,86300,1324
2025-11-27 01:54:20,UC5vqbtNnbOF2h7A_xlrIPUw,ぽっぴんず,916718072,630000,1053
2025-11-27 01:54:20,UCHzevlEL9JfsBIm86uNCJqg,宮野真守,78718653,449000,329
2025-11-27 01:54:20,UCLrYavXppY_4oRfquHk9VQg,HAGANE,14455474,74900,142
2025-11-27 01:54:20,UCjcYYjM16TFOPXDjWgzHiHA,超覚醒てえんだ「スロパチ生放送」,87303765,140000,571
2025-11-27 01:54:20,UCs8nP5mUR3pwJmgixsul8Hw,Saucy Dog,503080790,860000,121
2025-11-26 19:49:35,UCv7VutirxDn3RWIJXI68n_A,＝LOVE（イコールラブ）公式チャンネル,466225819,556000,474
2025-11-26 19:49:35,UCPJCP_fon2mOMfibbBPUOYw,SAWAYAN GAMES / サワヤン ゲームズ,1298866965,2070000,3416
2025-11-26 19:49:35,UCdszfKemUn36sOEplfkiGVQ,GPV LABEL,2994474,5330,90
2025-11-26 19:49:35,UCp_Az_oKu8-J5qIQpF35JbA,やわらちゃんねる,192928076,279000,862
2025-11-26 19:49:35,UCRDJ3DN-6ND_a4LSJ35L91A,立川ちゃんねる,106452486,107000,639
2025-11-26 19:49:35,UCqeAYB1DMzfM-hG-Up52yNQ,つるおかかものはし,371298994,387000,3609
2025-11-26 19:49:35,UC3VId8brfshtHO6gMMqnZ5A,FLOW GLOW - Topic,366731,2190,5
2025-11-26 19:49:35,UCYe_uTI6X6mm9qaXm8iWFDg,ノッチ配信者パチンコライブ,268739271,125000,2726
2025-11-26 19:49:35,UCc-itdQHxLvUlPrDxIiSJrA,INI,748068954,653000,1268
2025-11-26 19:49:35,UChn5TjkeEqd-JxzizMVSkOw,ハヤトの野望,1035116728,1510000,2417
2025-11-26 19:49:35,UCcg_rvE-fU2tATMwBAxW9bA,ヤングスキニー,149392027,238000,603
2025-11-26 19:49:35,UCqQNCRSihFHVsXrDikNeYSg,げまじょが好き【にじさんじEXゲマズ切り抜き】,4505630,2350,118
2025-11-26 19:49:35,UCMR5xpbhv3jzIQG1TOTg-Jg,B'z - Topic,290233950,3870,678
2025-11-26 19:49:35,UCPVr7clenPjpD7WNsSI3UBQ,レトルト,2878700140,2590000,3850
2025-11-26 19:49:35,UCtKBQ2BYD76GiJvcpZOBorg,えいま,11409709,13500,346
2025-11-26 19:49:35,UCdVD0MsYecQaIE5Ru-pOIQQ,RIIZE,1015326967,1870000,1381
2025-11-26 19:49:35,UC7aYDbAOIKIMt25ENfJ68Qw,ルカ,118689817,120000,2126
2025-11-26 19:49:35,UCv2ejD5B1xOYtGB2cf80B8g,Netflix Japan,1981513167,2300000,7756
2025-11-26 19:49:35,UCC4xWbcBVn-tHgchhrdmFpg,Jinmenusagi,9965654,32600,80
2025-11-26 19:49:35,UCUW6U6iOrntB0jw6-AbQo8g,RED Games,250361199,209000,3569
2025-11-26 19:49:35,UCOVLrBaOiMH5QDKXTycZ8Pw,やっちゃんの崖っぷちスロパチ生活,698750427,326000,5203
2025-11-26 19:49:35,UCFvSFbT8okMrpuFxBEIB2lg,M!LK,89672169,10300,243
2025-11-26 19:49:35,UCtPyU9cJgvvgH03PQKgaucA,ファミ通TUBE,183031244,208000,8152
2025-11-26 19:49:35,UCOjkVJQcjtWnpf0-1ft4brA,ゆっくりむちゃたぬき,210059667,352000,423
2025-11-26 19:49:35,UCMF_5h2OejEhVorTB02UUSg,MAZZEL,243792578,284000,721
2025-11-26 19:49:35,UCy9GuRXGTm8TliQ-OJ7KwzA,【V.I.P】,978404255,979000,2495
2025-11-26 19:49:35,UCN7_YMtKaUiizHpw77XLVcw,EXILE,188488793,14700,308
2025-11-26 19:49:35,UCZMRuagdTBKmmrFtSMN48Xw,牛沢,2664965878,1800000,3740
2025-11-26 19:49:35,UCyTaStlK0neSuKveYOIioaw,ぐんぐにるチャンネル,275051458,426000,447
2025-11-26 19:49:35,UC6H_7uSepAzrlayBjAb9rrg,WurtS - Topic,69010100,698,82
2025-11-26 19:49:35,UC7wu64jFsV02bbu6UHUd7JA,ガンダムチャンネル,412423775,1670000,1655
2025-11-26 19:49:35,UCx1nAvtVDIsaGmCMSe8ofsQ,加藤純一【jun channel】,1137244182,1280000,1834
2025-11-26 19:49:35,UCH4yRBPH2pDUjPeqomx8CTQ,てるとくん,548320450,1330000,1894
2025-11-26 19:49:35,UCJy7zfLsKBXoo2soFMum7JQ,あかさかの箱,1290130511,2620000,2688
2025-11-26 19:49:35,UCAaGaynFpku5cAx6OOSrW-w,HoneyWorks OFFICIAL,1601855248,2850000,550
2025-11-26 19:49:35,UCZetZElUvdElPrcstRjl9DA,加藤純一ロードショー,413173563,509000,981
2025-11-26 19:49:35,UC-hM6YJuNYVAmUWxeIr9FeA,Miko Ch. さくらみこ,889625882,2460000,2042
2025-11-26 19:49:35,UCBA-kvU_zYdKreZbhhywX2Q,あいずちゃんねる,147710919,57400,803
2025-11-26 19:49:35,UC_DopZ9OANqNGho0wFwADqA,けいちゃん / Keichan,502697517,1270000,605
2025-11-26 19:49:35,UC3NrSfe_yR5XX9zGFxYoV1Q,HIRAIDAI - Topic,281229302,3400,415
2025-11-26 19:49:35,UC9rMiEjNaCSsebs31MRDCRA,Stray Kids,9673395528,22200000,1878
2025-11-26 19:49:35,UCcz2Y1yhR42UxbFwvPFGCmA,きっしー助六ちゃんねる,75772269,61500,940
2025-11-26 19:49:35,UCHghNZNbV-CPbb_f3FslObw,がんばるぴえんちゃんパチンコ日記,80297691,100000,1531
2025-11-26 19:49:35,UCHD1jo5RhijLfx5-0Ehe_cg,&TEAM,466813545,1320000,1407
2025-11-26 19:49:35,UC-_iQWdEZY66nGGaHH0Ygmg,僕が見たかった青空,52805973,122000,498
2025-11-26 19:49:35,UCEfbtVOJgicdHjs5HzOzJlA,ぱち・スロ部,3649413,1770,303
2025-11-26 19:49:35,UCCzUftO8KOVkV4wQG1vkUvg,Marine Ch. 宝鐘マリン,2033880549,4260000,1560
2025-11-26 19:49:35,UCZwcUEEjD8RVzB-TAw1ts3g,Eden - Topic,4227579,1730,38
2025-11-26 19:49:35,UCLkAepWjdylmXSltofFvsYQ,BANGTANTV,26052132409,81700000,2933
2025-11-26 19:49:35,UCM3yhFc0-fBFuvqx1Vg2YNQ,まいぜんシスターズ,7170885518,3180000,1860
2025-11-26 19:49:35,UCOXOcEbERAwGlE4ig9MaLSQ,夜勤明けパチンコパチスロ実践記,275601275,166000,1622
2025-11-26 19:49:35,UC1FQWQ3y3-e8l1pCtWhJt5A,Vaundy,2295815134,2430000,226
2025-11-26 19:49:35,UC_ntXHv-XdKCD7CPynVvnQw,Bandai Namco Entertainment America,615222427,1460000,3566
2025-11-26 19:49:35,UC070fhnqq38qNhqHm5rxTcQ,令和ちゃんねる,428354288,506000,3625
2025-11-26 19:49:35,UCzRzPAT-AjlPyec5yXG974g,カワノKawano,207781875,184000,1322
2025-11-26 19:49:35,UCXEo7JprZQGCPkezcZylHlQ,黒炭酸,152273686,202000,1757
2025-11-26 19:49:35,UCdkVEDVAW5aFmA-Mkz0lAFQ,ひたまゆ。,466517551,410000,2793
2025-11-26 19:49:35,UCu3kfiUaK7MmkQ40omEpGyQ,ナナ色チャンネル,4507959,8300,82
2025-11-26 19:49:35,UCeA0fcfLVewbuD7H5YsrpdA,ライキジョーンズ,118778430,146000,3390
2025-11-26 19:49:35,UCjJmYy279ehSYSwR1A3fXtA,マグロヘッド,393931180,735000,1753
2025-11-26 19:49:35,UC9zY_E8mcAo_Oq772LEZq8Q,THE FIRST TAKE,6260490494,11500000,1528
2025-11-26 19:49:35,UCH-lygWpHodDff3iQurnWnQ,加藤純一切り抜き集,1718873534,580000,5439
2025-11-26 19:49:35,UCYLp2FLXcqLUZhvrCxQmNIA,胡桃沢りりか,40952518,100000,2570
2025-11-26 19:49:35,UCxWcO9CLti4uouUIS5IIF-Q,Nornis,59019055,228000,110
2025-11-26 19:49:35,UCfipDDn7wY-C-SoUChgxCQQ,葉山舞鈴 / Ohayama Ch.,88016924,599000,1339
2025-11-26 19:49:35,UCGc93NguHRwzv1Rw9MyIcxQ,鳴潮 (Wuthering Waves)公式,103228294,344000,465
2025-11-26 19:49:35,UCeK22JmzkTMa69kZU9NEqsA,めじの【Vtuber応援隊】,31821301,15100,537
2025-11-26 19:49:35,UCHVkYOT63gAz5yTxjo68_Ng,家スロットゲームパンダ’s ROOM@琉球🐼🪸,1208167,1680,76
2025-11-26 19:49:35,UChUjERVG8eKEAJSCef-tTmg,k4sen / かせん,717720716,1020000,3063
2025-11-26 19:49:35,UCkVvAm5jb62IMIJQj4wPVGA,TMSアニメ公式チャンネル,379083255,898000,1144
2025-11-26 19:49:35,UCGjV4bsC43On-YuiLZcfL0w,KUN,3388904194,1660000,11232
2025-11-26 19:49:35,UC8rk-fIWJXYlSF8tkfG9wWg,天色鮫,66562544,192000,132
2025-11-26 19:49:35,UCaO6TYtlC8U5ttz62hTrZgg,JYP Entertainment,26020253681,31500000,2639
2025-11-26 19:49:35,UChhKBlh_wvspTh5n4mL0b5g,BOYNEXTDOOR,1165454055,2060000,2198
2025-11-26 19:49:35,UCS57xc1Bf-znC9_ouCc3SZw,佐野元春 - DaisyMusic,50511392,77700,163
2025-11-26 19:49:35,UCYA14rrNjvQq_P_YSNeJHgA,スロライブ,89847170,46500,895
2025-11-26 19:49:35,UCNVIo0UJXTdEnsRkCB9Q03w,ILLIT - Topic,563762931,57700,59
2025-11-26 19:49:35,UCUzpZpX2wRYOk3J8QTFGxDg,乃木坂46 OFFICIAL YouTube CHANNEL,1610447858,1730000,1168
2025-11-26 19:49:35,UCOTR1tcOAhjgi6YukrPpZxg,まふまふちゃんねる,2481296145,3610000,511
2025-11-26 19:49:35,UCDwcZ85zjLKD-3-jqlv1wQQ,アンジュルム,213864061,229000,370
2025-11-26 19:49:35,UC3J-txytRWiRtNXrLS95eEw,ASIAN KUNG-FU GENERATION Official YouTube Channel,608265861,788000,282
2025-11-26 19:49:35,UCHazKLThRbMyMFu2bVAKhng,ウォーターチャレンジ,3129829378,3150000,2181
2025-11-26 19:49:35,UCZ1xuCK1kNmn5RzPYIZop3w,リゼ・ヘルエスタ -Lize Helesta-,299210937,957000,1090
2025-11-26 19:49:35,UCdMGYXL38w6htx6Yf9YJa-w,プロジェクトセカイ カラフルステージ! feat. 初音ミク,2002918466,2060000,1907
2025-11-26 19:49:35,UCKU0SVkIPRqwiZaXJ9rXhdw,シュート。,216489823,256000,2334
2025-11-26 19:49:35,UCvzGlP9oQwU--Y0r9id_jnA,Subaru Ch. 大空スバル,581156475,1950000,1894
2025-11-26 19:49:35,UCX7YkU9nEeaoZbkVLVajcMg,にじさんじ,1071638905,1870000,2822
2025-11-26 19:49:35,UCpGpA7mSYmNJjLiJxKso5QA,しもふりチューブ,1783109366,2160000,3021
2025-11-26 19:49:35,UCMGvmEqkVbl372DCyn3NLAw,【吹いたら負け】葛葉先生のしくじり【切り抜き】,180526737,136000,978
2025-11-26 19:49:35,UCylNKKCfPMm8ROXasQWTonA,響咲リオナの足,3214550,6880,124
2025-11-26 19:49:35,UCLrYavXppY_4oRfquHk9VQg,HAGANE,14455474,74800,142
2025-11-26 19:49:35,UCFQu6Q-9LAS3KoEuRDNkzGA, ニート部,658915879,680000,3213
2025-11-26 19:49:35,UCrQUlOEbu-0T0l4DAcBEeIg,pizzaofdeathofficial,408072226,332000,372
2025-11-26 19:49:35,UC3IZKseVpdzPSBaWxBxundA,HYBE LABELS,42519525251,79100000,2929
2025-11-26 19:49:35,UCBhPDpv9JavoPADrZcsAC2A,あらき-ARAKI Official,320679686,489000,260
2025-11-26 19:49:35,UC9Lx-zRFGfpuls27tNAOIqA,マエスケ,1541789868,1830000,1138
2025-11-26 19:49:35,UCMzLWawc9x3rUsqYDEfgqzA,ジャック・オ・蘭たん,712367245,648000,1887
2025-11-26 19:49:35,UCOfESRUR5duQ2hMnTQ4oqhA,BUMP OF CHICKEN,1637208579,1590000,164
2025-11-26 19:49:35,UCtceiniicYEsbAVuWy-Bi0Q,ドラゴンクエストウォーク公式,50337642,181000,160
2025-11-26 19:49:35,UCZVVCZwOpCbDXB84SDqWixQ,Lil Shady,56239923,283000,97
2025-11-26 19:49:35,UCt09C9DPSuOGpHoitbcyCIQ,ゼンレスゾーンゼロ-ZZZ-公式,229645284,754000,429
2025-11-26 19:49:35,UCoQhX2O93MVTWfgIz-8wOmg,KUNの50人クラフト,465558693,543000,1048
2025-11-26 19:49:35,UCqKNMJ5s_vsf7WkesdBrvQA,IS:SUE,87680204,221000,768
2025-11-26 19:49:35,UCu2Fxqf37DAZ0ZhIsd1FZwA,Capcom Fighters JP,262009454,257000,3898
2025-11-26 19:49:35,UCJnL-TBcsYrF2SLs7tmiC8Q,tripleS official,691134537,2880000,3052
2025-11-26 19:49:35,UCooVYzDxdwTtGYAkcPmOgOw,Brawl Stars,4003702299,23200000,370
2025-11-26 19:49:35,UC6SmH9mR82nj28_NNg_rZvA,スクウェア・エニックス,1173076894,1090000,10984
2025-11-26 19:49:35,UC2NujFa5X09CdV0YCntmQDg,板橋ハウス,904660978,752000,2029
2025-11-26 19:49:35,UC56x--_QtyaWD1QptYrPMqA,刀剣乱舞 公式チャンネル,9523467,131000,116
2025-11-26 19:49:35,UC_vMYWcDjmfdpH6r4TTn1MQ,Iroha ch. 風真いろは - holoX -,262899962,1130000,1052
2025-11-26 19:49:35,UC-ifW8mHzfsZVGHY8vxqrjA,A.B.C-Z,59464169,54600,437
2025-11-26 19:49:35,UCfkXDY7vwkcJ8ddFGz8KusA,SEVENTEEN,7797609294,16200000,3276
2025-11-26 19:49:35,UCqMRVBz-hhSFRuqlL1guqig,あひるだっく,52063292,128000,89
2025-11-26 19:49:35,UCDbUUremwf8k1x1GTYfB1Ng,ニート部クラフト,20381415,97100,125
2025-11-26 19:49:35,UCj4PjeVMnNTHIR5EeoNKPAw,ドズル社,4900034217,2570000,10211
2025-11-26 19:49:35,UC8eq3M3Yft3FUgxEX6lOZMg,chotokkyu - Topic,35769873,577,486
2025-11-26 19:49:35,UCBuLdF0tQn5oZjpvYWSQkaA,Liura Channel,92139442,206000,374
2025-11-26 19:49:35,UCXeTnWiRoifoHHEzSyR5Ogg,パチンコ・パチスロ必勝ガイドチャンネル,52748613,86300,1324
2025-11-26 19:49:35,UCof7dOTnyxaidkKkcIFuflQ,Mone Kamishiraishi - Topic,26275125,326,123
2025-11-26 19:49:35,UCvaTdHTWBGv3MKj3KVqJVCw,Okayu Ch. 猫又おかゆ,626491070,2060000,1591
2025-11-26 19:49:35,UCMJiPpN_09F0aWpQrgbc_qg,キヨ。,6530876349,5480000,3083
2025-11-26 19:49:35,UCvo8JUqHh2d1QGnK3LKyI4Q,ポケモンユナイト公式チャンネル,31955174,139000,467
2025-11-26 19:49:35,UCILZFnKZJksR7zwhZbAB4vw,れじぇくん,1503069264,1170000,1428
2025-11-26 19:49:35,UCXqWKjzm2YMH6Bs7rAmsKFw,福本大晴,7285544,89600,144
2025-11-26 19:49:35,UCx-QS9BIo_L_lx5dkpys1qw,ねこまんまのパチ•チャンネル,7979566,14200,167
2025-11-26 19:49:35,UC0ux2IFOXkj6ifQ4aSs9l7Q,大月【おおつき】,14755384,17500,1218
2025-11-26 19:49:35,UC5vqbtNnbOF2h7A_xlrIPUw,ぽっぴんず,916578477,630000,1053
2025-11-26 19:49:35,UC1DCedRgGHBdm81E1llLhOQ,Pekora Ch. 兎田ぺこら,1012493189,2740000,2342
2025-11-26 19:49:35,UCtiObj3CsEAdNU6ZPWDsddQ,TOMORROW X TOGETHER OFFICIAL,3494513829,13100000,3039
2025-11-26 19:49:35,UCL7VEatXa9yBCKeM-ww8TnA,NX☆くさあん,208448896,238000,3562
2025-11-26 19:49:35,UCVh47EKH9VLresRqiYi9txw,Mili,608668101,1010000,117
2025-11-26 19:49:35,UCXURHJRGr4-EB3l87kcbElw,NCT DREAM,2300999800,7000000,1314
2025-11-26 19:49:35,UCjcYYjM16TFOPXDjWgzHiHA,超覚醒てえんだ「スロパチ生放送」,87277250,140000,571
2025-11-26 19:49:35,UC__iCxFigPdcry_UBv6sDGw,IO,16279732,38100,13
2025-11-26 19:49:35,UClNdVSK1uy2xFHTaXZYXopw,らっだぁ,1818287342,1450000,2341
2025-11-26 19:49:35,UCpYHkc4rzWEW7iVXIyxQebA,Hey! Say! JUMP - Topic,58814548,5080,738
2025-11-26 19:49:35,UCdCC1L_OxLrkoEjR19iXpRw,パチスロードch,135779790,75700,814
2025-11-26 19:49:35,UCtyXllCXnTAg4rjfI3UwIgA,しょうちゃんネル,300379892,138000,1547
2025-11-26 19:49:35,UCxIK6x6sG7Ln5vjjPYpgeAw,Chogakusei Official,674113985,1010000,564
2025-11-26 19:49:35,UCmovZ2th3Sqpd00F5RdeigQ,加賀美 ハヤト/Hayato Kagami,332409391,921000,1521
2025-11-26 19:49:35,UC8_Ag6BVp43Vmrx6eillK9g,Vaundy - Topic,908887607,2190,110
2025-11-26 19:49:35,UC14QT5j2nQI8lKBCGtrrBQA,アニプレックス チャンネル,4304370914,3720000,15435
2025-11-26 19:49:35,UCDhOdoqPxv96djR3tSq9NoA,ショコラ大佐の秘密基地,148484620,138000,1745
2025-11-26 19:49:35,UCc-PPk-lNe34JaWCcJQCL0g,ドコムスチャンネル,540824009,593000,2023
2025-11-26 19:49:35,UCEf_Bc-KVd7onSeifS3py9g,SMTOWN,32601374258,33500000,4640
2025-11-26 19:49:35,UC6qVAJzxF5kSN_UUFSdODiQ,MAZZEL - Topic,19285446,8260,57
2025-11-26 19:49:35,UCtwTCZuQkTIwUf5m9mlZnOQ,Release - Topic,3185,41,7
2025-11-26 19:49:35,UCHzevlEL9JfsBIm86uNCJqg,宮野真守,78718653,449000,329
2025-11-26 19:49:35,UCkKj-SiKyiFkj_dO1vmY3gA,加藤純一RECORDS,5213651,29000,82
2025-11-26 19:49:35,UCSFCh5NL4qXrAy9u-u2lX3g,Kuzuha Channel,1426230744,2100000,2820
2025-11-26 19:49:35,UCWvr04hMa4k4wSilYcQ4qoA,キャベツの人【ゲーム紹介】,253110424,418000,972
2025-11-26 19:49:35,UChVflUz2J_jaaqYjXqvpmQA,iLiFE!【あいらいふ】,246311299,485000,532
2025-11-26 19:49:35,UCzXjPL7zo0bxhOYDxLJ9YEg,ポッキー,4096717679,3750000,4359
2025-11-26 19:49:35,UC9qSqkNFiByKzzoxT3Cydyw,Aiobahn,28036369,90100,14
2025-11-26 19:49:35,UCgmFrRcyH7d1zR9sIVQhFow,ローレン・イロアス / Lauren Iroas【にじさんじ】,396807021,953000,1048
2025-11-26 19:49:35,UCENoC6MLc4pL-vehJyzSWmg,もこうの実況,1736173730,1600000,5786
2025-11-26 19:49:35,UC6FadPgGviUcq6VQ0CEJqdQ,Juice=Juice,163770158,250000,280
2025-11-26 19:49:35,UCwJYQvXHtNn1c7RqED4E7MA,パンダドラゴン,44018394,92300,533
2025-11-26 19:49:35,UC3ruCdV7xnwAbpkW9tQq-6A,のーわん【NoOnE】,419083334,409000,1206
2025-11-26 19:49:35,UCB_qr75-ydFVKSF9Dmo6izg,FORMULA 1,8865234058,13700000,9406
2025-11-26 19:49:35,UCIJAlAYCNN8RACtDDsy9K6g,Novelbright,652756465,733000,319
2025-11-26 19:49:35,UCAWxPGGuIfWME2KTLUmSCHw,ぱかチューブっ!【ウマ娘公式】,515735509,1310000,1287
2025-11-26 19:49:35,UC4YT50DP7hbMsor8FmyEPMw,Victor Entertainment,1489501861,1070000,4972
2025-11-26 19:49:35,UCrKna8EQAd7NPRYq-gIsuow,ホロライ部【ホロライブ切り抜き】,70032016,37800,613
2025-11-26 19:49:35,UC15ebOqdhmvl1eb0s0jk5aw,戦極MCBATTLE,1332434553,847000,5383
2025-11-26 19:49:35,UCYXmyrGUVL8tX7VEvo_DjPw,シャル@ツモらせ隊,83196304,178000,899
2025-11-26 19:49:35,UCy0DH4rgPPjDWVZO7wibcSQ,めめんともり,351702333,335000,468
2025-11-24 22:47:43,UCv7VutirxDn3RWIJXI68n_A,＝LOVE（イコールラブ）公式チャンネル,466225819,554000,474
2025-11-24 22:47:43,UChUjERVG8eKEAJSCef-tTmg,k4sen / かせん,714915186,1020000,3058
2025-11-24 22:47:43,UC_vMYWcDjmfdpH6r4TTn1MQ,Iroha ch. 風真いろは - holoX -,262468136,1130000,1050
2025-11-24 22:47:43,UCCzUftO8KOVkV4wQG1vkUvg,Marine Ch. 宝鐘マリン,2033880549,4260000,1560
2025-11-24 22:47:43,UCMGvmEqkVbl372DCyn3NLAw,【吹いたら負け】葛葉先生のしくじり【切り抜き】,180309211,136000,978
2025-11-24 22:47:43,UCHzevlEL9JfsBIm86uNCJqg,宮野真守,78718653,449000,329
2025-11-24 22:47:43,UCqQNCRSihFHVsXrDikNeYSg,げまじょが好き【にじさんじEXゲマズ切り抜き】,4338373,2310,117
2025-11-24 22:47:43,UCYA14rrNjvQq_P_YSNeJHgA,スロライブ,89506488,46500,893
2025-11-24 22:47:43,UCdCC1L_OxLrkoEjR19iXpRw,パチスロードch,135126836,75500,813
2025-11-24 22:47:43,UCBuLdF0tQn5oZjpvYWSQkaA,Liura Channel,91759525,206000,373
2025-11-24 22:47:43,UCXURHJRGr4-EB3l87kcbElw,NCT DREAM,2300999800,7000000,1308
2025-11-24 22:47:43,UCFvSFbT8okMrpuFxBEIB2lg,M!LK,88473496,10200,243
2025-11-24 22:47:43,UCOTR1tcOAhjgi6YukrPpZxg,まふまふちゃんねる,2480574724,3610000,511
2025-11-24 22:47:43,UCoQhX2O93MVTWfgIz-8wOmg,KUNの50人クラフト,464130069,543000,1046
2025-11-24 22:47:43,UCqKNMJ5s_vsf7WkesdBrvQA,IS:SUE,86768167,220000,767
2025-11-24 22:47:43,UCH-lygWpHodDff3iQurnWnQ,加藤純一切り抜き集,1717601261,580000,5439
2025-11-24 22:47:43,UCyTaStlK0neSuKveYOIioaw,ぐんぐにるチャンネル,274844393,426000,447
2025-11-24 22:47:43,UCHD1jo5RhijLfx5-0Ehe_cg,&TEAM,466813545,1320000,1403
2025-11-24 22:47:43,UC-hM6YJuNYVAmUWxeIr9FeA,Miko Ch. さくらみこ,889625882,2460000,2040
2025-11-24 22:47:43,UCMF_5h2OejEhVorTB02UUSg,MAZZEL,240478072,282000,720
2025-11-24 22:47:43,UCcz2Y1yhR42UxbFwvPFGCmA,きっしー助六ちゃんねる,75627383,61500,939
2025-11-24 22:47:43,UCDwcZ85zjLKD-3-jqlv1wQQ,アンジュルム,213864061,229000,366
2025-11-24 22:47:43,UCEf_Bc-KVd7onSeifS3py9g,SMTOWN,32590850095,33500000,4640
2025-11-24 22:47:43,UC15ebOqdhmvl1eb0s0jk5aw,戦極MCBATTLE,1331472299,847000,5376
2025-11-24 22:47:43,UCqeAYB1DMzfM-hG-Up52yNQ,つるおかかものはし,370740326,387000,3604
2025-11-24 22:47:43,UCvaTdHTWBGv3MKj3KVqJVCw,Okayu Ch. 猫又おかゆ,626491070,2060000,1591
2025-11-24 22:47:43,UCtPyU9cJgvvgH03PQKgaucA,ファミ通TUBE,182873937,207000,8150
2025-11-24 22:47:43,UCylNKKCfPMm8ROXasQWTonA,響咲リオナの足,3074800,6470,119
2025-11-24 22:47:43,UCOXOcEbERAwGlE4ig9MaLSQ,夜勤明けパチンコパチスロ実践記,275421734,166000,1622
2025-11-24 22:47:43,UCXEo7JprZQGCPkezcZylHlQ,黒炭酸,151748328,200000,1757
2025-11-24 22:47:43,UCOfESRUR5duQ2hMnTQ4oqhA,BUMP OF CHICKEN,1637208579,1590000,164
2025-11-24 22:47:43,UCj4PjeVMnNTHIR5EeoNKPAw,ドズル社,4884812029,2560000,10206
2025-11-24 22:47:43,UC9zY_E8mcAo_Oq772LEZq8Q,THE FIRST TAKE,6254716369,11500000,1526
2025-11-24 22:47:43,UCeK22JmzkTMa69kZU9NEqsA,めじの【Vtuber応援隊】,31396871,15100,536
2025-11-24 22:47:43,UCy9GuRXGTm8TliQ-OJ7KwzA,【V.I.P】,977655202,978000,2493
2025-11-24 22:47:43,UCBhPDpv9JavoPADrZcsAC2A,あらき-ARAKI Official,320679686,488000,260
2025-11-24 22:47:43,UCwJYQvXHtNn1c7RqED4E7MA,パンダドラゴン,44018394,92300,532
2025-11-24 22:47:43,UC-ifW8mHzfsZVGHY8vxqrjA,A.B.C-Z,58717723,54500,436
2025-11-24 22:47:43,UCZwcUEEjD8RVzB-TAw1ts3g,Eden - Topic,4126778,1650,37
2025-11-24 22:47:43,UCGjV4bsC43On-YuiLZcfL0w,KUN,3387915625,1660000,11230
2025-11-24 22:47:43,UCKU0SVkIPRqwiZaXJ9rXhdw,シュート。,216131591,256000,2333
2025-11-24 22:47:43,UCHVkYOT63gAz5yTxjo68_Ng,家スロットゲームパンダ’s ROOM@琉球🐼🪸,1199909,1690,75
2025-11-24 22:47:43,UCYLp2FLXcqLUZhvrCxQmNIA,胡桃沢りりか,40825465,100000,2567
2025-11-24 22:47:43,UCmovZ2th3Sqpd00F5RdeigQ,加賀美 ハヤト/Hayato Kagami,332409391,921000,1520
2025-11-24 22:47:43,UC1FQWQ3y3-e8l1pCtWhJt5A,Vaundy,2295815134,2430000,226
2025-11-24 22:47:43,UCxIK6x6sG7Ln5vjjPYpgeAw,Chogakusei Official,667393982,1010000,564
2025-11-24 22:47:43,UC3VId8brfshtHO6gMMqnZ5A,FLOW GLOW - Topic,311811,2190,5
2025-11-24 22:47:43,UCLkAepWjdylmXSltofFvsYQ,BANGTANTV,26052132409,81700000,2933
2025-11-24 22:47:43,UClNdVSK1uy2xFHTaXZYXopw,らっだぁ,1816193668,1450000,2340
2025-11-24 22:47:43,UC5vqbtNnbOF2h7A_xlrIPUw,ぽっぴんず,915724400,629000,1052
2025-11-24 22:47:43,UCaO6TYtlC8U5ttz62hTrZgg,JYP Entertainment,25998680120,31500000,2637
2025-11-24 22:47:43,UCIJAlAYCNN8RACtDDsy9K6g,Novelbright,646175482,732000,319
2025-11-24 22:47:43,UC7wu64jFsV02bbu6UHUd7JA,ガンダムチャンネル,411857181,1670000,1650
2025-11-24 22:47:43,UCtKBQ2BYD76GiJvcpZOBorg,えいま,11343422,13500,346
2025-11-24 22:47:43,UChVflUz2J_jaaqYjXqvpmQA,iLiFE!【あいらいふ】,243613485,484000,527
2025-11-24 22:47:43,UC_DopZ9OANqNGho0wFwADqA,けいちゃん / Keichan,502697517,1270000,605
2025-11-24 22:47:43,UC8eq3M3Yft3FUgxEX6lOZMg,chotokkyu - Topic,35635303,577,486
2025-11-24 22:47:43,UCILZFnKZJksR7zwhZbAB4vw,れじぇくん,1502606449,1170000,1427
2025-11-24 22:47:43,UC0ux2IFOXkj6ifQ4aSs9l7Q,大月【おおつき】,14634927,17400,1216
2025-11-24 22:47:43,UCzXjPL7zo0bxhOYDxLJ9YEg,ポッキー,4095759975,3750000,4358
2025-11-24 22:47:43,UCAaGaynFpku5cAx6OOSrW-w,HoneyWorks OFFICIAL,1585662413,2850000,550
2025-11-24 22:47:43,UCOVLrBaOiMH5QDKXTycZ8Pw,やっちゃんの崖っぷちスロパチ生活,697953558,326000,5202
2025-11-24 22:47:43,UC3IZKseVpdzPSBaWxBxundA,HYBE LABELS,42483687297,79100000,2929
2025-11-24 22:47:43,UCjcYYjM16TFOPXDjWgzHiHA,超覚醒てえんだ「スロパチ生放送」,86919662,140000,570
2025-11-24 22:47:43,UCJy7zfLsKBXoo2soFMum7JQ,あかさかの箱,1288124728,2620000,2687
2025-11-24 22:47:43,UC__iCxFigPdcry_UBv6sDGw,IO,16107442,38000,13
2025-11-24 22:47:43,UCX7YkU9nEeaoZbkVLVajcMg,にじさんじ,1070434481,1870000,2823
2025-11-24 22:47:43,UCJnL-TBcsYrF2SLs7tmiC8Q,tripleS official,678132684,2880000,3043
2025-11-24 22:47:43,UCgmFrRcyH7d1zR9sIVQhFow,ローレン・イロアス / Lauren Iroas【にじさんじ】,396116758,953000,1046
2025-11-24 22:47:43,UC8rk-fIWJXYlSF8tkfG9wWg,天色鮫,66274266,192000,132
2025-11-24 22:47:43,UCvzGlP9oQwU--Y0r9id_jnA,Subaru Ch. 大空スバル,580727397,1950000,1893
2025-11-24 22:47:43,UCDhOdoqPxv96djR3tSq9NoA,ショコラ大佐の秘密基地,147922654,138000,1743
2025-11-24 22:47:43,UCDbUUremwf8k1x1GTYfB1Ng,ニート部クラフト,20165570,96700,125
2025-11-24 22:47:43,UCkKj-SiKyiFkj_dO1vmY3gA,加藤純一RECORDS,5031464,28100,81
2025-11-24 22:47:43,UCRDJ3DN-6ND_a4LSJ35L91A,立川ちゃんねる,106083315,107000,638
2025-11-24 22:47:43,UC1DCedRgGHBdm81E1llLhOQ,Pekora Ch. 兎田ぺこら,1011551819,2740000,2339
2025-11-24 22:47:43,UCZ1xuCK1kNmn5RzPYIZop3w,リゼ・ヘルエスタ -Lize Helesta-,298777084,957000,1089
2025-11-24 22:47:43,UCqMRVBz-hhSFRuqlL1guqig,あひるだっく,51766019,127000,89
2025-11-24 22:47:43,UCZMRuagdTBKmmrFtSMN48Xw,牛沢,2663199513,1800000,3738
2025-11-24 22:47:43,UCrKna8EQAd7NPRYq-gIsuow,ホロライ部【ホロライブ切り抜き】,69530642,37700,612
2025-11-24 22:47:43,UCkVvAm5jb62IMIJQj4wPVGA,TMSアニメ公式チャンネル,378889162,897000,1147
2025-11-24 22:47:43,UCBA-kvU_zYdKreZbhhywX2Q,あいずちゃんねる,147116475,57300,802
2025-11-24 22:47:43,UCSFCh5NL4qXrAy9u-u2lX3g,Kuzuha Channel,1423963087,2100000,2817
2025-11-24 22:47:43,UCHazKLThRbMyMFu2bVAKhng,ウォーターチャレンジ,3127178464,3150000,2179
2025-11-24 22:47:43,UC9Lx-zRFGfpuls27tNAOIqA,マエスケ,1539046282,1830000,1137
2025-11-24 22:47:43,UCv2ejD5B1xOYtGB2cf80B8g,Netflix Japan,1978518413,2300000,7747
2025-11-24 22:47:43,UChn5TjkeEqd-JxzizMVSkOw,ハヤトの野望,1033953782,1510000,2415
2025-11-24 22:47:43,UC6qVAJzxF5kSN_UUFSdODiQ,MAZZEL - Topic,19093992,8260,57
2025-11-24 22:47:43,UCHghNZNbV-CPbb_f3FslObw,がんばるぴえんちゃんパチンコ日記,80128755,100000,1528
2025-11-24 22:47:43,UCdVD0MsYecQaIE5Ru-pOIQQ,RIIZE,1015326967,1870000,1371
2025-11-24 22:47:43,UCtyXllCXnTAg4rjfI3UwIgA,しょうちゃんネル,295444704,137000,1545
2025-11-24 22:47:43,UCvo8JUqHh2d1QGnK3LKyI4Q,ポケモンユナイト公式チャンネル,31921376,139000,467
2025-11-24 22:47:43,UCNVIo0UJXTdEnsRkCB9Q03w,ILLIT - Topic,561041422,57700,59
2025-11-24 22:47:43,UC6FadPgGviUcq6VQ0CEJqdQ,Juice=Juice,159917134,247000,280
2025-11-24 22:47:43,UCB_qr75-ydFVKSF9Dmo6izg,FORMULA 1,8854977174,13700000,9399
2025-11-26 01:57:36,UC-_iQWdEZY66nGGaHH0Ygmg,僕が見たかった青空,52805973,122000,498
2025-11-26 01:57:36,UCX7YkU9nEeaoZbkVLVajcMg,にじさんじ,1071275897,1870000,2825
2025-11-26 01:57:36,UC0ux2IFOXkj6ifQ4aSs9l7Q,大月【おおつき】,14724261,17400,1217
2025-11-26 01:57:36,UCvaTdHTWBGv3MKj3KVqJVCw,Okayu Ch. 猫又おかゆ,626491070,2060000,1591
2025-11-26 01:57:36,UCUW6U6iOrntB0jw6-AbQo8g,RED Games,250066787,209000,3566
2025-11-26 01:57:36,UCmovZ2th3Sqpd00F5RdeigQ,加賀美 ハヤト/Hayato Kagami,332409391,921000,1521
2025-11-26 01:57:36,UCooVYzDxdwTtGYAkcPmOgOw,Brawl Stars,4001441866,23200000,370
2025-11-26 01:57:36,UCcz2Y1yhR42UxbFwvPFGCmA,きっしー助六ちゃんねる,75760244,61500,939
2025-11-26 01:57:36,UCAaGaynFpku5cAx6OOSrW-w,HoneyWorks OFFICIAL,1601855248,2850000,550
2025-11-26 01:57:36,UCqeAYB1DMzfM-hG-Up52yNQ,つるおかかものはし,370934217,387000,3607
2025-11-26 01:57:36,UCeA0fcfLVewbuD7H5YsrpdA,ライキジョーンズ,118704759,146000,3389
2025-11-26 01:57:36,UCkVvAm5jb62IMIJQj4wPVGA,TMSアニメ公式チャンネル,379415080,898000,1145
2025-11-26 01:57:36,UCXeTnWiRoifoHHEzSyR5Ogg,パチンコ・パチスロ必勝ガイドチャンネル,52606761,86200,1323
2025-11-26 01:57:36,UCPJCP_fon2mOMfibbBPUOYw,SAWAYAN GAMES / サワヤン ゲームズ,1298524819,2070000,3416
2025-11-26 01:57:36,UCUzpZpX2wRYOk3J8QTFGxDg,乃木坂46 OFFICIAL YouTube CHANNEL,1610447858,1730000,1168
2025-11-26 01:57:36,UCRDJ3DN-6ND_a4LSJ35L91A,立川ちゃんねる,106288438,107000,639
2025-11-26 01:57:36,UCBuLdF0tQn5oZjpvYWSQkaA,Liura Channel,91964482,206000,374
2025-11-26 01:57:36,UC3J-txytRWiRtNXrLS95eEw,ASIAN KUNG-FU GENERATION Official YouTube Channel,608265861,788000,281
2025-11-26 01:57:36,UCdCC1L_OxLrkoEjR19iXpRw,パチスロードch,135548348,75600,814
2025-11-26 01:57:36,UCXEo7JprZQGCPkezcZylHlQ,黒炭酸,152018395,201000,1757
2025-11-26 01:57:36,UCH-lygWpHodDff3iQurnWnQ,加藤純一切り抜き集,1718625450,580000,5439
2025-11-26 01:57:36,UC070fhnqq38qNhqHm5rxTcQ,令和ちゃんねる,428112546,506000,3625
2025-11-26 01:57:36,UCx1nAvtVDIsaGmCMSe8ofsQ,加藤純一【jun channel】,1136806839,1280000,1834
2025-11-26 01:57:36,UCH4yRBPH2pDUjPeqomx8CTQ,てるとくん,547980035,1330000,1893
2025-11-26 01:57:36,UClNdVSK1uy2xFHTaXZYXopw,らっだぁ,1817433175,1450000,2340
2025-11-26 01:57:36,UChVflUz2J_jaaqYjXqvpmQA,iLiFE!【あいらいふ】,246311299,484000,531
2025-11-26 01:57:36,UCEf_Bc-KVd7onSeifS3py9g,SMTOWN,32595925805,33500000,4640
2025-11-26 01:57:36,UCIJAlAYCNN8RACtDDsy9K6g,Novelbright,646175482,733000,319
2025-11-26 01:57:36,UCrQUlOEbu-0T0l4DAcBEeIg,pizzaofdeathofficial,407896835,331000,372
2025-11-26 01:57:36,UC9Lx-zRFGfpuls27tNAOIqA,マエスケ,1540679756,1830000,1137
2025-11-26 01:57:36,UCZwcUEEjD8RVzB-TAw1ts3g,Eden - Topic,4203275,1710,38
2025-11-26 01:57:36,UCHazKLThRbMyMFu2bVAKhng,ウォーターチャレンジ,3129092305,3150000,2180
2025-11-26 01:57:36,UCFQu6Q-9LAS3KoEuRDNkzGA, ニート部,658519203,680000,3212
2025-11-26 01:57:36,UCMJiPpN_09F0aWpQrgbc_qg,キヨ。,6529569181,5480000,3083
2025-11-26 01:57:36,UCZMRuagdTBKmmrFtSMN48Xw,牛沢,2664413580,1800000,3739
2025-11-26 01:57:36,UCoQhX2O93MVTWfgIz-8wOmg,KUNの50人クラフト,464951451,543000,1047
2025-11-26 01:57:36,UCc-itdQHxLvUlPrDxIiSJrA,INI,748068954,652000,1267
2025-11-26 01:57:36,UCgmFrRcyH7d1zR9sIVQhFow,ローレン・イロアス / Lauren Iroas【にじさんじ】,396542080,953000,1048
2025-11-26 01:57:36,UCtKBQ2BYD76GiJvcpZOBorg,えいま,11404954,13500,346
2025-11-26 01:57:36,UC9rMiEjNaCSsebs31MRDCRA,Stray Kids,9673395528,22200000,1874
2025-11-26 01:57:36,UC7wu64jFsV02bbu6UHUd7JA,ガンダムチャンネル,412066551,1670000,1655
2025-11-26 01:57:36,UCt09C9DPSuOGpHoitbcyCIQ,ゼンレスゾーンゼロ-ZZZ-公式,229080119,754000,427
2025-11-26 01:57:36,UCc-PPk-lNe34JaWCcJQCL0g,ドコムスチャンネル,540356662,593000,2021
2025-11-26 01:57:36,UCu3kfiUaK7MmkQ40omEpGyQ,ナナ色チャンネル,4342673,8180,80
2025-11-26 01:57:36,UC6qVAJzxF5kSN_UUFSdODiQ,MAZZEL - Topic,19200719,8260,57
2025-11-26 01:57:36,UCAWxPGGuIfWME2KTLUmSCHw,ぱかチューブっ!【ウマ娘公式】,514883442,1310000,1288
2025-11-26 01:57:36,UCFvSFbT8okMrpuFxBEIB2lg,M!LK,89260464,10300,243
2025-11-26 01:57:36,UCwJYQvXHtNn1c7RqED4E7MA,パンダドラゴン,44018394,92300,532
2025-11-26 01:57:36,UCp_Az_oKu8-J5qIQpF35JbA,やわらちゃんねる,192821029,279000,862
2025-11-26 01:57:36,UCXqWKjzm2YMH6Bs7rAmsKFw,福本大晴,7285544,89700,144
2025-11-26 01:57:36,UCYA14rrNjvQq_P_YSNeJHgA,スロライブ,89786502,46500,894
2025-11-26 01:57:36,UCENoC6MLc4pL-vehJyzSWmg,もこうの実況,1735813242,1600000,5786
2025-11-26 01:57:36,UC-ifW8mHzfsZVGHY8vxqrjA,A.B.C-Z,59464169,54500,437
2025-11-26 01:57:36,UCNVIo0UJXTdEnsRkCB9Q03w,ILLIT - Topic,562318404,57700,59
2025-11-26 01:57:36,UC_vMYWcDjmfdpH6r4TTn1MQ,Iroha ch. 風真いろは - holoX -,262723246,1130000,1051
2025-11-26 01:57:36,UCJnL-TBcsYrF2SLs7tmiC8Q,tripleS official,678132684,2880000,3050
2025-11-26 01:57:36,UCdVD0MsYecQaIE5Ru-pOIQQ,RIIZE,1015326967,1870000,1376
2025-11-26 01:57:36,UCv2ejD5B1xOYtGB2cf80B8g,Netflix Japan,1980081923,2300000,7751
2025-11-26 01:57:36,UCOjkVJQcjtWnpf0-1ft4brA,ゆっくりむちゃたぬき,209880141,352000,423
2025-11-26 01:57:36,UCVh47EKH9VLresRqiYi9txw,Mili,608668101,1000000,117
2025-11-26 01:57:36,UCxIK6x6sG7Ln5vjjPYpgeAw,Chogakusei Official,667393982,1010000,564
2025-11-26 01:57:36,UCu2Fxqf37DAZ0ZhIsd1FZwA,Capcom Fighters JP,260498750,257000,3894
2025-11-26 01:57:36,UCPVr7clenPjpD7WNsSI3UBQ,レトルト,2877943743,2590000,3850
2025-11-26 01:57:36,UCGjV4bsC43On-YuiLZcfL0w,KUN,3388574947,1660000,11231
2025-11-26 01:57:36,UCvzGlP9oQwU--Y0r9id_jnA,Subaru Ch. 大空スバル,580850595,1950000,1894
2025-11-26 01:57:36,UCHghNZNbV-CPbb_f3FslObw,がんばるぴえんちゃんパチンコ日記,80268828,100000,1529
2025-11-26 01:57:36,UCDhOdoqPxv96djR3tSq9NoA,ショコラ大佐の秘密基地,148259588,138000,1745
2025-11-26 01:57:36,UCILZFnKZJksR7zwhZbAB4vw,れじぇくん,1502941335,1170000,1428
2025-11-26 01:57:36,UCfkXDY7vwkcJ8ddFGz8KusA,SEVENTEEN,7797609294,16200000,3275
2025-11-26 01:57:36,UChhKBlh_wvspTh5n4mL0b5g,BOYNEXTDOOR,1153888296,2060000,2198
2025-11-26 01:57:36,UCqMRVBz-hhSFRuqlL1guqig,あひるだっく,51933932,127000,89
2025-11-26 01:57:36,UCaO6TYtlC8U5ttz62hTrZgg,JYP Entertainment,26014450299,31500000,2639
2025-11-26 01:57:36,UCqKNMJ5s_vsf7WkesdBrvQA,IS:SUE,87680204,221000,768
2025-11-26 01:57:36,UCHzevlEL9JfsBIm86uNCJqg,宮野真守,78718653,449000,329
2025-11-26 01:57:36,UCMzLWawc9x3rUsqYDEfgqzA,ジャック・オ・蘭たん,711865273,648000,1887
2025-11-26 01:57:36,UC-hM6YJuNYVAmUWxeIr9FeA,Miko Ch. さくらみこ,889625882,2460000,2042
2025-11-26 01:57:36,UCHVkYOT63gAz5yTxjo68_Ng,家スロットゲームパンダ’s ROOM@琉球🐼🪸,1200416,1680,76
2025-11-26 01:57:36,UCylNKKCfPMm8ROXasQWTonA,響咲リオナの足,3145428,6730,121
2025-11-26 01:57:36,UCHD1jo5RhijLfx5-0Ehe_cg,&TEAM,466813545,1320000,1405
2025-11-26 01:57:36,UC1FQWQ3y3-e8l1pCtWhJt5A,Vaundy,2295815134,2430000,226
2025-11-26 01:57:36,UCN7_YMtKaUiizHpw77XLVcw,EXILE,188355385,14700,307
2025-11-26 01:57:36,UCdMGYXL38w6htx6Yf9YJa-w,プロジェクトセカイ カラフルステージ! feat. 初音ミク,2001101239,2060000,1907
2025-11-26 01:57:36,UC15ebOqdhmvl1eb0s0jk5aw,戦極MCBATTLE,1331994946,847000,5380
2025-11-26 01:57:36,UCCzUftO8KOVkV4wQG1vkUvg,Marine Ch. 宝鐘マリン,2033880549,4260000,1560
2025-11-26 01:57:36,UC1DCedRgGHBdm81E1llLhOQ,Pekora Ch. 兎田ぺこら,1012065908,2740000,2341
2025-11-26 01:57:36,UCcg_rvE-fU2tATMwBAxW9bA,ヤングスキニー,147892001,238000,602
2025-11-26 01:57:36,UCSFCh5NL4qXrAy9u-u2lX3g,Kuzuha Channel,1425335663,2100000,2818
2025-11-26 01:57:36,UC8rk-fIWJXYlSF8tkfG9wWg,天色鮫,66494567,192000,132
2025-11-26 01:57:36,UCXURHJRGr4-EB3l87kcbElw,NCT DREAM,2300999800,7000000,1312
2025-11-26 01:57:36,UC9zY_E8mcAo_Oq772LEZq8Q,THE FIRST TAKE,6258536568,11500000,1527
2025-11-26 01:57:36,UCtyXllCXnTAg4rjfI3UwIgA,しょうちゃんネル,298495773,138000,1546
2025-11-26 01:57:36,UCdkVEDVAW5aFmA-Mkz0lAFQ,ひたまゆ。,466225947,410000,2791
2025-11-26 01:57:36,UC__iCxFigPdcry_UBv6sDGw,IO,16107442,38100,13
2025-11-26 01:57:36,UC7aYDbAOIKIMt25ENfJ68Qw,ルカ,118589990,120000,2125
2025-11-26 01:57:36,UCJy7zfLsKBXoo2soFMum7JQ,あかさかの箱,1289568315,2620000,2687
2025-11-26 01:57:36,UCYXmyrGUVL8tX7VEvo_DjPw,シャル@ツモらせ隊,83052972,178000,898
2025-11-26 01:57:36,UC_DopZ9OANqNGho0wFwADqA,けいちゃん / Keichan,502697517,1270000,605
2025-11-26 01:57:36,UCyTaStlK0neSuKveYOIioaw,ぐんぐにるチャンネル,275010203,426000,446
2025-11-26 01:57:36,UCBA-kvU_zYdKreZbhhywX2Q,あいずちゃんねる,147494513,57400,803
2025-11-26 01:57:36,UCDwcZ85zjLKD-3-jqlv1wQQ,アンジュルム,213864061,229000,370
2025-11-26 01:57:36,UCEfbtVOJgicdHjs5HzOzJlA,ぱち・スロ部,3584119,1760,302
2025-11-26 01:57:36,UCzXjPL7zo0bxhOYDxLJ9YEg,ポッキー,4096288405,3750000,4359
2025-11-26 01:57:36,UChUjERVG8eKEAJSCef-tTmg,k4sen / かせん,716687091,1020000,3062
2025-11-26 01:57:36,UC6SmH9mR82nj28_NNg_rZvA,スクウェア・エニックス,1172745497,1090000,10980
2025-11-26 01:57:36,UCrKna8EQAd7NPRYq-gIsuow,ホロライ部【ホロライブ切り抜き】,69865886,37800,613
2025-11-26 01:57:36,UCkKj-SiKyiFkj_dO1vmY3gA,加藤純一RECORDS,5125700,28800,82
2025-11-26 01:57:36,UC_ntXHv-XdKCD7CPynVvnQw,Bandai Namco Entertainment America,615121786,1460000,3565
2025-11-26 01:57:36,UC56x--_QtyaWD1QptYrPMqA,刀剣乱舞 公式チャンネル,9433224,131000,116
2025-11-26 01:57:36,UCYe_uTI6X6mm9qaXm8iWFDg,ノッチ配信者パチンコライブ,268361675,125000,2725
2025-11-26 01:57:36,UCOfESRUR5duQ2hMnTQ4oqhA,BUMP OF CHICKEN,1637208579,1590000,164
2025-11-26 01:57:36,UCpGpA7mSYmNJjLiJxKso5QA,しもふりチューブ,1782821519,2160000,3020
2025-11-26 01:57:36,UCtiObj3CsEAdNU6ZPWDsddQ,TOMORROW X TOGETHER OFFICIAL,3494513829,13100000,3039
2025-11-26 01:57:36,UCOTR1tcOAhjgi6YukrPpZxg,まふまふちゃんねる,2480967798,3610000,511
2025-11-26 01:57:36,UCdszfKemUn36sOEplfkiGVQ,GPV LABEL,2971294,5230,89
2025-11-26 01:57:36,UCtPyU9cJgvvgH03PQKgaucA,ファミ通TUBE,182978966,208000,8152
2025-11-26 01:57:36,UCv7VutirxDn3RWIJXI68n_A,＝LOVE（イコールラブ）公式チャンネル,466225819,555000,474
2025-11-26 01:57:36,UCj4PjeVMnNTHIR5EeoNKPAw,ドズル社,4893163285,2560000,10209
2025-11-26 01:57:36,UCZ1xuCK1kNmn5RzPYIZop3w,リゼ・ヘルエスタ -Lize Helesta-,299001750,957000,1090
2025-11-26 01:57:36,UChn5TjkeEqd-JxzizMVSkOw,ハヤトの野望,1034602930,1510000,2416
2025-11-26 01:57:36,UC5vqbtNnbOF2h7A_xlrIPUw,ぽっぴんず,916217219,630000,1052
2025-11-26 01:57:36,UCC4xWbcBVn-tHgchhrdmFpg,Jinmenusagi,9965654,32500,80
2025-11-26 01:57:36,UCxWcO9CLti4uouUIS5IIF-Q,Nornis,59019055,228000,110
2025-11-26 01:57:36,UCYLp2FLXcqLUZhvrCxQmNIA,胡桃沢りりか,40910955,100000,2568
2025-11-26 01:57:36,UCBhPDpv9JavoPADrZcsAC2A,あらき-ARAKI Official,320679686,489000,260
2025-11-26 01:57:36,UCMGvmEqkVbl372DCyn3NLAw,【吹いたら負け】葛葉先生のしくじり【切り抜き】,180483768,136000,978
2025-11-26 01:57:36,UC3IZKseVpdzPSBaWxBxundA,HYBE LABELS,42502703726,79100000,2929
2025-11-26 01:57:36,UC6FadPgGviUcq6VQ0CEJqdQ,Juice=Juice,162049064,249000,280
2025-11-26 01:57:36,UCKU0SVkIPRqwiZaXJ9rXhdw,シュート。,216368438,256000,2334
2025-11-26 01:57:36,UC3VId8brfshtHO6gMMqnZ5A,FLOW GLOW - Topic,336999,2190,5
2025-11-26 01:57:36,UC2NujFa5X09CdV0YCntmQDg,板橋ハウス,904148443,752000,2028
2025-11-26 01:57:36,UCOVLrBaOiMH5QDKXTycZ8Pw,やっちゃんの崖っぷちスロパチ生活,698612534,326000,5202
2025-11-26 01:57:36,UCjcYYjM16TFOPXDjWgzHiHA,超覚醒てえんだ「スロパチ生放送」,87200756,140000,571
2025-11-26 01:57:36,UCqQNCRSihFHVsXrDikNeYSg,げまじょが好き【にじさんじEXゲマズ切り抜き】,4469282,2330,117
2025-11-26 01:57:36,UCZVVCZwOpCbDXB84SDqWixQ,Lil Shady,55380693,283000,97
2025-11-26 01:57:36,UCy9GuRXGTm8TliQ-OJ7KwzA,【V.I.P】,977997693,978000,2494
2025-11-26 01:57:36,UCWvr04hMa4k4wSilYcQ4qoA,キャベツの人【ゲーム紹介】,252884397,418000,972
2025-11-26 01:57:36,UC14QT5j2nQI8lKBCGtrrBQA,アニプレックス チャンネル,4301336548,3720000,15426
2025-11-26 01:57:36,UCOXOcEbERAwGlE4ig9MaLSQ,夜勤明けパチンコパチスロ実践記,275549095,166000,1622
2025-11-26 01:57:36,UCL7VEatXa9yBCKeM-ww8TnA,NX☆くさあん,208215299,238000,3561
2025-11-26 01:57:36,UCB_qr75-ydFVKSF9Dmo6izg,FORMULA 1,8862448442,13700000,9404
2025-11-26 01:57:36,UC8eq3M3Yft3FUgxEX6lOZMg,chotokkyu - Topic,35735494,577,486
2025-11-26 01:57:36,UCDbUUremwf8k1x1GTYfB1Ng,ニート部クラフト,20293991,97000,125
2025-11-26 01:57:36,UCeK22JmzkTMa69kZU9NEqsA,めじの【Vtuber応援隊】,31744481,15100,537
2025-11-26 01:57:36,UCMF_5h2OejEhVorTB02UUSg,MAZZEL,240478072,283000,721
2025-11-26 01:57:36,UCLkAepWjdylmXSltofFvsYQ,BANGTANTV,26052132409,81700000,2933
2025-11-26 01:57:36,UCvo8JUqHh2d1QGnK3LKyI4Q,ポケモンユナイト公式チャンネル,31943421,139000,467
2025-11-25 06:33:43,UClNdVSK1uy2xFHTaXZYXopw,らっだぁ,1816769712,1450000,2340
2025-11-25 06:33:43,UCoQhX2O93MVTWfgIz-8wOmg,KUNの50人クラフト,464537256,543000,1046
2025-11-25 06:33:43,UCDbUUremwf8k1x1GTYfB1Ng,ニート部クラフト,20237387,96800,125
2025-11-25 06:33:43,UC_vMYWcDjmfdpH6r4TTn1MQ,Iroha ch. 風真いろは - holoX -,262516514,1130000,1050
2025-11-25 06:33:43,UCBA-kvU_zYdKreZbhhywX2Q,あいずちゃんねる,147219987,57400,803
2025-11-25 06:33:43,UCjcYYjM16TFOPXDjWgzHiHA,超覚醒てえんだ「スロパチ生放送」,87042088,140000,571
2025-11-25 06:33:43,UCZMRuagdTBKmmrFtSMN48Xw,牛沢,2663557934,1800000,3738
2025-11-25 06:33:43,UCqKNMJ5s_vsf7WkesdBrvQA,IS:SUE,87646037,220000,767
2025-11-25 06:33:43,UC_DopZ9OANqNGho0wFwADqA,けいちゃん / Keichan,502697517,1270000,605
2025-11-25 06:33:43,UCOXOcEbERAwGlE4ig9MaLSQ,夜勤明けパチンコパチスロ実践記,275469254,166000,1622
2025-11-25 06:33:43,UCvo8JUqHh2d1QGnK3LKyI4Q,ポケモンユナイト公式チャンネル,31935032,139000,467
2025-11-25 06:33:43,UCMGvmEqkVbl372DCyn3NLAw,【吹いたら負け】葛葉先生のしくじり【切り抜き】,180396443,136000,978
2025-11-25 06:33:43,UCHazKLThRbMyMFu2bVAKhng,ウォーターチャレンジ,3128267448,3150000,2179
2025-11-25 06:33:43,UCJy7zfLsKBXoo2soFMum7JQ,あかさかの箱,1288862908,2620000,2687
2025-11-25 06:33:43,UCcz2Y1yhR42UxbFwvPFGCmA,きっしー助六ちゃんねる,75746873,61500,939
2025-11-25 06:33:43,UCylNKKCfPMm8ROXasQWTonA,響咲リオナの足,3113749,6550,120
2025-11-25 06:33:43,UCdVD0MsYecQaIE5Ru-pOIQQ,RIIZE,1015326967,1870000,1372
2025-11-25 06:33:43,UCrKna8EQAd7NPRYq-gIsuow,ホロライ部【ホロライブ切り抜き】,69776376,37800,613
2025-11-25 06:33:43,UCtKBQ2BYD76GiJvcpZOBorg,えいま,11351188,13500,346
2025-11-25 06:33:43,UCqQNCRSihFHVsXrDikNeYSg,げまじょが好き【にじさんじEXゲマズ切り抜き】,4429251,2320,117
2025-11-25 06:33:43,UC15ebOqdhmvl1eb0s0jk5aw,戦極MCBATTLE,1331690600,847000,5376
2025-11-25 06:33:43,UC1DCedRgGHBdm81E1llLhOQ,Pekora Ch. 兎田ぺこら,1011662351,2740000,2340
2025-11-25 06:33:43,UCOfESRUR5duQ2hMnTQ4oqhA,BUMP OF CHICKEN,1637208579,1590000,164
2025-11-25 06:33:43,UCJnL-TBcsYrF2SLs7tmiC8Q,tripleS official,678132684,2880000,3043
2025-11-25 06:33:43,UCNVIo0UJXTdEnsRkCB9Q03w,ILLIT - Topic,561487392,57700,59
2025-11-25 06:33:43,UCOVLrBaOiMH5QDKXTycZ8Pw,やっちゃんの崖っぷちスロパチ生活,698357486,326000,5202
2025-11-25 06:33:43,UCCzUftO8KOVkV4wQG1vkUvg,Marine Ch. 宝鐘マリン,2033880549,4260000,1560
2025-11-25 06:33:43,UCIJAlAYCNN8RACtDDsy9K6g,Novelbright,646175482,732000,319
2025-11-25 06:33:43,UCeA0fcfLVewbuD7H5YsrpdA,ライキジョーンズ,118607540,146000,3388
2025-11-25 06:33:43,UCDwcZ85zjLKD-3-jqlv1wQQ,アンジュルム,213864061,229000,366
2025-11-25 06:33:43,UC7wu64jFsV02bbu6UHUd7JA,ガンダムチャンネル,411912666,1670000,1650
2025-11-25 06:33:43,UCB_qr75-ydFVKSF9Dmo6izg,FORMULA 1,8857095005,13700000,9402
2025-11-25 06:33:43,UCHzevlEL9JfsBIm86uNCJqg,宮野真守,78718653,449000,329
2025-11-25 06:33:43,UC3IZKseVpdzPSBaWxBxundA,HYBE LABELS,42488820953,79100000,2929
2025-11-25 06:33:43,UChn5TjkeEqd-JxzizMVSkOw,ハヤトの野望,1034231187,1510000,2415
2025-11-25 06:33:43,UC5vqbtNnbOF2h7A_xlrIPUw,ぽっぴんず,916025537,629000,1052
2025-11-25 06:33:43,UCooVYzDxdwTtGYAkcPmOgOw,Brawl Stars,3996704432,23200000,370
2025-11-25 06:33:43,UCj4PjeVMnNTHIR5EeoNKPAw,ドズル社,4889465689,2560000,10206
2025-11-25 06:33:43,UCXEo7JprZQGCPkezcZylHlQ,黒炭酸,151823294,201000,1757
2025-11-25 06:33:43,UCKU0SVkIPRqwiZaXJ9rXhdw,シュート。,216239534,256000,2333
2025-11-25 06:33:43,UCc-PPk-lNe34JaWCcJQCL0g,ドコムスチャンネル,540032743,593000,2021
2025-11-25 06:33:43,UCH-lygWpHodDff3iQurnWnQ,加藤純一切り抜き集,1718133753,580000,5439
2025-11-25 06:33:43,UChUjERVG8eKEAJSCef-tTmg,k4sen / かせん,715360871,1020000,3058
2025-11-25 06:33:43,UCkKj-SiKyiFkj_dO1vmY3gA,加藤純一RECORDS,5086462,28300,81
2025-11-25 06:33:43,UCqMRVBz-hhSFRuqlL1guqig,あひるだっく,51786212,127000,89
2025-11-25 06:33:43,UCSFCh5NL4qXrAy9u-u2lX3g,Kuzuha Channel,1424324958,2100000,2817
2025-11-25 06:33:43,UCMF_5h2OejEhVorTB02UUSg,MAZZEL,240478072,282000,720
2025-11-25 06:33:43,UChhKBlh_wvspTh5n4mL0b5g,BOYNEXTDOOR,1153888296,2060000,2186
2025-11-25 06:33:43,UCILZFnKZJksR7zwhZbAB4vw,れじぇくん,1502777490,1170000,1427
2025-11-25 06:33:43,UChVflUz2J_jaaqYjXqvpmQA,iLiFE!【あいらいふ】,243613485,484000,527
2025-11-25 06:33:43,UCvzGlP9oQwU--Y0r9id_jnA,Subaru Ch. 大空スバル,580785334,1950000,1893
2025-11-25 06:33:43,UCYLp2FLXcqLUZhvrCxQmNIA,胡桃沢りりか,40883783,100000,2567
2025-11-25 06:33:43,UCzXjPL7zo0bxhOYDxLJ9YEg,ポッキー,4096021947,3750000,4358
2025-11-25 06:33:43,UCFvSFbT8okMrpuFxBEIB2lg,M!LK,89383751,10200,243
2025-11-25 06:33:43,UCmovZ2th3Sqpd00F5RdeigQ,加賀美 ハヤト/Hayato Kagami,332409391,921000,1520
2025-11-25 06:33:43,UCv2ejD5B1xOYtGB2cf80B8g,Netflix Japan,1979161396,2300000,7747
2025-11-25 06:33:43,UCEfbtVOJgicdHjs5HzOzJlA,ぱち・スロ部,3581665,1760,302
2025-11-25 06:33:43,UC8rk-fIWJXYlSF8tkfG9wWg,天色鮫,66301826,192000,132
2025-11-25 06:33:43,UCDhOdoqPxv96djR3tSq9NoA,ショコラ大佐の秘密基地,148039376,138000,1744
2025-11-25 06:33:43,UCxIK6x6sG7Ln5vjjPYpgeAw,Chogakusei Official,667393982,1010000,564
2025-11-25 06:33:43,UC1FQWQ3y3-e8l1pCtWhJt5A,Vaundy,2295815134,2430000,226
2025-11-25 06:33:43,UCy9GuRXGTm8TliQ-OJ7KwzA,【V.I.P】,977785890,978000,2493
2025-11-25 06:33:43,UCwJYQvXHtNn1c7RqED4E7MA,パンダドラゴン,44018394,92300,532
2025-11-25 06:33:43,UCZ1xuCK1kNmn5RzPYIZop3w,リゼ・ヘルエスタ -Lize Helesta-,298925210,957000,1089
2025-11-25 06:33:43,UCOTR1tcOAhjgi6YukrPpZxg,まふまふちゃんねる,2480686287,3610000,511
2025-11-25 06:33:43,UCOjkVJQcjtWnpf0-1ft4brA,ゆっくりむちゃたぬき,209735574,352000,423
2025-11-25 06:33:43,UCHVkYOT63gAz5yTxjo68_Ng,家スロットゲームパンダ’s ROOM@琉球🐼🪸,1200262,1690,75
2025-11-25 06:33:43,UCqeAYB1DMzfM-hG-Up52yNQ,つるおかかものはし,370798229,387000,3605
2025-11-25 06:33:43,UCLkAepWjdylmXSltofFvsYQ,BANGTANTV,26052132409,81700000,2933
2025-11-25 06:33:43,UCXqWKjzm2YMH6Bs7rAmsKFw,福本大晴,7285544,89700,144
2025-11-25 06:33:43,UC__iCxFigPdcry_UBv6sDGw,IO,16107442,38000,13
2025-11-25 06:33:43,UC9zY_E8mcAo_Oq772LEZq8Q,THE FIRST TAKE,6255963798,11500000,1526
2025-11-25 06:33:43,UCvaTdHTWBGv3MKj3KVqJVCw,Okayu Ch. 猫又おかゆ,626491070,2060000,1591
2025-11-25 06:33:43,UCBuLdF0tQn5oZjpvYWSQkaA,Liura Channel,91828390,206000,373
2025-11-25 06:33:43,UCZwcUEEjD8RVzB-TAw1ts3g,Eden - Topic,4159107,1670,37
2025-11-25 06:33:43,UC9Lx-zRFGfpuls27tNAOIqA,マエスケ,1540113421,1830000,1137
2025-11-25 06:33:43,UCGjV4bsC43On-YuiLZcfL0w,KUN,3388113399,1660000,11230
2025-11-25 06:33:43,UCdCC1L_OxLrkoEjR19iXpRw,パチスロードch,135303576,75500,813
2025-11-25 06:33:43,UCtyXllCXnTAg4rjfI3UwIgA,しょうちゃんネル,296957929,137000,1545
2025-11-25 06:33:43,UC070fhnqq38qNhqHm5rxTcQ,令和ちゃんねる,427941364,506000,3624
2025-11-25 06:33:43,UCEf_Bc-KVd7onSeifS3py9g,SMTOWN,32592630208,33500000,4640
2025-11-25 06:33:43,UCUzpZpX2wRYOk3J8QTFGxDg,乃木坂46 OFFICIAL YouTube CHANNEL,1610447858,1730000,1168
2025-11-25 06:33:43,UCBhPDpv9JavoPADrZcsAC2A,あらき-ARAKI Official,320679686,488000,260
2025-11-25 06:33:43,UC6qVAJzxF5kSN_UUFSdODiQ,MAZZEL - Topic,19161046,8260,57
2025-11-25 06:33:43,UC3VId8brfshtHO6gMMqnZ5A,FLOW GLOW - Topic,326093,2190,5
2025-11-25 06:33:43,UC-ifW8mHzfsZVGHY8vxqrjA,A.B.C-Z,59341461,54500,436
2025-11-25 06:33:43,UCAaGaynFpku5cAx6OOSrW-w,HoneyWorks OFFICIAL,1585662413,2850000,550
2025-11-25 06:33:43,UC6FadPgGviUcq6VQ0CEJqdQ,Juice=Juice,161605345,248000,280
2025-11-25 06:33:43,UC-hM6YJuNYVAmUWxeIr9FeA,Miko Ch. さくらみこ,889625882,2460000,2041
2025-11-25 06:33:43,UCyTaStlK0neSuKveYOIioaw,ぐんぐにるチャンネル,274873313,426000,447
2025-11-25 06:33:43,UCHghNZNbV-CPbb_f3FslObw,がんばるぴえんちゃんパチンコ日記,80145122,100000,1528
2025-11-25 06:33:43,UCpGpA7mSYmNJjLiJxKso5QA,しもふりチューブ,1782413237,2160000,3019
2025-11-25 06:33:43,UCRDJ3DN-6ND_a4LSJ35L91A,立川ちゃんねる,106183484,107000,638
2025-11-25 06:33:43,UCgmFrRcyH7d1zR9sIVQhFow,ローレン・イロアス / Lauren Iroas【にじさんじ】,396213748,953000,1047
2025-11-25 06:33:43,UCkVvAm5jb62IMIJQj4wPVGA,TMSアニメ公式チャンネル,379122128,898000,1145
2025-11-25 06:33:43,UCaO6TYtlC8U5ttz62hTrZgg,JYP Entertainment,26002936649,31500000,2638
2025-11-25 06:33:43,UCXURHJRGr4-EB3l87kcbElw,NCT DREAM,2300999800,7000000,1308
2025-11-25 06:33:43,UCHD1jo5RhijLfx5-0Ehe_cg,&TEAM,466813545,1320000,1403
2025-11-25 06:33:43,UCv7VutirxDn3RWIJXI68n_A,＝LOVE（イコールラブ）公式チャンネル,466225819,554000,474
2025-11-25 06:33:43,UC0ux2IFOXkj6ifQ4aSs9l7Q,大月【おおつき】,14636550,17400,1216
2025-11-25 06:33:43,UCVh47EKH9VLresRqiYi9txw,Mili,608668101,1000000,117
2025-11-25 06:33:43,UCYA14rrNjvQq_P_YSNeJHgA,スロライブ,89681693,46500,893
2025-11-25 06:33:43,UCtPyU9cJgvvgH03PQKgaucA,ファミ通TUBE,182901646,208000,8151
2025-11-25 06:33:43,UCX7YkU9nEeaoZbkVLVajcMg,にじさんじ,1071062884,1870000,2823
2025-11-25 06:33:43,UCeK22JmzkTMa69kZU9NEqsA,めじの【Vtuber応援隊】,31529611,15100,537
2025-11-25 06:33:43,UC8eq3M3Yft3FUgxEX6lOZMg,chotokkyu - Topic,35677153,577,486
2025-11-25 06:33:43,UCYXmyrGUVL8tX7VEvo_DjPw,シャル@ツモらせ隊,82945414,178000,897
2025-11-25 06:33:43,UCAWxPGGuIfWME2KTLUmSCHw,ぱかチューブっ!【ウマ娘公式】,514522323,1310000,1287
2025-11-26 12:41:49,UCqMRVBz-hhSFRuqlL1guqig,あひるだっく,52063292,127000,89
2025-11-26 12:41:49,UCUzpZpX2wRYOk3J8QTFGxDg,乃木坂46 OFFICIAL YouTube CHANNEL,1610447858,1730000,1168
2025-11-26 12:41:49,UCUW6U6iOrntB0jw6-AbQo8g,RED Games,250361199,209000,3567
2025-11-26 12:41:49,UC9Lx-zRFGfpuls27tNAOIqA,マエスケ,1541789868,1830000,1137
2025-11-26 12:41:49,UCXEo7JprZQGCPkezcZylHlQ,黒炭酸,152273686,201000,1757
2025-11-26 12:41:49,UCtKBQ2BYD76GiJvcpZOBorg,えいま,11409709,13500,346
2025-11-26 12:41:49,UCB_qr75-ydFVKSF9Dmo6izg,FORMULA 1,8865234058,13700000,9406
2025-11-26 12:41:49,UC3J-txytRWiRtNXrLS95eEw,ASIAN KUNG-FU GENERATION Official YouTube Channel,608265861,788000,281
2025-11-26 12:41:49,UCx1nAvtVDIsaGmCMSe8ofsQ,加藤純一【jun channel】,1137244182,1280000,1834
2025-11-26 12:41:49,UCv2ejD5B1xOYtGB2cf80B8g,Netflix Japan,1981513167,2300000,7752
2025-11-26 12:41:49,UCCzUftO8KOVkV4wQG1vkUvg,Marine Ch. 宝鐘マリン,2033880549,4260000,1560
2025-11-26 12:41:49,UC1FQWQ3y3-e8l1pCtWhJt5A,Vaundy,2295815134,2430000,226
2025-11-26 12:41:49,UC5vqbtNnbOF2h7A_xlrIPUw,ぽっぴんず,916578477,630000,1052
2025-11-26 12:41:49,UCzXjPL7zo0bxhOYDxLJ9YEg,ポッキー,4096717679,3750000,4359
2025-11-26 12:41:49,UCRDJ3DN-6ND_a4LSJ35L91A,立川ちゃんねる,106355069,107000,639
2025-11-26 12:41:49,UCMzLWawc9x3rUsqYDEfgqzA,ジャック・オ・蘭たん,712367245,648000,1887
2025-11-26 12:41:49,UCMJiPpN_09F0aWpQrgbc_qg,キヨ。,6530876349,5480000,3083
2025-11-26 12:41:49,UCEfbtVOJgicdHjs5HzOzJlA,ぱち・スロ部,3649413,1770,302
2025-11-26 12:41:49,UCfipDDn7wY-C-SoUChgxCQQ,葉山舞鈴 / Ohayama Ch.,88016924,599000,1339
2025-11-26 12:41:49,UCHghNZNbV-CPbb_f3FslObw,がんばるぴえんちゃんパチンコ日記,80271722,100000,1529
2025-11-26 12:41:49,UCwJYQvXHtNn1c7RqED4E7MA,パンダドラゴン,44018394,92300,532
2025-11-26 12:41:49,UC_DopZ9OANqNGho0wFwADqA,けいちゃん / Keichan,502697517,1270000,605
2025-11-26 12:41:49,UC__iCxFigPdcry_UBv6sDGw,IO,16107442,38100,13
2025-11-26 12:41:49,UCS57xc1Bf-znC9_ouCc3SZw,佐野元春 - DaisyMusic,50511392,77600,163
2025-11-26 12:41:49,UCAWxPGGuIfWME2KTLUmSCHw,ぱかチューブっ!【ウマ娘公式】,515735509,1310000,1288
2025-11-26 12:41:49,UCMR5xpbhv3jzIQG1TOTg-Jg,B'z - Topic,290233950,3870,678
2025-11-26 12:41:49,UChUjERVG8eKEAJSCef-tTmg,k4sen / かせん,717720716,1020000,3062
2025-11-26 12:41:49,UCDhOdoqPxv96djR3tSq9NoA,ショコラ大佐の秘密基地,148484620,138000,1745
2025-11-26 12:41:49,UCv7VutirxDn3RWIJXI68n_A,＝LOVE（イコールラブ）公式チャンネル,466225819,555000,474
2025-11-26 12:41:49,UC4YT50DP7hbMsor8FmyEPMw,Victor Entertainment,1489501861,1070000,4972
2025-11-26 12:41:49,UCJnL-TBcsYrF2SLs7tmiC8Q,tripleS official,678132684,2880000,3050
2025-11-26 12:41:49,UCp_Az_oKu8-J5qIQpF35JbA,やわらちゃんねる,192928076,279000,862
2025-11-26 12:41:49,UCtyXllCXnTAg4rjfI3UwIgA,しょうちゃんネル,300379892,138000,1546
2025-11-26 12:41:49,UCMF_5h2OejEhVorTB02UUSg,MAZZEL,243792578,284000,721
2025-11-26 12:41:49,UCeK22JmzkTMa69kZU9NEqsA,めじの【Vtuber応援隊】,31821301,15100,537
2025-11-26 12:41:49,UCkKj-SiKyiFkj_dO1vmY3gA,加藤純一RECORDS,5213651,28900,82
2025-11-26 12:41:49,UCrKna8EQAd7NPRYq-gIsuow,ホロライ部【ホロライブ切り抜き】,70032016,37800,613
2025-11-26 12:41:49,UCHazKLThRbMyMFu2bVAKhng,ウォーターチャレンジ,3129829378,3150000,2180
2025-11-26 12:41:49,UCPVr7clenPjpD7WNsSI3UBQ,レトルト,2878700140,2590000,3850
2025-11-26 12:41:49,UCBhPDpv9JavoPADrZcsAC2A,あらき-ARAKI Official,320679686,489000,260
2025-11-26 12:41:49,UCOTR1tcOAhjgi6YukrPpZxg,まふまふちゃんねる,2481296145,3610000,511
2025-11-26 12:41:49,UC070fhnqq38qNhqHm5rxTcQ,令和ちゃんねる,428354288,506000,3625
2025-11-26 12:41:49,UC-hM6YJuNYVAmUWxeIr9FeA,Miko Ch. さくらみこ,889625882,2460000,2042
2025-11-26 12:41:49,UC8_Ag6BVp43Vmrx6eillK9g,Vaundy - Topic,908887607,2190,110
2025-11-26 12:41:49,UC0ux2IFOXkj6ifQ4aSs9l7Q,大月【おおつき】,14755384,17400,1217
2025-11-26 12:41:49,UCxIK6x6sG7Ln5vjjPYpgeAw,Chogakusei Official,667393982,1010000,564
2025-11-26 12:41:49,UCKU0SVkIPRqwiZaXJ9rXhdw,シュート。,216489823,256000,2334
2025-11-26 12:41:49,UCNVIo0UJXTdEnsRkCB9Q03w,ILLIT - Topic,563762931,57700,59
2025-11-26 12:41:49,UCmovZ2th3Sqpd00F5RdeigQ,加賀美 ハヤト/Hayato Kagami,332409391,921000,1521
2025-11-26 12:41:49,UCdMGYXL38w6htx6Yf9YJa-w,プロジェクトセカイ カラフルステージ! feat. 初音ミク,2002918466,2060000,1907
2025-11-26 12:41:49,UC3VId8brfshtHO6gMMqnZ5A,FLOW GLOW - Topic,366731,2190,5
2025-11-26 12:41:49,UCqeAYB1DMzfM-hG-Up52yNQ,つるおかかものはし,371298994,387000,3607
2025-11-26 12:41:49,UCdszfKemUn36sOEplfkiGVQ,GPV LABEL,2994474,5270,89
2025-11-26 12:41:49,UC56x--_QtyaWD1QptYrPMqA,刀剣乱舞 公式チャンネル,9523467,131000,116
2025-11-26 12:41:49,UC7wu64jFsV02bbu6UHUd7JA,ガンダムチャンネル,412423775,1670000,1655
2025-11-26 12:41:49,UCAaGaynFpku5cAx6OOSrW-w,HoneyWorks OFFICIAL,1601855248,2850000,550
2025-11-26 12:41:49,UCc-itdQHxLvUlPrDxIiSJrA,INI,748068954,652000,1267
2025-11-26 12:41:49,UCkVvAm5jb62IMIJQj4wPVGA,TMSアニメ公式チャンネル,379083255,898000,1145
2025-11-26 12:41:49,UCu2Fxqf37DAZ0ZhIsd1FZwA,Capcom Fighters JP,262009454,257000,3896
2025-11-26 12:41:49,UCYA14rrNjvQq_P_YSNeJHgA,スロライブ,89847170,46500,894
2025-11-26 12:41:49,UCBA-kvU_zYdKreZbhhywX2Q,あいずちゃんねる,147605257,57400,803
2025-11-26 12:41:49,UCZVVCZwOpCbDXB84SDqWixQ,Lil Shady,55380693,283000,97
2025-11-26 12:41:49,UC9zY_E8mcAo_Oq772LEZq8Q,THE FIRST TAKE,6260490494,11500000,1527
2025-11-26 12:41:49,UCZ1xuCK1kNmn5RzPYIZop3w,リゼ・ヘルエスタ -Lize Helesta-,299210937,957000,1090
2025-11-26 12:41:49,UCYXmyrGUVL8tX7VEvo_DjPw,シャル@ツモらせ隊,83196304,178000,899
2025-11-26 12:41:49,UCLkAepWjdylmXSltofFvsYQ,BANGTANTV,26052132409,81700000,2933
2025-11-26 12:41:49,UCFvSFbT8okMrpuFxBEIB2lg,M!LK,89672169,10300,243
2025-11-26 12:41:49,UCXURHJRGr4-EB3l87kcbElw,NCT DREAM,2300999800,7000000,1312
2025-11-26 12:41:49,UCDbUUremwf8k1x1GTYfB1Ng,ニート部クラフト,20381415,97000,125
2025-11-26 12:41:49,UChVflUz2J_jaaqYjXqvpmQA,iLiFE!【あいらいふ】,246311299,485000,531
2025-11-26 12:41:49,UCqQNCRSihFHVsXrDikNeYSg,げまじょが好き【にじさんじEXゲマズ切り抜き】,4495012,2350,118
2025-11-26 12:41:49,UCcz2Y1yhR42UxbFwvPFGCmA,きっしー助六ちゃんねる,75772269,61500,940
2025-11-26 12:41:49,UC8eq3M3Yft3FUgxEX6lOZMg,chotokkyu - Topic,35769873,577,486
2025-11-26 12:41:49,UCxWcO9CLti4uouUIS5IIF-Q,Nornis,59019055,228000,110
2025-11-26 12:41:49,UCof7dOTnyxaidkKkcIFuflQ,Mone Kamishiraishi - Topic,26275125,326,123
2025-11-26 12:41:49,UCyTaStlK0neSuKveYOIioaw,ぐんぐにるチャンネル,275051458,426000,446
2025-11-26 12:41:49,UCFQu6Q-9LAS3KoEuRDNkzGA, ニート部,658915879,680000,3212
2025-11-26 12:41:49,UCOVLrBaOiMH5QDKXTycZ8Pw,やっちゃんの崖っぷちスロパチ生活,698750427,326000,5203
2025-11-26 12:41:49,UC1DCedRgGHBdm81E1llLhOQ,Pekora Ch. 兎田ぺこら,1012493189,2740000,2342
2025-11-26 12:41:49,UCqKNMJ5s_vsf7WkesdBrvQA,IS:SUE,87680204,221000,768
2025-11-26 12:41:49,UCpGpA7mSYmNJjLiJxKso5QA,しもふりチューブ,1783109366,2160000,3020
2025-11-26 12:41:49,UCeA0fcfLVewbuD7H5YsrpdA,ライキジョーンズ,118778430,146000,3389
2025-11-26 12:41:49,UCdkVEDVAW5aFmA-Mkz0lAFQ,ひたまゆ。,466517551,410000,2792
2025-11-26 12:41:49,UCMGvmEqkVbl372DCyn3NLAw,【吹いたら負け】葛葉先生のしくじり【切り抜き】,180526737,136000,978
2025-11-26 12:41:49,UCtiObj3CsEAdNU6ZPWDsddQ,TOMORROW X TOGETHER OFFICIAL,3494513829,13100000,3039
2025-11-26 12:41:49,UCu3kfiUaK7MmkQ40omEpGyQ,ナナ色チャンネル,4507959,8260,82
2025-11-26 12:41:49,UCOXOcEbERAwGlE4ig9MaLSQ,夜勤明けパチンコパチスロ実践記,275601275,166000,1622
2025-11-26 12:41:49,UCWvr04hMa4k4wSilYcQ4qoA,キャベツの人【ゲーム紹介】,253110424,418000,972
2025-11-26 12:41:49,UCH-lygWpHodDff3iQurnWnQ,加藤純一切り抜き集,1718873534,580000,5439
2025-11-26 12:41:49,UCgmFrRcyH7d1zR9sIVQhFow,ローレン・イロアス / Lauren Iroas【にじさんじ】,396807021,953000,1048
2025-11-26 12:41:49,UCN7_YMtKaUiizHpw77XLVcw,EXILE,188488793,14700,307
2025-11-26 12:41:49,UCjcYYjM16TFOPXDjWgzHiHA,超覚醒てえんだ「スロパチ生放送」,87277250,140000,571
2025-11-26 12:41:49,UCXqWKjzm2YMH6Bs7rAmsKFw,福本大晴,7285544,89700,144
2025-11-26 12:41:49,UC7aYDbAOIKIMt25ENfJ68Qw,ルカ,118689817,120000,2126
2025-11-26 12:41:49,UCYe_uTI6X6mm9qaXm8iWFDg,ノッチ配信者パチンコライブ,268739271,125000,2726
2025-11-26 12:41:49,UCx-QS9BIo_L_lx5dkpys1qw,ねこまんまのパチ•チャンネル,7979566,14200,167
2025-11-26 12:41:49,UCX7YkU9nEeaoZbkVLVajcMg,にじさんじ,1071638905,1870000,2825
2025-11-26 12:41:49,UC3NrSfe_yR5XX9zGFxYoV1Q,HIRAIDAI - Topic,281173839,3400,415
2025-11-26 12:41:49,UCOjkVJQcjtWnpf0-1ft4brA,ゆっくりむちゃたぬき,210059667,352000,423
2025-11-26 12:41:49,UC6H_7uSepAzrlayBjAb9rrg,WurtS - Topic,69010100,698,82
2025-11-26 12:41:49,UCVh47EKH9VLresRqiYi9txw,Mili,608668101,1010000,117
2025-11-26 12:41:49,UC6SmH9mR82nj28_NNg_rZvA,スクウェア・エニックス,1173076894,1090000,10982
2025-11-26 12:41:49,UC6qVAJzxF5kSN_UUFSdODiQ,MAZZEL - Topic,19285446,8260,57
2025-11-26 12:41:49,UChhKBlh_wvspTh5n4mL0b5g,BOYNEXTDOOR,1165454055,2060000,2198
2025-11-26 12:41:49,UCENoC6MLc4pL-vehJyzSWmg,もこうの実況,1736173730,1600000,5786
2025-11-26 12:41:49,UChn5TjkeEqd-JxzizMVSkOw,ハヤトの野望,1035116728,1510000,2416
2025-11-26 12:41:49,UCooVYzDxdwTtGYAkcPmOgOw,Brawl Stars,4003702299,23200000,370
2025-11-26 12:41:49,UCJy7zfLsKBXoo2soFMum7JQ,あかさかの箱,1290130511,2620000,2687
2025-11-26 12:41:49,UCvo8JUqHh2d1QGnK3LKyI4Q,ポケモンユナイト公式チャンネル,31950409,139000,467
2025-11-26 12:41:49,UCtPyU9cJgvvgH03PQKgaucA,ファミ通TUBE,183031244,208000,8152
2025-11-26 12:41:49,UC3IZKseVpdzPSBaWxBxundA,HYBE LABELS,42519525251,79100000,2929
2025-11-26 12:41:49,UC14QT5j2nQI8lKBCGtrrBQA,アニプレックス チャンネル,4304370914,3720000,15426
2025-11-26 12:41:49,UC-ifW8mHzfsZVGHY8vxqrjA,A.B.C-Z,59464169,54500,437
2025-11-26 12:41:49,UC2NujFa5X09CdV0YCntmQDg,板橋ハウス,904660978,752000,2028
2025-11-26 12:41:49,UCaO6TYtlC8U5ttz62hTrZgg,JYP Entertainment,26020253681,31500000,2639
2025-11-26 12:41:49,UCHD1jo5RhijLfx5-0Ehe_cg,&TEAM,466813545,1320000,1406
2025-11-26 12:41:49,UCC4xWbcBVn-tHgchhrdmFpg,Jinmenusagi,9965654,32600,80
2025-11-26 12:41:49,UCEf_Bc-KVd7onSeifS3py9g,SMTOWN,32601374258,33500000,4640
2025-11-26 12:41:49,UCL7VEatXa9yBCKeM-ww8TnA,NX☆くさあん,208448896,238000,3562
2025-11-26 12:41:49,UCvzGlP9oQwU--Y0r9id_jnA,Subaru Ch. 大空スバル,581156475,1950000,1894
2025-11-26 12:41:49,UC8rk-fIWJXYlSF8tkfG9wWg,天色鮫,66562544,192000,132
2025-11-26 12:41:49,UCvaTdHTWBGv3MKj3KVqJVCw,Okayu Ch. 猫又おかゆ,626491070,2060000,1591
2025-11-26 12:41:49,UCHzevlEL9JfsBIm86uNCJqg,宮野真守,78718653,449000,329
2025-11-26 12:41:49,UCZMRuagdTBKmmrFtSMN48Xw,牛沢,2664965878,1800000,3739
2025-11-26 12:41:49,UCOfESRUR5duQ2hMnTQ4oqhA,BUMP OF CHICKEN,1637208579,1590000,164
2025-11-26 12:41:49,UCYLp2FLXcqLUZhvrCxQmNIA,胡桃沢りりか,40952518,100000,2570
2025-11-26 12:41:49,UCc-PPk-lNe34JaWCcJQCL0g,ドコムスチャンネル,540824009,593000,2022
2025-11-26 12:41:49,UCoQhX2O93MVTWfgIz-8wOmg,KUNの50人クラフト,465558693,543000,1047
2025-11-26 12:41:49,UCDwcZ85zjLKD-3-jqlv1wQQ,アンジュルム,213864061,229000,370
2025-11-26 12:41:49,UCPJCP_fon2mOMfibbBPUOYw,SAWAYAN GAMES / サワヤン ゲームズ,1298866965,2070000,3416
2025-11-26 12:41:49,UC9qSqkNFiByKzzoxT3Cydyw,Aiobahn,28036369,90000,14
2025-11-26 12:41:49,UC-_iQWdEZY66nGGaHH0Ygmg,僕が見たかった青空,52805973,122000,498
2025-11-26 12:41:49,UCylNKKCfPMm8ROXasQWTonA,響咲リオナの足,3214550,6780,123
2025-11-26 12:41:49,UCBuLdF0tQn5oZjpvYWSQkaA,Liura Channel,92139442,206000,374
2025-11-26 12:41:49,UC15ebOqdhmvl1eb0s0jk5aw,戦極MCBATTLE,1332198365,847000,5381
2025-11-26 12:41:49,UC6FadPgGviUcq6VQ0CEJqdQ,Juice=Juice,163770158,249000,280
2025-11-26 12:41:49,UCHVkYOT63gAz5yTxjo68_Ng,家スロットゲームパンダ’s ROOM@琉球🐼🪸,1208167,1680,76
2025-11-26 12:41:49,UCGjV4bsC43On-YuiLZcfL0w,KUN,3388904194,1660000,11232
2025-11-26 12:41:49,UCfkXDY7vwkcJ8ddFGz8KusA,SEVENTEEN,7797609294,16200000,3275
2025-11-26 12:41:49,UCt09C9DPSuOGpHoitbcyCIQ,ゼンレスゾーンゼロ-ZZZ-公式,229645284,754000,427
2025-11-26 12:41:49,UCrQUlOEbu-0T0l4DAcBEeIg,pizzaofdeathofficial,408072226,331000,372
2025-11-26 12:41:49,UC_ntXHv-XdKCD7CPynVvnQw,Bandai Namco Entertainment America,615222427,1460000,3566
2025-11-26 12:41:49,UCcg_rvE-fU2tATMwBAxW9bA,ヤングスキニー,147892001,238000,602
2025-11-26 12:41:49,UCpYHkc4rzWEW7iVXIyxQebA,Hey! Say! JUMP - Topic,58814548,5080,738
2025-11-26 12:41:49,UCj4PjeVMnNTHIR5EeoNKPAw,ドズル社,4900034217,2570000,10209
2025-11-26 12:41:49,UCH4yRBPH2pDUjPeqomx8CTQ,てるとくん,548320450,1330000,1893
2025-11-26 12:41:49,UCZetZElUvdElPrcstRjl9DA,加藤純一ロードショー,412974949,509000,981
2025-11-26 12:41:49,UCXeTnWiRoifoHHEzSyR5Ogg,パチンコ・パチスロ必勝ガイドチャンネル,52748613,86200,1323
2025-11-26 12:41:49,UCSFCh5NL4qXrAy9u-u2lX3g,Kuzuha Channel,1426230744,2100000,2819
2025-11-26 12:41:49,UClNdVSK1uy2xFHTaXZYXopw,らっだぁ,1818287342,1450000,2340
2025-11-26 12:41:49,UCLrYavXppY_4oRfquHk9VQg,HAGANE,14455474,74800,141
2025-11-26 12:41:49,UCdCC1L_OxLrkoEjR19iXpRw,パチスロードch,135779790,75600,814
2025-11-26 12:41:49,UC_vMYWcDjmfdpH6r4TTn1MQ,Iroha ch. 風真いろは - holoX -,262899962,1130000,1051
2025-11-26 12:41:49,UCZwcUEEjD8RVzB-TAw1ts3g,Eden - Topic,4227579,1720,38
2025-11-26 12:41:49,UC9rMiEjNaCSsebs31MRDCRA,Stray Kids,9673395528,22200000,1874
2025-11-26 12:41:49,UCy9GuRXGTm8TliQ-OJ7KwzA,【V.I.P】,978404255,978000,2494
2025-11-26 12:41:49,UCdVD0MsYecQaIE5Ru-pOIQQ,RIIZE,1015326967,1870000,1376
2025-11-26 12:41:49,UCIJAlAYCNN8RACtDDsy9K6g,Novelbright,646175482,733000,319
2025-11-26 12:41:49,UCILZFnKZJksR7zwhZbAB4vw,れじぇくん,1503069264,1170000,1428
2025-11-28 05:20:00,UCDwcZ85zjLKD-3-jqlv1wQQ,アンジュルム,213864061,229000,374
2025-11-28 05:20:00,UCt09C9DPSuOGpHoitbcyCIQ,ゼンレスゾーンゼロ-ZZZ-公式,230329014,754000,430
2025-11-28 05:20:00,UCdszfKemUn36sOEplfkiGVQ,GPV LABEL,3048201,5430,91
2025-11-28 05:20:00,UCrQUlOEbu-0T0l4DAcBEeIg,pizzaofdeathofficial,408297473,332000,372
2025-11-28 05:20:00,UCUbAVVpHteGtGQPPN9lM3oQ,ホロライブ切り抜き/なめたけ,572453900,339000,2104
2025-11-28 05:20:00,UC14QT5j2nQI8lKBCGtrrBQA,アニプレックス チャンネル,4308142665,3720000,15442
2025-11-28 05:20:00,UCLkAepWjdylmXSltofFvsYQ,BANGTANTV,26052132409,81700000,2937
2025-11-28 05:20:00,UCkVvAm5jb62IMIJQj4wPVGA,TMSアニメ公式チャンネル,379675672,898000,1147
2025-11-28 05:20:00,UCdn5BQ06XqgXoAxIhbqw5Rg,フブキCh。白上フブキ,711027577,2640000,2969
2025-11-28 05:20:00,UChUjERVG8eKEAJSCef-tTmg,k4sen / かせん,718918156,1030000,3064
2025-11-28 05:20:00,UCM3yhFc0-fBFuvqx1Vg2YNQ,まいぜんシスターズ,7172110405,3180000,1860
2025-11-28 05:20:00,UC0oUS_AySEl6fiYgRgPJJ9g,うさみんみ,43215847,14500,179
2025-11-28 05:20:00,UCVh47EKH9VLresRqiYi9txw,Mili,608668101,1010000,117
2025-11-28 05:20:00,UCGjV4bsC43On-YuiLZcfL0w,KUN,3389428817,1660000,11233
2025-11-28 05:20:00,UCqeAYB1DMzfM-hG-Up52yNQ,つるおかかものはし,371711972,387000,3613
2025-11-28 05:20:00,UC9qSqkNFiByKzzoxT3Cydyw,Aiobahn,28242135,90100,14
2025-11-28 05:20:00,UCv0F5yCdnwnBTrcJO2Yr3lQ,きむちゃんねる,925351670,765000,2674
2025-11-28 05:20:00,UCc-itdQHxLvUlPrDxIiSJrA,INI,748068954,653000,1270
2025-11-28 05:20:00,UCBA-kvU_zYdKreZbhhywX2Q,あいずちゃんねる,147864213,57400,804
2025-11-28 05:20:00,UCpYHkc4rzWEW7iVXIyxQebA,Hey! Say! JUMP - Topic,59024860,5080,738
2025-11-28 05:20:00,UCxhPsqKunv6674tZcQoEzOg,LIBRO,9608620,19500,26
2025-11-28 05:20:00,UCmnZL4tFRl4sm-uJOxTLHmg,今日ポケch.,987062219,570000,1305
2025-11-28 05:20:00,UCeK22JmzkTMa69kZU9NEqsA,めじの【Vtuber応援隊】,31953282,15100,540
2025-11-28 05:20:00,UCYXmyrGUVL8tX7VEvo_DjPw,シャル@ツモらせ隊,83417780,178000,901
2025-11-28 05:20:00,UCHazKLThRbMyMFu2bVAKhng,ウォーターチャレンジ,3131310717,3150000,2181
2025-11-28 05:20:00,UCFvSFbT8okMrpuFxBEIB2lg,M!LK,90553892,10400,243
2025-11-28 05:20:00,UCHvFSU5OP6c7QcJxIr87YtA,ウタエル Utael,446481570,582000,903
2025-11-28 05:20:00,UCAWxPGGuIfWME2KTLUmSCHw,ぱかチューブっ!【ウマ娘公式】,516118137,1310000,1291
2025-11-28 05:20:00,UCBuLdF0tQn5oZjpvYWSQkaA,Liura Channel,92291309,206000,378
2025-11-28 05:20:00,UC__iCxFigPdcry_UBv6sDGw,IO,16308497,38200,13
2025-11-28 05:20:00,UC8eq3M3Yft3FUgxEX6lOZMg,chotokkyu - Topic,35861359,579,486
2025-11-28 05:20:00,UCJy7zfLsKBXoo2soFMum7JQ,あかさかの箱,1291190598,2620000,2688
2025-11-28 05:20:00,UC3PFoXZPFJGy9F4PG84nNQQ,Soala - Topic,29245822,4820,84
2025-11-28 05:20:00,UCof7dOTnyxaidkKkcIFuflQ,Mone Kamishiraishi - Topic,26428223,326,123
2025-11-28 05:20:00,UCxWcO9CLti4uouUIS5IIF-Q,Nornis,59019055,228000,110
2025-11-28 05:20:00,UCDhOdoqPxv96djR3tSq9NoA,ショコラ大佐の秘密基地,148669038,138000,1747
2025-11-28 05:20:00,UC7aYDbAOIKIMt25ENfJ68Qw,ルカ,118728811,120000,2127
2025-11-28 05:20:00,UCPVr7clenPjpD7WNsSI3UBQ,レトルト,2879528689,2590000,3850
2025-11-28 05:20:00,UCZwcUEEjD8RVzB-TAw1ts3g,Eden - Topic,4283045,1770,38
2025-11-28 05:20:00,UCv7VutirxDn3RWIJXI68n_A,＝LOVE（イコールラブ）公式チャンネル,471770678,557000,474
2025-11-28 05:20:00,UC_DopZ9OANqNGho0wFwADqA,けいちゃん / Keichan,502697517,1270000,606
2025-11-28 05:20:00,UC9-yZkJfxtg6WNCX5mUQb0w,ノゴローチャンネル,179654208,126000,3593
2025-11-28 05:20:00,UC2NujFa5X09CdV0YCntmQDg,板橋ハウス,905340198,752000,2030
2025-11-28 05:20:00,UC-_iQWdEZY66nGGaHH0Ygmg,僕が見たかった青空,52805973,122000,499
2025-11-28 05:20:00,UCooVYzDxdwTtGYAkcPmOgOw,Brawl Stars,4007265329,23200000,370
2025-11-28 05:20:00,UCHp2q2i85qt_9nn2H7AvGOw,NiziU Official,1563277157,2290000,2505
2025-11-28 05:20:00,UCdMGYXL38w6htx6Yf9YJa-w,プロジェクトセカイ カラフルステージ! feat. 初音ミク,2004681179,2060000,1907
2025-11-28 05:20:00,UCqQNCRSihFHVsXrDikNeYSg,げまじょが好き【にじさんじEXゲマズ切り抜き】,4649643,2400,119
2025-11-28 05:20:00,UClNdVSK1uy2xFHTaXZYXopw,らっだぁ,1819502523,1450000,2342
2025-11-28 05:20:00,UCH4yRBPH2pDUjPeqomx8CTQ,てるとくん,548838286,1330000,1895
2025-11-28 05:20:00,UCqKNMJ5s_vsf7WkesdBrvQA,IS:SUE,87680204,221000,771
2025-11-28 05:20:00,UC-UxhoAxlq57uZ8BA0b1Jyw,FPS切り抜きボット【ローレン・イロアス】,156796425,119000,1404
2025-11-28 05:20:00,UCspv01oxUFf_MTSipURRhkA,Kanae Channel,785965724,1510000,4293
2025-11-28 05:20:00,UClqWF_XeXy469i4KDurpjWw,Yukopi,18054,2,1
2025-11-28 05:20:00,UCdPCarwi28K5Z7s5l2nMiLw,Uru Official YouTube Channel,901097541,1180000,296
2025-11-28 05:20:00,UCAaGaynFpku5cAx6OOSrW-w,HoneyWorks OFFICIAL,1601855248,2850000,550
2025-11-28 05:20:00,UCqfELxLmasBwYET4ZAMfMqA,がみくん,1009332796,584000,3990
2025-11-28 05:20:00,UCp_Az_oKu8-J5qIQpF35JbA,やわらちゃんねる,193030695,279000,863
2025-11-28 05:20:00,UCOx-oLP9tOhiYwSK_m-yVxA,オモコロチャンネル,618773811,473000,1144
2025-11-28 05:20:00,UC1DqlLj1onQhBfxW81OgQTw,GLAY,732544767,541000,886
2025-11-28 05:20:00,UCcmLTYWn2bI5GwNVSP1bl4Q,バッチコイなみちょ,15134761,17400,648
2025-11-28 05:20:00,UC9Lx-zRFGfpuls27tNAOIqA,マエスケ,1543529658,1840000,1138
2025-11-28 05:20:00,UC5wr1qJKJOrHHK-haeZkfbg,アカgames,462825038,283000,1361
2025-11-28 05:20:00,UCKsVfYfguU3s5vMO5yhcWdw,STARGLOW Official,23413198,2750,49
2025-11-28 05:20:00,UCXeTnWiRoifoHHEzSyR5Ogg,パチンコ・パチスロ必勝ガイドチャンネル,52801397,86300,1325
2025-11-28 05:20:00,UCqm3BQLlJfvkTsX_hvm0UmA,Watame Ch. 角巻わため,610016767,1700000,2980
2025-11-28 05:20:00,UCtiObj3CsEAdNU6ZPWDsddQ,TOMORROW X TOGETHER OFFICIAL,3494513829,13100000,3043
2025-11-28 05:20:00,UC6FadPgGviUcq6VQ0CEJqdQ,Juice=Juice,166051730,251000,281
2025-11-28 05:20:00,UCMGvmEqkVbl372DCyn3NLAw,【吹いたら負け】葛葉先生のしくじり【切り抜き】,180619841,136000,978
2025-11-28 05:20:00,UCapLmxI6gv5WBd3N3sUVG8Q,稲垣潤一 Official,39810109,49800,46
2025-11-28 05:20:00,UCcz2Y1yhR42UxbFwvPFGCmA,きっしー助六ちゃんねる,76067930,61600,942
2025-11-28 05:20:00,UCy9GuRXGTm8TliQ-OJ7KwzA,【V.I.P】,978872188,979000,2497
2025-11-28 05:20:00,UCtPyU9cJgvvgH03PQKgaucA,ファミ通TUBE,183092580,208000,8154
2025-11-28 05:20:00,UCia0Mw96B-yNYRka1J_mAsQ,HikacGamesヒカックゲームズ,640505295,660000,5204
2025-11-28 05:20:00,UC3J-txytRWiRtNXrLS95eEw,ASIAN KUNG-FU GENERATION Official YouTube Channel,608265861,789000,283
2025-11-28 05:20:00,UCZetZElUvdElPrcstRjl9DA,加藤純一ロードショー,413754029,509000,983
2025-11-28 05:20:00,UCx-QS9BIo_L_lx5dkpys1qw,ねこまんまのパチ•チャンネル,8139345,14300,170
2025-11-28 05:20:00,UCl_HfKfmxefUAVHPyJu0aCg,シュガーの宝舟,80220296,84300,1358
2025-11-28 05:20:00,UCoQhX2O93MVTWfgIz-8wOmg,KUNの50人クラフト,466416775,544000,1051
2025-11-28 05:20:00,UCWvr04hMa4k4wSilYcQ4qoA,キャベツの人【ゲーム紹介】,253374451,418000,974
2025-11-28 05:20:00,UC070fhnqq38qNhqHm5rxTcQ,令和ちゃんねる,428713479,506000,3629
2025-11-28 05:20:00,UCqMRVBz-hhSFRuqlL1guqig,あひるだっく,52151577,128000,89
2025-11-28 05:20:00,UChhKBlh_wvspTh5n4mL0b5g,BOYNEXTDOOR,1166800131,2070000,2201
2025-11-28 05:20:00,UCUW6U6iOrntB0jw6-AbQo8g,RED Games,250784769,210000,3572
2025-11-28 05:20:00,UCB_qr75-ydFVKSF9Dmo6izg,FORMULA 1,8872795883,13700000,9410
2025-11-28 05:20:00,UCvaTdHTWBGv3MKj3KVqJVCw,Okayu Ch. 猫又おかゆ,626491070,2060000,1593
2025-11-28 05:20:00,UCpT4syVopfBl2bATVfAt65g,澤野弘之 / SawanoHiroyuki[nZk],51785889,4100,22
2025-11-28 05:20:00,UC1DCedRgGHBdm81E1llLhOQ,Pekora Ch. 兎田ぺこら,1013000469,2740000,2345
2025-11-28 05:20:00,UCylNKKCfPMm8ROXasQWTonA,響咲リオナの足,3368472,7180,129
2025-11-28 05:20:00,UCOXOcEbERAwGlE4ig9MaLSQ,夜勤明けパチンコパチスロ実践記,275784241,166000,1623
2025-11-28 05:20:00,UCOVLrBaOiMH5QDKXTycZ8Pw,やっちゃんの崖っぷちスロパチ生活,699069208,326000,5206
2025-11-28 05:20:00,UCL7VEatXa9yBCKeM-ww8TnA,NX☆くさあん,208613284,238000,3564
2025-11-28 05:20:00,UC6qVAJzxF5kSN_UUFSdODiQ,MAZZEL - Topic,19399097,8260,57
2025-11-28 05:20:00,UC1FQWQ3y3-e8l1pCtWhJt5A,Vaundy,2295815134,2430000,226
2025-11-28 05:20:00,UCfkXDY7vwkcJ8ddFGz8KusA,SEVENTEEN,7797609294,16200000,3291
2025-11-28 05:20:00,UC0wuDDYK-QTwneeZ6x6pPbw,777パチガブチャンネル,345356381,432000,2938
2025-11-28 05:20:00,UC9zY_E8mcAo_Oq772LEZq8Q,THE FIRST TAKE,6265448119,11500000,1531
2025-11-28 05:20:00,UCy0DH4rgPPjDWVZO7wibcSQ,めめんともり,352095737,335000,468
2025-11-28 05:20:00,UCd9BXPj-KcMTh0HiB-Vlb8A,モンスト（モンスターストライク）公式,1160707831,1550000,4581
2025-11-28 05:20:00,UCcg_rvE-fU2tATMwBAxW9bA,ヤングスキニー,149492671,239000,605
2025-11-28 05:20:00,UCOTR1tcOAhjgi6YukrPpZxg,まふまふちゃんねる,2481899158,3610000,511
2025-11-28 05:20:00,UCpGpA7mSYmNJjLiJxKso5QA,しもふりチューブ,1783660691,2160000,3023
2025-11-28 05:20:00,UCx1nAvtVDIsaGmCMSe8ofsQ,加藤純一【jun channel】,1137706595,1280000,1836
2025-11-28 05:20:00,UCeA0fcfLVewbuD7H5YsrpdA,ライキジョーンズ,118907320,146000,3390
2025-11-28 05:20:00,UC-ifW8mHzfsZVGHY8vxqrjA,A.B.C-Z,59464169,54600,437
2025-11-28 05:20:00,UCXURHJRGr4-EB3l87kcbElw,NCT DREAM,2300999800,7000000,1318
2025-11-28 05:20:00,UCjJmYy279ehSYSwR1A3fXtA,マグロヘッド,394485098,735000,1754
2025-11-28 05:20:00,UCILZFnKZJksR7zwhZbAB4vw,れじぇくん,1503308399,1170000,1428
2025-11-28 05:20:00,UC3NrSfe_yR5XX9zGFxYoV1Q,HIRAIDAI - Topic,281495040,3400,415
2025-11-28 05:20:00,UCJnL-TBcsYrF2SLs7tmiC8Q,tripleS official,697072588,2880000,3062
2025-11-28 05:20:00,UCwJYQvXHtNn1c7RqED4E7MA,パンダドラゴン,44018394,92300,533
2025-11-28 05:20:00,UCYA14rrNjvQq_P_YSNeJHgA,スロライブ,90048209,46500,896
2025-11-28 05:20:00,UCgmFrRcyH7d1zR9sIVQhFow,ローレン・イロアス / Lauren Iroas【にじさんじ】,397260425,954000,1050
2025-11-28 05:20:00,UCeTo4Eh0TzpKbUL4vGQZ73A,LEX *,4622534,1280,14
2025-11-28 05:20:00,UCNVIo0UJXTdEnsRkCB9Q03w,ILLIT - Topic,565875683,57700,59
2025-11-28 05:20:00,UC_ntXHv-XdKCD7CPynVvnQw,Bandai Namco Entertainment America,615703805,1460000,3570
2025-11-28 05:20:00,UCWXDEaOxoT8gkk83ZEB5Onw,TP ZONE,1457232,13100,86
2025-11-28 05:20:00,UCzRzPAT-AjlPyec5yXG974g,カワノKawano,208412962,185000,1323
2025-11-28 05:20:00,UCRDJ3DN-6ND_a4LSJ35L91A,立川ちゃんねる,106633506,107000,639
2025-11-28 05:20:00,UC5vqbtNnbOF2h7A_xlrIPUw,ぽっぴんず,917041262,630000,1053
2025-11-28 05:20:00,UCHVkYOT63gAz5yTxjo68_Ng,家スロットゲームパンダ’s ROOM@琉球🐼🪸,1227156,1680,76
2025-11-28 05:20:00,UCMJiPpN_09F0aWpQrgbc_qg,キヨ。,6533135245,5490000,3083
2025-11-28 05:20:00,UCkv76wCrBDQNn7ctcbn6Qeg,Nissy - Topic,93482979,26400,192
2025-11-28 05:20:00,UCAVR6Q0YgYa8xwz8rdg9Mrg,原神-Genshin-公式,784190206,2100000,2022
2025-11-28 05:20:00,UCEfbtVOJgicdHjs5HzOzJlA,ぱち・スロ部,3673885,1770,303
2025-11-28 05:20:00,UChVflUz2J_jaaqYjXqvpmQA,iLiFE!【あいらいふ】,248908736,486000,535
2025-11-28 05:20:00,UC8_Ag6BVp43Vmrx6eillK9g,Vaundy - Topic,910318715,2190,110
2025-11-28 05:20:00,UCENoC6MLc4pL-vehJyzSWmg,もこうの実況,1736532998,1600000,5789
2025-11-28 05:20:00,UCFQu6Q-9LAS3KoEuRDNkzGA, ニート部,659410890,680000,3213
2025-11-28 05:20:00,UCN7_YMtKaUiizHpw77XLVcw,EXILE,188703738,14800,312
2025-11-28 05:20:00,UCiZqWVAeChfqlom5ZPR3ZJA,NCT WISH,630033332,1140000,1126
2025-11-28 05:20:00,UCtwTCZuQkTIwUf5m9mlZnOQ,Release - Topic,27370,53,7
2025-11-28 05:20:00,UCTgIFU4_hG6aA7VfWS8blQg,1GAME TV パチンコパチスロ実践動画,737231553,667000,1414
2025-11-28 05:20:00,UCIJAlAYCNN8RACtDDsy9K6g,Novelbright,652756465,733000,319
2025-11-28 05:20:00,UCtKBQ2BYD76GiJvcpZOBorg,えいま,11417074,13500,346
2025-11-28 05:20:00,UCu2Fxqf37DAZ0ZhIsd1FZwA,Capcom Fighters JP,263206267,257000,3909
2025-11-28 05:20:00,UCs8nP5mUR3pwJmgixsul8Hw,Saucy Dog,503080790,860000,120
2025-11-28 05:20:00,UCzXjPL7zo0bxhOYDxLJ9YEg,ポッキー,4097303091,3750000,4360
2025-11-28 05:20:00,UCKU0SVkIPRqwiZaXJ9rXhdw,シュート。,216576858,256000,2338
2025-11-28 05:20:00,UCjcYYjM16TFOPXDjWgzHiHA,超覚醒てえんだ「スロパチ生放送」,87392369,140000,571
2025-11-28 05:20:00,UCu3kfiUaK7MmkQ40omEpGyQ,ナナ色チャンネル,4733785,8440,85
2025-11-28 05:20:00,UC0ux2IFOXkj6ifQ4aSs9l7Q,大月【おおつき】,14847403,17500,1219
2025-11-28 05:20:00,UCqq-ovGE01ErlXakPihhKDA,1theK Originals - 원더케이 오리지널,2010488974,2510000,3586
2025-11-28 05:20:00,UCFuugQScqDfJcsOEWbL1_tg,Gero Channel,209118582,551000,167
2025-11-28 05:20:00,UCBLGjbYv6-xxju1i44RjnnA,明透 -ᴀsᴜ-,132564670,625000,494
2025-11-28 05:20:00,UCH-lygWpHodDff3iQurnWnQ,加藤純一切り抜き集,1719397232,580000,5441
2025-11-28 05:20:00,UC4YT50DP7hbMsor8FmyEPMw,Victor Entertainment,1490097112,1070000,4975
2025-11-28 05:20:00,UCX7YkU9nEeaoZbkVLVajcMg,にじさんじ,1072107569,1870000,2824
2025-11-28 05:20:00,UCj4PjeVMnNTHIR5EeoNKPAw,ドズル社,4908810074,2570000,10214
2025-11-28 05:20:00,UCMzLWawc9x3rUsqYDEfgqzA,ジャック・オ・蘭たん,713106242,649000,1888
2025-11-28 05:20:00,UCXqWKjzm2YMH6Bs7rAmsKFw,福本大晴,7574219,89600,146
2025-11-28 05:20:00,UCvo8JUqHh2d1QGnK3LKyI4Q,ポケモンユナイト公式チャンネル,31965014,139000,467
2025-11-28 05:20:00,UCHghNZNbV-CPbb_f3FslObw,がんばるぴえんちゃんパチンコ日記,80552064,100000,1534
2025-11-28 05:20:00,UCyTaStlK0neSuKveYOIioaw,ぐんぐにるチャンネル,275117774,426000,447
2025-11-28 05:20:00,UCCzUftO8KOVkV4wQG1vkUvg,Marine Ch. 宝鐘マリン,2033880549,4260000,1560
2025-11-28 05:20:00,UCZ1xuCK1kNmn5RzPYIZop3w,リゼ・ヘルエスタ -Lize Helesta-,299371442,957000,1090
2025-11-28 05:20:00,UCdkVEDVAW5aFmA-Mkz0lAFQ,ひたまゆ。,466742954,410000,2795
2025-11-28 05:20:00,UC3ruCdV7xnwAbpkW9tQq-6A,のーわん【NoOnE】,419620378,409000,1206
2025-11-28 05:20:00,UCwF6o6cF7BMTY1-OZ7ZUY7Q,フォートナイト 公式,271008439,411000,586
2025-11-28 05:20:00,UCMR5xpbhv3jzIQG1TOTg-Jg,B'z - Topic,290827940,3870,678
2025-11-28 05:20:00,UCDbUUremwf8k1x1GTYfB1Ng,ニート部クラフト,20469029,97400,126
2025-11-28 05:20:00,UCUzpZpX2wRYOk3J8QTFGxDg,乃木坂46 OFFICIAL YouTube CHANNEL,1610447858,1730000,1168
2025-11-28 05:20:00,UCrKna8EQAd7NPRYq-gIsuow,ホロライ部【ホロライブ切り抜き】,70256158,37900,614
2025-11-28 05:20:00,UCL72kYW8XK4R61kp1R9K69Q,しろ,354836073,376000,2278
2025-11-28 05:20:00,UC8rk-fIWJXYlSF8tkfG9wWg,天色鮫,66660546,192000,132
2025-11-28 05:20:00,UCc-PPk-lNe34JaWCcJQCL0g,ドコムスチャンネル,541441980,594000,2024
2025-11-28 05:20:00,UChn5TjkeEqd-JxzizMVSkOw,ハヤトの野望,1035793942,1510000,2418
2025-11-28 05:20:00,UC_vMYWcDjmfdpH6r4TTn1MQ,Iroha ch. 風真いろは - holoX -,263260463,1130000,1055
2025-11-28 05:20:00,UC3VId8brfshtHO6gMMqnZ5A,FLOW GLOW - Topic,405219,2190,5
2025-11-28 05:20:00,UCSFCh5NL4qXrAy9u-u2lX3g,Kuzuha Channel,1427835289,2100000,2823
2025-11-28 05:20:00,UCZMRuagdTBKmmrFtSMN48Xw,牛沢,2666044649,1800000,3741
2025-11-28 05:20:00,UC3IZKseVpdzPSBaWxBxundA,HYBE LABELS,42540481240,79100000,2930
2025-11-28 05:20:00,UCENwRMx5Yh42zWpzURebzTw,Laplus ch. ラプラス・ダークネス - holoX -,400161796,1450000,918
2025-11-28 05:20:00,UCtceiniicYEsbAVuWy-Bi0Q,ドラゴンクエストウォーク公式,50539317,181000,160
2025-11-28 05:20:00,UCYLp2FLXcqLUZhvrCxQmNIA,胡桃沢りりか,41082046,100000,2573
2025-11-28 05:20:00,UCkKj-SiKyiFkj_dO1vmY3gA,加藤純一RECORDS,5280513,29300,82
2025-11-28 05:20:00,UCYe_uTI6X6mm9qaXm8iWFDg,ノッチ配信者パチンコライブ,269135751,125000,2728
2025-11-28 05:20:00,UCHzevlEL9JfsBIm86uNCJqg,宮野真守,79523549,449000,329
2025-11-28 05:20:00,UCdVD0MsYecQaIE5Ru-pOIQQ,RIIZE,1025713566,1870000,1387
2025-11-28 05:20:00,UCaO6TYtlC8U5ttz62hTrZgg,JYP Entertainment,26033965531,31500000,2641
2025-11-28 05:20:00,UC8Qwnts13zIh2EYUCau6m3w,ONE N' ONLY TV,112267072,214000,795
2025-11-28 05:20:00,UC9rMiEjNaCSsebs31MRDCRA,Stray Kids,9673395528,22200000,1881
2025-11-28 05:20:00,UC-hM6YJuNYVAmUWxeIr9FeA,Miko Ch. さくらみこ,898573579,2460000,2043
2025-11-28 05:20:00,UCDBdcJ3JIg2sjDg8QR3xp-g,Iyowa - Topic,65762694,31300,88
2025-11-28 05:20:00,UCPJCP_fon2mOMfibbBPUOYw,SAWAYAN GAMES / サワヤン ゲームズ,1299417555,2070000,3418
2025-11-28 05:20:00,UCLrYavXppY_4oRfquHk9VQg,HAGANE,14455474,75100,143
2025-11-28 05:20:00,UCS57xc1Bf-znC9_ouCc3SZw,佐野元春 - DaisyMusic,50511392,77700,163
2025-11-28 05:20:00,UCBhPDpv9JavoPADrZcsAC2A,あらき-ARAKI Official,320679686,489000,260
2025-11-28 05:20:00,UCHD1jo5RhijLfx5-0Ehe_cg,&TEAM,466813545,1320000,1412
2025-11-28 05:20:00,UCy2IDlWr4fbdO2dbka98bSg,HACHI - Topic,18794978,625,60
2025-11-28 05:20:00,UCEf_Bc-KVd7onSeifS3py9g,SMTOWN,32615202386,33500000,4642
2025-11-28 05:20:00,UCv2ejD5B1xOYtGB2cf80B8g,Netflix Japan,1983627665,2310000,7766
2025-11-28 05:20:00,UCGc93NguHRwzv1Rw9MyIcxQ,鳴潮 (Wuthering Waves)公式,104311352,345000,466
2025-11-28 05:20:00,UCOfESRUR5duQ2hMnTQ4oqhA,BUMP OF CHICKEN,1637208579,1590000,165
2025-11-28 05:20:00,UCMF_5h2OejEhVorTB02UUSg,MAZZEL,243792578,286000,722
2025-11-28 05:20:00,UCOjkVJQcjtWnpf0-1ft4brA,ゆっくりむちゃたぬき,210233791,353000,423
2025-11-28 05:20:00,UCXEo7JprZQGCPkezcZylHlQ,黒炭酸,152562872,202000,1757
2025-11-28 05:20:00,UCsoW5-5KCPFAZwfGU-POUvA,まじめにヤバシティ,61636831,390000,306
2025-11-28 05:20:00,UCdCC1L_OxLrkoEjR19iXpRw,パチスロードch,136260114,75700,816
2025-11-28 05:20:00,UC56x--_QtyaWD1QptYrPMqA,刀剣乱舞 公式チャンネル,9571480,131000,116
2025-11-28 05:20:00,UCC4xWbcBVn-tHgchhrdmFpg,Jinmenusagi,10080853,32800,81
2025-11-28 05:20:00,UC7wu64jFsV02bbu6UHUd7JA,ガンダムチャンネル,412705070,1670000,1657
2025-11-28 05:20:00,UCmovZ2th3Sqpd00F5RdeigQ,加賀美 ハヤト/Hayato Kagami,332409391,921000,1522
2025-11-28 05:20:00,UCtyXllCXnTAg4rjfI3UwIgA,しょうちゃんネル,301997947,138000,1548
2025-11-28 05:20:00,UCJxxoli_XbupD8SK_TtytAQ,バンダイナムコ アミューズメントユニット公式チャンネル,90338539,118000,1604
2025-11-28 05:20:00,UCxIK6x6sG7Ln5vjjPYpgeAw,Chogakusei Official,674277867,1010000,564
2025-11-28 05:20:00,UCZVVCZwOpCbDXB84SDqWixQ,Lil Shady,56319498,284000,97
2025-11-28 05:20:00,UC6SmH9mR82nj28_NNg_rZvA,スクウェア・エニックス,1173462261,1090000,10987
2025-11-28 05:20:00,UC15ebOqdhmvl1eb0s0jk5aw,戦極MCBATTLE,1332979753,847000,5386
2025-11-28 05:20:00,UCeuNlK0yX-6_4930q0JUGNw,白瀬,414566759,183000,2094
2025-11-28 05:20:00,UCfipDDn7wY-C-SoUChgxCQQ,葉山舞鈴 / Ohayama Ch.,88127302,600000,1342
2025-11-28 05:20:00,UCTEQRq53fm5tw-3vJ1HLUCw,MAY'S - Topic,4428275,710,309
2025-11-28 05:20:00,UCvzGlP9oQwU--Y0r9id_jnA,Subaru Ch. 大空スバル,581341281,1950000,1897
2025-11-28 05:20:00,UC5nxCVEWQLLfkPuMylpkYkA,ロス,123613887,487000,68
2025-11-28 05:20:00,UC9llDCAObCbGpsaa66fClKw,ユニバーサル・ピクチャーズ公式,642330480,375000,1443
2025-11-28 05:20:00,UC6H_7uSepAzrlayBjAb9rrg,WurtS - Topic,69151593,698,82
2025-11-27 00:40:37,UCwJYQvXHtNn1c7RqED4E7MA,パンダドラゴン,44018394,92300,533
2025-11-27 00:40:37,UCZetZElUvdElPrcstRjl9DA,加藤純一ロードショー,413351485,509000,982
2025-11-27 00:40:37,UCu2Fxqf37DAZ0ZhIsd1FZwA,Capcom Fighters JP,262400008,257000,3907
2025-11-27 00:40:37,UC070fhnqq38qNhqHm5rxTcQ,令和ちゃんねる,428434108,506000,3626
2025-11-27 00:40:37,UC_DopZ9OANqNGho0wFwADqA,けいちゃん / Keichan,502697517,1270000,606
2025-11-27 00:40:37,UCooVYzDxdwTtGYAkcPmOgOw,Brawl Stars,4004541024,23200000,370
2025-11-27 00:40:37,UCX7YkU9nEeaoZbkVLVajcMg,にじさんじ,1071857867,1870000,2823
2025-11-27 00:40:37,UCoQhX2O93MVTWfgIz-8wOmg,KUNの50人クラフト,465752151,543000,1048
2025-11-27 00:40:37,UCOfESRUR5duQ2hMnTQ4oqhA,BUMP OF CHICKEN,1637208579,1590000,165
2025-11-27 00:40:37,UCXeTnWiRoifoHHEzSyR5Ogg,パチンコ・パチスロ必勝ガイドチャンネル,52764469,86300,1324
2025-11-27 00:40:37,UCqMRVBz-hhSFRuqlL1guqig,あひるだっく,52092416,128000,89
2025-11-27 00:40:37,UCYe_uTI6X6mm9qaXm8iWFDg,ノッチ配信者パチンコライブ,268791622,125000,2727
2025-11-27 00:40:37,UCy9GuRXGTm8TliQ-OJ7KwzA,【V.I.P】,978506983,979000,2495
2025-11-27 00:40:37,UCAWxPGGuIfWME2KTLUmSCHw,ぱかチューブっ!【ウマ娘公式】,516010480,1310000,1287
2025-11-27 00:40:37,UCcg_rvE-fU2tATMwBAxW9bA,ヤングスキニー,149392027,238000,603
2025-11-27 00:40:37,UCzRzPAT-AjlPyec5yXG974g,カワノKawano,208043598,184000,1322
2025-11-27 00:40:37,UCtPyU9cJgvvgH03PQKgaucA,ファミ通TUBE,183049444,208000,8153
2025-11-27 00:40:37,UCdMGYXL38w6htx6Yf9YJa-w,プロジェクトセカイ カラフルステージ! feat. 初音ミク,2003481748,2060000,1907
2025-11-27 00:40:37,UC14QT5j2nQI8lKBCGtrrBQA,アニプレックス チャンネル,4305419674,3720000,15436
2025-11-27 00:40:37,UC0ux2IFOXkj6ifQ4aSs9l7Q,大月【おおつき】,14755460,17500,1218
2025-11-27 00:40:37,UCeTo4Eh0TzpKbUL4vGQZ73A,LEX *,4529834,1280,14
2025-11-27 00:40:37,UCMzLWawc9x3rUsqYDEfgqzA,ジャック・オ・蘭たん,712569541,648000,1888
2025-11-27 00:40:37,UCyTaStlK0neSuKveYOIioaw,ぐんぐにるチャンネル,275072390,426000,447
2025-11-27 00:40:37,UC6H_7uSepAzrlayBjAb9rrg,WurtS - Topic,69060265,698,82
2025-11-27 00:40:37,UChhKBlh_wvspTh5n4mL0b5g,BOYNEXTDOOR,1166800131,2060000,2200
2025-11-27 00:40:37,UCzXjPL7zo0bxhOYDxLJ9YEg,ポッキー,4096874901,3750000,4360
2025-11-27 00:40:37,UCx-QS9BIo_L_lx5dkpys1qw,ねこまんまのパチ•チャンネル,7980136,14200,167
2025-11-27 00:40:37,UCZ1xuCK1kNmn5RzPYIZop3w,リゼ・ヘルエスタ -Lize Helesta-,299263684,957000,1090
2025-11-27 00:40:37,UCZMRuagdTBKmmrFtSMN48Xw,牛沢,2665237130,1800000,3740
2025-11-27 00:40:37,UC3ruCdV7xnwAbpkW9tQq-6A,のーわん【NoOnE】,419227849,409000,1206
2025-11-27 00:40:37,UC3NrSfe_yR5XX9zGFxYoV1Q,HIRAIDAI - Topic,281229302,3400,415
2025-11-27 00:40:37,UC8eq3M3Yft3FUgxEX6lOZMg,chotokkyu - Topic,35769873,577,486
2025-11-27 00:40:37,UCVh47EKH9VLresRqiYi9txw,Mili,608668101,1010000,117
2025-11-27 00:40:37,UCHazKLThRbMyMFu2bVAKhng,ウォーターチャレンジ,3130243899,3150000,2181
2025-11-27 00:40:37,UCZVVCZwOpCbDXB84SDqWixQ,Lil Shady,56239923,284000,97
2025-11-27 00:40:37,UCHp2q2i85qt_9nn2H7AvGOw,NiziU Official,1563277157,2290000,2504
2025-11-27 00:40:37,UCvaTdHTWBGv3MKj3KVqJVCw,Okayu Ch. 猫又おかゆ,626491070,2060000,1592
2025-11-27 00:40:37,UC8rk-fIWJXYlSF8tkfG9wWg,天色鮫,66592457,192000,132
2025-11-27 00:40:37,UCBhPDpv9JavoPADrZcsAC2A,あらき-ARAKI Official,320679686,489000,260
2025-11-27 00:40:37,UC1DqlLj1onQhBfxW81OgQTw,GLAY,732544767,541000,884
2025-11-27 00:40:37,UCHvFSU5OP6c7QcJxIr87YtA,ウタエル Utael,446316043,582000,903
2025-11-27 00:40:37,UCS57xc1Bf-znC9_ouCc3SZw,佐野元春 - DaisyMusic,50511392,77700,163
2025-11-27 00:40:37,UC1DCedRgGHBdm81E1llLhOQ,Pekora Ch. 兎田ぺこら,1012567289,2740000,2342
2025-11-27 00:40:37,UCt09C9DPSuOGpHoitbcyCIQ,ゼンレスゾーンゼロ-ZZZ-公式,229813205,754000,429
2025-11-27 00:40:37,UCdVD0MsYecQaIE5Ru-pOIQQ,RIIZE,1015326967,1870000,1382
2025-11-27 00:40:37,UCdszfKemUn36sOEplfkiGVQ,GPV LABEL,3010003,5350,90
2025-11-27 00:40:37,UC9zY_E8mcAo_Oq772LEZq8Q,THE FIRST TAKE,6261501950,11500000,1529
2025-11-27 00:40:37,UCqeAYB1DMzfM-hG-Up52yNQ,つるおかかものはし,371359176,387000,3610
2025-11-27 00:40:37,UCGjV4bsC43On-YuiLZcfL0w,KUN,3389035363,1660000,11232
2025-11-27 00:40:37,UChUjERVG8eKEAJSCef-tTmg,k4sen / かせん,718133831,1020000,3063
2025-11-27 00:40:37,UClNdVSK1uy2xFHTaXZYXopw,らっだぁ,1818594075,1450000,2341
2025-11-27 00:40:37,UCXEo7JprZQGCPkezcZylHlQ,黒炭酸,152370607,202000,1757
2025-11-27 00:40:37,UCkVvAm5jb62IMIJQj4wPVGA,TMSアニメ公式チャンネル,379265333,898000,1146
2025-11-27 00:40:37,UC15ebOqdhmvl1eb0s0jk5aw,戦極MCBATTLE,1332572110,847000,5383
2025-11-27 00:40:37,UC5vqbtNnbOF2h7A_xlrIPUw,ぽっぴんず,916718072,630000,1053
2025-11-27 00:40:37,UCdCC1L_OxLrkoEjR19iXpRw,パチスロードch,135958194,75700,815
2025-11-27 00:40:37,UCdkVEDVAW5aFmA-Mkz0lAFQ,ひたまゆ。,466569140,410000,2793
2025-11-27 00:40:37,UCv7VutirxDn3RWIJXI68n_A,＝LOVE（イコールラブ）公式チャンネル,466225819,556000,474
2025-11-27 00:40:37,UCtKBQ2BYD76GiJvcpZOBorg,えいま,11412217,13500,346
2025-11-27 00:40:37,UCOXOcEbERAwGlE4ig9MaLSQ,夜勤明けパチンコパチスロ実践記,275621078,166000,1623
2025-11-27 00:40:37,UCFvSFbT8okMrpuFxBEIB2lg,M!LK,89927468,10400,243
2025-11-27 00:40:37,UCgmFrRcyH7d1zR9sIVQhFow,ローレン・イロアス / Lauren Iroas【にじさんじ】,396892908,953000,1048
2025-11-27 00:40:37,UC7wu64jFsV02bbu6UHUd7JA,ガンダムチャンネル,412502039,1670000,1654
2025-11-27 00:40:37,UCjcYYjM16TFOPXDjWgzHiHA,超覚醒てえんだ「スロパチ生放送」,87303765,140000,571
2025-11-27 00:40:37,UC1FQWQ3y3-e8l1pCtWhJt5A,Vaundy,2295815134,2430000,226
2025-11-27 00:40:37,UCDwcZ85zjLKD-3-jqlv1wQQ,アンジュルム,213864061,229000,370
2025-11-27 00:40:37,UCxIK6x6sG7Ln5vjjPYpgeAw,Chogakusei Official,674113985,1010000,564
2025-11-27 00:40:37,UC6qVAJzxF5kSN_UUFSdODiQ,MAZZEL - Topic,19285446,8260,57
2025-11-27 00:40:37,UCENwRMx5Yh42zWpzURebzTw,Laplus ch. ラプラス・ダークネス - holoX -,399675087,1450000,917
2025-11-27 00:40:37,UCYA14rrNjvQq_P_YSNeJHgA,スロライブ,89912824,46500,895
2025-11-27 00:40:37,UCOTR1tcOAhjgi6YukrPpZxg,まふまふちゃんねる,2481479816,3610000,511
2025-11-27 00:40:37,UC7aYDbAOIKIMt25ENfJ68Qw,ルカ,118706200,120000,2126
2025-11-27 00:40:37,UCJy7zfLsKBXoo2soFMum7JQ,あかさかの箱,1290432566,2620000,2688
2025-11-27 00:40:37,UCvo8JUqHh2d1QGnK3LKyI4Q,ポケモンユナイト公式チャンネル,31957122,139000,467
2025-11-27 00:40:37,UCB_qr75-ydFVKSF9Dmo6izg,FORMULA 1,8868120810,13700000,9407
2025-11-27 00:40:37,UC6FadPgGviUcq6VQ0CEJqdQ,Juice=Juice,163770158,250000,280
2025-11-27 00:40:37,UCpGpA7mSYmNJjLiJxKso5QA,しもふりチューブ,1783234955,2160000,3021
2025-11-27 00:40:37,UCXqWKjzm2YMH6Bs7rAmsKFw,福本大晴,7285544,89600,145
2025-11-27 00:40:37,UCylNKKCfPMm8ROXasQWTonA,響咲リオナの足,3252151,6940,124
2025-11-27 00:40:37,UCrKna8EQAd7NPRYq-gIsuow,ホロライ部【ホロライブ切り抜き】,70059191,37800,614
2025-11-27 00:40:37,UCL7VEatXa9yBCKeM-ww8TnA,NX☆くさあん,208509168,238000,3562
2025-11-27 00:40:37,UCqQNCRSihFHVsXrDikNeYSg,げまじょが好き【にじさんじEXゲマズ切り抜き】,4562810,2350,118
2025-11-27 00:40:37,UCj4PjeVMnNTHIR5EeoNKPAw,ドズル社,4902232621,2570000,10212
2025-11-27 00:40:37,UCCzUftO8KOVkV4wQG1vkUvg,Marine Ch. 宝鐘マリン,2033880549,4260000,1560
2025-11-27 00:40:37,UCIJAlAYCNN8RACtDDsy9K6g,Novelbright,652756465,733000,319
2025-11-27 00:40:37,UCeA0fcfLVewbuD7H5YsrpdA,ライキジョーンズ,118818550,146000,3390
2025-11-27 00:40:37,UCdPCarwi28K5Z7s5l2nMiLw,Uru Official YouTube Channel,901097541,1180000,296
2025-11-27 00:40:37,UChn5TjkeEqd-JxzizMVSkOw,ハヤトの野望,1035273674,1510000,2417
2025-11-27 00:40:37,UC3J-txytRWiRtNXrLS95eEw,ASIAN KUNG-FU GENERATION Official YouTube Channel,608265861,788000,282
2025-11-27 00:40:37,UC56x--_QtyaWD1QptYrPMqA,刀剣乱舞 公式チャンネル,9539808,131000,116
2025-11-27 00:40:37,UCvzGlP9oQwU--Y0r9id_jnA,Subaru Ch. 大空スバル,581212274,1950000,1895
2025-11-27 00:40:37,UCPVr7clenPjpD7WNsSI3UBQ,レトルト,2878966659,2590000,3850
2025-11-27 00:40:37,UCtyXllCXnTAg4rjfI3UwIgA,しょうちゃんネル,300738637,138000,1547
2025-11-27 00:40:37,UCs8nP5mUR3pwJmgixsul8Hw,Saucy Dog,503080790,860000,121
2025-11-27 00:40:37,UCu3kfiUaK7MmkQ40omEpGyQ,ナナ色チャンネル,4617009,8320,83
2025-11-27 00:40:37,UC3VId8brfshtHO6gMMqnZ5A,FLOW GLOW - Topic,380802,2190,5
2025-11-27 00:40:37,UCSFCh5NL4qXrAy9u-u2lX3g,Kuzuha Channel,1426871249,2100000,2820
2025-11-27 00:40:37,UCYXmyrGUVL8tX7VEvo_DjPw,シャル@ツモらせ隊,83246778,178000,900
2025-11-27 00:40:37,UCH-lygWpHodDff3iQurnWnQ,加藤純一切り抜き集,1719047989,580000,5439
2025-11-27 00:40:37,UCpT4syVopfBl2bATVfAt65g,澤野弘之 / SawanoHiroyuki[nZk],51700285,3960,22
2025-11-27 00:40:37,UCkKj-SiKyiFkj_dO1vmY3gA,加藤純一RECORDS,5240810,29100,82
2025-11-27 00:40:37,UCEf_Bc-KVd7onSeifS3py9g,SMTOWN,32604384233,33500000,4641
2025-11-27 00:40:37,UCDbUUremwf8k1x1GTYfB1Ng,ニート部クラフト,20408585,97200,125
2025-11-27 00:40:37,UCLkAepWjdylmXSltofFvsYQ,BANGTANTV,26052132409,81700000,2935
2025-11-27 00:40:37,UCxWcO9CLti4uouUIS5IIF-Q,Nornis,59019055,228000,110
2025-11-27 00:40:37,UCjJmYy279ehSYSwR1A3fXtA,マグロヘッド,393970578,735000,1753
2025-11-27 00:40:37,UCBuLdF0tQn5oZjpvYWSQkaA,Liura Channel,92182018,206000,374
2025-11-27 00:40:37,UCHghNZNbV-CPbb_f3FslObw,がんばるぴえんちゃんパチンコ日記,80359809,100000,1531
2025-11-27 00:40:37,UCNVIo0UJXTdEnsRkCB9Q03w,ILLIT - Topic,564492320,57700,59
2025-11-27 00:40:37,UCHVkYOT63gAz5yTxjo68_Ng,家スロットゲームパンダ’s ROOM@琉球🐼🪸,1208167,1680,76
2025-11-27 00:40:37,UCHD1jo5RhijLfx5-0Ehe_cg,&TEAM,466813545,1320000,1408
2025-11-27 00:40:37,UCc-itdQHxLvUlPrDxIiSJrA,INI,748068954,653000,1268
2025-11-27 00:40:37,UC_vMYWcDjmfdpH6r4TTn1MQ,Iroha ch. 風真いろは - holoX -,262964239,1130000,1053
2025-11-27 00:40:37,UCLrYavXppY_4oRfquHk9VQg,HAGANE,14455474,74900,142
2025-11-27 00:40:37,UCmnZL4tFRl4sm-uJOxTLHmg,今日ポケch.,985785109,569000,1304
2025-11-27 00:40:37,UCAaGaynFpku5cAx6OOSrW-w,HoneyWorks OFFICIAL,1601855248,2850000,550
2025-11-27 00:40:37,UC9qSqkNFiByKzzoxT3Cydyw,Aiobahn,28036369,90100,14
2025-11-27 00:40:37,UCOjkVJQcjtWnpf0-1ft4brA,ゆっくりむちゃたぬき,210112850,352000,423
2025-11-27 00:40:37,UCMJiPpN_09F0aWpQrgbc_qg,キヨ。,6531537929,5480000,3083
2025-11-27 00:40:37,UCv2ejD5B1xOYtGB2cf80B8g,Netflix Japan,1982053787,2300000,7758
2025-11-27 00:40:37,UCYLp2FLXcqLUZhvrCxQmNIA,胡桃沢りりか,41002456,100000,2571
2025-11-27 00:40:37,UCPJCP_fon2mOMfibbBPUOYw,SAWAYAN GAMES / サワヤン ゲームズ,1299022989,2070000,3417
2025-11-27 00:40:37,UCfkXDY7vwkcJ8ddFGz8KusA,SEVENTEEN,7797609294,16200000,3277
2025-11-27 00:40:37,UCXURHJRGr4-EB3l87kcbElw,NCT DREAM,2300999800,7000000,1314
2025-11-27 00:40:37,UCof7dOTnyxaidkKkcIFuflQ,Mone Kamishiraishi - Topic,26275125,326,123
2025-11-27 00:40:37,UC9rMiEjNaCSsebs31MRDCRA,Stray Kids,9673395528,22200000,1879
2025-11-27 00:40:37,UCqKNMJ5s_vsf7WkesdBrvQA,IS:SUE,87680204,221000,769
2025-11-27 00:40:37,UCpYHkc4rzWEW7iVXIyxQebA,Hey! Say! JUMP - Topic,58891636,5080,738
2025-11-27 00:40:37,UCGc93NguHRwzv1Rw9MyIcxQ,鳴潮 (Wuthering Waves)公式,103289027,345000,465
2025-11-27 00:40:37,UC__iCxFigPdcry_UBv6sDGw,IO,16279732,38200,13
2025-11-27 00:40:37,UC4YT50DP7hbMsor8FmyEPMw,Victor Entertainment,1489698608,1070000,4972
2025-11-27 00:40:37,UCJnL-TBcsYrF2SLs7tmiC8Q,tripleS official,691134537,2880000,3056
2025-11-27 00:40:37,UCtwTCZuQkTIwUf5m9mlZnOQ,Release - Topic,15655,46,7
2025-11-27 00:40:37,UCeK22JmzkTMa69kZU9NEqsA,めじの【Vtuber応援隊】,31854678,15100,537
2025-11-27 00:40:37,UCUzpZpX2wRYOk3J8QTFGxDg,乃木坂46 OFFICIAL YouTube CHANNEL,1610447858,1730000,1168
2025-11-27 00:40:37,UCRDJ3DN-6ND_a4LSJ35L91A,立川ちゃんねる,106517662,107000,639
2025-11-27 00:40:37,UCFQu6Q-9LAS3KoEuRDNkzGA, ニート部,659051656,680000,3213
2025-11-27 00:40:37,UCMGvmEqkVbl372DCyn3NLAw,【吹いたら負け】葛葉先生のしくじり【切り抜き】,180526737,136000,978
2025-11-27 00:40:37,UC2NujFa5X09CdV0YCntmQDg,板橋ハウス,904835559,752000,2029
2025-11-27 00:40:37,UCcz2Y1yhR42UxbFwvPFGCmA,きっしー助六ちゃんねる,75804570,61500,940
2025-11-27 00:40:37,UCfipDDn7wY-C-SoUChgxCQQ,葉山舞鈴 / Ohayama Ch.,88056806,599000,1339
2025-11-27 00:40:37,UCx1nAvtVDIsaGmCMSe8ofsQ,加藤純一【jun channel】,1137353557,1280000,1834
2025-11-27 00:40:37,UCMR5xpbhv3jzIQG1TOTg-Jg,B'z - Topic,290233950,3870,678
2025-11-27 00:40:37,UCtceiniicYEsbAVuWy-Bi0Q,ドラゴンクエストウォーク公式,50338847,181000,160
2025-11-27 00:40:37,UCN7_YMtKaUiizHpw77XLVcw,EXILE,188549954,14700,308
2025-11-27 00:40:37,UCp_Az_oKu8-J5qIQpF35JbA,やわらちゃんねる,192967438,279000,862
2025-11-27 00:40:37,UCILZFnKZJksR7zwhZbAB4vw,れじぇくん,1503150752,1170000,1428
2025-11-27 00:40:37,UC9Lx-zRFGfpuls27tNAOIqA,マエスケ,1542232163,1830000,1138
2025-11-27 00:40:37,UCmovZ2th3Sqpd00F5RdeigQ,加賀美 ハヤト/Hayato Kagami,332409391,921000,1521
2025-11-27 00:40:37,UC5nxCVEWQLLfkPuMylpkYkA,ロス,123613887,487000,68
2025-11-27 00:40:37,UCHzevlEL9JfsBIm86uNCJqg,宮野真守,78718653,449000,329
2025-11-27 00:40:37,UCENoC6MLc4pL-vehJyzSWmg,もこうの実況,1736272748,1600000,5787
2025-11-27 00:40:37,UCtiObj3CsEAdNU6ZPWDsddQ,TOMORROW X TOGETHER OFFICIAL,3494513829,13100000,3041
2025-11-27 00:40:37,UCUW6U6iOrntB0jw6-AbQo8g,RED Games,250478782,209000,3569
2025-11-27 00:40:37,UCZwcUEEjD8RVzB-TAw1ts3g,Eden - Topic,4247351,1740,38
2025-11-27 00:40:37,UCFuugQScqDfJcsOEWbL1_tg,Gero Channel,209118582,551000,166
2025-11-27 00:40:37,UCMF_5h2OejEhVorTB02UUSg,MAZZEL,243792578,284000,721
2025-11-27 00:40:37,UCEfbtVOJgicdHjs5HzOzJlA,ぱち・スロ部,3670936,1770,303
2025-11-27 00:40:37,UC-_iQWdEZY66nGGaHH0Ygmg,僕が見たかった青空,52805973,122000,498
2025-11-27 00:40:37,UCKU0SVkIPRqwiZaXJ9rXhdw,シュート。,216524805,256000,2334
2025-11-27 00:40:37,UCWvr04hMa4k4wSilYcQ4qoA,キャベツの人【ゲーム紹介】,253195350,418000,973
2025-11-27 00:40:37,UCBA-kvU_zYdKreZbhhywX2Q,あいずちゃんねる,147762219,57400,803
2025-11-27 00:40:37,UCc-PPk-lNe34JaWCcJQCL0g,ドコムスチャンネル,540983918,593000,2023
2025-11-27 00:40:37,UCaO6TYtlC8U5ttz62hTrZgg,JYP Entertainment,26024673774,31500000,2639
2025-11-27 00:40:37,UCC4xWbcBVn-tHgchhrdmFpg,Jinmenusagi,9965654,32700,80
2025-11-27 00:40:37,UC3IZKseVpdzPSBaWxBxundA,HYBE LABELS,42525965792,79100000,2930
2025-11-27 00:40:37,UC8_Ag6BVp43Vmrx6eillK9g,Vaundy - Topic,908887607,2190,110
2025-11-27 00:40:37,UCy0DH4rgPPjDWVZO7wibcSQ,めめんともり,351780904,335000,468
2025-11-27 00:40:37,UCOVLrBaOiMH5QDKXTycZ8Pw,やっちゃんの崖っぷちスロパチ生活,698795746,326000,5204
2025-11-27 00:40:37,UChVflUz2J_jaaqYjXqvpmQA,iLiFE!【あいらいふ】,246311299,485000,533
2025-11-27 00:40:37,UC8Qwnts13zIh2EYUCau6m3w,ONE N' ONLY TV,112267072,214000,794
2025-11-27 00:40:37,UCOx-oLP9tOhiYwSK_m-yVxA,オモコロチャンネル,618321757,473000,1144
2025-11-27 00:40:37,UCM3yhFc0-fBFuvqx1Vg2YNQ,まいぜんシスターズ,7171218264,3180000,1860
2025-11-27 00:40:37,UC-ifW8mHzfsZVGHY8vxqrjA,A.B.C-Z,59464169,54600,437
2025-11-27 00:40:37,UC-hM6YJuNYVAmUWxeIr9FeA,Miko Ch. さくらみこ,889625882,2460000,2043
2025-11-27 00:40:37,UCDhOdoqPxv96djR3tSq9NoA,ショコラ大佐の秘密基地,148514604,138000,1745
2025-11-27 00:40:37,UCH4yRBPH2pDUjPeqomx8CTQ,てるとくん,548470164,1330000,1894
2025-11-27 00:40:37,UCrQUlOEbu-0T0l4DAcBEeIg,pizzaofdeathofficial,408137708,332000,372
2025-11-27 00:40:37,UC_ntXHv-XdKCD7CPynVvnQw,Bandai Namco Entertainment America,615539104,1460000,3566
2025-11-27 00:40:37,UC6SmH9mR82nj28_NNg_rZvA,スクウェア・エニックス,1173185129,1090000,10984
2025-11-26 13:48:00,UCEf_Bc-KVd7onSeifS3py9g,SMTOWN,32601374258,33500000,4640
2025-11-26 13:48:00,UCKU0SVkIPRqwiZaXJ9rXhdw,シュート。,216489823,256000,2334
2025-11-26 13:48:00,UCBuLdF0tQn5oZjpvYWSQkaA,Liura Channel,92139442,206000,374
2025-11-26 13:48:00,UCjcYYjM16TFOPXDjWgzHiHA,超覚醒てえんだ「スロパチ生放送」,87277250,140000,571
2025-11-26 13:48:00,UCLrYavXppY_4oRfquHk9VQg,HAGANE,14455474,74800,141
2025-11-26 13:48:00,UCENoC6MLc4pL-vehJyzSWmg,もこうの実況,1736173730,1600000,5786
2025-11-26 13:48:00,UCeA0fcfLVewbuD7H5YsrpdA,ライキジョーンズ,118778430,146000,3389
2025-11-26 13:48:00,UC8rk-fIWJXYlSF8tkfG9wWg,天色鮫,66562544,192000,132
2025-11-26 13:48:00,UCYXmyrGUVL8tX7VEvo_DjPw,シャル@ツモらせ隊,83196304,178000,899
2025-11-26 13:48:00,UCj4PjeVMnNTHIR5EeoNKPAw,ドズル社,4900034217,2570000,10209
2025-11-26 13:48:00,UCILZFnKZJksR7zwhZbAB4vw,れじぇくん,1503069264,1170000,1428
2025-11-26 13:48:00,UC15ebOqdhmvl1eb0s0jk5aw,戦極MCBATTLE,1332434553,847000,5381
2025-11-26 13:48:00,UCfipDDn7wY-C-SoUChgxCQQ,葉山舞鈴 / Ohayama Ch.,88016924,599000,1339
2025-11-26 13:48:00,UC5vqbtNnbOF2h7A_xlrIPUw,ぽっぴんず,916578477,630000,1052
2025-11-26 13:48:00,UC1FQWQ3y3-e8l1pCtWhJt5A,Vaundy,2295815134,2430000,226
2025-11-26 13:48:00,UCDbUUremwf8k1x1GTYfB1Ng,ニート部クラフト,20381415,97000,125
2025-11-26 13:48:00,UChVflUz2J_jaaqYjXqvpmQA,iLiFE!【あいらいふ】,246311299,485000,531
2025-11-26 13:48:00,UCH4yRBPH2pDUjPeqomx8CTQ,てるとくん,548320450,1330000,1893
2025-11-26 13:48:00,UCCzUftO8KOVkV4wQG1vkUvg,Marine Ch. 宝鐘マリン,2033880549,4260000,1560
2025-11-26 13:48:00,UC_vMYWcDjmfdpH6r4TTn1MQ,Iroha ch. 風真いろは - holoX -,262899962,1130000,1051
2025-11-26 13:48:00,UCZwcUEEjD8RVzB-TAw1ts3g,Eden - Topic,4227579,1720,38
2025-11-26 13:48:00,UCkKj-SiKyiFkj_dO1vmY3gA,加藤純一RECORDS,5213651,29000,82
2025-11-26 13:48:00,UC7aYDbAOIKIMt25ENfJ68Qw,ルカ,118689817,120000,2126
2025-11-26 13:48:00,UC__iCxFigPdcry_UBv6sDGw,IO,16279732,38100,13
2025-11-26 13:48:00,UCdCC1L_OxLrkoEjR19iXpRw,パチスロードch,135779790,75600,814
2025-11-26 13:48:00,UCN7_YMtKaUiizHpw77XLVcw,EXILE,188488793,14700,308
2025-11-26 13:48:00,UCSFCh5NL4qXrAy9u-u2lX3g,Kuzuha Channel,1426230744,2100000,2819
2025-11-26 13:48:00,UCvzGlP9oQwU--Y0r9id_jnA,Subaru Ch. 大空スバル,581156475,1950000,1894
2025-11-26 13:48:00,UC-_iQWdEZY66nGGaHH0Ygmg,僕が見たかった青空,52805973,122000,498
2025-11-26 13:48:00,UC3J-txytRWiRtNXrLS95eEw,ASIAN KUNG-FU GENERATION Official YouTube Channel,608265861,788000,281
2025-11-26 13:48:00,UCMGvmEqkVbl372DCyn3NLAw,【吹いたら負け】葛葉先生のしくじり【切り抜き】,180526737,136000,978
2025-11-26 13:48:00,UCrKna8EQAd7NPRYq-gIsuow,ホロライ部【ホロライブ切り抜き】,70032016,37800,613
2025-11-26 13:48:00,UCxIK6x6sG7Ln5vjjPYpgeAw,Chogakusei Official,674113985,1010000,564
2025-11-26 13:48:00,UCBhPDpv9JavoPADrZcsAC2A,あらき-ARAKI Official,320679686,489000,260
2025-11-26 13:48:00,UCt09C9DPSuOGpHoitbcyCIQ,ゼンレスゾーンゼロ-ZZZ-公式,229645284,754000,429
2025-11-26 13:48:00,UC_ntXHv-XdKCD7CPynVvnQw,Bandai Namco Entertainment America,615222427,1460000,3566
2025-11-26 13:48:00,UCOfESRUR5duQ2hMnTQ4oqhA,BUMP OF CHICKEN,1637208579,1590000,164
2025-11-26 13:48:00,UCOjkVJQcjtWnpf0-1ft4brA,ゆっくりむちゃたぬき,210059667,352000,423
2025-11-26 13:48:00,UCRDJ3DN-6ND_a4LSJ35L91A,立川ちゃんねる,106452486,107000,639
2025-11-26 13:48:00,UCvo8JUqHh2d1QGnK3LKyI4Q,ポケモンユナイト公式チャンネル,31955174,139000,467
2025-11-26 13:48:00,UCylNKKCfPMm8ROXasQWTonA,響咲リオナの足,3214550,6780,123
2025-11-26 13:48:00,UCpGpA7mSYmNJjLiJxKso5QA,しもふりチューブ,1783109366,2160000,3020
2025-11-26 13:48:00,UChUjERVG8eKEAJSCef-tTmg,k4sen / かせん,717720716,1020000,3062
2025-11-26 13:48:00,UCGjV4bsC43On-YuiLZcfL0w,KUN,3388904194,1660000,11232
2025-11-26 13:48:00,UCHVkYOT63gAz5yTxjo68_Ng,家スロットゲームパンダ’s ROOM@琉球🐼🪸,1208167,1680,76
2025-11-26 13:48:00,UCcg_rvE-fU2tATMwBAxW9bA,ヤングスキニー,147892001,238000,602
2025-11-26 13:48:00,UCFQu6Q-9LAS3KoEuRDNkzGA, ニート部,658915879,680000,3212
2025-11-26 13:48:00,UCy9GuRXGTm8TliQ-OJ7KwzA,【V.I.P】,978404255,979000,2494
2025-11-26 13:48:00,UCOTR1tcOAhjgi6YukrPpZxg,まふまふちゃんねる,2481296145,3610000,511
2025-11-26 13:48:00,UCAWxPGGuIfWME2KTLUmSCHw,ぱかチューブっ!【ウマ娘公式】,515735509,1310000,1288
2025-11-26 13:48:00,UCdVD0MsYecQaIE5Ru-pOIQQ,RIIZE,1015326967,1870000,1377
2025-11-26 13:48:00,UCof7dOTnyxaidkKkcIFuflQ,Mone Kamishiraishi - Topic,26275125,326,123
2025-11-26 13:48:00,UC1DCedRgGHBdm81E1llLhOQ,Pekora Ch. 兎田ぺこら,1012493189,2740000,2342
2025-11-26 13:48:00,UCZ1xuCK1kNmn5RzPYIZop3w,リゼ・ヘルエスタ -Lize Helesta-,299210937,957000,1090
2025-11-26 13:48:00,UCaO6TYtlC8U5ttz62hTrZgg,JYP Entertainment,26020253681,31500000,2639
2025-11-26 13:48:00,UCgmFrRcyH7d1zR9sIVQhFow,ローレン・イロアス / Lauren Iroas【にじさんじ】,396807021,953000,1048
2025-11-26 13:48:00,UCmovZ2th3Sqpd00F5RdeigQ,加賀美 ハヤト/Hayato Kagami,332409391,921000,1521
2025-11-26 13:48:00,UC0ux2IFOXkj6ifQ4aSs9l7Q,大月【おおつき】,14755384,17500,1218
2025-11-26 13:48:00,UClNdVSK1uy2xFHTaXZYXopw,らっだぁ,1818287342,1450000,2340
2025-11-26 13:48:00,UCp_Az_oKu8-J5qIQpF35JbA,やわらちゃんねる,192928076,279000,862
2025-11-26 13:48:00,UC6qVAJzxF5kSN_UUFSdODiQ,MAZZEL - Topic,19285446,8260,57
2025-11-26 13:48:00,UC9rMiEjNaCSsebs31MRDCRA,Stray Kids,9673395528,22200000,1874
2025-11-26 13:48:00,UCMF_5h2OejEhVorTB02UUSg,MAZZEL,243792578,284000,721
2025-11-26 13:48:00,UCtKBQ2BYD76GiJvcpZOBorg,えいま,11409709,13500,346
2025-11-26 13:48:00,UCqMRVBz-hhSFRuqlL1guqig,あひるだっく,52063292,128000,89
2025-11-26 13:48:00,UC56x--_QtyaWD1QptYrPMqA,刀剣乱舞 公式チャンネル,9523467,131000,116
2025-11-26 13:48:00,UChn5TjkeEqd-JxzizMVSkOw,ハヤトの野望,1035116728,1510000,2416
2025-11-26 13:48:00,UC8_Ag6BVp43Vmrx6eillK9g,Vaundy - Topic,908887607,2190,110
2025-11-26 13:48:00,UCZetZElUvdElPrcstRjl9DA,加藤純一ロードショー,413173563,509000,981
2025-11-26 13:48:00,UCc-itdQHxLvUlPrDxIiSJrA,INI,748068954,652000,1267
2025-11-26 13:48:00,UCkVvAm5jb62IMIJQj4wPVGA,TMSアニメ公式チャンネル,379083255,898000,1145
2025-11-26 13:48:00,UC3NrSfe_yR5XX9zGFxYoV1Q,HIRAIDAI - Topic,281173839,3400,415
2025-11-26 13:48:00,UCtPyU9cJgvvgH03PQKgaucA,ファミ通TUBE,183031244,208000,8152
2025-11-26 13:48:00,UCH-lygWpHodDff3iQurnWnQ,加藤純一切り抜き集,1718873534,580000,5439
2025-11-26 13:48:00,UCc-PPk-lNe34JaWCcJQCL0g,ドコムスチャンネル,540824009,593000,2022
2025-11-26 13:48:00,UCOVLrBaOiMH5QDKXTycZ8Pw,やっちゃんの崖っぷちスロパチ生活,698750427,326000,5203
2025-11-26 13:48:00,UCS57xc1Bf-znC9_ouCc3SZw,佐野元春 - DaisyMusic,50511392,77600,163
2025-11-26 13:48:00,UCu3kfiUaK7MmkQ40omEpGyQ,ナナ色チャンネル,4507959,8260,82
2025-11-26 13:48:00,UCooVYzDxdwTtGYAkcPmOgOw,Brawl Stars,4003702299,23200000,370
2025-11-26 13:48:00,UCFvSFbT8okMrpuFxBEIB2lg,M!LK,89672169,10300,243
2025-11-26 13:48:00,UCtiObj3CsEAdNU6ZPWDsddQ,TOMORROW X TOGETHER OFFICIAL,3494513829,13100000,3039
2025-11-26 13:48:00,UC6SmH9mR82nj28_NNg_rZvA,スクウェア・エニックス,1173076894,1090000,10982
2025-11-26 13:48:00,UCqKNMJ5s_vsf7WkesdBrvQA,IS:SUE,87680204,221000,768
2025-11-26 13:48:00,UCcz2Y1yhR42UxbFwvPFGCmA,きっしー助六ちゃんねる,75772269,61500,940
2025-11-26 13:48:00,UCXeTnWiRoifoHHEzSyR5Ogg,パチンコ・パチスロ必勝ガイドチャンネル,52748613,86200,1323
2025-11-26 13:48:00,UCrQUlOEbu-0T0l4DAcBEeIg,pizzaofdeathofficial,408072226,331000,372
2025-11-26 13:48:00,UCv2ejD5B1xOYtGB2cf80B8g,Netflix Japan,1981513167,2300000,7752
2025-11-26 13:48:00,UCJnL-TBcsYrF2SLs7tmiC8Q,tripleS official,678132684,2880000,3050
2025-11-26 13:48:00,UCUzpZpX2wRYOk3J8QTFGxDg,乃木坂46 OFFICIAL YouTube CHANNEL,1610447858,1730000,1168
2025-11-26 13:48:00,UC6H_7uSepAzrlayBjAb9rrg,WurtS - Topic,69010100,698,82
2025-11-26 13:48:00,UC9zY_E8mcAo_Oq772LEZq8Q,THE FIRST TAKE,6260490494,11500000,1527
2025-11-26 13:48:00,UCx1nAvtVDIsaGmCMSe8ofsQ,加藤純一【jun channel】,1137244182,1280000,1834
2025-11-26 13:48:00,UC-ifW8mHzfsZVGHY8vxqrjA,A.B.C-Z,59464169,54600,437
2025-11-26 13:48:00,UCYLp2FLXcqLUZhvrCxQmNIA,胡桃沢りりか,40952518,100000,2570
2025-11-26 13:48:00,UCIJAlAYCNN8RACtDDsy9K6g,Novelbright,652756465,733000,319
2025-11-26 13:48:00,UCdkVEDVAW5aFmA-Mkz0lAFQ,ひたまゆ。,466517551,410000,2792
2025-11-26 13:48:00,UCAaGaynFpku5cAx6OOSrW-w,HoneyWorks OFFICIAL,1601855248,2850000,550
2025-11-26 13:48:00,UCL7VEatXa9yBCKeM-ww8TnA,NX☆くさあん,208448896,238000,3562
2025-11-26 13:48:00,UCYe_uTI6X6mm9qaXm8iWFDg,ノッチ配信者パチンコライブ,268739271,125000,2726
2025-11-26 13:48:00,UCDhOdoqPxv96djR3tSq9NoA,ショコラ大佐の秘密基地,148484620,138000,1745
2025-11-26 13:48:00,UC2NujFa5X09CdV0YCntmQDg,板橋ハウス,904660978,752000,2028
2025-11-26 13:48:00,UChhKBlh_wvspTh5n4mL0b5g,BOYNEXTDOOR,1165454055,2060000,2198
2025-11-26 13:48:00,UCDwcZ85zjLKD-3-jqlv1wQQ,アンジュルム,213864061,229000,370
2025-11-26 13:48:00,UCqeAYB1DMzfM-hG-Up52yNQ,つるおかかものはし,371298994,387000,3607
2025-11-26 13:48:00,UCoQhX2O93MVTWfgIz-8wOmg,KUNの50人クラフト,465558693,543000,1047
2025-11-26 13:48:00,UCXURHJRGr4-EB3l87kcbElw,NCT DREAM,2300999800,7000000,1312
2025-11-26 13:48:00,UCx-QS9BIo_L_lx5dkpys1qw,ねこまんまのパチ•チャンネル,7979566,14200,167
2025-11-26 13:48:00,UCXqWKjzm2YMH6Bs7rAmsKFw,福本大晴,7285544,89700,144
2025-11-26 13:48:00,UC14QT5j2nQI8lKBCGtrrBQA,アニプレックス チャンネル,4304370914,3720000,15426
2025-11-26 13:48:00,UCzRzPAT-AjlPyec5yXG974g,カワノKawano,207781875,184000,1322
2025-11-26 13:48:00,UCJy7zfLsKBXoo2soFMum7JQ,あかさかの箱,1290130511,2620000,2687
2025-11-26 13:48:00,UCPJCP_fon2mOMfibbBPUOYw,SAWAYAN GAMES / サワヤン ゲームズ,1298866965,2070000,3416
2025-11-26 13:48:00,UCMzLWawc9x3rUsqYDEfgqzA,ジャック・オ・蘭たん,712367245,648000,1887
2025-11-26 13:48:00,UCHazKLThRbMyMFu2bVAKhng,ウォーターチャレンジ,3129829378,3150000,2180
2025-11-26 13:48:00,UCEfbtVOJgicdHjs5HzOzJlA,ぱち・スロ部,3649413,1770,302
2025-11-26 13:48:00,UC3VId8brfshtHO6gMMqnZ5A,FLOW GLOW - Topic,366731,2190,5
2025-11-26 13:48:00,UCOXOcEbERAwGlE4ig9MaLSQ,夜勤明けパチンコパチスロ実践記,275601275,166000,1622
2025-11-26 13:48:00,UC6FadPgGviUcq6VQ0CEJqdQ,Juice=Juice,163770158,249000,280
2025-11-26 13:48:00,UCZMRuagdTBKmmrFtSMN48Xw,牛沢,2664965878,1800000,3739
2025-11-26 13:48:00,UC3IZKseVpdzPSBaWxBxundA,HYBE LABELS,42519525251,79100000,2929
2025-11-26 13:48:00,UCfkXDY7vwkcJ8ddFGz8KusA,SEVENTEEN,7797609294,16200000,3275
2025-11-26 13:48:00,UCqQNCRSihFHVsXrDikNeYSg,げまじょが好き【にじさんじEXゲマズ切り抜き】,4505630,2350,118
2025-11-26 13:48:00,UCwJYQvXHtNn1c7RqED4E7MA,パンダドラゴン,44018394,92300,532
2025-11-26 13:48:00,UC_DopZ9OANqNGho0wFwADqA,けいちゃん / Keichan,502697517,1270000,605
2025-11-26 13:48:00,UC9qSqkNFiByKzzoxT3Cydyw,Aiobahn,28036369,90000,14
2025-11-26 13:48:00,UCvaTdHTWBGv3MKj3KVqJVCw,Okayu Ch. 猫又おかゆ,626491070,2060000,1591
2025-11-26 13:48:00,UCv7VutirxDn3RWIJXI68n_A,＝LOVE（イコールラブ）公式チャンネル,466225819,555000,474
2025-11-26 13:48:00,UCYA14rrNjvQq_P_YSNeJHgA,スロライブ,89847170,46500,894
2025-11-26 13:48:00,UCLkAepWjdylmXSltofFvsYQ,BANGTANTV,26052132409,81700000,2933
2025-11-26 13:48:00,UCHD1jo5RhijLfx5-0Ehe_cg,&TEAM,466813545,1320000,1406
2025-11-26 13:48:00,UCtyXllCXnTAg4rjfI3UwIgA,しょうちゃんネル,300379892,138000,1546
2025-11-26 13:48:00,UCeK22JmzkTMa69kZU9NEqsA,めじの【Vtuber応援隊】,31821301,15100,537
2025-11-26 13:48:00,UCMR5xpbhv3jzIQG1TOTg-Jg,B'z - Topic,290233950,3870,678
2025-11-26 13:48:00,UCyTaStlK0neSuKveYOIioaw,ぐんぐにるチャンネル,275051458,426000,446
2025-11-26 13:48:00,UC7wu64jFsV02bbu6UHUd7JA,ガンダムチャンネル,412423775,1670000,1655
2025-11-26 13:48:00,UCu2Fxqf37DAZ0ZhIsd1FZwA,Capcom Fighters JP,262009454,257000,3896
2025-11-26 13:48:00,UC8eq3M3Yft3FUgxEX6lOZMg,chotokkyu - Topic,35769873,577,486
2025-11-26 13:48:00,UC9Lx-zRFGfpuls27tNAOIqA,マエスケ,1541789868,1830000,1137
2025-11-26 13:48:00,UC4YT50DP7hbMsor8FmyEPMw,Victor Entertainment,1489501861,1070000,4972
2025-11-26 13:48:00,UCUW6U6iOrntB0jw6-AbQo8g,RED Games,250361199,209000,3567
2025-11-26 13:48:00,UCPVr7clenPjpD7WNsSI3UBQ,レトルト,2878700140,2590000,3850
2025-11-26 13:48:00,UCHghNZNbV-CPbb_f3FslObw,がんばるぴえんちゃんパチンコ日記,80297691,100000,1529
2025-11-26 13:48:00,UCX7YkU9nEeaoZbkVLVajcMg,にじさんじ,1071638905,1870000,2825
2025-11-26 13:48:00,UCZVVCZwOpCbDXB84SDqWixQ,Lil Shady,55380693,283000,97
2025-11-26 13:48:00,UCxWcO9CLti4uouUIS5IIF-Q,Nornis,59019055,228000,110
2025-11-26 13:48:00,UCBA-kvU_zYdKreZbhhywX2Q,あいずちゃんねる,147710919,57400,803
2025-11-26 13:48:00,UCzXjPL7zo0bxhOYDxLJ9YEg,ポッキー,4096717679,3750000,4359
2025-11-26 13:48:00,UCdMGYXL38w6htx6Yf9YJa-w,プロジェクトセカイ カラフルステージ! feat. 初音ミク,2002918466,2060000,1907
2025-11-26 13:48:00,UCC4xWbcBVn-tHgchhrdmFpg,Jinmenusagi,9965654,32600,80
2025-11-26 13:48:00,UC-hM6YJuNYVAmUWxeIr9FeA,Miko Ch. さくらみこ,889625882,2460000,2042
2025-11-26 13:48:00,UCVh47EKH9VLresRqiYi9txw,Mili,608668101,1010000,117
2025-11-26 13:48:00,UCdszfKemUn36sOEplfkiGVQ,GPV LABEL,2994474,5280,89
2025-11-26 13:48:00,UCWvr04hMa4k4wSilYcQ4qoA,キャベツの人【ゲーム紹介】,253110424,418000,972
2025-11-26 13:48:00,UCMJiPpN_09F0aWpQrgbc_qg,キヨ。,6530876349,5480000,3083
2025-11-26 13:48:00,UCB_qr75-ydFVKSF9Dmo6izg,FORMULA 1,8865234058,13700000,9406
2025-11-26 13:48:00,UCNVIo0UJXTdEnsRkCB9Q03w,ILLIT - Topic,563762931,57700,59
2025-11-26 13:48:00,UC070fhnqq38qNhqHm5rxTcQ,令和ちゃんねる,428354288,506000,3625
2025-11-26 13:48:00,UCpYHkc4rzWEW7iVXIyxQebA,Hey! Say! JUMP - Topic,58814548,5080,738
2025-11-26 13:48:00,UCXEo7JprZQGCPkezcZylHlQ,黒炭酸,152273686,201000,1757
2025-11-26 13:48:00,UCHzevlEL9JfsBIm86uNCJqg,宮野真守,78718653,449000,329
2025-11-27 04:25:13,UCqQNCRSihFHVsXrDikNeYSg,げまじょが好き【にじさんじEXゲマズ切り抜き】,4562810,2350,118
2025-11-27 04:25:13,UCC4xWbcBVn-tHgchhrdmFpg,Jinmenusagi,9965654,32700,80
2025-11-27 04:25:13,UCOx-oLP9tOhiYwSK_m-yVxA,オモコロチャンネル,618321757,473000,1144
2025-11-27 04:25:13,UCzRzPAT-AjlPyec5yXG974g,カワノKawano,208043598,184000,1322
2025-11-27 04:25:13,UC1FQWQ3y3-e8l1pCtWhJt5A,Vaundy,2295815134,2430000,226
2025-11-27 04:25:13,UC3J-txytRWiRtNXrLS95eEw,ASIAN KUNG-FU GENERATION Official YouTube Channel,608265861,788000,282
2025-11-27 04:25:13,UCiZqWVAeChfqlom5ZPR3ZJA,NCT WISH,630033332,1140000,1125
2025-11-27 04:25:13,UCpT4syVopfBl2bATVfAt65g,澤野弘之 / SawanoHiroyuki[nZk],51700285,3980,22
2025-11-27 04:25:13,UCcg_rvE-fU2tATMwBAxW9bA,ヤングスキニー,149492671,238000,603
2025-11-27 04:25:13,UCof7dOTnyxaidkKkcIFuflQ,Mone Kamishiraishi - Topic,26335972,326,123
2025-11-27 04:25:13,UCmovZ2th3Sqpd00F5RdeigQ,加賀美 ハヤト/Hayato Kagami,332409391,921000,1522
2025-11-27 04:25:13,UCAaGaynFpku5cAx6OOSrW-w,HoneyWorks OFFICIAL,1601855248,2850000,550
2025-11-27 04:25:13,UCkv76wCrBDQNn7ctcbn6Qeg,Nissy - Topic,93321454,26400,192
2025-11-27 04:25:13,UCvo8JUqHh2d1QGnK3LKyI4Q,ポケモンユナイト公式チャンネル,31957122,139000,467
2025-11-27 04:25:13,UC5nxCVEWQLLfkPuMylpkYkA,ロス,123613887,487000,68
2025-11-27 04:25:13,UCjJmYy279ehSYSwR1A3fXtA,マグロヘッド,393970578,735000,1753
2025-11-27 04:25:13,UCOjkVJQcjtWnpf0-1ft4brA,ゆっくりむちゃたぬき,210112850,352000,423
2025-11-27 04:25:13,UCdVD0MsYecQaIE5Ru-pOIQQ,RIIZE,1015326967,1870000,1382
2025-11-27 04:25:13,UCBhPDpv9JavoPADrZcsAC2A,あらき-ARAKI Official,320679686,489000,260
2025-11-27 04:25:13,UC3IZKseVpdzPSBaWxBxundA,HYBE LABELS,42525965792,79100000,2930
2025-11-27 04:25:13,UCSFCh5NL4qXrAy9u-u2lX3g,Kuzuha Channel,1426871249,2100000,2820
2025-11-27 04:25:13,UCZ1xuCK1kNmn5RzPYIZop3w,リゼ・ヘルエスタ -Lize Helesta-,299263684,957000,1090
2025-11-27 04:25:13,UCYe_uTI6X6mm9qaXm8iWFDg,ノッチ配信者パチンコライブ,268791622,125000,2727
2025-11-27 04:25:13,UCHazKLThRbMyMFu2bVAKhng,ウォーターチャレンジ,3130243899,3150000,2181
2025-11-27 04:25:13,UCy9GuRXGTm8TliQ-OJ7KwzA,【V.I.P】,978506983,979000,2495
2025-11-27 04:25:13,UCx-QS9BIo_L_lx5dkpys1qw,ねこまんまのパチ•チャンネル,7980136,14300,168
2025-11-27 04:25:13,UCZVVCZwOpCbDXB84SDqWixQ,Lil Shady,56319498,284000,97
2025-11-27 04:25:13,UC_vMYWcDjmfdpH6r4TTn1MQ,Iroha ch. 風真いろは - holoX -,262964239,1130000,1053
2025-11-27 04:25:13,UCkKj-SiKyiFkj_dO1vmY3gA,加藤純一RECORDS,5240810,29200,82
2025-11-27 04:25:13,UCWvr04hMa4k4wSilYcQ4qoA,キャベツの人【ゲーム紹介】,253195350,418000,973
2025-11-27 04:25:13,UCqKNMJ5s_vsf7WkesdBrvQA,IS:SUE,87680204,221000,769
2025-11-27 04:25:13,UC14QT5j2nQI8lKBCGtrrBQA,アニプレックス チャンネル,4305419674,3720000,15436
2025-11-27 04:25:13,UCeTo4Eh0TzpKbUL4vGQZ73A,LEX *,4529834,1280,14
2025-11-27 04:25:13,UCZetZElUvdElPrcstRjl9DA,加藤純一ロードショー,413351485,509000,982
2025-11-27 04:25:13,UC1DqlLj1onQhBfxW81OgQTw,GLAY,732544767,541000,884
2025-11-27 04:25:13,UCH4yRBPH2pDUjPeqomx8CTQ,てるとくん,548470164,1330000,1894
2025-11-27 04:25:13,UCvaTdHTWBGv3MKj3KVqJVCw,Okayu Ch. 猫又おかゆ,626491070,2060000,1592
2025-11-27 04:25:13,UC7aYDbAOIKIMt25ENfJ68Qw,ルカ,118706200,120000,2126
2025-11-27 04:25:13,UCtKBQ2BYD76GiJvcpZOBorg,えいま,11412217,13500,346
2025-11-27 04:25:13,UCN7_YMtKaUiizHpw77XLVcw,EXILE,188549954,14800,308
2025-11-27 04:25:13,UCGjV4bsC43On-YuiLZcfL0w,KUN,3389035363,1660000,11232
2025-11-27 04:25:13,UCOVLrBaOiMH5QDKXTycZ8Pw,やっちゃんの崖っぷちスロパチ生活,698795746,326000,5204
2025-11-27 04:25:13,UCs8nP5mUR3pwJmgixsul8Hw,Saucy Dog,503080790,860000,121
2025-11-27 04:25:13,UCAWxPGGuIfWME2KTLUmSCHw,ぱかチューブっ!【ウマ娘公式】,516010480,1310000,1287
2025-11-27 04:25:13,UCDwcZ85zjLKD-3-jqlv1wQQ,アンジュルム,213864061,229000,370
2025-11-27 04:25:13,UCFQu6Q-9LAS3KoEuRDNkzGA, ニート部,659051656,680000,3213
2025-11-27 04:25:13,UC8rk-fIWJXYlSF8tkfG9wWg,天色鮫,66592457,192000,132
2025-11-27 04:25:13,UCwJYQvXHtNn1c7RqED4E7MA,パンダドラゴン,44018394,92300,533
2025-11-27 04:25:13,UCS57xc1Bf-znC9_ouCc3SZw,佐野元春 - DaisyMusic,50511392,77700,163
2025-11-27 04:25:13,UC4YT50DP7hbMsor8FmyEPMw,Victor Entertainment,1489698608,1070000,4972
2025-11-27 04:25:13,UCzXjPL7zo0bxhOYDxLJ9YEg,ポッキー,4096874901,3750000,4360
2025-11-27 04:25:13,UCIJAlAYCNN8RACtDDsy9K6g,Novelbright,652756465,733000,319
2025-11-27 04:25:13,UCBuLdF0tQn5oZjpvYWSQkaA,Liura Channel,92182018,206000,375
2025-11-27 04:25:13,UCmnZL4tFRl4sm-uJOxTLHmg,今日ポケch.,985785109,569000,1304
2025-11-27 04:25:13,UCgmFrRcyH7d1zR9sIVQhFow,ローレン・イロアス / Lauren Iroas【にじさんじ】,396892908,953000,1049
2025-11-27 04:25:13,UCjcYYjM16TFOPXDjWgzHiHA,超覚醒てえんだ「スロパチ生放送」,87303765,140000,571
2025-11-27 04:25:13,UCL7VEatXa9yBCKeM-ww8TnA,NX☆くさあん,208509168,238000,3563
2025-11-27 04:25:13,UCHzevlEL9JfsBIm86uNCJqg,宮野真守,78718653,449000,329
2025-11-27 04:25:13,UCfipDDn7wY-C-SoUChgxCQQ,葉山舞鈴 / Ohayama Ch.,88056806,599000,1339
2025-11-27 04:25:13,UCXURHJRGr4-EB3l87kcbElw,NCT DREAM,2300999800,7000000,1314
2025-11-27 04:25:13,UCkVvAm5jb62IMIJQj4wPVGA,TMSアニメ公式チャンネル,379265333,898000,1146
2025-11-27 04:25:13,UCMGvmEqkVbl372DCyn3NLAw,【吹いたら負け】葛葉先生のしくじり【切り抜き】,180555446,136000,978
2025-11-27 04:25:13,UC56x--_QtyaWD1QptYrPMqA,刀剣乱舞 公式チャンネル,9539808,131000,116
2025-11-27 04:25:13,UC-ifW8mHzfsZVGHY8vxqrjA,A.B.C-Z,59464169,54600,437
2025-11-27 04:25:13,UCu3kfiUaK7MmkQ40omEpGyQ,ナナ色チャンネル,4617009,8320,83
2025-11-27 04:25:13,UC6qVAJzxF5kSN_UUFSdODiQ,MAZZEL - Topic,19327931,8260,57
2025-11-27 04:25:13,UCVh47EKH9VLresRqiYi9txw,Mili,608668101,1010000,117
2025-11-27 04:25:13,UCrKna8EQAd7NPRYq-gIsuow,ホロライ部【ホロライブ切り抜き】,70059191,37800,614
2025-11-27 04:25:13,UCeA0fcfLVewbuD7H5YsrpdA,ライキジョーンズ,118818550,146000,3390
2025-11-27 04:25:13,UCOfESRUR5duQ2hMnTQ4oqhA,BUMP OF CHICKEN,1637208579,1590000,165
2025-11-27 04:25:13,UCoQhX2O93MVTWfgIz-8wOmg,KUNの50人クラフト,465752151,543000,1048
2025-11-27 04:25:13,UCLkAepWjdylmXSltofFvsYQ,BANGTANTV,26052132409,81700000,2935
2025-11-27 04:25:13,UCENwRMx5Yh42zWpzURebzTw,Laplus ch. ラプラス・ダークネス - holoX -,399675087,1450000,917
2025-11-27 04:25:13,UChUjERVG8eKEAJSCef-tTmg,k4sen / かせん,718133831,1020000,3063
2025-11-27 04:25:13,UCB_qr75-ydFVKSF9Dmo6izg,FORMULA 1,8868120810,13700000,9408
2025-11-27 04:25:13,UCHvFSU5OP6c7QcJxIr87YtA,ウタエル Utael,446316043,582000,903
2025-11-27 04:25:13,UCqeAYB1DMzfM-hG-Up52yNQ,つるおかかものはし,371359176,387000,3610
2025-11-27 04:25:13,UCILZFnKZJksR7zwhZbAB4vw,れじぇくん,1503150752,1170000,1428
2025-11-27 04:25:13,UCLrYavXppY_4oRfquHk9VQg,HAGANE,14455474,74900,142
2025-11-27 04:25:13,UCyTaStlK0neSuKveYOIioaw,ぐんぐにるチャンネル,275072390,426000,447
2025-11-27 04:25:13,UCENoC6MLc4pL-vehJyzSWmg,もこうの実況,1736272748,1600000,5787
2025-11-27 04:25:13,UCeK22JmzkTMa69kZU9NEqsA,めじの【Vtuber応援隊】,31854678,15100,538
2025-11-27 04:25:13,UC9rMiEjNaCSsebs31MRDCRA,Stray Kids,9673395528,22200000,1879
2025-11-27 04:25:13,UCKU0SVkIPRqwiZaXJ9rXhdw,シュート。,216524805,256000,2334
2025-11-27 04:25:13,UC8Qwnts13zIh2EYUCau6m3w,ONE N' ONLY TV,112267072,214000,794
2025-11-27 04:25:13,UC15ebOqdhmvl1eb0s0jk5aw,戦極MCBATTLE,1332572110,847000,5383
2025-11-27 04:25:13,UCOXOcEbERAwGlE4ig9MaLSQ,夜勤明けパチンコパチスロ実践記,275621078,166000,1623
2025-11-27 04:25:13,UCBA-kvU_zYdKreZbhhywX2Q,あいずちゃんねる,147762219,57400,803
2025-11-27 04:25:13,UC9zY_E8mcAo_Oq772LEZq8Q,THE FIRST TAKE,6261501950,11500000,1529
2025-11-27 04:25:13,UC3NrSfe_yR5XX9zGFxYoV1Q,HIRAIDAI - Topic,281321781,3400,415
2025-11-27 04:25:13,UCZwcUEEjD8RVzB-TAw1ts3g,Eden - Topic,4247351,1740,38
2025-11-27 04:25:13,UCHghNZNbV-CPbb_f3FslObw,がんばるぴえんちゃんパチンコ日記,80359809,100000,1532
2025-11-27 04:25:13,UCYLp2FLXcqLUZhvrCxQmNIA,胡桃沢りりか,41002456,100000,2571
2025-11-27 04:25:13,UCGc93NguHRwzv1Rw9MyIcxQ,鳴潮 (Wuthering Waves)公式,103289027,345000,465
2025-11-27 04:25:13,UC6SmH9mR82nj28_NNg_rZvA,スクウェア・エニックス,1173185129,1090000,10984
2025-11-27 04:25:13,UCMF_5h2OejEhVorTB02UUSg,MAZZEL,243792578,284000,721
2025-11-27 04:25:13,UCu2Fxqf37DAZ0ZhIsd1FZwA,Capcom Fighters JP,262400008,257000,3907
2025-11-27 04:25:13,UCM3yhFc0-fBFuvqx1Vg2YNQ,まいぜんシスターズ,7171218264,3180000,1860
2025-11-27 04:25:13,UCy0DH4rgPPjDWVZO7wibcSQ,めめんともり,351780904,335000,468
2025-11-27 04:25:13,UCtyXllCXnTAg4rjfI3UwIgA,しょうちゃんネル,300738637,138000,1547
2025-11-27 04:25:13,UCJy7zfLsKBXoo2soFMum7JQ,あかさかの箱,1290432566,2620000,2688
2025-11-27 04:25:13,UCMR5xpbhv3jzIQG1TOTg-Jg,B'z - Topic,290447628,3870,678
2025-11-27 04:25:13,UC2NujFa5X09CdV0YCntmQDg,板橋ハウス,904835559,752000,2029
2025-11-27 04:25:13,UCRDJ3DN-6ND_a4LSJ35L91A,立川ちゃんねる,106517662,107000,639
2025-11-27 04:25:13,UCPJCP_fon2mOMfibbBPUOYw,SAWAYAN GAMES / サワヤン ゲームズ,1299022989,2070000,3417
2025-11-27 04:25:13,UCv7VutirxDn3RWIJXI68n_A,＝LOVE（イコールラブ）公式チャンネル,466225819,556000,474
2025-11-27 04:25:13,UCqMRVBz-hhSFRuqlL1guqig,あひるだっく,52092416,128000,89
2025-11-27 04:25:13,UCtiObj3CsEAdNU6ZPWDsddQ,TOMORROW X TOGETHER OFFICIAL,3494513829,13100000,3041
2025-11-27 04:25:13,UCUzpZpX2wRYOk3J8QTFGxDg,乃木坂46 OFFICIAL YouTube CHANNEL,1610447858,1730000,1168
2025-11-27 04:25:13,UCHD1jo5RhijLfx5-0Ehe_cg,&TEAM,466813545,1320000,1408
2025-11-27 04:25:13,UChn5TjkeEqd-JxzizMVSkOw,ハヤトの野望,1035273674,1510000,2417
2025-11-27 04:25:13,UCdkVEDVAW5aFmA-Mkz0lAFQ,ひたまゆ。,466569140,410000,2793
2025-11-27 04:25:13,UC__iCxFigPdcry_UBv6sDGw,IO,16308497,38200,13
2025-11-27 04:25:13,UCdPCarwi28K5Z7s5l2nMiLw,Uru Official YouTube Channel,901097541,1180000,296
2025-11-27 04:25:13,UC070fhnqq38qNhqHm5rxTcQ,令和ちゃんねる,428434108,506000,3627
2025-11-27 04:25:13,UC6H_7uSepAzrlayBjAb9rrg,WurtS - Topic,69060265,698,82
2025-11-27 04:25:13,UCooVYzDxdwTtGYAkcPmOgOw,Brawl Stars,4004541024,23200000,370
2025-11-27 04:25:13,UC3VId8brfshtHO6gMMqnZ5A,FLOW GLOW - Topic,380802,2190,5
2025-11-27 04:25:13,UCt09C9DPSuOGpHoitbcyCIQ,ゼンレスゾーンゼロ-ZZZ-公式,229813205,754000,429
2025-11-27 04:25:13,UC8eq3M3Yft3FUgxEX6lOZMg,chotokkyu - Topic,35801881,577,486
2025-11-27 04:25:13,UCtceiniicYEsbAVuWy-Bi0Q,ドラゴンクエストウォーク公式,50338847,181000,160
2025-11-27 04:25:13,UCXqWKjzm2YMH6Bs7rAmsKFw,福本大晴,7386640,89600,145
2025-11-27 04:25:13,UCfkXDY7vwkcJ8ddFGz8KusA,SEVENTEEN,7797609294,16200000,3277
2025-11-27 04:25:13,UC6FadPgGviUcq6VQ0CEJqdQ,Juice=Juice,163770158,250000,280
2025-11-27 04:25:13,UCtPyU9cJgvvgH03PQKgaucA,ファミ通TUBE,183049444,208000,8153
2025-11-27 04:25:13,UCCzUftO8KOVkV4wQG1vkUvg,Marine Ch. 宝鐘マリン,2033880549,4260000,1560
2025-11-27 04:25:13,UCXEo7JprZQGCPkezcZylHlQ,黒炭酸,152370607,202000,1757
2025-11-27 04:25:13,UCDhOdoqPxv96djR3tSq9NoA,ショコラ大佐の秘密基地,148514604,138000,1746
2025-11-27 04:25:13,UCdMGYXL38w6htx6Yf9YJa-w,プロジェクトセカイ カラフルステージ! feat. 初音ミク,2003481748,2060000,1907
2025-11-27 04:25:13,UC7wu64jFsV02bbu6UHUd7JA,ガンダムチャンネル,412502039,1670000,1654
2025-11-27 04:25:13,UCpGpA7mSYmNJjLiJxKso5QA,しもふりチューブ,1783234955,2160000,3021
2025-11-27 04:25:13,UCj4PjeVMnNTHIR5EeoNKPAw,ドズル社,4902232621,2570000,10212
2025-11-27 04:25:13,UC9qSqkNFiByKzzoxT3Cydyw,Aiobahn,28114924,90100,14
2025-11-27 04:25:13,UCXeTnWiRoifoHHEzSyR5Ogg,パチンコ・パチスロ必勝ガイドチャンネル,52764469,86300,1324
2025-11-27 04:25:13,UClNdVSK1uy2xFHTaXZYXopw,らっだぁ,1818594075,1450000,2341
2025-11-27 04:25:13,UCHp2q2i85qt_9nn2H7AvGOw,NiziU Official,1563277157,2290000,2504
2025-11-27 04:25:13,UCcz2Y1yhR42UxbFwvPFGCmA,きっしー助六ちゃんねる,75804570,61500,940
2025-11-27 04:25:13,UCMJiPpN_09F0aWpQrgbc_qg,キヨ。,6531537929,5480000,3083
2025-11-27 04:25:13,UCZMRuagdTBKmmrFtSMN48Xw,牛沢,2665237130,1800000,3740
2025-11-27 04:25:13,UC1DCedRgGHBdm81E1llLhOQ,Pekora Ch. 兎田ぺこら,1012567289,2740000,2343
2025-11-27 04:25:13,UCFuugQScqDfJcsOEWbL1_tg,Gero Channel,209118582,551000,166
2025-11-27 04:25:13,UCrQUlOEbu-0T0l4DAcBEeIg,pizzaofdeathofficial,408137708,332000,372
2025-11-27 04:25:13,UCH-lygWpHodDff3iQurnWnQ,加藤純一切り抜き集,1719047989,580000,5439
2025-11-27 04:25:13,UCUW6U6iOrntB0jw6-AbQo8g,RED Games,250478782,209000,3569
2025-11-27 04:25:13,UCv2ejD5B1xOYtGB2cf80B8g,Netflix Japan,1982053787,2300000,7759
2025-11-27 04:25:13,UC_DopZ9OANqNGho0wFwADqA,けいちゃん / Keichan,502697517,1270000,606
2025-11-27 04:25:13,UCPVr7clenPjpD7WNsSI3UBQ,レトルト,2878966659,2590000,3850
2025-11-27 04:25:13,UCtwTCZuQkTIwUf5m9mlZnOQ,Release - Topic,15655,46,7
2025-11-27 04:25:13,UCc-PPk-lNe34JaWCcJQCL0g,ドコムスチャンネル,540983918,593000,2023
2025-11-27 04:25:13,UCYXmyrGUVL8tX7VEvo_DjPw,シャル@ツモらせ隊,83246778,178000,900
2025-11-27 04:25:13,UCEf_Bc-KVd7onSeifS3py9g,SMTOWN,32604384233,33500000,4641
2025-11-27 04:25:13,UCvzGlP9oQwU--Y0r9id_jnA,Subaru Ch. 大空スバル,581212274,1950000,1895
2025-11-27 04:25:13,UCFvSFbT8okMrpuFxBEIB2lg,M!LK,89927468,10400,243
2025-11-27 04:25:13,UC-_iQWdEZY66nGGaHH0Ygmg,僕が見たかった青空,52805973,122000,498
2025-11-27 04:25:13,UCdCC1L_OxLrkoEjR19iXpRw,パチスロードch,135958194,75700,815
2025-11-27 04:25:13,UCylNKKCfPMm8ROXasQWTonA,響咲リオナの足,3252151,6960,124
2025-11-27 04:25:13,UCp_Az_oKu8-J5qIQpF35JbA,やわらちゃんねる,192967438,279000,862
2025-11-27 04:25:13,UCOTR1tcOAhjgi6YukrPpZxg,まふまふちゃんねる,2481479816,3610000,511
2025-11-27 04:25:13,UC_ntXHv-XdKCD7CPynVvnQw,Bandai Namco Entertainment America,615539104,1460000,3568
2025-11-27 04:25:13,UCxIK6x6sG7Ln5vjjPYpgeAw,Chogakusei Official,674277867,1010000,564
2025-11-27 04:25:13,UCdn5BQ06XqgXoAxIhbqw5Rg,フブキCh。白上フブキ,710674501,2640000,2968
2025-11-27 04:25:13,UCEfbtVOJgicdHjs5HzOzJlA,ぱち・スロ部,3670936,1770,303
2025-11-27 04:25:13,UCx1nAvtVDIsaGmCMSe8ofsQ,加藤純一【jun channel】,1137353557,1280000,1834
2025-11-27 04:25:13,UChVflUz2J_jaaqYjXqvpmQA,iLiFE!【あいらいふ】,246311299,485000,533
2025-11-27 04:25:13,UCc-itdQHxLvUlPrDxIiSJrA,INI,748068954,653000,1268
2025-11-27 04:25:13,UCHVkYOT63gAz5yTxjo68_Ng,家スロットゲームパンダ’s ROOM@琉球🐼🪸,1218125,1680,76
2025-11-27 04:25:13,UCDbUUremwf8k1x1GTYfB1Ng,ニート部クラフト,20408585,97200,125
2025-11-27 04:25:13,UC5vqbtNnbOF2h7A_xlrIPUw,ぽっぴんず,916718072,630000,1053
2025-11-27 04:25:13,UCX7YkU9nEeaoZbkVLVajcMg,にじさんじ,1071857867,1870000,2823
2025-11-27 04:25:13,UC3ruCdV7xnwAbpkW9tQq-6A,のーわん【NoOnE】,419227849,409000,1206
2025-11-27 04:25:13,UC9Lx-zRFGfpuls27tNAOIqA,マエスケ,1542232163,1830000,1138
2025-11-27 04:25:13,UCNVIo0UJXTdEnsRkCB9Q03w,ILLIT - Topic,564492320,57700,59
2025-11-27 04:25:13,UCMzLWawc9x3rUsqYDEfgqzA,ジャック・オ・蘭たん,712569541,648000,1888
2025-11-27 04:25:13,UC0ux2IFOXkj6ifQ4aSs9l7Q,大月【おおつき】,14755460,17400,1218
2025-11-27 04:25:13,UChhKBlh_wvspTh5n4mL0b5g,BOYNEXTDOOR,1166800131,2060000,2200
2025-11-27 04:25:13,UCdszfKemUn36sOEplfkiGVQ,GPV LABEL,3010003,5360,90
2025-11-27 04:25:13,UCaO6TYtlC8U5ttz62hTrZgg,JYP Entertainment,26024673774,31500000,2639
2025-11-27 04:25:13,UCpYHkc4rzWEW7iVXIyxQebA,Hey! Say! JUMP - Topic,58891636,5080,738
2025-11-27 04:25:13,UC-hM6YJuNYVAmUWxeIr9FeA,Miko Ch. さくらみこ,889625882,2460000,2043
2025-11-27 04:25:13,UCYA14rrNjvQq_P_YSNeJHgA,スロライブ,89912824,46500,895
2025-11-27 04:25:13,UC8_Ag6BVp43Vmrx6eillK9g,Vaundy - Topic,909410799,2190,110
2025-11-27 04:25:13,UCxWcO9CLti4uouUIS5IIF-Q,Nornis,59019055,228000,110
2025-11-27 04:25:13,UCJnL-TBcsYrF2SLs7tmiC8Q,tripleS official,697072588,2880000,3056
2025-11-27 18:23:14,UCS57xc1Bf-znC9_ouCc3SZw,佐野元春 - DaisyMusic,50511392,77700,163
2025-11-27 18:23:14,UCtwTCZuQkTIwUf5m9mlZnOQ,Release - Topic,27370,52,7
2025-11-27 18:23:14,UCs8nP5mUR3pwJmgixsul8Hw,Saucy Dog,503080790,860000,120
2025-11-27 18:23:14,UC9zY_E8mcAo_Oq772LEZq8Q,THE FIRST TAKE,6263951155,11500000,1529
2025-11-27 18:23:14,UCooVYzDxdwTtGYAkcPmOgOw,Brawl Stars,4006370981,23200000,370
2025-11-27 18:23:14,UCspv01oxUFf_MTSipURRhkA,Kanae Channel,785693510,1510000,4292
2025-11-27 18:23:14,UC7wu64jFsV02bbu6UHUd7JA,ガンダムチャンネル,412635067,1670000,1658
2025-11-27 18:23:14,UCILZFnKZJksR7zwhZbAB4vw,れじぇくん,1503244285,1170000,1428
2025-11-27 18:23:14,UClqWF_XeXy469i4KDurpjWw,Yukopi,13448,2,1
2025-11-27 18:23:14,UCy0DH4rgPPjDWVZO7wibcSQ,めめんともり,352005588,335000,468
2025-11-27 18:23:14,UC6FadPgGviUcq6VQ0CEJqdQ,Juice=Juice,163770158,250000,280
2025-11-27 18:23:14,UCH-lygWpHodDff3iQurnWnQ,加藤純一切り抜き集,1719255492,580000,5440
2025-11-27 18:23:14,UCDBdcJ3JIg2sjDg8QR3xp-g,Iyowa - Topic,65698952,31400,87
2025-11-27 18:23:14,UCYA14rrNjvQq_P_YSNeJHgA,スロライブ,89961056,46500,895
2025-11-27 18:23:14,UCB_qr75-ydFVKSF9Dmo6izg,FORMULA 1,8871159200,13700000,9408
2025-11-27 18:23:14,UCFuugQScqDfJcsOEWbL1_tg,Gero Channel,209118582,551000,166
2025-11-27 18:23:14,UCoQhX2O93MVTWfgIz-8wOmg,KUNの50人クラフト,466114749,543000,1051
2025-11-27 18:23:14,UCZ1xuCK1kNmn5RzPYIZop3w,リゼ・ヘルエスタ -Lize Helesta-,299329789,957000,1090
2025-11-27 18:23:14,UCmovZ2th3Sqpd00F5RdeigQ,加賀美 ハヤト/Hayato Kagami,332409391,921000,1522
2025-11-27 18:23:14,UCOjkVJQcjtWnpf0-1ft4brA,ゆっくりむちゃたぬき,210189117,352000,423
2025-11-27 18:23:14,UCy2IDlWr4fbdO2dbka98bSg,HACHI - Topic,18777542,625,60
2025-11-27 18:23:14,UCEfbtVOJgicdHjs5HzOzJlA,ぱち・スロ部,3673041,1770,303
2025-11-27 18:23:14,UCqMRVBz-hhSFRuqlL1guqig,あひるだっく,52130194,128000,89
2025-11-27 18:23:14,UCZVVCZwOpCbDXB84SDqWixQ,Lil Shady,56319498,284000,97
2025-11-27 18:23:14,UCOx-oLP9tOhiYwSK_m-yVxA,オモコロチャンネル,618632593,473000,1144
2025-11-27 18:23:14,UC0ux2IFOXkj6ifQ4aSs9l7Q,大月【おおつき】,14796820,17500,1219
2025-11-27 18:23:14,UCRDJ3DN-6ND_a4LSJ35L91A,立川ちゃんねる,106588840,107000,639
2025-11-27 18:23:14,UCUzpZpX2wRYOk3J8QTFGxDg,乃木坂46 OFFICIAL YouTube CHANNEL,1610447858,1730000,1168
2025-11-27 18:23:14,UC56x--_QtyaWD1QptYrPMqA,刀剣乱舞 公式チャンネル,9562875,131000,116
2025-11-27 18:23:14,UCfkXDY7vwkcJ8ddFGz8KusA,SEVENTEEN,7797609294,16200000,3288
2025-11-27 18:23:14,UCd9BXPj-KcMTh0HiB-Vlb8A,モンスト（モンスターストライク）公式,1160616788,1550000,4581
2025-11-27 18:23:14,UCPJCP_fon2mOMfibbBPUOYw,SAWAYAN GAMES / サワヤン ゲームズ,1299302501,2070000,3418
2025-11-27 18:23:14,UCcmLTYWn2bI5GwNVSP1bl4Q,バッチコイなみちょ,15066375,17400,647
2025-11-27 18:23:14,UCMJiPpN_09F0aWpQrgbc_qg,キヨ。,6532581967,5490000,3083
2025-11-27 18:23:14,UCqQNCRSihFHVsXrDikNeYSg,げまじょが好き【にじさんじEXゲマズ切り抜き】,4585662,2390,119
2025-11-27 18:23:14,UC1DCedRgGHBdm81E1llLhOQ,Pekora Ch. 兎田ぺこら,1012937716,2740000,2344
2025-11-27 18:23:14,UC6SmH9mR82nj28_NNg_rZvA,スクウェア・エニックス,1173377967,1090000,10986
2025-11-27 18:23:14,UC7aYDbAOIKIMt25ENfJ68Qw,ルカ,118721142,120000,2127
2025-11-27 18:23:14,UCMGvmEqkVbl372DCyn3NLAw,【吹いたら負け】葛葉先生のしくじり【切り抜き】,180594707,136000,978
2025-11-27 18:23:14,UCv2ejD5B1xOYtGB2cf80B8g,Netflix Japan,1983114200,2310000,7764
2025-11-27 18:23:14,UCcz2Y1yhR42UxbFwvPFGCmA,きっしー助六ちゃんねる,75916692,61600,941
2025-11-27 18:23:14,UCdCC1L_OxLrkoEjR19iXpRw,パチスロードch,136215959,75700,815
2025-11-27 18:23:14,UC6H_7uSepAzrlayBjAb9rrg,WurtS - Topic,69108754,698,82
2025-11-27 18:23:14,UChhKBlh_wvspTh5n4mL0b5g,BOYNEXTDOOR,1166800131,2070000,2201
2025-11-27 18:23:14,UCMF_5h2OejEhVorTB02UUSg,MAZZEL,243792578,285000,721
2025-11-27 18:23:14,UC_vMYWcDjmfdpH6r4TTn1MQ,Iroha ch. 風真いろは - holoX -,263202951,1130000,1055
2025-11-27 18:23:14,UCHVkYOT63gAz5yTxjo68_Ng,家スロットゲームパンダ’s ROOM@琉球🐼🪸,1226399,1680,76
2025-11-27 18:23:14,UCUbAVVpHteGtGQPPN9lM3oQ,ホロライブ切り抜き/なめたけ,572272419,339000,2103
2025-11-27 18:23:14,UCBuLdF0tQn5oZjpvYWSQkaA,Liura Channel,92259839,206000,376
2025-11-27 18:23:14,UCTEQRq53fm5tw-3vJ1HLUCw,MAY'S - Topic,4421756,710,309
2025-11-27 18:23:14,UC-UxhoAxlq57uZ8BA0b1Jyw,FPS切り抜きボット【ローレン・イロアス】,156707785,119000,1404
2025-11-27 18:23:14,UCiZqWVAeChfqlom5ZPR3ZJA,NCT WISH,630033332,1140000,1125
2025-11-27 18:23:14,UCHghNZNbV-CPbb_f3FslObw,がんばるぴえんちゃんパチンコ日記,80501715,100000,1533
2025-11-27 18:23:14,UCH4yRBPH2pDUjPeqomx8CTQ,てるとくん,548708568,1330000,1895
2025-11-27 18:23:14,UCl_HfKfmxefUAVHPyJu0aCg,シュガーの宝舟,80143480,84300,1358
2025-11-27 18:23:14,UCdkVEDVAW5aFmA-Mkz0lAFQ,ひたまゆ。,466707359,410000,2795
2025-11-27 18:23:14,UCmnZL4tFRl4sm-uJOxTLHmg,今日ポケch.,986677118,569000,1304
2025-11-27 18:23:14,UCaO6TYtlC8U5ttz62hTrZgg,JYP Entertainment,26030065040,31500000,2640
2025-11-27 18:23:14,UCXqWKjzm2YMH6Bs7rAmsKFw,福本大晴,7532808,89600,145
2025-11-27 18:23:14,UCvzGlP9oQwU--Y0r9id_jnA,Subaru Ch. 大空スバル,581301904,1950000,1895
2025-11-27 18:23:14,UC15ebOqdhmvl1eb0s0jk5aw,戦極MCBATTLE,1332859018,847000,5384
2025-11-27 18:23:14,UCOVLrBaOiMH5QDKXTycZ8Pw,やっちゃんの崖っぷちスロパチ生活,698980096,326000,5205
2025-11-27 18:23:14,UCkv76wCrBDQNn7ctcbn6Qeg,Nissy - Topic,93375916,26400,192
2025-11-27 18:23:14,UCp_Az_oKu8-J5qIQpF35JbA,やわらちゃんねる,193005093,279000,862
2025-11-27 18:23:14,UCzRzPAT-AjlPyec5yXG974g,カワノKawano,208293143,184000,1322
2025-11-27 18:23:14,UClNdVSK1uy2xFHTaXZYXopw,らっだぁ,1819198345,1450000,2342
2025-11-27 18:23:14,UCu2Fxqf37DAZ0ZhIsd1FZwA,Capcom Fighters JP,262929109,257000,3908
2025-11-27 18:23:14,UC14QT5j2nQI8lKBCGtrrBQA,アニプレックス チャンネル,4307214700,3720000,15438
2025-11-27 18:23:14,UC2NujFa5X09CdV0YCntmQDg,板橋ハウス,905179003,752000,2030
2025-11-27 18:23:14,UCHp2q2i85qt_9nn2H7AvGOw,NiziU Official,1563277157,2290000,2505
2025-11-27 18:23:14,UCUW6U6iOrntB0jw6-AbQo8g,RED Games,250702633,209000,3570
2025-11-27 18:23:14,UCDbUUremwf8k1x1GTYfB1Ng,ニート部クラフト,20447117,97200,126
2025-11-27 18:23:14,UCtPyU9cJgvvgH03PQKgaucA,ファミ通TUBE,183082460,208000,8153
2025-11-27 18:23:14,UC__iCxFigPdcry_UBv6sDGw,IO,16308497,38200,13
2025-11-27 18:23:14,UCLrYavXppY_4oRfquHk9VQg,HAGANE,14455474,75000,142
2025-11-27 18:23:14,UCc-PPk-lNe34JaWCcJQCL0g,ドコムスチャンネル,541285685,593000,2024
2025-11-27 18:23:14,UCFQu6Q-9LAS3KoEuRDNkzGA, ニート部,659301189,680000,3213
2025-11-27 18:23:14,UCgmFrRcyH7d1zR9sIVQhFow,ローレン・イロアス / Lauren Iroas【にじさんじ】,397160094,954000,1049
2025-11-27 18:23:14,UCAaGaynFpku5cAx6OOSrW-w,HoneyWorks OFFICIAL,1601855248,2850000,550
2025-11-27 18:23:14,UCvo8JUqHh2d1QGnK3LKyI4Q,ポケモンユナイト公式チャンネル,31962139,139000,467
2025-11-27 18:23:14,UCDhOdoqPxv96djR3tSq9NoA,ショコラ大佐の秘密基地,148646669,138000,1746
2025-11-27 18:23:14,UCBLGjbYv6-xxju1i44RjnnA,明透 -ᴀsᴜ-,132564670,625000,494
2025-11-27 18:23:14,UCLkAepWjdylmXSltofFvsYQ,BANGTANTV,26052132409,81700000,2935
2025-11-27 18:23:14,UCL7VEatXa9yBCKeM-ww8TnA,NX☆くさあん,208577725,238000,3563
2025-11-27 18:23:14,UCdVD0MsYecQaIE5Ru-pOIQQ,RIIZE,1015326967,1870000,1385
2025-11-27 18:23:14,UCkVvAm5jb62IMIJQj4wPVGA,TMSアニメ公式チャンネル,379535728,898000,1147
2025-11-27 18:23:14,UCpGpA7mSYmNJjLiJxKso5QA,しもふりチューブ,1783528661,2160000,3023
2025-11-27 18:23:14,UCeTo4Eh0TzpKbUL4vGQZ73A,LEX *,4588820,1280,14
2025-11-27 18:23:14,UCKU0SVkIPRqwiZaXJ9rXhdw,シュート。,216561429,256000,2335
2025-11-27 18:23:14,UCdszfKemUn36sOEplfkiGVQ,GPV LABEL,3034645,5380,91
2025-11-27 18:23:14,UCBA-kvU_zYdKreZbhhywX2Q,あいずちゃんねる,147829926,57400,803
2025-11-27 18:23:14,UCXeTnWiRoifoHHEzSyR5Ogg,パチンコ・パチスロ必勝ガイドチャンネル,52790155,86300,1324
2025-11-27 18:23:14,UCv7VutirxDn3RWIJXI68n_A,＝LOVE（イコールラブ）公式チャンネル,471205940,556000,474
2025-11-27 18:23:14,UCcg_rvE-fU2tATMwBAxW9bA,ヤングスキニー,149492671,239000,604
2025-11-27 18:23:14,UCYLp2FLXcqLUZhvrCxQmNIA,胡桃沢りりか,41004870,100000,2572
2025-11-27 18:23:14,UCtiObj3CsEAdNU6ZPWDsddQ,TOMORROW X TOGETHER OFFICIAL,3494513829,13100000,3042
2025-11-27 18:23:14,UC1FQWQ3y3-e8l1pCtWhJt5A,Vaundy,2295815134,2430000,226
2025-11-27 18:23:14,UCeA0fcfLVewbuD7H5YsrpdA,ライキジョーンズ,118883150,146000,3390
2025-11-27 18:23:14,UCZwcUEEjD8RVzB-TAw1ts3g,Eden - Topic,4266876,1760,38
2025-11-27 18:23:14,UCqeAYB1DMzfM-hG-Up52yNQ,つるおかかものはし,371628954,387000,3610
2025-11-27 18:23:14,UCIJAlAYCNN8RACtDDsy9K6g,Novelbright,652756465,733000,319
2025-11-27 18:23:14,UCtyXllCXnTAg4rjfI3UwIgA,しょうちゃんネル,301544555,138000,1547
2025-11-27 18:23:14,UCx1nAvtVDIsaGmCMSe8ofsQ,加藤純一【jun channel】,1137516709,1280000,1835
2025-11-27 18:23:14,UCtKBQ2BYD76GiJvcpZOBorg,えいま,11415764,13500,346
2025-11-27 18:23:14,UCqm3BQLlJfvkTsX_hvm0UmA,Watame Ch. 角巻わため,610016767,1700000,2979
2025-11-27 18:23:14,UC9Lx-zRFGfpuls27tNAOIqA,マエスケ,1543084879,1840000,1138
2025-11-27 18:23:14,UCxIK6x6sG7Ln5vjjPYpgeAw,Chogakusei Official,674277867,1010000,564
2025-11-27 18:23:14,UCGc93NguHRwzv1Rw9MyIcxQ,鳴潮 (Wuthering Waves)公式,104224935,345000,466
2025-11-27 18:23:14,UC3VId8brfshtHO6gMMqnZ5A,FLOW GLOW - Topic,393259,2190,5
2025-11-27 18:23:14,UC4YT50DP7hbMsor8FmyEPMw,Victor Entertainment,1489968652,1070000,4973
2025-11-27 18:23:14,UC070fhnqq38qNhqHm5rxTcQ,令和ちゃんねる,428623803,506000,3628
2025-11-27 18:23:14,UC6qVAJzxF5kSN_UUFSdODiQ,MAZZEL - Topic,19361522,8260,57
2025-11-27 18:23:14,UCu3kfiUaK7MmkQ40omEpGyQ,ナナ色チャンネル,4666870,8380,83
2025-11-27 18:23:14,UCNVIo0UJXTdEnsRkCB9Q03w,ILLIT - Topic,565212283,57700,59
2025-11-27 18:23:14,UCof7dOTnyxaidkKkcIFuflQ,Mone Kamishiraishi - Topic,26385160,326,123
2025-11-27 18:23:14,UCylNKKCfPMm8ROXasQWTonA,響咲リオナの足,3336188,7020,126
2025-11-27 18:23:14,UCwF6o6cF7BMTY1-OZ7ZUY7Q,フォートナイト 公式,270974311,410000,586
2025-11-27 18:23:14,UCM3yhFc0-fBFuvqx1Vg2YNQ,まいぜんシスターズ,7171762545,3180000,1860
2025-11-27 18:23:14,UCy9GuRXGTm8TliQ-OJ7KwzA,【V.I.P】,978762283,979000,2495
2025-11-27 18:23:14,UC3PFoXZPFJGy9F4PG84nNQQ,Soala - Topic,29220278,4820,84
2025-11-27 18:23:14,UC3NrSfe_yR5XX9zGFxYoV1Q,HIRAIDAI - Topic,281407124,3400,415
2025-11-27 18:23:14,UC3IZKseVpdzPSBaWxBxundA,HYBE LABELS,42534399305,79100000,2930
2025-11-27 18:23:14,UCJnL-TBcsYrF2SLs7tmiC8Q,tripleS official,697072588,2880000,3060
2025-11-27 18:23:14,UCt09C9DPSuOGpHoitbcyCIQ,ゼンレスゾーンゼロ-ZZZ-公式,230180173,754000,430
2025-11-27 18:23:14,UCpT4syVopfBl2bATVfAt65g,澤野弘之 / SawanoHiroyuki[nZk],51761013,4040,22
2025-11-27 18:23:14,UCrQUlOEbu-0T0l4DAcBEeIg,pizzaofdeathofficial,408251037,332000,372
2025-11-27 18:23:14,UCwJYQvXHtNn1c7RqED4E7MA,パンダドラゴン,44018394,92300,533
2025-11-27 18:23:14,UCMR5xpbhv3jzIQG1TOTg-Jg,B'z - Topic,290630711,3870,678
2025-11-27 18:23:14,UCdn5BQ06XqgXoAxIhbqw5Rg,フブキCh。白上フブキ,710953599,2640000,2968
2025-11-27 18:23:14,UCjJmYy279ehSYSwR1A3fXtA,マグロヘッド,394405965,735000,1754
2025-11-27 18:23:14,UCCzUftO8KOVkV4wQG1vkUvg,Marine Ch. 宝鐘マリン,2033880549,4260000,1560
2025-11-27 18:23:14,UCBhPDpv9JavoPADrZcsAC2A,あらき-ARAKI Official,320679686,489000,260
2025-11-27 18:23:14,UCia0Mw96B-yNYRka1J_mAsQ,HikacGamesヒカックゲームズ,640476658,660000,5203
2025-11-27 18:23:14,UCkKj-SiKyiFkj_dO1vmY3gA,加藤純一RECORDS,5266909,29200,82
2025-11-27 18:23:14,UCGjV4bsC43On-YuiLZcfL0w,KUN,3389315997,1660000,11233
2025-11-27 18:23:14,UCHvFSU5OP6c7QcJxIr87YtA,ウタエル Utael,446432580,582000,903
2025-11-27 18:23:14,UCX7YkU9nEeaoZbkVLVajcMg,にじさんじ,1071962136,1870000,2824
2025-11-27 18:23:14,UCeK22JmzkTMa69kZU9NEqsA,めじの【Vtuber応援隊】,31896540,15100,539
2025-11-27 18:23:14,UC3ruCdV7xnwAbpkW9tQq-6A,のーわん【NoOnE】,419484764,409000,1206
2025-11-27 18:23:14,UC_DopZ9OANqNGho0wFwADqA,けいちゃん / Keichan,502697517,1270000,606
2025-11-27 18:23:14,UC-ifW8mHzfsZVGHY8vxqrjA,A.B.C-Z,59464169,54600,437
2025-11-27 18:23:14,UC3J-txytRWiRtNXrLS95eEw,ASIAN KUNG-FU GENERATION Official YouTube Channel,608265861,788000,283
2025-11-27 18:23:14,UChn5TjkeEqd-JxzizMVSkOw,ハヤトの野望,1035625127,1510000,2418
2025-11-27 18:23:14,UC-hM6YJuNYVAmUWxeIr9FeA,Miko Ch. さくらみこ,889625882,2460000,2043
2025-11-27 18:23:14,UCAWxPGGuIfWME2KTLUmSCHw,ぱかチューブっ!【ウマ娘公式】,515911968,1310000,1288
2025-11-27 18:23:14,UCtceiniicYEsbAVuWy-Bi0Q,ドラゴンクエストウォーク公式,50515736,181000,160
2025-11-27 18:23:14,UCVh47EKH9VLresRqiYi9txw,Mili,608668101,1010000,117
2025-11-27 18:23:14,UCqKNMJ5s_vsf7WkesdBrvQA,IS:SUE,87680204,221000,770
2025-11-27 18:23:14,UC_ntXHv-XdKCD7CPynVvnQw,Bandai Namco Entertainment America,615627915,1460000,3570
2025-11-27 18:23:14,UCYXmyrGUVL8tX7VEvo_DjPw,シャル@ツモらせ隊,83359858,178000,901
2025-11-27 18:23:14,UCfipDDn7wY-C-SoUChgxCQQ,葉山舞鈴 / Ohayama Ch.,88098293,600000,1340
2025-11-27 18:23:14,UCFvSFbT8okMrpuFxBEIB2lg,M!LK,90312072,10400,243
2025-11-27 18:23:14,UCOTR1tcOAhjgi6YukrPpZxg,まふまふちゃんねる,2481707574,3610000,511
2025-11-27 18:23:14,UCXEo7JprZQGCPkezcZylHlQ,黒炭酸,152490020,202000,1757
2025-11-27 18:23:14,UCOfESRUR5duQ2hMnTQ4oqhA,BUMP OF CHICKEN,1637208579,1590000,165
2025-11-27 18:23:14,UCYe_uTI6X6mm9qaXm8iWFDg,ノッチ配信者パチンコライブ,269077781,125000,2728
2025-11-27 18:23:14,UC8Qwnts13zIh2EYUCau6m3w,ONE N' ONLY TV,112267072,214000,794
2025-11-27 18:23:14,UCyTaStlK0neSuKveYOIioaw,ぐんぐにるチャンネル,275100958,426000,447
2025-11-27 18:23:14,UCdPCarwi28K5Z7s5l2nMiLw,Uru Official YouTube Channel,901097541,1180000,296
2025-11-27 18:23:14,UCdMGYXL38w6htx6Yf9YJa-w,プロジェクトセカイ カラフルステージ! feat. 初音ミク,2004254384,2060000,1907
2025-11-27 18:23:14,UC9qSqkNFiByKzzoxT3Cydyw,Aiobahn,28200052,90100,14
2025-11-27 18:23:14,UC1DqlLj1onQhBfxW81OgQTw,GLAY,732544767,541000,886
2025-11-27 18:23:14,UCOXOcEbERAwGlE4ig9MaLSQ,夜勤明けパチンコパチスロ実践記,275742165,166000,1623
2025-11-27 18:23:14,UCXURHJRGr4-EB3l87kcbElw,NCT DREAM,2300999800,7000000,1316
2025-11-27 18:23:14,UCC4xWbcBVn-tHgchhrdmFpg,Jinmenusagi,9965654,32700,80
2025-11-27 18:23:14,UCEf_Bc-KVd7onSeifS3py9g,SMTOWN,32611320806,33500000,4641
2025-11-27 18:23:14,UCSFCh5NL4qXrAy9u-u2lX3g,Kuzuha Channel,1427452276,2100000,2820
2025-11-27 18:23:14,UChVflUz2J_jaaqYjXqvpmQA,iLiFE!【あいらいふ】,246311299,485000,534
2025-11-27 18:23:14,UCMzLWawc9x3rUsqYDEfgqzA,ジャック・オ・蘭たん,712914393,648000,1888
2025-11-27 18:23:14,UCENwRMx5Yh42zWpzURebzTw,Laplus ch. ラプラス・ダークネス - holoX -,400043743,1450000,918
2025-11-27 18:23:14,UCeuNlK0yX-6_4930q0JUGNw,白瀬,414452121,183000,2094
2025-11-27 18:23:14,UCZMRuagdTBKmmrFtSMN48Xw,牛沢,2665781448,1800000,3741
2025-11-27 18:23:14,UCxWcO9CLti4uouUIS5IIF-Q,Nornis,59019055,228000,110
2025-11-27 18:23:14,UCN7_YMtKaUiizHpw77XLVcw,EXILE,188655840,14800,311
2025-11-27 18:23:14,UCpYHkc4rzWEW7iVXIyxQebA,Hey! Say! JUMP - Topic,58958148,5080,738
2025-11-27 18:23:14,UCDwcZ85zjLKD-3-jqlv1wQQ,アンジュルム,213864061,229000,372
2025-11-27 18:23:14,UCrKna8EQAd7NPRYq-gIsuow,ホロライ部【ホロライブ切り抜き】,70087617,37900,614
2025-11-27 18:23:14,UC9rMiEjNaCSsebs31MRDCRA,Stray Kids,9673395528,22200000,1880
2025-11-27 18:23:14,UCWvr04hMa4k4wSilYcQ4qoA,キャベツの人【ゲーム紹介】,253316988,418000,973
2025-11-27 18:23:14,UCc-itdQHxLvUlPrDxIiSJrA,INI,748068954,653000,1268
2025-11-27 18:23:14,UCHzevlEL9JfsBIm86uNCJqg,宮野真守,78718653,449000,329
2025-11-27 18:23:14,UChUjERVG8eKEAJSCef-tTmg,k4sen / かせん,718644367,1020000,3064
2025-11-27 18:23:14,UC-_iQWdEZY66nGGaHH0Ygmg,僕が見たかった青空,52805973,122000,498
2025-11-27 18:23:14,UCjcYYjM16TFOPXDjWgzHiHA,超覚醒てえんだ「スロパチ生放送」,87356301,140000,571
2025-11-27 18:23:14,UC5vqbtNnbOF2h7A_xlrIPUw,ぽっぴんず,916917839,630000,1053
2025-11-27 18:23:14,UCJy7zfLsKBXoo2soFMum7JQ,あかさかの箱,1290928433,2620000,2688
2025-11-27 18:23:14,UCx-QS9BIo_L_lx5dkpys1qw,ねこまんまのパチ•チャンネル,8057185,14300,169
2025-11-27 18:23:14,UCzXjPL7zo0bxhOYDxLJ9YEg,ポッキー,4097167938,3750000,4360
2025-11-27 18:23:14,UC8eq3M3Yft3FUgxEX6lOZMg,chotokkyu - Topic,35832016,577,486
2025-11-27 18:23:14,UCZetZElUvdElPrcstRjl9DA,加藤純一ロードショー,413602922,509000,982
2025-11-27 18:23:14,UCENoC6MLc4pL-vehJyzSWmg,もこうの実況,1736452511,1600000,5787
2025-11-27 18:23:14,UCvaTdHTWBGv3MKj3KVqJVCw,Okayu Ch. 猫又おかゆ,626491070,2060000,1592
2025-11-27 18:23:14,UCHD1jo5RhijLfx5-0Ehe_cg,&TEAM,466813545,1320000,1409
2025-11-27 18:23:14,UCPVr7clenPjpD7WNsSI3UBQ,レトルト,2879338263,2590000,3850
2025-11-27 18:23:14,UC8rk-fIWJXYlSF8tkfG9wWg,天色鮫,66637382,192000,132
2025-11-27 18:23:14,UC8_Ag6BVp43Vmrx6eillK9g,Vaundy - Topic,909879734,2190,110
2025-11-27 18:23:14,UC5nxCVEWQLLfkPuMylpkYkA,ロス,123613887,487000,68
2025-11-27 18:23:14,UCj4PjeVMnNTHIR5EeoNKPAw,ドズル社,4906590678,2570000,10213
2025-11-27 18:23:14,UCHazKLThRbMyMFu2bVAKhng,ウォーターチャレンジ,3130936876,3150000,2181
2025-11-27 08:32:17,UC__iCxFigPdcry_UBv6sDGw,IO,16308497,38200,13
2025-11-27 08:32:17,UCtyXllCXnTAg4rjfI3UwIgA,しょうちゃんネル,300738637,138000,1547
2025-11-27 08:32:17,UCIJAlAYCNN8RACtDDsy9K6g,Novelbright,652756465,733000,319
2025-11-27 08:32:17,UChn5TjkeEqd-JxzizMVSkOw,ハヤトの野望,1035273674,1510000,2417
2025-11-27 08:32:17,UCDwcZ85zjLKD-3-jqlv1wQQ,アンジュルム,213864061,229000,370
2025-11-27 08:32:17,UCeA0fcfLVewbuD7H5YsrpdA,ライキジョーンズ,118818550,146000,3390
2025-11-27 08:32:17,UC9qSqkNFiByKzzoxT3Cydyw,Aiobahn,28114924,90100,14
2025-11-27 08:32:17,UC-_iQWdEZY66nGGaHH0Ygmg,僕が見たかった青空,52805973,122000,498
2025-11-27 08:32:17,UCx1nAvtVDIsaGmCMSe8ofsQ,加藤純一【jun channel】,1137353557,1280000,1835
2025-11-27 08:32:17,UC6H_7uSepAzrlayBjAb9rrg,WurtS - Topic,69060265,698,82
2025-11-27 08:32:17,UCrQUlOEbu-0T0l4DAcBEeIg,pizzaofdeathofficial,408137708,332000,372
2025-11-27 08:32:17,UC3ruCdV7xnwAbpkW9tQq-6A,のーわん【NoOnE】,419227849,409000,1206
2025-11-27 08:32:17,UCHazKLThRbMyMFu2bVAKhng,ウォーターチャレンジ,3130243899,3150000,2181
2025-11-27 08:32:17,UCOjkVJQcjtWnpf0-1ft4brA,ゆっくりむちゃたぬき,210112850,352000,423
2025-11-27 08:32:17,UC2NujFa5X09CdV0YCntmQDg,板橋ハウス,904835559,752000,2029
2025-11-27 08:32:17,UCqeAYB1DMzfM-hG-Up52yNQ,つるおかかものはし,371359176,387000,3610
2025-11-27 08:32:17,UCB_qr75-ydFVKSF9Dmo6izg,FORMULA 1,8868120810,13700000,9408
2025-11-27 08:32:17,UC9rMiEjNaCSsebs31MRDCRA,Stray Kids,9673395528,22200000,1879
2025-11-27 08:32:17,UCEf_Bc-KVd7onSeifS3py9g,SMTOWN,32604384233,33500000,4641
2025-11-27 08:32:17,UClqWF_XeXy469i4KDurpjWw,Yukopi,0,2,1
2025-11-27 08:32:17,UCjcYYjM16TFOPXDjWgzHiHA,超覚醒てえんだ「スロパチ生放送」,87303765,140000,571
2025-11-27 08:32:17,UCtwTCZuQkTIwUf5m9mlZnOQ,Release - Topic,15655,47,7
2025-11-27 08:32:17,UCxWcO9CLti4uouUIS5IIF-Q,Nornis,59019055,228000,110
2025-11-27 08:32:17,UCtceiniicYEsbAVuWy-Bi0Q,ドラゴンクエストウォーク公式,50338847,181000,160
2025-11-27 08:32:17,UCyTaStlK0neSuKveYOIioaw,ぐんぐにるチャンネル,275072390,426000,447
2025-11-27 08:32:17,UCv2ejD5B1xOYtGB2cf80B8g,Netflix Japan,1982053787,2300000,7760
2025-11-27 08:32:17,UCHvFSU5OP6c7QcJxIr87YtA,ウタエル Utael,446316043,582000,903
2025-11-27 08:32:17,UCeTo4Eh0TzpKbUL4vGQZ73A,LEX *,4529834,1280,14
2025-11-27 08:32:17,UChhKBlh_wvspTh5n4mL0b5g,BOYNEXTDOOR,1166800131,2060000,2200
2025-11-27 08:32:17,UCXEo7JprZQGCPkezcZylHlQ,黒炭酸,152370607,202000,1757
2025-11-27 08:32:17,UCRDJ3DN-6ND_a4LSJ35L91A,立川ちゃんねる,106517662,107000,639
2025-11-27 08:32:17,UCcg_rvE-fU2tATMwBAxW9bA,ヤングスキニー,149492671,238000,603
2025-11-27 08:32:17,UClNdVSK1uy2xFHTaXZYXopw,らっだぁ,1818594075,1450000,2341
2025-11-27 08:32:17,UC5nxCVEWQLLfkPuMylpkYkA,ロス,123613887,487000,68
2025-11-27 08:32:17,UCYLp2FLXcqLUZhvrCxQmNIA,胡桃沢りりか,41002456,100000,2571
2025-11-27 08:32:17,UCSFCh5NL4qXrAy9u-u2lX3g,Kuzuha Channel,1426871249,2100000,2820
2025-11-27 08:32:17,UC070fhnqq38qNhqHm5rxTcQ,令和ちゃんねる,428434108,506000,3628
2025-11-27 08:32:17,UCPVr7clenPjpD7WNsSI3UBQ,レトルト,2878966659,2590000,3850
2025-11-27 08:32:17,UCaO6TYtlC8U5ttz62hTrZgg,JYP Entertainment,26024673774,31500000,2639
2025-11-27 08:32:17,UC1DqlLj1onQhBfxW81OgQTw,GLAY,732544767,541000,884
2025-11-27 08:32:17,UCtiObj3CsEAdNU6ZPWDsddQ,TOMORROW X TOGETHER OFFICIAL,3494513829,13100000,3041
2025-11-27 08:32:17,UCLkAepWjdylmXSltofFvsYQ,BANGTANTV,26052132409,81700000,2935
2025-11-27 08:32:17,UC8eq3M3Yft3FUgxEX6lOZMg,chotokkyu - Topic,35801881,577,486
2025-11-27 08:32:17,UCGc93NguHRwzv1Rw9MyIcxQ,鳴潮 (Wuthering Waves)公式,103289027,345000,465
2025-11-27 08:32:17,UCj4PjeVMnNTHIR5EeoNKPAw,ドズル社,4902232621,2570000,10212
2025-11-27 08:32:17,UCMF_5h2OejEhVorTB02UUSg,MAZZEL,243792578,284000,721
2025-11-27 08:32:17,UCqQNCRSihFHVsXrDikNeYSg,げまじょが好き【にじさんじEXゲマズ切り抜き】,4562810,2350,118
2025-11-27 08:32:17,UCFuugQScqDfJcsOEWbL1_tg,Gero Channel,209118582,551000,166
2025-11-27 08:32:17,UCOx-oLP9tOhiYwSK_m-yVxA,オモコロチャンネル,618321757,473000,1144
2025-11-27 08:32:17,UCJy7zfLsKBXoo2soFMum7JQ,あかさかの箱,1290432566,2620000,2688
2025-11-27 08:32:17,UCCzUftO8KOVkV4wQG1vkUvg,Marine Ch. 宝鐘マリン,2033880549,4260000,1560
2025-11-27 08:32:17,UCeK22JmzkTMa69kZU9NEqsA,めじの【Vtuber応援隊】,31854678,15100,539
2025-11-27 08:32:17,UCBA-kvU_zYdKreZbhhywX2Q,あいずちゃんねる,147762219,57400,803
2025-11-27 08:32:17,UC5vqbtNnbOF2h7A_xlrIPUw,ぽっぴんず,916718072,630000,1053
2025-11-27 08:32:17,UCILZFnKZJksR7zwhZbAB4vw,れじぇくん,1503150752,1170000,1428
2025-11-27 08:32:17,UCOVLrBaOiMH5QDKXTycZ8Pw,やっちゃんの崖っぷちスロパチ生活,698795746,326000,5204
2025-11-27 08:32:17,UC-hM6YJuNYVAmUWxeIr9FeA,Miko Ch. さくらみこ,889625882,2460000,2043
2025-11-27 08:32:17,UCHp2q2i85qt_9nn2H7AvGOw,NiziU Official,1563277157,2290000,2504
2025-11-27 08:32:17,UCGjV4bsC43On-YuiLZcfL0w,KUN,3389035363,1660000,11232
2025-11-27 08:32:17,UCu3kfiUaK7MmkQ40omEpGyQ,ナナ色チャンネル,4617009,8320,83
2025-11-27 08:32:17,UCwF6o6cF7BMTY1-OZ7ZUY7Q,フォートナイト 公式,270947794,410000,586
2025-11-27 08:32:17,UCDhOdoqPxv96djR3tSq9NoA,ショコラ大佐の秘密基地,148514604,138000,1746
2025-11-27 08:32:17,UC9Lx-zRFGfpuls27tNAOIqA,マエスケ,1542232163,1840000,1138
2025-11-27 08:32:17,UCvo8JUqHh2d1QGnK3LKyI4Q,ポケモンユナイト公式チャンネル,31957122,139000,467
2025-11-27 08:32:17,UCAaGaynFpku5cAx6OOSrW-w,HoneyWorks OFFICIAL,1601855248,2850000,550
2025-11-27 08:32:17,UCv7VutirxDn3RWIJXI68n_A,＝LOVE（イコールラブ）公式チャンネル,466225819,556000,474
2025-11-27 08:32:17,UCHghNZNbV-CPbb_f3FslObw,がんばるぴえんちゃんパチンコ日記,80359809,100000,1532
2025-11-27 08:32:17,UCMJiPpN_09F0aWpQrgbc_qg,キヨ。,6531537929,5480000,3083
2025-11-27 08:32:17,UCdPCarwi28K5Z7s5l2nMiLw,Uru Official YouTube Channel,901097541,1180000,296
2025-11-27 08:32:17,UCfipDDn7wY-C-SoUChgxCQQ,葉山舞鈴 / Ohayama Ch.,88056806,599000,1340
2025-11-27 08:32:17,UC1DCedRgGHBdm81E1llLhOQ,Pekora Ch. 兎田ぺこら,1012567289,2740000,2343
2025-11-27 08:32:17,UCpT4syVopfBl2bATVfAt65g,澤野弘之 / SawanoHiroyuki[nZk],51700285,4000,22
2025-11-27 08:32:17,UC8rk-fIWJXYlSF8tkfG9wWg,天色鮫,66592457,192000,132
2025-11-27 08:32:17,UCXeTnWiRoifoHHEzSyR5Ogg,パチンコ・パチスロ必勝ガイドチャンネル,52764469,86300,1324
2025-11-27 08:32:17,UCEfbtVOJgicdHjs5HzOzJlA,ぱち・スロ部,3670936,1770,303
2025-11-27 08:32:17,UCs8nP5mUR3pwJmgixsul8Hw,Saucy Dog,503080790,860000,121
2025-11-27 08:32:17,UCdn5BQ06XqgXoAxIhbqw5Rg,フブキCh。白上フブキ,710674501,2640000,2968
2025-11-27 08:32:17,UC15ebOqdhmvl1eb0s0jk5aw,戦極MCBATTLE,1332572110,847000,5383
2025-11-27 08:32:17,UCOTR1tcOAhjgi6YukrPpZxg,まふまふちゃんねる,2481479816,3610000,511
2025-11-27 08:32:17,UCUzpZpX2wRYOk3J8QTFGxDg,乃木坂46 OFFICIAL YouTube CHANNEL,1610447858,1730000,1168
2025-11-27 08:32:17,UCdMGYXL38w6htx6Yf9YJa-w,プロジェクトセカイ カラフルステージ! feat. 初音ミク,2003481748,2060000,1907
2025-11-27 08:32:17,UCdszfKemUn36sOEplfkiGVQ,GPV LABEL,3010003,5360,90
2025-11-27 08:32:17,UCNVIo0UJXTdEnsRkCB9Q03w,ILLIT - Topic,564492320,57700,59
2025-11-27 08:32:17,UCZwcUEEjD8RVzB-TAw1ts3g,Eden - Topic,4247351,1750,38
2025-11-27 08:32:17,UCdkVEDVAW5aFmA-Mkz0lAFQ,ひたまゆ。,466569140,410000,2793
2025-11-27 08:32:17,UC3J-txytRWiRtNXrLS95eEw,ASIAN KUNG-FU GENERATION Official YouTube Channel,608265861,788000,282
2025-11-27 08:32:17,UCFvSFbT8okMrpuFxBEIB2lg,M!LK,89927468,10400,243
2025-11-27 08:32:17,UCYXmyrGUVL8tX7VEvo_DjPw,シャル@ツモらせ隊,83246778,178000,901
2025-11-27 08:32:17,UCBuLdF0tQn5oZjpvYWSQkaA,Liura Channel,92182018,206000,375
2025-11-27 08:32:17,UCXURHJRGr4-EB3l87kcbElw,NCT DREAM,2300999800,7000000,1314
2025-11-27 08:32:17,UCH-lygWpHodDff3iQurnWnQ,加藤純一切り抜き集,1719047989,580000,5439
2025-11-27 08:32:17,UC14QT5j2nQI8lKBCGtrrBQA,アニプレックス チャンネル,4305419674,3720000,15436
2025-11-27 08:32:17,UCooVYzDxdwTtGYAkcPmOgOw,Brawl Stars,4004541024,23200000,370
2025-11-27 08:32:17,UCBLGjbYv6-xxju1i44RjnnA,明透 -ᴀsᴜ-,132564670,625000,494
2025-11-27 08:32:17,UCqMRVBz-hhSFRuqlL1guqig,あひるだっく,52092416,128000,89
2025-11-27 08:32:17,UCFQu6Q-9LAS3KoEuRDNkzGA, ニート部,659051656,680000,3213
2025-11-27 08:32:17,UCpGpA7mSYmNJjLiJxKso5QA,しもふりチューブ,1783234955,2160000,3021
2025-11-27 08:32:17,UCX7YkU9nEeaoZbkVLVajcMg,にじさんじ,1071857867,1870000,2823
2025-11-27 08:32:17,UCrKna8EQAd7NPRYq-gIsuow,ホロライ部【ホロライブ切り抜き】,70059191,37800,614
2025-11-27 08:32:17,UCYe_uTI6X6mm9qaXm8iWFDg,ノッチ配信者パチンコライブ,268791622,125000,2727
2025-11-27 08:32:17,UCkv76wCrBDQNn7ctcbn6Qeg,Nissy - Topic,93321454,26400,192
2025-11-27 08:32:17,UChUjERVG8eKEAJSCef-tTmg,k4sen / かせん,718133831,1020000,3063
2025-11-27 08:32:17,UC3NrSfe_yR5XX9zGFxYoV1Q,HIRAIDAI - Topic,281321781,3400,415
2025-11-27 08:32:17,UCL7VEatXa9yBCKeM-ww8TnA,NX☆くさあん,208509168,238000,3563
2025-11-27 08:32:17,UC_DopZ9OANqNGho0wFwADqA,けいちゃん / Keichan,502697517,1270000,606
2025-11-27 08:32:17,UCc-PPk-lNe34JaWCcJQCL0g,ドコムスチャンネル,540983918,593000,2023
2025-11-27 08:32:17,UCkKj-SiKyiFkj_dO1vmY3gA,加藤純一RECORDS,5240810,29200,82
2025-11-27 08:32:17,UC8Qwnts13zIh2EYUCau6m3w,ONE N' ONLY TV,112267072,214000,794
2025-11-27 08:32:17,UCZVVCZwOpCbDXB84SDqWixQ,Lil Shady,56319498,284000,97
2025-11-27 08:32:17,UCDbUUremwf8k1x1GTYfB1Ng,ニート部クラフト,20408585,97200,125
2025-11-27 08:32:17,UCVh47EKH9VLresRqiYi9txw,Mili,608668101,1010000,117
2025-11-27 08:32:17,UC6FadPgGviUcq6VQ0CEJqdQ,Juice=Juice,163770158,250000,280
2025-11-27 08:32:17,UC6qVAJzxF5kSN_UUFSdODiQ,MAZZEL - Topic,19327931,8260,57
2025-11-27 08:32:17,UCoQhX2O93MVTWfgIz-8wOmg,KUNの50人クラフト,465752151,543000,1049
2025-11-27 08:32:17,UCUW6U6iOrntB0jw6-AbQo8g,RED Games,250478782,209000,3569
2025-11-27 08:32:17,UC3IZKseVpdzPSBaWxBxundA,HYBE LABELS,42525965792,79100000,2930
2025-11-27 08:32:17,UCtPyU9cJgvvgH03PQKgaucA,ファミ通TUBE,183049444,208000,8153
2025-11-27 08:32:17,UCM3yhFc0-fBFuvqx1Vg2YNQ,まいぜんシスターズ,7171218264,3180000,1860
2025-11-27 08:32:17,UCdCC1L_OxLrkoEjR19iXpRw,パチスロードch,135958194,75700,815
2025-11-27 08:32:17,UCt09C9DPSuOGpHoitbcyCIQ,ゼンレスゾーンゼロ-ZZZ-公式,229813205,754000,429
2025-11-27 08:32:17,UCC4xWbcBVn-tHgchhrdmFpg,Jinmenusagi,9965654,32700,80
2025-11-27 08:32:17,UCkVvAm5jb62IMIJQj4wPVGA,TMSアニメ公式チャンネル,379265333,898000,1147
2025-11-27 08:32:17,UCp_Az_oKu8-J5qIQpF35JbA,やわらちゃんねる,192967438,279000,862
2025-11-27 08:32:17,UC7aYDbAOIKIMt25ENfJ68Qw,ルカ,118706200,120000,2126
2025-11-27 08:32:17,UCfkXDY7vwkcJ8ddFGz8KusA,SEVENTEEN,7797609294,16200000,3277
2025-11-27 08:32:17,UCspv01oxUFf_MTSipURRhkA,Kanae Channel,785230045,1510000,4292
2025-11-27 08:32:17,UCJnL-TBcsYrF2SLs7tmiC8Q,tripleS official,697072588,2880000,3056
2025-11-27 08:32:17,UCENoC6MLc4pL-vehJyzSWmg,もこうの実況,1736272748,1600000,5787
2025-11-27 08:32:17,UC0ux2IFOXkj6ifQ4aSs9l7Q,大月【おおつき】,14755460,17400,1218
2025-11-27 08:32:17,UCS57xc1Bf-znC9_ouCc3SZw,佐野元春 - DaisyMusic,50511392,77700,163
2025-11-27 08:32:17,UCcz2Y1yhR42UxbFwvPFGCmA,きっしー助六ちゃんねる,75804570,61500,940
2025-11-27 08:32:17,UCdVD0MsYecQaIE5Ru-pOIQQ,RIIZE,1015326967,1870000,1382
2025-11-27 08:32:17,UCAWxPGGuIfWME2KTLUmSCHw,ぱかチューブっ!【ウマ娘公式】,516010480,1310000,1287
2025-11-27 08:32:17,UCylNKKCfPMm8ROXasQWTonA,響咲リオナの足,3252151,6970,124
2025-11-27 08:32:17,UChVflUz2J_jaaqYjXqvpmQA,iLiFE!【あいらいふ】,246311299,485000,533
2025-11-27 08:32:17,UCqm3BQLlJfvkTsX_hvm0UmA,Watame Ch. 角巻わため,610016767,1700000,2979
2025-11-27 08:32:17,UC_vMYWcDjmfdpH6r4TTn1MQ,Iroha ch. 風真いろは - holoX -,262964239,1130000,1053
2025-11-27 08:32:17,UCKU0SVkIPRqwiZaXJ9rXhdw,シュート。,216524805,256000,2334
2025-11-27 08:32:17,UCy0DH4rgPPjDWVZO7wibcSQ,めめんともり,351780904,335000,468
2025-11-27 08:32:17,UCiZqWVAeChfqlom5ZPR3ZJA,NCT WISH,630033332,1140000,1125
2025-11-27 08:32:17,UCmovZ2th3Sqpd00F5RdeigQ,加賀美 ハヤト/Hayato Kagami,332409391,921000,1522
2025-11-27 08:32:17,UCc-itdQHxLvUlPrDxIiSJrA,INI,748068954,653000,1268
2025-11-27 08:32:17,UC4YT50DP7hbMsor8FmyEPMw,Victor Entertainment,1489698608,1070000,4972
2025-11-27 08:32:17,UCzRzPAT-AjlPyec5yXG974g,カワノKawano,208043598,184000,1322
2025-11-27 08:32:17,UC6SmH9mR82nj28_NNg_rZvA,スクウェア・エニックス,1173185129,1090000,10984
2025-11-27 08:32:17,UCtKBQ2BYD76GiJvcpZOBorg,えいま,11412217,13500,346
2025-11-27 08:32:17,UCBhPDpv9JavoPADrZcsAC2A,あらき-ARAKI Official,320679686,489000,260
2025-11-27 08:32:17,UCy9GuRXGTm8TliQ-OJ7KwzA,【V.I.P】,978506983,979000,2495
2025-11-27 08:32:17,UCmnZL4tFRl4sm-uJOxTLHmg,今日ポケch.,985785109,569000,1304
2025-11-27 08:32:17,UCx-QS9BIo_L_lx5dkpys1qw,ねこまんまのパチ•チャンネル,7980136,14300,168
2025-11-27 08:32:17,UCLrYavXppY_4oRfquHk9VQg,HAGANE,14455474,74900,142
2025-11-27 08:32:17,UCZetZElUvdElPrcstRjl9DA,加藤純一ロードショー,413351485,509000,982
2025-11-27 08:32:17,UC_ntXHv-XdKCD7CPynVvnQw,Bandai Namco Entertainment America,615539104,1460000,3570
2025-11-27 08:32:17,UCvzGlP9oQwU--Y0r9id_jnA,Subaru Ch. 大空スバル,581212274,1950000,1895
2025-11-27 08:32:17,UCMGvmEqkVbl372DCyn3NLAw,【吹いたら負け】葛葉先生のしくじり【切り抜き】,180555446,136000,978
2025-11-27 08:32:17,UCYA14rrNjvQq_P_YSNeJHgA,スロライブ,89912824,46500,895
2025-11-27 08:32:17,UCENwRMx5Yh42zWpzURebzTw,Laplus ch. ラプラス・ダークネス - holoX -,399675087,1450000,917
2025-11-27 08:32:17,UCZMRuagdTBKmmrFtSMN48Xw,牛沢,2665237130,1800000,3740
2025-11-27 08:32:17,UCqKNMJ5s_vsf7WkesdBrvQA,IS:SUE,87680204,221000,769
2025-11-27 08:32:17,UCOXOcEbERAwGlE4ig9MaLSQ,夜勤明けパチンコパチスロ実践記,275621078,166000,1623
2025-11-27 08:32:17,UCMzLWawc9x3rUsqYDEfgqzA,ジャック・オ・蘭たん,712569541,648000,1888
2025-11-27 08:32:17,UC8_Ag6BVp43Vmrx6eillK9g,Vaundy - Topic,909410799,2190,110
2025-11-27 08:32:17,UCwJYQvXHtNn1c7RqED4E7MA,パンダドラゴン,44018394,92300,533
2025-11-27 08:32:17,UC9zY_E8mcAo_Oq772LEZq8Q,THE FIRST TAKE,6261501950,11500000,1529
2025-11-27 08:32:17,UCxIK6x6sG7Ln5vjjPYpgeAw,Chogakusei Official,674277867,1010000,564
2025-11-27 08:32:17,UC3VId8brfshtHO6gMMqnZ5A,FLOW GLOW - Topic,380802,2190,5
2025-11-27 08:32:17,UC1FQWQ3y3-e8l1pCtWhJt5A,Vaundy,2295815134,2430000,226
2025-11-27 08:32:17,UCHVkYOT63gAz5yTxjo68_Ng,家スロットゲームパンダ’s ROOM@琉球🐼🪸,1218125,1680,76
2025-11-27 08:32:17,UCOfESRUR5duQ2hMnTQ4oqhA,BUMP OF CHICKEN,1637208579,1590000,165
2025-11-27 08:32:17,UCgmFrRcyH7d1zR9sIVQhFow,ローレン・イロアス / Lauren Iroas【にじさんじ】,396892908,953000,1049
2025-11-27 08:32:17,UC-ifW8mHzfsZVGHY8vxqrjA,A.B.C-Z,59464169,54600,437
2025-11-27 08:32:17,UC7wu64jFsV02bbu6UHUd7JA,ガンダムチャンネル,412502039,1670000,1654
2025-11-27 08:32:17,UCzXjPL7zo0bxhOYDxLJ9YEg,ポッキー,4096874901,3750000,4360
2025-11-27 08:32:17,UCjJmYy279ehSYSwR1A3fXtA,マグロヘッド,393970578,735000,1753
2025-11-27 08:32:17,UCWvr04hMa4k4wSilYcQ4qoA,キャベツの人【ゲーム紹介】,253195350,418000,973
2025-11-27 08:32:17,UC56x--_QtyaWD1QptYrPMqA,刀剣乱舞 公式チャンネル,9539808,131000,116
2025-11-27 08:32:17,UCHD1jo5RhijLfx5-0Ehe_cg,&TEAM,466813545,1320000,1408
2025-11-27 08:32:17,UCHzevlEL9JfsBIm86uNCJqg,宮野真守,78718653,449000,329
2025-11-27 08:32:17,UCZ1xuCK1kNmn5RzPYIZop3w,リゼ・ヘルエスタ -Lize Helesta-,299263684,957000,1090
2025-11-27 08:32:17,UCPJCP_fon2mOMfibbBPUOYw,SAWAYAN GAMES / サワヤン ゲームズ,1299022989,2070000,3417
2025-11-27 08:32:17,UCof7dOTnyxaidkKkcIFuflQ,Mone Kamishiraishi - Topic,26335972,326,123
2025-11-27 08:32:17,UCMR5xpbhv3jzIQG1TOTg-Jg,B'z - Topic,290447628,3870,678
2025-11-27 08:32:17,UCH4yRBPH2pDUjPeqomx8CTQ,てるとくん,548470164,1330000,1894
2025-11-27 08:32:17,UCN7_YMtKaUiizHpw77XLVcw,EXILE,188549954,14800,308
2025-11-27 08:32:17,UCXqWKjzm2YMH6Bs7rAmsKFw,福本大晴,7386640,89600,145
2025-11-27 08:32:17,UCu2Fxqf37DAZ0ZhIsd1FZwA,Capcom Fighters JP,262400008,257000,3907
2025-11-27 08:32:17,UCpYHkc4rzWEW7iVXIyxQebA,Hey! Say! JUMP - Topic,58891636,5080,738
2025-11-27 08:32:17,UCvaTdHTWBGv3MKj3KVqJVCw,Okayu Ch. 猫又おかゆ,626491070,2060000,1592
2025-11-25 15:58:56,UC6qVAJzxF5kSN_UUFSdODiQ,MAZZEL - Topic,19200719,8260,57
2025-11-25 15:58:56,UCHzevlEL9JfsBIm86uNCJqg,宮野真守,78718653,449000,329
2025-11-25 15:58:56,UCYXmyrGUVL8tX7VEvo_DjPw,シャル@ツモらせ隊,83052972,178000,898
2025-11-25 15:58:56,UC1FQWQ3y3-e8l1pCtWhJt5A,Vaundy,2295815134,2430000,226
2025-11-25 15:58:56,UC_vMYWcDjmfdpH6r4TTn1MQ,Iroha ch. 風真いろは - holoX -,262723246,1130000,1050
2025-11-25 15:58:56,UCNVIo0UJXTdEnsRkCB9Q03w,ILLIT - Topic,562318404,57700,59
2025-11-25 15:58:56,UCeK22JmzkTMa69kZU9NEqsA,めじの【Vtuber応援隊】,31679001,15100,537
2025-11-25 15:58:56,UCFvSFbT8okMrpuFxBEIB2lg,M!LK,89055255,10200,243
2025-11-25 15:58:56,UChUjERVG8eKEAJSCef-tTmg,k4sen / かせん,716283754,1020000,3060
2025-11-25 15:58:56,UCqKNMJ5s_vsf7WkesdBrvQA,IS:SUE,87680204,220000,767
2025-11-25 15:58:56,UCvzGlP9oQwU--Y0r9id_jnA,Subaru Ch. 大空スバル,580850595,1950000,1893
2025-11-25 15:58:56,UCXEo7JprZQGCPkezcZylHlQ,黒炭酸,152018395,201000,1757
2025-11-25 15:58:56,UCBhPDpv9JavoPADrZcsAC2A,あらき-ARAKI Official,320679686,488000,260
2025-11-25 15:58:56,UC0ux2IFOXkj6ifQ4aSs9l7Q,大月【おおつき】,14724261,17400,1217
2025-11-25 15:58:56,UCOjkVJQcjtWnpf0-1ft4brA,ゆっくりむちゃたぬき,209880141,352000,423
2025-11-25 15:58:56,UCAaGaynFpku5cAx6OOSrW-w,HoneyWorks OFFICIAL,1601855248,2850000,550
2025-11-25 15:58:56,UChhKBlh_wvspTh5n4mL0b5g,BOYNEXTDOOR,1153888296,2060000,2187
2025-11-25 15:58:56,UCKU0SVkIPRqwiZaXJ9rXhdw,シュート。,216368438,256000,2333
2025-11-25 15:58:56,UC3VId8brfshtHO6gMMqnZ5A,FLOW GLOW - Topic,336999,2190,5
2025-11-25 15:58:56,UCgmFrRcyH7d1zR9sIVQhFow,ローレン・イロアス / Lauren Iroas【にじさんじ】,396542080,953000,1047
2025-11-25 15:58:56,UCBA-kvU_zYdKreZbhhywX2Q,あいずちゃんねる,147494513,57400,803
2025-11-25 15:58:56,UCMGvmEqkVbl372DCyn3NLAw,【吹いたら負け】葛葉先生のしくじり【切り抜き】,180452214,136000,978
2025-11-25 15:58:56,UCYLp2FLXcqLUZhvrCxQmNIA,胡桃沢りりか,40910955,100000,2568
2025-11-25 15:58:56,UCOXOcEbERAwGlE4ig9MaLSQ,夜勤明けパチンコパチスロ実践記,275529687,166000,1622
2025-11-25 15:58:56,UCZMRuagdTBKmmrFtSMN48Xw,牛沢,2664148445,1800000,3738
2025-11-25 15:58:56,UCtPyU9cJgvvgH03PQKgaucA,ファミ通TUBE,182954660,208000,8151
2025-11-25 15:58:56,UC3IZKseVpdzPSBaWxBxundA,HYBE LABELS,42502703726,79100000,2929
2025-11-25 15:58:56,UCmovZ2th3Sqpd00F5RdeigQ,加賀美 ハヤト/Hayato Kagami,332409391,921000,1520
2025-11-25 15:58:56,UCeA0fcfLVewbuD7H5YsrpdA,ライキジョーンズ,118626164,146000,3388
2025-11-25 15:58:56,UCEfbtVOJgicdHjs5HzOzJlA,ぱち・スロ部,3584119,1760,302
2025-11-25 15:58:56,UCZ1xuCK1kNmn5RzPYIZop3w,リゼ・ヘルエスタ -Lize Helesta-,299001750,957000,1089
2025-11-25 15:58:56,UCDhOdoqPxv96djR3tSq9NoA,ショコラ大佐の秘密基地,148259588,138000,1744
2025-11-25 15:58:56,UCWvr04hMa4k4wSilYcQ4qoA,キャベツの人【ゲーム紹介】,252884397,418000,971
2025-11-25 15:58:56,UCCzUftO8KOVkV4wQG1vkUvg,Marine Ch. 宝鐘マリン,2033880549,4260000,1560
2025-11-25 15:58:56,UCHghNZNbV-CPbb_f3FslObw,がんばるぴえんちゃんパチンコ日記,80262292,100000,1528
2025-11-25 15:58:56,UC8rk-fIWJXYlSF8tkfG9wWg,天色鮫,66455197,192000,132
2025-11-25 15:58:56,UCcz2Y1yhR42UxbFwvPFGCmA,きっしー助六ちゃんねる,75760244,61500,939
2025-11-25 15:58:56,UC9Lx-zRFGfpuls27tNAOIqA,マエスケ,1540679756,1830000,1137
2025-11-25 15:58:56,UCqMRVBz-hhSFRuqlL1guqig,あひるだっく,51933932,127000,89
2025-11-25 15:58:56,UCXURHJRGr4-EB3l87kcbElw,NCT DREAM,2300999800,7000000,1310
2025-11-25 15:58:56,UC1DCedRgGHBdm81E1llLhOQ,Pekora Ch. 兎田ぺこら,1012010136,2740000,2340
2025-11-25 15:58:56,UC-_iQWdEZY66nGGaHH0Ygmg,僕が見たかった青空,52805973,122000,498
2025-11-25 15:58:56,UCJnL-TBcsYrF2SLs7tmiC8Q,tripleS official,678132684,2880000,3046
2025-11-25 15:58:56,UCj4PjeVMnNTHIR5EeoNKPAw,ドズル社,4893163285,2560000,10207
2025-11-25 15:58:56,UCZwcUEEjD8RVzB-TAw1ts3g,Eden - Topic,4184148,1690,38
2025-11-25 15:58:56,UC15ebOqdhmvl1eb0s0jk5aw,戦極MCBATTLE,1331994946,847000,5376
2025-11-25 15:58:56,UCx1nAvtVDIsaGmCMSe8ofsQ,加藤純一【jun channel】,1136806839,1280000,1834
2025-11-25 15:58:56,UCOfESRUR5duQ2hMnTQ4oqhA,BUMP OF CHICKEN,1637208579,1590000,164
2025-11-25 15:58:56,UCB_qr75-ydFVKSF9Dmo6izg,FORMULA 1,8859878986,13700000,9402
2025-11-25 15:58:56,UCc-PPk-lNe34JaWCcJQCL0g,ドコムスチャンネル,540356662,593000,2021
2025-11-25 15:58:56,UCooVYzDxdwTtGYAkcPmOgOw,Brawl Stars,4000176799,23200000,370
2025-11-25 15:58:56,UCyTaStlK0neSuKveYOIioaw,ぐんぐにるチャンネル,274988063,426000,446
2025-11-25 15:58:56,UCDbUUremwf8k1x1GTYfB1Ng,ニート部クラフト,20293991,96900,125
2025-11-25 15:58:56,UCDwcZ85zjLKD-3-jqlv1wQQ,アンジュルム,213864061,229000,368
2025-11-25 15:58:56,UC070fhnqq38qNhqHm5rxTcQ,令和ちゃんねる,428112546,506000,3624
2025-11-25 15:58:56,UCwJYQvXHtNn1c7RqED4E7MA,パンダドラゴン,44018394,92300,532
2025-11-25 15:58:56,UCHazKLThRbMyMFu2bVAKhng,ウォーターチャレンジ,3128753022,3150000,2179
2025-11-25 15:58:56,UCv2ejD5B1xOYtGB2cf80B8g,Netflix Japan,1980081923,2300000,7748
2025-11-25 15:58:56,UCLkAepWjdylmXSltofFvsYQ,BANGTANTV,26052132409,81700000,2933
2025-11-25 15:58:56,UCPJCP_fon2mOMfibbBPUOYw,SAWAYAN GAMES / サワヤン ゲームズ,1298369889,2070000,3416
2025-11-25 15:58:56,UCBuLdF0tQn5oZjpvYWSQkaA,Liura Channel,91964482,206000,373
2025-11-25 15:58:56,UCENoC6MLc4pL-vehJyzSWmg,もこうの実況,1735813242,1600000,5785
2025-11-25 15:58:56,UCdVD0MsYecQaIE5Ru-pOIQQ,RIIZE,1015326967,1870000,1372
2025-11-25 15:58:56,UC6FadPgGviUcq6VQ0CEJqdQ,Juice=Juice,162049064,248000,280
2025-11-25 15:58:56,UCpGpA7mSYmNJjLiJxKso5QA,しもふりチューブ,1782706599,2160000,3019
2025-11-25 15:58:56,UCSFCh5NL4qXrAy9u-u2lX3g,Kuzuha Channel,1424950504,2100000,2817
2025-11-25 15:58:56,UCvo8JUqHh2d1QGnK3LKyI4Q,ポケモンユナイト公式チャンネル,31943421,139000,467
2025-11-25 15:58:56,UCtyXllCXnTAg4rjfI3UwIgA,しょうちゃんネル,298495773,138000,1545
2025-11-25 15:58:56,UCH-lygWpHodDff3iQurnWnQ,加藤純一切り抜き集,1718446841,580000,5439
2025-11-25 15:58:56,UCEf_Bc-KVd7onSeifS3py9g,SMTOWN,32595925805,33500000,4640
2025-11-25 15:58:56,UCoQhX2O93MVTWfgIz-8wOmg,KUNの50人クラフト,464951451,543000,1046
2025-11-25 15:58:56,UC9rMiEjNaCSsebs31MRDCRA,Stray Kids,9673395528,22200000,1870
2025-11-25 15:58:56,UCILZFnKZJksR7zwhZbAB4vw,れじぇくん,1502874244,1170000,1427
2025-11-25 15:58:56,UC-ifW8mHzfsZVGHY8vxqrjA,A.B.C-Z,59464169,54500,436
2025-11-25 15:58:56,UCrKna8EQAd7NPRYq-gIsuow,ホロライ部【ホロライブ切り抜き】,69865886,37800,613
2025-11-25 15:58:56,UCzXjPL7zo0bxhOYDxLJ9YEg,ポッキー,4096288405,3750000,4358
2025-11-25 15:58:56,UCN7_YMtKaUiizHpw77XLVcw,EXILE,188358177,14600,306
2025-11-25 15:58:56,UC__iCxFigPdcry_UBv6sDGw,IO,16107442,38000,13
2025-11-25 15:58:56,UCy9GuRXGTm8TliQ-OJ7KwzA,【V.I.P】,977997693,978000,2493
2025-11-25 15:58:56,UCRDJ3DN-6ND_a4LSJ35L91A,立川ちゃんねる,106288438,107000,638
2025-11-25 15:58:56,UCJy7zfLsKBXoo2soFMum7JQ,あかさかの箱,1289314809,2620000,2687
2025-11-25 15:58:56,UC8eq3M3Yft3FUgxEX6lOZMg,chotokkyu - Topic,35707175,577,486
2025-11-25 15:58:56,UCX7YkU9nEeaoZbkVLVajcMg,にじさんじ,1071275897,1870000,2823
2025-11-25 15:58:56,UCqeAYB1DMzfM-hG-Up52yNQ,つるおかかものはし,370934217,387000,3607
2025-11-25 15:58:56,UCAWxPGGuIfWME2KTLUmSCHw,ぱかチューブっ!【ウマ娘公式】,514883442,1310000,1287
2025-11-25 15:58:56,UCqQNCRSihFHVsXrDikNeYSg,げまじょが好き【にじさんじEXゲマズ切り抜き】,4469282,2330,117
2025-11-25 15:58:56,UCdCC1L_OxLrkoEjR19iXpRw,パチスロードch,135399941,75600,813
2025-11-25 15:58:56,UCYA14rrNjvQq_P_YSNeJHgA,スロライブ,89748736,46500,893
2025-11-25 15:58:56,UClNdVSK1uy2xFHTaXZYXopw,らっだぁ,1817433175,1450000,2340
2025-11-25 15:58:56,UCUzpZpX2wRYOk3J8QTFGxDg,乃木坂46 OFFICIAL YouTube CHANNEL,1610447858,1730000,1168
2025-11-25 15:58:56,UCHVkYOT63gAz5yTxjo68_Ng,家スロットゲームパンダ’s ROOM@琉球🐼🪸,1200416,1690,75
2025-11-25 15:58:56,UChn5TjkeEqd-JxzizMVSkOw,ハヤトの野望,1034602930,1510000,2415
2025-11-25 15:58:56,UC-hM6YJuNYVAmUWxeIr9FeA,Miko Ch. さくらみこ,889625882,2460000,2041
2025-11-25 15:58:56,UCylNKKCfPMm8ROXasQWTonA,響咲リオナの足,3145428,6630,121
2025-11-25 15:58:56,UC_DopZ9OANqNGho0wFwADqA,けいちゃん / Keichan,502697517,1270000,605
2025-11-25 15:58:56,UCOTR1tcOAhjgi6YukrPpZxg,まふまふちゃんねる,2480967798,3610000,511
2025-11-25 15:58:56,UCIJAlAYCNN8RACtDDsy9K6g,Novelbright,646175482,732000,319
2025-11-25 15:58:56,UC7wu64jFsV02bbu6UHUd7JA,ガンダムチャンネル,412066551,1670000,1653
2025-11-25 15:58:56,UCHD1jo5RhijLfx5-0Ehe_cg,&TEAM,466813545,1320000,1404
2025-11-25 15:58:56,UCVh47EKH9VLresRqiYi9txw,Mili,608668101,1000000,117
2025-11-25 15:58:56,UC5vqbtNnbOF2h7A_xlrIPUw,ぽっぴんず,916217219,630000,1052
2025-11-25 15:58:56,UCGjV4bsC43On-YuiLZcfL0w,KUN,3388459623,1660000,11231
2025-11-25 15:58:56,UC56x--_QtyaWD1QptYrPMqA,刀剣乱舞 公式チャンネル,9433224,131000,116
2025-11-25 15:58:56,UCkVvAm5jb62IMIJQj4wPVGA,TMSアニメ公式チャンネル,379415080,898000,1145
2025-11-25 15:58:56,UCxIK6x6sG7Ln5vjjPYpgeAw,Chogakusei Official,667393982,1010000,564
2025-11-25 15:58:56,UCOVLrBaOiMH5QDKXTycZ8Pw,やっちゃんの崖っぷちスロパチ生活,698612534,326000,5202
2025-11-25 15:58:56,UCvaTdHTWBGv3MKj3KVqJVCw,Okayu Ch. 猫又おかゆ,626491070,2060000,1591
2025-11-25 15:58:56,UCjcYYjM16TFOPXDjWgzHiHA,超覚醒てえんだ「スロパチ生放送」,87200756,140000,571
2025-11-25 15:58:56,UCMF_5h2OejEhVorTB02UUSg,MAZZEL,240478072,283000,720
2025-11-25 15:58:56,UCaO6TYtlC8U5ttz62hTrZgg,JYP Entertainment,26010005047,31500000,2638
2025-11-25 15:58:56,UChVflUz2J_jaaqYjXqvpmQA,iLiFE!【あいらいふ】,246311299,484000,527
2025-11-25 15:58:56,UCtKBQ2BYD76GiJvcpZOBorg,えいま,11402824,13500,346
2025-11-25 15:58:56,UCXqWKjzm2YMH6Bs7rAmsKFw,福本大晴,7285544,89700,144
2025-11-25 15:58:56,UC3J-txytRWiRtNXrLS95eEw,ASIAN KUNG-FU GENERATION Official YouTube Channel,608265861,788000,280
2025-11-25 15:58:56,UCv7VutirxDn3RWIJXI68n_A,＝LOVE（イコールラブ）公式チャンネル,466225819,554000,474
2025-11-25 15:58:56,UCkKj-SiKyiFkj_dO1vmY3gA,加藤純一RECORDS,5125700,28400,81
2025-11-25 15:58:56,UC9zY_E8mcAo_Oq772LEZq8Q,THE FIRST TAKE,6257669369,11500000,1526
2025-11-27 13:25:04,UCHVkYOT63gAz5yTxjo68_Ng,家スロットゲームパンダ’s ROOM@琉球🐼🪸,1218125,1680,76
2025-11-27 13:25:04,UCoQhX2O93MVTWfgIz-8wOmg,KUNの50人クラフト,466114749,543000,1049
2025-11-27 13:25:04,UClNdVSK1uy2xFHTaXZYXopw,らっだぁ,1819198345,1450000,2341
2025-11-27 13:25:04,UCpT4syVopfBl2bATVfAt65g,澤野弘之 / SawanoHiroyuki[nZk],51761013,4020,22
2025-11-27 13:25:04,UCrKna8EQAd7NPRYq-gIsuow,ホロライ部【ホロライブ切り抜き】,70087617,37900,614
2025-11-27 13:25:04,UCN7_YMtKaUiizHpw77XLVcw,EXILE,188655840,14800,311
2025-11-27 13:25:04,UC8eq3M3Yft3FUgxEX6lOZMg,chotokkyu - Topic,35832016,577,486
2025-11-27 13:25:04,UCtwTCZuQkTIwUf5m9mlZnOQ,Release - Topic,27370,49,7
2025-11-27 13:25:04,UCEf_Bc-KVd7onSeifS3py9g,SMTOWN,32611320806,33500000,4641
2025-11-27 13:25:04,UCxIK6x6sG7Ln5vjjPYpgeAw,Chogakusei Official,674277867,1010000,564
2025-11-27 13:25:04,UC6SmH9mR82nj28_NNg_rZvA,スクウェア・エニックス,1173377967,1090000,10984
2025-11-27 13:25:04,UC8Qwnts13zIh2EYUCau6m3w,ONE N' ONLY TV,112267072,214000,794
2025-11-27 13:25:04,UC9rMiEjNaCSsebs31MRDCRA,Stray Kids,9673395528,22200000,1879
2025-11-27 13:25:04,UCtiObj3CsEAdNU6ZPWDsddQ,TOMORROW X TOGETHER OFFICIAL,3494513829,13100000,3041
2025-11-27 13:25:04,UC1DCedRgGHBdm81E1llLhOQ,Pekora Ch. 兎田ぺこら,1012937716,2740000,2343
2025-11-27 13:25:04,UCHvFSU5OP6c7QcJxIr87YtA,ウタエル Utael,446432580,582000,903
2025-11-27 13:25:04,UCH-lygWpHodDff3iQurnWnQ,加藤純一切り抜き集,1719255492,580000,5439
2025-11-27 13:25:04,UCqMRVBz-hhSFRuqlL1guqig,あひるだっく,52130194,128000,89
2025-11-27 13:25:04,UCdMGYXL38w6htx6Yf9YJa-w,プロジェクトセカイ カラフルステージ! feat. 初音ミク,2004254384,2060000,1907
2025-11-27 13:25:04,UCRDJ3DN-6ND_a4LSJ35L91A,立川ちゃんねる,106588840,107000,639
2025-11-27 13:25:04,UCwJYQvXHtNn1c7RqED4E7MA,パンダドラゴン,44018394,92300,533
2025-11-27 13:25:04,UCooVYzDxdwTtGYAkcPmOgOw,Brawl Stars,4006370981,23200000,370
2025-11-27 13:25:04,UC7aYDbAOIKIMt25ENfJ68Qw,ルカ,118721142,120000,2126
2025-11-27 13:25:04,UCzXjPL7zo0bxhOYDxLJ9YEg,ポッキー,4097167938,3750000,4360
2025-11-27 13:25:04,UCFuugQScqDfJcsOEWbL1_tg,Gero Channel,209118582,551000,166
2025-11-27 13:25:04,UC_ntXHv-XdKCD7CPynVvnQw,Bandai Namco Entertainment America,615627915,1460000,3570
2025-11-27 13:25:04,UCkv76wCrBDQNn7ctcbn6Qeg,Nissy - Topic,93321454,26400,192
2025-11-27 13:25:04,UCtceiniicYEsbAVuWy-Bi0Q,ドラゴンクエストウォーク公式,50515736,181000,160
2025-11-27 13:25:04,UCpYHkc4rzWEW7iVXIyxQebA,Hey! Say! JUMP - Topic,58958148,5080,738
2025-11-27 13:25:04,UC__iCxFigPdcry_UBv6sDGw,IO,16308497,38200,13
2025-11-27 13:25:04,UCylNKKCfPMm8ROXasQWTonA,響咲リオナの足,3336188,7000,125
2025-11-27 13:25:04,UCeA0fcfLVewbuD7H5YsrpdA,ライキジョーンズ,118818550,146000,3390
2025-11-27 13:25:04,UC1FQWQ3y3-e8l1pCtWhJt5A,Vaundy,2295815134,2430000,226
2025-11-27 13:25:04,UCOVLrBaOiMH5QDKXTycZ8Pw,やっちゃんの崖っぷちスロパチ生活,698980096,326000,5205
2025-11-27 13:25:04,UC7wu64jFsV02bbu6UHUd7JA,ガンダムチャンネル,412635067,1670000,1654
2025-11-27 13:25:04,UCLkAepWjdylmXSltofFvsYQ,BANGTANTV,26052132409,81700000,2935
2025-11-27 13:25:04,UCx-QS9BIo_L_lx5dkpys1qw,ねこまんまのパチ•チャンネル,8057185,14300,168
2025-11-27 13:25:04,UCdCC1L_OxLrkoEjR19iXpRw,パチスロードch,135958194,75700,815
2025-11-27 13:25:04,UCv7VutirxDn3RWIJXI68n_A,＝LOVE（イコールラブ）公式チャンネル,471205940,556000,474
2025-11-27 13:25:04,UChVflUz2J_jaaqYjXqvpmQA,iLiFE!【あいらいふ】,246311299,485000,533
2025-11-27 13:25:04,UCMR5xpbhv3jzIQG1TOTg-Jg,B'z - Topic,290447628,3870,678
2025-11-27 13:25:04,UCXeTnWiRoifoHHEzSyR5Ogg,パチンコ・パチスロ必勝ガイドチャンネル,52790155,86300,1324
2025-11-27 13:25:04,UC8rk-fIWJXYlSF8tkfG9wWg,天色鮫,66637382,192000,132
2025-11-27 13:25:04,UCjcYYjM16TFOPXDjWgzHiHA,超覚醒てえんだ「スロパチ生放送」,87303765,140000,571
2025-11-27 13:25:04,UCENwRMx5Yh42zWpzURebzTw,Laplus ch. ラプラス・ダークネス - holoX -,400043743,1450000,917
2025-11-27 13:25:04,UC6FadPgGviUcq6VQ0CEJqdQ,Juice=Juice,163770158,250000,280
2025-11-27 13:25:04,UC3VId8brfshtHO6gMMqnZ5A,FLOW GLOW - Topic,380802,2190,5
2025-11-27 13:25:04,UCxWcO9CLti4uouUIS5IIF-Q,Nornis,59019055,228000,110
2025-11-27 13:25:04,UCYA14rrNjvQq_P_YSNeJHgA,スロライブ,89961056,46500,895
2025-11-27 13:25:04,UCcz2Y1yhR42UxbFwvPFGCmA,きっしー助六ちゃんねる,75916692,61500,941
2025-11-27 13:25:04,UCdkVEDVAW5aFmA-Mkz0lAFQ,ひたまゆ。,466707359,410000,2794
2025-11-27 13:25:04,UC14QT5j2nQI8lKBCGtrrBQA,アニプレックス チャンネル,4307214700,3720000,15436
2025-11-27 13:25:04,UChUjERVG8eKEAJSCef-tTmg,k4sen / かせん,718644367,1020000,3063
2025-11-27 13:25:04,UCc-PPk-lNe34JaWCcJQCL0g,ドコムスチャンネル,541285685,593000,2023
2025-11-27 13:25:04,UCC4xWbcBVn-tHgchhrdmFpg,Jinmenusagi,9965654,32700,80
2025-11-27 13:25:04,UC-hM6YJuNYVAmUWxeIr9FeA,Miko Ch. さくらみこ,889625882,2460000,2043
2025-11-27 13:25:04,UCHp2q2i85qt_9nn2H7AvGOw,NiziU Official,1563277157,2290000,2504
2025-11-27 13:25:04,UCZ1xuCK1kNmn5RzPYIZop3w,リゼ・ヘルエスタ -Lize Helesta-,299329789,957000,1090
2025-11-27 13:25:04,UCfkXDY7vwkcJ8ddFGz8KusA,SEVENTEEN,7797609294,16200000,3277
2025-11-27 13:25:04,UC15ebOqdhmvl1eb0s0jk5aw,戦極MCBATTLE,1332859018,847000,5383
2025-11-27 13:25:04,UCtyXllCXnTAg4rjfI3UwIgA,しょうちゃんネル,301544555,138000,1547
2025-11-27 13:25:04,UCkKj-SiKyiFkj_dO1vmY3gA,加藤純一RECORDS,5266909,29200,82
2025-11-27 13:25:04,UChn5TjkeEqd-JxzizMVSkOw,ハヤトの野望,1035625127,1510000,2418
2025-11-27 13:25:04,UC_vMYWcDjmfdpH6r4TTn1MQ,Iroha ch. 風真いろは - holoX -,263202951,1130000,1054
2025-11-27 13:25:04,UCL7VEatXa9yBCKeM-ww8TnA,NX☆くさあん,208577725,238000,3563
2025-11-27 13:25:04,UCdn5BQ06XqgXoAxIhbqw5Rg,フブキCh。白上フブキ,710674501,2640000,2968
2025-11-27 13:25:04,UCILZFnKZJksR7zwhZbAB4vw,れじぇくん,1503244285,1170000,1428
2025-11-27 13:25:04,UC6H_7uSepAzrlayBjAb9rrg,WurtS - Topic,69060265,698,82
2025-11-27 13:25:04,UCeK22JmzkTMa69kZU9NEqsA,めじの【Vtuber応援隊】,31896540,15100,539
2025-11-27 13:25:04,UCLrYavXppY_4oRfquHk9VQg,HAGANE,14455474,74900,142
2025-11-27 13:25:04,UCYXmyrGUVL8tX7VEvo_DjPw,シャル@ツモらせ隊,83359858,178000,901
2025-11-27 13:25:04,UCvzGlP9oQwU--Y0r9id_jnA,Subaru Ch. 大空スバル,581301904,1950000,1895
2025-11-27 13:25:04,UCvo8JUqHh2d1QGnK3LKyI4Q,ポケモンユナイト公式チャンネル,31957122,139000,467
2025-11-27 13:25:04,UCENoC6MLc4pL-vehJyzSWmg,もこうの実況,1736452511,1600000,5787
2025-11-27 13:25:04,UC3J-txytRWiRtNXrLS95eEw,ASIAN KUNG-FU GENERATION Official YouTube Channel,608265861,788000,282
2025-11-27 13:25:04,UCqeAYB1DMzfM-hG-Up52yNQ,つるおかかものはし,371628954,387000,3610
2025-11-27 13:25:04,UCZwcUEEjD8RVzB-TAw1ts3g,Eden - Topic,4247351,1750,38
2025-11-27 13:25:04,UCjJmYy279ehSYSwR1A3fXtA,マグロヘッド,394405965,735000,1753
2025-11-27 13:25:04,UCBLGjbYv6-xxju1i44RjnnA,明透 -ᴀsᴜ-,132564670,625000,494
2025-11-27 13:25:04,UCtKBQ2BYD76GiJvcpZOBorg,えいま,11415764,13500,346
2025-11-27 13:25:04,UCOTR1tcOAhjgi6YukrPpZxg,まふまふちゃんねる,2481707574,3610000,511
2025-11-27 13:25:04,UCaO6TYtlC8U5ttz62hTrZgg,JYP Entertainment,26030065040,31500000,2639
2025-11-27 13:25:04,UCHzevlEL9JfsBIm86uNCJqg,宮野真守,78718653,449000,329
2025-11-27 13:25:04,UCWvr04hMa4k4wSilYcQ4qoA,キャベツの人【ゲーム紹介】,253316988,418000,973
2025-11-27 13:25:04,UC6qVAJzxF5kSN_UUFSdODiQ,MAZZEL - Topic,19327931,8260,57
2025-11-27 13:25:04,UCspv01oxUFf_MTSipURRhkA,Kanae Channel,785693510,1510000,4292
2025-11-27 13:25:04,UCqKNMJ5s_vsf7WkesdBrvQA,IS:SUE,87680204,221000,769
2025-11-27 13:25:04,UCB_qr75-ydFVKSF9Dmo6izg,FORMULA 1,8871159200,13700000,9408
2025-11-27 13:25:04,UCH4yRBPH2pDUjPeqomx8CTQ,てるとくん,548708568,1330000,1894
2025-11-27 13:25:04,UCJnL-TBcsYrF2SLs7tmiC8Q,tripleS official,697072588,2880000,3056
2025-11-27 13:25:04,UCHghNZNbV-CPbb_f3FslObw,がんばるぴえんちゃんパチンコ日記,80501715,100000,1532
2025-11-27 13:25:04,UC9zY_E8mcAo_Oq772LEZq8Q,THE FIRST TAKE,6263951155,11500000,1529
2025-11-27 13:25:04,UCOXOcEbERAwGlE4ig9MaLSQ,夜勤明けパチンコパチスロ実践記,275742165,166000,1623
2025-11-27 13:25:04,UCSFCh5NL4qXrAy9u-u2lX3g,Kuzuha Channel,1427452276,2100000,2820
2025-11-27 13:25:04,UCvaTdHTWBGv3MKj3KVqJVCw,Okayu Ch. 猫又おかゆ,626491070,2060000,1592
2025-11-27 13:25:04,UCv2ejD5B1xOYtGB2cf80B8g,Netflix Japan,1983114200,2300000,7761
2025-11-27 13:25:04,UCFQu6Q-9LAS3KoEuRDNkzGA, ニート部,659301189,680000,3213
2025-11-27 13:25:04,UCDBdcJ3JIg2sjDg8QR3xp-g,Iyowa - Topic,65698952,31400,87
2025-11-27 13:25:04,UCCzUftO8KOVkV4wQG1vkUvg,Marine Ch. 宝鐘マリン,2033880549,4260000,1560
2025-11-27 13:25:04,UC1DqlLj1onQhBfxW81OgQTw,GLAY,732544767,541000,884
2025-11-27 13:25:04,UCMzLWawc9x3rUsqYDEfgqzA,ジャック・オ・蘭たん,712914393,648000,1888
2025-11-27 13:25:04,UC3IZKseVpdzPSBaWxBxundA,HYBE LABELS,42534399305,79100000,2930
2025-11-27 13:25:04,UC5nxCVEWQLLfkPuMylpkYkA,ロス,123613887,487000,68
2025-11-27 13:25:04,UCkVvAm5jb62IMIJQj4wPVGA,TMSアニメ公式チャンネル,379535728,898000,1147
2025-11-27 13:25:04,UCx1nAvtVDIsaGmCMSe8ofsQ,加藤純一【jun channel】,1137516709,1280000,1835
2025-11-27 13:25:04,UCeTo4Eh0TzpKbUL4vGQZ73A,LEX *,4529834,1280,14
2025-11-27 13:25:04,UCZetZElUvdElPrcstRjl9DA,加藤純一ロードショー,413602922,509000,982
2025-11-27 13:25:04,UCMF_5h2OejEhVorTB02UUSg,MAZZEL,243792578,285000,721
2025-11-27 13:25:04,UCy0DH4rgPPjDWVZO7wibcSQ,めめんともり,352005588,335000,468
2025-11-27 13:25:04,UCYe_uTI6X6mm9qaXm8iWFDg,ノッチ配信者パチンコライブ,269077781,125000,2727
2025-11-27 13:25:04,UCt09C9DPSuOGpHoitbcyCIQ,ゼンレスゾーンゼロ-ZZZ-公式,230180173,754000,430
2025-11-27 13:25:04,UCcg_rvE-fU2tATMwBAxW9bA,ヤングスキニー,149492671,239000,603
2025-11-27 13:25:04,UCiZqWVAeChfqlom5ZPR3ZJA,NCT WISH,630033332,1140000,1125
2025-11-27 13:25:04,UCDwcZ85zjLKD-3-jqlv1wQQ,アンジュルム,213864061,229000,370
2025-11-27 13:25:04,UCOx-oLP9tOhiYwSK_m-yVxA,オモコロチャンネル,618632593,473000,1144
2025-11-27 13:25:04,UC_DopZ9OANqNGho0wFwADqA,けいちゃん / Keichan,502697517,1270000,606
2025-11-27 13:25:04,UClqWF_XeXy469i4KDurpjWw,Yukopi,13448,2,1
2025-11-27 13:25:04,UCZVVCZwOpCbDXB84SDqWixQ,Lil Shady,56319498,284000,97
2025-11-27 13:25:04,UC4YT50DP7hbMsor8FmyEPMw,Victor Entertainment,1489968652,1070000,4972
2025-11-27 13:25:04,UCZMRuagdTBKmmrFtSMN48Xw,牛沢,2665781448,1800000,3740
2025-11-27 13:25:04,UCGc93NguHRwzv1Rw9MyIcxQ,鳴潮 (Wuthering Waves)公式,104224935,345000,466
2025-11-27 13:25:04,UCgmFrRcyH7d1zR9sIVQhFow,ローレン・イロアス / Lauren Iroas【にじさんじ】,397160094,953000,1049
2025-11-27 13:25:04,UCXEo7JprZQGCPkezcZylHlQ,黒炭酸,152490020,202000,1757
2025-11-27 13:25:04,UCPVr7clenPjpD7WNsSI3UBQ,レトルト,2879338263,2590000,3850
2025-11-27 13:25:04,UC56x--_QtyaWD1QptYrPMqA,刀剣乱舞 公式チャンネル,9562875,131000,116
2025-11-27 13:25:04,UChhKBlh_wvspTh5n4mL0b5g,BOYNEXTDOOR,1166800131,2060000,2200
2025-11-27 13:25:04,UC2NujFa5X09CdV0YCntmQDg,板橋ハウス,905179003,752000,2029
2025-11-27 13:25:04,UCEfbtVOJgicdHjs5HzOzJlA,ぱち・スロ部,3670936,1770,303
2025-11-27 13:25:04,UCDbUUremwf8k1x1GTYfB1Ng,ニート部クラフト,20447117,97200,125
2025-11-27 13:25:04,UCzRzPAT-AjlPyec5yXG974g,カワノKawano,208293143,184000,1322
2025-11-27 13:25:04,UCHazKLThRbMyMFu2bVAKhng,ウォーターチャレンジ,3130936876,3150000,2181
2025-11-27 13:25:04,UCu2Fxqf37DAZ0ZhIsd1FZwA,Capcom Fighters JP,262929109,257000,3907
2025-11-27 13:25:04,UCVh47EKH9VLresRqiYi9txw,Mili,608668101,1010000,117
2025-11-27 13:25:04,UCMGvmEqkVbl372DCyn3NLAw,【吹いたら負け】葛葉先生のしくじり【切り抜き】,180594707,136000,978
2025-11-27 13:25:04,UCmovZ2th3Sqpd00F5RdeigQ,加賀美 ハヤト/Hayato Kagami,332409391,921000,1522
2025-11-27 13:25:04,UCBuLdF0tQn5oZjpvYWSQkaA,Liura Channel,92259839,206000,375
2025-11-27 13:25:04,UCdszfKemUn36sOEplfkiGVQ,GPV LABEL,3034645,5370,90
2025-11-27 13:25:04,UCmnZL4tFRl4sm-uJOxTLHmg,今日ポケch.,985785109,569000,1304
2025-11-27 13:25:04,UCDhOdoqPxv96djR3tSq9NoA,ショコラ大佐の秘密基地,148514604,138000,1746
2025-11-27 13:25:04,UCqm3BQLlJfvkTsX_hvm0UmA,Watame Ch. 角巻わため,610016767,1700000,2979
2025-11-27 13:25:04,UCtPyU9cJgvvgH03PQKgaucA,ファミ通TUBE,183082460,208000,8153
2025-11-27 13:25:04,UCX7YkU9nEeaoZbkVLVajcMg,にじさんじ,1071962136,1870000,2823
2025-11-27 13:25:04,UCBhPDpv9JavoPADrZcsAC2A,あらき-ARAKI Official,320679686,489000,260
2025-11-27 13:25:04,UC070fhnqq38qNhqHm5rxTcQ,令和ちゃんねる,428623803,506000,3628
2025-11-27 13:25:04,UCof7dOTnyxaidkKkcIFuflQ,Mone Kamishiraishi - Topic,26385160,326,123
2025-11-27 13:25:04,UCu3kfiUaK7MmkQ40omEpGyQ,ナナ色チャンネル,4666870,8350,83
2025-11-27 13:25:04,UCFvSFbT8okMrpuFxBEIB2lg,M!LK,90312072,10400,243
2025-11-27 13:25:04,UCOjkVJQcjtWnpf0-1ft4brA,ゆっくりむちゃたぬき,210189117,352000,423
2025-11-27 13:25:04,UCqQNCRSihFHVsXrDikNeYSg,げまじょが好き【にじさんじEXゲマズ切り抜き】,4585662,2370,119
2025-11-27 13:25:04,UC3NrSfe_yR5XX9zGFxYoV1Q,HIRAIDAI - Topic,281407124,3400,415
2025-11-27 13:25:04,UCMJiPpN_09F0aWpQrgbc_qg,キヨ。,6532581967,5490000,3083
2025-11-27 13:25:04,UCyTaStlK0neSuKveYOIioaw,ぐんぐにるチャンネル,275100958,426000,447
2025-11-27 13:25:04,UCUzpZpX2wRYOk3J8QTFGxDg,乃木坂46 OFFICIAL YouTube CHANNEL,1610447858,1730000,1168
2025-11-27 13:25:04,UCAWxPGGuIfWME2KTLUmSCHw,ぱかチューブっ!【ウマ娘公式】,515911968,1310000,1287
2025-11-27 13:25:04,UCXqWKjzm2YMH6Bs7rAmsKFw,福本大晴,7532808,89600,145
2025-11-27 13:25:04,UCj4PjeVMnNTHIR5EeoNKPAw,ドズル社,4906590678,2570000,10212
2025-11-27 13:25:04,UCwF6o6cF7BMTY1-OZ7ZUY7Q,フォートナイト 公式,270974311,410000,586
2025-11-27 13:25:04,UCPJCP_fon2mOMfibbBPUOYw,SAWAYAN GAMES / サワヤン ゲームズ,1299302501,2070000,3417
2025-11-27 13:25:04,UCBA-kvU_zYdKreZbhhywX2Q,あいずちゃんねる,147829926,57400,803
2025-11-27 13:25:04,UC3PFoXZPFJGy9F4PG84nNQQ,Soala - Topic,29201883,4820,84
2025-11-27 13:25:04,UCJy7zfLsKBXoo2soFMum7JQ,あかさかの箱,1290928433,2620000,2688
2025-11-27 13:25:04,UCS57xc1Bf-znC9_ouCc3SZw,佐野元春 - DaisyMusic,50511392,77700,163
2025-11-27 13:25:04,UCOfESRUR5duQ2hMnTQ4oqhA,BUMP OF CHICKEN,1637208579,1590000,165
2025-11-27 13:25:04,UC8_Ag6BVp43Vmrx6eillK9g,Vaundy - Topic,909879734,2190,110
2025-11-27 13:25:04,UC5vqbtNnbOF2h7A_xlrIPUw,ぽっぴんず,916718072,630000,1053
2025-11-27 13:25:04,UCpGpA7mSYmNJjLiJxKso5QA,しもふりチューブ,1783528661,2160000,3021
2025-11-27 13:25:04,UCrQUlOEbu-0T0l4DAcBEeIg,pizzaofdeathofficial,408251037,332000,372
2025-11-27 13:25:04,UCGjV4bsC43On-YuiLZcfL0w,KUN,3389315997,1660000,11233
2025-11-27 13:25:04,UC9qSqkNFiByKzzoxT3Cydyw,Aiobahn,28114924,90100,14
2025-11-27 13:25:04,UC-ifW8mHzfsZVGHY8vxqrjA,A.B.C-Z,59464169,54600,437
2025-11-27 13:25:04,UCKU0SVkIPRqwiZaXJ9rXhdw,シュート。,216561429,256000,2334
2025-11-27 13:25:04,UCp_Az_oKu8-J5qIQpF35JbA,やわらちゃんねる,193005093,279000,862
2025-11-27 13:25:04,UCNVIo0UJXTdEnsRkCB9Q03w,ILLIT - Topic,565212283,57700,59
2025-11-27 13:25:04,UCXURHJRGr4-EB3l87kcbElw,NCT DREAM,2300999800,7000000,1314
2025-11-27 13:25:04,UCAaGaynFpku5cAx6OOSrW-w,HoneyWorks OFFICIAL,1601855248,2850000,550
2025-11-27 13:25:04,UC-_iQWdEZY66nGGaHH0Ygmg,僕が見たかった青空,52805973,122000,498
2025-11-27 13:25:04,UCc-itdQHxLvUlPrDxIiSJrA,INI,748068954,653000,1268
2025-11-27 13:25:04,UCs8nP5mUR3pwJmgixsul8Hw,Saucy Dog,503080790,860000,121
2025-11-27 13:25:04,UCUW6U6iOrntB0jw6-AbQo8g,RED Games,250702633,209000,3569
2025-11-27 13:25:04,UC0ux2IFOXkj6ifQ4aSs9l7Q,大月【おおつき】,14796820,17500,1219
2025-11-27 13:25:04,UC9Lx-zRFGfpuls27tNAOIqA,マエスケ,1543084879,1840000,1138
2025-11-27 13:25:04,UC3ruCdV7xnwAbpkW9tQq-6A,のーわん【NoOnE】,419484764,409000,1206
2025-11-27 13:25:04,UCdPCarwi28K5Z7s5l2nMiLw,Uru Official YouTube Channel,901097541,1180000,296
2025-11-27 13:25:04,UCy9GuRXGTm8TliQ-OJ7KwzA,【V.I.P】,978762283,979000,2495
2025-11-27 13:25:04,UCM3yhFc0-fBFuvqx1Vg2YNQ,まいぜんシスターズ,7171762545,3180000,1860
2025-11-27 13:25:04,UCfipDDn7wY-C-SoUChgxCQQ,葉山舞鈴 / Ohayama Ch.,88098293,599000,1340
2025-11-27 13:25:04,UCHD1jo5RhijLfx5-0Ehe_cg,&TEAM,466813545,1320000,1409
2025-11-27 13:25:04,UCYLp2FLXcqLUZhvrCxQmNIA,胡桃沢りりか,41004870,100000,2572
2025-11-27 13:25:04,UCIJAlAYCNN8RACtDDsy9K6g,Novelbright,652756465,733000,319
2025-11-27 13:25:04,UCdVD0MsYecQaIE5Ru-pOIQQ,RIIZE,1015326967,1870000,1384
2025-11-25 14:41:54,UCc-PPk-lNe34JaWCcJQCL0g,ドコムスチャンネル,540356662,593000,2021
2025-11-25 14:41:54,UCjcYYjM16TFOPXDjWgzHiHA,超覚醒てえんだ「スロパチ生放送」,87200756,140000,571
2025-11-25 14:41:54,UC__iCxFigPdcry_UBv6sDGw,IO,16107442,38000,13
2025-11-25 14:41:54,UCX7YkU9nEeaoZbkVLVajcMg,にじさんじ,1071275897,1870000,2823
2025-11-25 14:41:54,UCXURHJRGr4-EB3l87kcbElw,NCT DREAM,2300999800,7000000,1309
2025-11-25 14:41:54,UCBA-kvU_zYdKreZbhhywX2Q,あいずちゃんねる,147494513,57400,803
2025-11-25 14:41:54,UC-_iQWdEZY66nGGaHH0Ygmg,僕が見たかった青空,52805973,122000,498
2025-11-25 14:41:54,UCaO6TYtlC8U5ttz62hTrZgg,JYP Entertainment,26010005047,31500000,2638
2025-11-25 14:41:54,UC15ebOqdhmvl1eb0s0jk5aw,戦極MCBATTLE,1331994946,847000,5376
2025-11-25 14:41:54,UCcz2Y1yhR42UxbFwvPFGCmA,きっしー助六ちゃんねる,75760244,61500,939
2025-11-25 14:41:54,UCdVD0MsYecQaIE5Ru-pOIQQ,RIIZE,1015326967,1870000,1372
2025-11-25 14:41:54,UCylNKKCfPMm8ROXasQWTonA,響咲リオナの足,3145428,6620,121
2025-11-25 14:41:54,UChUjERVG8eKEAJSCef-tTmg,k4sen / かせん,716283754,1020000,3060
2025-11-25 14:41:54,UCqeAYB1DMzfM-hG-Up52yNQ,つるおかかものはし,370934217,387000,3607
2025-11-25 14:41:54,UCpGpA7mSYmNJjLiJxKso5QA,しもふりチューブ,1782706599,2160000,3019
2025-11-25 14:41:54,UC7wu64jFsV02bbu6UHUd7JA,ガンダムチャンネル,412066551,1670000,1653
2025-11-25 14:41:54,UC070fhnqq38qNhqHm5rxTcQ,令和ちゃんねる,428112546,506000,3624
2025-11-25 14:41:54,UC8eq3M3Yft3FUgxEX6lOZMg,chotokkyu - Topic,35707175,577,486
2025-11-25 14:41:54,UCqQNCRSihFHVsXrDikNeYSg,げまじょが好き【にじさんじEXゲマズ切り抜き】,4469282,2330,117
2025-11-25 14:41:54,UCv2ejD5B1xOYtGB2cf80B8g,Netflix Japan,1980081923,2300000,7748
2025-11-25 14:41:54,UCZwcUEEjD8RVzB-TAw1ts3g,Eden - Topic,4184148,1690,38
2025-11-25 14:41:54,UCMGvmEqkVbl372DCyn3NLAw,【吹いたら負け】葛葉先生のしくじり【切り抜き】,180452214,136000,978
2025-11-25 14:41:54,UCEfbtVOJgicdHjs5HzOzJlA,ぱち・スロ部,3584119,1760,302
2025-11-25 14:41:54,UCUzpZpX2wRYOk3J8QTFGxDg,乃木坂46 OFFICIAL YouTube CHANNEL,1610447858,1730000,1168
2025-11-25 14:41:54,UC8rk-fIWJXYlSF8tkfG9wWg,天色鮫,66455197,192000,132
2025-11-25 14:41:54,UCDhOdoqPxv96djR3tSq9NoA,ショコラ大佐の秘密基地,148259588,138000,1744
2025-11-25 14:41:54,UCYXmyrGUVL8tX7VEvo_DjPw,シャル@ツモらせ隊,83052972,178000,898
2025-11-25 14:41:54,UCYA14rrNjvQq_P_YSNeJHgA,スロライブ,89748736,46500,893
2025-11-25 14:41:54,UCkVvAm5jb62IMIJQj4wPVGA,TMSアニメ公式チャンネル,379415080,898000,1145
2025-11-25 14:41:54,UCvo8JUqHh2d1QGnK3LKyI4Q,ポケモンユナイト公式チャンネル,31943421,139000,467
2025-11-25 14:41:54,UCHVkYOT63gAz5yTxjo68_Ng,家スロットゲームパンダ’s ROOM@琉球🐼🪸,1200416,1690,75
2025-11-25 14:41:54,UC5vqbtNnbOF2h7A_xlrIPUw,ぽっぴんず,916217219,629000,1052
2025-11-25 14:41:54,UC6FadPgGviUcq6VQ0CEJqdQ,Juice=Juice,162049064,248000,280
2025-11-25 14:41:54,UCOXOcEbERAwGlE4ig9MaLSQ,夜勤明けパチンコパチスロ実践記,275529687,166000,1622
2025-11-25 14:41:54,UCvaTdHTWBGv3MKj3KVqJVCw,Okayu Ch. 猫又おかゆ,626491070,2060000,1591
2025-11-25 14:41:54,UC3J-txytRWiRtNXrLS95eEw,ASIAN KUNG-FU GENERATION Official YouTube Channel,608265861,788000,280
2025-11-25 14:41:54,UCB_qr75-ydFVKSF9Dmo6izg,FORMULA 1,8859878986,13700000,9402
2025-11-25 14:41:54,UCFvSFbT8okMrpuFxBEIB2lg,M!LK,89055255,10200,243
2025-11-25 14:41:54,UCtPyU9cJgvvgH03PQKgaucA,ファミ通TUBE,182954660,208000,8151
2025-11-25 14:41:54,UCDbUUremwf8k1x1GTYfB1Ng,ニート部クラフト,20293991,96800,125
2025-11-25 14:41:54,UCWvr04hMa4k4wSilYcQ4qoA,キャベツの人【ゲーム紹介】,252884397,418000,971
2025-11-25 14:41:54,UCj4PjeVMnNTHIR5EeoNKPAw,ドズル社,4893163285,2560000,10206
2025-11-25 14:41:54,UCHzevlEL9JfsBIm86uNCJqg,宮野真守,78718653,449000,329
2025-11-25 14:41:54,UC6qVAJzxF5kSN_UUFSdODiQ,MAZZEL - Topic,19200719,8260,57
2025-11-25 14:41:54,UC0ux2IFOXkj6ifQ4aSs9l7Q,大月【おおつき】,14724261,17400,1217
2025-11-25 14:41:54,UCHD1jo5RhijLfx5-0Ehe_cg,&TEAM,466813545,1320000,1403
2025-11-25 14:41:54,UCXEo7JprZQGCPkezcZylHlQ,黒炭酸,152018395,201000,1757
2025-11-25 14:41:54,UCCzUftO8KOVkV4wQG1vkUvg,Marine Ch. 宝鐘マリン,2033880549,4260000,1560
2025-11-25 14:41:54,UChn5TjkeEqd-JxzizMVSkOw,ハヤトの野望,1034602930,1510000,2415
2025-11-25 14:41:54,UCAWxPGGuIfWME2KTLUmSCHw,ぱかチューブっ!【ウマ娘公式】,514883442,1310000,1287
2025-11-25 14:41:54,UCBuLdF0tQn5oZjpvYWSQkaA,Liura Channel,91964482,206000,373
2025-11-25 14:41:54,UChVflUz2J_jaaqYjXqvpmQA,iLiFE!【あいらいふ】,243613485,484000,527
2025-11-25 14:41:54,UCeA0fcfLVewbuD7H5YsrpdA,ライキジョーンズ,118626164,146000,3388
2025-11-25 14:41:54,UCAaGaynFpku5cAx6OOSrW-w,HoneyWorks OFFICIAL,1601855248,2850000,550
2025-11-25 14:41:54,UCILZFnKZJksR7zwhZbAB4vw,れじぇくん,1502874244,1170000,1427
2025-11-25 14:41:54,UCZ1xuCK1kNmn5RzPYIZop3w,リゼ・ヘルエスタ -Lize Helesta-,299001750,957000,1089
2025-11-25 14:41:54,UCLkAepWjdylmXSltofFvsYQ,BANGTANTV,26052132409,81700000,2933
2025-11-25 14:41:54,UCxIK6x6sG7Ln5vjjPYpgeAw,Chogakusei Official,667393982,1010000,564
2025-11-25 14:41:54,UCtyXllCXnTAg4rjfI3UwIgA,しょうちゃんネル,298495773,138000,1545
2025-11-25 14:41:54,UCv7VutirxDn3RWIJXI68n_A,＝LOVE（イコールラブ）公式チャンネル,466225819,554000,474
2025-11-25 14:41:54,UCENoC6MLc4pL-vehJyzSWmg,もこうの実況,1735813242,1600000,5785
2025-11-25 14:41:54,UCMF_5h2OejEhVorTB02UUSg,MAZZEL,240478072,283000,720
2025-11-25 14:41:54,UCGjV4bsC43On-YuiLZcfL0w,KUN,3388459623,1660000,11231
2025-11-25 14:41:54,UCkKj-SiKyiFkj_dO1vmY3gA,加藤純一RECORDS,5125700,28400,81
2025-11-25 14:41:54,UCyTaStlK0neSuKveYOIioaw,ぐんぐにるチャンネル,274988063,426000,447
2025-11-25 14:41:54,UCDwcZ85zjLKD-3-jqlv1wQQ,アンジュルム,213864061,229000,366
2025-11-25 14:41:54,UCOTR1tcOAhjgi6YukrPpZxg,まふまふちゃんねる,2480967798,3610000,511
2025-11-25 14:41:54,UC-ifW8mHzfsZVGHY8vxqrjA,A.B.C-Z,59464169,54500,436
2025-11-25 14:41:54,UCKU0SVkIPRqwiZaXJ9rXhdw,シュート。,216368438,256000,2333
2025-11-25 14:41:54,UCOfESRUR5duQ2hMnTQ4oqhA,BUMP OF CHICKEN,1637208579,1590000,164
2025-11-25 14:41:54,UCqKNMJ5s_vsf7WkesdBrvQA,IS:SUE,87680204,220000,767
2025-11-25 14:41:54,UC9zY_E8mcAo_Oq772LEZq8Q,THE FIRST TAKE,6257669369,11500000,1526
2025-11-25 14:41:54,UCBhPDpv9JavoPADrZcsAC2A,あらき-ARAKI Official,320679686,488000,260
2025-11-25 14:41:54,UCHazKLThRbMyMFu2bVAKhng,ウォーターチャレンジ,3128753022,3150000,2179
2025-11-25 14:41:54,UCEf_Bc-KVd7onSeifS3py9g,SMTOWN,32595925805,33500000,4640
2025-11-25 14:41:54,UCvzGlP9oQwU--Y0r9id_jnA,Subaru Ch. 大空スバル,580850595,1950000,1893
2025-11-25 14:41:54,UCooVYzDxdwTtGYAkcPmOgOw,Brawl Stars,4000176799,23200000,370
2025-11-25 14:41:54,UCJnL-TBcsYrF2SLs7tmiC8Q,tripleS official,678132684,2880000,3045
2025-11-25 14:41:54,UCN7_YMtKaUiizHpw77XLVcw,EXILE,188358177,14600,306
2025-11-25 14:41:54,UCH-lygWpHodDff3iQurnWnQ,加藤純一切り抜き集,1718446841,580000,5439
2025-11-25 14:41:54,UC1FQWQ3y3-e8l1pCtWhJt5A,Vaundy,2295815134,2430000,226
2025-11-25 14:41:54,UCXqWKjzm2YMH6Bs7rAmsKFw,福本大晴,7285544,89700,144
2025-11-25 14:41:54,UCeK22JmzkTMa69kZU9NEqsA,めじの【Vtuber応援隊】,31679001,15100,537
2025-11-25 14:41:54,UCIJAlAYCNN8RACtDDsy9K6g,Novelbright,646175482,732000,319
2025-11-25 14:41:54,UC-hM6YJuNYVAmUWxeIr9FeA,Miko Ch. さくらみこ,889625882,2460000,2041
2025-11-25 14:41:54,UC9Lx-zRFGfpuls27tNAOIqA,マエスケ,1540679756,1830000,1137
2025-11-25 14:41:54,UCNVIo0UJXTdEnsRkCB9Q03w,ILLIT - Topic,562318404,57700,59
2025-11-25 14:41:54,UCzXjPL7zo0bxhOYDxLJ9YEg,ポッキー,4096288405,3750000,4358
2025-11-25 14:41:54,UC3VId8brfshtHO6gMMqnZ5A,FLOW GLOW - Topic,336999,2190,5
2025-11-25 14:41:54,UCHghNZNbV-CPbb_f3FslObw,がんばるぴえんちゃんパチンコ日記,80262292,100000,1528
2025-11-25 14:41:54,UCVh47EKH9VLresRqiYi9txw,Mili,608668101,1000000,117
2025-11-25 14:41:54,UC1DCedRgGHBdm81E1llLhOQ,Pekora Ch. 兎田ぺこら,1012010136,2740000,2340
2025-11-25 14:41:54,UC3IZKseVpdzPSBaWxBxundA,HYBE LABELS,42502703726,79100000,2929
2025-11-25 14:41:54,UC_DopZ9OANqNGho0wFwADqA,けいちゃん / Keichan,502697517,1270000,605
2025-11-25 14:41:54,UCZMRuagdTBKmmrFtSMN48Xw,牛沢,2664148445,1800000,3738
2025-11-25 14:41:54,UCRDJ3DN-6ND_a4LSJ35L91A,立川ちゃんねる,106288438,107000,638
2025-11-25 14:41:54,UCrKna8EQAd7NPRYq-gIsuow,ホロライ部【ホロライブ切り抜き】,69865886,37800,613
2025-11-25 14:41:54,UCmovZ2th3Sqpd00F5RdeigQ,加賀美 ハヤト/Hayato Kagami,332409391,921000,1520
2025-11-25 14:41:54,UCqMRVBz-hhSFRuqlL1guqig,あひるだっく,51933932,127000,89
2025-11-25 14:41:54,UCOVLrBaOiMH5QDKXTycZ8Pw,やっちゃんの崖っぷちスロパチ生活,698612534,326000,5202
2025-11-25 14:41:54,UClNdVSK1uy2xFHTaXZYXopw,らっだぁ,1817433175,1450000,2340
2025-11-25 14:41:54,UC_vMYWcDjmfdpH6r4TTn1MQ,Iroha ch. 風真いろは - holoX -,262723246,1130000,1050
2025-11-25 14:41:54,UCtKBQ2BYD76GiJvcpZOBorg,えいま,11402824,13500,346
2025-11-25 14:41:54,UCJy7zfLsKBXoo2soFMum7JQ,あかさかの箱,1289314809,2620000,2687
2025-11-25 14:41:54,UCy9GuRXGTm8TliQ-OJ7KwzA,【V.I.P】,977997693,978000,2493
2025-11-25 14:41:54,UCYLp2FLXcqLUZhvrCxQmNIA,胡桃沢りりか,40910955,100000,2568
2025-11-25 14:41:54,UCoQhX2O93MVTWfgIz-8wOmg,KUNの50人クラフト,464951451,543000,1046
2025-11-25 14:41:54,UCOjkVJQcjtWnpf0-1ft4brA,ゆっくりむちゃたぬき,209880141,352000,423
2025-11-25 14:41:54,UCwJYQvXHtNn1c7RqED4E7MA,パンダドラゴン,44018394,92300,532
2025-11-25 14:41:54,UChhKBlh_wvspTh5n4mL0b5g,BOYNEXTDOOR,1153888296,2060000,2186
2025-11-25 14:41:54,UCdCC1L_OxLrkoEjR19iXpRw,パチスロードch,135399941,75600,813
2025-11-25 14:41:54,UCSFCh5NL4qXrAy9u-u2lX3g,Kuzuha Channel,1424950504,2100000,2817
2025-11-25 14:41:54,UCx1nAvtVDIsaGmCMSe8ofsQ,加藤純一【jun channel】,1136806839,1280000,1834
2025-11-25 14:41:54,UCgmFrRcyH7d1zR9sIVQhFow,ローレン・イロアス / Lauren Iroas【にじさんじ】,396542080,953000,1047
2025-11-25 08:32:54,UCDbUUremwf8k1x1GTYfB1Ng,ニート部クラフト,20237387,96800,125
2025-11-25 08:32:54,UCoQhX2O93MVTWfgIz-8wOmg,KUNの50人クラフト,464537256,543000,1046
2025-11-25 08:32:54,UClNdVSK1uy2xFHTaXZYXopw,らっだぁ,1816769712,1450000,2340
2025-11-25 08:32:54,UCkVvAm5jb62IMIJQj4wPVGA,TMSアニメ公式チャンネル,379122128,898000,1145
2025-11-25 08:32:54,UC-ifW8mHzfsZVGHY8vxqrjA,A.B.C-Z,59341461,54500,436
2025-11-25 08:32:54,UC3IZKseVpdzPSBaWxBxundA,HYBE LABELS,42488820953,79100000,2929
2025-11-25 08:32:54,UChUjERVG8eKEAJSCef-tTmg,k4sen / かせん,715360871,1020000,3058
2025-11-25 08:32:54,UCpGpA7mSYmNJjLiJxKso5QA,しもふりチューブ,1782413237,2160000,3019
2025-11-25 08:32:54,UCAaGaynFpku5cAx6OOSrW-w,HoneyWorks OFFICIAL,1585662413,2850000,550
2025-11-25 08:32:54,UChVflUz2J_jaaqYjXqvpmQA,iLiFE!【あいらいふ】,243613485,484000,527
2025-11-25 08:32:54,UCBuLdF0tQn5oZjpvYWSQkaA,Liura Channel,91828390,206000,373
2025-11-25 08:32:54,UC-hM6YJuNYVAmUWxeIr9FeA,Miko Ch. さくらみこ,889625882,2460000,2041
2025-11-25 08:32:54,UC0ux2IFOXkj6ifQ4aSs9l7Q,大月【おおつき】,14636550,17400,1216
2025-11-25 08:32:54,UCYLp2FLXcqLUZhvrCxQmNIA,胡桃沢りりか,40883783,100000,2567
2025-11-25 08:32:54,UCEf_Bc-KVd7onSeifS3py9g,SMTOWN,32592630208,33500000,4640
2025-11-25 08:32:54,UCHazKLThRbMyMFu2bVAKhng,ウォーターチャレンジ,3128267448,3150000,2179
2025-11-25 08:32:54,UCjcYYjM16TFOPXDjWgzHiHA,超覚醒てえんだ「スロパチ生放送」,87042088,140000,571
2025-11-25 08:32:54,UCv2ejD5B1xOYtGB2cf80B8g,Netflix Japan,1979161396,2300000,7748
2025-11-25 08:32:54,UCtyXllCXnTAg4rjfI3UwIgA,しょうちゃんネル,296957929,138000,1545
2025-11-25 08:32:54,UC15ebOqdhmvl1eb0s0jk5aw,戦極MCBATTLE,1331690600,847000,5376
2025-11-25 08:32:54,UCFvSFbT8okMrpuFxBEIB2lg,M!LK,89383751,10200,243
2025-11-25 08:32:54,UCtKBQ2BYD76GiJvcpZOBorg,えいま,11351188,13500,346
2025-11-25 08:32:54,UCHzevlEL9JfsBIm86uNCJqg,宮野真守,78718653,449000,329
2025-11-25 08:32:54,UCj4PjeVMnNTHIR5EeoNKPAw,ドズル社,4889465689,2560000,10206
2025-11-25 08:32:54,UCwJYQvXHtNn1c7RqED4E7MA,パンダドラゴン,44018394,92300,532
2025-11-25 08:32:54,UCWvr04hMa4k4wSilYcQ4qoA,キャベツの人【ゲーム紹介】,252738837,418000,971
2025-11-25 08:32:54,UCeA0fcfLVewbuD7H5YsrpdA,ライキジョーンズ,118607540,146000,3388
2025-11-25 08:32:54,UC1DCedRgGHBdm81E1llLhOQ,Pekora Ch. 兎田ぺこら,1011662351,2740000,2340
2025-11-25 08:32:54,UCcz2Y1yhR42UxbFwvPFGCmA,きっしー助六ちゃんねる,75746873,61500,939
2025-11-25 08:32:54,UCZMRuagdTBKmmrFtSMN48Xw,牛沢,2663557934,1800000,3738
2025-11-25 08:32:54,UChn5TjkeEqd-JxzizMVSkOw,ハヤトの野望,1034231187,1510000,2415
2025-11-25 08:32:54,UCXqWKjzm2YMH6Bs7rAmsKFw,福本大晴,7285544,89700,144
2025-11-25 08:32:54,UCIJAlAYCNN8RACtDDsy9K6g,Novelbright,646175482,732000,319
2025-11-25 08:32:54,UC_vMYWcDjmfdpH6r4TTn1MQ,Iroha ch. 風真いろは - holoX -,262516514,1130000,1050
2025-11-25 08:32:54,UC9Lx-zRFGfpuls27tNAOIqA,マエスケ,1540113421,1830000,1137
2025-11-25 08:32:54,UCaO6TYtlC8U5ttz62hTrZgg,JYP Entertainment,26002936649,31500000,2638
2025-11-25 08:32:54,UC8rk-fIWJXYlSF8tkfG9wWg,天色鮫,66301826,192000,132
2025-11-25 08:32:54,UCXURHJRGr4-EB3l87kcbElw,NCT DREAM,2300999800,7000000,1308
2025-11-25 08:32:54,UC6FadPgGviUcq6VQ0CEJqdQ,Juice=Juice,161605345,248000,280
2025-11-25 08:32:54,UCVh47EKH9VLresRqiYi9txw,Mili,608668101,1000000,117
2025-11-25 08:32:54,UCooVYzDxdwTtGYAkcPmOgOw,Brawl Stars,3996704432,23200000,370
2025-11-25 08:32:54,UCCzUftO8KOVkV4wQG1vkUvg,Marine Ch. 宝鐘マリン,2033880549,4260000,1560
2025-11-25 08:32:54,UCmovZ2th3Sqpd00F5RdeigQ,加賀美 ハヤト/Hayato Kagami,332409391,921000,1520
2025-11-25 08:32:54,UCdCC1L_OxLrkoEjR19iXpRw,パチスロードch,135303576,75500,813
2025-11-25 08:32:54,UCNVIo0UJXTdEnsRkCB9Q03w,ILLIT - Topic,561487392,57700,59
2025-11-25 08:32:54,UCxIK6x6sG7Ln5vjjPYpgeAw,Chogakusei Official,667393982,1010000,564
2025-11-25 08:32:54,UCJnL-TBcsYrF2SLs7tmiC8Q,tripleS official,678132684,2880000,3043
2025-11-25 08:32:54,UC9zY_E8mcAo_Oq772LEZq8Q,THE FIRST TAKE,6255963798,11500000,1526
2025-11-25 08:32:54,UCSFCh5NL4qXrAy9u-u2lX3g,Kuzuha Channel,1424324958,2100000,2817
2025-11-25 08:32:54,UCOfESRUR5duQ2hMnTQ4oqhA,BUMP OF CHICKEN,1637208579,1590000,164
2025-11-25 08:32:54,UCMGvmEqkVbl372DCyn3NLAw,【吹いたら負け】葛葉先生のしくじり【切り抜き】,180396443,136000,978
2025-11-25 08:32:54,UCHghNZNbV-CPbb_f3FslObw,がんばるぴえんちゃんパチンコ日記,80145122,100000,1528
2025-11-25 08:32:54,UCILZFnKZJksR7zwhZbAB4vw,れじぇくん,1502777490,1170000,1427
2025-11-25 08:32:54,UCkKj-SiKyiFkj_dO1vmY3gA,加藤純一RECORDS,5086462,28300,81
2025-11-25 08:32:54,UCqKNMJ5s_vsf7WkesdBrvQA,IS:SUE,87646037,220000,767
2025-11-25 08:32:54,UCvo8JUqHh2d1QGnK3LKyI4Q,ポケモンユナイト公式チャンネル,31935032,139000,467
2025-11-25 08:32:54,UCtPyU9cJgvvgH03PQKgaucA,ファミ通TUBE,182901646,208000,8151
2025-11-25 08:32:54,UCylNKKCfPMm8ROXasQWTonA,響咲リオナの足,3113749,6560,120
2025-11-25 08:32:54,UCKU0SVkIPRqwiZaXJ9rXhdw,シュート。,216239534,256000,2333
2025-11-25 08:32:54,UCZ1xuCK1kNmn5RzPYIZop3w,リゼ・ヘルエスタ -Lize Helesta-,298925210,957000,1089
2025-11-25 08:32:54,UC6qVAJzxF5kSN_UUFSdODiQ,MAZZEL - Topic,19161046,8260,57
2025-11-25 08:32:54,UCdVD0MsYecQaIE5Ru-pOIQQ,RIIZE,1015326967,1870000,1372
2025-11-25 08:32:54,UCBA-kvU_zYdKreZbhhywX2Q,あいずちゃんねる,147219987,57400,803
2025-11-25 08:32:54,UCAWxPGGuIfWME2KTLUmSCHw,ぱかチューブっ!【ウマ娘公式】,514522323,1310000,1287
2025-11-25 08:32:54,UCMF_5h2OejEhVorTB02UUSg,MAZZEL,240478072,282000,720
2025-11-25 08:32:54,UCy9GuRXGTm8TliQ-OJ7KwzA,【V.I.P】,977785890,978000,2493
2025-11-25 08:32:54,UCOXOcEbERAwGlE4ig9MaLSQ,夜勤明けパチンコパチスロ実践記,275469254,166000,1622
2025-11-25 08:32:54,UC070fhnqq38qNhqHm5rxTcQ,令和ちゃんねる,427941364,506000,3624
2025-11-25 08:32:54,UC3VId8brfshtHO6gMMqnZ5A,FLOW GLOW - Topic,326093,2190,5
2025-11-25 08:32:54,UCqQNCRSihFHVsXrDikNeYSg,げまじょが好き【にじさんじEXゲマズ切り抜き】,4429251,2320,117
2025-11-25 08:32:54,UCH-lygWpHodDff3iQurnWnQ,加藤純一切り抜き集,1718133753,580000,5439
2025-11-25 08:32:54,UCZwcUEEjD8RVzB-TAw1ts3g,Eden - Topic,4159107,1670,37
2025-11-25 08:32:54,UCLkAepWjdylmXSltofFvsYQ,BANGTANTV,26052132409,81700000,2933
2025-11-25 08:32:54,UC8eq3M3Yft3FUgxEX6lOZMg,chotokkyu - Topic,35677153,577,486
2025-11-25 08:32:54,UCYA14rrNjvQq_P_YSNeJHgA,スロライブ,89681693,46500,893
2025-11-25 08:32:54,UCX7YkU9nEeaoZbkVLVajcMg,にじさんじ,1071062884,1870000,2823
2025-11-25 08:32:54,UCv7VutirxDn3RWIJXI68n_A,＝LOVE（イコールラブ）公式チャンネル,466225819,554000,474
2025-11-25 08:32:54,UCBhPDpv9JavoPADrZcsAC2A,あらき-ARAKI Official,320679686,488000,260
2025-11-25 08:32:54,UCzXjPL7zo0bxhOYDxLJ9YEg,ポッキー,4096021947,3750000,4358
2025-11-25 08:32:54,UCHVkYOT63gAz5yTxjo68_Ng,家スロットゲームパンダ’s ROOM@琉球🐼🪸,1200262,1690,75
2025-11-25 08:32:54,UCvaTdHTWBGv3MKj3KVqJVCw,Okayu Ch. 猫又おかゆ,626491070,2060000,1591
2025-11-25 08:32:54,UChhKBlh_wvspTh5n4mL0b5g,BOYNEXTDOOR,1153888296,2060000,2186
2025-11-25 08:32:54,UCqeAYB1DMzfM-hG-Up52yNQ,つるおかかものはし,370798229,387000,3605
2025-11-25 08:32:54,UCUzpZpX2wRYOk3J8QTFGxDg,乃木坂46 OFFICIAL YouTube CHANNEL,1610447858,1730000,1168
2025-11-25 08:32:54,UC7wu64jFsV02bbu6UHUd7JA,ガンダムチャンネル,411912666,1670000,1650
2025-11-25 08:32:54,UCOVLrBaOiMH5QDKXTycZ8Pw,やっちゃんの崖っぷちスロパチ生活,698357486,326000,5202
2025-11-25 08:32:54,UCEfbtVOJgicdHjs5HzOzJlA,ぱち・スロ部,3581665,1760,302
2025-11-25 08:32:54,UCyTaStlK0neSuKveYOIioaw,ぐんぐにるチャンネル,274873313,426000,447
2025-11-25 08:32:54,UCgmFrRcyH7d1zR9sIVQhFow,ローレン・イロアス / Lauren Iroas【にじさんじ】,396213748,953000,1047
2025-11-25 08:32:54,UC5vqbtNnbOF2h7A_xlrIPUw,ぽっぴんず,916025537,629000,1052
2025-11-25 08:32:54,UCOTR1tcOAhjgi6YukrPpZxg,まふまふちゃんねる,2480686287,3610000,511
2025-11-25 08:32:54,UCvzGlP9oQwU--Y0r9id_jnA,Subaru Ch. 大空スバル,580785334,1950000,1893
2025-11-25 08:32:54,UCOjkVJQcjtWnpf0-1ft4brA,ゆっくりむちゃたぬき,209735574,352000,423
2025-11-25 08:32:54,UCDwcZ85zjLKD-3-jqlv1wQQ,アンジュルム,213864061,229000,366
2025-11-25 08:32:54,UCHD1jo5RhijLfx5-0Ehe_cg,&TEAM,466813545,1320000,1403
2025-11-25 08:32:54,UC__iCxFigPdcry_UBv6sDGw,IO,16107442,38000,13
2025-11-25 08:32:54,UCRDJ3DN-6ND_a4LSJ35L91A,立川ちゃんねる,106183484,107000,638
2025-11-25 08:32:54,UC-_iQWdEZY66nGGaHH0Ygmg,僕が見たかった青空,52768163,122000,498
2025-11-25 08:32:54,UCYXmyrGUVL8tX7VEvo_DjPw,シャル@ツモらせ隊,82945414,178000,898
2025-11-25 08:32:54,UC_DopZ9OANqNGho0wFwADqA,けいちゃん / Keichan,502697517,1270000,605
2025-11-25 08:32:54,UCJy7zfLsKBXoo2soFMum7JQ,あかさかの箱,1288862908,2620000,2687
2025-11-25 08:32:54,UCXEo7JprZQGCPkezcZylHlQ,黒炭酸,151823294,201000,1757
2025-11-25 08:32:54,UCqMRVBz-hhSFRuqlL1guqig,あひるだっく,51786212,127000,89
2025-11-25 08:32:54,UC1FQWQ3y3-e8l1pCtWhJt5A,Vaundy,2295815134,2430000,226
2025-11-25 08:32:54,UCDhOdoqPxv96djR3tSq9NoA,ショコラ大佐の秘密基地,148039376,138000,1744
2025-11-25 08:32:54,UCc-PPk-lNe34JaWCcJQCL0g,ドコムスチャンネル,540032743,593000,2021
2025-11-25 08:32:54,UCrKna8EQAd7NPRYq-gIsuow,ホロライ部【ホロライブ切り抜き】,69776376,37800,613
2025-11-25 08:32:54,UCGjV4bsC43On-YuiLZcfL0w,KUN,3388113399,1660000,11230
2025-11-25 08:32:54,UCB_qr75-ydFVKSF9Dmo6izg,FORMULA 1,8857095005,13700000,9402
2025-11-25 08:32:54,UCeK22JmzkTMa69kZU9NEqsA,めじの【Vtuber応援隊】,31529611,15100,537
2025-11-26 18:43:02,UCvaTdHTWBGv3MKj3KVqJVCw,Okayu Ch. 猫又おかゆ,626491070,2060000,1591
2025-11-26 18:43:02,UC9qSqkNFiByKzzoxT3Cydyw,Aiobahn,28036369,90000,14
2025-11-26 18:43:02,UCtceiniicYEsbAVuWy-Bi0Q,ドラゴンクエストウォーク公式,50337642,181000,160
2025-11-26 18:43:02,UCtiObj3CsEAdNU6ZPWDsddQ,TOMORROW X TOGETHER OFFICIAL,3494513829,13100000,3039
2025-11-26 18:43:02,UCBA-kvU_zYdKreZbhhywX2Q,あいずちゃんねる,147710919,57400,803
2025-11-26 18:43:02,UCIJAlAYCNN8RACtDDsy9K6g,Novelbright,652756465,733000,319
2025-11-26 18:43:02,UCOfESRUR5duQ2hMnTQ4oqhA,BUMP OF CHICKEN,1637208579,1590000,164
2025-11-26 18:43:02,UC8_Ag6BVp43Vmrx6eillK9g,Vaundy - Topic,908887607,2190,110
2025-11-26 18:43:02,UCOXOcEbERAwGlE4ig9MaLSQ,夜勤明けパチンコパチスロ実践記,275601275,166000,1622
2025-11-26 18:43:02,UCKU0SVkIPRqwiZaXJ9rXhdw,シュート。,216489823,256000,2334
2025-11-26 18:43:02,UC0ux2IFOXkj6ifQ4aSs9l7Q,大月【おおつき】,14755384,17500,1218
2025-11-26 18:43:02,UCOVLrBaOiMH5QDKXTycZ8Pw,やっちゃんの崖っぷちスロパチ生活,698750427,326000,5203
2025-11-26 18:43:02,UCSFCh5NL4qXrAy9u-u2lX3g,Kuzuha Channel,1426230744,2100000,2819
2025-11-26 18:43:02,UCH4yRBPH2pDUjPeqomx8CTQ,てるとくん,548320450,1330000,1894
2025-11-26 18:43:02,UCrQUlOEbu-0T0l4DAcBEeIg,pizzaofdeathofficial,408072226,332000,372
2025-11-26 18:43:02,UCHVkYOT63gAz5yTxjo68_Ng,家スロットゲームパンダ’s ROOM@琉球🐼🪸,1208167,1680,76
2025-11-26 18:43:02,UC6SmH9mR82nj28_NNg_rZvA,スクウェア・エニックス,1173076894,1090000,10983
2025-11-26 18:43:02,UCYe_uTI6X6mm9qaXm8iWFDg,ノッチ配信者パチンコライブ,268739271,125000,2726
2025-11-26 18:43:02,UCp_Az_oKu8-J5qIQpF35JbA,やわらちゃんねる,192928076,279000,862
2025-11-26 18:43:02,UCWvr04hMa4k4wSilYcQ4qoA,キャベツの人【ゲーム紹介】,253110424,418000,972
2025-11-26 18:43:02,UCPVr7clenPjpD7WNsSI3UBQ,レトルト,2878700140,2590000,3850
2025-11-26 18:43:02,UCdVD0MsYecQaIE5Ru-pOIQQ,RIIZE,1015326967,1870000,1380
2025-11-26 18:43:02,UCGc93NguHRwzv1Rw9MyIcxQ,鳴潮 (Wuthering Waves)公式,103228294,344000,465
2025-11-26 18:43:02,UCzRzPAT-AjlPyec5yXG974g,カワノKawano,207781875,184000,1322
2025-11-26 18:43:02,UCdCC1L_OxLrkoEjR19iXpRw,パチスロードch,135779790,75700,814
2025-11-26 18:43:02,UCDhOdoqPxv96djR3tSq9NoA,ショコラ大佐の秘密基地,148484620,138000,1745
2025-11-26 18:43:02,UCj4PjeVMnNTHIR5EeoNKPAw,ドズル社,4900034217,2570000,10211
2025-11-26 18:43:02,UC1FQWQ3y3-e8l1pCtWhJt5A,Vaundy,2295815134,2430000,226
2025-11-26 18:43:02,UCLkAepWjdylmXSltofFvsYQ,BANGTANTV,26052132409,81700000,2933
2025-11-26 18:43:02,UC8eq3M3Yft3FUgxEX6lOZMg,chotokkyu - Topic,35769873,577,486
2025-11-26 18:43:02,UCvzGlP9oQwU--Y0r9id_jnA,Subaru Ch. 大空スバル,581156475,1950000,1894
2025-11-26 18:43:02,UCVh47EKH9VLresRqiYi9txw,Mili,608668101,1010000,117
2025-11-26 18:43:02,UCDbUUremwf8k1x1GTYfB1Ng,ニート部クラフト,20381415,97100,125
2025-11-26 18:43:02,UCc-PPk-lNe34JaWCcJQCL0g,ドコムスチャンネル,540824009,593000,2023
2025-11-26 18:43:02,UChhKBlh_wvspTh5n4mL0b5g,BOYNEXTDOOR,1165454055,2060000,2198
2025-11-26 18:43:02,UCpGpA7mSYmNJjLiJxKso5QA,しもふりチューブ,1783109366,2160000,3021
2025-11-26 18:43:02,UC5vqbtNnbOF2h7A_xlrIPUw,ぽっぴんず,916578477,630000,1053
2025-11-26 18:43:02,UC__iCxFigPdcry_UBv6sDGw,IO,16279732,38100,13
2025-11-26 18:43:02,UCOTR1tcOAhjgi6YukrPpZxg,まふまふちゃんねる,2481296145,3610000,511
2025-11-26 18:43:02,UCvo8JUqHh2d1QGnK3LKyI4Q,ポケモンユナイト公式チャンネル,31955174,139000,467
2025-11-26 18:43:02,UCN7_YMtKaUiizHpw77XLVcw,EXILE,188488793,14700,308
2025-11-26 18:43:02,UCX7YkU9nEeaoZbkVLVajcMg,にじさんじ,1071638905,1870000,2825
2025-11-26 18:43:02,UCXeTnWiRoifoHHEzSyR5Ogg,パチンコ・パチスロ必勝ガイドチャンネル,52748613,86200,1323
2025-11-26 18:43:02,UCfipDDn7wY-C-SoUChgxCQQ,葉山舞鈴 / Ohayama Ch.,88016924,599000,1339
2025-11-26 18:43:02,UCdszfKemUn36sOEplfkiGVQ,GPV LABEL,2994474,5320,89
2025-11-26 18:43:02,UCc-itdQHxLvUlPrDxIiSJrA,INI,748068954,653000,1268
2025-11-26 18:43:02,UC7wu64jFsV02bbu6UHUd7JA,ガンダムチャンネル,412423775,1670000,1655
2025-11-26 18:43:02,UCkVvAm5jb62IMIJQj4wPVGA,TMSアニメ公式チャンネル,379083255,898000,1144
2025-11-26 18:43:02,UCkKj-SiKyiFkj_dO1vmY3gA,加藤純一RECORDS,5213651,29000,82
2025-11-26 18:43:02,UCYA14rrNjvQq_P_YSNeJHgA,スロライブ,89847170,46500,894
2025-11-26 18:43:02,UC-ifW8mHzfsZVGHY8vxqrjA,A.B.C-Z,59464169,54600,437
2025-11-26 18:43:02,UC3IZKseVpdzPSBaWxBxundA,HYBE LABELS,42519525251,79100000,2929
2025-11-26 18:43:02,UC6FadPgGviUcq6VQ0CEJqdQ,Juice=Juice,163770158,250000,280
2025-11-26 18:43:02,UCqKNMJ5s_vsf7WkesdBrvQA,IS:SUE,87680204,221000,768
2025-11-26 18:43:02,UChn5TjkeEqd-JxzizMVSkOw,ハヤトの野望,1035116728,1510000,2417
2025-11-26 18:43:02,UCHghNZNbV-CPbb_f3FslObw,がんばるぴえんちゃんパチンコ日記,80297691,100000,1531
2025-11-26 18:43:02,UC_DopZ9OANqNGho0wFwADqA,けいちゃん / Keichan,502697517,1270000,605
2025-11-26 18:43:02,UCoQhX2O93MVTWfgIz-8wOmg,KUNの50人クラフト,465558693,543000,1048
2025-11-26 18:43:02,UCCzUftO8KOVkV4wQG1vkUvg,Marine Ch. 宝鐘マリン,2033880549,4260000,1560
2025-11-26 18:43:02,UCMJiPpN_09F0aWpQrgbc_qg,キヨ。,6530876349,5480000,3083
2025-11-26 18:43:02,UCPJCP_fon2mOMfibbBPUOYw,SAWAYAN GAMES / サワヤン ゲームズ,1298866965,2070000,3416
2025-11-26 18:43:02,UC8rk-fIWJXYlSF8tkfG9wWg,天色鮫,66562544,192000,132
2025-11-26 18:43:02,UCqQNCRSihFHVsXrDikNeYSg,げまじょが好き【にじさんじEXゲマズ切り抜き】,4505630,2350,118
2025-11-26 18:43:02,UCof7dOTnyxaidkKkcIFuflQ,Mone Kamishiraishi - Topic,26275125,326,123
2025-11-26 18:43:02,UCZMRuagdTBKmmrFtSMN48Xw,牛沢,2664965878,1800000,3740
2025-11-26 18:43:02,UCHzevlEL9JfsBIm86uNCJqg,宮野真守,78718653,449000,329
2025-11-26 18:43:02,UCJnL-TBcsYrF2SLs7tmiC8Q,tripleS official,691134537,2880000,3052
2025-11-26 18:43:02,UCy9GuRXGTm8TliQ-OJ7KwzA,【V.I.P】,978404255,979000,2494
2025-11-26 18:43:02,UCwJYQvXHtNn1c7RqED4E7MA,パンダドラゴン,44018394,92300,532
2025-11-26 18:43:02,UCZ1xuCK1kNmn5RzPYIZop3w,リゼ・ヘルエスタ -Lize Helesta-,299210937,957000,1090
2025-11-26 18:43:02,UCMGvmEqkVbl372DCyn3NLAw,【吹いたら負け】葛葉先生のしくじり【切り抜き】,180526737,136000,978
2025-11-26 18:43:02,UCtKBQ2BYD76GiJvcpZOBorg,えいま,11409709,13500,346
2025-11-26 18:43:02,UCLrYavXppY_4oRfquHk9VQg,HAGANE,14455474,74800,142
2025-11-26 18:43:02,UChUjERVG8eKEAJSCef-tTmg,k4sen / かせん,717720716,1020000,3063
2025-11-26 18:43:02,UCxWcO9CLti4uouUIS5IIF-Q,Nornis,59019055,228000,110
2025-11-26 18:43:02,UCXURHJRGr4-EB3l87kcbElw,NCT DREAM,2300999800,7000000,1313
2025-11-26 18:43:02,UCEf_Bc-KVd7onSeifS3py9g,SMTOWN,32601374258,33500000,4640
2025-11-26 18:43:02,UC9Lx-zRFGfpuls27tNAOIqA,マエスケ,1541789868,1830000,1138
2025-11-26 18:43:02,UC4YT50DP7hbMsor8FmyEPMw,Victor Entertainment,1489501861,1070000,4972
2025-11-26 18:43:02,UCH-lygWpHodDff3iQurnWnQ,加藤純一切り抜き集,1718873534,580000,5439
2025-11-26 18:43:02,UCL7VEatXa9yBCKeM-ww8TnA,NX☆くさあん,208448896,238000,3562
2025-11-26 18:43:02,UCx1nAvtVDIsaGmCMSe8ofsQ,加藤純一【jun channel】,1137244182,1280000,1834
2025-11-26 18:43:02,UCHD1jo5RhijLfx5-0Ehe_cg,&TEAM,466813545,1320000,1406
2025-11-26 18:43:02,UC7aYDbAOIKIMt25ENfJ68Qw,ルカ,118689817,120000,2126
2025-11-26 18:43:02,UCHazKLThRbMyMFu2bVAKhng,ウォーターチャレンジ,3129829378,3150000,2181
2025-11-26 18:43:02,UCfkXDY7vwkcJ8ddFGz8KusA,SEVENTEEN,7797609294,16200000,3276
2025-11-26 18:43:02,UCXEo7JprZQGCPkezcZylHlQ,黒炭酸,152273686,202000,1757
2025-11-26 18:43:02,UCcg_rvE-fU2tATMwBAxW9bA,ヤングスキニー,149392027,238000,602
2025-11-26 18:43:02,UC2NujFa5X09CdV0YCntmQDg,板橋ハウス,904660978,752000,2029
2025-11-26 18:43:02,UCAWxPGGuIfWME2KTLUmSCHw,ぱかチューブっ!【ウマ娘公式】,515735509,1310000,1289
2025-11-26 18:43:02,UCpYHkc4rzWEW7iVXIyxQebA,Hey! Say! JUMP - Topic,58814548,5080,738
2025-11-26 18:43:02,UCNVIo0UJXTdEnsRkCB9Q03w,ILLIT - Topic,563762931,57700,59
2025-11-26 18:43:02,UC14QT5j2nQI8lKBCGtrrBQA,アニプレックス チャンネル,4304370914,3720000,15432
2025-11-26 18:43:02,UCmovZ2th3Sqpd00F5RdeigQ,加賀美 ハヤト/Hayato Kagami,332409391,921000,1521
2025-11-26 18:43:02,UCBuLdF0tQn5oZjpvYWSQkaA,Liura Channel,92139442,206000,374
2025-11-26 18:43:02,UCUzpZpX2wRYOk3J8QTFGxDg,乃木坂46 OFFICIAL YouTube CHANNEL,1610447858,1730000,1168
2025-11-26 18:43:02,UCDwcZ85zjLKD-3-jqlv1wQQ,アンジュルム,213864061,229000,370
2025-11-26 18:43:02,UCJy7zfLsKBXoo2soFMum7JQ,あかさかの箱,1290130511,2620000,2688
2025-11-26 18:43:02,UClNdVSK1uy2xFHTaXZYXopw,らっだぁ,1818287342,1450000,2341
2025-11-26 18:43:02,UCdMGYXL38w6htx6Yf9YJa-w,プロジェクトセカイ カラフルステージ! feat. 初音ミク,2002918466,2060000,1907
2025-11-26 18:43:02,UC15ebOqdhmvl1eb0s0jk5aw,戦極MCBATTLE,1332434553,847000,5383
2025-11-26 18:43:02,UCx-QS9BIo_L_lx5dkpys1qw,ねこまんまのパチ•チャンネル,7979566,14200,167
2025-11-26 18:43:02,UCeK22JmzkTMa69kZU9NEqsA,めじの【Vtuber応援隊】,31821301,15100,537
2025-11-26 18:43:02,UCtwTCZuQkTIwUf5m9mlZnOQ,Release - Topic,3185,39,7
2025-11-26 18:43:02,UCylNKKCfPMm8ROXasQWTonA,響咲リオナの足,3214550,6860,124
2025-11-26 18:43:02,UCMR5xpbhv3jzIQG1TOTg-Jg,B'z - Topic,290233950,3870,678
2025-11-26 18:43:02,UCrKna8EQAd7NPRYq-gIsuow,ホロライ部【ホロライブ切り抜き】,70032016,37800,613
2025-11-26 18:43:02,UCFvSFbT8okMrpuFxBEIB2lg,M!LK,89672169,10300,243
2025-11-26 18:43:02,UCtyXllCXnTAg4rjfI3UwIgA,しょうちゃんネル,300379892,138000,1546
2025-11-26 18:43:02,UCOjkVJQcjtWnpf0-1ft4brA,ゆっくりむちゃたぬき,210059667,352000,423
2025-11-26 18:43:02,UCUW6U6iOrntB0jw6-AbQo8g,RED Games,250361199,209000,3568
2025-11-26 18:43:02,UC3J-txytRWiRtNXrLS95eEw,ASIAN KUNG-FU GENERATION Official YouTube Channel,608265861,788000,282
2025-11-26 18:43:02,UCyTaStlK0neSuKveYOIioaw,ぐんぐにるチャンネル,275051458,426000,447
2025-11-26 18:43:02,UCS57xc1Bf-znC9_ouCc3SZw,佐野元春 - DaisyMusic,50511392,77600,163
2025-11-26 18:43:02,UCM3yhFc0-fBFuvqx1Vg2YNQ,まいぜんシスターズ,7170885518,3180000,1860
2025-11-26 18:43:02,UCMzLWawc9x3rUsqYDEfgqzA,ジャック・オ・蘭たん,712367245,648000,1887
2025-11-26 18:43:02,UCooVYzDxdwTtGYAkcPmOgOw,Brawl Stars,4003702299,23200000,370
2025-11-26 18:43:02,UCYLp2FLXcqLUZhvrCxQmNIA,胡桃沢りりか,40952518,100000,2570
2025-11-26 18:43:02,UC-_iQWdEZY66nGGaHH0Ygmg,僕が見たかった青空,52805973,122000,498
2025-11-26 18:43:02,UCEfbtVOJgicdHjs5HzOzJlA,ぱち・スロ部,3649413,1770,303
2025-11-26 18:43:02,UCRDJ3DN-6ND_a4LSJ35L91A,立川ちゃんねる,106452486,107000,639
2025-11-26 18:43:02,UCt09C9DPSuOGpHoitbcyCIQ,ゼンレスゾーンゼロ-ZZZ-公式,229645284,754000,429
2025-11-26 18:43:02,UCMF_5h2OejEhVorTB02UUSg,MAZZEL,243792578,284000,721
2025-11-26 18:43:02,UCAaGaynFpku5cAx6OOSrW-w,HoneyWorks OFFICIAL,1601855248,2850000,550
2025-11-26 18:43:02,UCgmFrRcyH7d1zR9sIVQhFow,ローレン・イロアス / Lauren Iroas【にじさんじ】,396807021,953000,1048
2025-11-26 18:43:02,UC070fhnqq38qNhqHm5rxTcQ,令和ちゃんねる,428354288,506000,3625
2025-11-26 18:43:02,UC_vMYWcDjmfdpH6r4TTn1MQ,Iroha ch. 風真いろは - holoX -,262899962,1130000,1052
2025-11-26 18:43:02,UCILZFnKZJksR7zwhZbAB4vw,れじぇくん,1503069264,1170000,1428
2025-11-26 18:43:02,UC6qVAJzxF5kSN_UUFSdODiQ,MAZZEL - Topic,19285446,8260,57
2025-11-26 18:43:02,UCjJmYy279ehSYSwR1A3fXtA,マグロヘッド,393931180,735000,1753
2025-11-26 18:43:02,UCZetZElUvdElPrcstRjl9DA,加藤純一ロードショー,413173563,509000,981
2025-11-26 18:43:02,UC56x--_QtyaWD1QptYrPMqA,刀剣乱舞 公式チャンネル,9523467,131000,116
2025-11-26 18:43:02,UC3NrSfe_yR5XX9zGFxYoV1Q,HIRAIDAI - Topic,281229302,3400,415
2025-11-26 18:43:02,UCZwcUEEjD8RVzB-TAw1ts3g,Eden - Topic,4227579,1730,38
2025-11-26 18:43:02,UCtPyU9cJgvvgH03PQKgaucA,ファミ通TUBE,183031244,208000,8152
2025-11-26 18:43:02,UCjcYYjM16TFOPXDjWgzHiHA,超覚醒てえんだ「スロパチ生放送」,87277250,140000,571
2025-11-26 18:43:02,UCcz2Y1yhR42UxbFwvPFGCmA,きっしー助六ちゃんねる,75772269,61500,940
2025-11-26 18:43:02,UCZVVCZwOpCbDXB84SDqWixQ,Lil Shady,56239923,283000,97
2025-11-26 18:43:02,UC6H_7uSepAzrlayBjAb9rrg,WurtS - Topic,69010100,698,82
2025-11-26 18:43:02,UC-hM6YJuNYVAmUWxeIr9FeA,Miko Ch. さくらみこ,889625882,2460000,2042
2025-11-26 18:43:02,UCFQu6Q-9LAS3KoEuRDNkzGA, ニート部,658915879,680000,3213
2025-11-26 18:43:02,UC1DCedRgGHBdm81E1llLhOQ,Pekora Ch. 兎田ぺこら,1012493189,2740000,2342
2025-11-26 18:43:02,UChVflUz2J_jaaqYjXqvpmQA,iLiFE!【あいらいふ】,246311299,485000,532
2025-11-26 18:43:02,UC9rMiEjNaCSsebs31MRDCRA,Stray Kids,9673395528,22200000,1878
2025-11-26 18:43:02,UC3VId8brfshtHO6gMMqnZ5A,FLOW GLOW - Topic,366731,2190,5
2025-11-26 18:43:02,UCaO6TYtlC8U5ttz62hTrZgg,JYP Entertainment,26020253681,31500000,2639
2025-11-26 18:43:02,UC_ntXHv-XdKCD7CPynVvnQw,Bandai Namco Entertainment America,615222427,1460000,3566
2025-11-26 18:43:02,UCBhPDpv9JavoPADrZcsAC2A,あらき-ARAKI Official,320679686,489000,260
2025-11-26 18:43:02,UCv7VutirxDn3RWIJXI68n_A,＝LOVE（イコールラブ）公式チャンネル,466225819,556000,474
2025-11-26 18:43:02,UCGjV4bsC43On-YuiLZcfL0w,KUN,3388904194,1660000,11232
2025-11-26 18:43:02,UCu3kfiUaK7MmkQ40omEpGyQ,ナナ色チャンネル,4507959,8290,82
2025-11-26 18:43:02,UCeA0fcfLVewbuD7H5YsrpdA,ライキジョーンズ,118778430,146000,3390
2025-11-26 18:43:02,UCqeAYB1DMzfM-hG-Up52yNQ,つるおかかものはし,371298994,387000,3608
2025-11-26 18:43:02,UCv2ejD5B1xOYtGB2cf80B8g,Netflix Japan,1981513167,2300000,7756
2025-11-26 18:43:02,UCB_qr75-ydFVKSF9Dmo6izg,FORMULA 1,8865234058,13700000,9406
2025-11-26 18:43:02,UCxIK6x6sG7Ln5vjjPYpgeAw,Chogakusei Official,674113985,1010000,564
2025-11-26 18:43:02,UCXqWKjzm2YMH6Bs7rAmsKFw,福本大晴,7285544,89600,144
2025-11-26 18:43:02,UCu2Fxqf37DAZ0ZhIsd1FZwA,Capcom Fighters JP,262009454,257000,3897
2025-11-26 18:43:02,UCzXjPL7zo0bxhOYDxLJ9YEg,ポッキー,4096717679,3750000,4359
2025-11-26 18:43:02,UCC4xWbcBVn-tHgchhrdmFpg,Jinmenusagi,9965654,32600,80
2025-11-26 18:43:02,UCdkVEDVAW5aFmA-Mkz0lAFQ,ひたまゆ。,466517551,410000,2793
2025-11-26 18:43:02,UCYXmyrGUVL8tX7VEvo_DjPw,シャル@ツモらせ隊,83196304,178000,899
2025-11-26 18:43:02,UC9zY_E8mcAo_Oq772LEZq8Q,THE FIRST TAKE,6260490494,11500000,1528
2025-11-26 18:43:02,UCENoC6MLc4pL-vehJyzSWmg,もこうの実況,1736173730,1600000,5786
2025-11-26 18:43:02,UCy0DH4rgPPjDWVZO7wibcSQ,めめんともり,351702333,335000,468
2025-11-26 18:43:02,UCqMRVBz-hhSFRuqlL1guqig,あひるだっく,52063292,128000,89
2025-11-25 20:32:19,UC6FadPgGviUcq6VQ0CEJqdQ,Juice=Juice,162049064,249000,280
2025-11-25 20:32:19,UCx1nAvtVDIsaGmCMSe8ofsQ,加藤純一【jun channel】,1136806839,1280000,1834
2025-11-25 20:32:19,UCc-PPk-lNe34JaWCcJQCL0g,ドコムスチャンネル,540356662,593000,2021
2025-11-25 20:32:19,UCeK22JmzkTMa69kZU9NEqsA,めじの【Vtuber応援隊】,31679001,15100,537
2025-11-25 20:32:19,UC15ebOqdhmvl1eb0s0jk5aw,戦極MCBATTLE,1331994946,847000,5380
2025-11-25 20:32:19,UCFvSFbT8okMrpuFxBEIB2lg,M!LK,89055255,10300,243
2025-11-25 20:32:19,UCSFCh5NL4qXrAy9u-u2lX3g,Kuzuha Channel,1424950504,2100000,2818
2025-11-25 20:32:19,UCy9GuRXGTm8TliQ-OJ7KwzA,【V.I.P】,977997693,979000,2494
2025-11-25 20:32:19,UCDwcZ85zjLKD-3-jqlv1wQQ,アンジュルム,213864061,229000,368
2025-11-25 20:32:19,UCXqWKjzm2YMH6Bs7rAmsKFw,福本大晴,7285544,89700,144
2025-11-25 20:32:19,UCPVr7clenPjpD7WNsSI3UBQ,レトルト,2877943743,2590000,3850
2025-11-25 20:32:19,UCqeAYB1DMzfM-hG-Up52yNQ,つるおかかものはし,370934217,387000,3607
2025-11-25 20:32:19,UCEfbtVOJgicdHjs5HzOzJlA,ぱち・スロ部,3584119,1760,302
2025-11-25 20:32:19,UClNdVSK1uy2xFHTaXZYXopw,らっだぁ,1817433175,1450000,2340
2025-11-25 20:32:19,UCmovZ2th3Sqpd00F5RdeigQ,加賀美 ハヤト/Hayato Kagami,332409391,921000,1520
2025-11-25 20:32:19,UCZwcUEEjD8RVzB-TAw1ts3g,Eden - Topic,4184148,1700,38
2025-11-25 20:32:19,UC5vqbtNnbOF2h7A_xlrIPUw,ぽっぴんず,916217219,630000,1052
2025-11-25 20:32:19,UC_vMYWcDjmfdpH6r4TTn1MQ,Iroha ch. 風真いろは - holoX -,262723246,1130000,1051
2025-11-25 20:32:19,UCeA0fcfLVewbuD7H5YsrpdA,ライキジョーンズ,118626164,146000,3389
2025-11-25 20:32:19,UCj4PjeVMnNTHIR5EeoNKPAw,ドズル社,4893163285,2560000,10207
2025-11-25 20:32:19,UCH-lygWpHodDff3iQurnWnQ,加藤純一切り抜き集,1718446841,580000,5439
2025-11-25 20:32:19,UCPJCP_fon2mOMfibbBPUOYw,SAWAYAN GAMES / サワヤン ゲームズ,1298369889,2070000,3416
2025-11-25 20:32:19,UCv2ejD5B1xOYtGB2cf80B8g,Netflix Japan,1980081923,2300000,7750
2025-11-25 20:32:19,UChVflUz2J_jaaqYjXqvpmQA,iLiFE!【あいらいふ】,246311299,484000,530
2025-11-25 20:32:19,UCyTaStlK0neSuKveYOIioaw,ぐんぐにるチャンネル,274988063,426000,446
2025-11-25 20:32:19,UC_DopZ9OANqNGho0wFwADqA,けいちゃん / Keichan,502697517,1270000,605
2025-11-25 20:32:19,UCt09C9DPSuOGpHoitbcyCIQ,ゼンレスゾーンゼロ-ZZZ-公式,229080119,754000,427
2025-11-25 20:32:19,UCX7YkU9nEeaoZbkVLVajcMg,にじさんじ,1071275897,1870000,2825
2025-11-25 20:32:19,UC3IZKseVpdzPSBaWxBxundA,HYBE LABELS,42502703726,79100000,2929
2025-11-25 20:32:19,UCBhPDpv9JavoPADrZcsAC2A,あらき-ARAKI Official,320679686,488000,260
2025-11-25 20:32:19,UCIJAlAYCNN8RACtDDsy9K6g,Novelbright,646175482,733000,319
2025-11-25 20:32:19,UC-hM6YJuNYVAmUWxeIr9FeA,Miko Ch. さくらみこ,889625882,2460000,2041
2025-11-25 20:32:19,UC9Lx-zRFGfpuls27tNAOIqA,マエスケ,1540679756,1830000,1137
2025-11-25 20:32:19,UCtyXllCXnTAg4rjfI3UwIgA,しょうちゃんネル,298495773,138000,1546
2025-11-25 20:32:19,UCrKna8EQAd7NPRYq-gIsuow,ホロライ部【ホロライブ切り抜き】,69865886,37800,613
2025-11-25 20:32:19,UC7aYDbAOIKIMt25ENfJ68Qw,ルカ,118589990,120000,2125
2025-11-25 20:32:19,UC56x--_QtyaWD1QptYrPMqA,刀剣乱舞 公式チャンネル,9433224,131000,116
2025-11-25 20:32:19,UC1DCedRgGHBdm81E1llLhOQ,Pekora Ch. 兎田ぺこら,1012010136,2740000,2341
2025-11-25 20:32:19,UCcz2Y1yhR42UxbFwvPFGCmA,きっしー助六ちゃんねる,75760244,61500,939
2025-11-25 20:32:19,UCILZFnKZJksR7zwhZbAB4vw,れじぇくん,1502874244,1170000,1428
2025-11-25 20:32:19,UCJnL-TBcsYrF2SLs7tmiC8Q,tripleS official,678132684,2880000,3049
2025-11-25 20:32:19,UCdVD0MsYecQaIE5Ru-pOIQQ,RIIZE,1015326967,1870000,1375
2025-11-25 20:32:19,UCGjV4bsC43On-YuiLZcfL0w,KUN,3388459623,1660000,11231
2025-11-25 20:32:19,UCtPyU9cJgvvgH03PQKgaucA,ファミ通TUBE,182954660,208000,8151
2025-11-25 20:32:19,UCEf_Bc-KVd7onSeifS3py9g,SMTOWN,32595925805,33500000,4640
2025-11-25 20:32:19,UCAWxPGGuIfWME2KTLUmSCHw,ぱかチューブっ!【ウマ娘公式】,514883442,1310000,1288
2025-11-25 20:32:19,UCYXmyrGUVL8tX7VEvo_DjPw,シャル@ツモらせ隊,83052972,178000,898
2025-11-25 20:32:19,UCqKNMJ5s_vsf7WkesdBrvQA,IS:SUE,87680204,220000,767
2025-11-25 20:32:19,UC7wu64jFsV02bbu6UHUd7JA,ガンダムチャンネル,412066551,1670000,1654
2025-11-25 20:32:19,UCNVIo0UJXTdEnsRkCB9Q03w,ILLIT - Topic,562318404,57700,59
2025-11-25 20:32:19,UCc-itdQHxLvUlPrDxIiSJrA,INI,748068954,652000,1266
2025-11-25 20:32:19,UCHghNZNbV-CPbb_f3FslObw,がんばるぴえんちゃんパチンコ日記,80262292,100000,1529
2025-11-25 20:32:19,UCqMRVBz-hhSFRuqlL1guqig,あひるだっく,51933932,127000,89
2025-11-25 20:32:19,UCZ1xuCK1kNmn5RzPYIZop3w,リゼ・ヘルエスタ -Lize Helesta-,299001750,957000,1089
2025-11-25 20:32:19,UCBA-kvU_zYdKreZbhhywX2Q,あいずちゃんねる,147494513,57300,803
2025-11-25 20:32:19,UCOTR1tcOAhjgi6YukrPpZxg,まふまふちゃんねる,2480967798,3610000,511
2025-11-25 20:32:19,UC0ux2IFOXkj6ifQ4aSs9l7Q,大月【おおつき】,14724261,17400,1217
2025-11-25 20:32:19,UC__iCxFigPdcry_UBv6sDGw,IO,16107442,38000,13
2025-11-25 20:32:19,UCOjkVJQcjtWnpf0-1ft4brA,ゆっくりむちゃたぬき,209880141,352000,423
2025-11-25 20:32:19,UCZMRuagdTBKmmrFtSMN48Xw,牛沢,2664148445,1800000,3739
2025-11-25 20:32:19,UC9zY_E8mcAo_Oq772LEZq8Q,THE FIRST TAKE,6257669369,11500000,1527
2025-11-25 20:32:19,UC3VId8brfshtHO6gMMqnZ5A,FLOW GLOW - Topic,336999,2190,5
2025-11-25 20:32:19,UC-ifW8mHzfsZVGHY8vxqrjA,A.B.C-Z,59464169,54500,437
2025-11-25 20:32:19,UCMJiPpN_09F0aWpQrgbc_qg,キヨ。,6529096807,5480000,3083
2025-11-25 20:32:19,UCB_qr75-ydFVKSF9Dmo6izg,FORMULA 1,8859878986,13700000,9402
2025-11-25 20:32:19,UC6qVAJzxF5kSN_UUFSdODiQ,MAZZEL - Topic,19200719,8260,57
2025-11-25 20:32:19,UCMGvmEqkVbl372DCyn3NLAw,【吹いたら負け】葛葉先生のしくじり【切り抜き】,180452214,136000,978
2025-11-25 20:32:19,UCzXjPL7zo0bxhOYDxLJ9YEg,ポッキー,4096288405,3750000,4358
2025-11-25 20:32:19,UCUW6U6iOrntB0jw6-AbQo8g,RED Games,250066787,209000,3564
2025-11-25 20:32:19,UChUjERVG8eKEAJSCef-tTmg,k4sen / かせん,716283754,1020000,3062
2025-11-25 20:32:19,UCOVLrBaOiMH5QDKXTycZ8Pw,やっちゃんの崖っぷちスロパチ生活,698612534,326000,5202
2025-11-25 20:32:19,UCYA14rrNjvQq_P_YSNeJHgA,スロライブ,89748736,46500,894
2025-11-25 20:32:19,UCooVYzDxdwTtGYAkcPmOgOw,Brawl Stars,4000176799,23200000,370
2025-11-25 20:32:19,UC8eq3M3Yft3FUgxEX6lOZMg,chotokkyu - Topic,35707175,577,486
2025-11-25 20:32:19,UC3J-txytRWiRtNXrLS95eEw,ASIAN KUNG-FU GENERATION Official YouTube Channel,608265861,788000,281
2025-11-25 20:32:19,UCvo8JUqHh2d1QGnK3LKyI4Q,ポケモンユナイト公式チャンネル,31943421,139000,467
2025-11-25 20:32:19,UCH4yRBPH2pDUjPeqomx8CTQ,てるとくん,547863906,1330000,1893
2025-11-25 20:32:19,UCAaGaynFpku5cAx6OOSrW-w,HoneyWorks OFFICIAL,1601855248,2850000,550
2025-11-25 20:32:19,UCtKBQ2BYD76GiJvcpZOBorg,えいま,11402824,13500,346
2025-11-25 20:32:19,UCaO6TYtlC8U5ttz62hTrZgg,JYP Entertainment,26010005047,31500000,2638
2025-11-25 20:32:19,UCHVkYOT63gAz5yTxjo68_Ng,家スロットゲームパンダ’s ROOM@琉球🐼🪸,1200416,1680,76
2025-11-25 20:32:19,UCHazKLThRbMyMFu2bVAKhng,ウォーターチャレンジ,3128753022,3150000,2180
2025-11-25 20:32:19,UCDbUUremwf8k1x1GTYfB1Ng,ニート部クラフト,20293991,96900,125
2025-11-25 20:32:19,UCJy7zfLsKBXoo2soFMum7JQ,あかさかの箱,1289314809,2620000,2687
2025-11-25 20:32:19,UChn5TjkeEqd-JxzizMVSkOw,ハヤトの野望,1034602930,1510000,2415
2025-11-25 20:32:19,UCRDJ3DN-6ND_a4LSJ35L91A,立川ちゃんねる,106288438,107000,639
2025-11-25 20:32:19,UCYLp2FLXcqLUZhvrCxQmNIA,胡桃沢りりか,40910955,100000,2568
2025-11-25 20:32:19,UCylNKKCfPMm8ROXasQWTonA,響咲リオナの足,3145428,6690,121
2025-11-25 20:32:19,UCjcYYjM16TFOPXDjWgzHiHA,超覚醒てえんだ「スロパチ生放送」,87200756,140000,571
2025-11-25 20:32:19,UCHD1jo5RhijLfx5-0Ehe_cg,&TEAM,466813545,1320000,1404
2025-11-25 20:32:19,UCKU0SVkIPRqwiZaXJ9rXhdw,シュート。,216368438,256000,2333
2025-11-25 20:32:19,UCdkVEDVAW5aFmA-Mkz0lAFQ,ひたまゆ。,466225947,410000,2791
2025-11-25 20:32:19,UCLkAepWjdylmXSltofFvsYQ,BANGTANTV,26052132409,81700000,2933
2025-11-25 20:32:19,UC070fhnqq38qNhqHm5rxTcQ,令和ちゃんねる,428112546,506000,3624
2025-11-25 20:32:19,UCkKj-SiKyiFkj_dO1vmY3gA,加藤純一RECORDS,5125700,28600,81
2025-11-25 20:32:19,UCUzpZpX2wRYOk3J8QTFGxDg,乃木坂46 OFFICIAL YouTube CHANNEL,1610447858,1730000,1168
2025-11-25 20:32:19,UCOXOcEbERAwGlE4ig9MaLSQ,夜勤明けパチンコパチスロ実践記,275529687,166000,1622
2025-11-25 20:32:19,UCoQhX2O93MVTWfgIz-8wOmg,KUNの50人クラフト,464951451,543000,1047
2025-11-25 20:32:19,UCENoC6MLc4pL-vehJyzSWmg,もこうの実況,1735813242,1600000,5785
2025-11-25 20:32:19,UCpGpA7mSYmNJjLiJxKso5QA,しもふりチューブ,1782706599,2160000,3020
2025-11-25 20:32:19,UC9rMiEjNaCSsebs31MRDCRA,Stray Kids,9673395528,22200000,1872
2025-11-25 20:32:19,UCvzGlP9oQwU--Y0r9id_jnA,Subaru Ch. 大空スバル,580850595,1950000,1893
2025-11-25 20:32:19,UCkVvAm5jb62IMIJQj4wPVGA,TMSアニメ公式チャンネル,379415080,898000,1145
2025-11-25 20:32:19,UCN7_YMtKaUiizHpw77XLVcw,EXILE,188358177,14600,307
2025-11-25 20:32:19,UC1FQWQ3y3-e8l1pCtWhJt5A,Vaundy,2295815134,2430000,226
2025-11-25 20:32:19,UCDhOdoqPxv96djR3tSq9NoA,ショコラ大佐の秘密基地,148259588,138000,1744
2025-11-25 20:32:19,UCWvr04hMa4k4wSilYcQ4qoA,キャベツの人【ゲーム紹介】,252884397,418000,972
2025-11-25 20:32:19,UCp_Az_oKu8-J5qIQpF35JbA,やわらちゃんねる,192798340,279000,862
2025-11-25 20:32:19,UCvaTdHTWBGv3MKj3KVqJVCw,Okayu Ch. 猫又おかゆ,626491070,2060000,1591
2025-11-25 20:32:19,UCXEo7JprZQGCPkezcZylHlQ,黒炭酸,152018395,201000,1757
2025-11-25 20:32:19,UCdCC1L_OxLrkoEjR19iXpRw,パチスロードch,135399941,75600,813
2025-11-25 20:32:19,UC8rk-fIWJXYlSF8tkfG9wWg,天色鮫,66455197,192000,132
2025-11-25 20:32:19,UC14QT5j2nQI8lKBCGtrrBQA,アニプレックス チャンネル,4301336548,3720000,15425
2025-11-25 20:32:19,UCVh47EKH9VLresRqiYi9txw,Mili,608668101,1000000,117
2025-11-25 20:32:19,UCOfESRUR5duQ2hMnTQ4oqhA,BUMP OF CHICKEN,1637208579,1590000,164
2025-11-25 20:32:19,UCXURHJRGr4-EB3l87kcbElw,NCT DREAM,2300999800,7000000,1311
2025-11-25 20:32:19,UCFQu6Q-9LAS3KoEuRDNkzGA, ニート部,658519203,680000,3212
2025-11-25 20:32:19,UC-_iQWdEZY66nGGaHH0Ygmg,僕が見たかった青空,52805973,122000,498
2025-11-25 20:32:19,UChhKBlh_wvspTh5n4mL0b5g,BOYNEXTDOOR,1153888296,2060000,2194
2025-11-25 20:32:19,UCBuLdF0tQn5oZjpvYWSQkaA,Liura Channel,91964482,206000,374
2025-11-25 20:32:19,UCCzUftO8KOVkV4wQG1vkUvg,Marine Ch. 宝鐘マリン,2033880549,4260000,1560
2025-11-25 20:32:19,UCxIK6x6sG7Ln5vjjPYpgeAw,Chogakusei Official,667393982,1010000,564
2025-11-25 20:32:19,UCv7VutirxDn3RWIJXI68n_A,＝LOVE（イコールラブ）公式チャンネル,466225819,555000,474
2025-11-25 20:32:19,UCMF_5h2OejEhVorTB02UUSg,MAZZEL,240478072,283000,721
2025-11-25 20:32:19,UCgmFrRcyH7d1zR9sIVQhFow,ローレン・イロアス / Lauren Iroas【にじさんじ】,396542080,953000,1047
2025-11-25 20:32:19,UCHzevlEL9JfsBIm86uNCJqg,宮野真守,78718653,449000,329
2025-11-25 20:32:19,UCqQNCRSihFHVsXrDikNeYSg,げまじょが好き【にじさんじEXゲマズ切り抜き】,4469282,2330,117
2025-11-25 20:32:19,UCwJYQvXHtNn1c7RqED4E7MA,パンダドラゴン,44018394,92300,532
2025-11-25 23:46:13,UCu3kfiUaK7MmkQ40omEpGyQ,ナナ色チャンネル,4342673,8180,80
2025-11-25 23:46:13,UC6FadPgGviUcq6VQ0CEJqdQ,Juice=Juice,162049064,249000,280
2025-11-25 23:46:13,UCvaTdHTWBGv3MKj3KVqJVCw,Okayu Ch. 猫又おかゆ,626491070,2060000,1591
2025-11-25 23:46:13,UC9Lx-zRFGfpuls27tNAOIqA,マエスケ,1540679756,1830000,1137
2025-11-25 23:46:13,UCxWcO9CLti4uouUIS5IIF-Q,Nornis,59019055,228000,110
2025-11-25 23:46:13,UCvo8JUqHh2d1QGnK3LKyI4Q,ポケモンユナイト公式チャンネル,31943421,139000,467
2025-11-25 23:46:13,UCDbUUremwf8k1x1GTYfB1Ng,ニート部クラフト,20293991,97000,125
2025-11-25 23:46:13,UC-ifW8mHzfsZVGHY8vxqrjA,A.B.C-Z,59464169,54500,437
2025-11-25 23:46:13,UC9zY_E8mcAo_Oq772LEZq8Q,THE FIRST TAKE,6257669369,11500000,1527
2025-11-25 23:46:13,UCdVD0MsYecQaIE5Ru-pOIQQ,RIIZE,1015326967,1870000,1376
2025-11-25 23:46:13,UCaO6TYtlC8U5ttz62hTrZgg,JYP Entertainment,26014450299,31500000,2639
2025-11-25 23:46:13,UCvzGlP9oQwU--Y0r9id_jnA,Subaru Ch. 大空スバル,580850595,1950000,1893
2025-11-25 23:46:13,UCZwcUEEjD8RVzB-TAw1ts3g,Eden - Topic,4184148,1710,38
2025-11-25 23:46:13,UCxIK6x6sG7Ln5vjjPYpgeAw,Chogakusei Official,667393982,1010000,564
2025-11-25 23:46:13,UCBuLdF0tQn5oZjpvYWSQkaA,Liura Channel,91964482,206000,374
2025-11-25 23:46:13,UCLkAepWjdylmXSltofFvsYQ,BANGTANTV,26052132409,81700000,2933
2025-11-25 23:46:13,UCy9GuRXGTm8TliQ-OJ7KwzA,【V.I.P】,977997693,978000,2494
2025-11-25 23:46:13,UCHghNZNbV-CPbb_f3FslObw,がんばるぴえんちゃんパチンコ日記,80262292,100000,1529
2025-11-25 23:46:13,UCPJCP_fon2mOMfibbBPUOYw,SAWAYAN GAMES / サワヤン ゲームズ,1298369889,2070000,3416
2025-11-25 23:46:13,UCeA0fcfLVewbuD7H5YsrpdA,ライキジョーンズ,118626164,146000,3389
2025-11-25 23:46:13,UCXeTnWiRoifoHHEzSyR5Ogg,パチンコ・パチスロ必勝ガイドチャンネル,52606761,86200,1323
2025-11-25 23:46:13,UCzXjPL7zo0bxhOYDxLJ9YEg,ポッキー,4096288405,3750000,4359
2025-11-25 23:46:13,UCPVr7clenPjpD7WNsSI3UBQ,レトルト,2877943743,2590000,3850
2025-11-25 23:46:13,UC-hM6YJuNYVAmUWxeIr9FeA,Miko Ch. さくらみこ,889625882,2460000,2041
2025-11-25 23:46:13,UCYe_uTI6X6mm9qaXm8iWFDg,ノッチ配信者パチンコライブ,268361675,125000,2725
2025-11-25 23:46:13,UC7wu64jFsV02bbu6UHUd7JA,ガンダムチャンネル,412066551,1670000,1655
2025-11-25 23:46:13,UCH-lygWpHodDff3iQurnWnQ,加藤純一切り抜き集,1718446841,580000,5439
2025-11-25 23:46:13,UCB_qr75-ydFVKSF9Dmo6izg,FORMULA 1,8859878986,13700000,9402
2025-11-25 23:46:13,UCWvr04hMa4k4wSilYcQ4qoA,キャベツの人【ゲーム紹介】,252884397,418000,972
2025-11-25 23:46:13,UCN7_YMtKaUiizHpw77XLVcw,EXILE,188358177,14700,307
2025-11-25 23:46:13,UCYLp2FLXcqLUZhvrCxQmNIA,胡桃沢りりか,40910955,100000,2568
2025-11-25 23:46:13,UCX7YkU9nEeaoZbkVLVajcMg,にじさんじ,1071275897,1870000,2825
2025-11-25 23:46:13,UCBhPDpv9JavoPADrZcsAC2A,あらき-ARAKI Official,320679686,488000,260
2025-11-25 23:46:13,UCp_Az_oKu8-J5qIQpF35JbA,やわらちゃんねる,192821029,279000,862
2025-11-25 23:46:13,UC2NujFa5X09CdV0YCntmQDg,板橋ハウス,904148443,752000,2028
2025-11-25 23:46:13,UC14QT5j2nQI8lKBCGtrrBQA,アニプレックス チャンネル,4301336548,3720000,15426
2025-11-25 23:46:13,UCNVIo0UJXTdEnsRkCB9Q03w,ILLIT - Topic,562318404,57700,59
2025-11-25 23:46:13,UCOfESRUR5duQ2hMnTQ4oqhA,BUMP OF CHICKEN,1637208579,1590000,164
2025-11-25 23:46:13,UChhKBlh_wvspTh5n4mL0b5g,BOYNEXTDOOR,1153888296,2060000,2198
2025-11-25 23:46:13,UCGjV4bsC43On-YuiLZcfL0w,KUN,3388459623,1660000,11231
2025-11-25 23:46:13,UCrQUlOEbu-0T0l4DAcBEeIg,pizzaofdeathofficial,407896835,331000,372
2025-11-25 23:46:13,UC__iCxFigPdcry_UBv6sDGw,IO,16107442,38100,13
2025-11-25 23:46:13,UC_vMYWcDjmfdpH6r4TTn1MQ,Iroha ch. 風真いろは - holoX -,262723246,1130000,1051
2025-11-25 23:46:13,UCgmFrRcyH7d1zR9sIVQhFow,ローレン・イロアス / Lauren Iroas【にじさんじ】,396542080,953000,1048
2025-11-25 23:46:13,UCc-itdQHxLvUlPrDxIiSJrA,INI,748068954,652000,1267
2025-11-25 23:46:13,UC070fhnqq38qNhqHm5rxTcQ,令和ちゃんねる,428112546,506000,3625
2025-11-25 23:46:13,UCtyXllCXnTAg4rjfI3UwIgA,しょうちゃんネル,298495773,138000,1546
2025-11-25 23:46:13,UCwJYQvXHtNn1c7RqED4E7MA,パンダドラゴン,44018394,92300,532
2025-11-25 23:46:13,UCx1nAvtVDIsaGmCMSe8ofsQ,加藤純一【jun channel】,1136806839,1280000,1834
2025-11-25 23:46:13,UCkVvAm5jb62IMIJQj4wPVGA,TMSアニメ公式チャンネル,379415080,898000,1145
2025-11-25 23:46:13,UCRDJ3DN-6ND_a4LSJ35L91A,立川ちゃんねる,106288438,107000,639
2025-11-25 23:46:13,UCXURHJRGr4-EB3l87kcbElw,NCT DREAM,2300999800,7000000,1312
2025-11-25 23:46:13,UC5vqbtNnbOF2h7A_xlrIPUw,ぽっぴんず,916217219,630000,1052
2025-11-25 23:46:13,UCooVYzDxdwTtGYAkcPmOgOw,Brawl Stars,4000176799,23200000,370
2025-11-25 23:46:13,UCjcYYjM16TFOPXDjWgzHiHA,超覚醒てえんだ「スロパチ生放送」,87200756,140000,571
2025-11-25 23:46:13,UCqMRVBz-hhSFRuqlL1guqig,あひるだっく,51933932,127000,89
2025-11-25 23:46:13,UCXqWKjzm2YMH6Bs7rAmsKFw,福本大晴,7285544,89700,144
2025-11-25 23:46:13,UCtKBQ2BYD76GiJvcpZOBorg,えいま,11402824,13500,346
2025-11-25 23:46:13,UC8eq3M3Yft3FUgxEX6lOZMg,chotokkyu - Topic,35707175,577,486
2025-11-25 23:46:13,UCEfbtVOJgicdHjs5HzOzJlA,ぱち・スロ部,3584119,1760,302
2025-11-25 23:46:13,UCXEo7JprZQGCPkezcZylHlQ,黒炭酸,152018395,201000,1757
2025-11-25 23:46:13,UCHVkYOT63gAz5yTxjo68_Ng,家スロットゲームパンダ’s ROOM@琉球🐼🪸,1200416,1680,76
2025-11-25 23:46:13,UCylNKKCfPMm8ROXasQWTonA,響咲リオナの足,3145428,6710,121
2025-11-25 23:46:13,UCqeAYB1DMzfM-hG-Up52yNQ,つるおかかものはし,370934217,387000,3607
2025-11-25 23:46:13,UCtPyU9cJgvvgH03PQKgaucA,ファミ通TUBE,182954660,208000,8151
2025-11-25 23:46:13,UCAWxPGGuIfWME2KTLUmSCHw,ぱかチューブっ!【ウマ娘公式】,514883442,1310000,1288
2025-11-25 23:46:13,UCj4PjeVMnNTHIR5EeoNKPAw,ドズル社,4893163285,2560000,10209
2025-11-25 23:46:13,UC3J-txytRWiRtNXrLS95eEw,ASIAN KUNG-FU GENERATION Official YouTube Channel,608265861,788000,281
2025-11-25 23:46:13,UCpGpA7mSYmNJjLiJxKso5QA,しもふりチューブ,1782706599,2160000,3020
2025-11-25 23:46:13,UCYA14rrNjvQq_P_YSNeJHgA,スロライブ,89748736,46500,894
2025-11-25 23:46:13,UCH4yRBPH2pDUjPeqomx8CTQ,てるとくん,547863906,1330000,1893
2025-11-25 23:46:13,UCOXOcEbERAwGlE4ig9MaLSQ,夜勤明けパチンコパチスロ実践記,275529687,166000,1622
2025-11-25 23:46:13,UChn5TjkeEqd-JxzizMVSkOw,ハヤトの野望,1034602930,1510000,2415
2025-11-25 23:46:13,UC56x--_QtyaWD1QptYrPMqA,刀剣乱舞 公式チャンネル,9433224,131000,116
2025-11-25 23:46:13,UCZ1xuCK1kNmn5RzPYIZop3w,リゼ・ヘルエスタ -Lize Helesta-,299001750,957000,1090
2025-11-25 23:46:13,UCJnL-TBcsYrF2SLs7tmiC8Q,tripleS official,678132684,2880000,3050
2025-11-25 23:46:13,UC7aYDbAOIKIMt25ENfJ68Qw,ルカ,118589990,120000,2125
2025-11-25 23:46:13,UCrKna8EQAd7NPRYq-gIsuow,ホロライ部【ホロライブ切り抜き】,69865886,37800,613
2025-11-25 23:46:13,UCFQu6Q-9LAS3KoEuRDNkzGA, ニート部,658519203,680000,3212
2025-11-25 23:46:13,UC_DopZ9OANqNGho0wFwADqA,けいちゃん / Keichan,502697517,1270000,605
2025-11-25 23:46:13,UCMJiPpN_09F0aWpQrgbc_qg,キヨ。,6529096807,5480000,3083
2025-11-25 23:46:13,UCFvSFbT8okMrpuFxBEIB2lg,M!LK,89055255,10300,243
2025-11-25 23:46:13,UC3IZKseVpdzPSBaWxBxundA,HYBE LABELS,42502703726,79100000,2929
2025-11-25 23:46:13,UCcz2Y1yhR42UxbFwvPFGCmA,きっしー助六ちゃんねる,75760244,61500,939
2025-11-25 23:46:13,UCv7VutirxDn3RWIJXI68n_A,＝LOVE（イコールラブ）公式チャンネル,466225819,555000,474
2025-11-25 23:46:13,UClNdVSK1uy2xFHTaXZYXopw,らっだぁ,1817433175,1450000,2340
2025-11-25 23:46:13,UCdMGYXL38w6htx6Yf9YJa-w,プロジェクトセカイ カラフルステージ! feat. 初音ミク,2001101239,2060000,1907
2025-11-25 23:46:13,UCILZFnKZJksR7zwhZbAB4vw,れじぇくん,1502874244,1170000,1428
2025-11-25 23:46:13,UCMF_5h2OejEhVorTB02UUSg,MAZZEL,240478072,283000,721
2025-11-25 23:46:13,UC0ux2IFOXkj6ifQ4aSs9l7Q,大月【おおつき】,14724261,17400,1217
2025-11-25 23:46:13,UCJy7zfLsKBXoo2soFMum7JQ,あかさかの箱,1289314809,2620000,2687
2025-11-25 23:46:13,UCL7VEatXa9yBCKeM-ww8TnA,NX☆くさあん,208215299,238000,3561
2025-11-25 23:46:13,UC9rMiEjNaCSsebs31MRDCRA,Stray Kids,9673395528,22200000,1874
2025-11-25 23:46:13,UChVflUz2J_jaaqYjXqvpmQA,iLiFE!【あいらいふ】,246311299,484000,531
2025-11-25 23:46:13,UCDhOdoqPxv96djR3tSq9NoA,ショコラ大佐の秘密基地,148259588,138000,1744
2025-11-25 23:46:13,UCIJAlAYCNN8RACtDDsy9K6g,Novelbright,646175482,733000,319
2025-11-25 23:46:13,UCHD1jo5RhijLfx5-0Ehe_cg,&TEAM,466813545,1320000,1405
2025-11-25 23:46:13,UCdkVEDVAW5aFmA-Mkz0lAFQ,ひたまゆ。,466225947,410000,2791
2025-11-25 23:46:13,UCZMRuagdTBKmmrFtSMN48Xw,牛沢,2664148445,1800000,3739
2025-11-25 23:46:13,UCBA-kvU_zYdKreZbhhywX2Q,あいずちゃんねる,147494513,57400,803
2025-11-25 23:46:13,UCCzUftO8KOVkV4wQG1vkUvg,Marine Ch. 宝鐘マリン,2033880549,4260000,1560
2025-11-25 23:46:13,UCmovZ2th3Sqpd00F5RdeigQ,加賀美 ハヤト/Hayato Kagami,332409391,921000,1520
2025-11-25 23:46:13,UCc-PPk-lNe34JaWCcJQCL0g,ドコムスチャンネル,540356662,593000,2021
2025-11-25 23:46:13,UCZVVCZwOpCbDXB84SDqWixQ,Lil Shady,55380693,283000,97
2025-11-25 23:46:13,UCv2ejD5B1xOYtGB2cf80B8g,Netflix Japan,1980081923,2300000,7751
2025-11-25 23:46:13,UCAaGaynFpku5cAx6OOSrW-w,HoneyWorks OFFICIAL,1601855248,2850000,550
2025-11-25 23:46:13,UCUW6U6iOrntB0jw6-AbQo8g,RED Games,250066787,209000,3566
2025-11-25 23:46:13,UCOTR1tcOAhjgi6YukrPpZxg,まふまふちゃんねる,2480967798,3610000,511
2025-11-25 23:46:13,UCtiObj3CsEAdNU6ZPWDsddQ,TOMORROW X TOGETHER OFFICIAL,3494513829,13100000,3034
2025-11-25 23:46:13,UCVh47EKH9VLresRqiYi9txw,Mili,608668101,1000000,117
2025-11-25 23:46:13,UCEf_Bc-KVd7onSeifS3py9g,SMTOWN,32595925805,33500000,4640
2025-11-25 23:46:13,UC15ebOqdhmvl1eb0s0jk5aw,戦極MCBATTLE,1331994946,847000,5380
2025-11-25 23:46:13,UCeK22JmzkTMa69kZU9NEqsA,めじの【Vtuber応援隊】,31679001,15100,537
2025-11-25 23:46:13,UCOjkVJQcjtWnpf0-1ft4brA,ゆっくりむちゃたぬき,209880141,352000,423
2025-11-25 23:46:13,UC1FQWQ3y3-e8l1pCtWhJt5A,Vaundy,2295815134,2430000,226
2025-11-25 23:46:13,UCkKj-SiKyiFkj_dO1vmY3gA,加藤純一RECORDS,5125700,28700,82
2025-11-25 23:46:13,UCyTaStlK0neSuKveYOIioaw,ぐんぐにるチャンネル,274988063,426000,446
2025-11-25 23:46:13,UCMGvmEqkVbl372DCyn3NLAw,【吹いたら負け】葛葉先生のしくじり【切り抜き】,180452214,136000,978
2025-11-25 23:46:13,UCSFCh5NL4qXrAy9u-u2lX3g,Kuzuha Channel,1424950504,2100000,2818
2025-11-25 23:46:13,UCqQNCRSihFHVsXrDikNeYSg,げまじょが好き【にじさんじEXゲマズ切り抜き】,4469282,2330,117
2025-11-25 23:46:13,UCHazKLThRbMyMFu2bVAKhng,ウォーターチャレンジ,3128753022,3150000,2180
2025-11-25 23:46:13,UC8rk-fIWJXYlSF8tkfG9wWg,天色鮫,66455197,192000,132
2025-11-25 23:46:13,UCoQhX2O93MVTWfgIz-8wOmg,KUNの50人クラフト,464951451,543000,1047
2025-11-25 23:46:13,UC6qVAJzxF5kSN_UUFSdODiQ,MAZZEL - Topic,19200719,8260,57
2025-11-25 23:46:13,UCdCC1L_OxLrkoEjR19iXpRw,パチスロードch,135399941,75600,814
2025-11-25 23:46:13,UCqKNMJ5s_vsf7WkesdBrvQA,IS:SUE,87680204,221000,768
2025-11-25 23:46:13,UCOVLrBaOiMH5QDKXTycZ8Pw,やっちゃんの崖っぷちスロパチ生活,698612534,326000,5202
2025-11-25 23:46:13,UC1DCedRgGHBdm81E1llLhOQ,Pekora Ch. 兎田ぺこら,1012010136,2740000,2341
2025-11-25 23:46:13,UCt09C9DPSuOGpHoitbcyCIQ,ゼンレスゾーンゼロ-ZZZ-公式,229080119,754000,427
2025-11-25 23:46:13,UChUjERVG8eKEAJSCef-tTmg,k4sen / かせん,716283754,1020000,3062
2025-11-25 23:46:13,UCDwcZ85zjLKD-3-jqlv1wQQ,アンジュルム,213864061,229000,370
2025-11-25 23:46:13,UCYXmyrGUVL8tX7VEvo_DjPw,シャル@ツモらせ隊,83052972,178000,898
2025-11-25 23:46:13,UCdszfKemUn36sOEplfkiGVQ,GPV LABEL,2967160,5210,89
2025-11-25 23:46:13,UCKU0SVkIPRqwiZaXJ9rXhdw,シュート。,216368438,256000,2334
2025-11-25 23:46:13,UC-_iQWdEZY66nGGaHH0Ygmg,僕が見たかった青空,52805973,122000,498
2025-11-25 23:46:13,UC3VId8brfshtHO6gMMqnZ5A,FLOW GLOW - Topic,336999,2190,5
2025-11-25 23:46:13,UCENoC6MLc4pL-vehJyzSWmg,もこうの実況,1735813242,1600000,5786
2025-11-25 23:46:13,UCUzpZpX2wRYOk3J8QTFGxDg,乃木坂46 OFFICIAL YouTube CHANNEL,1610447858,1730000,1168
2025-11-25 23:46:13,UCHzevlEL9JfsBIm86uNCJqg,宮野真守,78718653,449000,329
2025-11-27 22:32:04,UCGc93NguHRwzv1Rw9MyIcxQ,鳴潮 (Wuthering Waves)公式,104224935,345000,466
2025-11-27 22:32:04,UCc-PPk-lNe34JaWCcJQCL0g,ドコムスチャンネル,541285685,593000,2024
2025-11-27 22:32:04,UCooVYzDxdwTtGYAkcPmOgOw,Brawl Stars,4006370981,23200000,370
2025-11-27 22:32:04,UCvzGlP9oQwU--Y0r9id_jnA,Subaru Ch. 大空スバル,581301904,1950000,1896
2025-11-27 22:32:04,UCqQNCRSihFHVsXrDikNeYSg,げまじょが好き【にじさんじEXゲマズ切り抜き】,4585662,2390,119
2025-11-27 22:32:04,UCv0F5yCdnwnBTrcJO2Yr3lQ,きむちゃんねる,924981628,765000,2674
2025-11-27 22:32:04,UCd9BXPj-KcMTh0HiB-Vlb8A,モンスト（モンスターストライク）公式,1160616788,1550000,4581
2025-11-27 22:32:04,UCDBdcJ3JIg2sjDg8QR3xp-g,Iyowa - Topic,65698952,31400,88
2025-11-27 22:32:04,UCENwRMx5Yh42zWpzURebzTw,Laplus ch. ラプラス・ダークネス - holoX -,400043743,1450000,918
2025-11-27 22:32:04,UCy2IDlWr4fbdO2dbka98bSg,HACHI - Topic,18777542,625,60
2025-11-27 22:32:04,UC5nxCVEWQLLfkPuMylpkYkA,ロス,123613887,487000,68
2025-11-27 22:32:04,UClNdVSK1uy2xFHTaXZYXopw,らっだぁ,1819198345,1450000,2342
2025-11-27 22:32:04,UC4YT50DP7hbMsor8FmyEPMw,Victor Entertainment,1489968652,1070000,4975
2025-11-27 22:32:04,UCXqWKjzm2YMH6Bs7rAmsKFw,福本大晴,7532808,89600,146
2025-11-27 22:32:04,UCZVVCZwOpCbDXB84SDqWixQ,Lil Shady,56319498,284000,97
2025-11-27 22:32:04,UC6FadPgGviUcq6VQ0CEJqdQ,Juice=Juice,163770158,251000,281
2025-11-27 22:32:04,UCH4yRBPH2pDUjPeqomx8CTQ,てるとくん,548708568,1330000,1895
2025-11-27 22:32:04,UCRDJ3DN-6ND_a4LSJ35L91A,立川ちゃんねる,106588840,107000,639
2025-11-27 22:32:04,UCMzLWawc9x3rUsqYDEfgqzA,ジャック・オ・蘭たん,712914393,649000,1888
2025-11-27 22:32:04,UCmnZL4tFRl4sm-uJOxTLHmg,今日ポケch.,986677118,569000,1305
2025-11-27 22:32:04,UCDbUUremwf8k1x1GTYfB1Ng,ニート部クラフト,20447117,97300,126
2025-11-27 22:32:04,UCoQhX2O93MVTWfgIz-8wOmg,KUNの50人クラフト,466114749,544000,1051
2025-11-27 22:32:04,UCBuLdF0tQn5oZjpvYWSQkaA,Liura Channel,92259839,206000,376
2025-11-27 22:32:04,UCXURHJRGr4-EB3l87kcbElw,NCT DREAM,2300999800,7000000,1318
2025-11-27 22:32:04,UCHp2q2i85qt_9nn2H7AvGOw,NiziU Official,1563277157,2290000,2505
2025-11-27 22:32:04,UCHvFSU5OP6c7QcJxIr87YtA,ウタエル Utael,446432580,582000,903
2025-11-27 22:32:04,UCOjkVJQcjtWnpf0-1ft4brA,ゆっくりむちゃたぬき,210189117,353000,423
2025-11-27 22:32:04,UCPVr7clenPjpD7WNsSI3UBQ,レトルト,2879338263,2590000,3850
2025-11-27 22:32:04,UCUbAVVpHteGtGQPPN9lM3oQ,ホロライブ切り抜き/なめたけ,572272419,339000,2103
2025-11-27 22:32:04,UC070fhnqq38qNhqHm5rxTcQ,令和ちゃんねる,428623803,506000,3629
2025-11-27 22:32:04,UCAWxPGGuIfWME2KTLUmSCHw,ぱかチューブっ!【ウマ娘公式】,515911968,1310000,1291
2025-11-27 22:32:04,UCtyXllCXnTAg4rjfI3UwIgA,しょうちゃんネル,301544555,138000,1548
2025-11-27 22:32:04,UCc-itdQHxLvUlPrDxIiSJrA,INI,748068954,653000,1270
2025-11-27 22:32:04,UCWvr04hMa4k4wSilYcQ4qoA,キャベツの人【ゲーム紹介】,253316988,418000,974
2025-11-27 22:32:04,UCjJmYy279ehSYSwR1A3fXtA,マグロヘッド,394405965,735000,1754
2025-11-27 22:32:04,UCj4PjeVMnNTHIR5EeoNKPAw,ドズル社,4906590678,2570000,10214
2025-11-27 22:32:04,UCkVvAm5jb62IMIJQj4wPVGA,TMSアニメ公式チャンネル,379535728,898000,1147
2025-11-27 22:32:04,UCpT4syVopfBl2bATVfAt65g,澤野弘之 / SawanoHiroyuki[nZk],51761013,4080,22
2025-11-27 22:32:04,UCdCC1L_OxLrkoEjR19iXpRw,パチスロードch,136215959,75700,816
2025-11-27 22:32:04,UC3NrSfe_yR5XX9zGFxYoV1Q,HIRAIDAI - Topic,281407124,3400,415
2025-11-27 22:32:04,UCeA0fcfLVewbuD7H5YsrpdA,ライキジョーンズ,118883150,146000,3390
2025-11-27 22:32:04,UCwJYQvXHtNn1c7RqED4E7MA,パンダドラゴン,44018394,92300,533
2025-11-27 22:32:04,UCdszfKemUn36sOEplfkiGVQ,GPV LABEL,3034645,5410,91
2025-11-27 22:32:04,UC8Qwnts13zIh2EYUCau6m3w,ONE N' ONLY TV,112267072,214000,795
2025-11-27 22:32:04,UC-_iQWdEZY66nGGaHH0Ygmg,僕が見たかった青空,52805973,122000,499
2025-11-27 22:32:04,UCtKBQ2BYD76GiJvcpZOBorg,えいま,11415764,13500,346
2025-11-27 22:32:04,UC5vqbtNnbOF2h7A_xlrIPUw,ぽっぴんず,916917839,630000,1053
2025-11-27 22:32:04,UCdPCarwi28K5Z7s5l2nMiLw,Uru Official YouTube Channel,901097541,1180000,296
2025-11-27 22:32:04,UCsoW5-5KCPFAZwfGU-POUvA,まじめにヤバシティ,61594056,390000,306
2025-11-27 22:32:04,UCGjV4bsC43On-YuiLZcfL0w,KUN,3389315997,1660000,11233
2025-11-27 22:32:04,UCx-QS9BIo_L_lx5dkpys1qw,ねこまんまのパチ•チャンネル,8057185,14300,169
2025-11-27 22:32:04,UChhKBlh_wvspTh5n4mL0b5g,BOYNEXTDOOR,1166800131,2070000,2201
2025-11-27 22:32:04,UCylNKKCfPMm8ROXasQWTonA,響咲リオナの足,3336188,7110,127
2025-11-27 22:32:04,UCZetZElUvdElPrcstRjl9DA,加藤純一ロードショー,413602922,509000,982
2025-11-27 22:32:04,UCdMGYXL38w6htx6Yf9YJa-w,プロジェクトセカイ カラフルステージ! feat. 初音ミク,2004254384,2060000,1907
2025-11-27 22:32:04,UCvaTdHTWBGv3MKj3KVqJVCw,Okayu Ch. 猫又おかゆ,626491070,2060000,1593
2025-11-27 22:32:04,UCS57xc1Bf-znC9_ouCc3SZw,佐野元春 - DaisyMusic,50511392,77700,163
2025-11-27 22:32:04,UCqm3BQLlJfvkTsX_hvm0UmA,Watame Ch. 角巻わため,610016767,1700000,2979
2025-11-27 22:32:04,UCt09C9DPSuOGpHoitbcyCIQ,ゼンレスゾーンゼロ-ZZZ-公式,230180173,754000,430
2025-11-27 22:32:04,UCdVD0MsYecQaIE5Ru-pOIQQ,RIIZE,1015326967,1870000,1387
2025-11-27 22:32:04,UC3PFoXZPFJGy9F4PG84nNQQ,Soala - Topic,29220278,4820,84
2025-11-27 22:32:04,UCUW6U6iOrntB0jw6-AbQo8g,RED Games,250702633,209000,3571
2025-11-27 22:32:04,UChVflUz2J_jaaqYjXqvpmQA,iLiFE!【あいらいふ】,246311299,486000,535
2025-11-27 22:32:04,UCJxxoli_XbupD8SK_TtytAQ,バンダイナムコ アミューズメントユニット公式チャンネル,90329293,118000,1604
2025-11-27 22:32:04,UCtwTCZuQkTIwUf5m9mlZnOQ,Release - Topic,27370,53,7
2025-11-27 22:32:04,UCmovZ2th3Sqpd00F5RdeigQ,加賀美 ハヤト/Hayato Kagami,332409391,921000,1522
2025-11-27 22:32:04,UC8rk-fIWJXYlSF8tkfG9wWg,天色鮫,66637382,192000,132
2025-11-27 22:32:04,UCqq-ovGE01ErlXakPihhKDA,1theK Originals - 원더케이 오리지널,2010245302,2510000,3586
2025-11-27 22:32:04,UCNVIo0UJXTdEnsRkCB9Q03w,ILLIT - Topic,565212283,57700,59
2025-11-27 22:32:04,UC_DopZ9OANqNGho0wFwADqA,けいちゃん / Keichan,502697517,1270000,606
2025-11-27 22:32:04,UCBLGjbYv6-xxju1i44RjnnA,明透 -ᴀsᴜ-,132564670,625000,494
2025-11-27 22:32:04,UC8eq3M3Yft3FUgxEX6lOZMg,chotokkyu - Topic,35832016,578,486
2025-11-27 22:32:04,UCfipDDn7wY-C-SoUChgxCQQ,葉山舞鈴 / Ohayama Ch.,88098293,600000,1340
2025-11-27 22:32:04,UCILZFnKZJksR7zwhZbAB4vw,れじぇくん,1503244285,1170000,1428
2025-11-27 22:32:04,UChn5TjkeEqd-JxzizMVSkOw,ハヤトの野望,1035625127,1510000,2418
2025-11-27 22:32:04,UC2NujFa5X09CdV0YCntmQDg,板橋ハウス,905179003,752000,2030
2025-11-27 22:32:04,UCyTaStlK0neSuKveYOIioaw,ぐんぐにるチャンネル,275100958,426000,447
2025-11-27 22:32:04,UCN7_YMtKaUiizHpw77XLVcw,EXILE,188655840,14800,312
2025-11-27 22:32:04,UCHD1jo5RhijLfx5-0Ehe_cg,&TEAM,466813545,1320000,1412
2025-11-27 22:32:04,UCOx-oLP9tOhiYwSK_m-yVxA,オモコロチャンネル,618632593,473000,1144
2025-11-27 22:32:04,UCy9GuRXGTm8TliQ-OJ7KwzA,【V.I.P】,978762283,979000,2496
2025-11-27 22:32:04,UC3ruCdV7xnwAbpkW9tQq-6A,のーわん【NoOnE】,419484764,409000,1206
2025-11-27 22:32:04,UC6SmH9mR82nj28_NNg_rZvA,スクウェア・エニックス,1173377967,1090000,10987
2025-11-27 22:32:04,UC3IZKseVpdzPSBaWxBxundA,HYBE LABELS,42534399305,79100000,2930
2025-11-27 22:32:04,UCxWcO9CLti4uouUIS5IIF-Q,Nornis,59019055,228000,110
2025-11-27 22:32:04,UCEf_Bc-KVd7onSeifS3py9g,SMTOWN,32611320806,33500000,4641
2025-11-27 22:32:04,UC-ifW8mHzfsZVGHY8vxqrjA,A.B.C-Z,59464169,54600,437
2025-11-27 22:32:04,UCBA-kvU_zYdKreZbhhywX2Q,あいずちゃんねる,147829926,57400,803
2025-11-27 22:32:04,UCtPyU9cJgvvgH03PQKgaucA,ファミ通TUBE,183082460,208000,8153
2025-11-27 22:32:04,UCLkAepWjdylmXSltofFvsYQ,BANGTANTV,26052132409,81700000,2937
2025-11-27 22:32:04,UCcmLTYWn2bI5GwNVSP1bl4Q,バッチコイなみちょ,15066375,17400,648
2025-11-27 22:32:04,UCYe_uTI6X6mm9qaXm8iWFDg,ノッチ配信者パチンコライブ,269077781,125000,2728
2025-11-27 22:32:04,UCvo8JUqHh2d1QGnK3LKyI4Q,ポケモンユナイト公式チャンネル,31962139,139000,467
2025-11-27 22:32:04,UCeTo4Eh0TzpKbUL4vGQZ73A,LEX *,4588820,1280,14
2025-11-27 22:32:04,UC9qSqkNFiByKzzoxT3Cydyw,Aiobahn,28200052,90100,14
2025-11-27 22:32:04,UCZMRuagdTBKmmrFtSMN48Xw,牛沢,2665781448,1800000,3741
2025-11-27 22:32:04,UCUzpZpX2wRYOk3J8QTFGxDg,乃木坂46 OFFICIAL YouTube CHANNEL,1610447858,1730000,1168
2025-11-27 22:32:04,UC9Lx-zRFGfpuls27tNAOIqA,マエスケ,1543084879,1840000,1138
2025-11-27 22:32:04,UCLrYavXppY_4oRfquHk9VQg,HAGANE,14455474,75000,143
2025-11-27 22:32:04,UChUjERVG8eKEAJSCef-tTmg,k4sen / かせん,718644367,1030000,3064
2025-11-27 22:32:04,UCjcYYjM16TFOPXDjWgzHiHA,超覚醒てえんだ「スロパチ生放送」,87356301,140000,571
2025-11-27 22:32:04,UCTEQRq53fm5tw-3vJ1HLUCw,MAY'S - Topic,4421756,710,309
2025-11-27 22:32:04,UCHghNZNbV-CPbb_f3FslObw,がんばるぴえんちゃんパチンコ日記,80501715,100000,1534
2025-11-27 22:32:04,UCB_qr75-ydFVKSF9Dmo6izg,FORMULA 1,8871159200,13700000,9408
2025-11-27 22:32:04,UCrQUlOEbu-0T0l4DAcBEeIg,pizzaofdeathofficial,408251037,332000,372
2025-11-27 22:32:04,UC1DCedRgGHBdm81E1llLhOQ,Pekora Ch. 兎田ぺこら,1012937716,2740000,2344
2025-11-27 22:32:04,UCVh47EKH9VLresRqiYi9txw,Mili,608668101,1010000,117
2025-11-27 22:32:04,UCZ1xuCK1kNmn5RzPYIZop3w,リゼ・ヘルエスタ -Lize Helesta-,299329789,957000,1090
2025-11-27 22:32:04,UCFuugQScqDfJcsOEWbL1_tg,Gero Channel,209118582,551000,167
2025-11-27 22:32:04,UC5wr1qJKJOrHHK-haeZkfbg,アカgames,462783382,283000,1360
2025-11-27 22:32:04,UC14QT5j2nQI8lKBCGtrrBQA,アニプレックス チャンネル,4307214700,3720000,15442
2025-11-27 22:32:04,UCX7YkU9nEeaoZbkVLVajcMg,にじさんじ,1071962136,1870000,2824
2025-11-27 22:32:04,UCENoC6MLc4pL-vehJyzSWmg,もこうの実況,1736452511,1600000,5787
2025-11-27 22:32:04,UCEfbtVOJgicdHjs5HzOzJlA,ぱち・スロ部,3673041,1770,303
2025-11-27 22:32:04,UCDhOdoqPxv96djR3tSq9NoA,ショコラ大佐の秘密基地,148646669,138000,1746
2025-11-27 22:32:04,UCs8nP5mUR3pwJmgixsul8Hw,Saucy Dog,503080790,860000,120
2025-11-27 22:32:04,UCzXjPL7zo0bxhOYDxLJ9YEg,ポッキー,4097167938,3750000,4360
2025-11-27 22:32:04,UCYA14rrNjvQq_P_YSNeJHgA,スロライブ,89961056,46500,896
2025-11-27 22:32:04,UCu3kfiUaK7MmkQ40omEpGyQ,ナナ色チャンネル,4666870,8450,84
2025-11-27 22:32:04,UC7wu64jFsV02bbu6UHUd7JA,ガンダムチャンネル,412635067,1670000,1657
2025-11-27 22:32:04,UCOfESRUR5duQ2hMnTQ4oqhA,BUMP OF CHICKEN,1637208579,1590000,165
2025-11-27 22:32:04,UCTgIFU4_hG6aA7VfWS8blQg,1GAME TV パチンコパチスロ実践動画,737205297,667000,1414
2025-11-27 22:32:04,UCp_Az_oKu8-J5qIQpF35JbA,やわらちゃんねる,193005093,279000,862
2025-11-27 22:32:04,UCAaGaynFpku5cAx6OOSrW-w,HoneyWorks OFFICIAL,1601855248,2850000,550
2025-11-27 22:32:04,UCDwcZ85zjLKD-3-jqlv1wQQ,アンジュルム,213864061,229000,374
2025-11-27 22:32:04,UCia0Mw96B-yNYRka1J_mAsQ,HikacGamesヒカックゲームズ,640476658,660000,5204
2025-11-27 22:32:04,UCHzevlEL9JfsBIm86uNCJqg,宮野真守,78718653,449000,329
2025-11-27 22:32:04,UC_ntXHv-XdKCD7CPynVvnQw,Bandai Namco Entertainment America,615627915,1460000,3570
2025-11-27 22:32:04,UCMR5xpbhv3jzIQG1TOTg-Jg,B'z - Topic,290630711,3870,678
2025-11-27 22:32:04,UCl_HfKfmxefUAVHPyJu0aCg,シュガーの宝舟,80143480,84300,1358
2025-11-27 22:32:04,UC9zY_E8mcAo_Oq772LEZq8Q,THE FIRST TAKE,6263951155,11500000,1531
2025-11-27 22:32:04,UCcz2Y1yhR42UxbFwvPFGCmA,きっしー助六ちゃんねる,75916692,61600,942
2025-11-27 22:32:04,UCOXOcEbERAwGlE4ig9MaLSQ,夜勤明けパチンコパチスロ実践記,275742165,166000,1623
2025-11-27 22:32:04,UC0wuDDYK-QTwneeZ6x6pPbw,777パチガブチャンネル,345318051,432000,2938
2025-11-27 22:32:04,UC3VId8brfshtHO6gMMqnZ5A,FLOW GLOW - Topic,393259,2190,5
2025-11-27 22:32:04,UCtiObj3CsEAdNU6ZPWDsddQ,TOMORROW X TOGETHER OFFICIAL,3494513829,13100000,3043
2025-11-27 22:32:04,UCSFCh5NL4qXrAy9u-u2lX3g,Kuzuha Channel,1427452276,2100000,2822
2025-11-27 22:32:04,UC-UxhoAxlq57uZ8BA0b1Jyw,FPS切り抜きボット【ローレン・イロアス】,156707785,119000,1404
2025-11-27 22:32:04,UCqKNMJ5s_vsf7WkesdBrvQA,IS:SUE,87680204,221000,771
2025-11-27 22:32:04,UCfkXDY7vwkcJ8ddFGz8KusA,SEVENTEEN,7797609294,16200000,3290
2025-11-27 22:32:04,UCcg_rvE-fU2tATMwBAxW9bA,ヤングスキニー,149492671,239000,605
2025-11-27 22:32:04,UC56x--_QtyaWD1QptYrPMqA,刀剣乱舞 公式チャンネル,9562875,131000,116
2025-11-27 22:32:04,UCpYHkc4rzWEW7iVXIyxQebA,Hey! Say! JUMP - Topic,58958148,5080,738
2025-11-27 22:32:04,UCH-lygWpHodDff3iQurnWnQ,加藤純一切り抜き集,1719255492,580000,5441
2025-11-27 22:32:04,UC1FQWQ3y3-e8l1pCtWhJt5A,Vaundy,2295815134,2430000,226
2025-11-27 22:32:04,UCqeAYB1DMzfM-hG-Up52yNQ,つるおかかものはし,371628954,387000,3612
2025-11-27 22:32:04,UCKU0SVkIPRqwiZaXJ9rXhdw,シュート。,216561429,256000,2337
2025-11-27 22:32:04,UCHVkYOT63gAz5yTxjo68_Ng,家スロットゲームパンダ’s ROOM@琉球🐼🪸,1226399,1680,76
2025-11-27 22:32:04,UC0ux2IFOXkj6ifQ4aSs9l7Q,大月【おおつき】,14796820,17500,1219
2025-11-27 22:32:04,UCAVR6Q0YgYa8xwz8rdg9Mrg,原神-Genshin-公式,784058762,2100000,2022
2025-11-27 22:32:04,UCzRzPAT-AjlPyec5yXG974g,カワノKawano,208293143,185000,1323
2025-11-27 22:32:04,UCrKna8EQAd7NPRYq-gIsuow,ホロライ部【ホロライブ切り抜き】,70087617,37900,614
2025-11-27 22:32:04,UCC4xWbcBVn-tHgchhrdmFpg,Jinmenusagi,9965654,32800,81
2025-11-27 22:32:04,UCx1nAvtVDIsaGmCMSe8ofsQ,加藤純一【jun channel】,1137516709,1280000,1835
2025-11-27 22:32:04,UC_vMYWcDjmfdpH6r4TTn1MQ,Iroha ch. 風真いろは - holoX -,263202951,1130000,1055
2025-11-27 22:32:04,UCaO6TYtlC8U5ttz62hTrZgg,JYP Entertainment,26030065040,31500000,2640
2025-11-27 22:32:04,UCqMRVBz-hhSFRuqlL1guqig,あひるだっく,52130194,128000,89
2025-11-27 22:32:04,UCpGpA7mSYmNJjLiJxKso5QA,しもふりチューブ,1783528661,2160000,3023
2025-11-27 22:32:04,UCiZqWVAeChfqlom5ZPR3ZJA,NCT WISH,630033332,1140000,1126
2025-11-27 22:32:04,UCeuNlK0yX-6_4930q0JUGNw,白瀬,414452121,183000,2094
2025-11-27 22:32:04,UC9rMiEjNaCSsebs31MRDCRA,Stray Kids,9673395528,22200000,1881
2025-11-27 22:32:04,UCOVLrBaOiMH5QDKXTycZ8Pw,やっちゃんの崖っぷちスロパチ生活,698980096,326000,5205
2025-11-27 22:32:04,UCkv76wCrBDQNn7ctcbn6Qeg,Nissy - Topic,93375916,26400,192
2025-11-27 22:32:04,UCgmFrRcyH7d1zR9sIVQhFow,ローレン・イロアス / Lauren Iroas【にじさんじ】,397160094,954000,1049
2025-11-27 22:32:04,UCM3yhFc0-fBFuvqx1Vg2YNQ,まいぜんシスターズ,7171762545,3180000,1860
2025-11-27 22:32:04,UCkKj-SiKyiFkj_dO1vmY3gA,加藤純一RECORDS,5266909,29300,82
2025-11-27 22:32:04,UC__iCxFigPdcry_UBv6sDGw,IO,16308497,38200,13
2025-11-27 22:32:04,UCeK22JmzkTMa69kZU9NEqsA,めじの【Vtuber応援隊】,31896540,15100,539
2025-11-27 22:32:04,UC8_Ag6BVp43Vmrx6eillK9g,Vaundy - Topic,909879734,2190,110
2025-11-27 22:32:04,UCMF_5h2OejEhVorTB02UUSg,MAZZEL,243792578,285000,722
2025-11-27 22:32:04,UCv2ejD5B1xOYtGB2cf80B8g,Netflix Japan,1983114200,2310000,7766
2025-11-27 22:32:04,UCdkVEDVAW5aFmA-Mkz0lAFQ,ひたまゆ。,466707359,410000,2795
2025-11-27 22:32:04,UCv7VutirxDn3RWIJXI68n_A,＝LOVE（イコールラブ）公式チャンネル,471205940,557000,474
2025-11-27 22:32:04,UC6H_7uSepAzrlayBjAb9rrg,WurtS - Topic,69108754,698,82
2025-11-27 22:32:04,UCspv01oxUFf_MTSipURRhkA,Kanae Channel,785693510,1510000,4293
2025-11-27 22:32:04,UCBhPDpv9JavoPADrZcsAC2A,あらき-ARAKI Official,320679686,489000,260
2025-11-27 22:32:04,UCxIK6x6sG7Ln5vjjPYpgeAw,Chogakusei Official,674277867,1010000,564
2025-11-27 22:32:04,UC15ebOqdhmvl1eb0s0jk5aw,戦極MCBATTLE,1332859018,847000,5386
2025-11-27 22:32:04,UCIJAlAYCNN8RACtDDsy9K6g,Novelbright,652756465,733000,319
2025-11-27 22:32:04,UCJy7zfLsKBXoo2soFMum7JQ,あかさかの箱,1290928433,2620000,2688
2025-11-27 22:32:04,UCwF6o6cF7BMTY1-OZ7ZUY7Q,フォートナイト 公式,270974311,410000,586
2025-11-27 22:32:04,UCCzUftO8KOVkV4wQG1vkUvg,Marine Ch. 宝鐘マリン,2033880549,4260000,1560
2025-11-27 22:32:04,UCOTR1tcOAhjgi6YukrPpZxg,まふまふちゃんねる,2481707574,3610000,511
2025-11-27 22:32:04,UC7aYDbAOIKIMt25ENfJ68Qw,ルカ,118721142,120000,2127
2025-11-27 22:32:04,UCHazKLThRbMyMFu2bVAKhng,ウォーターチャレンジ,3130936876,3150000,2181
2025-11-27 22:32:04,UCFvSFbT8okMrpuFxBEIB2lg,M!LK,90312072,10400,243
2025-11-27 22:32:04,UCof7dOTnyxaidkKkcIFuflQ,Mone Kamishiraishi - Topic,26385160,326,123
2025-11-27 22:32:04,UCL7VEatXa9yBCKeM-ww8TnA,NX☆くさあん,208577725,238000,3564
2025-11-27 22:32:04,UCMJiPpN_09F0aWpQrgbc_qg,キヨ。,6532581967,5490000,3083
2025-11-27 22:32:04,UC1DqlLj1onQhBfxW81OgQTw,GLAY,732544767,541000,886
2025-11-27 22:32:04,UCtceiniicYEsbAVuWy-Bi0Q,ドラゴンクエストウォーク公式,50515736,181000,160
2025-11-27 22:32:04,UCdn5BQ06XqgXoAxIhbqw5Rg,フブキCh。白上フブキ,710953599,2640000,2968
2025-11-27 22:32:04,UC6qVAJzxF5kSN_UUFSdODiQ,MAZZEL - Topic,19361522,8260,57
2025-11-27 22:32:04,UCy0DH4rgPPjDWVZO7wibcSQ,めめんともり,352005588,335000,468
2025-11-27 22:32:04,UCKsVfYfguU3s5vMO5yhcWdw,STARGLOW Official,23384687,2510,49
2025-11-27 22:32:04,UCXEo7JprZQGCPkezcZylHlQ,黒炭酸,152490020,202000,1757
2025-11-27 22:32:04,UCMGvmEqkVbl372DCyn3NLAw,【吹いたら負け】葛葉先生のしくじり【切り抜き】,180594707,136000,978
2025-11-27 22:32:04,UCFQu6Q-9LAS3KoEuRDNkzGA, ニート部,659301189,680000,3213
2025-11-27 22:32:04,UC9llDCAObCbGpsaa66fClKw,ユニバーサル・ピクチャーズ公式,642268669,375000,1443
2025-11-27 22:32:04,UCYLp2FLXcqLUZhvrCxQmNIA,胡桃沢りりか,41004870,100000,2572
2025-11-27 22:32:04,UCu2Fxqf37DAZ0ZhIsd1FZwA,Capcom Fighters JP,262929109,257000,3909
2025-11-27 22:32:04,UCYXmyrGUVL8tX7VEvo_DjPw,シャル@ツモらせ隊,83359858,178000,901
2025-11-27 22:32:04,UClqWF_XeXy469i4KDurpjWw,Yukopi,13448,2,1
2025-11-27 22:32:04,UCJnL-TBcsYrF2SLs7tmiC8Q,tripleS official,697072588,2880000,3062
2025-11-27 22:32:04,UCZwcUEEjD8RVzB-TAw1ts3g,Eden - Topic,4266876,1770,38
2025-11-27 22:32:04,UCXeTnWiRoifoHHEzSyR5Ogg,パチンコ・パチスロ必勝ガイドチャンネル,52790155,86300,1325
2025-11-27 22:32:04,UCPJCP_fon2mOMfibbBPUOYw,SAWAYAN GAMES / サワヤン ゲームズ,1299302501,2070000,3418
2025-11-27 22:32:04,UC3J-txytRWiRtNXrLS95eEw,ASIAN KUNG-FU GENERATION Official YouTube Channel,608265861,788000,283
2025-11-27 22:32:04,UCqfELxLmasBwYET4ZAMfMqA,がみくん,1009210596,584000,3990
2025-11-27 22:32:04,UC-hM6YJuNYVAmUWxeIr9FeA,Miko Ch. さくらみこ,889625882,2460000,2043
2025-11-26 03:53:45,UCFvSFbT8okMrpuFxBEIB2lg,M!LK,89365576,10300,243
2025-11-26 03:53:45,UCZwcUEEjD8RVzB-TAw1ts3g,Eden - Topic,4211673,1720,38
2025-11-26 03:53:45,UCPVr7clenPjpD7WNsSI3UBQ,レトルト,2877943743,2590000,3850
2025-11-26 03:53:45,UCC4xWbcBVn-tHgchhrdmFpg,Jinmenusagi,9965654,32600,80
2025-11-26 03:53:45,UCNVIo0UJXTdEnsRkCB9Q03w,ILLIT - Topic,562318404,57700,59
2025-11-26 03:53:45,UC9rMiEjNaCSsebs31MRDCRA,Stray Kids,9673395528,22200000,1874
2025-11-26 03:53:45,UCGjV4bsC43On-YuiLZcfL0w,KUN,3388574947,1660000,11231
2025-11-26 03:53:45,UCvzGlP9oQwU--Y0r9id_jnA,Subaru Ch. 大空スバル,580902377,1950000,1894
2025-11-26 03:53:45,UCmovZ2th3Sqpd00F5RdeigQ,加賀美 ハヤト/Hayato Kagami,332409391,921000,1521
2025-11-26 03:53:45,UCIJAlAYCNN8RACtDDsy9K6g,Novelbright,646175482,733000,319
2025-11-26 03:53:45,UCqeAYB1DMzfM-hG-Up52yNQ,つるおかかものはし,371149965,387000,3607
2025-11-26 03:53:45,UCXeTnWiRoifoHHEzSyR5Ogg,パチンコ・パチスロ必勝ガイドチャンネル,52664115,86200,1323
2025-11-26 03:53:45,UCCzUftO8KOVkV4wQG1vkUvg,Marine Ch. 宝鐘マリン,2033880549,4260000,1560
2025-11-26 03:53:45,UC2NujFa5X09CdV0YCntmQDg,板橋ハウス,904148443,752000,2028
2025-11-26 03:53:45,UCkKj-SiKyiFkj_dO1vmY3gA,加藤純一RECORDS,5156529,28800,82
2025-11-26 03:53:45,UC4YT50DP7hbMsor8FmyEPMw,Victor Entertainment,1489340716,1070000,4972
2025-11-26 03:53:45,UCOfESRUR5duQ2hMnTQ4oqhA,BUMP OF CHICKEN,1637208579,1590000,164
2025-11-26 03:53:45,UCYA14rrNjvQq_P_YSNeJHgA,スロライブ,89816153,46500,894
2025-11-26 03:53:45,UCBA-kvU_zYdKreZbhhywX2Q,あいずちゃんねる,147494513,57400,803
2025-11-26 03:53:45,UCVh47EKH9VLresRqiYi9txw,Mili,608668101,1000000,117
2025-11-26 03:53:45,UCZ1xuCK1kNmn5RzPYIZop3w,リゼ・ヘルエスタ -Lize Helesta-,299063344,957000,1090
2025-11-26 03:53:45,UCc-itdQHxLvUlPrDxIiSJrA,INI,748068954,652000,1267
2025-11-26 03:53:45,UCqKNMJ5s_vsf7WkesdBrvQA,IS:SUE,87680204,221000,768
2025-11-26 03:53:45,UCXqWKjzm2YMH6Bs7rAmsKFw,福本大晴,7285544,89700,144
2025-11-26 03:53:45,UCdMGYXL38w6htx6Yf9YJa-w,プロジェクトセカイ カラフルステージ! feat. 初音ミク,2001799088,2060000,1907
2025-11-26 03:53:45,UCzXjPL7zo0bxhOYDxLJ9YEg,ポッキー,4096288405,3750000,4359
2025-11-26 03:53:45,UCZVVCZwOpCbDXB84SDqWixQ,Lil Shady,55380693,283000,97
2025-11-26 03:53:45,UCDwcZ85zjLKD-3-jqlv1wQQ,アンジュルム,213864061,229000,370
2025-11-26 03:53:45,UC8eq3M3Yft3FUgxEX6lOZMg,chotokkyu - Topic,35707175,577,486
2025-11-26 03:53:45,UCILZFnKZJksR7zwhZbAB4vw,れじぇくん,1502941335,1170000,1428
2025-11-26 03:53:45,UCAaGaynFpku5cAx6OOSrW-w,HoneyWorks OFFICIAL,1601855248,2850000,550
2025-11-26 03:53:45,UC6SmH9mR82nj28_NNg_rZvA,スクウェア・エニックス,1172745497,1090000,10980
2025-11-26 03:53:45,UCPJCP_fon2mOMfibbBPUOYw,SAWAYAN GAMES / サワヤン ゲームズ,1298644407,2070000,3416
2025-11-26 03:53:45,UC1DCedRgGHBdm81E1llLhOQ,Pekora Ch. 兎田ぺこら,1012065908,2740000,2342
2025-11-26 03:53:45,UCMzLWawc9x3rUsqYDEfgqzA,ジャック・オ・蘭たん,712081720,648000,1887
2025-11-26 03:53:45,UCHghNZNbV-CPbb_f3FslObw,がんばるぴえんちゃんパチンコ日記,80268828,100000,1529
2025-11-26 03:53:45,UC__iCxFigPdcry_UBv6sDGw,IO,16107442,38100,13
2025-11-26 03:53:45,UC56x--_QtyaWD1QptYrPMqA,刀剣乱舞 公式チャンネル,9474083,131000,116
2025-11-26 03:53:45,UCy9GuRXGTm8TliQ-OJ7KwzA,【V.I.P】,978122626,978000,2494
2025-11-26 03:53:45,UCUzpZpX2wRYOk3J8QTFGxDg,乃木坂46 OFFICIAL YouTube CHANNEL,1610447858,1730000,1168
2025-11-26 03:53:45,UCFQu6Q-9LAS3KoEuRDNkzGA, ニート部,658691493,680000,3212
2025-11-26 03:53:45,UCBuLdF0tQn5oZjpvYWSQkaA,Liura Channel,91964482,206000,374
2025-11-26 03:53:45,UCtyXllCXnTAg4rjfI3UwIgA,しょうちゃんネル,298495773,138000,1546
2025-11-26 03:53:45,UCYLp2FLXcqLUZhvrCxQmNIA,胡桃沢りりか,40936040,100000,2569
2025-11-26 03:53:45,UCyTaStlK0neSuKveYOIioaw,ぐんぐにるチャンネル,275010203,426000,446
2025-11-26 03:53:45,UCjcYYjM16TFOPXDjWgzHiHA,超覚醒てえんだ「スロパチ生放送」,87200756,140000,571
2025-11-26 03:53:45,UC_ntXHv-XdKCD7CPynVvnQw,Bandai Namco Entertainment America,615121786,1460000,3565
2025-11-26 03:53:45,UCAWxPGGuIfWME2KTLUmSCHw,ぱかチューブっ!【ウマ娘公式】,515145586,1310000,1288
2025-11-26 03:53:45,UCcz2Y1yhR42UxbFwvPFGCmA,きっしー助六ちゃんねる,75766033,61500,939
2025-11-26 03:53:45,UCc-PPk-lNe34JaWCcJQCL0g,ドコムスチャンネル,540575743,593000,2022
2025-11-26 03:53:45,UCL7VEatXa9yBCKeM-ww8TnA,NX☆くさあん,208215299,238000,3562
2025-11-26 03:53:45,UCJy7zfLsKBXoo2soFMum7JQ,あかさかの箱,1289845708,2620000,2687
2025-11-26 03:53:45,UCXEo7JprZQGCPkezcZylHlQ,黒炭酸,152159642,201000,1757
2025-11-26 03:53:45,UCxWcO9CLti4uouUIS5IIF-Q,Nornis,59019055,228000,110
2025-11-26 03:53:45,UCqQNCRSihFHVsXrDikNeYSg,げまじょが好き【にじさんじEXゲマズ切り抜き】,4495012,2330,117
2025-11-26 03:53:45,UCtKBQ2BYD76GiJvcpZOBorg,えいま,11404954,13500,346
2025-11-26 03:53:45,UCgmFrRcyH7d1zR9sIVQhFow,ローレン・イロアス / Lauren Iroas【にじさんじ】,396660732,953000,1048
2025-11-26 03:53:45,UCRDJ3DN-6ND_a4LSJ35L91A,立川ちゃんねる,106355069,107000,639
2025-11-26 03:53:45,UCfkXDY7vwkcJ8ddFGz8KusA,SEVENTEEN,7797609294,16200000,3275
2025-11-26 03:53:45,UC-hM6YJuNYVAmUWxeIr9FeA,Miko Ch. さくらみこ,889625882,2460000,2042
2025-11-26 03:53:45,UC_DopZ9OANqNGho0wFwADqA,けいちゃん / Keichan,502697517,1270000,605
2025-11-26 03:53:45,UCHzevlEL9JfsBIm86uNCJqg,宮野真守,78718653,449000,329
2025-11-26 03:53:45,UCHD1jo5RhijLfx5-0Ehe_cg,&TEAM,466813545,1320000,1405
2025-11-26 03:53:45,UCtiObj3CsEAdNU6ZPWDsddQ,TOMORROW X TOGETHER OFFICIAL,3494513829,13100000,3039
2025-11-26 03:53:45,UC7aYDbAOIKIMt25ENfJ68Qw,ルカ,118589990,120000,2126
2025-11-26 03:53:45,UCH4yRBPH2pDUjPeqomx8CTQ,てるとくん,547980035,1330000,1893
2025-11-26 03:53:45,UC9zY_E8mcAo_Oq772LEZq8Q,THE FIRST TAKE,6258961813,11500000,1527
2025-11-26 03:53:45,UCENoC6MLc4pL-vehJyzSWmg,もこうの実況,1735813242,1600000,5786
2025-11-26 03:53:45,UCYXmyrGUVL8tX7VEvo_DjPw,シャル@ツモらせ隊,83140398,178000,898
2025-11-26 03:53:45,UCpGpA7mSYmNJjLiJxKso5QA,しもふりチューブ,1782869559,2160000,3020
2025-11-26 03:53:45,UCv2ejD5B1xOYtGB2cf80B8g,Netflix Japan,1980717825,2300000,7751
2025-11-26 03:53:45,UCkVvAm5jb62IMIJQj4wPVGA,TMSアニメ公式チャンネル,378912152,898000,1145
2025-11-26 03:53:45,UC1FQWQ3y3-e8l1pCtWhJt5A,Vaundy,2295815134,2430000,226
2025-11-26 03:53:45,UC6FadPgGviUcq6VQ0CEJqdQ,Juice=Juice,162049064,249000,280
2025-11-26 03:53:45,UCHVkYOT63gAz5yTxjo68_Ng,家スロットゲームパンダ’s ROOM@琉球🐼🪸,1200415,1680,76
2025-11-26 03:53:45,UChVflUz2J_jaaqYjXqvpmQA,iLiFE!【あいらいふ】,246311299,485000,531
2025-11-26 03:53:45,UCKU0SVkIPRqwiZaXJ9rXhdw,シュート。,216368438,256000,2334
2025-11-26 03:53:45,UC14QT5j2nQI8lKBCGtrrBQA,アニプレックス チャンネル,4302784745,3720000,15426
2025-11-26 03:53:45,UCEfbtVOJgicdHjs5HzOzJlA,ぱち・スロ部,3584119,1760,302
2025-11-26 03:53:45,UCXURHJRGr4-EB3l87kcbElw,NCT DREAM,2300999800,7000000,1312
2025-11-26 03:53:45,UCYe_uTI6X6mm9qaXm8iWFDg,ノッチ配信者パチンコライブ,268630438,125000,2725
2025-11-26 03:53:45,UC15ebOqdhmvl1eb0s0jk5aw,戦極MCBATTLE,1332198365,847000,5380
2025-11-26 03:53:45,UCrQUlOEbu-0T0l4DAcBEeIg,pizzaofdeathofficial,407896835,331000,372
2025-11-26 03:53:45,UCx-QS9BIo_L_lx5dkpys1qw,ねこまんまのパチ•チャンネル,7913144,14200,167
2025-11-26 03:53:45,UCBhPDpv9JavoPADrZcsAC2A,あらき-ARAKI Official,320679686,489000,260
2025-11-26 03:53:45,UCSFCh5NL4qXrAy9u-u2lX3g,Kuzuha Channel,1425335663,2100000,2818
2025-11-26 03:53:45,UCx1nAvtVDIsaGmCMSe8ofsQ,加藤純一【jun channel】,1137052735,1280000,1834
2025-11-26 03:53:45,UCUW6U6iOrntB0jw6-AbQo8g,RED Games,250066787,209000,3566
2025-11-26 03:53:45,UCZMRuagdTBKmmrFtSMN48Xw,牛沢,2664413580,1800000,3739
2025-11-26 03:53:45,UCOTR1tcOAhjgi6YukrPpZxg,まふまふちゃんねる,2481137032,3610000,511
2025-11-26 03:53:45,UCLkAepWjdylmXSltofFvsYQ,BANGTANTV,26052132409,81700000,2933
2025-11-26 03:53:45,UCj4PjeVMnNTHIR5EeoNKPAw,ドズル社,4893163285,2560000,10209
2025-11-26 03:53:45,UCylNKKCfPMm8ROXasQWTonA,響咲リオナの足,3145428,6730,121
2025-11-26 03:53:45,UCMF_5h2OejEhVorTB02UUSg,MAZZEL,240478072,283000,721
2025-11-26 03:53:45,UC0ux2IFOXkj6ifQ4aSs9l7Q,大月【おおつき】,14724261,17400,1217
2025-11-26 03:53:45,UCOjkVJQcjtWnpf0-1ft4brA,ゆっくりむちゃたぬき,209988723,352000,423
2025-11-26 03:53:45,UCoQhX2O93MVTWfgIz-8wOmg,KUNの50人クラフト,465283675,543000,1047
2025-11-26 03:53:45,UCu3kfiUaK7MmkQ40omEpGyQ,ナナ色チャンネル,4452742,8180,80
2025-11-26 03:53:45,UC3IZKseVpdzPSBaWxBxundA,HYBE LABELS,42502703726,79100000,2929
2025-11-26 03:53:45,UChUjERVG8eKEAJSCef-tTmg,k4sen / かせん,717058740,1020000,3062
2025-11-26 03:53:45,UCH-lygWpHodDff3iQurnWnQ,加藤純一切り抜き集,1718686707,580000,5439
2025-11-26 03:53:45,UCOVLrBaOiMH5QDKXTycZ8Pw,やっちゃんの崖っぷちスロパチ生活,698612534,326000,5202
2025-11-26 03:53:45,UC-ifW8mHzfsZVGHY8vxqrjA,A.B.C-Z,59464169,54500,437
2025-11-26 03:53:45,UC7wu64jFsV02bbu6UHUd7JA,ガンダムチャンネル,412236012,1670000,1655
2025-11-26 03:53:45,UC3VId8brfshtHO6gMMqnZ5A,FLOW GLOW - Topic,336999,2190,5
2025-11-26 03:53:45,UCN7_YMtKaUiizHpw77XLVcw,EXILE,188383635,14700,307
2025-11-26 03:53:45,UCt09C9DPSuOGpHoitbcyCIQ,ゼンレスゾーンゼロ-ZZZ-公式,229399260,754000,427
2025-11-26 03:53:45,UCaO6TYtlC8U5ttz62hTrZgg,JYP Entertainment,26015574408,31500000,2639
2025-11-26 03:53:45,UCOXOcEbERAwGlE4ig9MaLSQ,夜勤明けパチンコパチスロ実践記,275557304,166000,1622
2025-11-26 03:53:45,UCrKna8EQAd7NPRYq-gIsuow,ホロライ部【ホロライブ切り抜き】,69980302,37800,613
2025-11-26 03:53:45,UCdVD0MsYecQaIE5Ru-pOIQQ,RIIZE,1015326967,1870000,1376
2025-11-26 03:53:45,UCqMRVBz-hhSFRuqlL1guqig,あひるだっく,52014676,127000,89
2025-11-26 03:53:45,UCp_Az_oKu8-J5qIQpF35JbA,やわらちゃんねる,192880450,279000,862
2025-11-26 03:53:45,UCeK22JmzkTMa69kZU9NEqsA,めじの【Vtuber応援隊】,31744481,15100,537
2025-11-26 03:53:45,UCMGvmEqkVbl372DCyn3NLAw,【吹いたら負け】葛葉先生のしくじり【切り抜き】,180495413,136000,978
2025-11-26 03:53:45,UCu2Fxqf37DAZ0ZhIsd1FZwA,Capcom Fighters JP,260498750,257000,3894
2025-11-26 03:53:45,UCLrYavXppY_4oRfquHk9VQg,HAGANE,14455474,74700,141
2025-11-26 03:53:45,UCvo8JUqHh2d1QGnK3LKyI4Q,ポケモンユナイト公式チャンネル,31943421,139000,467
2025-11-26 03:53:45,UCMJiPpN_09F0aWpQrgbc_qg,キヨ。,6529787323,5480000,3083
2025-11-26 03:53:45,UCB_qr75-ydFVKSF9Dmo6izg,FORMULA 1,8863018977,13700000,9405
2025-11-26 03:53:45,UC9Lx-zRFGfpuls27tNAOIqA,マエスケ,1541402133,1830000,1137
2025-11-26 03:53:45,UC8rk-fIWJXYlSF8tkfG9wWg,天色鮫,66494567,192000,132
2025-11-26 03:53:45,UCwJYQvXHtNn1c7RqED4E7MA,パンダドラゴン,44018394,92300,532
2025-11-26 03:53:45,UCooVYzDxdwTtGYAkcPmOgOw,Brawl Stars,4001441866,23200000,370
2025-11-26 03:53:45,UCcg_rvE-fU2tATMwBAxW9bA,ヤングスキニー,147892001,238000,602
2025-11-26 03:53:45,UC_vMYWcDjmfdpH6r4TTn1MQ,Iroha ch. 風真いろは - holoX -,262769862,1130000,1051
2025-11-26 03:53:45,UCvaTdHTWBGv3MKj3KVqJVCw,Okayu Ch. 猫又おかゆ,626491070,2060000,1591
2025-11-26 03:53:45,UCJnL-TBcsYrF2SLs7tmiC8Q,tripleS official,678132684,2880000,3050
2025-11-26 03:53:45,UC6qVAJzxF5kSN_UUFSdODiQ,MAZZEL - Topic,19200719,8260,57
2025-11-26 03:53:45,UC070fhnqq38qNhqHm5rxTcQ,令和ちゃんねる,428112546,506000,3625
2025-11-26 03:53:45,UCDhOdoqPxv96djR3tSq9NoA,ショコラ大佐の秘密基地,148259588,138000,1745
2025-11-26 03:53:45,UCxIK6x6sG7Ln5vjjPYpgeAw,Chogakusei Official,667393982,1010000,564
2025-11-26 03:53:45,UCdkVEDVAW5aFmA-Mkz0lAFQ,ひたまゆ。,466360946,410000,2791
2025-11-26 03:53:45,UCHazKLThRbMyMFu2bVAKhng,ウォーターチャレンジ,3129092305,3150000,2180
2025-11-26 03:53:45,UChhKBlh_wvspTh5n4mL0b5g,BOYNEXTDOOR,1153888296,2060000,2198
2025-11-26 03:53:45,UCdszfKemUn36sOEplfkiGVQ,GPV LABEL,2971294,5240,89
2025-11-26 03:53:45,UCeA0fcfLVewbuD7H5YsrpdA,ライキジョーンズ,118704759,146000,3389
2025-11-26 03:53:45,UCX7YkU9nEeaoZbkVLVajcMg,にじさんじ,1071426596,1870000,2825
2025-11-26 03:53:45,UCdCC1L_OxLrkoEjR19iXpRw,パチスロードch,135645033,75600,814
2025-11-26 03:53:45,UCEf_Bc-KVd7onSeifS3py9g,SMTOWN,32598484139,33500000,4640
2025-11-26 03:53:45,UC-_iQWdEZY66nGGaHH0Ygmg,僕が見たかった青空,52805973,122000,498
2025-11-26 03:53:45,UCtPyU9cJgvvgH03PQKgaucA,ファミ通TUBE,182978966,208000,8152
2025-11-26 03:53:45,UC3J-txytRWiRtNXrLS95eEw,ASIAN KUNG-FU GENERATION Official YouTube Channel,608265861,788000,281
2025-11-26 03:53:45,UCv7VutirxDn3RWIJXI68n_A,＝LOVE（イコールラブ）公式チャンネル,466225819,555000,474
2025-11-26 03:53:45,UC5vqbtNnbOF2h7A_xlrIPUw,ぽっぴんず,916217219,630000,1052
2025-11-26 03:53:45,UCDbUUremwf8k1x1GTYfB1Ng,ニート部クラフト,20342644,97000,125
2025-11-26 03:53:45,UChn5TjkeEqd-JxzizMVSkOw,ハヤトの野望,1034602930,1510000,2416
2025-11-26 03:53:45,UClNdVSK1uy2xFHTaXZYXopw,らっだぁ,1817433175,1450000,2340
2025-11-26 03:53:45,UCWvr04hMa4k4wSilYcQ4qoA,キャベツの人【ゲーム紹介】,252994622,418000,972
2025-11-24 18:46:43,UCrKna8EQAd7NPRYq-gIsuow,ホロライ部【ホロライブ切り抜き】,69530642,37700,612
2025-11-24 18:46:43,UCaO6TYtlC8U5ttz62hTrZgg,JYP Entertainment,25998680120,31500000,2637
2025-11-24 18:46:43,UC15ebOqdhmvl1eb0s0jk5aw,戦極MCBATTLE,1331472299,847000,5375
2025-11-24 18:46:43,UCZwcUEEjD8RVzB-TAw1ts3g,Eden - Topic,4126778,1610,37
2025-11-24 18:46:43,UCmovZ2th3Sqpd00F5RdeigQ,加賀美 ハヤト/Hayato Kagami,332409391,920000,1520
2025-11-24 18:46:43,UC__iCxFigPdcry_UBv6sDGw,IO,16107442,37900,13
2025-11-24 18:46:43,UCYLp2FLXcqLUZhvrCxQmNIA,胡桃沢りりか,40825465,100000,2568
2025-11-24 18:46:43,UC-hM6YJuNYVAmUWxeIr9FeA,Miko Ch. さくらみこ,889625882,2460000,2040
2025-11-24 18:46:43,UCv2ejD5B1xOYtGB2cf80B8g,Netflix Japan,1978518413,2300000,7747
2025-11-24 18:46:43,UCH-lygWpHodDff3iQurnWnQ,加藤純一切り抜き集,1717601261,580000,5439
2025-11-24 18:46:43,UCHVkYOT63gAz5yTxjo68_Ng,家スロットゲームパンダ’s ROOM@琉球🐼🪸,1199909,1690,75
2025-11-24 18:46:43,UCdCC1L_OxLrkoEjR19iXpRw,パチスロードch,135126836,75500,813
2025-11-24 18:46:43,UCKU0SVkIPRqwiZaXJ9rXhdw,シュート。,216131591,256000,2332
2025-11-24 18:46:43,UCzXjPL7zo0bxhOYDxLJ9YEg,ポッキー,4095759975,3750000,4358
2025-11-24 18:46:43,UCyTaStlK0neSuKveYOIioaw,ぐんぐにるチャンネル,274844393,426000,447
2025-11-24 18:46:43,UCCzUftO8KOVkV4wQG1vkUvg,Marine Ch. 宝鐘マリン,2033880549,4260000,1560
2025-11-24 18:46:43,UCGjV4bsC43On-YuiLZcfL0w,KUN,3387915625,1660000,11230
2025-11-24 18:46:43,UC1DCedRgGHBdm81E1llLhOQ,Pekora Ch. 兎田ぺこら,1011551819,2740000,2339
2025-11-24 18:46:43,UCj4PjeVMnNTHIR5EeoNKPAw,ドズル社,4884812029,2560000,10205
2025-11-24 18:46:43,UCkVvAm5jb62IMIJQj4wPVGA,TMSアニメ公式チャンネル,378889162,897000,1147
2025-11-24 18:46:43,UC1FQWQ3y3-e8l1pCtWhJt5A,Vaundy,2295815134,2430000,226
2025-11-24 18:46:43,UCX7YkU9nEeaoZbkVLVajcMg,にじさんじ,1070434481,1870000,2823
2025-11-24 18:46:43,UC_DopZ9OANqNGho0wFwADqA,けいちゃん / Keichan,502697517,1270000,604
2025-11-24 18:46:43,UChVflUz2J_jaaqYjXqvpmQA,iLiFE!【あいらいふ】,243613485,483000,525
2025-11-24 18:46:43,UCoQhX2O93MVTWfgIz-8wOmg,KUNの50人クラフト,464130069,543000,1046
2025-11-24 18:46:43,UC6qVAJzxF5kSN_UUFSdODiQ,MAZZEL - Topic,19093992,8260,57
2025-11-24 18:46:43,UCDhOdoqPxv96djR3tSq9NoA,ショコラ大佐の秘密基地,147922654,138000,1743
2025-11-24 18:46:43,UCZ1xuCK1kNmn5RzPYIZop3w,リゼ・ヘルエスタ -Lize Helesta-,298777084,957000,1089
2025-11-24 18:46:43,UCxIK6x6sG7Ln5vjjPYpgeAw,Chogakusei Official,667393982,1010000,564
2025-11-24 18:46:43,UCtKBQ2BYD76GiJvcpZOBorg,えいま,11343422,13500,346
2025-11-24 18:46:43,UCy9GuRXGTm8TliQ-OJ7KwzA,【V.I.P】,977655202,978000,2492
2025-11-24 18:46:43,UCILZFnKZJksR7zwhZbAB4vw,れじぇくん,1502606449,1170000,1427
2025-11-24 18:46:43,UC3VId8brfshtHO6gMMqnZ5A,FLOW GLOW - Topic,311811,2190,5
2025-11-24 18:46:43,UCvo8JUqHh2d1QGnK3LKyI4Q,ポケモンユナイト公式チャンネル,31921376,139000,467
2025-11-24 18:46:43,UC0ux2IFOXkj6ifQ4aSs9l7Q,大月【おおつき】,14634927,17400,1216
2025-11-24 18:46:43,UCLkAepWjdylmXSltofFvsYQ,BANGTANTV,26052132409,81700000,2933
2025-11-24 18:46:43,UCBhPDpv9JavoPADrZcsAC2A,あらき-ARAKI Official,320679686,488000,260
2025-11-24 18:46:43,UCeK22JmzkTMa69kZU9NEqsA,めじの【Vtuber応援隊】,31396871,15100,535
2025-11-24 18:46:43,UC8eq3M3Yft3FUgxEX6lOZMg,chotokkyu - Topic,35635303,577,486
2025-11-24 18:46:43,UCqQNCRSihFHVsXrDikNeYSg,げまじょが好き【にじさんじEXゲマズ切り抜き】,4338373,2300,117
2025-11-24 18:46:43,UCBA-kvU_zYdKreZbhhywX2Q,あいずちゃんねる,147116475,57300,801
2025-11-24 18:46:43,UCv7VutirxDn3RWIJXI68n_A,＝LOVE（イコールラブ）公式チャンネル,466225819,553000,474
2025-11-24 18:46:43,UCDbUUremwf8k1x1GTYfB1Ng,ニート部クラフト,20165570,96600,125
2025-11-24 18:46:43,UCtPyU9cJgvvgH03PQKgaucA,ファミ通TUBE,182873937,207000,8150
2025-11-24 18:46:43,UCAaGaynFpku5cAx6OOSrW-w,HoneyWorks OFFICIAL,1585662413,2850000,550
2025-11-24 18:46:43,UCBuLdF0tQn5oZjpvYWSQkaA,Liura Channel,91759525,206000,373
2025-11-24 18:46:43,UCOfESRUR5duQ2hMnTQ4oqhA,BUMP OF CHICKEN,1637208579,1590000,164
2025-11-24 18:46:43,UCMGvmEqkVbl372DCyn3NLAw,【吹いたら負け】葛葉先生のしくじり【切り抜き】,180309211,136000,978
2025-11-24 18:46:43,UCHD1jo5RhijLfx5-0Ehe_cg,&TEAM,466813545,1320000,1401
2025-11-24 18:46:43,UC9zY_E8mcAo_Oq772LEZq8Q,THE FIRST TAKE,6254716369,11500000,1525
2025-11-24 18:46:43,UChUjERVG8eKEAJSCef-tTmg,k4sen / かせん,714915186,1020000,3058
2025-11-24 18:46:43,UC-ifW8mHzfsZVGHY8vxqrjA,A.B.C-Z,58717723,54500,435
2025-11-24 18:46:43,UCtyXllCXnTAg4rjfI3UwIgA,しょうちゃんネル,295444704,137000,1545
2025-11-24 18:46:43,UCOXOcEbERAwGlE4ig9MaLSQ,夜勤明けパチンコパチスロ実践記,275421734,166000,1622
2025-11-24 18:46:43,UCjcYYjM16TFOPXDjWgzHiHA,超覚醒てえんだ「スロパチ生放送」,86919662,140000,569
2025-11-24 18:46:43,UCB_qr75-ydFVKSF9Dmo6izg,FORMULA 1,8854977174,13700000,9398
2025-11-24 18:46:43,UCHazKLThRbMyMFu2bVAKhng,ウォーターチャレンジ,3127178464,3150000,2179
2025-11-24 18:46:43,UC9Lx-zRFGfpuls27tNAOIqA,マエスケ,1539046282,1830000,1137
2025-11-24 18:46:43,UCkKj-SiKyiFkj_dO1vmY3gA,加藤純一RECORDS,5031464,27900,81
2025-11-24 18:46:43,UCOVLrBaOiMH5QDKXTycZ8Pw,やっちゃんの崖っぷちスロパチ生活,697953558,326000,5201
2025-11-24 18:46:43,UCHzevlEL9JfsBIm86uNCJqg,宮野真守,78718653,449000,329
2025-11-24 18:46:43,UCSFCh5NL4qXrAy9u-u2lX3g,Kuzuha Channel,1423963087,2100000,2817
2025-11-24 18:46:43,UCwJYQvXHtNn1c7RqED4E7MA,パンダドラゴン,44018394,92300,532
2025-11-24 18:46:43,UCvzGlP9oQwU--Y0r9id_jnA,Subaru Ch. 大空スバル,580727397,1950000,1893
2025-11-24 18:46:43,UCylNKKCfPMm8ROXasQWTonA,響咲リオナの足,3074800,6390,118
2025-11-24 18:46:43,UCvaTdHTWBGv3MKj3KVqJVCw,Okayu Ch. 猫又おかゆ,626491070,2060000,1590
2025-11-24 18:46:43,UCgmFrRcyH7d1zR9sIVQhFow,ローレン・イロアス / Lauren Iroas【にじさんじ】,396116758,952000,1046
2025-11-24 18:46:43,UCcz2Y1yhR42UxbFwvPFGCmA,きっしー助六ちゃんねる,75627383,61500,939
2025-11-24 18:46:43,UCFvSFbT8okMrpuFxBEIB2lg,M!LK,88473496,10200,243
2025-11-24 18:46:43,UCRDJ3DN-6ND_a4LSJ35L91A,立川ちゃんねる,106083315,107000,638
2025-11-27 23:20:12,UCKU0SVkIPRqwiZaXJ9rXhdw,シュート。,216561429,256000,2337
2025-11-27 23:20:12,UC3ruCdV7xnwAbpkW9tQq-6A,のーわん【NoOnE】,419484764,409000,1206
2025-11-27 23:20:12,UCv2ejD5B1xOYtGB2cf80B8g,Netflix Japan,1983627665,2310000,7766
2025-11-27 23:20:12,UC-UxhoAxlq57uZ8BA0b1Jyw,FPS切り抜きボット【ローレン・イロアス】,156796425,119000,1404
2025-11-27 23:20:12,UCx-QS9BIo_L_lx5dkpys1qw,ねこまんまのパチ•チャンネル,8139345,14300,169
2025-11-27 23:20:12,UCdn5BQ06XqgXoAxIhbqw5Rg,フブキCh。白上フブキ,710953599,2640000,2968
2025-11-27 23:20:12,UCy9GuRXGTm8TliQ-OJ7KwzA,【V.I.P】,978762283,979000,2496
2025-11-27 23:20:12,UCSFCh5NL4qXrAy9u-u2lX3g,Kuzuha Channel,1427835289,2100000,2822
2025-11-27 23:20:12,UC9qSqkNFiByKzzoxT3Cydyw,Aiobahn,28200052,90100,14
2025-11-27 23:20:12,UCcmLTYWn2bI5GwNVSP1bl4Q,バッチコイなみちょ,15066375,17400,648
2025-11-27 23:20:12,UCMzLWawc9x3rUsqYDEfgqzA,ジャック・オ・蘭たん,712914393,649000,1888
2025-11-27 23:20:12,UClqWF_XeXy469i4KDurpjWw,Yukopi,13448,2,1
2025-11-27 23:20:12,UCOx-oLP9tOhiYwSK_m-yVxA,オモコロチャンネル,618632593,473000,1144
2025-11-27 23:20:12,UCBhPDpv9JavoPADrZcsAC2A,あらき-ARAKI Official,320679686,489000,260
2025-11-27 23:20:12,UC7aYDbAOIKIMt25ENfJ68Qw,ルカ,118721142,120000,2127
2025-11-27 23:20:12,UCGjV4bsC43On-YuiLZcfL0w,KUN,3389315997,1660000,11233
2025-11-27 23:20:12,UCof7dOTnyxaidkKkcIFuflQ,Mone Kamishiraishi - Topic,26385160,326,123
2025-11-27 23:20:12,UCdkVEDVAW5aFmA-Mkz0lAFQ,ひたまゆ。,466707359,410000,2795
2025-11-27 23:20:12,UCwJYQvXHtNn1c7RqED4E7MA,パンダドラゴン,44018394,92300,533
2025-11-27 23:20:12,UC9llDCAObCbGpsaa66fClKw,ユニバーサル・ピクチャーズ公式,642268669,375000,1443
2025-11-27 23:20:12,UCB_qr75-ydFVKSF9Dmo6izg,FORMULA 1,8871159200,13700000,9408
2025-11-27 23:20:12,UCZ1xuCK1kNmn5RzPYIZop3w,リゼ・ヘルエスタ -Lize Helesta-,299329789,957000,1090
2025-11-27 23:20:12,UCkv76wCrBDQNn7ctcbn6Qeg,Nissy - Topic,93375916,26400,192
2025-11-27 23:20:12,UCrQUlOEbu-0T0l4DAcBEeIg,pizzaofdeathofficial,408251037,332000,372
2025-11-27 23:20:12,UC9Lx-zRFGfpuls27tNAOIqA,マエスケ,1543084879,1840000,1138
2025-11-27 23:20:12,UCZwcUEEjD8RVzB-TAw1ts3g,Eden - Topic,4266876,1770,38
2025-11-27 23:20:12,UCjcYYjM16TFOPXDjWgzHiHA,超覚醒てえんだ「スロパチ生放送」,87356301,140000,571
2025-11-27 23:20:12,UCvo8JUqHh2d1QGnK3LKyI4Q,ポケモンユナイト公式チャンネル,31962139,139000,467
2025-11-27 23:20:12,UCtiObj3CsEAdNU6ZPWDsddQ,TOMORROW X TOGETHER OFFICIAL,3494513829,13100000,3043
2025-11-27 23:20:12,UC5vqbtNnbOF2h7A_xlrIPUw,ぽっぴんず,916917839,630000,1053
2025-11-27 23:20:12,UChn5TjkeEqd-JxzizMVSkOw,ハヤトの野望,1035625127,1510000,2418
2025-11-27 23:20:12,UC6H_7uSepAzrlayBjAb9rrg,WurtS - Topic,69108754,698,82
2025-11-27 23:20:12,UCOfESRUR5duQ2hMnTQ4oqhA,BUMP OF CHICKEN,1637208579,1590000,165
2025-11-27 23:20:12,UCZetZElUvdElPrcstRjl9DA,加藤純一ロードショー,413602922,509000,983
2025-11-27 23:20:12,UC1DqlLj1onQhBfxW81OgQTw,GLAY,732544767,541000,886
2025-11-27 23:20:12,UCDhOdoqPxv96djR3tSq9NoA,ショコラ大佐の秘密基地,148646669,138000,1746
2025-11-27 23:20:12,UCUbAVVpHteGtGQPPN9lM3oQ,ホロライブ切り抜き/なめたけ,572272419,339000,2103
2025-11-27 23:20:12,UCMJiPpN_09F0aWpQrgbc_qg,キヨ。,6532581967,5490000,3083
2025-11-27 23:20:12,UCZVVCZwOpCbDXB84SDqWixQ,Lil Shady,56319498,284000,97
2025-11-27 23:20:12,UC8eq3M3Yft3FUgxEX6lOZMg,chotokkyu - Topic,35832016,579,486
2025-11-27 23:20:12,UCu2Fxqf37DAZ0ZhIsd1FZwA,Capcom Fighters JP,262929109,257000,3909
2025-11-27 23:20:12,UChUjERVG8eKEAJSCef-tTmg,k4sen / かせん,718918156,1030000,3064
2025-11-27 23:20:12,UCdMGYXL38w6htx6Yf9YJa-w,プロジェクトセカイ カラフルステージ! feat. 初音ミク,2004254384,2060000,1907
2025-11-27 23:20:12,UCL7VEatXa9yBCKeM-ww8TnA,NX☆くさあん,208613284,238000,3564
2025-11-27 23:20:12,UCzXjPL7zo0bxhOYDxLJ9YEg,ポッキー,4097167938,3750000,4360
2025-11-27 23:20:12,UCyTaStlK0neSuKveYOIioaw,ぐんぐにるチャンネル,275100958,426000,447
2025-11-27 23:20:12,UChVflUz2J_jaaqYjXqvpmQA,iLiFE!【あいらいふ】,246311299,486000,535
2025-11-27 23:20:12,UC3J-txytRWiRtNXrLS95eEw,ASIAN KUNG-FU GENERATION Official YouTube Channel,608265861,788000,283
2025-11-27 23:20:12,UCqfELxLmasBwYET4ZAMfMqA,がみくん,1009210596,584000,3990
2025-11-27 23:20:12,UCmovZ2th3Sqpd00F5RdeigQ,加賀美 ハヤト/Hayato Kagami,332409391,921000,1522
2025-11-27 23:20:12,UCl_HfKfmxefUAVHPyJu0aCg,シュガーの宝舟,80143480,84300,1358
2025-11-27 23:20:12,UCu3kfiUaK7MmkQ40omEpGyQ,ナナ色チャンネル,4666870,8450,84
2025-11-27 23:20:12,UCia0Mw96B-yNYRka1J_mAsQ,HikacGamesヒカックゲームズ,640476658,660000,5204
2025-11-27 23:20:12,UCBuLdF0tQn5oZjpvYWSQkaA,Liura Channel,92259839,206000,376
2025-11-27 23:20:12,UCzRzPAT-AjlPyec5yXG974g,カワノKawano,208293143,185000,1323
2025-11-27 23:20:12,UCspv01oxUFf_MTSipURRhkA,Kanae Channel,785693510,1510000,4293
2025-11-27 23:20:12,UCMF_5h2OejEhVorTB02UUSg,MAZZEL,243792578,285000,722
2025-11-27 23:20:12,UCLrYavXppY_4oRfquHk9VQg,HAGANE,14455474,75000,143
2025-11-27 23:20:12,UCpYHkc4rzWEW7iVXIyxQebA,Hey! Say! JUMP - Topic,58958148,5080,738
2025-11-27 23:20:12,UCy0DH4rgPPjDWVZO7wibcSQ,めめんともり,352095737,335000,468
2025-11-27 23:20:12,UCH4yRBPH2pDUjPeqomx8CTQ,てるとくん,548708568,1330000,1895
2025-11-27 23:20:12,UCeK22JmzkTMa69kZU9NEqsA,めじの【Vtuber応援隊】,31896540,15100,539
2025-11-27 23:20:12,UCylNKKCfPMm8ROXasQWTonA,響咲リオナの足,3336188,7120,127
2025-11-27 23:20:12,UCUzpZpX2wRYOk3J8QTFGxDg,乃木坂46 OFFICIAL YouTube CHANNEL,1610447858,1730000,1168
2025-11-27 23:20:12,UC56x--_QtyaWD1QptYrPMqA,刀剣乱舞 公式チャンネル,9562875,131000,116
2025-11-27 23:20:12,UCFQu6Q-9LAS3KoEuRDNkzGA, ニート部,659301189,680000,3213
2025-11-27 23:20:12,UCXeTnWiRoifoHHEzSyR5Ogg,パチンコ・パチスロ必勝ガイドチャンネル,52790155,86300,1325
2025-11-27 23:20:12,UCHD1jo5RhijLfx5-0Ehe_cg,&TEAM,466813545,1320000,1412
2025-11-27 23:20:12,UC5wr1qJKJOrHHK-haeZkfbg,アカgames,462825038,283000,1361
2025-11-27 23:20:12,UCkVvAm5jb62IMIJQj4wPVGA,TMSアニメ公式チャンネル,379535728,898000,1147
2025-11-27 23:20:12,UCv7VutirxDn3RWIJXI68n_A,＝LOVE（イコールラブ）公式チャンネル,471205940,557000,474
2025-11-27 23:20:12,UCTEQRq53fm5tw-3vJ1HLUCw,MAY'S - Topic,4421756,710,309
2025-11-27 23:20:12,UC14QT5j2nQI8lKBCGtrrBQA,アニプレックス チャンネル,4307214700,3720000,15442
2025-11-27 23:20:12,UCkKj-SiKyiFkj_dO1vmY3gA,加藤純一RECORDS,5266909,29300,82
2025-11-27 23:20:12,UCvzGlP9oQwU--Y0r9id_jnA,Subaru Ch. 大空スバル,581301904,1950000,1896
2025-11-27 23:20:12,UCqQNCRSihFHVsXrDikNeYSg,げまじょが好き【にじさんじEXゲマズ切り抜き】,4585662,2390,119
2025-11-27 23:20:12,UCc-PPk-lNe34JaWCcJQCL0g,ドコムスチャンネル,541285685,593000,2024
2025-11-27 23:20:12,UC9zY_E8mcAo_Oq772LEZq8Q,THE FIRST TAKE,6263951155,11500000,1531
2025-11-27 23:20:12,UCTgIFU4_hG6aA7VfWS8blQg,1GAME TV パチンコパチスロ実践動画,737205297,667000,1414
2025-11-27 23:20:12,UCxWcO9CLti4uouUIS5IIF-Q,Nornis,59019055,228000,110
2025-11-27 23:20:12,UC8Qwnts13zIh2EYUCau6m3w,ONE N' ONLY TV,112267072,214000,795
2025-11-27 23:20:12,UCdPCarwi28K5Z7s5l2nMiLw,Uru Official YouTube Channel,901097541,1180000,296
2025-11-27 23:20:12,UCJnL-TBcsYrF2SLs7tmiC8Q,tripleS official,697072588,2880000,3062
2025-11-27 23:20:12,UCCzUftO8KOVkV4wQG1vkUvg,Marine Ch. 宝鐘マリン,2033880549,4260000,1560
2025-11-27 23:20:12,UCjJmYy279ehSYSwR1A3fXtA,マグロヘッド,394485098,735000,1754
2025-11-27 23:20:12,UCqm3BQLlJfvkTsX_hvm0UmA,Watame Ch. 角巻わため,610016767,1700000,2979
2025-11-27 23:20:12,UCmnZL4tFRl4sm-uJOxTLHmg,今日ポケch.,987062219,569000,1305
2025-11-27 23:20:12,UCEf_Bc-KVd7onSeifS3py9g,SMTOWN,32611320806,33500000,4641
2025-11-27 23:20:12,UCDbUUremwf8k1x1GTYfB1Ng,ニート部クラフト,20447117,97300,126
2025-11-27 23:20:12,UC9-yZkJfxtg6WNCX5mUQb0w,ノゴローチャンネル,179641098,126000,3593
2025-11-27 23:20:12,UC5nxCVEWQLLfkPuMylpkYkA,ロス,123613887,487000,68
2025-11-27 23:20:12,UC15ebOqdhmvl1eb0s0jk5aw,戦極MCBATTLE,1332859018,847000,5386
2025-11-27 23:20:12,UC3PFoXZPFJGy9F4PG84nNQQ,Soala - Topic,29220278,4820,84
2025-11-27 23:20:12,UCH-lygWpHodDff3iQurnWnQ,加藤純一切り抜き集,1719255492,580000,5441
2025-11-27 23:20:12,UCsoW5-5KCPFAZwfGU-POUvA,まじめにヤバシティ,61594056,390000,306
2025-11-27 23:20:12,UCMGvmEqkVbl372DCyn3NLAw,【吹いたら負け】葛葉先生のしくじり【切り抜き】,180594707,136000,978
2025-11-27 23:20:12,UCAWxPGGuIfWME2KTLUmSCHw,ぱかチューブっ!【ウマ娘公式】,515911968,1310000,1291
2025-11-27 23:20:12,UCc-itdQHxLvUlPrDxIiSJrA,INI,748068954,653000,1270
2025-11-27 23:20:12,UCX7YkU9nEeaoZbkVLVajcMg,にじさんじ,1072107569,1870000,2824
2025-11-27 23:20:12,UC-_iQWdEZY66nGGaHH0Ygmg,僕が見たかった青空,52805973,122000,499
2025-11-27 23:20:12,UC0wuDDYK-QTwneeZ6x6pPbw,777パチガブチャンネル,345318051,432000,2938
2025-11-27 23:20:12,UCx1nAvtVDIsaGmCMSe8ofsQ,加藤純一【jun channel】,1137516709,1280000,1835
2025-11-27 23:20:12,UCdszfKemUn36sOEplfkiGVQ,GPV LABEL,3034645,5410,91
2025-11-27 23:20:12,UCN7_YMtKaUiizHpw77XLVcw,EXILE,188703738,14800,312
2025-11-27 23:20:12,UCvaTdHTWBGv3MKj3KVqJVCw,Okayu Ch. 猫又おかゆ,626491070,2060000,1593
2025-11-27 23:20:12,UCqq-ovGE01ErlXakPihhKDA,1theK Originals - 원더케이 오리지널,2010488974,2510000,3586
2025-11-27 23:20:12,UCtyXllCXnTAg4rjfI3UwIgA,しょうちゃんネル,301544555,138000,1548
2025-11-27 23:20:12,UCXqWKjzm2YMH6Bs7rAmsKFw,福本大晴,7532808,89600,146
2025-11-27 23:20:12,UCMR5xpbhv3jzIQG1TOTg-Jg,B'z - Topic,290630711,3870,678
2025-11-27 23:20:12,UC2NujFa5X09CdV0YCntmQDg,板橋ハウス,905179003,752000,2030
2025-11-27 23:20:12,UCeA0fcfLVewbuD7H5YsrpdA,ライキジョーンズ,118883150,146000,3390
2025-11-27 23:20:12,UC1FQWQ3y3-e8l1pCtWhJt5A,Vaundy,2295815134,2430000,226
2025-11-27 23:20:12,UCqeAYB1DMzfM-hG-Up52yNQ,つるおかかものはし,371628954,387000,3613
2025-11-27 23:20:12,UCILZFnKZJksR7zwhZbAB4vw,れじぇくん,1503244285,1170000,1428
2025-11-27 23:20:12,UCtPyU9cJgvvgH03PQKgaucA,ファミ通TUBE,183082460,208000,8153
2025-11-27 23:20:12,UCKsVfYfguU3s5vMO5yhcWdw,STARGLOW Official,23413198,2580,49
2025-11-27 23:20:12,UCENoC6MLc4pL-vehJyzSWmg,もこうの実況,1736452511,1600000,5789
2025-11-27 23:20:12,UCs8nP5mUR3pwJmgixsul8Hw,Saucy Dog,503080790,860000,120
2025-11-27 23:20:12,UC070fhnqq38qNhqHm5rxTcQ,令和ちゃんねる,428623803,506000,3629
2025-11-27 23:20:12,UCJy7zfLsKBXoo2soFMum7JQ,あかさかの箱,1290928433,2620000,2688
2025-11-27 23:20:12,UCENwRMx5Yh42zWpzURebzTw,Laplus ch. ラプラス・ダークネス - holoX -,400043743,1450000,918
2025-11-27 23:20:12,UC1DCedRgGHBdm81E1llLhOQ,Pekora Ch. 兎田ぺこら,1012937716,2740000,2344
2025-11-27 23:20:12,UC__iCxFigPdcry_UBv6sDGw,IO,16308497,38200,13
2025-11-27 23:20:12,UCdCC1L_OxLrkoEjR19iXpRw,パチスロードch,136260114,75700,816
2025-11-27 23:20:12,UCBLGjbYv6-xxju1i44RjnnA,明透 -ᴀsᴜ-,132564670,625000,494
2025-11-27 23:20:12,UCfkXDY7vwkcJ8ddFGz8KusA,SEVENTEEN,7797609294,16200000,3290
2025-11-27 23:20:12,UCWvr04hMa4k4wSilYcQ4qoA,キャベツの人【ゲーム紹介】,253316988,418000,974
2025-11-27 23:20:12,UC6qVAJzxF5kSN_UUFSdODiQ,MAZZEL - Topic,19361522,8260,57
2025-11-27 23:20:12,UCM3yhFc0-fBFuvqx1Vg2YNQ,まいぜんシスターズ,7171762545,3180000,1860
2025-11-27 23:20:12,UCtceiniicYEsbAVuWy-Bi0Q,ドラゴンクエストウォーク公式,50515736,181000,160
2025-11-27 23:20:12,UC3IZKseVpdzPSBaWxBxundA,HYBE LABELS,42534399305,79100000,2930
2025-11-27 23:20:12,UC-ifW8mHzfsZVGHY8vxqrjA,A.B.C-Z,59464169,54600,437
2025-11-27 23:20:12,UCy2IDlWr4fbdO2dbka98bSg,HACHI - Topic,18777542,625,60
2025-11-27 23:20:12,UCoQhX2O93MVTWfgIz-8wOmg,KUNの50人クラフト,466114749,544000,1051
2025-11-27 23:20:12,UCqMRVBz-hhSFRuqlL1guqig,あひるだっく,52130194,128000,89
2025-11-27 23:20:12,UC-hM6YJuNYVAmUWxeIr9FeA,Miko Ch. さくらみこ,898573579,2460000,2043
2025-11-27 23:20:12,UCYLp2FLXcqLUZhvrCxQmNIA,胡桃沢りりか,41004870,100000,2572
2025-11-27 23:20:12,UC4YT50DP7hbMsor8FmyEPMw,Victor Entertainment,1489968652,1070000,4975
2025-11-27 23:20:12,UCHazKLThRbMyMFu2bVAKhng,ウォーターチャレンジ,3131310717,3150000,2181
2025-11-27 23:20:12,UCUW6U6iOrntB0jw6-AbQo8g,RED Games,250702633,210000,3571
2025-11-27 23:20:12,UCHVkYOT63gAz5yTxjo68_Ng,家スロットゲームパンダ’s ROOM@琉球🐼🪸,1226399,1680,76
2025-11-27 23:20:12,UCPJCP_fon2mOMfibbBPUOYw,SAWAYAN GAMES / サワヤン ゲームズ,1299302501,2070000,3418
2025-11-27 23:20:12,UCPVr7clenPjpD7WNsSI3UBQ,レトルト,2879338263,2590000,3850
2025-11-27 23:20:12,UCxIK6x6sG7Ln5vjjPYpgeAw,Chogakusei Official,674277867,1010000,564
2025-11-27 23:20:12,UC7wu64jFsV02bbu6UHUd7JA,ガンダムチャンネル,412635067,1670000,1657
2025-11-27 23:20:12,UCeTo4Eh0TzpKbUL4vGQZ73A,LEX *,4588820,1280,14
2025-11-27 23:20:12,UCrKna8EQAd7NPRYq-gIsuow,ホロライ部【ホロライブ切り抜き】,70087617,37900,614
2025-11-27 23:20:12,UCHghNZNbV-CPbb_f3FslObw,がんばるぴえんちゃんパチンコ日記,80501715,100000,1534
2025-11-27 23:20:12,UCeuNlK0yX-6_4930q0JUGNw,白瀬,414452121,183000,2094
2025-11-27 23:20:12,UCwF6o6cF7BMTY1-OZ7ZUY7Q,フォートナイト 公式,270974311,410000,586
2025-11-27 23:20:12,UCC4xWbcBVn-tHgchhrdmFpg,Jinmenusagi,9965654,32800,81
2025-11-27 23:20:12,UCGc93NguHRwzv1Rw9MyIcxQ,鳴潮 (Wuthering Waves)公式,104311352,345000,466
2025-11-27 23:20:12,UC8_Ag6BVp43Vmrx6eillK9g,Vaundy - Topic,909879734,2190,110
2025-11-27 23:20:12,UCJxxoli_XbupD8SK_TtytAQ,バンダイナムコ アミューズメントユニット公式チャンネル,90329293,118000,1604
2025-11-27 23:20:12,UC0ux2IFOXkj6ifQ4aSs9l7Q,大月【おおつき】,14796820,17500,1219
2025-11-27 23:20:12,UCOXOcEbERAwGlE4ig9MaLSQ,夜勤明けパチンコパチスロ実践記,275742165,166000,1623
2025-11-27 23:20:12,UC_ntXHv-XdKCD7CPynVvnQw,Bandai Namco Entertainment America,615627915,1460000,3570
2025-11-27 23:20:12,UCOjkVJQcjtWnpf0-1ft4brA,ゆっくりむちゃたぬき,210189117,353000,423
2025-11-27 23:20:12,UCpGpA7mSYmNJjLiJxKso5QA,しもふりチューブ,1783660691,2160000,3023
2025-11-27 23:20:12,UCYA14rrNjvQq_P_YSNeJHgA,スロライブ,89961056,46500,896
2025-11-27 23:20:12,UCLkAepWjdylmXSltofFvsYQ,BANGTANTV,26052132409,81700000,2937
2025-11-27 23:20:12,UC6FadPgGviUcq6VQ0CEJqdQ,Juice=Juice,163770158,251000,281
2025-11-27 23:20:12,UC_DopZ9OANqNGho0wFwADqA,けいちゃん / Keichan,502697517,1270000,606
2025-11-27 23:20:12,UCAVR6Q0YgYa8xwz8rdg9Mrg,原神-Genshin-公式,784058762,2100000,2022
2025-11-27 23:20:12,UCDwcZ85zjLKD-3-jqlv1wQQ,アンジュルム,213864061,229000,374
2025-11-27 23:20:12,UChhKBlh_wvspTh5n4mL0b5g,BOYNEXTDOOR,1166800131,2070000,2201
2025-11-27 23:20:12,UCv0F5yCdnwnBTrcJO2Yr3lQ,きむちゃんねる,925351670,765000,2674
2025-11-27 23:20:12,UCd9BXPj-KcMTh0HiB-Vlb8A,モンスト（モンスターストライク）公式,1160616788,1550000,4581
2025-11-27 23:20:12,UCS57xc1Bf-znC9_ouCc3SZw,佐野元春 - DaisyMusic,50511392,77700,163
2025-11-27 23:20:12,UCfipDDn7wY-C-SoUChgxCQQ,葉山舞鈴 / Ohayama Ch.,88098293,600000,1341
2025-11-27 23:20:12,UCBA-kvU_zYdKreZbhhywX2Q,あいずちゃんねる,147829926,57400,804
2025-11-27 23:20:12,UCcg_rvE-fU2tATMwBAxW9bA,ヤングスキニー,149492671,239000,605
2025-11-27 23:20:12,UCRDJ3DN-6ND_a4LSJ35L91A,立川ちゃんねる,106588840,107000,639
2025-11-27 23:20:12,UCXEo7JprZQGCPkezcZylHlQ,黒炭酸,152490020,202000,1757
2025-11-27 23:20:12,UCFvSFbT8okMrpuFxBEIB2lg,M!LK,90312072,10400,243
2025-11-27 23:20:12,UCp_Az_oKu8-J5qIQpF35JbA,やわらちゃんねる,193005093,279000,862
2025-11-27 23:20:12,UCgmFrRcyH7d1zR9sIVQhFow,ローレン・イロアス / Lauren Iroas【にじさんじ】,397160094,954000,1049
2025-11-27 23:20:12,UCcz2Y1yhR42UxbFwvPFGCmA,きっしー助六ちゃんねる,75916692,61600,942
2025-11-27 23:20:12,UC8rk-fIWJXYlSF8tkfG9wWg,天色鮫,66637382,192000,132
2025-11-27 23:20:12,UCtwTCZuQkTIwUf5m9mlZnOQ,Release - Topic,27370,53,7
2025-11-27 23:20:12,UCXURHJRGr4-EB3l87kcbElw,NCT DREAM,2300999800,7000000,1318
2025-11-27 23:20:12,UCEfbtVOJgicdHjs5HzOzJlA,ぱち・スロ部,3673041,1770,303
2025-11-27 23:20:12,UCYXmyrGUVL8tX7VEvo_DjPw,シャル@ツモらせ隊,83359858,178000,901
2025-11-27 23:20:12,UC3VId8brfshtHO6gMMqnZ5A,FLOW GLOW - Topic,393259,2190,5
2025-11-27 23:20:12,UC3NrSfe_yR5XX9zGFxYoV1Q,HIRAIDAI - Topic,281407124,3400,415
2025-11-27 23:20:12,UC6SmH9mR82nj28_NNg_rZvA,スクウェア・エニックス,1173377967,1090000,10987
2025-11-27 23:20:12,UCDBdcJ3JIg2sjDg8QR3xp-g,Iyowa - Topic,65762694,31300,88
2025-11-27 23:20:12,UCHp2q2i85qt_9nn2H7AvGOw,NiziU Official,1563277157,2290000,2505
2025-11-27 23:20:12,UCj4PjeVMnNTHIR5EeoNKPAw,ドズル社,4906590678,2570000,10214
2025-11-27 23:20:12,UCAaGaynFpku5cAx6OOSrW-w,HoneyWorks OFFICIAL,1601855248,2850000,550
2025-11-27 23:20:12,UCooVYzDxdwTtGYAkcPmOgOw,Brawl Stars,4006370981,23200000,370
2025-11-27 23:20:12,UCapLmxI6gv5WBd3N3sUVG8Q,稲垣潤一 Official,39810109,49800,46
2025-11-27 23:20:12,UCOVLrBaOiMH5QDKXTycZ8Pw,やっちゃんの崖っぷちスロパチ生活,698980096,326000,5205
2025-11-27 23:20:12,UCpT4syVopfBl2bATVfAt65g,澤野弘之 / SawanoHiroyuki[nZk],51785889,4090,22
2025-11-27 23:20:12,UCHvFSU5OP6c7QcJxIr87YtA,ウタエル Utael,446432580,582000,903
2025-11-27 23:20:12,UC9rMiEjNaCSsebs31MRDCRA,Stray Kids,9673395528,22200000,1881
2025-11-27 23:20:12,UCaO6TYtlC8U5ttz62hTrZgg,JYP Entertainment,26030065040,31500000,2641
2025-11-27 23:20:12,UCqKNMJ5s_vsf7WkesdBrvQA,IS:SUE,87680204,221000,771
2025-11-27 23:20:12,UCHzevlEL9JfsBIm86uNCJqg,宮野真守,78718653,449000,329
2025-11-27 23:20:12,UCdVD0MsYecQaIE5Ru-pOIQQ,RIIZE,1015326967,1870000,1387
2025-11-27 23:20:12,UCZMRuagdTBKmmrFtSMN48Xw,牛沢,2665781448,1800000,3741
2025-11-27 23:20:12,UCFuugQScqDfJcsOEWbL1_tg,Gero Channel,209118582,551000,167
2025-11-27 23:20:12,UCYe_uTI6X6mm9qaXm8iWFDg,ノッチ配信者パチンコライブ,269135751,125000,2728
2025-11-27 23:20:12,UCt09C9DPSuOGpHoitbcyCIQ,ゼンレスゾーンゼロ-ZZZ-公式,230180173,754000,430
2025-11-27 23:20:12,UCVh47EKH9VLresRqiYi9txw,Mili,608668101,1010000,117
2025-11-27 23:20:12,UCiZqWVAeChfqlom5ZPR3ZJA,NCT WISH,630033332,1140000,1126
2025-11-27 23:20:12,UClNdVSK1uy2xFHTaXZYXopw,らっだぁ,1819198345,1450000,2342
2025-11-27 23:20:12,UCOTR1tcOAhjgi6YukrPpZxg,まふまふちゃんねる,2481707574,3610000,511
2025-11-27 23:20:12,UCNVIo0UJXTdEnsRkCB9Q03w,ILLIT - Topic,565212283,57700,59
2025-11-27 23:20:12,UCIJAlAYCNN8RACtDDsy9K6g,Novelbright,652756465,733000,319
2025-11-27 23:20:12,UCtKBQ2BYD76GiJvcpZOBorg,えいま,11415764,13500,346
2025-11-27 23:20:12,UC_vMYWcDjmfdpH6r4TTn1MQ,Iroha ch. 風真いろは - holoX -,263202951,1130000,1055
2025-11-26 05:42:10,UCdCC1L_OxLrkoEjR19iXpRw,パチスロードch,135645033,75600,814
2025-11-26 05:42:10,UC1DCedRgGHBdm81E1llLhOQ,Pekora Ch. 兎田ぺこら,1012094034,2740000,2342
2025-11-26 05:42:10,UC__iCxFigPdcry_UBv6sDGw,IO,16107442,38100,13
2025-11-26 05:42:10,UCDhOdoqPxv96djR3tSq9NoA,ショコラ大佐の秘密基地,148323727,138000,1745
2025-11-26 05:42:10,UCRDJ3DN-6ND_a4LSJ35L91A,立川ちゃんねる,106355069,107000,639
2025-11-26 05:42:10,UCKU0SVkIPRqwiZaXJ9rXhdw,シュート。,216424957,256000,2334
2025-11-26 05:42:10,UC-_iQWdEZY66nGGaHH0Ygmg,僕が見たかった青空,52805973,122000,498
2025-11-26 05:42:10,UCeK22JmzkTMa69kZU9NEqsA,めじの【Vtuber応援隊】,31764823,15100,537
2025-11-26 05:42:10,UCUzpZpX2wRYOk3J8QTFGxDg,乃木坂46 OFFICIAL YouTube CHANNEL,1610447858,1730000,1168
2025-11-26 05:42:10,UCaO6TYtlC8U5ttz62hTrZgg,JYP Entertainment,26015574408,31500000,2639
2025-11-26 05:42:10,UCOjkVJQcjtWnpf0-1ft4brA,ゆっくりむちゃたぬき,209988723,352000,423
2025-11-26 05:42:10,UC56x--_QtyaWD1QptYrPMqA,刀剣乱舞 公式チャンネル,9474083,131000,116
2025-11-26 05:42:10,UCu3kfiUaK7MmkQ40omEpGyQ,ナナ色チャンネル,4452742,8180,80
2025-11-26 05:42:10,UC_ntXHv-XdKCD7CPynVvnQw,Bandai Namco Entertainment America,615174747,1460000,3565
2025-11-26 05:42:10,UCvo8JUqHh2d1QGnK3LKyI4Q,ポケモンユナイト公式チャンネル,31950409,139000,467
2025-11-26 05:42:10,UCC4xWbcBVn-tHgchhrdmFpg,Jinmenusagi,9965654,32600,80
2025-11-26 05:42:10,UC5vqbtNnbOF2h7A_xlrIPUw,ぽっぴんず,916456047,630000,1052
2025-11-26 05:42:10,UCu2Fxqf37DAZ0ZhIsd1FZwA,Capcom Fighters JP,260904621,257000,3894
2025-11-26 05:42:10,UC-hM6YJuNYVAmUWxeIr9FeA,Miko Ch. さくらみこ,889625882,2460000,2042
2025-11-26 05:42:10,UCvaTdHTWBGv3MKj3KVqJVCw,Okayu Ch. 猫又おかゆ,626491070,2060000,1591
2025-11-26 05:42:10,UC9rMiEjNaCSsebs31MRDCRA,Stray Kids,9673395528,22200000,1874
2025-11-26 05:42:10,UCdVD0MsYecQaIE5Ru-pOIQQ,RIIZE,1015326967,1870000,1376
2025-11-26 05:42:10,UCeA0fcfLVewbuD7H5YsrpdA,ライキジョーンズ,118710383,146000,3389
2025-11-26 05:42:10,UCc-PPk-lNe34JaWCcJQCL0g,ドコムスチャンネル,540575743,593000,2022
2025-11-26 05:42:10,UCqQNCRSihFHVsXrDikNeYSg,げまじょが好き【にじさんじEXゲマズ切り抜き】,4495012,2340,117
2025-11-26 05:42:10,UCJy7zfLsKBXoo2soFMum7JQ,あかさかの箱,1289845708,2620000,2687
2025-11-26 05:42:10,UCOVLrBaOiMH5QDKXTycZ8Pw,やっちゃんの崖っぷちスロパチ生活,698686126,326000,5202
2025-11-26 05:42:10,UCX7YkU9nEeaoZbkVLVajcMg,にじさんじ,1071426596,1870000,2825
2025-11-26 05:42:10,UCB_qr75-ydFVKSF9Dmo6izg,FORMULA 1,8863018977,13700000,9406
2025-11-26 05:42:10,UCH-lygWpHodDff3iQurnWnQ,加藤純一切り抜き集,1718686707,580000,5439
2025-11-26 05:42:10,UCvzGlP9oQwU--Y0r9id_jnA,Subaru Ch. 大空スバル,580902377,1950000,1894
2025-11-26 05:42:10,UChUjERVG8eKEAJSCef-tTmg,k4sen / かせん,717058740,1020000,3062
2025-11-26 05:42:10,UCxWcO9CLti4uouUIS5IIF-Q,Nornis,59019055,228000,110
2025-11-26 05:42:10,UCNVIo0UJXTdEnsRkCB9Q03w,ILLIT - Topic,563206630,57700,59
2025-11-26 05:42:10,UCGjV4bsC43On-YuiLZcfL0w,KUN,3388709675,1660000,11231
2025-11-26 05:42:10,UCx-QS9BIo_L_lx5dkpys1qw,ねこまんまのパチ•チャンネル,7913144,14200,167
2025-11-26 05:42:10,UCcz2Y1yhR42UxbFwvPFGCmA,きっしー助六ちゃんねる,75766033,61500,939
2025-11-26 05:42:10,UCrQUlOEbu-0T0l4DAcBEeIg,pizzaofdeathofficial,407934341,331000,372
2025-11-26 05:42:10,UCt09C9DPSuOGpHoitbcyCIQ,ゼンレスゾーンゼロ-ZZZ-公式,229399260,754000,427
2025-11-26 05:42:10,UCEf_Bc-KVd7onSeifS3py9g,SMTOWN,32598484139,33500000,4640
2025-11-26 05:42:10,UC15ebOqdhmvl1eb0s0jk5aw,戦極MCBATTLE,1332198365,847000,5381
2025-11-26 05:42:10,UCL7VEatXa9yBCKeM-ww8TnA,NX☆くさあん,208296900,238000,3562
2025-11-26 05:42:10,UC_DopZ9OANqNGho0wFwADqA,けいちゃん / Keichan,502697517,1270000,605
2025-11-26 05:42:10,UCVh47EKH9VLresRqiYi9txw,Mili,608668101,1000000,117
2025-11-26 05:42:10,UCdkVEDVAW5aFmA-Mkz0lAFQ,ひたまゆ。,466360946,410000,2791
2025-11-26 05:42:10,UCXURHJRGr4-EB3l87kcbElw,NCT DREAM,2300999800,7000000,1312
2025-11-26 05:42:10,UC6SmH9mR82nj28_NNg_rZvA,スクウェア・エニックス,1172857723,1090000,10980
2025-11-26 05:42:10,UCFvSFbT8okMrpuFxBEIB2lg,M!LK,89365576,10300,243
2025-11-26 05:42:10,UC4YT50DP7hbMsor8FmyEPMw,Victor Entertainment,1489340716,1070000,4972
2025-11-26 05:42:10,UCZVVCZwOpCbDXB84SDqWixQ,Lil Shady,55380693,283000,97
2025-11-26 05:42:10,UC070fhnqq38qNhqHm5rxTcQ,令和ちゃんねる,428217817,506000,3625
2025-11-26 05:42:10,UCylNKKCfPMm8ROXasQWTonA,響咲リオナの足,3189512,6730,122
2025-11-26 05:42:10,UCLkAepWjdylmXSltofFvsYQ,BANGTANTV,26052132409,81700000,2933
2025-11-26 05:42:10,UCxIK6x6sG7Ln5vjjPYpgeAw,Chogakusei Official,667393982,1010000,564
2025-11-26 05:42:10,UClNdVSK1uy2xFHTaXZYXopw,らっだぁ,1817897479,1450000,2340
2025-11-26 05:42:10,UCyTaStlK0neSuKveYOIioaw,ぐんぐにるチャンネル,275025805,426000,446
2025-11-26 05:42:10,UCv7VutirxDn3RWIJXI68n_A,＝LOVE（イコールラブ）公式チャンネル,466225819,555000,474
2025-11-26 05:42:10,UCH4yRBPH2pDUjPeqomx8CTQ,てるとくん,548135777,1330000,1893
2025-11-26 05:42:10,UCMJiPpN_09F0aWpQrgbc_qg,キヨ。,6529787323,5480000,3083
2025-11-26 05:42:10,UCMF_5h2OejEhVorTB02UUSg,MAZZEL,240478072,283000,721
2025-11-26 05:42:10,UCp_Az_oKu8-J5qIQpF35JbA,やわらちゃんねる,192880450,279000,862
2025-11-26 05:42:10,UCv2ejD5B1xOYtGB2cf80B8g,Netflix Japan,1980717825,2300000,7751
2025-11-26 05:42:10,UC3IZKseVpdzPSBaWxBxundA,HYBE LABELS,42512507391,79100000,2929
2025-11-26 05:42:10,UCDbUUremwf8k1x1GTYfB1Ng,ニート部クラフト,20342644,97000,125
2025-11-26 05:42:10,UCYA14rrNjvQq_P_YSNeJHgA,スロライブ,89816153,46500,894
2025-11-26 05:42:10,UChhKBlh_wvspTh5n4mL0b5g,BOYNEXTDOOR,1153888296,2060000,2198
2025-11-26 05:42:10,UCkKj-SiKyiFkj_dO1vmY3gA,加藤純一RECORDS,5156529,28900,82
2025-11-26 05:42:10,UCHzevlEL9JfsBIm86uNCJqg,宮野真守,78718653,449000,329
2025-11-26 05:42:10,UCBuLdF0tQn5oZjpvYWSQkaA,Liura Channel,92034864,206000,374
2025-11-26 05:42:10,UCYXmyrGUVL8tX7VEvo_DjPw,シャル@ツモらせ隊,83140398,178000,898
2025-11-26 05:42:10,UC-ifW8mHzfsZVGHY8vxqrjA,A.B.C-Z,59464169,54500,437
2025-11-26 05:42:10,UCZwcUEEjD8RVzB-TAw1ts3g,Eden - Topic,4211673,1720,38
2025-11-26 05:42:10,UChn5TjkeEqd-JxzizMVSkOw,ハヤトの野望,1034849113,1510000,2416
2025-11-26 05:42:10,UC2NujFa5X09CdV0YCntmQDg,板橋ハウス,904353577,752000,2028
2025-11-26 05:42:10,UCBA-kvU_zYdKreZbhhywX2Q,あいずちゃんねる,147605257,57400,803
2025-11-26 05:42:10,UCOXOcEbERAwGlE4ig9MaLSQ,夜勤明けパチンコパチスロ実践記,275557304,166000,1622
2025-11-26 05:42:10,UCZ1xuCK1kNmn5RzPYIZop3w,リゼ・ヘルエスタ -Lize Helesta-,299063344,957000,1090
2025-11-26 05:42:10,UCooVYzDxdwTtGYAkcPmOgOw,Brawl Stars,4002060682,23200000,370
2025-11-26 05:42:10,UCtPyU9cJgvvgH03PQKgaucA,ファミ通TUBE,182987455,208000,8152
2025-11-26 05:42:10,UCdszfKemUn36sOEplfkiGVQ,GPV LABEL,2972644,5240,89
2025-11-26 05:42:10,UCOTR1tcOAhjgi6YukrPpZxg,まふまふちゃんねる,2481137032,3610000,511
2025-11-26 05:42:10,UCoQhX2O93MVTWfgIz-8wOmg,KUNの50人クラフト,465283675,543000,1047
2025-11-26 05:42:10,UCHghNZNbV-CPbb_f3FslObw,がんばるぴえんちゃんパチンコ日記,80271722,100000,1529
2025-11-26 05:42:10,UCx1nAvtVDIsaGmCMSe8ofsQ,加藤純一【jun channel】,1137052735,1280000,1834
2025-11-26 05:42:10,UCIJAlAYCNN8RACtDDsy9K6g,Novelbright,646175482,733000,319
2025-11-26 05:42:10,UCXqWKjzm2YMH6Bs7rAmsKFw,福本大晴,7285544,89700,144
2025-11-26 05:42:10,UCDwcZ85zjLKD-3-jqlv1wQQ,アンジュルム,213864061,229000,370
2025-11-26 05:42:10,UC7aYDbAOIKIMt25ENfJ68Qw,ルカ,118648999,120000,2126
2025-11-26 05:42:10,UCHVkYOT63gAz5yTxjo68_Ng,家スロットゲームパンダ’s ROOM@琉球🐼🪸,1200426,1680,76
2025-11-26 05:42:10,UCUW6U6iOrntB0jw6-AbQo8g,RED Games,250181640,209000,3566
2025-11-26 05:42:10,UC14QT5j2nQI8lKBCGtrrBQA,アニプレックス チャンネル,4302784745,3720000,15426
2025-11-26 05:42:10,UChVflUz2J_jaaqYjXqvpmQA,iLiFE!【あいらいふ】,246311299,485000,531
2025-11-26 05:42:10,UCEfbtVOJgicdHjs5HzOzJlA,ぱち・スロ部,3647814,1760,302
2025-11-26 05:42:10,UCSFCh5NL4qXrAy9u-u2lX3g,Kuzuha Channel,1425502121,2100000,2818
2025-11-26 05:42:10,UCtKBQ2BYD76GiJvcpZOBorg,えいま,11406528,13500,346
2025-11-26 05:42:10,UCHazKLThRbMyMFu2bVAKhng,ウォーターチャレンジ,3129441423,3150000,2180
2025-11-26 05:42:10,UCPVr7clenPjpD7WNsSI3UBQ,レトルト,2878259332,2590000,3850
2025-11-26 05:42:10,UCdMGYXL38w6htx6Yf9YJa-w,プロジェクトセカイ カラフルステージ! feat. 初音ミク,2001799088,2060000,1907
2025-11-26 05:42:10,UCMGvmEqkVbl372DCyn3NLAw,【吹いたら負け】葛葉先生のしくじり【切り抜き】,180495413,136000,978
2025-11-26 05:42:10,UCYe_uTI6X6mm9qaXm8iWFDg,ノッチ配信者パチンコライブ,268630438,125000,2725
2025-11-26 05:42:10,UCXEo7JprZQGCPkezcZylHlQ,黒炭酸,152159642,201000,1757
2025-11-26 05:42:10,UCcg_rvE-fU2tATMwBAxW9bA,ヤングスキニー,147892001,238000,602
2025-11-26 05:42:10,UCtiObj3CsEAdNU6ZPWDsddQ,TOMORROW X TOGETHER OFFICIAL,3494513829,13100000,3039
2025-11-26 05:42:10,UC3VId8brfshtHO6gMMqnZ5A,FLOW GLOW - Topic,356832,2190,5
2025-11-26 05:42:10,UCc-itdQHxLvUlPrDxIiSJrA,INI,748068954,652000,1267
2025-11-26 05:42:10,UCLrYavXppY_4oRfquHk9VQg,HAGANE,14455474,74700,141
2025-11-26 05:42:10,UCqKNMJ5s_vsf7WkesdBrvQA,IS:SUE,87680204,221000,768
2025-11-26 05:42:10,UCFQu6Q-9LAS3KoEuRDNkzGA, ニート部,658691493,680000,3212
2025-11-26 05:42:10,UCqMRVBz-hhSFRuqlL1guqig,あひるだっく,52014676,127000,89
2025-11-26 05:42:10,UCYLp2FLXcqLUZhvrCxQmNIA,胡桃沢りりか,40936040,100000,2569
2025-11-26 05:42:10,UC6FadPgGviUcq6VQ0CEJqdQ,Juice=Juice,162049064,249000,280
2025-11-26 05:42:10,UCWvr04hMa4k4wSilYcQ4qoA,キャベツの人【ゲーム紹介】,252994622,418000,972
2025-11-26 05:42:10,UCj4PjeVMnNTHIR5EeoNKPAw,ドズル社,4897496529,2560000,10209
2025-11-26 05:42:10,UCBhPDpv9JavoPADrZcsAC2A,あらき-ARAKI Official,320679686,489000,260
2025-11-26 05:42:10,UC9zY_E8mcAo_Oq772LEZq8Q,THE FIRST TAKE,6258961813,11500000,1527
2025-11-26 05:42:10,UC8eq3M3Yft3FUgxEX6lOZMg,chotokkyu - Topic,35735494,577,486
2025-11-26 05:42:10,UCwJYQvXHtNn1c7RqED4E7MA,パンダドラゴン,44018394,92300,532
2025-11-26 05:42:10,UCzXjPL7zo0bxhOYDxLJ9YEg,ポッキー,4096481528,3750000,4359
2025-11-26 05:42:10,UCOfESRUR5duQ2hMnTQ4oqhA,BUMP OF CHICKEN,1637208579,1590000,164
2025-11-26 05:42:10,UC7wu64jFsV02bbu6UHUd7JA,ガンダムチャンネル,412236012,1670000,1655
2025-11-26 05:42:10,UC8_Ag6BVp43Vmrx6eillK9g,Vaundy - Topic,908573684,2190,110
2025-11-26 05:42:10,UCy9GuRXGTm8TliQ-OJ7KwzA,【V.I.P】,978122626,978000,2494
2025-11-26 05:42:10,UCtyXllCXnTAg4rjfI3UwIgA,しょうちゃんネル,299486157,138000,1546
2025-11-26 05:42:10,UCMzLWawc9x3rUsqYDEfgqzA,ジャック・オ・蘭たん,712081720,648000,1887
2025-11-26 05:42:10,UC9Lx-zRFGfpuls27tNAOIqA,マエスケ,1541402133,1830000,1137
2025-11-26 05:42:10,UCAaGaynFpku5cAx6OOSrW-w,HoneyWorks OFFICIAL,1601855248,2850000,550
2025-11-26 05:42:10,UCCzUftO8KOVkV4wQG1vkUvg,Marine Ch. 宝鐘マリン,2033880549,4260000,1560
2025-11-26 05:42:10,UCkVvAm5jb62IMIJQj4wPVGA,TMSアニメ公式チャンネル,378912152,898000,1145
2025-11-26 05:42:10,UCgmFrRcyH7d1zR9sIVQhFow,ローレン・イロアス / Lauren Iroas【にじさんじ】,396660732,953000,1048
2025-11-26 05:42:10,UCHD1jo5RhijLfx5-0Ehe_cg,&TEAM,466813545,1320000,1405
2025-11-26 05:42:10,UC8rk-fIWJXYlSF8tkfG9wWg,天色鮫,66516551,192000,132
2025-11-26 05:42:10,UC3J-txytRWiRtNXrLS95eEw,ASIAN KUNG-FU GENERATION Official YouTube Channel,608265861,788000,281
2025-11-26 05:42:10,UCPJCP_fon2mOMfibbBPUOYw,SAWAYAN GAMES / サワヤン ゲームズ,1298644407,2070000,3416
2025-11-26 05:42:10,UCpGpA7mSYmNJjLiJxKso5QA,しもふりチューブ,1782869559,2160000,3020
2025-11-26 05:42:10,UCmovZ2th3Sqpd00F5RdeigQ,加賀美 ハヤト/Hayato Kagami,332409391,921000,1521
2025-11-26 05:42:10,UCXeTnWiRoifoHHEzSyR5Ogg,パチンコ・パチスロ必勝ガイドチャンネル,52664115,86200,1323
2025-11-26 05:42:10,UCqeAYB1DMzfM-hG-Up52yNQ,つるおかかものはし,371149965,387000,3607
2025-11-26 05:42:10,UCAWxPGGuIfWME2KTLUmSCHw,ぱかチューブっ!【ウマ娘公式】,515145586,1310000,1288
2025-11-26 05:42:10,UC6qVAJzxF5kSN_UUFSdODiQ,MAZZEL - Topic,19200719,8260,57
2025-11-26 05:42:10,UCfkXDY7vwkcJ8ddFGz8KusA,SEVENTEEN,7797609294,16200000,3275
2025-11-26 05:42:10,UC0ux2IFOXkj6ifQ4aSs9l7Q,大月【おおつき】,14755191,17400,1217
2025-11-26 05:42:10,UCjcYYjM16TFOPXDjWgzHiHA,超覚醒てえんだ「スロパチ生放送」,87236992,140000,571
2025-11-26 05:42:10,UCJnL-TBcsYrF2SLs7tmiC8Q,tripleS official,678132684,2880000,3050
2025-11-26 05:42:10,UCILZFnKZJksR7zwhZbAB4vw,れじぇくん,1502996991,1170000,1428
2025-11-26 05:42:10,UCENoC6MLc4pL-vehJyzSWmg,もこうの実況,1736008262,1600000,5786
2025-11-26 05:42:10,UCN7_YMtKaUiizHpw77XLVcw,EXILE,188383635,14700,307
2025-11-26 05:42:10,UC1FQWQ3y3-e8l1pCtWhJt5A,Vaundy,2295815134,2430000,226
2025-11-26 05:42:10,UCrKna8EQAd7NPRYq-gIsuow,ホロライ部【ホロライブ切り抜き】,69980302,37800,613
2025-11-26 05:42:10,UCZMRuagdTBKmmrFtSMN48Xw,牛沢,2664514554,1800000,3739
2025-11-26 05:42:10,UC_vMYWcDjmfdpH6r4TTn1MQ,Iroha ch. 風真いろは - holoX -,262769862,1130000,1051
2025-11-27 05:35:09,UCtyXllCXnTAg4rjfI3UwIgA,しょうちゃんネル,300738637,138000,1547
2025-11-27 05:35:09,UCvaTdHTWBGv3MKj3KVqJVCw,Okayu Ch. 猫又おかゆ,626491070,2060000,1592
2025-11-27 05:35:09,UCOx-oLP9tOhiYwSK_m-yVxA,オモコロチャンネル,618321757,473000,1144
2025-11-27 05:35:09,UCFvSFbT8okMrpuFxBEIB2lg,M!LK,89927468,10400,243
2025-11-27 05:35:09,UCtwTCZuQkTIwUf5m9mlZnOQ,Release - Topic,15655,47,7
2025-11-27 05:35:09,UCpYHkc4rzWEW7iVXIyxQebA,Hey! Say! JUMP - Topic,58891636,5080,738
2025-11-27 05:35:09,UCRDJ3DN-6ND_a4LSJ35L91A,立川ちゃんねる,106517662,107000,639
2025-11-27 05:35:09,UC3J-txytRWiRtNXrLS95eEw,ASIAN KUNG-FU GENERATION Official YouTube Channel,608265861,788000,282
2025-11-27 05:35:09,UCx1nAvtVDIsaGmCMSe8ofsQ,加藤純一【jun channel】,1137353557,1280000,1834
2025-11-27 05:35:09,UC9rMiEjNaCSsebs31MRDCRA,Stray Kids,9673395528,22200000,1879
2025-11-27 05:35:09,UCOfESRUR5duQ2hMnTQ4oqhA,BUMP OF CHICKEN,1637208579,1590000,165
2025-11-27 05:35:09,UCfkXDY7vwkcJ8ddFGz8KusA,SEVENTEEN,7797609294,16200000,3277
2025-11-27 05:35:09,UCFuugQScqDfJcsOEWbL1_tg,Gero Channel,209118582,551000,166
2025-11-27 05:35:09,UCPJCP_fon2mOMfibbBPUOYw,SAWAYAN GAMES / サワヤン ゲームズ,1299022989,2070000,3417
2025-11-27 05:35:09,UCyTaStlK0neSuKveYOIioaw,ぐんぐにるチャンネル,275072390,426000,447
2025-11-27 05:35:09,UCGc93NguHRwzv1Rw9MyIcxQ,鳴潮 (Wuthering Waves)公式,103289027,345000,465
2025-11-27 05:35:09,UCdPCarwi28K5Z7s5l2nMiLw,Uru Official YouTube Channel,901097541,1180000,296
2025-11-27 05:35:09,UCYXmyrGUVL8tX7VEvo_DjPw,シャル@ツモらせ隊,83246778,178000,900
2025-11-27 05:35:09,UClNdVSK1uy2xFHTaXZYXopw,らっだぁ,1818594075,1450000,2341
2025-11-27 05:35:09,UCDbUUremwf8k1x1GTYfB1Ng,ニート部クラフト,20408585,97200,125
2025-11-27 05:35:09,UCdMGYXL38w6htx6Yf9YJa-w,プロジェクトセカイ カラフルステージ! feat. 初音ミク,2003481748,2060000,1907
2025-11-27 05:35:09,UCxWcO9CLti4uouUIS5IIF-Q,Nornis,59019055,228000,110
2025-11-27 05:35:09,UC2NujFa5X09CdV0YCntmQDg,板橋ハウス,904835559,752000,2029
2025-11-27 05:35:09,UCvzGlP9oQwU--Y0r9id_jnA,Subaru Ch. 大空スバル,581212274,1950000,1895
2025-11-27 05:35:09,UCZMRuagdTBKmmrFtSMN48Xw,牛沢,2665237130,1800000,3740
2025-11-27 05:35:09,UChVflUz2J_jaaqYjXqvpmQA,iLiFE!【あいらいふ】,246311299,485000,533
2025-11-27 05:35:09,UC1FQWQ3y3-e8l1pCtWhJt5A,Vaundy,2295815134,2430000,226
2025-11-27 05:35:09,UCcz2Y1yhR42UxbFwvPFGCmA,きっしー助六ちゃんねる,75804570,61500,940
2025-11-27 05:35:09,UCs8nP5mUR3pwJmgixsul8Hw,Saucy Dog,503080790,860000,121
2025-11-27 05:35:09,UC7wu64jFsV02bbu6UHUd7JA,ガンダムチャンネル,412502039,1670000,1654
2025-11-27 05:35:09,UCN7_YMtKaUiizHpw77XLVcw,EXILE,188549954,14800,308
2025-11-27 05:35:09,UCx-QS9BIo_L_lx5dkpys1qw,ねこまんまのパチ•チャンネル,7980136,14300,168
2025-11-27 05:35:09,UCFQu6Q-9LAS3KoEuRDNkzGA, ニート部,659051656,680000,3213
2025-11-27 05:35:09,UCWvr04hMa4k4wSilYcQ4qoA,キャベツの人【ゲーム紹介】,253195350,418000,973
2025-11-27 05:35:09,UCu2Fxqf37DAZ0ZhIsd1FZwA,Capcom Fighters JP,262400008,257000,3907
2025-11-27 05:35:09,UCcg_rvE-fU2tATMwBAxW9bA,ヤングスキニー,149492671,238000,603
2025-11-27 05:35:09,UCHazKLThRbMyMFu2bVAKhng,ウォーターチャレンジ,3130243899,3150000,2181
2025-11-27 05:35:09,UCGjV4bsC43On-YuiLZcfL0w,KUN,3389035363,1660000,11232
2025-11-27 05:35:09,UCqeAYB1DMzfM-hG-Up52yNQ,つるおかかものはし,371359176,387000,3610
2025-11-27 05:35:09,UCC4xWbcBVn-tHgchhrdmFpg,Jinmenusagi,9965654,32700,80
2025-11-27 05:35:09,UCENwRMx5Yh42zWpzURebzTw,Laplus ch. ラプラス・ダークネス - holoX -,399675087,1450000,917
2025-11-27 05:35:09,UCOXOcEbERAwGlE4ig9MaLSQ,夜勤明けパチンコパチスロ実践記,275621078,166000,1623
2025-11-27 05:35:09,UC5vqbtNnbOF2h7A_xlrIPUw,ぽっぴんず,916718072,630000,1053
2025-11-27 05:35:09,UC8Qwnts13zIh2EYUCau6m3w,ONE N' ONLY TV,112267072,214000,794
2025-11-27 05:35:09,UCXeTnWiRoifoHHEzSyR5Ogg,パチンコ・パチスロ必勝ガイドチャンネル,52764469,86300,1324
2025-11-27 05:35:09,UCNVIo0UJXTdEnsRkCB9Q03w,ILLIT - Topic,564492320,57700,59
2025-11-27 05:35:09,UCDwcZ85zjLKD-3-jqlv1wQQ,アンジュルム,213864061,229000,370
2025-11-27 05:35:09,UCzXjPL7zo0bxhOYDxLJ9YEg,ポッキー,4096874901,3750000,4360
2025-11-27 05:35:09,UCYe_uTI6X6mm9qaXm8iWFDg,ノッチ配信者パチンコライブ,268791622,125000,2727
2025-11-27 05:35:09,UCH4yRBPH2pDUjPeqomx8CTQ,てるとくん,548470164,1330000,1894
2025-11-27 05:35:09,UC15ebOqdhmvl1eb0s0jk5aw,戦極MCBATTLE,1332572110,847000,5383
2025-11-27 05:35:09,UCL7VEatXa9yBCKeM-ww8TnA,NX☆くさあん,208509168,238000,3563
2025-11-27 05:35:09,UCDhOdoqPxv96djR3tSq9NoA,ショコラ大佐の秘密基地,148514604,138000,1746
2025-11-27 05:35:09,UCwJYQvXHtNn1c7RqED4E7MA,パンダドラゴン,44018394,92300,533
2025-11-27 05:35:09,UCqKNMJ5s_vsf7WkesdBrvQA,IS:SUE,87680204,221000,769
2025-11-27 05:35:09,UCHVkYOT63gAz5yTxjo68_Ng,家スロットゲームパンダ’s ROOM@琉球🐼🪸,1218125,1680,76
2025-11-27 05:35:09,UCeK22JmzkTMa69kZU9NEqsA,めじの【Vtuber応援隊】,31854678,15100,538
2025-11-27 05:35:09,UCUW6U6iOrntB0jw6-AbQo8g,RED Games,250478782,209000,3569
2025-11-27 05:35:09,UCeTo4Eh0TzpKbUL4vGQZ73A,LEX *,4529834,1280,14
2025-11-27 05:35:09,UCtiObj3CsEAdNU6ZPWDsddQ,TOMORROW X TOGETHER OFFICIAL,3494513829,13100000,3041
2025-11-27 05:35:09,UCMzLWawc9x3rUsqYDEfgqzA,ジャック・オ・蘭たん,712569541,648000,1888
2025-11-27 05:35:09,UCXURHJRGr4-EB3l87kcbElw,NCT DREAM,2300999800,7000000,1314
2025-11-27 05:35:09,UCtKBQ2BYD76GiJvcpZOBorg,えいま,11412217,13500,346
2025-11-27 05:35:09,UCZVVCZwOpCbDXB84SDqWixQ,Lil Shady,56319498,284000,97
2025-11-27 05:35:09,UCYLp2FLXcqLUZhvrCxQmNIA,胡桃沢りりか,41002456,100000,2571
2025-11-27 05:35:09,UCH-lygWpHodDff3iQurnWnQ,加藤純一切り抜き集,1719047989,580000,5439
2025-11-27 05:35:09,UCZ1xuCK1kNmn5RzPYIZop3w,リゼ・ヘルエスタ -Lize Helesta-,299263684,957000,1090
2025-11-27 05:35:09,UCM3yhFc0-fBFuvqx1Vg2YNQ,まいぜんシスターズ,7171218264,3180000,1860
2025-11-27 05:35:09,UCKU0SVkIPRqwiZaXJ9rXhdw,シュート。,216524805,256000,2334
2025-11-27 05:35:09,UC9Lx-zRFGfpuls27tNAOIqA,マエスケ,1542232163,1830000,1138
2025-11-27 05:35:09,UCJy7zfLsKBXoo2soFMum7JQ,あかさかの箱,1290432566,2620000,2688
2025-11-27 05:35:09,UCjJmYy279ehSYSwR1A3fXtA,マグロヘッド,393970578,735000,1753
2025-11-27 05:35:09,UCBLGjbYv6-xxju1i44RjnnA,明透 -ᴀsᴜ-,132564670,625000,494
2025-11-27 05:35:09,UCzRzPAT-AjlPyec5yXG974g,カワノKawano,208043598,184000,1322
2025-11-27 05:35:09,UCSFCh5NL4qXrAy9u-u2lX3g,Kuzuha Channel,1426871249,2100000,2820
2025-11-27 05:35:09,UC3NrSfe_yR5XX9zGFxYoV1Q,HIRAIDAI - Topic,281321781,3400,415
2025-11-27 05:35:09,UCdkVEDVAW5aFmA-Mkz0lAFQ,ひたまゆ。,466569140,410000,2793
2025-11-27 05:35:09,UCILZFnKZJksR7zwhZbAB4vw,れじぇくん,1503150752,1170000,1428
2025-11-27 05:35:09,UCp_Az_oKu8-J5qIQpF35JbA,やわらちゃんねる,192967438,279000,862
2025-11-27 05:35:09,UCv2ejD5B1xOYtGB2cf80B8g,Netflix Japan,1982053787,2300000,7759
2025-11-27 05:35:09,UCENoC6MLc4pL-vehJyzSWmg,もこうの実況,1736272748,1600000,5787
2025-11-27 05:35:09,UCHghNZNbV-CPbb_f3FslObw,がんばるぴえんちゃんパチンコ日記,80359809,100000,1532
2025-11-27 05:35:09,UC6FadPgGviUcq6VQ0CEJqdQ,Juice=Juice,163770158,250000,280
2025-11-27 05:35:09,UCmnZL4tFRl4sm-uJOxTLHmg,今日ポケch.,985785109,569000,1304
2025-11-27 05:35:09,UCfipDDn7wY-C-SoUChgxCQQ,葉山舞鈴 / Ohayama Ch.,88056806,599000,1339
2025-11-27 05:35:09,UCEfbtVOJgicdHjs5HzOzJlA,ぱち・スロ部,3670936,1770,303
2025-11-27 05:35:09,UCMJiPpN_09F0aWpQrgbc_qg,キヨ。,6531537929,5480000,3083
2025-11-27 05:35:09,UCXEo7JprZQGCPkezcZylHlQ,黒炭酸,152370607,202000,1757
2025-11-27 05:35:09,UCLkAepWjdylmXSltofFvsYQ,BANGTANTV,26052132409,81700000,2935
2025-11-27 05:35:09,UCy9GuRXGTm8TliQ-OJ7KwzA,【V.I.P】,978506983,979000,2495
2025-11-27 05:35:09,UCHvFSU5OP6c7QcJxIr87YtA,ウタエル Utael,446316043,582000,903
2025-11-27 05:35:09,UCZetZElUvdElPrcstRjl9DA,加藤純一ロードショー,413351485,509000,982
2025-11-27 05:35:09,UCtPyU9cJgvvgH03PQKgaucA,ファミ通TUBE,183049444,208000,8153
2025-11-27 05:35:09,UCc-itdQHxLvUlPrDxIiSJrA,INI,748068954,653000,1268
2025-11-27 05:35:09,UC1DCedRgGHBdm81E1llLhOQ,Pekora Ch. 兎田ぺこら,1012567289,2740000,2343
2025-11-27 05:35:09,UC3IZKseVpdzPSBaWxBxundA,HYBE LABELS,42525965792,79100000,2930
2025-11-27 05:35:09,UCUzpZpX2wRYOk3J8QTFGxDg,乃木坂46 OFFICIAL YouTube CHANNEL,1610447858,1730000,1168
2025-11-27 05:35:09,UC14QT5j2nQI8lKBCGtrrBQA,アニプレックス チャンネル,4305419674,3720000,15436
2025-11-27 05:35:09,UCeA0fcfLVewbuD7H5YsrpdA,ライキジョーンズ,118818550,146000,3390
2025-11-27 05:35:09,UC0ux2IFOXkj6ifQ4aSs9l7Q,大月【おおつき】,14755460,17400,1218
2025-11-27 05:35:09,UCMR5xpbhv3jzIQG1TOTg-Jg,B'z - Topic,290447628,3870,678
2025-11-27 05:35:09,UC8rk-fIWJXYlSF8tkfG9wWg,天色鮫,66592457,192000,132
2025-11-27 05:35:09,UCHD1jo5RhijLfx5-0Ehe_cg,&TEAM,466813545,1320000,1408
2025-11-27 05:35:09,UCCzUftO8KOVkV4wQG1vkUvg,Marine Ch. 宝鐘マリン,2033880549,4260000,1560
2025-11-27 05:35:09,UCy0DH4rgPPjDWVZO7wibcSQ,めめんともり,351780904,335000,468
2025-11-27 05:35:09,UChUjERVG8eKEAJSCef-tTmg,k4sen / かせん,718133831,1020000,3063
2025-11-27 05:35:09,UCdn5BQ06XqgXoAxIhbqw5Rg,フブキCh。白上フブキ,710674501,2640000,2968
2025-11-27 05:35:09,UCrQUlOEbu-0T0l4DAcBEeIg,pizzaofdeathofficial,408137708,332000,372
2025-11-27 05:35:09,UC6H_7uSepAzrlayBjAb9rrg,WurtS - Topic,69060265,698,82
2025-11-27 05:35:09,UC5nxCVEWQLLfkPuMylpkYkA,ロス,123613887,487000,68
2025-11-27 05:35:09,UC56x--_QtyaWD1QptYrPMqA,刀剣乱舞 公式チャンネル,9539808,131000,116
2025-11-27 05:35:09,UC3VId8brfshtHO6gMMqnZ5A,FLOW GLOW - Topic,380802,2190,5
2025-11-27 05:35:09,UCOTR1tcOAhjgi6YukrPpZxg,まふまふちゃんねる,2481479816,3610000,511
2025-11-27 05:35:09,UCaO6TYtlC8U5ttz62hTrZgg,JYP Entertainment,26024673774,31500000,2639
2025-11-27 05:35:09,UCHzevlEL9JfsBIm86uNCJqg,宮野真守,78718653,449000,329
2025-11-27 05:35:09,UCc-PPk-lNe34JaWCcJQCL0g,ドコムスチャンネル,540983918,593000,2023
2025-11-27 05:35:09,UCMF_5h2OejEhVorTB02UUSg,MAZZEL,243792578,284000,721
2025-11-27 05:35:09,UC1DqlLj1onQhBfxW81OgQTw,GLAY,732544767,541000,884
2025-11-27 05:35:09,UC6SmH9mR82nj28_NNg_rZvA,スクウェア・エニックス,1173185129,1090000,10984
2025-11-27 05:35:09,UCX7YkU9nEeaoZbkVLVajcMg,にじさんじ,1071857867,1870000,2823
2025-11-27 05:35:09,UCEf_Bc-KVd7onSeifS3py9g,SMTOWN,32604384233,33500000,4641
2025-11-27 05:35:09,UCS57xc1Bf-znC9_ouCc3SZw,佐野元春 - DaisyMusic,50511392,77700,163
2025-11-27 05:35:09,UCqMRVBz-hhSFRuqlL1guqig,あひるだっく,52092416,128000,89
2025-11-27 05:35:09,UC8eq3M3Yft3FUgxEX6lOZMg,chotokkyu - Topic,35801881,577,486
2025-11-27 05:35:09,UCj4PjeVMnNTHIR5EeoNKPAw,ドズル社,4902232621,2570000,10212
2025-11-27 05:35:09,UCtceiniicYEsbAVuWy-Bi0Q,ドラゴンクエストウォーク公式,50338847,181000,160
2025-11-27 05:35:09,UCpGpA7mSYmNJjLiJxKso5QA,しもふりチューブ,1783234955,2160000,3021
2025-11-27 05:35:09,UC_vMYWcDjmfdpH6r4TTn1MQ,Iroha ch. 風真いろは - holoX -,262964239,1130000,1053
2025-11-27 05:35:09,UCmovZ2th3Sqpd00F5RdeigQ,加賀美 ハヤト/Hayato Kagami,332409391,921000,1522
2025-11-27 05:35:09,UChn5TjkeEqd-JxzizMVSkOw,ハヤトの野望,1035273674,1510000,2417
2025-11-27 05:35:09,UCoQhX2O93MVTWfgIz-8wOmg,KUNの50人クラフト,465752151,543000,1048
2025-11-27 05:35:09,UCdVD0MsYecQaIE5Ru-pOIQQ,RIIZE,1015326967,1870000,1382
2025-11-27 05:35:09,UCAWxPGGuIfWME2KTLUmSCHw,ぱかチューブっ!【ウマ娘公式】,516010480,1310000,1287
2025-11-27 05:35:09,UCJnL-TBcsYrF2SLs7tmiC8Q,tripleS official,697072588,2880000,3056
2025-11-27 05:35:09,UCIJAlAYCNN8RACtDDsy9K6g,Novelbright,652756465,733000,319
2025-11-27 05:35:09,UCkVvAm5jb62IMIJQj4wPVGA,TMSアニメ公式チャンネル,379265333,898000,1146
2025-11-27 05:35:09,UC-_iQWdEZY66nGGaHH0Ygmg,僕が見たかった青空,52805973,122000,498
2025-11-27 05:35:09,UC4YT50DP7hbMsor8FmyEPMw,Victor Entertainment,1489698608,1070000,4972
2025-11-27 05:35:09,UC7aYDbAOIKIMt25ENfJ68Qw,ルカ,118706200,120000,2126
2025-11-27 05:35:09,UCkKj-SiKyiFkj_dO1vmY3gA,加藤純一RECORDS,5240810,29200,82
2025-11-27 05:35:09,UCB_qr75-ydFVKSF9Dmo6izg,FORMULA 1,8868120810,13700000,9408
2025-11-27 05:35:09,UCPVr7clenPjpD7WNsSI3UBQ,レトルト,2878966659,2590000,3850
2025-11-27 05:35:09,UCMGvmEqkVbl372DCyn3NLAw,【吹いたら負け】葛葉先生のしくじり【切り抜き】,180555446,136000,978
2025-11-27 05:35:09,UC9zY_E8mcAo_Oq772LEZq8Q,THE FIRST TAKE,6261501950,11500000,1529
2025-11-27 05:35:09,UCt09C9DPSuOGpHoitbcyCIQ,ゼンレスゾーンゼロ-ZZZ-公式,229813205,754000,429
2025-11-27 05:35:09,UCZwcUEEjD8RVzB-TAw1ts3g,Eden - Topic,4247351,1740,38
2025-11-27 05:35:09,UC070fhnqq38qNhqHm5rxTcQ,令和ちゃんねる,428434108,506000,3627
2025-11-27 05:35:09,UCv7VutirxDn3RWIJXI68n_A,＝LOVE（イコールラブ）公式チャンネル,466225819,556000,474
2025-11-27 05:35:09,UChhKBlh_wvspTh5n4mL0b5g,BOYNEXTDOOR,1166800131,2060000,2200
2025-11-27 05:35:09,UC9qSqkNFiByKzzoxT3Cydyw,Aiobahn,28114924,90100,14
2025-11-27 05:35:09,UCooVYzDxdwTtGYAkcPmOgOw,Brawl Stars,4004541024,23200000,370
2025-11-27 05:35:09,UCxIK6x6sG7Ln5vjjPYpgeAw,Chogakusei Official,674277867,1010000,564
2025-11-27 05:35:09,UCiZqWVAeChfqlom5ZPR3ZJA,NCT WISH,630033332,1140000,1125
2025-11-27 05:35:09,UC__iCxFigPdcry_UBv6sDGw,IO,16308497,38200,13
2025-11-27 05:35:09,UC-hM6YJuNYVAmUWxeIr9FeA,Miko Ch. さくらみこ,889625882,2460000,2043
2025-11-27 05:35:09,UCHp2q2i85qt_9nn2H7AvGOw,NiziU Official,1563277157,2290000,2504
2025-11-27 05:35:09,UCu3kfiUaK7MmkQ40omEpGyQ,ナナ色チャンネル,4617009,8320,83
2025-11-27 05:35:09,UCpT4syVopfBl2bATVfAt65g,澤野弘之 / SawanoHiroyuki[nZk],51700285,3980,22
2025-11-27 05:35:09,UCLrYavXppY_4oRfquHk9VQg,HAGANE,14455474,74900,142
2025-11-27 05:35:09,UCylNKKCfPMm8ROXasQWTonA,響咲リオナの足,3252151,6970,124
2025-11-27 05:35:09,UCof7dOTnyxaidkKkcIFuflQ,Mone Kamishiraishi - Topic,26335972,326,123
2025-11-27 05:35:09,UC3ruCdV7xnwAbpkW9tQq-6A,のーわん【NoOnE】,419227849,409000,1206
2025-11-27 05:35:09,UCOVLrBaOiMH5QDKXTycZ8Pw,やっちゃんの崖っぷちスロパチ生活,698795746,326000,5204
2025-11-27 05:35:09,UCvo8JUqHh2d1QGnK3LKyI4Q,ポケモンユナイト公式チャンネル,31957122,139000,467
2025-11-27 05:35:09,UCBuLdF0tQn5oZjpvYWSQkaA,Liura Channel,92182018,206000,375
2025-11-27 05:35:09,UCqQNCRSihFHVsXrDikNeYSg,げまじょが好き【にじさんじEXゲマズ切り抜き】,4562810,2350,118
2025-11-27 05:35:09,UCVh47EKH9VLresRqiYi9txw,Mili,608668101,1010000,117
2025-11-27 05:35:09,UCdCC1L_OxLrkoEjR19iXpRw,パチスロードch,135958194,75700,815
2025-11-27 05:35:09,UCjcYYjM16TFOPXDjWgzHiHA,超覚醒てえんだ「スロパチ生放送」,87303765,140000,571
2025-11-27 05:35:09,UCXqWKjzm2YMH6Bs7rAmsKFw,福本大晴,7386640,89600,145
2025-11-27 05:35:09,UC6qVAJzxF5kSN_UUFSdODiQ,MAZZEL - Topic,19327931,8260,57
2025-11-27 05:35:09,UCBhPDpv9JavoPADrZcsAC2A,あらき-ARAKI Official,320679686,489000,260
2025-11-27 05:35:09,UCAaGaynFpku5cAx6OOSrW-w,HoneyWorks OFFICIAL,1601855248,2850000,550
2025-11-27 05:35:09,UCdszfKemUn36sOEplfkiGVQ,GPV LABEL,3010003,5360,90
2025-11-27 05:35:09,UC_ntXHv-XdKCD7CPynVvnQw,Bandai Namco Entertainment America,615539104,1460000,3568
2025-11-27 05:35:09,UC-ifW8mHzfsZVGHY8vxqrjA,A.B.C-Z,59464169,54600,437
2025-11-27 05:35:09,UC_DopZ9OANqNGho0wFwADqA,けいちゃん / Keichan,502697517,1270000,606
2025-11-27 05:35:09,UCgmFrRcyH7d1zR9sIVQhFow,ローレン・イロアス / Lauren Iroas【にじさんじ】,396892908,953000,1049
2025-11-27 05:35:09,UCOjkVJQcjtWnpf0-1ft4brA,ゆっくりむちゃたぬき,210112850,352000,423
2025-11-27 05:35:09,UC8_Ag6BVp43Vmrx6eillK9g,Vaundy - Topic,909410799,2190,110
2025-11-27 05:35:09,UCBA-kvU_zYdKreZbhhywX2Q,あいずちゃんねる,147762219,57400,803
2025-11-27 05:35:09,UCrKna8EQAd7NPRYq-gIsuow,ホロライ部【ホロライブ切り抜き】,70059191,37800,614
2025-11-27 05:35:09,UCkv76wCrBDQNn7ctcbn6Qeg,Nissy - Topic,93321454,26400,192
2025-11-27 05:35:09,UCYA14rrNjvQq_P_YSNeJHgA,スロライブ,89912824,46500,895
2025-11-26 14:40:37,UC4YT50DP7hbMsor8FmyEPMw,Victor Entertainment,1489501861,1070000,4972
2025-11-26 14:40:37,UC15ebOqdhmvl1eb0s0jk5aw,戦極MCBATTLE,1332434553,847000,5381
2025-11-26 14:40:37,UCj4PjeVMnNTHIR5EeoNKPAw,ドズル社,4900034217,2570000,10209
2025-11-26 14:40:37,UC_DopZ9OANqNGho0wFwADqA,けいちゃん / Keichan,502697517,1270000,605
2025-11-26 14:40:37,UCdCC1L_OxLrkoEjR19iXpRw,パチスロードch,135779790,75600,814
2025-11-26 14:40:37,UCSFCh5NL4qXrAy9u-u2lX3g,Kuzuha Channel,1426230744,2100000,2819
2025-11-26 14:40:37,UC0ux2IFOXkj6ifQ4aSs9l7Q,大月【おおつき】,14755384,17500,1218
2025-11-26 14:40:37,UC8rk-fIWJXYlSF8tkfG9wWg,天色鮫,66562544,192000,132
2025-11-26 14:40:37,UCMJiPpN_09F0aWpQrgbc_qg,キヨ。,6530876349,5480000,3083
2025-11-26 14:40:37,UCPJCP_fon2mOMfibbBPUOYw,SAWAYAN GAMES / サワヤン ゲームズ,1298866965,2070000,3416
2025-11-26 14:40:37,UC8eq3M3Yft3FUgxEX6lOZMg,chotokkyu - Topic,35769873,577,486
2025-11-26 14:40:37,UCXURHJRGr4-EB3l87kcbElw,NCT DREAM,2300999800,7000000,1312
2025-11-26 14:40:37,UC-ifW8mHzfsZVGHY8vxqrjA,A.B.C-Z,59464169,54500,437
2025-11-26 14:40:37,UCL7VEatXa9yBCKeM-ww8TnA,NX☆くさあん,208448896,238000,3562
2025-11-26 14:40:37,UCdkVEDVAW5aFmA-Mkz0lAFQ,ひたまゆ。,466517551,410000,2792
2025-11-26 14:40:37,UC-_iQWdEZY66nGGaHH0Ygmg,僕が見たかった青空,52805973,122000,498
2025-11-26 14:40:37,UCvaTdHTWBGv3MKj3KVqJVCw,Okayu Ch. 猫又おかゆ,626491070,2060000,1591
2025-11-26 14:40:37,UCxWcO9CLti4uouUIS5IIF-Q,Nornis,59019055,228000,110
2025-11-26 14:40:37,UCWvr04hMa4k4wSilYcQ4qoA,キャベツの人【ゲーム紹介】,253110424,418000,972
2025-11-26 14:40:37,UCUzpZpX2wRYOk3J8QTFGxDg,乃木坂46 OFFICIAL YouTube CHANNEL,1610447858,1730000,1168
2025-11-26 14:40:37,UCu3kfiUaK7MmkQ40omEpGyQ,ナナ色チャンネル,4507959,8270,82
2025-11-26 14:40:37,UCtPyU9cJgvvgH03PQKgaucA,ファミ通TUBE,183031244,208000,8152
2025-11-26 14:40:37,UCkKj-SiKyiFkj_dO1vmY3gA,加藤純一RECORDS,5213651,29000,82
2025-11-26 14:40:37,UCx1nAvtVDIsaGmCMSe8ofsQ,加藤純一【jun channel】,1137244182,1280000,1834
2025-11-26 14:40:37,UCu2Fxqf37DAZ0ZhIsd1FZwA,Capcom Fighters JP,262009454,257000,3896
2025-11-26 14:40:37,UCLkAepWjdylmXSltofFvsYQ,BANGTANTV,26052132409,81700000,2933
2025-11-26 14:40:37,UC9Lx-zRFGfpuls27tNAOIqA,マエスケ,1541789868,1830000,1137
2025-11-26 14:40:37,UCdVD0MsYecQaIE5Ru-pOIQQ,RIIZE,1015326967,1870000,1377
2025-11-26 14:40:37,UCFvSFbT8okMrpuFxBEIB2lg,M!LK,89672169,10300,243
2025-11-26 14:40:37,UCqQNCRSihFHVsXrDikNeYSg,げまじょが好き【にじさんじEXゲマズ切り抜き】,4505630,2350,118
2025-11-26 14:40:37,UCcz2Y1yhR42UxbFwvPFGCmA,きっしー助六ちゃんねる,75772269,61500,940
2025-11-26 14:40:37,UCx-QS9BIo_L_lx5dkpys1qw,ねこまんまのパチ•チャンネル,7979566,14200,167
2025-11-26 14:40:37,UC-hM6YJuNYVAmUWxeIr9FeA,Miko Ch. さくらみこ,889625882,2460000,2042
2025-11-26 14:40:37,UCNVIo0UJXTdEnsRkCB9Q03w,ILLIT - Topic,563762931,57700,59
2025-11-26 14:40:37,UCHghNZNbV-CPbb_f3FslObw,がんばるぴえんちゃんパチンコ日記,80297691,100000,1530
2025-11-26 14:40:37,UCtyXllCXnTAg4rjfI3UwIgA,しょうちゃんネル,300379892,138000,1546
2025-11-26 14:40:37,UCDhOdoqPxv96djR3tSq9NoA,ショコラ大佐の秘密基地,148484620,138000,1745
2025-11-26 14:40:37,UCZetZElUvdElPrcstRjl9DA,加藤純一ロードショー,413173563,509000,981
2025-11-26 14:40:37,UCDwcZ85zjLKD-3-jqlv1wQQ,アンジュルム,213864061,229000,370
2025-11-26 14:40:37,UCXEo7JprZQGCPkezcZylHlQ,黒炭酸,152273686,201000,1757
2025-11-26 14:40:37,UCooVYzDxdwTtGYAkcPmOgOw,Brawl Stars,4003702299,23200000,370
2025-11-26 14:40:37,UCVh47EKH9VLresRqiYi9txw,Mili,608668101,1010000,117
2025-11-26 14:40:37,UCOTR1tcOAhjgi6YukrPpZxg,まふまふちゃんねる,2481296145,3610000,511
2025-11-26 14:40:37,UCpGpA7mSYmNJjLiJxKso5QA,しもふりチューブ,1783109366,2160000,3020
2025-11-26 14:40:37,UC3IZKseVpdzPSBaWxBxundA,HYBE LABELS,42519525251,79100000,2929
2025-11-26 14:40:37,UCUW6U6iOrntB0jw6-AbQo8g,RED Games,250361199,209000,3568
2025-11-26 14:40:37,UCwJYQvXHtNn1c7RqED4E7MA,パンダドラゴン,44018394,92300,532
2025-11-26 14:40:37,UCB_qr75-ydFVKSF9Dmo6izg,FORMULA 1,8865234058,13700000,9406
2025-11-26 14:40:37,UCHzevlEL9JfsBIm86uNCJqg,宮野真守,78718653,449000,329
2025-11-26 14:40:37,UCDbUUremwf8k1x1GTYfB1Ng,ニート部クラフト,20381415,97100,125
2025-11-26 14:40:37,UCYA14rrNjvQq_P_YSNeJHgA,スロライブ,89847170,46500,894
2025-11-26 14:40:37,UCmovZ2th3Sqpd00F5RdeigQ,加賀美 ハヤト/Hayato Kagami,332409391,921000,1521
2025-11-26 14:40:37,UCX7YkU9nEeaoZbkVLVajcMg,にじさんじ,1071638905,1870000,2825
2025-11-26 14:40:37,UCHazKLThRbMyMFu2bVAKhng,ウォーターチャレンジ,3129829378,3150000,2180
2025-11-26 14:40:37,UCLrYavXppY_4oRfquHk9VQg,HAGANE,14455474,74800,141
2025-11-26 14:40:37,UCAaGaynFpku5cAx6OOSrW-w,HoneyWorks OFFICIAL,1601855248,2850000,550
2025-11-26 14:40:37,UCZVVCZwOpCbDXB84SDqWixQ,Lil Shady,55380693,283000,97
2025-11-26 14:40:37,UCOfESRUR5duQ2hMnTQ4oqhA,BUMP OF CHICKEN,1637208579,1590000,164
2025-11-26 14:40:37,UCMF_5h2OejEhVorTB02UUSg,MAZZEL,243792578,284000,721
2025-11-26 14:40:37,UCyTaStlK0neSuKveYOIioaw,ぐんぐにるチャンネル,275051458,426000,446
2025-11-26 14:40:37,UCfkXDY7vwkcJ8ddFGz8KusA,SEVENTEEN,7797609294,16200000,3275
2025-11-26 14:40:37,UCtKBQ2BYD76GiJvcpZOBorg,えいま,11409709,13500,346
2025-11-26 14:40:37,UCpYHkc4rzWEW7iVXIyxQebA,Hey! Say! JUMP - Topic,58814548,5080,738
2025-11-26 14:40:37,UCJnL-TBcsYrF2SLs7tmiC8Q,tripleS official,691134537,2880000,3050
2025-11-26 14:40:37,UCYXmyrGUVL8tX7VEvo_DjPw,シャル@ツモらせ隊,83196304,178000,899
2025-11-26 14:40:37,UCOVLrBaOiMH5QDKXTycZ8Pw,やっちゃんの崖っぷちスロパチ生活,698750427,326000,5203
2025-11-26 14:40:37,UC6SmH9mR82nj28_NNg_rZvA,スクウェア・エニックス,1173076894,1090000,10982
2025-11-26 14:40:37,UCfipDDn7wY-C-SoUChgxCQQ,葉山舞鈴 / Ohayama Ch.,88016924,599000,1339
2025-11-26 14:40:37,UCPVr7clenPjpD7WNsSI3UBQ,レトルト,2878700140,2590000,3850
2025-11-26 14:40:37,UCYLp2FLXcqLUZhvrCxQmNIA,胡桃沢りりか,40952518,100000,2570
2025-11-26 14:40:37,UC__iCxFigPdcry_UBv6sDGw,IO,16279732,38100,13
2025-11-26 14:40:37,UCXeTnWiRoifoHHEzSyR5Ogg,パチンコ・パチスロ必勝ガイドチャンネル,52748613,86200,1323
2025-11-26 14:40:37,UCOXOcEbERAwGlE4ig9MaLSQ,夜勤明けパチンコパチスロ実践記,275601275,166000,1622
2025-11-26 14:40:37,UCvzGlP9oQwU--Y0r9id_jnA,Subaru Ch. 大空スバル,581156475,1950000,1894
2025-11-26 14:40:37,UCZwcUEEjD8RVzB-TAw1ts3g,Eden - Topic,4227579,1730,38
2025-11-26 14:40:37,UChn5TjkeEqd-JxzizMVSkOw,ハヤトの野望,1035116728,1510000,2416
2025-11-26 14:40:37,UChUjERVG8eKEAJSCef-tTmg,k4sen / かせん,717720716,1020000,3062
2025-11-26 14:40:37,UCrQUlOEbu-0T0l4DAcBEeIg,pizzaofdeathofficial,408072226,331000,372
2025-11-26 14:40:37,UCBA-kvU_zYdKreZbhhywX2Q,あいずちゃんねる,147710919,57400,803
2025-11-26 14:40:37,UCjcYYjM16TFOPXDjWgzHiHA,超覚醒てえんだ「スロパチ生放送」,87277250,140000,571
2025-11-26 14:40:37,UC6qVAJzxF5kSN_UUFSdODiQ,MAZZEL - Topic,19285446,8260,57
2025-11-26 14:40:37,UCC4xWbcBVn-tHgchhrdmFpg,Jinmenusagi,9965654,32600,80
2025-11-26 14:40:37,UCdszfKemUn36sOEplfkiGVQ,GPV LABEL,2994474,5290,89
2025-11-26 14:40:37,UCv7VutirxDn3RWIJXI68n_A,＝LOVE（イコールラブ）公式チャンネル,466225819,555000,474
2025-11-26 14:40:37,UCc-PPk-lNe34JaWCcJQCL0g,ドコムスチャンネル,540824009,593000,2022
2025-11-26 14:40:37,UC56x--_QtyaWD1QptYrPMqA,刀剣乱舞 公式チャンネル,9523467,131000,116
2025-11-26 14:40:37,UCtiObj3CsEAdNU6ZPWDsddQ,TOMORROW X TOGETHER OFFICIAL,3494513829,13100000,3039
2025-11-26 14:40:37,UCKU0SVkIPRqwiZaXJ9rXhdw,シュート。,216489823,256000,2334
2025-11-26 14:40:37,UCMGvmEqkVbl372DCyn3NLAw,【吹いたら負け】葛葉先生のしくじり【切り抜き】,180526737,136000,978
2025-11-26 14:40:37,UC8_Ag6BVp43Vmrx6eillK9g,Vaundy - Topic,908887607,2190,110
2025-11-26 14:40:37,UCylNKKCfPMm8ROXasQWTonA,響咲リオナの足,3214550,6790,123
2025-11-26 14:40:37,UCILZFnKZJksR7zwhZbAB4vw,れじぇくん,1503069264,1170000,1428
2025-11-26 14:40:37,UC3NrSfe_yR5XX9zGFxYoV1Q,HIRAIDAI - Topic,281229302,3400,415
2025-11-26 14:40:37,UCgmFrRcyH7d1zR9sIVQhFow,ローレン・イロアス / Lauren Iroas【にじさんじ】,396807021,953000,1048
2025-11-26 14:40:37,UCxIK6x6sG7Ln5vjjPYpgeAw,Chogakusei Official,674113985,1010000,564
2025-11-26 14:40:37,UC7aYDbAOIKIMt25ENfJ68Qw,ルカ,118689817,120000,2126
2025-11-26 14:40:37,UC1DCedRgGHBdm81E1llLhOQ,Pekora Ch. 兎田ぺこら,1012493189,2740000,2342
2025-11-26 14:40:37,UCRDJ3DN-6ND_a4LSJ35L91A,立川ちゃんねる,106452486,107000,639
2025-11-26 14:40:37,UCEf_Bc-KVd7onSeifS3py9g,SMTOWN,32601374258,33500000,4640
2025-11-26 14:40:37,UCIJAlAYCNN8RACtDDsy9K6g,Novelbright,652756465,733000,319
2025-11-26 14:40:37,UCvo8JUqHh2d1QGnK3LKyI4Q,ポケモンユナイト公式チャンネル,31955174,139000,467
2025-11-26 14:40:37,UCZMRuagdTBKmmrFtSMN48Xw,牛沢,2664965878,1800000,3739
2025-11-26 14:40:37,UCof7dOTnyxaidkKkcIFuflQ,Mone Kamishiraishi - Topic,26275125,326,123
2025-11-26 14:40:37,UCN7_YMtKaUiizHpw77XLVcw,EXILE,188488793,14700,308
2025-11-26 14:40:37,UC_vMYWcDjmfdpH6r4TTn1MQ,Iroha ch. 風真いろは - holoX -,262899962,1130000,1051
2025-11-26 14:40:37,UCdMGYXL38w6htx6Yf9YJa-w,プロジェクトセカイ カラフルステージ! feat. 初音ミク,2002918466,2060000,1907
2025-11-26 14:40:37,UCrKna8EQAd7NPRYq-gIsuow,ホロライ部【ホロライブ切り抜き】,70032016,37800,613
2025-11-26 14:40:37,UCENoC6MLc4pL-vehJyzSWmg,もこうの実況,1736173730,1600000,5786
2025-11-26 14:40:37,UCt09C9DPSuOGpHoitbcyCIQ,ゼンレスゾーンゼロ-ZZZ-公式,229645284,754000,429
2025-11-26 14:40:37,UCv2ejD5B1xOYtGB2cf80B8g,Netflix Japan,1981513167,2300000,7752
2025-11-26 14:40:37,UCqKNMJ5s_vsf7WkesdBrvQA,IS:SUE,87680204,221000,768
2025-11-26 14:40:37,UCEfbtVOJgicdHjs5HzOzJlA,ぱち・スロ部,3649413,1770,302
2025-11-26 14:40:37,UC1FQWQ3y3-e8l1pCtWhJt5A,Vaundy,2295815134,2430000,226
2025-11-26 14:40:37,UC9zY_E8mcAo_Oq772LEZq8Q,THE FIRST TAKE,6260490494,11500000,1527
2025-11-26 14:40:37,UC3VId8brfshtHO6gMMqnZ5A,FLOW GLOW - Topic,366731,2190,5
2025-11-26 14:40:37,UChVflUz2J_jaaqYjXqvpmQA,iLiFE!【あいらいふ】,246311299,485000,531
2025-11-26 14:40:37,UC6H_7uSepAzrlayBjAb9rrg,WurtS - Topic,69010100,698,82
2025-11-26 14:40:37,UCzRzPAT-AjlPyec5yXG974g,カワノKawano,207781875,184000,1322
2025-11-26 14:40:37,UCzXjPL7zo0bxhOYDxLJ9YEg,ポッキー,4096717679,3750000,4359
2025-11-26 14:40:37,UC14QT5j2nQI8lKBCGtrrBQA,アニプレックス チャンネル,4304370914,3720000,15427
2025-11-26 14:40:37,UCp_Az_oKu8-J5qIQpF35JbA,やわらちゃんねる,192928076,279000,862
2025-11-26 14:40:37,UCaO6TYtlC8U5ttz62hTrZgg,JYP Entertainment,26020253681,31500000,2639
2025-11-26 14:40:37,UCy9GuRXGTm8TliQ-OJ7KwzA,【V.I.P】,978404255,979000,2494
2025-11-26 14:40:37,UCBuLdF0tQn5oZjpvYWSQkaA,Liura Channel,92139442,206000,374
2025-11-26 14:40:37,UC9qSqkNFiByKzzoxT3Cydyw,Aiobahn,28036369,90000,14
2025-11-26 14:40:37,UC6FadPgGviUcq6VQ0CEJqdQ,Juice=Juice,163770158,249000,280
2025-11-26 14:40:37,UCMR5xpbhv3jzIQG1TOTg-Jg,B'z - Topic,290233950,3870,678
2025-11-26 14:40:37,UCJy7zfLsKBXoo2soFMum7JQ,あかさかの箱,1290130511,2620000,2687
2025-11-26 14:40:37,UCMzLWawc9x3rUsqYDEfgqzA,ジャック・オ・蘭たん,712367245,648000,1887
2025-11-26 14:40:37,UCqMRVBz-hhSFRuqlL1guqig,あひるだっく,52063292,128000,89
2025-11-26 14:40:37,UCeA0fcfLVewbuD7H5YsrpdA,ライキジョーンズ,118778430,146000,3390
2025-11-26 14:40:37,UCOjkVJQcjtWnpf0-1ft4brA,ゆっくりむちゃたぬき,210059667,352000,423
2025-11-26 14:40:37,UCcg_rvE-fU2tATMwBAxW9bA,ヤングスキニー,149392027,238000,602
2025-11-26 14:40:37,UCCzUftO8KOVkV4wQG1vkUvg,Marine Ch. 宝鐘マリン,2033880549,4260000,1560
2025-11-26 14:40:37,UCAWxPGGuIfWME2KTLUmSCHw,ぱかチューブっ!【ウマ娘公式】,515735509,1310000,1288
2025-11-26 14:40:37,UC_ntXHv-XdKCD7CPynVvnQw,Bandai Namco Entertainment America,615222427,1460000,3566
2025-11-26 14:40:37,UC9rMiEjNaCSsebs31MRDCRA,Stray Kids,9673395528,22200000,1874
2025-11-26 14:40:37,UC2NujFa5X09CdV0YCntmQDg,板橋ハウス,904660978,752000,2028
2025-11-26 14:40:37,UCkVvAm5jb62IMIJQj4wPVGA,TMSアニメ公式チャンネル,379083255,898000,1144
2025-11-26 14:40:37,UCH4yRBPH2pDUjPeqomx8CTQ,てるとくん,548320450,1330000,1893
2025-11-26 14:40:37,UCqeAYB1DMzfM-hG-Up52yNQ,つるおかかものはし,371298994,387000,3607
2025-11-26 14:40:37,UC3J-txytRWiRtNXrLS95eEw,ASIAN KUNG-FU GENERATION Official YouTube Channel,608265861,788000,281
2025-11-26 14:40:37,UC070fhnqq38qNhqHm5rxTcQ,令和ちゃんねる,428354288,506000,3625
2025-11-26 14:40:37,UC5vqbtNnbOF2h7A_xlrIPUw,ぽっぴんず,916578477,630000,1052
2025-11-26 14:40:37,UClNdVSK1uy2xFHTaXZYXopw,らっだぁ,1818287342,1450000,2340
2025-11-26 14:40:37,UCS57xc1Bf-znC9_ouCc3SZw,佐野元春 - DaisyMusic,50511392,77600,163
2025-11-26 14:40:37,UCH-lygWpHodDff3iQurnWnQ,加藤純一切り抜き集,1718873534,580000,5439
2025-11-26 14:40:37,UCHD1jo5RhijLfx5-0Ehe_cg,&TEAM,466813545,1320000,1406
2025-11-26 14:40:37,UC7wu64jFsV02bbu6UHUd7JA,ガンダムチャンネル,412423775,1670000,1655
2025-11-26 14:40:37,UCFQu6Q-9LAS3KoEuRDNkzGA, ニート部,658915879,680000,3212
2025-11-26 14:40:37,UCoQhX2O93MVTWfgIz-8wOmg,KUNの50人クラフト,465558693,543000,1047
2025-11-26 14:40:37,UCXqWKjzm2YMH6Bs7rAmsKFw,福本大晴,7285544,89700,144
2025-11-26 14:40:37,UCc-itdQHxLvUlPrDxIiSJrA,INI,748068954,652000,1267
2025-11-26 14:40:37,UCHVkYOT63gAz5yTxjo68_Ng,家スロットゲームパンダ’s ROOM@琉球🐼🪸,1208167,1680,76
2025-11-26 14:40:37,UCeK22JmzkTMa69kZU9NEqsA,めじの【Vtuber応援隊】,31821301,15100,537
2025-11-26 14:40:37,UChhKBlh_wvspTh5n4mL0b5g,BOYNEXTDOOR,1165454055,2060000,2198
2025-11-26 14:40:37,UCYe_uTI6X6mm9qaXm8iWFDg,ノッチ配信者パチンコライブ,268739271,125000,2726
2025-11-26 14:40:37,UCBhPDpv9JavoPADrZcsAC2A,あらき-ARAKI Official,320679686,489000,260
2025-11-26 14:40:37,UCtwTCZuQkTIwUf5m9mlZnOQ,Release - Topic,3185,33,7
2025-11-26 14:40:37,UCGjV4bsC43On-YuiLZcfL0w,KUN,3388904194,1660000,11232
2025-11-26 14:40:37,UCZ1xuCK1kNmn5RzPYIZop3w,リゼ・ヘルエスタ -Lize Helesta-,299210937,957000,1090
2025-11-25 01:44:52,UC1FQWQ3y3-e8l1pCtWhJt5A,Vaundy,2295815134,2430000,226
2025-11-25 01:44:52,UCjcYYjM16TFOPXDjWgzHiHA,超覚醒てえんだ「スロパチ生放送」,87042088,140000,571
2025-11-25 01:44:52,UChn5TjkeEqd-JxzizMVSkOw,ハヤトの野望,1033953782,1510000,2415
2025-11-25 01:44:52,UCHazKLThRbMyMFu2bVAKhng,ウォーターチャレンジ,3127178464,3150000,2179
2025-11-25 01:44:52,UCAaGaynFpku5cAx6OOSrW-w,HoneyWorks OFFICIAL,1585662413,2850000,550
2025-11-25 01:44:52,UCMGvmEqkVbl372DCyn3NLAw,【吹いたら負け】葛葉先生のしくじり【切り抜き】,180396443,136000,978
2025-11-25 01:44:52,UC7wu64jFsV02bbu6UHUd7JA,ガンダムチャンネル,411912666,1670000,1650
2025-11-25 01:44:52,UCRDJ3DN-6ND_a4LSJ35L91A,立川ちゃんねる,106083315,107000,638
2025-11-25 01:44:52,UC3IZKseVpdzPSBaWxBxundA,HYBE LABELS,42488820953,79100000,2929
2025-11-25 01:44:52,UCFvSFbT8okMrpuFxBEIB2lg,M!LK,89383751,10200,243
2025-11-25 01:44:52,UCDwcZ85zjLKD-3-jqlv1wQQ,アンジュルム,213864061,229000,366
2025-11-25 01:44:52,UCOXOcEbERAwGlE4ig9MaLSQ,夜勤明けパチンコパチスロ実践記,275469254,166000,1622
2025-11-25 01:44:52,UCZMRuagdTBKmmrFtSMN48Xw,牛沢,2663199513,1800000,3738
2025-11-25 01:44:52,UCrKna8EQAd7NPRYq-gIsuow,ホロライ部【ホロライブ切り抜き】,69776376,37800,613
2025-11-25 01:44:52,UCvo8JUqHh2d1QGnK3LKyI4Q,ポケモンユナイト公式チャンネル,31921376,139000,467
2025-11-25 01:44:52,UC070fhnqq38qNhqHm5rxTcQ,令和ちゃんねる,427941364,506000,3624
2025-11-25 01:44:52,UCy9GuRXGTm8TliQ-OJ7KwzA,【V.I.P】,977785890,978000,2493
2025-11-25 01:44:52,UCB_qr75-ydFVKSF9Dmo6izg,FORMULA 1,8854977174,13700000,9402
2025-11-25 01:44:52,UCDbUUremwf8k1x1GTYfB1Ng,ニート部クラフト,20237387,96800,125
2025-11-25 01:44:52,UCtPyU9cJgvvgH03PQKgaucA,ファミ通TUBE,182873937,208000,8151
2025-11-25 01:44:52,UCNVIo0UJXTdEnsRkCB9Q03w,ILLIT - Topic,561041422,57700,59
2025-11-25 01:44:52,UC9Lx-zRFGfpuls27tNAOIqA,マエスケ,1540113421,1830000,1137
2025-11-25 01:44:52,UC6qVAJzxF5kSN_UUFSdODiQ,MAZZEL - Topic,19093992,8260,57
2025-11-25 01:44:52,UCqMRVBz-hhSFRuqlL1guqig,あひるだっく,51786212,127000,89
2025-11-25 01:44:52,UCHghNZNbV-CPbb_f3FslObw,がんばるぴえんちゃんパチンコ日記,80128755,100000,1528
2025-11-25 01:44:52,UC_vMYWcDjmfdpH6r4TTn1MQ,Iroha ch. 風真いろは - holoX -,262516514,1130000,1050
2025-11-25 01:44:52,UCv2ejD5B1xOYtGB2cf80B8g,Netflix Japan,1979161396,2300000,7747
2025-11-25 01:44:52,UCgmFrRcyH7d1zR9sIVQhFow,ローレン・イロアス / Lauren Iroas【にじさんじ】,396213748,953000,1046
2025-11-25 01:44:52,UC5vqbtNnbOF2h7A_xlrIPUw,ぽっぴんず,915724400,629000,1052
2025-11-25 01:44:52,UCBuLdF0tQn5oZjpvYWSQkaA,Liura Channel,91759525,206000,373
2025-11-25 01:44:52,UC8rk-fIWJXYlSF8tkfG9wWg,天色鮫,66301826,192000,132
2025-11-25 01:44:52,UCZ1xuCK1kNmn5RzPYIZop3w,リゼ・ヘルエスタ -Lize Helesta-,298925210,957000,1089
2025-11-25 01:44:52,UC1DCedRgGHBdm81E1llLhOQ,Pekora Ch. 兎田ぺこら,1011662351,2740000,2340
2025-11-25 01:44:52,UCLkAepWjdylmXSltofFvsYQ,BANGTANTV,26052132409,81700000,2933
2025-11-25 01:44:52,UCaO6TYtlC8U5ttz62hTrZgg,JYP Entertainment,26002936649,31500000,2638
2025-11-25 01:44:52,UCYA14rrNjvQq_P_YSNeJHgA,スロライブ,89681693,46500,893
2025-11-25 01:44:52,UCILZFnKZJksR7zwhZbAB4vw,れじぇくん,1502606449,1170000,1427
2025-11-25 01:44:52,UCzXjPL7zo0bxhOYDxLJ9YEg,ポッキー,4095759975,3750000,4358
2025-11-25 01:44:52,UCMF_5h2OejEhVorTB02UUSg,MAZZEL,240478072,282000,720
2025-11-25 01:44:52,UCwJYQvXHtNn1c7RqED4E7MA,パンダドラゴン,44018394,92300,532
2025-11-25 01:44:52,UCOjkVJQcjtWnpf0-1ft4brA,ゆっくりむちゃたぬき,209735574,352000,423
2025-11-25 01:44:52,UCCzUftO8KOVkV4wQG1vkUvg,Marine Ch. 宝鐘マリン,2033880549,4260000,1560
2025-11-25 01:44:52,UC-ifW8mHzfsZVGHY8vxqrjA,A.B.C-Z,59341461,54500,436
2025-11-25 01:44:52,UCXURHJRGr4-EB3l87kcbElw,NCT DREAM,2300999800,7000000,1308
2025-11-25 01:44:52,UClNdVSK1uy2xFHTaXZYXopw,らっだぁ,1816193668,1450000,2340
2025-11-25 01:44:52,UCpGpA7mSYmNJjLiJxKso5QA,しもふりチューブ,1782413237,2160000,3019
2025-11-25 01:44:52,UChUjERVG8eKEAJSCef-tTmg,k4sen / かせん,715360871,1020000,3058
2025-11-25 01:44:52,UCqKNMJ5s_vsf7WkesdBrvQA,IS:SUE,87646037,220000,767
2025-11-25 01:44:52,UCZwcUEEjD8RVzB-TAw1ts3g,Eden - Topic,4126778,1660,37
2025-11-25 01:44:52,UC-hM6YJuNYVAmUWxeIr9FeA,Miko Ch. さくらみこ,889625882,2460000,2041
2025-11-25 01:44:52,UCX7YkU9nEeaoZbkVLVajcMg,にじさんじ,1071062884,1870000,2823
2025-11-25 01:44:52,UCxIK6x6sG7Ln5vjjPYpgeAw,Chogakusei Official,667393982,1010000,564
2025-11-25 01:44:52,UCdCC1L_OxLrkoEjR19iXpRw,パチスロードch,135303576,75500,813
2025-11-25 01:44:52,UCXqWKjzm2YMH6Bs7rAmsKFw,福本大晴,7285544,89700,144
2025-11-25 01:44:52,UCkVvAm5jb62IMIJQj4wPVGA,TMSアニメ公式チャンネル,379122128,897000,1145
2025-11-25 01:44:52,UC15ebOqdhmvl1eb0s0jk5aw,戦極MCBATTLE,1331690600,847000,5376
2025-11-25 01:44:52,UCHzevlEL9JfsBIm86uNCJqg,宮野真守,78718653,449000,329
2025-11-25 01:44:52,UChVflUz2J_jaaqYjXqvpmQA,iLiFE!【あいらいふ】,243613485,484000,527
2025-11-25 01:44:52,UCIJAlAYCNN8RACtDDsy9K6g,Novelbright,646175482,732000,319
2025-11-25 01:44:52,UCtyXllCXnTAg4rjfI3UwIgA,しょうちゃんネル,295444704,137000,1545
2025-11-25 01:44:52,UCHD1jo5RhijLfx5-0Ehe_cg,&TEAM,466813545,1320000,1403
2025-11-25 01:44:52,UCv7VutirxDn3RWIJXI68n_A,＝LOVE（イコールラブ）公式チャンネル,466225819,554000,474
2025-11-25 01:44:52,UCHVkYOT63gAz5yTxjo68_Ng,家スロットゲームパンダ’s ROOM@琉球🐼🪸,1200262,1690,75
2025-11-25 01:44:52,UCBhPDpv9JavoPADrZcsAC2A,あらき-ARAKI Official,320679686,488000,260
2025-11-25 01:44:52,UCvzGlP9oQwU--Y0r9id_jnA,Subaru Ch. 大空スバル,580785334,1950000,1893
2025-11-25 01:44:52,UCj4PjeVMnNTHIR5EeoNKPAw,ドズル社,4884812029,2560000,10206
2025-11-25 01:44:52,UC__iCxFigPdcry_UBv6sDGw,IO,16107442,38000,13
2025-11-25 01:44:52,UCAWxPGGuIfWME2KTLUmSCHw,ぱかチューブっ!【ウマ娘公式】,514367855,1310000,1287
2025-11-25 01:44:52,UC8eq3M3Yft3FUgxEX6lOZMg,chotokkyu - Topic,35635303,577,486
2025-11-25 01:44:52,UCooVYzDxdwTtGYAkcPmOgOw,Brawl Stars,3995881591,23200000,370
2025-11-25 01:44:52,UCSFCh5NL4qXrAy9u-u2lX3g,Kuzuha Channel,1423963087,2100000,2817
2025-11-25 01:44:52,UCdVD0MsYecQaIE5Ru-pOIQQ,RIIZE,1015326967,1870000,1372
2025-11-25 01:44:52,UC_DopZ9OANqNGho0wFwADqA,けいちゃん / Keichan,502697517,1270000,605
2025-11-25 01:44:52,UCOTR1tcOAhjgi6YukrPpZxg,まふまふちゃんねる,2480686287,3610000,511
2025-11-25 01:44:52,UCEf_Bc-KVd7onSeifS3py9g,SMTOWN,32592630208,33500000,4640
2025-11-25 01:44:52,UCKU0SVkIPRqwiZaXJ9rXhdw,シュート。,216131591,256000,2333
2025-11-25 01:44:52,UCyTaStlK0neSuKveYOIioaw,ぐんぐにるチャンネル,274873313,426000,447
2025-11-25 01:44:52,UCDhOdoqPxv96djR3tSq9NoA,ショコラ大佐の秘密基地,148039376,138000,1743
2025-11-25 01:44:52,UCylNKKCfPMm8ROXasQWTonA,響咲リオナの足,3074800,6520,120
2025-11-25 01:44:52,UCOfESRUR5duQ2hMnTQ4oqhA,BUMP OF CHICKEN,1637208579,1590000,164
2025-11-25 01:44:52,UCvaTdHTWBGv3MKj3KVqJVCw,Okayu Ch. 猫又おかゆ,626491070,2060000,1591
2025-11-25 01:44:52,UCBA-kvU_zYdKreZbhhywX2Q,あいずちゃんねる,147219987,57400,803
2025-11-25 01:44:52,UCtKBQ2BYD76GiJvcpZOBorg,えいま,11343422,13500,346
2025-11-25 01:44:52,UCOVLrBaOiMH5QDKXTycZ8Pw,やっちゃんの崖っぷちスロパチ生活,697953558,326000,5202
2025-11-25 01:44:52,UCH-lygWpHodDff3iQurnWnQ,加藤純一切り抜き集,1717601261,580000,5439
2025-11-25 01:44:52,UCGjV4bsC43On-YuiLZcfL0w,KUN,3387915625,1660000,11230
2025-11-25 01:44:52,UCJnL-TBcsYrF2SLs7tmiC8Q,tripleS official,678132684,2880000,3043
2025-11-25 01:44:52,UCYLp2FLXcqLUZhvrCxQmNIA,胡桃沢りりか,40825465,100000,2567
2025-11-25 01:44:52,UC6FadPgGviUcq6VQ0CEJqdQ,Juice=Juice,161605345,248000,280
2025-11-25 01:44:52,UC0ux2IFOXkj6ifQ4aSs9l7Q,大月【おおつき】,14636550,17400,1216
2025-11-25 01:44:52,UCeK22JmzkTMa69kZU9NEqsA,めじの【Vtuber応援隊】,31396871,15100,536
2025-11-25 01:44:52,UCqQNCRSihFHVsXrDikNeYSg,げまじょが好き【にじさんじEXゲマズ切り抜き】,4338373,2320,117
2025-11-25 01:44:52,UCqeAYB1DMzfM-hG-Up52yNQ,つるおかかものはし,370798229,387000,3605
2025-11-25 01:44:52,UCmovZ2th3Sqpd00F5RdeigQ,加賀美 ハヤト/Hayato Kagami,332409391,921000,1520
2025-11-25 01:44:52,UCXEo7JprZQGCPkezcZylHlQ,黒炭酸,151823294,201000,1757
2025-11-25 01:44:52,UCJy7zfLsKBXoo2soFMum7JQ,あかさかの箱,1288862908,2620000,2687
2025-11-25 01:44:52,UCoQhX2O93MVTWfgIz-8wOmg,KUNの50人クラフト,464537256,543000,1046
2025-11-25 01:44:52,UC9zY_E8mcAo_Oq772LEZq8Q,THE FIRST TAKE,6255963798,11500000,1526
2025-11-25 01:44:52,UC3VId8brfshtHO6gMMqnZ5A,FLOW GLOW - Topic,326093,2190,5
2025-11-25 01:44:52,UCkKj-SiKyiFkj_dO1vmY3gA,加藤純一RECORDS,5086462,28200,81
2025-11-25 01:44:52,UCcz2Y1yhR42UxbFwvPFGCmA,きっしー助六ちゃんねる,75627383,61500,939
2025-11-25 16:34:36,UCZ1xuCK1kNmn5RzPYIZop3w,リゼ・ヘルエスタ -Lize Helesta-,299001750,957000,1089
2025-11-25 16:34:36,UC5vqbtNnbOF2h7A_xlrIPUw,ぽっぴんず,916217219,630000,1052
2025-11-25 16:34:36,UC3J-txytRWiRtNXrLS95eEw,ASIAN KUNG-FU GENERATION Official YouTube Channel,608265861,788000,280
2025-11-25 16:34:36,UCtyXllCXnTAg4rjfI3UwIgA,しょうちゃんネル,298495773,138000,1545
2025-11-25 16:34:36,UCJnL-TBcsYrF2SLs7tmiC8Q,tripleS official,678132684,2880000,3047
2025-11-25 16:34:36,UC8rk-fIWJXYlSF8tkfG9wWg,天色鮫,66455197,192000,132
2025-11-25 16:34:36,UClNdVSK1uy2xFHTaXZYXopw,らっだぁ,1817433175,1450000,2340
2025-11-25 16:34:36,UCYLp2FLXcqLUZhvrCxQmNIA,胡桃沢りりか,40910955,100000,2568
2025-11-25 16:34:36,UCIJAlAYCNN8RACtDDsy9K6g,Novelbright,646175482,732000,319
2025-11-25 16:34:36,UCOjkVJQcjtWnpf0-1ft4brA,ゆっくりむちゃたぬき,209880141,352000,423
2025-11-25 16:34:36,UChn5TjkeEqd-JxzizMVSkOw,ハヤトの野望,1034602930,1510000,2415
2025-11-25 16:34:36,UCMGvmEqkVbl372DCyn3NLAw,【吹いたら負け】葛葉先生のしくじり【切り抜き】,180452214,136000,978
2025-11-25 16:34:36,UCcz2Y1yhR42UxbFwvPFGCmA,きっしー助六ちゃんねる,75760244,61500,939
2025-11-25 16:34:36,UCeA0fcfLVewbuD7H5YsrpdA,ライキジョーンズ,118626164,146000,3388
2025-11-25 16:34:36,UC9zY_E8mcAo_Oq772LEZq8Q,THE FIRST TAKE,6257669369,11500000,1526
2025-11-25 16:34:36,UCaO6TYtlC8U5ttz62hTrZgg,JYP Entertainment,26010005047,31500000,2638
2025-11-25 16:34:36,UCZwcUEEjD8RVzB-TAw1ts3g,Eden - Topic,4184148,1690,38
2025-11-25 16:34:36,UC-ifW8mHzfsZVGHY8vxqrjA,A.B.C-Z,59464169,54500,436
2025-11-25 16:34:36,UCoQhX2O93MVTWfgIz-8wOmg,KUNの50人クラフト,464951451,543000,1047
2025-11-25 16:34:36,UC1DCedRgGHBdm81E1llLhOQ,Pekora Ch. 兎田ぺこら,1012010136,2740000,2340
2025-11-25 16:34:36,UCdVD0MsYecQaIE5Ru-pOIQQ,RIIZE,1015326967,1870000,1372
2025-11-25 16:34:36,UCOfESRUR5duQ2hMnTQ4oqhA,BUMP OF CHICKEN,1637208579,1590000,164
2025-11-25 16:34:36,UCylNKKCfPMm8ROXasQWTonA,響咲リオナの足,3145428,6630,121
2025-11-25 16:34:36,UCPJCP_fon2mOMfibbBPUOYw,SAWAYAN GAMES / サワヤン ゲームズ,1298369889,2070000,3416
2025-11-25 16:34:36,UCDwcZ85zjLKD-3-jqlv1wQQ,アンジュルム,213864061,229000,368
2025-11-25 16:34:36,UC7wu64jFsV02bbu6UHUd7JA,ガンダムチャンネル,412066551,1670000,1653
2025-11-25 16:34:36,UCkVvAm5jb62IMIJQj4wPVGA,TMSアニメ公式チャンネル,379415080,898000,1145
2025-11-25 16:34:36,UCtKBQ2BYD76GiJvcpZOBorg,えいま,11402824,13500,346
2025-11-25 16:34:36,UC__iCxFigPdcry_UBv6sDGw,IO,16107442,38000,13
2025-11-25 16:34:36,UCENoC6MLc4pL-vehJyzSWmg,もこうの実況,1735813242,1600000,5785
2025-11-25 16:34:36,UCBuLdF0tQn5oZjpvYWSQkaA,Liura Channel,91964482,206000,373
2025-11-25 16:34:36,UCN7_YMtKaUiizHpw77XLVcw,EXILE,188358177,14600,306
2025-11-25 16:34:36,UCOTR1tcOAhjgi6YukrPpZxg,まふまふちゃんねる,2480967798,3610000,511
2025-11-25 16:34:36,UC070fhnqq38qNhqHm5rxTcQ,令和ちゃんねる,428112546,506000,3624
2025-11-25 16:34:36,UCvo8JUqHh2d1QGnK3LKyI4Q,ポケモンユナイト公式チャンネル,31943421,139000,467
2025-11-25 16:34:36,UCYA14rrNjvQq_P_YSNeJHgA,スロライブ,89748736,46500,893
2025-11-25 16:34:36,UC3IZKseVpdzPSBaWxBxundA,HYBE LABELS,42502703726,79100000,2929
2025-11-25 16:34:36,UCrKna8EQAd7NPRYq-gIsuow,ホロライ部【ホロライブ切り抜き】,69865886,37800,613
2025-11-25 16:34:36,UC6FadPgGviUcq6VQ0CEJqdQ,Juice=Juice,162049064,248000,280
2025-11-25 16:34:36,UCYXmyrGUVL8tX7VEvo_DjPw,シャル@ツモらせ隊,83052972,178000,898
2025-11-25 16:34:36,UCwJYQvXHtNn1c7RqED4E7MA,パンダドラゴン,44018394,92300,532
2025-11-25 16:34:36,UCH-lygWpHodDff3iQurnWnQ,加藤純一切り抜き集,1718446841,580000,5439
2025-11-25 16:34:36,UCRDJ3DN-6ND_a4LSJ35L91A,立川ちゃんねる,106288438,107000,638
2025-11-25 16:34:36,UCqMRVBz-hhSFRuqlL1guqig,あひるだっく,51933932,127000,89
2025-11-25 16:34:36,UCjcYYjM16TFOPXDjWgzHiHA,超覚醒てえんだ「スロパチ生放送」,87200756,140000,571
2025-11-25 16:34:36,UCXEo7JprZQGCPkezcZylHlQ,黒炭酸,152018395,201000,1757
2025-11-25 16:34:36,UCHVkYOT63gAz5yTxjo68_Ng,家スロットゲームパンダ’s ROOM@琉球🐼🪸,1200416,1690,75
2025-11-25 16:34:36,UCZMRuagdTBKmmrFtSMN48Xw,牛沢,2664148445,1800000,3738
2025-11-25 16:34:36,UChhKBlh_wvspTh5n4mL0b5g,BOYNEXTDOOR,1153888296,2060000,2187
2025-11-25 16:34:36,UC15ebOqdhmvl1eb0s0jk5aw,戦極MCBATTLE,1331994946,847000,5377
2025-11-25 16:34:36,UCB_qr75-ydFVKSF9Dmo6izg,FORMULA 1,8859878986,13700000,9402
2025-11-25 16:34:36,UCpGpA7mSYmNJjLiJxKso5QA,しもふりチューブ,1782706599,2160000,3019
2025-11-25 16:34:36,UCILZFnKZJksR7zwhZbAB4vw,れじぇくん,1502874244,1170000,1427
2025-11-25 16:34:36,UC3VId8brfshtHO6gMMqnZ5A,FLOW GLOW - Topic,336999,2190,5
2025-11-25 16:34:36,UC56x--_QtyaWD1QptYrPMqA,刀剣乱舞 公式チャンネル,9433224,131000,116
2025-11-25 16:34:36,UCDbUUremwf8k1x1GTYfB1Ng,ニート部クラフト,20293991,96900,125
2025-11-25 16:34:36,UCXqWKjzm2YMH6Bs7rAmsKFw,福本大晴,7285544,89700,144
2025-11-25 16:34:36,UCKU0SVkIPRqwiZaXJ9rXhdw,シュート。,216368438,256000,2333
2025-11-25 16:34:36,UCEf_Bc-KVd7onSeifS3py9g,SMTOWN,32595925805,33500000,4640
2025-11-25 16:34:36,UCx1nAvtVDIsaGmCMSe8ofsQ,加藤純一【jun channel】,1136806839,1280000,1834
2025-11-25 16:34:36,UCvzGlP9oQwU--Y0r9id_jnA,Subaru Ch. 大空スバル,580850595,1950000,1893
2025-11-25 16:34:36,UCNVIo0UJXTdEnsRkCB9Q03w,ILLIT - Topic,562318404,57700,59
2025-11-25 16:34:36,UCBA-kvU_zYdKreZbhhywX2Q,あいずちゃんねる,147494513,57400,803
2025-11-25 16:34:36,UCSFCh5NL4qXrAy9u-u2lX3g,Kuzuha Channel,1424950504,2100000,2817
2025-11-25 16:34:36,UCv7VutirxDn3RWIJXI68n_A,＝LOVE（イコールラブ）公式チャンネル,466225819,554000,474
2025-11-25 16:34:36,UCqeAYB1DMzfM-hG-Up52yNQ,つるおかかものはし,370934217,387000,3607
2025-11-25 16:34:36,UCLkAepWjdylmXSltofFvsYQ,BANGTANTV,26052132409,81700000,2933
2025-11-25 16:34:36,UC9Lx-zRFGfpuls27tNAOIqA,マエスケ,1540679756,1830000,1137
2025-11-25 16:34:36,UCv2ejD5B1xOYtGB2cf80B8g,Netflix Japan,1980081923,2300000,7749
2025-11-25 16:34:36,UCEfbtVOJgicdHjs5HzOzJlA,ぱち・スロ部,3584119,1760,302
2025-11-25 16:34:36,UCHzevlEL9JfsBIm86uNCJqg,宮野真守,78718653,449000,329
2025-11-25 16:34:36,UCGjV4bsC43On-YuiLZcfL0w,KUN,3388459623,1660000,11231
2025-11-25 16:34:36,UCc-PPk-lNe34JaWCcJQCL0g,ドコムスチャンネル,540356662,593000,2021
2025-11-25 16:34:36,UCHD1jo5RhijLfx5-0Ehe_cg,&TEAM,466813545,1320000,1404
2025-11-25 16:34:36,UC_vMYWcDjmfdpH6r4TTn1MQ,Iroha ch. 風真いろは - holoX -,262723246,1130000,1050
2025-11-25 16:34:36,UC0ux2IFOXkj6ifQ4aSs9l7Q,大月【おおつき】,14724261,17400,1217
2025-11-25 16:34:36,UC-_iQWdEZY66nGGaHH0Ygmg,僕が見たかった青空,52805973,122000,498
2025-11-25 16:34:36,UCOXOcEbERAwGlE4ig9MaLSQ,夜勤明けパチンコパチスロ実践記,275529687,166000,1622
2025-11-25 16:34:36,UCdCC1L_OxLrkoEjR19iXpRw,パチスロードch,135399941,75600,813
2025-11-25 16:34:36,UCy9GuRXGTm8TliQ-OJ7KwzA,【V.I.P】,977997693,978000,2493
2025-11-25 16:34:36,UCXURHJRGr4-EB3l87kcbElw,NCT DREAM,2300999800,7000000,1310
2025-11-25 16:34:36,UCHghNZNbV-CPbb_f3FslObw,がんばるぴえんちゃんパチンコ日記,80262292,100000,1528
2025-11-25 16:34:36,UCUzpZpX2wRYOk3J8QTFGxDg,乃木坂46 OFFICIAL YouTube CHANNEL,1610447858,1730000,1168
2025-11-25 16:34:36,UCqKNMJ5s_vsf7WkesdBrvQA,IS:SUE,87680204,220000,767
2025-11-25 16:34:36,UCyTaStlK0neSuKveYOIioaw,ぐんぐにるチャンネル,274988063,426000,446
2025-11-25 16:34:36,UCWvr04hMa4k4wSilYcQ4qoA,キャベツの人【ゲーム紹介】,252884397,418000,971
2025-11-25 16:34:36,UCAWxPGGuIfWME2KTLUmSCHw,ぱかチューブっ!【ウマ娘公式】,514883442,1310000,1288
2025-11-25 16:34:36,UCVh47EKH9VLresRqiYi9txw,Mili,608668101,1000000,117
2025-11-25 16:34:36,UCooVYzDxdwTtGYAkcPmOgOw,Brawl Stars,4000176799,23200000,370
2025-11-25 16:34:36,UCX7YkU9nEeaoZbkVLVajcMg,にじさんじ,1071275897,1870000,2823
2025-11-25 16:34:36,UCAaGaynFpku5cAx6OOSrW-w,HoneyWorks OFFICIAL,1601855248,2850000,550
2025-11-25 16:34:36,UChUjERVG8eKEAJSCef-tTmg,k4sen / かせん,716283754,1020000,3061
2025-11-25 16:34:36,UCxIK6x6sG7Ln5vjjPYpgeAw,Chogakusei Official,667393982,1010000,564
2025-11-25 16:34:36,UCvaTdHTWBGv3MKj3KVqJVCw,Okayu Ch. 猫又おかゆ,626491070,2060000,1591
2025-11-25 16:34:36,UCzXjPL7zo0bxhOYDxLJ9YEg,ポッキー,4096288405,3750000,4358
2025-11-25 16:34:36,UCeK22JmzkTMa69kZU9NEqsA,めじの【Vtuber応援隊】,31679001,15100,537
2025-11-25 16:34:36,UCJy7zfLsKBXoo2soFMum7JQ,あかさかの箱,1289314809,2620000,2687
2025-11-25 16:34:36,UCBhPDpv9JavoPADrZcsAC2A,あらき-ARAKI Official,320679686,488000,260
2025-11-25 16:34:36,UC8eq3M3Yft3FUgxEX6lOZMg,chotokkyu - Topic,35707175,577,486
2025-11-25 16:34:36,UCDhOdoqPxv96djR3tSq9NoA,ショコラ大佐の秘密基地,148259588,138000,1744
2025-11-25 16:34:36,UC6qVAJzxF5kSN_UUFSdODiQ,MAZZEL - Topic,19200719,8260,57
2025-11-25 16:34:36,UCqQNCRSihFHVsXrDikNeYSg,げまじょが好き【にじさんじEXゲマズ切り抜き】,4469282,2330,117
2025-11-25 16:34:36,UCOVLrBaOiMH5QDKXTycZ8Pw,やっちゃんの崖っぷちスロパチ生活,698612534,326000,5202
2025-11-25 16:34:36,UCmovZ2th3Sqpd00F5RdeigQ,加賀美 ハヤト/Hayato Kagami,332409391,921000,1520
2025-11-25 16:34:36,UC-hM6YJuNYVAmUWxeIr9FeA,Miko Ch. さくらみこ,889625882,2460000,2041
2025-11-25 16:34:36,UC_DopZ9OANqNGho0wFwADqA,けいちゃん / Keichan,502697517,1270000,605
2025-11-25 16:34:36,UCMF_5h2OejEhVorTB02UUSg,MAZZEL,240478072,283000,720
2025-11-25 16:34:36,UC9rMiEjNaCSsebs31MRDCRA,Stray Kids,9673395528,22200000,1870
2025-11-25 16:34:36,UC1FQWQ3y3-e8l1pCtWhJt5A,Vaundy,2295815134,2430000,226
2025-11-25 16:34:36,UCFvSFbT8okMrpuFxBEIB2lg,M!LK,89055255,10200,243
2025-11-25 16:34:36,UCCzUftO8KOVkV4wQG1vkUvg,Marine Ch. 宝鐘マリン,2033880549,4260000,1560
2025-11-25 16:34:36,UCHazKLThRbMyMFu2bVAKhng,ウォーターチャレンジ,3128753022,3150000,2179
2025-11-25 16:34:36,UCkKj-SiKyiFkj_dO1vmY3gA,加藤純一RECORDS,5125700,28500,81
2025-11-25 16:34:36,UCtPyU9cJgvvgH03PQKgaucA,ファミ通TUBE,182954660,208000,8151
2025-11-25 16:34:36,UCgmFrRcyH7d1zR9sIVQhFow,ローレン・イロアス / Lauren Iroas【にじさんじ】,396542080,953000,1047
2025-11-25 16:34:36,UCj4PjeVMnNTHIR5EeoNKPAw,ドズル社,4893163285,2560000,10207
2025-11-25 16:34:36,UChVflUz2J_jaaqYjXqvpmQA,iLiFE!【あいらいふ】,246311299,484000,527
2025-11-26 17:54:14,UC070fhnqq38qNhqHm5rxTcQ,令和ちゃんねる,428354288,506000,3625
2025-11-26 17:54:14,UCNVIo0UJXTdEnsRkCB9Q03w,ILLIT - Topic,563762931,57700,59
2025-11-26 17:54:14,UCENoC6MLc4pL-vehJyzSWmg,もこうの実況,1736173730,1600000,5786
2025-11-26 17:54:14,UC15ebOqdhmvl1eb0s0jk5aw,戦極MCBATTLE,1332434553,847000,5383
2025-11-26 17:54:14,UChVflUz2J_jaaqYjXqvpmQA,iLiFE!【あいらいふ】,246311299,485000,531
2025-11-26 17:54:14,UCYe_uTI6X6mm9qaXm8iWFDg,ノッチ配信者パチンコライブ,268739271,125000,2726
2025-11-26 17:54:14,UC9zY_E8mcAo_Oq772LEZq8Q,THE FIRST TAKE,6260490494,11500000,1528
2025-11-26 17:54:14,UCXEo7JprZQGCPkezcZylHlQ,黒炭酸,152273686,202000,1757
2025-11-26 17:54:14,UCBhPDpv9JavoPADrZcsAC2A,あらき-ARAKI Official,320679686,489000,260
2025-11-26 17:54:14,UCBA-kvU_zYdKreZbhhywX2Q,あいずちゃんねる,147710919,57400,803
2025-11-26 17:54:14,UC7aYDbAOIKIMt25ENfJ68Qw,ルカ,118689817,120000,2126
2025-11-26 17:54:14,UCeA0fcfLVewbuD7H5YsrpdA,ライキジョーンズ,118778430,146000,3390
2025-11-26 17:54:14,UCtceiniicYEsbAVuWy-Bi0Q,ドラゴンクエストウォーク公式,50337642,181000,160
2025-11-26 17:54:14,UCxWcO9CLti4uouUIS5IIF-Q,Nornis,59019055,228000,110
2025-11-26 17:54:14,UC5vqbtNnbOF2h7A_xlrIPUw,ぽっぴんず,916578477,630000,1053
2025-11-26 17:54:14,UCUW6U6iOrntB0jw6-AbQo8g,RED Games,250361199,209000,3568
2025-11-26 17:54:14,UC3IZKseVpdzPSBaWxBxundA,HYBE LABELS,42519525251,79100000,2929
2025-11-26 17:54:14,UCu2Fxqf37DAZ0ZhIsd1FZwA,Capcom Fighters JP,262009454,257000,3897
2025-11-26 17:54:14,UCOfESRUR5duQ2hMnTQ4oqhA,BUMP OF CHICKEN,1637208579,1590000,164
2025-11-26 17:54:14,UCZetZElUvdElPrcstRjl9DA,加藤純一ロードショー,413173563,509000,981
2025-11-26 17:54:14,UCyTaStlK0neSuKveYOIioaw,ぐんぐにるチャンネル,275051458,426000,447
2025-11-26 17:54:14,UCcg_rvE-fU2tATMwBAxW9bA,ヤングスキニー,149392027,238000,602
2025-11-26 17:54:14,UCX7YkU9nEeaoZbkVLVajcMg,にじさんじ,1071638905,1870000,2825
2025-11-26 17:54:14,UCfkXDY7vwkcJ8ddFGz8KusA,SEVENTEEN,7797609294,16200000,3275
2025-11-26 17:54:14,UCJy7zfLsKBXoo2soFMum7JQ,あかさかの箱,1290130511,2620000,2688
2025-11-26 17:54:14,UC1FQWQ3y3-e8l1pCtWhJt5A,Vaundy,2295815134,2430000,226
2025-11-26 17:54:14,UCLkAepWjdylmXSltofFvsYQ,BANGTANTV,26052132409,81700000,2933
2025-11-26 17:54:14,UC6SmH9mR82nj28_NNg_rZvA,スクウェア・エニックス,1173076894,1090000,10983
2025-11-26 17:54:14,UCDwcZ85zjLKD-3-jqlv1wQQ,アンジュルム,213864061,229000,370
2025-11-26 17:54:14,UC6FadPgGviUcq6VQ0CEJqdQ,Juice=Juice,163770158,249000,280
2025-11-26 17:54:14,UCDhOdoqPxv96djR3tSq9NoA,ショコラ大佐の秘密基地,148484620,138000,1745
2025-11-26 17:54:14,UCLrYavXppY_4oRfquHk9VQg,HAGANE,14455474,74800,141
2025-11-26 17:54:14,UCtyXllCXnTAg4rjfI3UwIgA,しょうちゃんネル,300379892,138000,1546
2025-11-26 17:54:14,UCv2ejD5B1xOYtGB2cf80B8g,Netflix Japan,1981513167,2300000,7754
2025-11-26 17:54:14,UCylNKKCfPMm8ROXasQWTonA,響咲リオナの足,3214550,6840,124
2025-11-26 17:54:14,UC6qVAJzxF5kSN_UUFSdODiQ,MAZZEL - Topic,19285446,8260,57
2025-11-26 17:54:14,UC9Lx-zRFGfpuls27tNAOIqA,マエスケ,1541789868,1830000,1138
2025-11-26 17:54:14,UCqMRVBz-hhSFRuqlL1guqig,あひるだっく,52063292,128000,89
2025-11-26 17:54:14,UCZVVCZwOpCbDXB84SDqWixQ,Lil Shady,56239923,283000,97
2025-11-26 17:54:14,UCoQhX2O93MVTWfgIz-8wOmg,KUNの50人クラフト,465558693,543000,1048
2025-11-26 17:54:14,UCFQu6Q-9LAS3KoEuRDNkzGA, ニート部,658915879,680000,3212
2025-11-26 17:54:14,UCrKna8EQAd7NPRYq-gIsuow,ホロライ部【ホロライブ切り抜き】,70032016,37800,613
2025-11-26 17:54:14,UC9qSqkNFiByKzzoxT3Cydyw,Aiobahn,28036369,90000,14
2025-11-26 17:54:14,UC-_iQWdEZY66nGGaHH0Ygmg,僕が見たかった青空,52805973,122000,498
2025-11-26 17:54:14,UCpYHkc4rzWEW7iVXIyxQebA,Hey! Say! JUMP - Topic,58814548,5080,738
2025-11-26 17:54:14,UCYLp2FLXcqLUZhvrCxQmNIA,胡桃沢りりか,40952518,100000,2570
2025-11-26 17:54:14,UCOTR1tcOAhjgi6YukrPpZxg,まふまふちゃんねる,2481296145,3610000,511
2025-11-26 17:54:14,UC1DCedRgGHBdm81E1llLhOQ,Pekora Ch. 兎田ぺこら,1012493189,2740000,2342
2025-11-26 17:54:14,UCHzevlEL9JfsBIm86uNCJqg,宮野真守,78718653,449000,329
2025-11-26 17:54:14,UCEf_Bc-KVd7onSeifS3py9g,SMTOWN,32601374258,33500000,4640
2025-11-26 17:54:14,UCILZFnKZJksR7zwhZbAB4vw,れじぇくん,1503069264,1170000,1428
2025-11-26 17:54:14,UCtPyU9cJgvvgH03PQKgaucA,ファミ通TUBE,183031244,208000,8152
2025-11-26 17:54:14,UCrQUlOEbu-0T0l4DAcBEeIg,pizzaofdeathofficial,408072226,332000,372
2025-11-26 17:54:14,UCmovZ2th3Sqpd00F5RdeigQ,加賀美 ハヤト/Hayato Kagami,332409391,921000,1521
2025-11-26 17:54:14,UC14QT5j2nQI8lKBCGtrrBQA,アニプレックス チャンネル,4304370914,3720000,15428
2025-11-26 17:54:14,UCPJCP_fon2mOMfibbBPUOYw,SAWAYAN GAMES / サワヤン ゲームズ,1298866965,2070000,3416
2025-11-26 17:54:14,UCH-lygWpHodDff3iQurnWnQ,加藤純一切り抜き集,1718873534,580000,5439
2025-11-26 17:54:14,UCB_qr75-ydFVKSF9Dmo6izg,FORMULA 1,8865234058,13700000,9406
2025-11-26 17:54:14,UCPVr7clenPjpD7WNsSI3UBQ,レトルト,2878700140,2590000,3850
2025-11-26 17:54:14,UCt09C9DPSuOGpHoitbcyCIQ,ゼンレスゾーンゼロ-ZZZ-公式,229645284,754000,429
2025-11-26 17:54:14,UCvzGlP9oQwU--Y0r9id_jnA,Subaru Ch. 大空スバル,581156475,1950000,1894
2025-11-26 17:54:14,UCHghNZNbV-CPbb_f3FslObw,がんばるぴえんちゃんパチンコ日記,80297691,100000,1530
2025-11-26 17:54:14,UCH4yRBPH2pDUjPeqomx8CTQ,てるとくん,548320450,1330000,1894
2025-11-26 17:54:14,UC3NrSfe_yR5XX9zGFxYoV1Q,HIRAIDAI - Topic,281229302,3400,415
2025-11-26 17:54:14,UCEfbtVOJgicdHjs5HzOzJlA,ぱち・スロ部,3649413,1770,303
2025-11-26 17:54:14,UCqeAYB1DMzfM-hG-Up52yNQ,つるおかかものはし,371298994,387000,3608
2025-11-26 17:54:14,UCMF_5h2OejEhVorTB02UUSg,MAZZEL,243792578,284000,721
2025-11-26 17:54:14,UCaO6TYtlC8U5ttz62hTrZgg,JYP Entertainment,26020253681,31500000,2639
2025-11-26 17:54:14,UChhKBlh_wvspTh5n4mL0b5g,BOYNEXTDOOR,1165454055,2060000,2198
2025-11-26 17:54:14,UCAaGaynFpku5cAx6OOSrW-w,HoneyWorks OFFICIAL,1601855248,2850000,550
2025-11-26 17:54:14,UC-ifW8mHzfsZVGHY8vxqrjA,A.B.C-Z,59464169,54600,437
2025-11-26 17:54:14,UC8rk-fIWJXYlSF8tkfG9wWg,天色鮫,66562544,192000,132
2025-11-26 17:54:14,UCx1nAvtVDIsaGmCMSe8ofsQ,加藤純一【jun channel】,1137244182,1280000,1834
2025-11-26 17:54:14,UCXqWKjzm2YMH6Bs7rAmsKFw,福本大晴,7285544,89600,144
2025-11-26 17:54:14,UC_ntXHv-XdKCD7CPynVvnQw,Bandai Namco Entertainment America,615222427,1460000,3566
2025-11-26 17:54:14,UCzRzPAT-AjlPyec5yXG974g,カワノKawano,207781875,184000,1322
2025-11-26 17:54:14,UCVh47EKH9VLresRqiYi9txw,Mili,608668101,1010000,117
2025-11-26 17:54:14,UCGc93NguHRwzv1Rw9MyIcxQ,鳴潮 (Wuthering Waves)公式,103228294,344000,465
2025-11-26 17:54:14,UCZ1xuCK1kNmn5RzPYIZop3w,リゼ・ヘルエスタ -Lize Helesta-,299210937,957000,1090
2025-11-26 17:54:14,UC4YT50DP7hbMsor8FmyEPMw,Victor Entertainment,1489501861,1070000,4972
2025-11-26 17:54:14,UC_vMYWcDjmfdpH6r4TTn1MQ,Iroha ch. 風真いろは - holoX -,262899962,1130000,1052
2025-11-26 17:54:14,UC8_Ag6BVp43Vmrx6eillK9g,Vaundy - Topic,908887607,2190,110
2025-11-26 17:54:14,UCwJYQvXHtNn1c7RqED4E7MA,パンダドラゴン,44018394,92300,532
2025-11-26 17:54:14,UCOXOcEbERAwGlE4ig9MaLSQ,夜勤明けパチンコパチスロ実践記,275601275,166000,1622
2025-11-26 17:54:14,UCx-QS9BIo_L_lx5dkpys1qw,ねこまんまのパチ•チャンネル,7979566,14200,167
2025-11-26 17:54:14,UCXURHJRGr4-EB3l87kcbElw,NCT DREAM,2300999800,7000000,1313
2025-11-26 17:54:14,UChn5TjkeEqd-JxzizMVSkOw,ハヤトの野望,1035116728,1510000,2416
2025-11-26 17:54:14,UCooVYzDxdwTtGYAkcPmOgOw,Brawl Stars,4003702299,23200000,370
2025-11-26 17:54:14,UCCzUftO8KOVkV4wQG1vkUvg,Marine Ch. 宝鐘マリン,2033880549,4260000,1560
2025-11-26 17:54:14,UCjcYYjM16TFOPXDjWgzHiHA,超覚醒てえんだ「スロパチ生放送」,87277250,140000,571
2025-11-26 17:54:14,UC7wu64jFsV02bbu6UHUd7JA,ガンダムチャンネル,412423775,1670000,1655
2025-11-26 17:54:14,UClNdVSK1uy2xFHTaXZYXopw,らっだぁ,1818287342,1450000,2340
2025-11-26 17:54:14,UCcz2Y1yhR42UxbFwvPFGCmA,きっしー助六ちゃんねる,75772269,61500,940
2025-11-26 17:54:14,UCJnL-TBcsYrF2SLs7tmiC8Q,tripleS official,691134537,2880000,3052
2025-11-26 17:54:14,UCFvSFbT8okMrpuFxBEIB2lg,M!LK,89672169,10300,243
2025-11-26 17:54:14,UCeK22JmzkTMa69kZU9NEqsA,めじの【Vtuber応援隊】,31821301,15100,537
2025-11-26 17:54:14,UCZwcUEEjD8RVzB-TAw1ts3g,Eden - Topic,4227579,1730,38
2025-11-26 17:54:14,UCMJiPpN_09F0aWpQrgbc_qg,キヨ。,6530876349,5480000,3083
2025-11-26 17:54:14,UCfipDDn7wY-C-SoUChgxCQQ,葉山舞鈴 / Ohayama Ch.,88016924,599000,1339
2025-11-26 17:54:14,UCRDJ3DN-6ND_a4LSJ35L91A,立川ちゃんねる,106452486,107000,639
2025-11-26 17:54:14,UCdkVEDVAW5aFmA-Mkz0lAFQ,ひたまゆ。,466517551,410000,2792
2025-11-26 17:54:14,UCMzLWawc9x3rUsqYDEfgqzA,ジャック・オ・蘭たん,712367245,648000,1887
2025-11-26 17:54:14,UCjJmYy279ehSYSwR1A3fXtA,マグロヘッド,393931180,734000,1753
2025-11-26 17:54:14,UCHazKLThRbMyMFu2bVAKhng,ウォーターチャレンジ,3129829378,3150000,2181
2025-11-26 17:54:14,UCc-PPk-lNe34JaWCcJQCL0g,ドコムスチャンネル,540824009,593000,2023
2025-11-26 17:54:14,UCgmFrRcyH7d1zR9sIVQhFow,ローレン・イロアス / Lauren Iroas【にじさんじ】,396807021,953000,1048
2025-11-26 17:54:14,UCxIK6x6sG7Ln5vjjPYpgeAw,Chogakusei Official,674113985,1010000,564
2025-11-26 17:54:14,UCHVkYOT63gAz5yTxjo68_Ng,家スロットゲームパンダ’s ROOM@琉球🐼🪸,1208167,1680,76
2025-11-26 17:54:14,UCpGpA7mSYmNJjLiJxKso5QA,しもふりチューブ,1783109366,2160000,3020
2025-11-26 17:54:14,UC2NujFa5X09CdV0YCntmQDg,板橋ハウス,904660978,752000,2028
2025-11-26 17:54:14,UCMGvmEqkVbl372DCyn3NLAw,【吹いたら負け】葛葉先生のしくじり【切り抜き】,180526737,136000,978
2025-11-26 17:54:14,UCWvr04hMa4k4wSilYcQ4qoA,キャベツの人【ゲーム紹介】,253110424,418000,972
2025-11-26 17:54:14,UCZMRuagdTBKmmrFtSMN48Xw,牛沢,2664965878,1800000,3740
2025-11-26 17:54:14,UCdszfKemUn36sOEplfkiGVQ,GPV LABEL,2994474,5310,89
2025-11-26 17:54:14,UCS57xc1Bf-znC9_ouCc3SZw,佐野元春 - DaisyMusic,50511392,77600,163
2025-11-26 17:54:14,UCvo8JUqHh2d1QGnK3LKyI4Q,ポケモンユナイト公式チャンネル,31955174,139000,467
2025-11-26 17:54:14,UCy9GuRXGTm8TliQ-OJ7KwzA,【V.I.P】,978404255,979000,2494
2025-11-26 17:54:14,UC56x--_QtyaWD1QptYrPMqA,刀剣乱舞 公式チャンネル,9523467,131000,116
2025-11-26 17:54:14,UCj4PjeVMnNTHIR5EeoNKPAw,ドズル社,4900034217,2570000,10211
2025-11-26 17:54:14,UCp_Az_oKu8-J5qIQpF35JbA,やわらちゃんねる,192928076,279000,862
2025-11-26 17:54:14,UCv7VutirxDn3RWIJXI68n_A,＝LOVE（イコールラブ）公式チャンネル,466225819,555000,474
2025-11-26 17:54:14,UCzXjPL7zo0bxhOYDxLJ9YEg,ポッキー,4096717679,3750000,4359
2025-11-26 17:54:14,UCHD1jo5RhijLfx5-0Ehe_cg,&TEAM,466813545,1320000,1406
2025-11-26 17:54:14,UCkVvAm5jb62IMIJQj4wPVGA,TMSアニメ公式チャンネル,379083255,898000,1144
2025-11-26 17:54:14,UCof7dOTnyxaidkKkcIFuflQ,Mone Kamishiraishi - Topic,26275125,326,123
2025-11-26 17:54:14,UCkKj-SiKyiFkj_dO1vmY3gA,加藤純一RECORDS,5213651,29000,82
2025-11-26 17:54:14,UCDbUUremwf8k1x1GTYfB1Ng,ニート部クラフト,20381415,97100,125
2025-11-26 17:54:14,UCtKBQ2BYD76GiJvcpZOBorg,えいま,11409709,13500,346
2025-11-26 17:54:14,UCdMGYXL38w6htx6Yf9YJa-w,プロジェクトセカイ カラフルステージ! feat. 初音ミク,2002918466,2060000,1907
2025-11-26 17:54:14,UCYA14rrNjvQq_P_YSNeJHgA,スロライブ,89847170,46500,894
2025-11-26 17:54:14,UCSFCh5NL4qXrAy9u-u2lX3g,Kuzuha Channel,1426230744,2100000,2819
2025-11-26 17:54:14,UChUjERVG8eKEAJSCef-tTmg,k4sen / かせん,717720716,1020000,3062
2025-11-26 17:54:14,UCtwTCZuQkTIwUf5m9mlZnOQ,Release - Topic,3185,37,7
2025-11-26 17:54:14,UCYXmyrGUVL8tX7VEvo_DjPw,シャル@ツモらせ隊,83196304,178000,899
2025-11-26 17:54:14,UCOjkVJQcjtWnpf0-1ft4brA,ゆっくりむちゃたぬき,210059667,352000,423
2025-11-26 17:54:14,UCqKNMJ5s_vsf7WkesdBrvQA,IS:SUE,87680204,221000,768
2025-11-26 17:54:14,UC3VId8brfshtHO6gMMqnZ5A,FLOW GLOW - Topic,366731,2190,5
2025-11-26 17:54:14,UCc-itdQHxLvUlPrDxIiSJrA,INI,748068954,653000,1267
2025-11-26 17:54:14,UC9rMiEjNaCSsebs31MRDCRA,Stray Kids,9673395528,22200000,1878
2025-11-26 17:54:14,UC_DopZ9OANqNGho0wFwADqA,けいちゃん / Keichan,502697517,1270000,605
2025-11-26 17:54:14,UCBuLdF0tQn5oZjpvYWSQkaA,Liura Channel,92139442,206000,374
2025-11-26 17:54:14,UCu3kfiUaK7MmkQ40omEpGyQ,ナナ色チャンネル,4507959,8290,82
2025-11-26 17:54:14,UC6H_7uSepAzrlayBjAb9rrg,WurtS - Topic,69010100,698,82
2025-11-26 17:54:14,UCOVLrBaOiMH5QDKXTycZ8Pw,やっちゃんの崖っぷちスロパチ生活,698750427,326000,5203
2025-11-26 17:54:14,UC__iCxFigPdcry_UBv6sDGw,IO,16279732,38100,13
2025-11-26 17:54:14,UCdCC1L_OxLrkoEjR19iXpRw,パチスロードch,135779790,75700,814
2025-11-26 17:54:14,UC0ux2IFOXkj6ifQ4aSs9l7Q,大月【おおつき】,14755384,17500,1218
2025-11-26 17:54:14,UC8eq3M3Yft3FUgxEX6lOZMg,chotokkyu - Topic,35769873,577,486
2025-11-26 17:54:14,UCGjV4bsC43On-YuiLZcfL0w,KUN,3388904194,1660000,11232
2025-11-26 17:54:14,UCIJAlAYCNN8RACtDDsy9K6g,Novelbright,652756465,733000,319
2025-11-26 17:54:14,UCtiObj3CsEAdNU6ZPWDsddQ,TOMORROW X TOGETHER OFFICIAL,3494513829,13100000,3039
2025-11-26 17:54:14,UC3J-txytRWiRtNXrLS95eEw,ASIAN KUNG-FU GENERATION Official YouTube Channel,608265861,788000,282
2025-11-26 17:54:14,UCqQNCRSihFHVsXrDikNeYSg,げまじょが好き【にじさんじEXゲマズ切り抜き】,4505630,2350,118
2025-11-26 17:54:14,UCAWxPGGuIfWME2KTLUmSCHw,ぱかチューブっ!【ウマ娘公式】,515735509,1310000,1289
2025-11-26 17:54:14,UCvaTdHTWBGv3MKj3KVqJVCw,Okayu Ch. 猫又おかゆ,626491070,2060000,1591
2025-11-26 17:54:14,UCUzpZpX2wRYOk3J8QTFGxDg,乃木坂46 OFFICIAL YouTube CHANNEL,1610447858,1730000,1168
2025-11-26 17:54:14,UC-hM6YJuNYVAmUWxeIr9FeA,Miko Ch. さくらみこ,889625882,2460000,2042
2025-11-26 17:54:14,UCN7_YMtKaUiizHpw77XLVcw,EXILE,188488793,14700,308
2025-11-26 17:54:14,UCC4xWbcBVn-tHgchhrdmFpg,Jinmenusagi,9965654,32600,80
2025-11-26 17:54:14,UCL7VEatXa9yBCKeM-ww8TnA,NX☆くさあん,208448896,238000,3562
2025-11-26 17:54:14,UCKU0SVkIPRqwiZaXJ9rXhdw,シュート。,216489823,256000,2334
2025-11-26 17:54:14,UCXeTnWiRoifoHHEzSyR5Ogg,パチンコ・パチスロ必勝ガイドチャンネル,52748613,86300,1323
2025-11-26 17:54:14,UCdVD0MsYecQaIE5Ru-pOIQQ,RIIZE,1015326967,1870000,1380
2025-11-26 17:54:14,UCMR5xpbhv3jzIQG1TOTg-Jg,B'z - Topic,290233950,3870,678
2025-11-25 05:38:54,UCMGvmEqkVbl372DCyn3NLAw,【吹いたら負け】葛葉先生のしくじり【切り抜き】,180396443,136000,978
2025-11-25 05:38:54,UCvzGlP9oQwU--Y0r9id_jnA,Subaru Ch. 大空スバル,580785334,1950000,1893
2025-11-25 05:38:54,UCOXOcEbERAwGlE4ig9MaLSQ,夜勤明けパチンコパチスロ実践記,275469254,166000,1622
2025-11-25 05:38:54,UChUjERVG8eKEAJSCef-tTmg,k4sen / かせん,715360871,1020000,3058
2025-11-25 05:38:54,UCc-PPk-lNe34JaWCcJQCL0g,ドコムスチャンネル,540032743,593000,2021
2025-11-25 05:38:54,UCGjV4bsC43On-YuiLZcfL0w,KUN,3388113399,1660000,11230
2025-11-25 05:38:54,UChn5TjkeEqd-JxzizMVSkOw,ハヤトの野望,1034231187,1510000,2415
2025-11-25 05:38:54,UCBuLdF0tQn5oZjpvYWSQkaA,Liura Channel,91828390,206000,373
2025-11-25 05:38:54,UCvaTdHTWBGv3MKj3KVqJVCw,Okayu Ch. 猫又おかゆ,626491070,2060000,1591
2025-11-25 05:38:54,UCj4PjeVMnNTHIR5EeoNKPAw,ドズル社,4889465689,2560000,10206
2025-11-25 05:38:54,UCAWxPGGuIfWME2KTLUmSCHw,ぱかチューブっ!【ウマ娘公式】,514522323,1310000,1287
2025-11-25 05:38:54,UC6qVAJzxF5kSN_UUFSdODiQ,MAZZEL - Topic,19161046,8260,57
2025-11-25 05:38:54,UC1FQWQ3y3-e8l1pCtWhJt5A,Vaundy,2295815134,2430000,226
2025-11-25 05:38:54,UCXEo7JprZQGCPkezcZylHlQ,黒炭酸,151823294,201000,1757
2025-11-25 05:38:54,UCBhPDpv9JavoPADrZcsAC2A,あらき-ARAKI Official,320679686,488000,260
2025-11-25 05:38:54,UCjcYYjM16TFOPXDjWgzHiHA,超覚醒てえんだ「スロパチ生放送」,87042088,140000,571
2025-11-25 05:38:54,UCB_qr75-ydFVKSF9Dmo6izg,FORMULA 1,8857095005,13700000,9402
2025-11-25 05:38:54,UCDbUUremwf8k1x1GTYfB1Ng,ニート部クラフト,20237387,96800,125
2025-11-25 05:38:54,UCylNKKCfPMm8ROXasQWTonA,響咲リオナの足,3113749,6550,120
2025-11-25 05:38:54,UCdCC1L_OxLrkoEjR19iXpRw,パチスロードch,135303576,75500,813
2025-11-25 05:38:54,UCHD1jo5RhijLfx5-0Ehe_cg,&TEAM,466813545,1320000,1403
2025-11-25 05:38:54,UCSFCh5NL4qXrAy9u-u2lX3g,Kuzuha Channel,1424324958,2100000,2817
2025-11-25 05:38:54,UCgmFrRcyH7d1zR9sIVQhFow,ローレン・イロアス / Lauren Iroas【にじさんじ】,396213748,953000,1047
2025-11-25 05:38:54,UCEf_Bc-KVd7onSeifS3py9g,SMTOWN,32592630208,33500000,4640
2025-11-25 05:38:54,UCwJYQvXHtNn1c7RqED4E7MA,パンダドラゴン,44018394,92300,532
2025-11-25 05:38:54,UCZwcUEEjD8RVzB-TAw1ts3g,Eden - Topic,4159107,1670,37
2025-11-25 05:38:54,UCUzpZpX2wRYOk3J8QTFGxDg,乃木坂46 OFFICIAL YouTube CHANNEL,1610447858,1730000,1168
2025-11-25 05:38:54,UC_vMYWcDjmfdpH6r4TTn1MQ,Iroha ch. 風真いろは - holoX -,262516514,1130000,1050
2025-11-25 05:38:54,UCtKBQ2BYD76GiJvcpZOBorg,えいま,11351188,13500,346
2025-11-25 05:38:54,UCOVLrBaOiMH5QDKXTycZ8Pw,やっちゃんの崖っぷちスロパチ生活,698357486,326000,5202
2025-11-25 05:38:54,UCNVIo0UJXTdEnsRkCB9Q03w,ILLIT - Topic,561487392,57700,59
2025-11-25 05:38:54,UChVflUz2J_jaaqYjXqvpmQA,iLiFE!【あいらいふ】,243613485,484000,527
2025-11-25 05:38:54,UC1DCedRgGHBdm81E1llLhOQ,Pekora Ch. 兎田ぺこら,1011662351,2740000,2340
2025-11-25 05:38:54,UC-hM6YJuNYVAmUWxeIr9FeA,Miko Ch. さくらみこ,889625882,2460000,2041
2025-11-25 05:38:54,UCOTR1tcOAhjgi6YukrPpZxg,まふまふちゃんねる,2480686287,3610000,511
2025-11-25 05:38:54,UCYA14rrNjvQq_P_YSNeJHgA,スロライブ,89681693,46500,893
2025-11-25 05:38:54,UCyTaStlK0neSuKveYOIioaw,ぐんぐにるチャンネル,274873313,426000,447
2025-11-25 05:38:54,UCZ1xuCK1kNmn5RzPYIZop3w,リゼ・ヘルエスタ -Lize Helesta-,298925210,957000,1089
2025-11-25 05:38:54,UC_DopZ9OANqNGho0wFwADqA,けいちゃん / Keichan,502697517,1270000,605
2025-11-25 05:38:54,UCooVYzDxdwTtGYAkcPmOgOw,Brawl Stars,3996704432,23200000,370
2025-11-25 05:38:54,UCrKna8EQAd7NPRYq-gIsuow,ホロライ部【ホロライブ切り抜き】,69776376,37800,613
2025-11-25 05:38:54,UCH-lygWpHodDff3iQurnWnQ,加藤純一切り抜き集,1718133753,580000,5439
2025-11-25 05:38:54,UCXqWKjzm2YMH6Bs7rAmsKFw,福本大晴,7285544,89700,144
2025-11-25 05:38:54,UCLkAepWjdylmXSltofFvsYQ,BANGTANTV,26052132409,81700000,2933
2025-11-25 05:38:54,UCeK22JmzkTMa69kZU9NEqsA,めじの【Vtuber応援隊】,31529611,15100,537
2025-11-25 05:38:54,UC8rk-fIWJXYlSF8tkfG9wWg,天色鮫,66301826,192000,132
2025-11-25 05:38:54,UCHzevlEL9JfsBIm86uNCJqg,宮野真守,78718653,449000,329
2025-11-25 05:38:54,UCaO6TYtlC8U5ttz62hTrZgg,JYP Entertainment,26002936649,31500000,2638
2025-11-25 05:38:54,UCOjkVJQcjtWnpf0-1ft4brA,ゆっくりむちゃたぬき,209735574,352000,423
2025-11-25 05:38:54,UCy9GuRXGTm8TliQ-OJ7KwzA,【V.I.P】,977785890,978000,2493
2025-11-25 05:38:54,UCcz2Y1yhR42UxbFwvPFGCmA,きっしー助六ちゃんねる,75746873,61500,939
2025-11-25 05:38:54,UC15ebOqdhmvl1eb0s0jk5aw,戦極MCBATTLE,1331690600,847000,5376
2025-11-25 05:38:54,UCMF_5h2OejEhVorTB02UUSg,MAZZEL,240478072,282000,720
2025-11-25 05:38:54,UCXURHJRGr4-EB3l87kcbElw,NCT DREAM,2300999800,7000000,1308
2025-11-25 05:38:54,UCxIK6x6sG7Ln5vjjPYpgeAw,Chogakusei Official,667393982,1010000,564
2025-11-25 05:38:54,UCBA-kvU_zYdKreZbhhywX2Q,あいずちゃんねる,147219987,57400,803
2025-11-25 05:38:54,UCtPyU9cJgvvgH03PQKgaucA,ファミ通TUBE,182901646,207000,8151
2025-11-25 05:38:54,UCqeAYB1DMzfM-hG-Up52yNQ,つるおかかものはし,370798229,387000,3605
2025-11-25 05:38:54,UCAaGaynFpku5cAx6OOSrW-w,HoneyWorks OFFICIAL,1585662413,2850000,550
2025-11-25 05:38:54,UCdVD0MsYecQaIE5Ru-pOIQQ,RIIZE,1015326967,1870000,1372
2025-11-25 05:38:54,UCJy7zfLsKBXoo2soFMum7JQ,あかさかの箱,1288862908,2620000,2687
2025-11-25 05:38:54,UCFvSFbT8okMrpuFxBEIB2lg,M!LK,89383751,10200,243
2025-11-25 05:38:54,UC7wu64jFsV02bbu6UHUd7JA,ガンダムチャンネル,411912666,1670000,1650
2025-11-25 05:38:54,UCvo8JUqHh2d1QGnK3LKyI4Q,ポケモンユナイト公式チャンネル,31935032,139000,467
2025-11-25 05:38:54,UCkKj-SiKyiFkj_dO1vmY3gA,加藤純一RECORDS,5086462,28200,81
2025-11-25 05:38:54,UCqKNMJ5s_vsf7WkesdBrvQA,IS:SUE,87646037,220000,767
2025-11-25 05:38:54,UCEfbtVOJgicdHjs5HzOzJlA,ぱち・スロ部,3581665,1760,302
2025-11-25 05:38:54,UCOfESRUR5duQ2hMnTQ4oqhA,BUMP OF CHICKEN,1637208579,1590000,164
2025-11-25 05:38:54,UCHVkYOT63gAz5yTxjo68_Ng,家スロットゲームパンダ’s ROOM@琉球🐼🪸,1200262,1690,75
2025-11-25 05:38:54,UCYLp2FLXcqLUZhvrCxQmNIA,胡桃沢りりか,40883783,100000,2567
2025-11-25 05:38:54,UC0ux2IFOXkj6ifQ4aSs9l7Q,大月【おおつき】,14636550,17400,1216
2025-11-25 05:38:54,UC3VId8brfshtHO6gMMqnZ5A,FLOW GLOW - Topic,326093,2190,5
2025-11-25 05:38:54,UC5vqbtNnbOF2h7A_xlrIPUw,ぽっぴんず,916025537,629000,1052
2025-11-25 05:38:54,UCv7VutirxDn3RWIJXI68n_A,＝LOVE（イコールラブ）公式チャンネル,466225819,554000,474
2025-11-25 05:38:54,UC9Lx-zRFGfpuls27tNAOIqA,マエスケ,1540113421,1830000,1137
2025-11-25 05:38:54,UCZMRuagdTBKmmrFtSMN48Xw,牛沢,2663557934,1800000,3738
2025-11-25 05:38:54,UCzXjPL7zo0bxhOYDxLJ9YEg,ポッキー,4096021947,3750000,4358
2025-11-25 05:38:54,UC-ifW8mHzfsZVGHY8vxqrjA,A.B.C-Z,59341461,54500,436
2025-11-25 05:38:54,UCKU0SVkIPRqwiZaXJ9rXhdw,シュート。,216239534,256000,2333
2025-11-25 05:38:54,UCmovZ2th3Sqpd00F5RdeigQ,加賀美 ハヤト/Hayato Kagami,332409391,921000,1520
2025-11-25 05:38:54,UCtyXllCXnTAg4rjfI3UwIgA,しょうちゃんネル,296957929,137000,1545
2025-11-25 05:38:54,UC9zY_E8mcAo_Oq772LEZq8Q,THE FIRST TAKE,6255963798,11500000,1526
2025-11-25 05:38:54,UCDhOdoqPxv96djR3tSq9NoA,ショコラ大佐の秘密基地,148039376,138000,1744
2025-11-25 05:38:54,UCDwcZ85zjLKD-3-jqlv1wQQ,アンジュルム,213864061,229000,366
2025-11-25 05:38:54,UCX7YkU9nEeaoZbkVLVajcMg,にじさんじ,1071062884,1870000,2823
2025-11-25 05:38:54,UCv2ejD5B1xOYtGB2cf80B8g,Netflix Japan,1979161396,2300000,7747
2025-11-25 05:38:54,UCkVvAm5jb62IMIJQj4wPVGA,TMSアニメ公式チャンネル,379122128,898000,1145
2025-11-25 05:38:54,UC3IZKseVpdzPSBaWxBxundA,HYBE LABELS,42488820953,79100000,2929
2025-11-25 05:38:54,UCqQNCRSihFHVsXrDikNeYSg,げまじょが好き【にじさんじEXゲマズ切り抜き】,4429251,2310,117
2025-11-25 05:38:54,UCCzUftO8KOVkV4wQG1vkUvg,Marine Ch. 宝鐘マリン,2033880549,4260000,1560
2025-11-25 05:38:54,UCqMRVBz-hhSFRuqlL1guqig,あひるだっく,51786212,127000,89
2025-11-25 05:38:54,UCoQhX2O93MVTWfgIz-8wOmg,KUNの50人クラフト,464537256,543000,1046
2025-11-25 05:38:54,UCVh47EKH9VLresRqiYi9txw,Mili,608668101,1000000,117
2025-11-25 05:38:54,UC6FadPgGviUcq6VQ0CEJqdQ,Juice=Juice,161605345,248000,280
2025-11-25 05:38:54,UC070fhnqq38qNhqHm5rxTcQ,令和ちゃんねる,427941364,506000,3624
2025-11-25 05:38:54,UCIJAlAYCNN8RACtDDsy9K6g,Novelbright,646175482,732000,319
2025-11-25 05:38:54,UCHghNZNbV-CPbb_f3FslObw,がんばるぴえんちゃんパチンコ日記,80145122,100000,1528
2025-11-25 05:38:54,UCYXmyrGUVL8tX7VEvo_DjPw,シャル@ツモらせ隊,82945414,178000,897
2025-11-25 05:38:54,UCJnL-TBcsYrF2SLs7tmiC8Q,tripleS official,678132684,2880000,3043
2025-11-25 05:38:54,UC8eq3M3Yft3FUgxEX6lOZMg,chotokkyu - Topic,35677153,577,486
2025-11-25 05:38:54,UCRDJ3DN-6ND_a4LSJ35L91A,立川ちゃんねる,106183484,107000,638
2025-11-25 05:38:54,UC__iCxFigPdcry_UBv6sDGw,IO,16107442,38000,13
2025-11-25 05:38:54,UCpGpA7mSYmNJjLiJxKso5QA,しもふりチューブ,1782413237,2160000,3019
2025-11-25 05:38:54,UCHazKLThRbMyMFu2bVAKhng,ウォーターチャレンジ,3128267448,3150000,2179
2025-11-25 05:38:54,UChhKBlh_wvspTh5n4mL0b5g,BOYNEXTDOOR,1153888296,2060000,2186
2025-11-25 05:38:54,UClNdVSK1uy2xFHTaXZYXopw,らっだぁ,1816769712,1450000,2340
2025-11-25 05:38:54,UCILZFnKZJksR7zwhZbAB4vw,れじぇくん,1502777490,1170000,1427
2025-11-27 07:38:49,UCNVIo0UJXTdEnsRkCB9Q03w,ILLIT - Topic,564492320,57700,59
2025-11-27 07:38:49,UCtyXllCXnTAg4rjfI3UwIgA,しょうちゃんネル,300738637,138000,1547
2025-11-27 07:38:49,UChhKBlh_wvspTh5n4mL0b5g,BOYNEXTDOOR,1166800131,2060000,2200
2025-11-27 07:38:49,UCHghNZNbV-CPbb_f3FslObw,がんばるぴえんちゃんパチンコ日記,80359809,100000,1532
2025-11-27 07:38:49,UCxIK6x6sG7Ln5vjjPYpgeAw,Chogakusei Official,674277867,1010000,564
2025-11-27 07:38:49,UCFQu6Q-9LAS3KoEuRDNkzGA, ニート部,659051656,680000,3213
2025-11-27 07:38:49,UC3ruCdV7xnwAbpkW9tQq-6A,のーわん【NoOnE】,419227849,409000,1206
2025-11-27 07:38:49,UCJy7zfLsKBXoo2soFMum7JQ,あかさかの箱,1290432566,2620000,2688
2025-11-27 07:38:49,UCof7dOTnyxaidkKkcIFuflQ,Mone Kamishiraishi - Topic,26335972,326,123
2025-11-27 07:38:49,UC9qSqkNFiByKzzoxT3Cydyw,Aiobahn,28114924,90100,14
2025-11-27 07:38:49,UCdVD0MsYecQaIE5Ru-pOIQQ,RIIZE,1015326967,1870000,1382
2025-11-27 07:38:49,UCtiObj3CsEAdNU6ZPWDsddQ,TOMORROW X TOGETHER OFFICIAL,3494513829,13100000,3041
2025-11-27 07:38:49,UCVh47EKH9VLresRqiYi9txw,Mili,608668101,1010000,117
2025-11-27 07:38:49,UCH-lygWpHodDff3iQurnWnQ,加藤純一切り抜き集,1719047989,580000,5439
2025-11-27 07:38:49,UCHvFSU5OP6c7QcJxIr87YtA,ウタエル Utael,446316043,582000,903
2025-11-27 07:38:49,UCu2Fxqf37DAZ0ZhIsd1FZwA,Capcom Fighters JP,262400008,257000,3907
2025-11-27 07:38:49,UC1FQWQ3y3-e8l1pCtWhJt5A,Vaundy,2295815134,2430000,226
2025-11-27 07:38:49,UCYXmyrGUVL8tX7VEvo_DjPw,シャル@ツモらせ隊,83246778,178000,901
2025-11-27 07:38:49,UCHp2q2i85qt_9nn2H7AvGOw,NiziU Official,1563277157,2290000,2504
2025-11-27 07:38:49,UCDhOdoqPxv96djR3tSq9NoA,ショコラ大佐の秘密基地,148514604,138000,1746
2025-11-27 07:38:49,UC8_Ag6BVp43Vmrx6eillK9g,Vaundy - Topic,909410799,2190,110
2025-11-27 07:38:49,UCOfESRUR5duQ2hMnTQ4oqhA,BUMP OF CHICKEN,1637208579,1590000,165
2025-11-27 07:38:49,UCwJYQvXHtNn1c7RqED4E7MA,パンダドラゴン,44018394,92300,533
2025-11-27 07:38:49,UCLrYavXppY_4oRfquHk9VQg,HAGANE,14455474,74900,142
2025-11-27 07:38:49,UC_vMYWcDjmfdpH6r4TTn1MQ,Iroha ch. 風真いろは - holoX -,262964239,1130000,1053
2025-11-27 07:38:49,UCLkAepWjdylmXSltofFvsYQ,BANGTANTV,26052132409,81700000,2935
2025-11-27 07:38:49,UC_ntXHv-XdKCD7CPynVvnQw,Bandai Namco Entertainment America,615539104,1460000,3570
2025-11-27 07:38:49,UCX7YkU9nEeaoZbkVLVajcMg,にじさんじ,1071857867,1870000,2823
2025-11-27 07:38:49,UC-_iQWdEZY66nGGaHH0Ygmg,僕が見たかった青空,52805973,122000,498
2025-11-27 07:38:49,UC1DqlLj1onQhBfxW81OgQTw,GLAY,732544767,541000,884
2025-11-27 07:38:49,UCFvSFbT8okMrpuFxBEIB2lg,M!LK,89927468,10400,243
2025-11-27 07:38:49,UCmovZ2th3Sqpd00F5RdeigQ,加賀美 ハヤト/Hayato Kagami,332409391,921000,1522
2025-11-27 07:38:49,UCc-itdQHxLvUlPrDxIiSJrA,INI,748068954,653000,1268
2025-11-27 07:38:49,UCPJCP_fon2mOMfibbBPUOYw,SAWAYAN GAMES / サワヤン ゲームズ,1299022989,2070000,3417
2025-11-27 07:38:49,UCL7VEatXa9yBCKeM-ww8TnA,NX☆くさあん,208509168,238000,3563
2025-11-27 07:38:49,UCylNKKCfPMm8ROXasQWTonA,響咲リオナの足,3252151,6970,124
2025-11-27 07:38:49,UCdCC1L_OxLrkoEjR19iXpRw,パチスロードch,135958194,75700,815
2025-11-27 07:38:49,UCIJAlAYCNN8RACtDDsy9K6g,Novelbright,652756465,733000,319
2025-11-27 07:38:49,UCB_qr75-ydFVKSF9Dmo6izg,FORMULA 1,8868120810,13700000,9408
2025-11-27 07:38:49,UClNdVSK1uy2xFHTaXZYXopw,らっだぁ,1818594075,1450000,2341
2025-11-27 07:38:49,UCoQhX2O93MVTWfgIz-8wOmg,KUNの50人クラフト,465752151,543000,1049
2025-11-27 07:38:49,UCjcYYjM16TFOPXDjWgzHiHA,超覚醒てえんだ「スロパチ生放送」,87303765,140000,571
2025-11-27 07:38:49,UCGjV4bsC43On-YuiLZcfL0w,KUN,3389035363,1660000,11232
2025-11-27 07:38:49,UCEf_Bc-KVd7onSeifS3py9g,SMTOWN,32604384233,33500000,4641
2025-11-27 07:38:49,UCp_Az_oKu8-J5qIQpF35JbA,やわらちゃんねる,192967438,279000,862
2025-11-27 07:38:49,UC6qVAJzxF5kSN_UUFSdODiQ,MAZZEL - Topic,19327931,8260,57
2025-11-27 07:38:49,UC-ifW8mHzfsZVGHY8vxqrjA,A.B.C-Z,59464169,54600,437
2025-11-27 07:38:49,UCOx-oLP9tOhiYwSK_m-yVxA,オモコロチャンネル,618321757,473000,1144
2025-11-27 07:38:49,UC-hM6YJuNYVAmUWxeIr9FeA,Miko Ch. さくらみこ,889625882,2460000,2043
2025-11-27 07:38:49,UCu3kfiUaK7MmkQ40omEpGyQ,ナナ色チャンネル,4617009,8320,83
2025-11-27 07:38:49,UCYe_uTI6X6mm9qaXm8iWFDg,ノッチ配信者パチンコライブ,268791622,125000,2727
2025-11-27 07:38:49,UCdPCarwi28K5Z7s5l2nMiLw,Uru Official YouTube Channel,901097541,1180000,296
2025-11-27 07:38:49,UClqWF_XeXy469i4KDurpjWw,Yukopi,0,2,1
2025-11-27 07:38:49,UC6FadPgGviUcq6VQ0CEJqdQ,Juice=Juice,163770158,250000,280
2025-11-27 07:38:49,UC4YT50DP7hbMsor8FmyEPMw,Victor Entertainment,1489698608,1070000,4972
2025-11-27 07:38:49,UCqKNMJ5s_vsf7WkesdBrvQA,IS:SUE,87680204,221000,769
2025-11-27 07:38:49,UCzRzPAT-AjlPyec5yXG974g,カワノKawano,208043598,184000,1322
2025-11-27 07:38:49,UCtceiniicYEsbAVuWy-Bi0Q,ドラゴンクエストウォーク公式,50338847,181000,160
2025-11-27 07:38:49,UCyTaStlK0neSuKveYOIioaw,ぐんぐにるチャンネル,275072390,426000,447
2025-11-27 07:38:49,UCDbUUremwf8k1x1GTYfB1Ng,ニート部クラフト,20408585,97200,125
2025-11-27 07:38:49,UC9rMiEjNaCSsebs31MRDCRA,Stray Kids,9673395528,22200000,1879
2025-11-27 07:38:49,UC6SmH9mR82nj28_NNg_rZvA,スクウェア・エニックス,1173185129,1090000,10984
2025-11-27 07:38:49,UCOTR1tcOAhjgi6YukrPpZxg,まふまふちゃんねる,2481479816,3610000,511
2025-11-27 07:38:49,UCMGvmEqkVbl372DCyn3NLAw,【吹いたら負け】葛葉先生のしくじり【切り抜き】,180555446,136000,978
2025-11-27 07:38:49,UCs8nP5mUR3pwJmgixsul8Hw,Saucy Dog,503080790,860000,121
2025-11-27 07:38:49,UC8Qwnts13zIh2EYUCau6m3w,ONE N' ONLY TV,112267072,214000,794
2025-11-27 07:38:49,UCxWcO9CLti4uouUIS5IIF-Q,Nornis,59019055,228000,110
2025-11-27 07:38:49,UCPVr7clenPjpD7WNsSI3UBQ,レトルト,2878966659,2590000,3850
2025-11-27 07:38:49,UCZwcUEEjD8RVzB-TAw1ts3g,Eden - Topic,4247351,1740,38
2025-11-27 07:38:49,UCrKna8EQAd7NPRYq-gIsuow,ホロライ部【ホロライブ切り抜き】,70059191,37800,614
2025-11-27 07:38:49,UCZMRuagdTBKmmrFtSMN48Xw,牛沢,2665237130,1800000,3740
2025-11-27 07:38:49,UCHD1jo5RhijLfx5-0Ehe_cg,&TEAM,466813545,1320000,1408
2025-11-27 07:38:49,UC_DopZ9OANqNGho0wFwADqA,けいちゃん / Keichan,502697517,1270000,606
2025-11-27 07:38:49,UCcz2Y1yhR42UxbFwvPFGCmA,きっしー助六ちゃんねる,75804570,61500,940
2025-11-27 07:38:49,UCtPyU9cJgvvgH03PQKgaucA,ファミ通TUBE,183049444,208000,8153
2025-11-27 07:38:49,UCUW6U6iOrntB0jw6-AbQo8g,RED Games,250478782,209000,3569
2025-11-27 07:38:49,UCv7VutirxDn3RWIJXI68n_A,＝LOVE（イコールラブ）公式チャンネル,466225819,556000,474
2025-11-27 07:38:49,UCx1nAvtVDIsaGmCMSe8ofsQ,加藤純一【jun channel】,1137353557,1280000,1835
2025-11-27 07:38:49,UCXeTnWiRoifoHHEzSyR5Ogg,パチンコ・パチスロ必勝ガイドチャンネル,52764469,86300,1324
2025-11-27 07:38:49,UC070fhnqq38qNhqHm5rxTcQ,令和ちゃんねる,428434108,506000,3628
2025-11-27 07:38:49,UC5nxCVEWQLLfkPuMylpkYkA,ロス,123613887,487000,68
2025-11-27 07:38:49,UCMzLWawc9x3rUsqYDEfgqzA,ジャック・オ・蘭たん,712569541,648000,1888
2025-11-27 07:38:49,UCfkXDY7vwkcJ8ddFGz8KusA,SEVENTEEN,7797609294,16200000,3277
2025-11-27 07:38:49,UCj4PjeVMnNTHIR5EeoNKPAw,ドズル社,4902232621,2570000,10212
2025-11-27 07:38:49,UC3IZKseVpdzPSBaWxBxundA,HYBE LABELS,42525965792,79100000,2930
2025-11-27 07:38:49,UCHazKLThRbMyMFu2bVAKhng,ウォーターチャレンジ,3130243899,3150000,2181
2025-11-27 07:38:49,UCGc93NguHRwzv1Rw9MyIcxQ,鳴潮 (Wuthering Waves)公式,103289027,345000,465
2025-11-27 07:38:49,UCqeAYB1DMzfM-hG-Up52yNQ,つるおかかものはし,371359176,387000,3610
2025-11-27 07:38:49,UChUjERVG8eKEAJSCef-tTmg,k4sen / かせん,718133831,1020000,3063
2025-11-27 07:38:49,UCBuLdF0tQn5oZjpvYWSQkaA,Liura Channel,92182018,206000,375
2025-11-27 07:38:49,UCZ1xuCK1kNmn5RzPYIZop3w,リゼ・ヘルエスタ -Lize Helesta-,299263684,957000,1090
2025-11-27 07:38:49,UCC4xWbcBVn-tHgchhrdmFpg,Jinmenusagi,9965654,32700,80
2025-11-27 07:38:49,UCMR5xpbhv3jzIQG1TOTg-Jg,B'z - Topic,290447628,3870,678
2025-11-27 07:38:49,UCMF_5h2OejEhVorTB02UUSg,MAZZEL,243792578,284000,721
2025-11-27 07:38:49,UCBLGjbYv6-xxju1i44RjnnA,明透 -ᴀsᴜ-,132564670,625000,494
2025-11-27 07:38:49,UCZVVCZwOpCbDXB84SDqWixQ,Lil Shady,56319498,284000,97
2025-11-27 07:38:49,UCdkVEDVAW5aFmA-Mkz0lAFQ,ひたまゆ。,466569140,410000,2793
2025-11-27 07:38:49,UCWvr04hMa4k4wSilYcQ4qoA,キャベツの人【ゲーム紹介】,253195350,418000,973
2025-11-27 07:38:49,UCM3yhFc0-fBFuvqx1Vg2YNQ,まいぜんシスターズ,7171218264,3180000,1860
2025-11-27 07:38:49,UC0ux2IFOXkj6ifQ4aSs9l7Q,大月【おおつき】,14755460,17400,1218
2025-11-27 07:38:49,UCcg_rvE-fU2tATMwBAxW9bA,ヤングスキニー,149492671,238000,603
2025-11-27 07:38:49,UCjJmYy279ehSYSwR1A3fXtA,マグロヘッド,393970578,735000,1753
2025-11-27 07:38:49,UCaO6TYtlC8U5ttz62hTrZgg,JYP Entertainment,26024673774,31500000,2639
2025-11-27 07:38:49,UCSFCh5NL4qXrAy9u-u2lX3g,Kuzuha Channel,1426871249,2100000,2820
2025-11-27 07:38:49,UC3NrSfe_yR5XX9zGFxYoV1Q,HIRAIDAI - Topic,281321781,3400,415
2025-11-27 07:38:49,UCpGpA7mSYmNJjLiJxKso5QA,しもふりチューブ,1783234955,2160000,3021
2025-11-27 07:38:49,UCXqWKjzm2YMH6Bs7rAmsKFw,福本大晴,7386640,89600,145
2025-11-27 07:38:49,UChn5TjkeEqd-JxzizMVSkOw,ハヤトの野望,1035273674,1510000,2417
2025-11-27 07:38:49,UCKU0SVkIPRqwiZaXJ9rXhdw,シュート。,216524805,256000,2334
2025-11-27 07:38:49,UCdszfKemUn36sOEplfkiGVQ,GPV LABEL,3010003,5360,90
2025-11-27 07:38:49,UC15ebOqdhmvl1eb0s0jk5aw,戦極MCBATTLE,1332572110,847000,5383
2025-11-27 07:38:49,UCpT4syVopfBl2bATVfAt65g,澤野弘之 / SawanoHiroyuki[nZk],51700285,3990,22
2025-11-27 07:38:49,UCHzevlEL9JfsBIm86uNCJqg,宮野真守,78718653,449000,329
2025-11-27 07:38:49,UC7aYDbAOIKIMt25ENfJ68Qw,ルカ,118706200,120000,2126
2025-11-27 07:38:49,UCZetZElUvdElPrcstRjl9DA,加藤純一ロードショー,413351485,509000,982
2025-11-27 07:38:49,UCtKBQ2BYD76GiJvcpZOBorg,えいま,11412217,13500,346
2025-11-27 07:38:49,UCILZFnKZJksR7zwhZbAB4vw,れじぇくん,1503150752,1170000,1428
2025-11-27 07:38:49,UCdn5BQ06XqgXoAxIhbqw5Rg,フブキCh。白上フブキ,710674501,2640000,2968
2025-11-27 07:38:49,UC9Lx-zRFGfpuls27tNAOIqA,マエスケ,1542232163,1840000,1138
2025-11-27 07:38:49,UCtwTCZuQkTIwUf5m9mlZnOQ,Release - Topic,15655,46,7
2025-11-27 07:38:49,UCAWxPGGuIfWME2KTLUmSCHw,ぱかチューブっ!【ウマ娘公式】,516010480,1310000,1287
2025-11-27 07:38:49,UC3VId8brfshtHO6gMMqnZ5A,FLOW GLOW - Topic,380802,2190,5
2025-11-27 07:38:49,UCqm3BQLlJfvkTsX_hvm0UmA,Watame Ch. 角巻わため,610016767,1700000,2979
2025-11-27 07:38:49,UCeTo4Eh0TzpKbUL4vGQZ73A,LEX *,4529834,1280,14
2025-11-27 07:38:49,UCH4yRBPH2pDUjPeqomx8CTQ,てるとくん,548470164,1330000,1894
2025-11-27 07:38:49,UCXEo7JprZQGCPkezcZylHlQ,黒炭酸,152370607,202000,1757
2025-11-27 07:38:49,UC2NujFa5X09CdV0YCntmQDg,板橋ハウス,904835559,752000,2029
2025-11-27 07:38:49,UCBhPDpv9JavoPADrZcsAC2A,あらき-ARAKI Official,320679686,489000,260
2025-11-27 07:38:49,UCENwRMx5Yh42zWpzURebzTw,Laplus ch. ラプラス・ダークネス - holoX -,399675087,1450000,917
2025-11-27 07:38:49,UCeK22JmzkTMa69kZU9NEqsA,めじの【Vtuber応援隊】,31854678,15100,539
2025-11-27 07:38:49,UCJnL-TBcsYrF2SLs7tmiC8Q,tripleS official,697072588,2880000,3056
2025-11-27 07:38:49,UCkVvAm5jb62IMIJQj4wPVGA,TMSアニメ公式チャンネル,379265333,898000,1147
2025-11-27 07:38:49,UCspv01oxUFf_MTSipURRhkA,Kanae Channel,785230045,1510000,4292
2025-11-27 07:38:49,UCmnZL4tFRl4sm-uJOxTLHmg,今日ポケch.,985785109,569000,1304
2025-11-27 07:38:49,UCzXjPL7zo0bxhOYDxLJ9YEg,ポッキー,4096874901,3750000,4360
2025-11-27 07:38:49,UC7wu64jFsV02bbu6UHUd7JA,ガンダムチャンネル,412502039,1670000,1654
2025-11-27 07:38:49,UCqMRVBz-hhSFRuqlL1guqig,あひるだっく,52092416,128000,89
2025-11-27 07:38:49,UC1DCedRgGHBdm81E1llLhOQ,Pekora Ch. 兎田ぺこら,1012567289,2740000,2343
2025-11-27 07:38:49,UC56x--_QtyaWD1QptYrPMqA,刀剣乱舞 公式チャンネル,9539808,131000,116
2025-11-27 07:38:49,UC9zY_E8mcAo_Oq772LEZq8Q,THE FIRST TAKE,6261501950,11500000,1529
2025-11-27 07:38:49,UChVflUz2J_jaaqYjXqvpmQA,iLiFE!【あいらいふ】,246311299,485000,533
2025-11-27 07:38:49,UCYLp2FLXcqLUZhvrCxQmNIA,胡桃沢りりか,41002456,100000,2571
2025-11-27 07:38:49,UC3J-txytRWiRtNXrLS95eEw,ASIAN KUNG-FU GENERATION Official YouTube Channel,608265861,788000,282
2025-11-27 07:38:49,UCpYHkc4rzWEW7iVXIyxQebA,Hey! Say! JUMP - Topic,58891636,5080,738
2025-11-27 07:38:49,UCBA-kvU_zYdKreZbhhywX2Q,あいずちゃんねる,147762219,57400,803
2025-11-27 07:38:49,UCt09C9DPSuOGpHoitbcyCIQ,ゼンレスゾーンゼロ-ZZZ-公式,229813205,754000,429
2025-11-27 07:38:49,UCkv76wCrBDQNn7ctcbn6Qeg,Nissy - Topic,93321454,26400,192
2025-11-27 07:38:49,UCeA0fcfLVewbuD7H5YsrpdA,ライキジョーンズ,118818550,146000,3390
2025-11-27 07:38:49,UCAaGaynFpku5cAx6OOSrW-w,HoneyWorks OFFICIAL,1601855248,2850000,550
2025-11-27 07:38:49,UC6H_7uSepAzrlayBjAb9rrg,WurtS - Topic,69060265,698,82
2025-11-27 07:38:49,UCy9GuRXGTm8TliQ-OJ7KwzA,【V.I.P】,978506983,979000,2495
2025-11-27 07:38:49,UCOjkVJQcjtWnpf0-1ft4brA,ゆっくりむちゃたぬき,210112850,352000,423
2025-11-27 07:38:49,UCN7_YMtKaUiizHpw77XLVcw,EXILE,188549954,14800,308
2025-11-27 07:38:49,UCy0DH4rgPPjDWVZO7wibcSQ,めめんともり,351780904,335000,468
2025-11-27 07:38:49,UCvzGlP9oQwU--Y0r9id_jnA,Subaru Ch. 大空スバル,581212274,1950000,1895
2025-11-27 07:38:49,UCOVLrBaOiMH5QDKXTycZ8Pw,やっちゃんの崖っぷちスロパチ生活,698795746,326000,5204
2025-11-27 07:38:49,UCS57xc1Bf-znC9_ouCc3SZw,佐野元春 - DaisyMusic,50511392,77700,163
2025-11-27 07:38:49,UCkKj-SiKyiFkj_dO1vmY3gA,加藤純一RECORDS,5240810,29200,82
2025-11-27 07:38:49,UCv2ejD5B1xOYtGB2cf80B8g,Netflix Japan,1982053787,2300000,7759
2025-11-27 07:38:49,UCUzpZpX2wRYOk3J8QTFGxDg,乃木坂46 OFFICIAL YouTube CHANNEL,1610447858,1730000,1168
2025-11-27 07:38:49,UCRDJ3DN-6ND_a4LSJ35L91A,立川ちゃんねる,106517662,107000,639
2025-11-27 07:38:49,UCrQUlOEbu-0T0l4DAcBEeIg,pizzaofdeathofficial,408137708,332000,372
2025-11-27 07:38:49,UCMJiPpN_09F0aWpQrgbc_qg,キヨ。,6531537929,5480000,3083
2025-11-27 07:38:49,UCdMGYXL38w6htx6Yf9YJa-w,プロジェクトセカイ カラフルステージ! feat. 初音ミク,2003481748,2060000,1907
2025-11-27 07:38:49,UC8rk-fIWJXYlSF8tkfG9wWg,天色鮫,66592457,192000,132
2025-11-27 07:38:49,UC5vqbtNnbOF2h7A_xlrIPUw,ぽっぴんず,916718072,630000,1053
2025-11-27 07:38:49,UC8eq3M3Yft3FUgxEX6lOZMg,chotokkyu - Topic,35801881,577,486
2025-11-27 07:38:49,UCENoC6MLc4pL-vehJyzSWmg,もこうの実況,1736272748,1600000,5787
2025-11-27 07:38:49,UCYA14rrNjvQq_P_YSNeJHgA,スロライブ,89912824,46500,895
2025-11-27 07:38:49,UCqQNCRSihFHVsXrDikNeYSg,げまじょが好き【にじさんじEXゲマズ切り抜き】,4562810,2350,118
2025-11-27 07:38:49,UCx-QS9BIo_L_lx5dkpys1qw,ねこまんまのパチ•チャンネル,7980136,14300,168
2025-11-27 07:38:49,UCFuugQScqDfJcsOEWbL1_tg,Gero Channel,209118582,551000,166
2025-11-27 07:38:49,UCooVYzDxdwTtGYAkcPmOgOw,Brawl Stars,4004541024,23200000,370
2025-11-27 07:38:49,UCgmFrRcyH7d1zR9sIVQhFow,ローレン・イロアス / Lauren Iroas【にじさんじ】,396892908,953000,1049
2025-11-27 07:38:49,UCCzUftO8KOVkV4wQG1vkUvg,Marine Ch. 宝鐘マリン,2033880549,4260000,1560
2025-11-27 07:38:49,UC__iCxFigPdcry_UBv6sDGw,IO,16308497,38200,13
2025-11-27 07:38:49,UCOXOcEbERAwGlE4ig9MaLSQ,夜勤明けパチンコパチスロ実践記,275621078,166000,1623
2025-11-27 07:38:49,UCiZqWVAeChfqlom5ZPR3ZJA,NCT WISH,630033332,1140000,1125
2025-11-27 07:38:49,UCvo8JUqHh2d1QGnK3LKyI4Q,ポケモンユナイト公式チャンネル,31957122,139000,467
2025-11-27 07:38:49,UCvaTdHTWBGv3MKj3KVqJVCw,Okayu Ch. 猫又おかゆ,626491070,2060000,1592
2025-11-27 07:38:49,UCEfbtVOJgicdHjs5HzOzJlA,ぱち・スロ部,3670936,1770,303
2025-11-27 07:38:49,UCfipDDn7wY-C-SoUChgxCQQ,葉山舞鈴 / Ohayama Ch.,88056806,599000,1339
2025-11-27 07:38:49,UCc-PPk-lNe34JaWCcJQCL0g,ドコムスチャンネル,540983918,593000,2023
2025-11-27 07:38:49,UCXURHJRGr4-EB3l87kcbElw,NCT DREAM,2300999800,7000000,1314
2025-11-27 07:38:49,UC14QT5j2nQI8lKBCGtrrBQA,アニプレックス チャンネル,4305419674,3720000,15436
2025-11-27 07:38:49,UCHVkYOT63gAz5yTxjo68_Ng,家スロットゲームパンダ’s ROOM@琉球🐼🪸,1218125,1680,76
2025-11-27 07:38:49,UCDwcZ85zjLKD-3-jqlv1wQQ,アンジュルム,213864061,229000,370
2025-11-26 06:33:03,UC6FadPgGviUcq6VQ0CEJqdQ,Juice=Juice,162049064,249000,280
2025-11-26 06:33:03,UCOTR1tcOAhjgi6YukrPpZxg,まふまふちゃんねる,2481137032,3610000,511
2025-11-26 06:33:03,UC56x--_QtyaWD1QptYrPMqA,刀剣乱舞 公式チャンネル,9474083,131000,116
2025-11-26 06:33:03,UCOVLrBaOiMH5QDKXTycZ8Pw,やっちゃんの崖っぷちスロパチ生活,698686126,326000,5202
2025-11-26 06:33:03,UCUW6U6iOrntB0jw6-AbQo8g,RED Games,250181640,209000,3566
2025-11-26 06:33:03,UCDwcZ85zjLKD-3-jqlv1wQQ,アンジュルム,213864061,229000,370
2025-11-26 06:33:03,UCv7VutirxDn3RWIJXI68n_A,＝LOVE（イコールラブ）公式チャンネル,466225819,555000,474
2025-11-26 06:33:03,UC3IZKseVpdzPSBaWxBxundA,HYBE LABELS,42512507391,79100000,2929
2025-11-26 06:33:03,UCt09C9DPSuOGpHoitbcyCIQ,ゼンレスゾーンゼロ-ZZZ-公式,229399260,754000,427
2025-11-26 06:33:03,UCkVvAm5jb62IMIJQj4wPVGA,TMSアニメ公式チャンネル,378912152,898000,1145
2025-11-26 06:33:03,UCHD1jo5RhijLfx5-0Ehe_cg,&TEAM,466813545,1320000,1405
2025-11-26 06:33:03,UC8eq3M3Yft3FUgxEX6lOZMg,chotokkyu - Topic,35748306,577,486
2025-11-26 06:33:03,UCOjkVJQcjtWnpf0-1ft4brA,ゆっくりむちゃたぬき,209988723,352000,423
2025-11-26 06:33:03,UCtKBQ2BYD76GiJvcpZOBorg,えいま,11406528,13500,346
2025-11-26 06:33:03,UCeK22JmzkTMa69kZU9NEqsA,めじの【Vtuber応援隊】,31764823,15100,537
2025-11-26 06:33:03,UCtiObj3CsEAdNU6ZPWDsddQ,TOMORROW X TOGETHER OFFICIAL,3494513829,13100000,3039
2025-11-26 06:33:03,UCtyXllCXnTAg4rjfI3UwIgA,しょうちゃんネル,299486157,138000,1546
2025-11-26 06:33:03,UCAaGaynFpku5cAx6OOSrW-w,HoneyWorks OFFICIAL,1601855248,2850000,550
2025-11-26 06:33:03,UCJy7zfLsKBXoo2soFMum7JQ,あかさかの箱,1289845708,2620000,2687
2025-11-26 06:33:03,UCVh47EKH9VLresRqiYi9txw,Mili,608668101,1000000,117
2025-11-26 06:33:03,UCAWxPGGuIfWME2KTLUmSCHw,ぱかチューブっ!【ウマ娘公式】,515145586,1310000,1288
2025-11-26 06:33:03,UCHzevlEL9JfsBIm86uNCJqg,宮野真守,78718653,449000,329
2025-11-26 06:33:03,UCH-lygWpHodDff3iQurnWnQ,加藤純一切り抜き集,1718686707,580000,5439
2025-11-26 06:33:03,UC9zY_E8mcAo_Oq772LEZq8Q,THE FIRST TAKE,6258961813,11500000,1527
2025-11-26 06:33:03,UCL7VEatXa9yBCKeM-ww8TnA,NX☆くさあん,208296900,238000,3562
2025-11-26 06:33:03,UCJnL-TBcsYrF2SLs7tmiC8Q,tripleS official,678132684,2880000,3050
2025-11-26 06:33:03,UCrQUlOEbu-0T0l4DAcBEeIg,pizzaofdeathofficial,407934341,331000,372
2025-11-26 06:33:03,UC__iCxFigPdcry_UBv6sDGw,IO,16107442,38100,13
2025-11-26 06:33:03,UCdMGYXL38w6htx6Yf9YJa-w,プロジェクトセカイ カラフルステージ! feat. 初音ミク,2001799088,2060000,1907
2025-11-26 06:33:03,UCEf_Bc-KVd7onSeifS3py9g,SMTOWN,32598484139,33500000,4640
2025-11-26 06:33:03,UCYe_uTI6X6mm9qaXm8iWFDg,ノッチ配信者パチンコライブ,268630438,125000,2725
2025-11-26 06:33:03,UC2NujFa5X09CdV0YCntmQDg,板橋ハウス,904353577,752000,2028
2025-11-26 06:33:03,UC15ebOqdhmvl1eb0s0jk5aw,戦極MCBATTLE,1332198365,847000,5381
2025-11-26 06:33:03,UCy9GuRXGTm8TliQ-OJ7KwzA,【V.I.P】,978122626,978000,2494
2025-11-26 06:33:03,UCEfbtVOJgicdHjs5HzOzJlA,ぱち・スロ部,3647814,1760,302
2025-11-26 06:33:03,UCHazKLThRbMyMFu2bVAKhng,ウォーターチャレンジ,3129441423,3150000,2180
2025-11-26 06:33:03,UCcg_rvE-fU2tATMwBAxW9bA,ヤングスキニー,147892001,238000,602
2025-11-26 06:33:03,UCGjV4bsC43On-YuiLZcfL0w,KUN,3388709675,1660000,11231
2025-11-26 06:33:03,UCrKna8EQAd7NPRYq-gIsuow,ホロライ部【ホロライブ切り抜き】,69980302,37800,613
2025-11-26 06:33:03,UCUzpZpX2wRYOk3J8QTFGxDg,乃木坂46 OFFICIAL YouTube CHANNEL,1610447858,1730000,1168
2025-11-26 06:33:03,UCYXmyrGUVL8tX7VEvo_DjPw,シャル@ツモらせ隊,83140398,178000,898
2025-11-26 06:33:03,UCBuLdF0tQn5oZjpvYWSQkaA,Liura Channel,92034864,206000,374
2025-11-26 06:33:03,UCXeTnWiRoifoHHEzSyR5Ogg,パチンコ・パチスロ必勝ガイドチャンネル,52664115,86200,1323
2025-11-26 06:33:03,UCwJYQvXHtNn1c7RqED4E7MA,パンダドラゴン,44018394,92300,532
2025-11-26 06:33:03,UCCzUftO8KOVkV4wQG1vkUvg,Marine Ch. 宝鐘マリン,2033880549,4260000,1560
2025-11-26 06:33:03,UCILZFnKZJksR7zwhZbAB4vw,れじぇくん,1502996991,1170000,1428
2025-11-26 06:33:03,UCx-QS9BIo_L_lx5dkpys1qw,ねこまんまのパチ•チャンネル,7913144,14200,167
2025-11-26 06:33:03,UC-hM6YJuNYVAmUWxeIr9FeA,Miko Ch. さくらみこ,889625882,2460000,2042
2025-11-26 06:33:03,UC9Lx-zRFGfpuls27tNAOIqA,マエスケ,1541402133,1830000,1137
2025-11-26 06:33:03,UCp_Az_oKu8-J5qIQpF35JbA,やわらちゃんねる,192880450,279000,862
2025-11-26 06:33:03,UClNdVSK1uy2xFHTaXZYXopw,らっだぁ,1817897479,1450000,2340
2025-11-26 06:33:03,UCqeAYB1DMzfM-hG-Up52yNQ,つるおかかものはし,371149965,387000,3607
2025-11-26 06:33:03,UC3VId8brfshtHO6gMMqnZ5A,FLOW GLOW - Topic,356832,2190,5
2025-11-26 06:33:03,UC9rMiEjNaCSsebs31MRDCRA,Stray Kids,9673395528,22200000,1874
2025-11-26 06:33:03,UChUjERVG8eKEAJSCef-tTmg,k4sen / かせん,717058740,1020000,3062
2025-11-26 06:33:03,UCdVD0MsYecQaIE5Ru-pOIQQ,RIIZE,1015326967,1870000,1376
2025-11-26 06:33:03,UCB_qr75-ydFVKSF9Dmo6izg,FORMULA 1,8863018977,13700000,9406
2025-11-26 06:33:03,UCNVIo0UJXTdEnsRkCB9Q03w,ILLIT - Topic,563206630,57700,59
2025-11-26 06:33:03,UCeA0fcfLVewbuD7H5YsrpdA,ライキジョーンズ,118710383,146000,3389
2025-11-26 06:33:03,UCFQu6Q-9LAS3KoEuRDNkzGA, ニート部,658691493,680000,3212
2025-11-26 06:33:03,UCvzGlP9oQwU--Y0r9id_jnA,Subaru Ch. 大空スバル,580902377,1950000,1894
2025-11-26 06:33:03,UCcz2Y1yhR42UxbFwvPFGCmA,きっしー助六ちゃんねる,75766033,61500,939
2025-11-26 06:33:03,UCPJCP_fon2mOMfibbBPUOYw,SAWAYAN GAMES / サワヤン ゲームズ,1298644407,2070000,3416
2025-11-26 06:33:03,UCxWcO9CLti4uouUIS5IIF-Q,Nornis,59019055,228000,110
2025-11-26 06:33:03,UCLkAepWjdylmXSltofFvsYQ,BANGTANTV,26052132409,81700000,2933
2025-11-26 06:33:03,UCzXjPL7zo0bxhOYDxLJ9YEg,ポッキー,4096481528,3750000,4359
2025-11-26 06:33:03,UCOXOcEbERAwGlE4ig9MaLSQ,夜勤明けパチンコパチスロ実践記,275557304,166000,1622
2025-11-26 06:33:03,UCX7YkU9nEeaoZbkVLVajcMg,にじさんじ,1071426596,1870000,2825
2025-11-26 06:33:03,UCdCC1L_OxLrkoEjR19iXpRw,パチスロードch,135645033,75600,814
2025-11-26 06:33:03,UCfkXDY7vwkcJ8ddFGz8KusA,SEVENTEEN,7797609294,16200000,3275
2025-11-26 06:33:03,UCHghNZNbV-CPbb_f3FslObw,がんばるぴえんちゃんパチンコ日記,80271722,100000,1529
2025-11-26 06:33:03,UCENoC6MLc4pL-vehJyzSWmg,もこうの実況,1736008262,1600000,5786
2025-11-26 06:33:03,UC8rk-fIWJXYlSF8tkfG9wWg,天色鮫,66516551,192000,132
2025-11-26 06:33:03,UCMJiPpN_09F0aWpQrgbc_qg,キヨ。,6529787323,5480000,3083
2025-11-26 06:33:03,UCgmFrRcyH7d1zR9sIVQhFow,ローレン・イロアス / Lauren Iroas【にじさんじ】,396660732,953000,1048
2025-11-26 06:33:03,UCx1nAvtVDIsaGmCMSe8ofsQ,加藤純一【jun channel】,1137052735,1280000,1834
2025-11-26 06:33:03,UCtPyU9cJgvvgH03PQKgaucA,ファミ通TUBE,182987455,208000,8152
2025-11-26 06:33:03,UCN7_YMtKaUiizHpw77XLVcw,EXILE,188383635,14700,307
2025-11-26 06:33:03,UC6qVAJzxF5kSN_UUFSdODiQ,MAZZEL - Topic,19259693,8260,57
2025-11-26 06:33:03,UCXURHJRGr4-EB3l87kcbElw,NCT DREAM,2300999800,7000000,1312
2025-11-26 06:33:03,UCWvr04hMa4k4wSilYcQ4qoA,キャベツの人【ゲーム紹介】,252994622,418000,972
2025-11-26 06:33:03,UC_vMYWcDjmfdpH6r4TTn1MQ,Iroha ch. 風真いろは - holoX -,262769862,1130000,1051
2025-11-26 06:33:03,UCRDJ3DN-6ND_a4LSJ35L91A,立川ちゃんねる,106355069,107000,639
2025-11-26 06:33:03,UC0ux2IFOXkj6ifQ4aSs9l7Q,大月【おおつき】,14755191,17400,1217
2025-11-26 06:33:03,UC4YT50DP7hbMsor8FmyEPMw,Victor Entertainment,1489340716,1070000,4972
2025-11-26 06:33:03,UChn5TjkeEqd-JxzizMVSkOw,ハヤトの野望,1034849113,1510000,2416
2025-11-26 06:33:03,UCHVkYOT63gAz5yTxjo68_Ng,家スロットゲームパンダ’s ROOM@琉球🐼🪸,1200426,1680,76
2025-11-26 06:33:03,UCMGvmEqkVbl372DCyn3NLAw,【吹いたら負け】葛葉先生のしくじり【切り抜き】,180495413,136000,978
2025-11-26 06:33:03,UCyTaStlK0neSuKveYOIioaw,ぐんぐにるチャンネル,275025805,426000,446
2025-11-26 06:33:03,UCMF_5h2OejEhVorTB02UUSg,MAZZEL,240478072,283000,721
2025-11-26 06:33:03,UCmovZ2th3Sqpd00F5RdeigQ,加賀美 ハヤト/Hayato Kagami,332409391,921000,1521
2025-11-26 06:33:03,UCMzLWawc9x3rUsqYDEfgqzA,ジャック・オ・蘭たん,712081720,648000,1887
2025-11-26 06:33:03,UCXEo7JprZQGCPkezcZylHlQ,黒炭酸,152159642,201000,1757
2025-11-26 06:33:03,UCoQhX2O93MVTWfgIz-8wOmg,KUNの50人クラフト,465283675,543000,1047
2025-11-26 06:33:03,UC-ifW8mHzfsZVGHY8vxqrjA,A.B.C-Z,59464169,54500,437
2025-11-26 06:33:03,UCu2Fxqf37DAZ0ZhIsd1FZwA,Capcom Fighters JP,260904621,257000,3894
2025-11-26 06:33:03,UCkKj-SiKyiFkj_dO1vmY3gA,加藤純一RECORDS,5156529,28900,82
2025-11-26 06:33:03,UCdkVEDVAW5aFmA-Mkz0lAFQ,ひたまゆ。,466360946,410000,2791
2025-11-26 06:33:03,UCooVYzDxdwTtGYAkcPmOgOw,Brawl Stars,4002060682,23200000,370
2025-11-26 06:33:03,UC_DopZ9OANqNGho0wFwADqA,けいちゃん / Keichan,502697517,1270000,605
2025-11-26 06:33:03,UCLrYavXppY_4oRfquHk9VQg,HAGANE,14455474,74700,141
2025-11-26 06:33:03,UCDhOdoqPxv96djR3tSq9NoA,ショコラ大佐の秘密基地,148323727,138000,1745
2025-11-26 06:33:03,UCZVVCZwOpCbDXB84SDqWixQ,Lil Shady,55380693,283000,97
2025-11-26 06:33:03,UCv2ejD5B1xOYtGB2cf80B8g,Netflix Japan,1980717825,2300000,7752
2025-11-26 06:33:03,UCqKNMJ5s_vsf7WkesdBrvQA,IS:SUE,87680204,221000,768
2025-11-26 06:33:03,UChhKBlh_wvspTh5n4mL0b5g,BOYNEXTDOOR,1153888296,2060000,2198
2025-11-26 06:33:03,UCZwcUEEjD8RVzB-TAw1ts3g,Eden - Topic,4211673,1720,38
2025-11-26 06:33:03,UCZ1xuCK1kNmn5RzPYIZop3w,リゼ・ヘルエスタ -Lize Helesta-,299063344,957000,1090
2025-11-26 06:33:03,UC5vqbtNnbOF2h7A_xlrIPUw,ぽっぴんず,916456047,630000,1052
2025-11-26 06:33:03,UCc-itdQHxLvUlPrDxIiSJrA,INI,748068954,652000,1267
2025-11-26 06:33:03,UC7wu64jFsV02bbu6UHUd7JA,ガンダムチャンネル,412236012,1670000,1655
2025-11-26 06:33:03,UCdszfKemUn36sOEplfkiGVQ,GPV LABEL,2972644,5240,89
2025-11-26 06:33:03,UCjcYYjM16TFOPXDjWgzHiHA,超覚醒てえんだ「スロパチ生放送」,87236992,140000,571
2025-11-26 06:33:03,UCylNKKCfPMm8ROXasQWTonA,響咲リオナの足,3189512,6730,122
2025-11-26 06:33:03,UCj4PjeVMnNTHIR5EeoNKPAw,ドズル社,4897496529,2560000,10209
2025-11-26 06:33:03,UCBA-kvU_zYdKreZbhhywX2Q,あいずちゃんねる,147605257,57400,803
2025-11-26 06:33:03,UCpGpA7mSYmNJjLiJxKso5QA,しもふりチューブ,1782869559,2160000,3020
2025-11-26 06:33:03,UC7aYDbAOIKIMt25ENfJ68Qw,ルカ,118648999,120000,2126
2025-11-26 06:33:03,UCYLp2FLXcqLUZhvrCxQmNIA,胡桃沢りりか,40936040,100000,2569
2025-11-26 06:33:03,UCOfESRUR5duQ2hMnTQ4oqhA,BUMP OF CHICKEN,1637208579,1590000,164
2025-11-26 06:33:03,UCqMRVBz-hhSFRuqlL1guqig,あひるだっく,52014676,127000,89
2025-11-26 06:33:03,UCDbUUremwf8k1x1GTYfB1Ng,ニート部クラフト,20342644,97000,125
2025-11-26 06:33:03,UCYA14rrNjvQq_P_YSNeJHgA,スロライブ,89816153,46500,894
2025-11-26 06:33:03,UCXqWKjzm2YMH6Bs7rAmsKFw,福本大晴,7285544,89700,144
2025-11-26 06:33:03,UCPVr7clenPjpD7WNsSI3UBQ,レトルト,2878259332,2590000,3850
2025-11-26 06:33:03,UC3J-txytRWiRtNXrLS95eEw,ASIAN KUNG-FU GENERATION Official YouTube Channel,608265861,788000,281
2025-11-26 06:33:03,UCc-PPk-lNe34JaWCcJQCL0g,ドコムスチャンネル,540575743,593000,2022
2025-11-26 06:33:03,UCH4yRBPH2pDUjPeqomx8CTQ,てるとくん,548135777,1330000,1893
2025-11-26 06:33:03,UC6SmH9mR82nj28_NNg_rZvA,スクウェア・エニックス,1172857723,1090000,10980
2025-11-26 06:33:03,UCZMRuagdTBKmmrFtSMN48Xw,牛沢,2664514554,1800000,3739
2025-11-26 06:33:03,UC070fhnqq38qNhqHm5rxTcQ,令和ちゃんねる,428217817,506000,3625
2025-11-26 06:33:03,UCKU0SVkIPRqwiZaXJ9rXhdw,シュート。,216424957,256000,2334
2025-11-26 06:33:03,UC_ntXHv-XdKCD7CPynVvnQw,Bandai Namco Entertainment America,615174747,1460000,3566
2025-11-26 06:33:03,UCFvSFbT8okMrpuFxBEIB2lg,M!LK,89365576,10300,243
2025-11-26 06:33:03,UCaO6TYtlC8U5ttz62hTrZgg,JYP Entertainment,26015574408,31500000,2639
2025-11-26 06:33:03,UCvo8JUqHh2d1QGnK3LKyI4Q,ポケモンユナイト公式チャンネル,31950409,139000,467
2025-11-26 06:33:03,UCxIK6x6sG7Ln5vjjPYpgeAw,Chogakusei Official,667393982,1010000,564
2025-11-26 06:33:03,UC14QT5j2nQI8lKBCGtrrBQA,アニプレックス チャンネル,4302784745,3720000,15426
2025-11-26 06:33:03,UC1FQWQ3y3-e8l1pCtWhJt5A,Vaundy,2295815134,2430000,226
2025-11-26 06:33:03,UCvaTdHTWBGv3MKj3KVqJVCw,Okayu Ch. 猫又おかゆ,626491070,2060000,1591
2025-11-26 06:33:03,UCIJAlAYCNN8RACtDDsy9K6g,Novelbright,646175482,733000,319
2025-11-26 06:33:03,UCu3kfiUaK7MmkQ40omEpGyQ,ナナ色チャンネル,4452742,8180,80
2025-11-26 06:33:03,UCSFCh5NL4qXrAy9u-u2lX3g,Kuzuha Channel,1425502121,2100000,2818
2025-11-26 06:33:03,UC-_iQWdEZY66nGGaHH0Ygmg,僕が見たかった青空,52805973,122000,498
2025-11-26 06:33:03,UC8_Ag6BVp43Vmrx6eillK9g,Vaundy - Topic,908573684,2190,110
2025-11-26 06:33:03,UCBhPDpv9JavoPADrZcsAC2A,あらき-ARAKI Official,320679686,489000,260
2025-11-26 06:33:03,UCC4xWbcBVn-tHgchhrdmFpg,Jinmenusagi,9965654,32600,80
2025-11-26 06:33:03,UC1DCedRgGHBdm81E1llLhOQ,Pekora Ch. 兎田ぺこら,1012094034,2740000,2342
2025-11-26 06:33:03,UCqQNCRSihFHVsXrDikNeYSg,げまじょが好き【にじさんじEXゲマズ切り抜き】,4495012,2340,118
2025-11-26 06:33:03,UChVflUz2J_jaaqYjXqvpmQA,iLiFE!【あいらいふ】,246311299,485000,531
2025-11-24 15:57:00,UCtPyU9cJgvvgH03PQKgaucA,ファミ通TUBE,182873937,207000,8150
2025-11-24 15:57:00,UCylNKKCfPMm8ROXasQWTonA,響咲リオナの足,3074800,6360,118
2025-11-24 15:57:00,UCzXjPL7zo0bxhOYDxLJ9YEg,ポッキー,4095759975,3750000,4358
2025-11-24 15:57:00,UChUjERVG8eKEAJSCef-tTmg,k4sen / かせん,714915186,1020000,3056
2025-11-24 15:57:00,UCy9GuRXGTm8TliQ-OJ7KwzA,【V.I.P】,977655202,978000,2492
2025-11-24 15:57:00,UCILZFnKZJksR7zwhZbAB4vw,れじぇくん,1502606449,1170000,1427
2025-11-24 15:57:00,UCvo8JUqHh2d1QGnK3LKyI4Q,ポケモンユナイト公式チャンネル,31921376,139000,467
2025-11-24 15:57:00,UCmovZ2th3Sqpd00F5RdeigQ,加賀美 ハヤト/Hayato Kagami,332409391,920000,1520
2025-11-24 15:57:00,UCX7YkU9nEeaoZbkVLVajcMg,にじさんじ,1070434481,1870000,2822
2025-11-24 15:57:00,UC1DCedRgGHBdm81E1llLhOQ,Pekora Ch. 兎田ぺこら,1011551819,2740000,2339
2025-11-24 15:57:00,UCBuLdF0tQn5oZjpvYWSQkaA,Liura Channel,91759525,206000,372
2025-11-24 15:57:00,UCKU0SVkIPRqwiZaXJ9rXhdw,シュート。,216131591,256000,2331
2025-11-24 15:57:00,UCMGvmEqkVbl372DCyn3NLAw,【吹いたら負け】葛葉先生のしくじり【切り抜き】,180309211,136000,978
2025-11-24 15:57:00,UCoQhX2O93MVTWfgIz-8wOmg,KUNの50人クラフト,464130069,543000,1045
2025-11-24 15:57:00,UCH-lygWpHodDff3iQurnWnQ,加藤純一切り抜き集,1717601261,580000,5439
2025-11-24 15:57:00,UCvzGlP9oQwU--Y0r9id_jnA,Subaru Ch. 大空スバル,580727397,1950000,1893
2025-11-24 15:57:00,UCGjV4bsC43On-YuiLZcfL0w,KUN,3387915625,1660000,11230
2025-11-24 15:57:00,UCOXOcEbERAwGlE4ig9MaLSQ,夜勤明けパチンコパチスロ実践記,275421734,166000,1622
2025-11-24 15:57:00,UCBhPDpv9JavoPADrZcsAC2A,あらき-ARAKI Official,320679686,488000,260
2025-11-24 15:57:00,UCrKna8EQAd7NPRYq-gIsuow,ホロライ部【ホロライブ切り抜き】,69530642,37700,612
2025-11-24 15:57:00,UCHD1jo5RhijLfx5-0Ehe_cg,&TEAM,466813545,1320000,1401
2025-11-24 15:57:00,UCSFCh5NL4qXrAy9u-u2lX3g,Kuzuha Channel,1423963087,2100000,2814
2025-11-24 15:57:00,UCYLp2FLXcqLUZhvrCxQmNIA,胡桃沢りりか,40825465,100000,2568
2025-11-24 15:57:00,UCqQNCRSihFHVsXrDikNeYSg,げまじょが好き【にじさんじEXゲマズ切り抜き】,4338373,2290,117
2025-11-24 15:57:00,UCRDJ3DN-6ND_a4LSJ35L91A,立川ちゃんねる,106083315,107000,637
2025-11-24 15:57:00,UCxIK6x6sG7Ln5vjjPYpgeAw,Chogakusei Official,667393982,1010000,564
2025-11-24 15:57:00,UCHzevlEL9JfsBIm86uNCJqg,宮野真守,78718653,449000,329
2025-11-24 15:57:00,UCaO6TYtlC8U5ttz62hTrZgg,JYP Entertainment,25998680120,31500000,2637
2025-11-24 15:57:00,UC1FQWQ3y3-e8l1pCtWhJt5A,Vaundy,2295815134,2430000,226
2025-11-24 15:57:00,UCHVkYOT63gAz5yTxjo68_Ng,家スロットゲームパンダ’s ROOM@琉球🐼🪸,1199909,1690,75
2025-11-24 15:57:00,UCwJYQvXHtNn1c7RqED4E7MA,パンダドラゴン,44018394,92300,532
2025-11-24 15:57:00,UCv2ejD5B1xOYtGB2cf80B8g,Netflix Japan,1978518413,2300000,7744
2025-11-24 15:57:00,UCgmFrRcyH7d1zR9sIVQhFow,ローレン・イロアス / Lauren Iroas【にじさんじ】,396116758,952000,1046
2025-11-24 15:57:00,UCvaTdHTWBGv3MKj3KVqJVCw,Okayu Ch. 猫又おかゆ,626491070,2060000,1590
2025-11-24 15:57:00,UCOfESRUR5duQ2hMnTQ4oqhA,BUMP OF CHICKEN,1637208579,1590000,164
2025-11-24 15:57:00,UCAaGaynFpku5cAx6OOSrW-w,HoneyWorks OFFICIAL,1585662413,2850000,550
2025-11-24 15:57:00,UC15ebOqdhmvl1eb0s0jk5aw,戦極MCBATTLE,1331472299,847000,5372
2025-11-24 15:57:00,UCZwcUEEjD8RVzB-TAw1ts3g,Eden - Topic,4126778,1590,37
2025-11-24 15:57:00,UC_DopZ9OANqNGho0wFwADqA,けいちゃん / Keichan,502697517,1270000,604
2025-11-24 15:57:00,UCHazKLThRbMyMFu2bVAKhng,ウォーターチャレンジ,3127178464,3150000,2179
2025-11-24 15:57:00,UC-ifW8mHzfsZVGHY8vxqrjA,A.B.C-Z,58717723,54500,435
2025-11-24 15:57:00,UCFvSFbT8okMrpuFxBEIB2lg,M!LK,88473496,10200,243
2025-11-24 15:57:00,UCOVLrBaOiMH5QDKXTycZ8Pw,やっちゃんの崖っぷちスロパチ生活,697953558,326000,5200
2025-11-24 15:57:00,UCDhOdoqPxv96djR3tSq9NoA,ショコラ大佐の秘密基地,147922654,138000,1743
2025-11-24 15:57:00,UC8eq3M3Yft3FUgxEX6lOZMg,chotokkyu - Topic,35635303,577,486
2025-11-24 15:57:00,UC3VId8brfshtHO6gMMqnZ5A,FLOW GLOW - Topic,311811,2190,5
2025-11-24 15:57:00,UCv7VutirxDn3RWIJXI68n_A,＝LOVE（イコールラブ）公式チャンネル,466225819,553000,474
2025-11-24 15:57:00,UCkKj-SiKyiFkj_dO1vmY3gA,加藤純一RECORDS,5031464,27800,81
2025-11-24 15:57:00,UCB_qr75-ydFVKSF9Dmo6izg,FORMULA 1,8854977174,13700000,9398
2025-11-24 15:57:00,UCeK22JmzkTMa69kZU9NEqsA,めじの【Vtuber応援隊】,31396871,15100,534
2025-11-24 15:57:00,UCBA-kvU_zYdKreZbhhywX2Q,あいずちゃんねる,147116475,57300,801
2025-11-24 15:57:00,UChVflUz2J_jaaqYjXqvpmQA,iLiFE!【あいらいふ】,243613485,483000,524
2025-11-24 15:57:00,UC6qVAJzxF5kSN_UUFSdODiQ,MAZZEL - Topic,19093992,8260,57
2025-11-24 15:57:00,UC-hM6YJuNYVAmUWxeIr9FeA,Miko Ch. さくらみこ,889625882,2460000,2040
2025-11-24 15:57:00,UCLkAepWjdylmXSltofFvsYQ,BANGTANTV,26052132409,81700000,2933
2025-11-24 15:57:00,UCkVvAm5jb62IMIJQj4wPVGA,TMSアニメ公式チャンネル,378889162,897000,1147
2025-11-24 15:57:00,UCj4PjeVMnNTHIR5EeoNKPAw,ドズル社,4884812029,2560000,10204
2025-11-24 15:57:00,UC__iCxFigPdcry_UBv6sDGw,IO,16107442,37900,13
2025-11-24 15:57:00,UC9zY_E8mcAo_Oq772LEZq8Q,THE FIRST TAKE,6254716369,11500000,1525
2025-11-24 15:57:00,UC9Lx-zRFGfpuls27tNAOIqA,マエスケ,1539046282,1830000,1137
2025-11-24 15:57:00,UCDbUUremwf8k1x1GTYfB1Ng,ニート部クラフト,20165570,96600,125
2025-11-24 15:57:00,UCCzUftO8KOVkV4wQG1vkUvg,Marine Ch. 宝鐘マリン,2033880549,4260000,1560
2025-11-24 15:57:00,UCyTaStlK0neSuKveYOIioaw,ぐんぐにるチャンネル,274844393,426000,447
2025-11-27 06:31:32,UC6FadPgGviUcq6VQ0CEJqdQ,Juice=Juice,163770158,250000,280
2025-11-27 06:31:32,UC3IZKseVpdzPSBaWxBxundA,HYBE LABELS,42525965792,79100000,2930
2025-11-27 06:31:32,UCOjkVJQcjtWnpf0-1ft4brA,ゆっくりむちゃたぬき,210112850,352000,423
2025-11-27 06:31:32,UCUzpZpX2wRYOk3J8QTFGxDg,乃木坂46 OFFICIAL YouTube CHANNEL,1610447858,1730000,1168
2025-11-27 06:31:32,UC8eq3M3Yft3FUgxEX6lOZMg,chotokkyu - Topic,35801881,577,486
2025-11-27 06:31:32,UC1FQWQ3y3-e8l1pCtWhJt5A,Vaundy,2295815134,2430000,226
2025-11-27 06:31:32,UCWvr04hMa4k4wSilYcQ4qoA,キャベツの人【ゲーム紹介】,253195350,418000,973
2025-11-27 06:31:32,UCHVkYOT63gAz5yTxjo68_Ng,家スロットゲームパンダ’s ROOM@琉球🐼🪸,1218125,1680,76
2025-11-27 06:31:32,UCof7dOTnyxaidkKkcIFuflQ,Mone Kamishiraishi - Topic,26335972,326,123
2025-11-27 06:31:32,UCEfbtVOJgicdHjs5HzOzJlA,ぱち・スロ部,3670936,1770,303
2025-11-27 06:31:32,UCzXjPL7zo0bxhOYDxLJ9YEg,ポッキー,4096874901,3750000,4360
2025-11-27 06:31:32,UC7aYDbAOIKIMt25ENfJ68Qw,ルカ,118706200,120000,2126
2025-11-27 06:31:32,UCXeTnWiRoifoHHEzSyR5Ogg,パチンコ・パチスロ必勝ガイドチャンネル,52764469,86300,1324
2025-11-27 06:31:32,UCtceiniicYEsbAVuWy-Bi0Q,ドラゴンクエストウォーク公式,50338847,181000,160
2025-11-27 06:31:32,UCBuLdF0tQn5oZjpvYWSQkaA,Liura Channel,92182018,206000,375
2025-11-27 06:31:32,UC__iCxFigPdcry_UBv6sDGw,IO,16308497,38200,13
2025-11-27 06:31:32,UCXqWKjzm2YMH6Bs7rAmsKFw,福本大晴,7386640,89600,145
2025-11-27 06:31:32,UCv2ejD5B1xOYtGB2cf80B8g,Netflix Japan,1982053787,2300000,7759
2025-11-27 06:31:32,UCAWxPGGuIfWME2KTLUmSCHw,ぱかチューブっ!【ウマ娘公式】,516010480,1310000,1287
2025-11-27 06:31:32,UCMzLWawc9x3rUsqYDEfgqzA,ジャック・オ・蘭たん,712569541,648000,1888
2025-11-27 06:31:32,UCdCC1L_OxLrkoEjR19iXpRw,パチスロードch,135958194,75700,815
2025-11-27 06:31:32,UCu2Fxqf37DAZ0ZhIsd1FZwA,Capcom Fighters JP,262400008,257000,3907
2025-11-27 06:31:32,UCdPCarwi28K5Z7s5l2nMiLw,Uru Official YouTube Channel,901097541,1180000,296
2025-11-27 06:31:32,UCeA0fcfLVewbuD7H5YsrpdA,ライキジョーンズ,118818550,146000,3390
2025-11-27 06:31:32,UC8_Ag6BVp43Vmrx6eillK9g,Vaundy - Topic,909410799,2190,110
2025-11-27 06:31:32,UCxWcO9CLti4uouUIS5IIF-Q,Nornis,59019055,228000,110
2025-11-27 06:31:32,UCCzUftO8KOVkV4wQG1vkUvg,Marine Ch. 宝鐘マリン,2033880549,4260000,1560
2025-11-27 06:31:32,UC_DopZ9OANqNGho0wFwADqA,けいちゃん / Keichan,502697517,1270000,606
2025-11-27 06:31:32,UC6SmH9mR82nj28_NNg_rZvA,スクウェア・エニックス,1173185129,1090000,10984
2025-11-27 06:31:32,UCLkAepWjdylmXSltofFvsYQ,BANGTANTV,26052132409,81700000,2935
2025-11-27 06:31:32,UClNdVSK1uy2xFHTaXZYXopw,らっだぁ,1818594075,1450000,2341
2025-11-27 06:31:32,UCoQhX2O93MVTWfgIz-8wOmg,KUNの50人クラフト,465752151,543000,1048
2025-11-27 06:31:32,UCPJCP_fon2mOMfibbBPUOYw,SAWAYAN GAMES / サワヤン ゲームズ,1299022989,2070000,3417
2025-11-27 06:31:32,UCDbUUremwf8k1x1GTYfB1Ng,ニート部クラフト,20408585,97200,125
2025-11-27 06:31:32,UCOx-oLP9tOhiYwSK_m-yVxA,オモコロチャンネル,618321757,473000,1144
2025-11-27 06:31:32,UCkv76wCrBDQNn7ctcbn6Qeg,Nissy - Topic,93321454,26400,192
2025-11-27 06:31:32,UC8Qwnts13zIh2EYUCau6m3w,ONE N' ONLY TV,112267072,214000,794
2025-11-27 06:31:32,UCZVVCZwOpCbDXB84SDqWixQ,Lil Shady,56319498,284000,97
2025-11-27 06:31:32,UCX7YkU9nEeaoZbkVLVajcMg,にじさんじ,1071857867,1870000,2823
2025-11-27 06:31:32,UCIJAlAYCNN8RACtDDsy9K6g,Novelbright,652756465,733000,319
2025-11-27 06:31:32,UC9rMiEjNaCSsebs31MRDCRA,Stray Kids,9673395528,22200000,1879
2025-11-27 06:31:32,UChVflUz2J_jaaqYjXqvpmQA,iLiFE!【あいらいふ】,246311299,485000,533
2025-11-27 06:31:32,UCt09C9DPSuOGpHoitbcyCIQ,ゼンレスゾーンゼロ-ZZZ-公式,229813205,754000,429
2025-11-27 06:31:32,UCYe_uTI6X6mm9qaXm8iWFDg,ノッチ配信者パチンコライブ,268791622,125000,2727
2025-11-27 06:31:32,UCFuugQScqDfJcsOEWbL1_tg,Gero Channel,209118582,551000,166
2025-11-27 06:31:32,UCyTaStlK0neSuKveYOIioaw,ぐんぐにるチャンネル,275072390,426000,447
2025-11-27 06:31:32,UCu3kfiUaK7MmkQ40omEpGyQ,ナナ色チャンネル,4617009,8320,83
2025-11-27 06:31:32,UCv7VutirxDn3RWIJXI68n_A,＝LOVE（イコールラブ）公式チャンネル,466225819,556000,474
2025-11-27 06:31:32,UCwJYQvXHtNn1c7RqED4E7MA,パンダドラゴン,44018394,92300,533
2025-11-27 06:31:32,UC8rk-fIWJXYlSF8tkfG9wWg,天色鮫,66592457,192000,132
2025-11-27 06:31:32,UC1DqlLj1onQhBfxW81OgQTw,GLAY,732544767,541000,884
2025-11-27 06:31:32,UC56x--_QtyaWD1QptYrPMqA,刀剣乱舞 公式チャンネル,9539808,131000,116
2025-11-27 06:31:32,UCdszfKemUn36sOEplfkiGVQ,GPV LABEL,3010003,5360,90
2025-11-27 06:31:32,UCM3yhFc0-fBFuvqx1Vg2YNQ,まいぜんシスターズ,7171218264,3180000,1860
2025-11-27 06:31:32,UCHzevlEL9JfsBIm86uNCJqg,宮野真守,78718653,449000,329
2025-11-27 06:31:32,UC_ntXHv-XdKCD7CPynVvnQw,Bandai Namco Entertainment America,615539104,1460000,3569
2025-11-27 06:31:32,UCmovZ2th3Sqpd00F5RdeigQ,加賀美 ハヤト/Hayato Kagami,332409391,921000,1522
2025-11-27 06:31:32,UCpGpA7mSYmNJjLiJxKso5QA,しもふりチューブ,1783234955,2160000,3021
2025-11-27 06:31:32,UCBA-kvU_zYdKreZbhhywX2Q,あいずちゃんねる,147762219,57400,803
2025-11-27 06:31:32,UC5nxCVEWQLLfkPuMylpkYkA,ロス,123613887,487000,68
2025-11-27 06:31:32,UCLrYavXppY_4oRfquHk9VQg,HAGANE,14455474,74900,142
2025-11-27 06:31:32,UCVh47EKH9VLresRqiYi9txw,Mili,608668101,1010000,117
2025-11-27 06:31:32,UCHp2q2i85qt_9nn2H7AvGOw,NiziU Official,1563277157,2290000,2504
2025-11-27 06:31:32,UC6H_7uSepAzrlayBjAb9rrg,WurtS - Topic,69060265,698,82
2025-11-27 06:31:32,UCjJmYy279ehSYSwR1A3fXtA,マグロヘッド,393970578,735000,1753
2025-11-27 06:31:32,UCfipDDn7wY-C-SoUChgxCQQ,葉山舞鈴 / Ohayama Ch.,88056806,599000,1339
2025-11-27 06:31:32,UCqKNMJ5s_vsf7WkesdBrvQA,IS:SUE,87680204,221000,769
2025-11-27 06:31:32,UCrKna8EQAd7NPRYq-gIsuow,ホロライ部【ホロライブ切り抜き】,70059191,37800,614
2025-11-27 06:31:32,UC9qSqkNFiByKzzoxT3Cydyw,Aiobahn,28114924,90100,14
2025-11-27 06:31:32,UCDhOdoqPxv96djR3tSq9NoA,ショコラ大佐の秘密基地,148514604,138000,1746
2025-11-27 06:31:32,UCtyXllCXnTAg4rjfI3UwIgA,しょうちゃんネル,300738637,138000,1547
2025-11-27 06:31:32,UC-hM6YJuNYVAmUWxeIr9FeA,Miko Ch. さくらみこ,889625882,2460000,2043
2025-11-27 06:31:32,UCXEo7JprZQGCPkezcZylHlQ,黒炭酸,152370607,202000,1757
2025-11-27 06:31:32,UCGc93NguHRwzv1Rw9MyIcxQ,鳴潮 (Wuthering Waves)公式,103289027,345000,465
2025-11-27 06:31:32,UC3ruCdV7xnwAbpkW9tQq-6A,のーわん【NoOnE】,419227849,409000,1206
2025-11-27 06:31:32,UCMR5xpbhv3jzIQG1TOTg-Jg,B'z - Topic,290447628,3870,678
2025-11-27 06:31:32,UCYXmyrGUVL8tX7VEvo_DjPw,シャル@ツモらせ隊,83246778,178000,900
2025-11-27 06:31:32,UCzRzPAT-AjlPyec5yXG974g,カワノKawano,208043598,184000,1322
2025-11-27 06:31:32,UCfkXDY7vwkcJ8ddFGz8KusA,SEVENTEEN,7797609294,16200000,3277
2025-11-27 06:31:32,UCZ1xuCK1kNmn5RzPYIZop3w,リゼ・ヘルエスタ -Lize Helesta-,299263684,957000,1090
2025-11-27 06:31:32,UCs8nP5mUR3pwJmgixsul8Hw,Saucy Dog,503080790,860000,121
2025-11-27 06:31:32,UCBhPDpv9JavoPADrZcsAC2A,あらき-ARAKI Official,320679686,489000,260
2025-11-27 06:31:32,UCxIK6x6sG7Ln5vjjPYpgeAw,Chogakusei Official,674277867,1010000,564
2025-11-27 06:31:32,UC070fhnqq38qNhqHm5rxTcQ,令和ちゃんねる,428434108,506000,3627
2025-11-27 06:31:32,UCrQUlOEbu-0T0l4DAcBEeIg,pizzaofdeathofficial,408137708,332000,372
2025-11-27 06:31:32,UCaO6TYtlC8U5ttz62hTrZgg,JYP Entertainment,26024673774,31500000,2639
2025-11-27 06:31:32,UCJnL-TBcsYrF2SLs7tmiC8Q,tripleS official,697072588,2880000,3056
2025-11-27 06:31:32,UCc-itdQHxLvUlPrDxIiSJrA,INI,748068954,653000,1268
2025-11-27 06:31:32,UCj4PjeVMnNTHIR5EeoNKPAw,ドズル社,4902232621,2570000,10212
2025-11-27 06:31:32,UCqeAYB1DMzfM-hG-Up52yNQ,つるおかかものはし,371359176,387000,3610
2025-11-27 06:31:32,UCMF_5h2OejEhVorTB02UUSg,MAZZEL,243792578,284000,721
2025-11-27 06:31:32,UCy9GuRXGTm8TliQ-OJ7KwzA,【V.I.P】,978506983,979000,2495
2025-11-27 06:31:32,UC_vMYWcDjmfdpH6r4TTn1MQ,Iroha ch. 風真いろは - holoX -,262964239,1130000,1053
2025-11-27 06:31:32,UCRDJ3DN-6ND_a4LSJ35L91A,立川ちゃんねる,106517662,107000,639
2025-11-27 06:31:32,UC15ebOqdhmvl1eb0s0jk5aw,戦極MCBATTLE,1332572110,847000,5383
2025-11-27 06:31:32,UC9zY_E8mcAo_Oq772LEZq8Q,THE FIRST TAKE,6261501950,11500000,1529
2025-11-27 06:31:32,UCZetZElUvdElPrcstRjl9DA,加藤純一ロードショー,413351485,509000,982
2025-11-27 06:31:32,UCS57xc1Bf-znC9_ouCc3SZw,佐野元春 - DaisyMusic,50511392,77700,163
2025-11-27 06:31:32,UCMJiPpN_09F0aWpQrgbc_qg,キヨ。,6531537929,5480000,3083
2025-11-27 06:31:32,UCPVr7clenPjpD7WNsSI3UBQ,レトルト,2878966659,2590000,3850
2025-11-27 06:31:32,UChn5TjkeEqd-JxzizMVSkOw,ハヤトの野望,1035273674,1510000,2417
2025-11-27 06:31:32,UCILZFnKZJksR7zwhZbAB4vw,れじぇくん,1503150752,1170000,1428
2025-11-27 06:31:32,UCFQu6Q-9LAS3KoEuRDNkzGA, ニート部,659051656,680000,3213
2025-11-27 06:31:32,UCL7VEatXa9yBCKeM-ww8TnA,NX☆くさあん,208509168,238000,3563
2025-11-27 06:31:32,UC2NujFa5X09CdV0YCntmQDg,板橋ハウス,904835559,752000,2029
2025-11-27 06:31:32,UCOTR1tcOAhjgi6YukrPpZxg,まふまふちゃんねる,2481479816,3610000,511
2025-11-27 06:31:32,UCN7_YMtKaUiizHpw77XLVcw,EXILE,188549954,14800,308
2025-11-27 06:31:32,UCENwRMx5Yh42zWpzURebzTw,Laplus ch. ラプラス・ダークネス - holoX -,399675087,1450000,917
2025-11-27 06:31:32,UCvaTdHTWBGv3MKj3KVqJVCw,Okayu Ch. 猫又おかゆ,626491070,2060000,1592
2025-11-27 06:31:32,UC-_iQWdEZY66nGGaHH0Ygmg,僕が見たかった青空,52805973,122000,498
2025-11-27 06:31:32,UCmnZL4tFRl4sm-uJOxTLHmg,今日ポケch.,985785109,569000,1304
2025-11-27 06:31:32,UCGjV4bsC43On-YuiLZcfL0w,KUN,3389035363,1660000,11232
2025-11-27 06:31:32,UCy0DH4rgPPjDWVZO7wibcSQ,めめんともり,351780904,335000,468
2025-11-27 06:31:32,UCqQNCRSihFHVsXrDikNeYSg,げまじょが好き【にじさんじEXゲマズ切り抜き】,4562810,2350,118
2025-11-27 06:31:32,UCXURHJRGr4-EB3l87kcbElw,NCT DREAM,2300999800,7000000,1314
2025-11-27 06:31:32,UCDwcZ85zjLKD-3-jqlv1wQQ,アンジュルム,213864061,229000,370
2025-11-27 06:31:32,UCtPyU9cJgvvgH03PQKgaucA,ファミ通TUBE,183049444,208000,8153
2025-11-27 06:31:32,UCJy7zfLsKBXoo2soFMum7JQ,あかさかの箱,1290432566,2620000,2688
2025-11-27 06:31:32,UCtwTCZuQkTIwUf5m9mlZnOQ,Release - Topic,15655,47,7
2025-11-27 06:31:32,UC14QT5j2nQI8lKBCGtrrBQA,アニプレックス チャンネル,4305419674,3720000,15436
2025-11-27 06:31:32,UCooVYzDxdwTtGYAkcPmOgOw,Brawl Stars,4004541024,23200000,370
2025-11-27 06:31:32,UCqMRVBz-hhSFRuqlL1guqig,あひるだっく,52092416,128000,89
2025-11-27 06:31:32,UCtKBQ2BYD76GiJvcpZOBorg,えいま,11412217,13500,346
2025-11-27 06:31:32,UCKU0SVkIPRqwiZaXJ9rXhdw,シュート。,216524805,256000,2334
2025-11-27 06:31:32,UCtiObj3CsEAdNU6ZPWDsddQ,TOMORROW X TOGETHER OFFICIAL,3494513829,13100000,3041
2025-11-27 06:31:32,UCAaGaynFpku5cAx6OOSrW-w,HoneyWorks OFFICIAL,1601855248,2850000,550
2025-11-27 06:31:32,UC6qVAJzxF5kSN_UUFSdODiQ,MAZZEL - Topic,19327931,8260,57
2025-11-27 06:31:32,UCC4xWbcBVn-tHgchhrdmFpg,Jinmenusagi,9965654,32700,80
2025-11-27 06:31:32,UCMGvmEqkVbl372DCyn3NLAw,【吹いたら負け】葛葉先生のしくじり【切り抜き】,180555446,136000,978
2025-11-27 06:31:32,UCkVvAm5jb62IMIJQj4wPVGA,TMSアニメ公式チャンネル,379265333,898000,1146
2025-11-27 06:31:32,UCdMGYXL38w6htx6Yf9YJa-w,プロジェクトセカイ カラフルステージ! feat. 初音ミク,2003481748,2060000,1907
2025-11-27 06:31:32,UCx1nAvtVDIsaGmCMSe8ofsQ,加藤純一【jun channel】,1137353557,1280000,1834
2025-11-27 06:31:32,UCYA14rrNjvQq_P_YSNeJHgA,スロライブ,89912824,46500,895
2025-11-27 06:31:32,UC3VId8brfshtHO6gMMqnZ5A,FLOW GLOW - Topic,380802,2190,5
2025-11-27 06:31:32,UCHghNZNbV-CPbb_f3FslObw,がんばるぴえんちゃんパチンコ日記,80359809,100000,1532
2025-11-27 06:31:32,UCylNKKCfPMm8ROXasQWTonA,響咲リオナの足,3252151,6970,124
2025-11-27 06:31:32,UCpYHkc4rzWEW7iVXIyxQebA,Hey! Say! JUMP - Topic,58891636,5080,738
2025-11-27 06:31:32,UC3NrSfe_yR5XX9zGFxYoV1Q,HIRAIDAI - Topic,281321781,3400,415
2025-11-27 06:31:32,UCkKj-SiKyiFkj_dO1vmY3gA,加藤純一RECORDS,5240810,29200,82
2025-11-27 06:31:32,UCeTo4Eh0TzpKbUL4vGQZ73A,LEX *,4529834,1280,14
2025-11-27 06:31:32,UCZwcUEEjD8RVzB-TAw1ts3g,Eden - Topic,4247351,1740,38
2025-11-27 06:31:32,UC3J-txytRWiRtNXrLS95eEw,ASIAN KUNG-FU GENERATION Official YouTube Channel,608265861,788000,282
2025-11-27 06:31:32,UCEf_Bc-KVd7onSeifS3py9g,SMTOWN,32604384233,33500000,4641
2025-11-27 06:31:32,UCENoC6MLc4pL-vehJyzSWmg,もこうの実況,1736272748,1600000,5787
2025-11-27 06:31:32,UC5vqbtNnbOF2h7A_xlrIPUw,ぽっぴんず,916718072,630000,1053
2025-11-27 06:31:32,UCdn5BQ06XqgXoAxIhbqw5Rg,フブキCh。白上フブキ,710674501,2640000,2968
2025-11-27 06:31:32,UCYLp2FLXcqLUZhvrCxQmNIA,胡桃沢りりか,41002456,100000,2571
2025-11-27 06:31:32,UCdkVEDVAW5aFmA-Mkz0lAFQ,ひたまゆ。,466569140,410000,2793
2025-11-27 06:31:32,UCx-QS9BIo_L_lx5dkpys1qw,ねこまんまのパチ•チャンネル,7980136,14300,168
2025-11-27 06:31:32,UCOXOcEbERAwGlE4ig9MaLSQ,夜勤明けパチンコパチスロ実践記,275621078,166000,1623
2025-11-27 06:31:32,UCcz2Y1yhR42UxbFwvPFGCmA,きっしー助六ちゃんねる,75804570,61500,940
2025-11-27 06:31:32,UCFvSFbT8okMrpuFxBEIB2lg,M!LK,89927468,10400,243
2025-11-27 06:31:32,UCSFCh5NL4qXrAy9u-u2lX3g,Kuzuha Channel,1426871249,2100000,2820
2025-11-27 06:31:32,UCBLGjbYv6-xxju1i44RjnnA,明透 -ᴀsᴜ-,132564670,625000,494
2025-11-27 06:31:32,UCH4yRBPH2pDUjPeqomx8CTQ,てるとくん,548470164,1330000,1894
2025-11-27 06:31:32,UCc-PPk-lNe34JaWCcJQCL0g,ドコムスチャンネル,540983918,593000,2023
2025-11-27 06:31:32,UCvo8JUqHh2d1QGnK3LKyI4Q,ポケモンユナイト公式チャンネル,31957122,139000,467
2025-11-27 06:31:32,UCpT4syVopfBl2bATVfAt65g,澤野弘之 / SawanoHiroyuki[nZk],51700285,3980,22
2025-11-27 06:31:32,UCvzGlP9oQwU--Y0r9id_jnA,Subaru Ch. 大空スバル,581212274,1950000,1895
2025-11-27 06:31:32,UC9Lx-zRFGfpuls27tNAOIqA,マエスケ,1542232163,1830000,1138
2025-11-27 06:31:32,UCHvFSU5OP6c7QcJxIr87YtA,ウタエル Utael,446316043,582000,903
2025-11-27 06:31:32,UC4YT50DP7hbMsor8FmyEPMw,Victor Entertainment,1489698608,1070000,4972
2025-11-27 06:31:32,UCOVLrBaOiMH5QDKXTycZ8Pw,やっちゃんの崖っぷちスロパチ生活,698795746,326000,5204
2025-11-27 06:31:32,UCOfESRUR5duQ2hMnTQ4oqhA,BUMP OF CHICKEN,1637208579,1590000,165
2025-11-27 06:31:32,UCiZqWVAeChfqlom5ZPR3ZJA,NCT WISH,630033332,1140000,1125
2025-11-27 06:31:32,UCHD1jo5RhijLfx5-0Ehe_cg,&TEAM,466813545,1320000,1408
2025-11-27 06:31:32,UCHazKLThRbMyMFu2bVAKhng,ウォーターチャレンジ,3130243899,3150000,2181
2025-11-27 06:31:32,UCjcYYjM16TFOPXDjWgzHiHA,超覚醒てえんだ「スロパチ生放送」,87303765,140000,571
2025-11-27 06:31:32,UChUjERVG8eKEAJSCef-tTmg,k4sen / かせん,718133831,1020000,3063
2025-11-27 06:31:32,UCNVIo0UJXTdEnsRkCB9Q03w,ILLIT - Topic,564492320,57700,59
2025-11-27 06:31:32,UCeK22JmzkTMa69kZU9NEqsA,めじの【Vtuber応援隊】,31854678,15100,538
2025-11-27 06:31:32,UCcg_rvE-fU2tATMwBAxW9bA,ヤングスキニー,149492671,238000,603
2025-11-27 06:31:32,UCUW6U6iOrntB0jw6-AbQo8g,RED Games,250478782,209000,3569
2025-11-27 06:31:32,UChhKBlh_wvspTh5n4mL0b5g,BOYNEXTDOOR,1166800131,2060000,2200
2025-11-27 06:31:32,UCH-lygWpHodDff3iQurnWnQ,加藤純一切り抜き集,1719047989,580000,5439
2025-11-27 06:31:32,UCZMRuagdTBKmmrFtSMN48Xw,牛沢,2665237130,1800000,3740
2025-11-27 06:31:32,UCB_qr75-ydFVKSF9Dmo6izg,FORMULA 1,8868120810,13700000,9408
2025-11-27 06:31:32,UC0ux2IFOXkj6ifQ4aSs9l7Q,大月【おおつき】,14755460,17400,1218
2025-11-27 06:31:32,UC7wu64jFsV02bbu6UHUd7JA,ガンダムチャンネル,412502039,1670000,1654
2025-11-27 06:31:32,UCgmFrRcyH7d1zR9sIVQhFow,ローレン・イロアス / Lauren Iroas【にじさんじ】,396892908,953000,1049
2025-11-27 06:31:32,UCp_Az_oKu8-J5qIQpF35JbA,やわらちゃんねる,192967438,279000,862
2025-11-27 06:31:32,UCdVD0MsYecQaIE5Ru-pOIQQ,RIIZE,1015326967,1870000,1382
2025-11-27 06:31:32,UC-ifW8mHzfsZVGHY8vxqrjA,A.B.C-Z,59464169,54600,437
2025-11-27 06:31:32,UC1DCedRgGHBdm81E1llLhOQ,Pekora Ch. 兎田ぺこら,1012567289,2740000,2343
2025-11-26 07:40:40,UC9rMiEjNaCSsebs31MRDCRA,Stray Kids,9673395528,22200000,1874
2025-11-26 07:40:40,UCC4xWbcBVn-tHgchhrdmFpg,Jinmenusagi,9965654,32600,80
2025-11-26 07:40:40,UCDbUUremwf8k1x1GTYfB1Ng,ニート部クラフト,20342644,97000,125
2025-11-26 07:40:40,UCBhPDpv9JavoPADrZcsAC2A,あらき-ARAKI Official,320679686,489000,260
2025-11-26 07:40:40,UC56x--_QtyaWD1QptYrPMqA,刀剣乱舞 公式チャンネル,9474083,131000,116
2025-11-26 07:40:40,UC-_iQWdEZY66nGGaHH0Ygmg,僕が見たかった青空,52805973,122000,498
2025-11-26 07:40:40,UCfkXDY7vwkcJ8ddFGz8KusA,SEVENTEEN,7797609294,16200000,3275
2025-11-26 07:40:40,UCLkAepWjdylmXSltofFvsYQ,BANGTANTV,26052132409,81700000,2933
2025-11-26 07:40:40,UCy9GuRXGTm8TliQ-OJ7KwzA,【V.I.P】,978122626,978000,2494
2025-11-26 07:40:40,UCENoC6MLc4pL-vehJyzSWmg,もこうの実況,1736008262,1600000,5786
2025-11-26 07:40:40,UCN7_YMtKaUiizHpw77XLVcw,EXILE,188383635,14700,307
2025-11-26 07:40:40,UCu2Fxqf37DAZ0ZhIsd1FZwA,Capcom Fighters JP,260904621,257000,3894
2025-11-26 07:40:40,UCoQhX2O93MVTWfgIz-8wOmg,KUNの50人クラフト,465283675,543000,1047
2025-11-26 07:40:40,UCSFCh5NL4qXrAy9u-u2lX3g,Kuzuha Channel,1425502121,2100000,2818
2025-11-26 07:40:40,UCyTaStlK0neSuKveYOIioaw,ぐんぐにるチャンネル,275025805,426000,446
2025-11-26 07:40:40,UCvo8JUqHh2d1QGnK3LKyI4Q,ポケモンユナイト公式チャンネル,31950409,139000,467
2025-11-26 07:40:40,UCj4PjeVMnNTHIR5EeoNKPAw,ドズル社,4897496529,2560000,10209
2025-11-26 07:40:40,UCILZFnKZJksR7zwhZbAB4vw,れじぇくん,1502996991,1170000,1428
2025-11-26 07:40:40,UC1FQWQ3y3-e8l1pCtWhJt5A,Vaundy,2295815134,2430000,226
2025-11-26 07:40:40,UCFvSFbT8okMrpuFxBEIB2lg,M!LK,89365576,10300,243
2025-11-26 07:40:40,UCvzGlP9oQwU--Y0r9id_jnA,Subaru Ch. 大空スバル,580902377,1950000,1894
2025-11-26 07:40:40,UCqMRVBz-hhSFRuqlL1guqig,あひるだっく,52014676,127000,89
2025-11-26 07:40:40,UC7aYDbAOIKIMt25ENfJ68Qw,ルカ,118648999,120000,2126
2025-11-26 07:40:40,UCmovZ2th3Sqpd00F5RdeigQ,加賀美 ハヤト/Hayato Kagami,332409391,921000,1521
2025-11-26 07:40:40,UCrQUlOEbu-0T0l4DAcBEeIg,pizzaofdeathofficial,407934341,331000,372
2025-11-26 07:40:40,UCx-QS9BIo_L_lx5dkpys1qw,ねこまんまのパチ•チャンネル,7913144,14200,167
2025-11-26 07:40:40,UC_ntXHv-XdKCD7CPynVvnQw,Bandai Namco Entertainment America,615174747,1460000,3566
2025-11-26 07:40:40,UCOXOcEbERAwGlE4ig9MaLSQ,夜勤明けパチンコパチスロ実践記,275557304,166000,1622
2025-11-26 07:40:40,UCEfbtVOJgicdHjs5HzOzJlA,ぱち・スロ部,3647814,1760,302
2025-11-26 07:40:40,UCOjkVJQcjtWnpf0-1ft4brA,ゆっくりむちゃたぬき,209988723,352000,423
2025-11-26 07:40:40,UCkKj-SiKyiFkj_dO1vmY3gA,加藤純一RECORDS,5156529,28900,82
2025-11-26 07:40:40,UCZVVCZwOpCbDXB84SDqWixQ,Lil Shady,55380693,283000,97
2025-11-26 07:40:40,UCx1nAvtVDIsaGmCMSe8ofsQ,加藤純一【jun channel】,1137052735,1280000,1834
2025-11-26 07:40:40,UCaO6TYtlC8U5ttz62hTrZgg,JYP Entertainment,26015574408,31500000,2639
2025-11-26 07:40:40,UCUW6U6iOrntB0jw6-AbQo8g,RED Games,250181640,209000,3566
2025-11-26 07:40:40,UCWvr04hMa4k4wSilYcQ4qoA,キャベツの人【ゲーム紹介】,252994622,418000,972
2025-11-26 07:40:40,UCv7VutirxDn3RWIJXI68n_A,＝LOVE（イコールラブ）公式チャンネル,466225819,555000,474
2025-11-26 07:40:40,UCdszfKemUn36sOEplfkiGVQ,GPV LABEL,2972644,5250,89
2025-11-26 07:40:40,UCCzUftO8KOVkV4wQG1vkUvg,Marine Ch. 宝鐘マリン,2033880549,4260000,1560
2025-11-26 07:40:40,UCp_Az_oKu8-J5qIQpF35JbA,やわらちゃんねる,192880450,279000,862
2025-11-26 07:40:40,UCqKNMJ5s_vsf7WkesdBrvQA,IS:SUE,87680204,221000,768
2025-11-26 07:40:40,UCMF_5h2OejEhVorTB02UUSg,MAZZEL,240478072,283000,721
2025-11-26 07:40:40,UC5vqbtNnbOF2h7A_xlrIPUw,ぽっぴんず,916456047,630000,1052
2025-11-26 07:40:40,UCXeTnWiRoifoHHEzSyR5Ogg,パチンコ・パチスロ必勝ガイドチャンネル,52664115,86200,1323
2025-11-26 07:40:40,UCBuLdF0tQn5oZjpvYWSQkaA,Liura Channel,92034864,206000,374
2025-11-26 07:40:40,UCwJYQvXHtNn1c7RqED4E7MA,パンダドラゴン,44018394,92300,532
2025-11-26 07:40:40,UC070fhnqq38qNhqHm5rxTcQ,令和ちゃんねる,428217817,506000,3625
2025-11-26 07:40:40,UCdVD0MsYecQaIE5Ru-pOIQQ,RIIZE,1015326967,1870000,1376
2025-11-26 07:40:40,UCXEo7JprZQGCPkezcZylHlQ,黒炭酸,152159642,201000,1757
2025-11-26 07:40:40,UCc-PPk-lNe34JaWCcJQCL0g,ドコムスチャンネル,540575743,593000,2022
2025-11-26 07:40:40,UChVflUz2J_jaaqYjXqvpmQA,iLiFE!【あいらいふ】,246311299,485000,531
2025-11-26 07:40:40,UChUjERVG8eKEAJSCef-tTmg,k4sen / かせん,717058740,1020000,3062
2025-11-26 07:40:40,UCc-itdQHxLvUlPrDxIiSJrA,INI,748068954,652000,1267
2025-11-26 07:40:40,UCGjV4bsC43On-YuiLZcfL0w,KUN,3388709675,1660000,11231
2025-11-26 07:40:40,UCOTR1tcOAhjgi6YukrPpZxg,まふまふちゃんねる,2481137032,3610000,511
2025-11-26 07:40:40,UCeK22JmzkTMa69kZU9NEqsA,めじの【Vtuber応援隊】,31764823,15100,537
2025-11-26 07:40:40,UCtPyU9cJgvvgH03PQKgaucA,ファミ通TUBE,182987455,208000,8152
2025-11-26 07:40:40,UCt09C9DPSuOGpHoitbcyCIQ,ゼンレスゾーンゼロ-ZZZ-公式,229399260,754000,427
2025-11-26 07:40:40,UCMJiPpN_09F0aWpQrgbc_qg,キヨ。,6529787323,5480000,3083
2025-11-26 07:40:40,UCH4yRBPH2pDUjPeqomx8CTQ,てるとくん,548135777,1330000,1893
2025-11-26 07:40:40,UCxWcO9CLti4uouUIS5IIF-Q,Nornis,59019055,228000,110
2025-11-26 07:40:40,UCdkVEDVAW5aFmA-Mkz0lAFQ,ひたまゆ。,466360946,410000,2791
2025-11-26 07:40:40,UCOVLrBaOiMH5QDKXTycZ8Pw,やっちゃんの崖っぷちスロパチ生活,698686126,326000,5202
2025-11-26 07:40:40,UCMzLWawc9x3rUsqYDEfgqzA,ジャック・オ・蘭たん,712081720,648000,1887
2025-11-26 07:40:40,UCooVYzDxdwTtGYAkcPmOgOw,Brawl Stars,4002060682,23200000,370
2025-11-26 07:40:40,UC15ebOqdhmvl1eb0s0jk5aw,戦極MCBATTLE,1332198365,847000,5381
2025-11-26 07:40:40,UCX7YkU9nEeaoZbkVLVajcMg,にじさんじ,1071426596,1870000,2825
2025-11-26 07:40:40,UCYe_uTI6X6mm9qaXm8iWFDg,ノッチ配信者パチンコライブ,268630438,125000,2725
2025-11-26 07:40:40,UCB_qr75-ydFVKSF9Dmo6izg,FORMULA 1,8863018977,13700000,9406
2025-11-26 07:40:40,UCKU0SVkIPRqwiZaXJ9rXhdw,シュート。,216424957,256000,2334
2025-11-26 07:40:40,UCPJCP_fon2mOMfibbBPUOYw,SAWAYAN GAMES / サワヤン ゲームズ,1298644407,2070000,3416
2025-11-26 07:40:40,UCBA-kvU_zYdKreZbhhywX2Q,あいずちゃんねる,147605257,57400,803
2025-11-26 07:40:40,UCUzpZpX2wRYOk3J8QTFGxDg,乃木坂46 OFFICIAL YouTube CHANNEL,1610447858,1730000,1168
2025-11-26 07:40:40,UCcg_rvE-fU2tATMwBAxW9bA,ヤングスキニー,147892001,238000,602
2025-11-26 07:40:40,UC-ifW8mHzfsZVGHY8vxqrjA,A.B.C-Z,59464169,54500,437
2025-11-26 07:40:40,UCDwcZ85zjLKD-3-jqlv1wQQ,アンジュルム,213864061,229000,370
2025-11-26 07:40:40,UCYLp2FLXcqLUZhvrCxQmNIA,胡桃沢りりか,40936040,100000,2569
2025-11-26 07:40:40,UC1DCedRgGHBdm81E1llLhOQ,Pekora Ch. 兎田ぺこら,1012094034,2740000,2342
2025-11-26 07:40:40,UCJy7zfLsKBXoo2soFMum7JQ,あかさかの箱,1289845708,2620000,2687
2025-11-26 07:40:40,UCXqWKjzm2YMH6Bs7rAmsKFw,福本大晴,7285544,89700,144
2025-11-26 07:40:40,UC__iCxFigPdcry_UBv6sDGw,IO,16107442,38100,13
2025-11-26 07:40:40,UC3IZKseVpdzPSBaWxBxundA,HYBE LABELS,42512507391,79100000,2929
2025-11-26 07:40:40,UCrKna8EQAd7NPRYq-gIsuow,ホロライ部【ホロライブ切り抜き】,69980302,37800,613
2025-11-26 07:40:40,UCVh47EKH9VLresRqiYi9txw,Mili,608668101,1000000,117
2025-11-26 07:40:40,UCAaGaynFpku5cAx6OOSrW-w,HoneyWorks OFFICIAL,1601855248,2850000,550
2025-11-26 07:40:40,UC6SmH9mR82nj28_NNg_rZvA,スクウェア・エニックス,1172857723,1090000,10981
2025-11-26 07:40:40,UC3J-txytRWiRtNXrLS95eEw,ASIAN KUNG-FU GENERATION Official YouTube Channel,608265861,788000,281
2025-11-26 07:40:40,UClNdVSK1uy2xFHTaXZYXopw,らっだぁ,1817897479,1450000,2340
2025-11-26 07:40:40,UC9Lx-zRFGfpuls27tNAOIqA,マエスケ,1541402133,1830000,1137
2025-11-26 07:40:40,UCXURHJRGr4-EB3l87kcbElw,NCT DREAM,2300999800,7000000,1312
2025-11-26 07:40:40,UCpGpA7mSYmNJjLiJxKso5QA,しもふりチューブ,1782869559,2160000,3020
2025-11-26 07:40:40,UCvaTdHTWBGv3MKj3KVqJVCw,Okayu Ch. 猫又おかゆ,626491070,2060000,1591
2025-11-26 07:40:40,UC14QT5j2nQI8lKBCGtrrBQA,アニプレックス チャンネル,4302784745,3720000,15426
2025-11-26 07:40:40,UCYA14rrNjvQq_P_YSNeJHgA,スロライブ,89816153,46500,894
2025-11-26 07:40:40,UChhKBlh_wvspTh5n4mL0b5g,BOYNEXTDOOR,1153888296,2060000,2198
2025-11-26 07:40:40,UCZMRuagdTBKmmrFtSMN48Xw,牛沢,2664514554,1800000,3739
2025-11-26 07:40:40,UCHVkYOT63gAz5yTxjo68_Ng,家スロットゲームパンダ’s ROOM@琉球🐼🪸,1200426,1680,76
2025-11-26 07:40:40,UC8_Ag6BVp43Vmrx6eillK9g,Vaundy - Topic,908573684,2190,110
2025-11-26 07:40:40,UCtyXllCXnTAg4rjfI3UwIgA,しょうちゃんネル,299486157,138000,1546
2025-11-26 07:40:40,UCEf_Bc-KVd7onSeifS3py9g,SMTOWN,32598484139,33500000,4640
2025-11-26 07:40:40,UC4YT50DP7hbMsor8FmyEPMw,Victor Entertainment,1489340716,1070000,4972
2025-11-26 07:40:40,UCOfESRUR5duQ2hMnTQ4oqhA,BUMP OF CHICKEN,1637208579,1590000,164
2025-11-26 07:40:40,UCRDJ3DN-6ND_a4LSJ35L91A,立川ちゃんねる,106355069,107000,639
2025-11-26 07:40:40,UCNVIo0UJXTdEnsRkCB9Q03w,ILLIT - Topic,563206630,57700,59
2025-11-26 07:40:40,UCH-lygWpHodDff3iQurnWnQ,加藤純一切り抜き集,1718686707,580000,5439
2025-11-26 07:40:40,UCL7VEatXa9yBCKeM-ww8TnA,NX☆くさあん,208296900,238000,3562
2025-11-26 07:40:40,UCDhOdoqPxv96djR3tSq9NoA,ショコラ大佐の秘密基地,148323727,138000,1745
2025-11-26 07:40:40,UCu3kfiUaK7MmkQ40omEpGyQ,ナナ色チャンネル,4452742,8180,81
2025-11-26 07:40:40,UCxIK6x6sG7Ln5vjjPYpgeAw,Chogakusei Official,667393982,1010000,564
2025-11-26 07:40:40,UCZ1xuCK1kNmn5RzPYIZop3w,リゼ・ヘルエスタ -Lize Helesta-,299063344,957000,1090
2025-11-26 07:40:40,UC6qVAJzxF5kSN_UUFSdODiQ,MAZZEL - Topic,19259693,8260,57
2025-11-26 07:40:40,UCIJAlAYCNN8RACtDDsy9K6g,Novelbright,646175482,733000,319
2025-11-26 07:40:40,UC0ux2IFOXkj6ifQ4aSs9l7Q,大月【おおつき】,14755191,17400,1217
2025-11-26 07:40:40,UCZwcUEEjD8RVzB-TAw1ts3g,Eden - Topic,4211673,1720,38
2025-11-26 07:40:40,UCYXmyrGUVL8tX7VEvo_DjPw,シャル@ツモらせ隊,83140398,178000,899
2025-11-26 07:40:40,UCqQNCRSihFHVsXrDikNeYSg,げまじょが好き【にじさんじEXゲマズ切り抜き】,4495012,2340,118
2025-11-26 07:40:40,UC8eq3M3Yft3FUgxEX6lOZMg,chotokkyu - Topic,35748306,577,486
2025-11-26 07:40:40,UCHzevlEL9JfsBIm86uNCJqg,宮野真守,78718653,449000,329
2025-11-26 07:40:40,UCqeAYB1DMzfM-hG-Up52yNQ,つるおかかものはし,371149965,387000,3607
2025-11-26 07:40:40,UC7wu64jFsV02bbu6UHUd7JA,ガンダムチャンネル,412236012,1670000,1655
2025-11-26 07:40:40,UCdCC1L_OxLrkoEjR19iXpRw,パチスロードch,135645033,75600,814
2025-11-26 07:40:40,UCAWxPGGuIfWME2KTLUmSCHw,ぱかチューブっ!【ウマ娘公式】,515145586,1310000,1288
2025-11-26 07:40:40,UC9zY_E8mcAo_Oq772LEZq8Q,THE FIRST TAKE,6258961813,11500000,1527
2025-11-26 07:40:40,UCcz2Y1yhR42UxbFwvPFGCmA,きっしー助六ちゃんねる,75766033,61500,939
2025-11-26 07:40:40,UC-hM6YJuNYVAmUWxeIr9FeA,Miko Ch. さくらみこ,889625882,2460000,2042
2025-11-26 07:40:40,UCzXjPL7zo0bxhOYDxLJ9YEg,ポッキー,4096481528,3750000,4359
2025-11-26 07:40:40,UChn5TjkeEqd-JxzizMVSkOw,ハヤトの野望,1034849113,1510000,2416
2025-11-26 07:40:40,UC8rk-fIWJXYlSF8tkfG9wWg,天色鮫,66516551,192000,132
2025-11-26 07:40:40,UCJnL-TBcsYrF2SLs7tmiC8Q,tripleS official,678132684,2880000,3050
2025-11-26 07:40:40,UCeA0fcfLVewbuD7H5YsrpdA,ライキジョーンズ,118710383,146000,3389
2025-11-26 07:40:40,UCkVvAm5jb62IMIJQj4wPVGA,TMSアニメ公式チャンネル,378912152,898000,1145
2025-11-26 07:40:40,UC3VId8brfshtHO6gMMqnZ5A,FLOW GLOW - Topic,356832,2190,5
2025-11-26 07:40:40,UCdMGYXL38w6htx6Yf9YJa-w,プロジェクトセカイ カラフルステージ! feat. 初音ミク,2001799088,2060000,1907
2025-11-26 07:40:40,UCHD1jo5RhijLfx5-0Ehe_cg,&TEAM,466813545,1320000,1405
2025-11-26 07:40:40,UC6FadPgGviUcq6VQ0CEJqdQ,Juice=Juice,162049064,249000,280
2025-11-26 07:40:40,UCylNKKCfPMm8ROXasQWTonA,響咲リオナの足,3189512,6740,122
2025-11-26 07:40:40,UC_DopZ9OANqNGho0wFwADqA,けいちゃん / Keichan,502697517,1270000,605
2025-11-26 07:40:40,UCFQu6Q-9LAS3KoEuRDNkzGA, ニート部,658691493,680000,3212
2025-11-26 07:40:40,UCHghNZNbV-CPbb_f3FslObw,がんばるぴえんちゃんパチンコ日記,80271722,100000,1529
2025-11-26 07:40:40,UCLrYavXppY_4oRfquHk9VQg,HAGANE,14455474,74700,141
2025-11-26 07:40:40,UCMGvmEqkVbl372DCyn3NLAw,【吹いたら負け】葛葉先生のしくじり【切り抜き】,180495413,136000,978
2025-11-26 07:40:40,UC_vMYWcDjmfdpH6r4TTn1MQ,Iroha ch. 風真いろは - holoX -,262769862,1130000,1051
2025-11-26 07:40:40,UCPVr7clenPjpD7WNsSI3UBQ,レトルト,2878259332,2590000,3850
2025-11-26 07:40:40,UCjcYYjM16TFOPXDjWgzHiHA,超覚醒てえんだ「スロパチ生放送」,87236992,140000,571
2025-11-26 07:40:40,UCv2ejD5B1xOYtGB2cf80B8g,Netflix Japan,1980717825,2300000,7752
2025-11-26 07:40:40,UC2NujFa5X09CdV0YCntmQDg,板橋ハウス,904353577,752000,2028
2025-11-26 07:40:40,UCHazKLThRbMyMFu2bVAKhng,ウォーターチャレンジ,3129441423,3150000,2180
2025-11-26 07:40:40,UCtKBQ2BYD76GiJvcpZOBorg,えいま,11406528,13500,346
2025-11-26 07:40:40,UCtiObj3CsEAdNU6ZPWDsddQ,TOMORROW X TOGETHER OFFICIAL,3494513829,13100000,3039
2025-11-26 07:40:40,UCgmFrRcyH7d1zR9sIVQhFow,ローレン・イロアス / Lauren Iroas【にじさんじ】,396660732,953000,1048
2025-11-28 01:25:23,UCtyXllCXnTAg4rjfI3UwIgA,しょうちゃんネル,301997947,138000,1548
2025-11-28 01:25:23,UCBLGjbYv6-xxju1i44RjnnA,明透 -ᴀsᴜ-,132564670,625000,494
2025-11-28 01:25:23,UCyTaStlK0neSuKveYOIioaw,ぐんぐにるチャンネル,275117774,426000,447
2025-11-28 01:25:23,UCqm3BQLlJfvkTsX_hvm0UmA,Watame Ch. 角巻わため,610016767,1700000,2979
2025-11-28 01:25:23,UCwJYQvXHtNn1c7RqED4E7MA,パンダドラゴン,44018394,92300,533
2025-11-28 01:25:23,UCv7VutirxDn3RWIJXI68n_A,＝LOVE（イコールラブ）公式チャンネル,471770678,557000,474
2025-11-28 01:25:23,UCAWxPGGuIfWME2KTLUmSCHw,ぱかチューブっ!【ウマ娘公式】,516118137,1310000,1291
2025-11-28 01:25:23,UCGjV4bsC43On-YuiLZcfL0w,KUN,3389428817,1660000,11233
2025-11-28 01:25:23,UCdPCarwi28K5Z7s5l2nMiLw,Uru Official YouTube Channel,901097541,1180000,296
2025-11-28 01:25:23,UCHazKLThRbMyMFu2bVAKhng,ウォーターチャレンジ,3131310717,3150000,2181
2025-11-28 01:25:23,UCGc93NguHRwzv1Rw9MyIcxQ,鳴潮 (Wuthering Waves)公式,104311352,345000,466
2025-11-28 01:25:23,UC-hM6YJuNYVAmUWxeIr9FeA,Miko Ch. さくらみこ,898573579,2460000,2043
2025-11-28 01:25:23,UC3ruCdV7xnwAbpkW9tQq-6A,のーわん【NoOnE】,419620378,409000,1206
2025-11-28 01:25:23,UC7aYDbAOIKIMt25ENfJ68Qw,ルカ,118728811,120000,2127
2025-11-28 01:25:23,UC8_Ag6BVp43Vmrx6eillK9g,Vaundy - Topic,910318715,2190,110
2025-11-28 01:25:23,UCZwcUEEjD8RVzB-TAw1ts3g,Eden - Topic,4283045,1770,38
2025-11-28 01:25:23,UCMF_5h2OejEhVorTB02UUSg,MAZZEL,243792578,286000,722
2025-11-28 01:25:23,UCHVkYOT63gAz5yTxjo68_Ng,家スロットゲームパンダ’s ROOM@琉球🐼🪸,1227156,1680,76
2025-11-28 01:25:23,UCt09C9DPSuOGpHoitbcyCIQ,ゼンレスゾーンゼロ-ZZZ-公式,230329014,754000,430
2025-11-28 01:25:23,UCC4xWbcBVn-tHgchhrdmFpg,Jinmenusagi,9965654,32800,81
2025-11-28 01:25:23,UCUzpZpX2wRYOk3J8QTFGxDg,乃木坂46 OFFICIAL YouTube CHANNEL,1610447858,1730000,1168
2025-11-28 01:25:23,UC9Lx-zRFGfpuls27tNAOIqA,マエスケ,1543529658,1840000,1138
2025-11-28 01:25:23,UCVh47EKH9VLresRqiYi9txw,Mili,608668101,1010000,117
2025-11-28 01:25:23,UCkKj-SiKyiFkj_dO1vmY3gA,加藤純一RECORDS,5280513,29300,82
2025-11-28 01:25:23,UCwF6o6cF7BMTY1-OZ7ZUY7Q,フォートナイト 公式,271008439,410000,586
2025-11-28 01:25:23,UC-ifW8mHzfsZVGHY8vxqrjA,A.B.C-Z,59464169,54600,437
2025-11-28 01:25:23,UCB_qr75-ydFVKSF9Dmo6izg,FORMULA 1,8872795883,13700000,9408
2025-11-28 01:25:23,UCMJiPpN_09F0aWpQrgbc_qg,キヨ。,6533135245,5490000,3083
2025-11-28 01:25:23,UCqMRVBz-hhSFRuqlL1guqig,あひるだっく,52151577,128000,89
2025-11-28 01:25:23,UCv0F5yCdnwnBTrcJO2Yr3lQ,きむちゃんねる,925351670,765000,2674
2025-11-28 01:25:23,UCNVIo0UJXTdEnsRkCB9Q03w,ILLIT - Topic,565875683,57700,59
2025-11-28 01:25:23,UCEf_Bc-KVd7onSeifS3py9g,SMTOWN,32615202386,33500000,4642
2025-11-28 01:25:23,UCy0DH4rgPPjDWVZO7wibcSQ,めめんともり,352095737,335000,468
2025-11-28 01:25:23,UCpT4syVopfBl2bATVfAt65g,澤野弘之 / SawanoHiroyuki[nZk],51785889,4100,22
2025-11-28 01:25:23,UCLkAepWjdylmXSltofFvsYQ,BANGTANTV,26052132409,81700000,2937
2025-11-28 01:25:23,UCBuLdF0tQn5oZjpvYWSQkaA,Liura Channel,92291309,206000,376
2025-11-28 01:25:23,UCUbAVVpHteGtGQPPN9lM3oQ,ホロライブ切り抜き/なめたけ,572453900,339000,2103
2025-11-28 01:25:23,UC1FQWQ3y3-e8l1pCtWhJt5A,Vaundy,2295815134,2430000,226
2025-11-28 01:25:23,UC6FadPgGviUcq6VQ0CEJqdQ,Juice=Juice,166051730,251000,281
2025-11-28 01:25:23,UCj4PjeVMnNTHIR5EeoNKPAw,ドズル社,4908810074,2570000,10214
2025-11-28 01:25:23,UCUW6U6iOrntB0jw6-AbQo8g,RED Games,250784769,210000,3571
2025-11-28 01:25:23,UCjcYYjM16TFOPXDjWgzHiHA,超覚醒てえんだ「スロパチ生放送」,87392369,140000,571
2025-11-28 01:25:23,UCYe_uTI6X6mm9qaXm8iWFDg,ノッチ配信者パチンコライブ,269135751,125000,2728
2025-11-28 01:25:23,UC3NrSfe_yR5XX9zGFxYoV1Q,HIRAIDAI - Topic,281407124,3400,415
2025-11-28 01:25:23,UCvaTdHTWBGv3MKj3KVqJVCw,Okayu Ch. 猫又おかゆ,626491070,2060000,1593
2025-11-28 01:25:23,UCMGvmEqkVbl372DCyn3NLAw,【吹いたら負け】葛葉先生のしくじり【切り抜き】,180619841,136000,978
2025-11-28 01:25:23,UCFvSFbT8okMrpuFxBEIB2lg,M!LK,90553892,10400,243
2025-11-28 01:25:23,UC-_iQWdEZY66nGGaHH0Ygmg,僕が見たかった青空,52805973,122000,499
2025-11-28 01:25:23,UCvo8JUqHh2d1QGnK3LKyI4Q,ポケモンユナイト公式チャンネル,31965014,139000,467
2025-11-28 01:25:23,UCcz2Y1yhR42UxbFwvPFGCmA,きっしー助六ちゃんねる,76067930,61600,942
2025-11-28 01:25:23,UC0ux2IFOXkj6ifQ4aSs9l7Q,大月【おおつき】,14847403,17500,1219
2025-11-28 01:25:23,UC0wuDDYK-QTwneeZ6x6pPbw,777パチガブチャンネル,345356381,432000,2938
2025-11-28 01:25:23,UC_DopZ9OANqNGho0wFwADqA,けいちゃん / Keichan,502697517,1270000,606
2025-11-28 01:25:23,UCeTo4Eh0TzpKbUL4vGQZ73A,LEX *,4622534,1280,14
2025-11-28 01:25:23,UCv2ejD5B1xOYtGB2cf80B8g,Netflix Japan,1983627665,2310000,7766
2025-11-28 01:25:23,UCBhPDpv9JavoPADrZcsAC2A,あらき-ARAKI Official,320679686,489000,260
2025-11-28 01:25:23,UC9qSqkNFiByKzzoxT3Cydyw,Aiobahn,28242135,90100,14
2025-11-28 01:25:23,UC5nxCVEWQLLfkPuMylpkYkA,ロス,123613887,487000,68
2025-11-28 01:25:23,UCXeTnWiRoifoHHEzSyR5Ogg,パチンコ・パチスロ必勝ガイドチャンネル,52801397,86300,1325
2025-11-28 01:25:23,UC9-yZkJfxtg6WNCX5mUQb0w,ノゴローチャンネル,179654208,126000,3593
2025-11-28 01:25:23,UCkVvAm5jb62IMIJQj4wPVGA,TMSアニメ公式チャンネル,379675672,898000,1147
2025-11-28 01:25:23,UCeA0fcfLVewbuD7H5YsrpdA,ライキジョーンズ,118907320,146000,3390
2025-11-28 01:25:23,UC-UxhoAxlq57uZ8BA0b1Jyw,FPS切り抜きボット【ローレン・イロアス】,156796425,119000,1404
2025-11-28 01:25:23,UCEfbtVOJgicdHjs5HzOzJlA,ぱち・スロ部,3673885,1770,303
2025-11-28 01:25:23,UCrKna8EQAd7NPRYq-gIsuow,ホロライ部【ホロライブ切り抜き】,70256158,37900,614
2025-11-28 01:25:23,UCSFCh5NL4qXrAy9u-u2lX3g,Kuzuha Channel,1427835289,2100000,2822
2025-11-28 01:25:23,UChVflUz2J_jaaqYjXqvpmQA,iLiFE!【あいらいふ】,246311299,486000,535
2025-11-28 01:25:23,UC6H_7uSepAzrlayBjAb9rrg,WurtS - Topic,69151593,698,82
2025-11-28 01:25:23,UC3PFoXZPFJGy9F4PG84nNQQ,Soala - Topic,29245822,4820,84
2025-11-28 01:25:23,UC5wr1qJKJOrHHK-haeZkfbg,アカgames,462825038,283000,1361
2025-11-28 01:25:23,UCu2Fxqf37DAZ0ZhIsd1FZwA,Capcom Fighters JP,263206267,257000,3909
2025-11-28 01:25:23,UCeuNlK0yX-6_4930q0JUGNw,白瀬,414566759,183000,2094
2025-11-28 01:25:23,UCdszfKemUn36sOEplfkiGVQ,GPV LABEL,3048201,5420,91
2025-11-28 01:25:23,UCZVVCZwOpCbDXB84SDqWixQ,Lil Shady,56319498,284000,97
2025-11-28 01:25:23,UCTEQRq53fm5tw-3vJ1HLUCw,MAY'S - Topic,4421756,710,309
2025-11-28 01:25:23,UC_vMYWcDjmfdpH6r4TTn1MQ,Iroha ch. 風真いろは - holoX -,263260463,1130000,1055
2025-11-28 01:25:23,UCLrYavXppY_4oRfquHk9VQg,HAGANE,14455474,75000,143
2025-11-28 01:25:23,UCHghNZNbV-CPbb_f3FslObw,がんばるぴえんちゃんパチンコ日記,80552064,100000,1534
2025-11-28 01:25:23,UCqfELxLmasBwYET4ZAMfMqA,がみくん,1009332796,584000,3990
2025-11-28 01:25:23,UCWXDEaOxoT8gkk83ZEB5Onw,TP ZONE,1457232,13100,86
2025-11-28 01:25:23,UCrQUlOEbu-0T0l4DAcBEeIg,pizzaofdeathofficial,408297473,332000,372
2025-11-28 01:25:23,UC8rk-fIWJXYlSF8tkfG9wWg,天色鮫,66660546,192000,132
2025-11-28 01:25:23,UCH-lygWpHodDff3iQurnWnQ,加藤純一切り抜き集,1719397232,580000,5441
2025-11-28 01:25:23,UCILZFnKZJksR7zwhZbAB4vw,れじぇくん,1503308399,1170000,1428
2025-11-28 01:25:23,UCtiObj3CsEAdNU6ZPWDsddQ,TOMORROW X TOGETHER OFFICIAL,3494513829,13100000,3043
2025-11-28 01:25:23,UCkv76wCrBDQNn7ctcbn6Qeg,Nissy - Topic,93482979,26400,192
2025-11-28 01:25:23,UC9zY_E8mcAo_Oq772LEZq8Q,THE FIRST TAKE,6265448119,11500000,1531
2025-11-28 01:25:23,UCX7YkU9nEeaoZbkVLVajcMg,にじさんじ,1072107569,1870000,2824
2025-11-28 01:25:23,UCp_Az_oKu8-J5qIQpF35JbA,やわらちゃんねる,193030695,279000,863
2025-11-28 01:25:23,UCZetZElUvdElPrcstRjl9DA,加藤純一ロードショー,413754029,509000,983
2025-11-28 01:25:23,UCdkVEDVAW5aFmA-Mkz0lAFQ,ひたまゆ。,466742954,410000,2795
2025-11-28 01:25:23,UCCzUftO8KOVkV4wQG1vkUvg,Marine Ch. 宝鐘マリン,2033880549,4260000,1560
2025-11-28 01:25:23,UCPJCP_fon2mOMfibbBPUOYw,SAWAYAN GAMES / サワヤン ゲームズ,1299417555,2070000,3418
2025-11-28 01:25:23,UCqKNMJ5s_vsf7WkesdBrvQA,IS:SUE,87680204,221000,771
2025-11-28 01:25:23,UC2NujFa5X09CdV0YCntmQDg,板橋ハウス,905340198,752000,2030
2025-11-28 01:25:23,UCd9BXPj-KcMTh0HiB-Vlb8A,モンスト（モンスターストライク）公式,1160707831,1550000,4581
2025-11-28 01:25:23,UCKU0SVkIPRqwiZaXJ9rXhdw,シュート。,216576858,256000,2338
2025-11-28 01:25:23,UCzRzPAT-AjlPyec5yXG974g,カワノKawano,208412962,185000,1323
2025-11-28 01:25:23,UCapLmxI6gv5WBd3N3sUVG8Q,稲垣潤一 Official,39810109,49800,46
2025-11-28 01:25:23,UCy9GuRXGTm8TliQ-OJ7KwzA,【V.I.P】,978872188,979000,2497
2025-11-28 01:25:23,UCHp2q2i85qt_9nn2H7AvGOw,NiziU Official,1563277157,2290000,2505
2025-11-28 01:25:23,UCtceiniicYEsbAVuWy-Bi0Q,ドラゴンクエストウォーク公式,50539317,181000,160
2025-11-28 01:25:23,UCof7dOTnyxaidkKkcIFuflQ,Mone Kamishiraishi - Topic,26428223,326,123
2025-11-28 01:25:23,UCOjkVJQcjtWnpf0-1ft4brA,ゆっくりむちゃたぬき,210233791,353000,423
2025-11-28 01:25:23,UCcg_rvE-fU2tATMwBAxW9bA,ヤングスキニー,149492671,239000,605
2025-11-28 01:25:23,UCXURHJRGr4-EB3l87kcbElw,NCT DREAM,2300999800,7000000,1318
2025-11-28 01:25:23,UCXEo7JprZQGCPkezcZylHlQ,黒炭酸,152562872,202000,1757
2025-11-28 01:25:23,UCeK22JmzkTMa69kZU9NEqsA,めじの【Vtuber応援隊】,31953282,15100,540
2025-11-28 01:25:23,UCJnL-TBcsYrF2SLs7tmiC8Q,tripleS official,697072588,2880000,3062
2025-11-28 01:25:23,UC1DCedRgGHBdm81E1llLhOQ,Pekora Ch. 兎田ぺこら,1013000469,2740000,2345
2025-11-28 01:25:23,UCOTR1tcOAhjgi6YukrPpZxg,まふまふちゃんねる,2481899158,3610000,511
2025-11-28 01:25:23,UCs8nP5mUR3pwJmgixsul8Hw,Saucy Dog,503080790,860000,120
2025-11-28 01:25:23,UCOXOcEbERAwGlE4ig9MaLSQ,夜勤明けパチンコパチスロ実践記,275784241,166000,1623
2025-11-28 01:25:23,UCWvr04hMa4k4wSilYcQ4qoA,キャベツの人【ゲーム紹介】,253374451,418000,974
2025-11-28 01:25:23,UCc-PPk-lNe34JaWCcJQCL0g,ドコムスチャンネル,541441980,594000,2024
2025-11-28 01:25:23,UCIJAlAYCNN8RACtDDsy9K6g,Novelbright,652756465,733000,319
2025-11-28 01:25:23,UCZ1xuCK1kNmn5RzPYIZop3w,リゼ・ヘルエスタ -Lize Helesta-,299371442,957000,1090
2025-11-28 01:25:23,UCsoW5-5KCPFAZwfGU-POUvA,まじめにヤバシティ,61636831,390000,306
2025-11-28 01:25:23,UC6qVAJzxF5kSN_UUFSdODiQ,MAZZEL - Topic,19399097,8260,57
2025-11-28 01:25:23,UCfkXDY7vwkcJ8ddFGz8KusA,SEVENTEEN,7797609294,16200000,3291
2025-11-28 01:25:23,UCXqWKjzm2YMH6Bs7rAmsKFw,福本大晴,7574219,89600,146
2025-11-28 01:25:23,UCvzGlP9oQwU--Y0r9id_jnA,Subaru Ch. 大空スバル,581341281,1950000,1897
2025-11-28 01:25:23,UC8Qwnts13zIh2EYUCau6m3w,ONE N' ONLY TV,112267072,214000,795
2025-11-28 01:25:23,UCxIK6x6sG7Ln5vjjPYpgeAw,Chogakusei Official,674277867,1010000,564
2025-11-28 01:25:23,UCHvFSU5OP6c7QcJxIr87YtA,ウタエル Utael,446481570,582000,903
2025-11-28 01:25:23,UCZMRuagdTBKmmrFtSMN48Xw,牛沢,2666044649,1800000,3741
2025-11-28 01:25:23,UCAaGaynFpku5cAx6OOSrW-w,HoneyWorks OFFICIAL,1601855248,2850000,550
2025-11-28 01:25:23,UCHzevlEL9JfsBIm86uNCJqg,宮野真守,78718653,449000,329
2025-11-28 01:25:23,UCc-itdQHxLvUlPrDxIiSJrA,INI,748068954,653000,1270
2025-11-28 01:25:23,UCOx-oLP9tOhiYwSK_m-yVxA,オモコロチャンネル,618773811,473000,1144
2025-11-28 01:25:23,UCYLp2FLXcqLUZhvrCxQmNIA,胡桃沢りりか,41082046,100000,2573
2025-11-28 01:25:23,UCmovZ2th3Sqpd00F5RdeigQ,加賀美 ハヤト/Hayato Kagami,332409391,921000,1522
2025-11-28 01:25:23,UCdVD0MsYecQaIE5Ru-pOIQQ,RIIZE,1015326967,1870000,1387
2025-11-28 01:25:23,UCN7_YMtKaUiizHpw77XLVcw,EXILE,188703738,14800,312
2025-11-28 01:25:23,UCpYHkc4rzWEW7iVXIyxQebA,Hey! Say! JUMP - Topic,59024860,5080,738
2025-11-28 01:25:23,UC5vqbtNnbOF2h7A_xlrIPUw,ぽっぴんず,917041262,630000,1053
2025-11-28 01:25:23,UCDhOdoqPxv96djR3tSq9NoA,ショコラ大佐の秘密基地,148669038,138000,1746
2025-11-28 01:25:23,UC3J-txytRWiRtNXrLS95eEw,ASIAN KUNG-FU GENERATION Official YouTube Channel,608265861,788000,283
2025-11-28 01:25:23,UCJy7zfLsKBXoo2soFMum7JQ,あかさかの箱,1291190598,2620000,2688
2025-11-28 01:25:23,UCzXjPL7zo0bxhOYDxLJ9YEg,ポッキー,4097303091,3750000,4360
2025-11-28 01:25:23,UCia0Mw96B-yNYRka1J_mAsQ,HikacGamesヒカックゲームズ,640505295,660000,5204
2025-11-28 01:25:23,UCtwTCZuQkTIwUf5m9mlZnOQ,Release - Topic,27370,53,7
2025-11-28 01:25:23,UC14QT5j2nQI8lKBCGtrrBQA,アニプレックス チャンネル,4308142665,3720000,15442
2025-11-28 01:25:23,UCdMGYXL38w6htx6Yf9YJa-w,プロジェクトセカイ カラフルステージ! feat. 初音ミク,2004681179,2060000,1907
2025-11-28 01:25:23,UC3VId8brfshtHO6gMMqnZ5A,FLOW GLOW - Topic,405219,2190,5
2025-11-28 01:25:23,UCaO6TYtlC8U5ttz62hTrZgg,JYP Entertainment,26033965531,31500000,2641
2025-11-28 01:25:23,UC__iCxFigPdcry_UBv6sDGw,IO,16308497,38200,13
2025-11-28 01:25:23,UC_ntXHv-XdKCD7CPynVvnQw,Bandai Namco Entertainment America,615703805,1460000,3570
2025-11-28 01:25:23,UCu3kfiUaK7MmkQ40omEpGyQ,ナナ色チャンネル,4733785,8440,85
2025-11-28 01:25:23,UC9llDCAObCbGpsaa66fClKw,ユニバーサル・ピクチャーズ公式,642330480,375000,1443
2025-11-28 01:25:23,UCjJmYy279ehSYSwR1A3fXtA,マグロヘッド,394485098,735000,1754
2025-11-28 01:25:23,UC8eq3M3Yft3FUgxEX6lOZMg,chotokkyu - Topic,35832016,579,486
2025-11-28 01:25:23,UClqWF_XeXy469i4KDurpjWw,Yukopi,13448,2,1
2025-11-28 01:25:23,UCKsVfYfguU3s5vMO5yhcWdw,STARGLOW Official,23413198,2700,49
2025-11-28 01:25:23,UCDbUUremwf8k1x1GTYfB1Ng,ニート部クラフト,20469029,97400,126
2025-11-28 01:25:23,UCMR5xpbhv3jzIQG1TOTg-Jg,B'z - Topic,290827940,3870,678
2025-11-28 01:25:23,UCdn5BQ06XqgXoAxIhbqw5Rg,フブキCh。白上フブキ,711027577,2640000,2969
2025-11-28 01:25:23,UCqeAYB1DMzfM-hG-Up52yNQ,つるおかかものはし,371711972,387000,3613
2025-11-28 01:25:23,UC3IZKseVpdzPSBaWxBxundA,HYBE LABELS,42540481240,79100000,2930
2025-11-28 01:25:23,UCL72kYW8XK4R61kp1R9K69Q,しろ,354836073,376000,2277
2025-11-28 01:25:23,UCHD1jo5RhijLfx5-0Ehe_cg,&TEAM,466813545,1320000,1412
2025-11-28 01:25:23,UCooVYzDxdwTtGYAkcPmOgOw,Brawl Stars,4007265329,23200000,370
2025-11-28 01:25:23,UCH4yRBPH2pDUjPeqomx8CTQ,てるとくん,548838286,1330000,1895
2025-11-28 01:25:23,UCYA14rrNjvQq_P_YSNeJHgA,スロライブ,90048209,46500,896
2025-11-28 01:25:23,UCOfESRUR5duQ2hMnTQ4oqhA,BUMP OF CHICKEN,1637208579,1590000,165
2025-11-28 01:25:23,UCcmLTYWn2bI5GwNVSP1bl4Q,バッチコイなみちょ,15134761,17400,648
2025-11-28 01:25:23,UCMzLWawc9x3rUsqYDEfgqzA,ジャック・オ・蘭たん,713106242,649000,1888
2025-11-28 01:25:23,UCDBdcJ3JIg2sjDg8QR3xp-g,Iyowa - Topic,65762694,31300,88
2025-11-28 01:25:23,UCoQhX2O93MVTWfgIz-8wOmg,KUNの50人クラフト,466416775,544000,1051
2025-11-28 01:25:23,UCENwRMx5Yh42zWpzURebzTw,Laplus ch. ラプラス・ダークネス - holoX -,400161796,1450000,918
2025-11-28 01:25:23,UC6SmH9mR82nj28_NNg_rZvA,スクウェア・エニックス,1173462261,1090000,10987
2025-11-28 01:25:23,UCFuugQScqDfJcsOEWbL1_tg,Gero Channel,209118582,551000,167
2025-11-28 01:25:23,UC9rMiEjNaCSsebs31MRDCRA,Stray Kids,9673395528,22200000,1881
2025-11-28 01:25:23,UC070fhnqq38qNhqHm5rxTcQ,令和ちゃんねる,428713479,506000,3629
2025-11-28 01:25:23,UCL7VEatXa9yBCKeM-ww8TnA,NX☆くさあん,208613284,238000,3564
2025-11-28 01:25:23,UCqq-ovGE01ErlXakPihhKDA,1theK Originals - 원더케이 오리지널,2010488974,2510000,3586
2025-11-28 01:25:23,UCRDJ3DN-6ND_a4LSJ35L91A,立川ちゃんねる,106633506,107000,639
2025-11-28 01:25:23,UCBA-kvU_zYdKreZbhhywX2Q,あいずちゃんねる,147864213,57400,804
2025-11-28 01:25:23,UChn5TjkeEqd-JxzizMVSkOw,ハヤトの野望,1035793942,1510000,2418
2025-11-28 01:25:23,UCiZqWVAeChfqlom5ZPR3ZJA,NCT WISH,630033332,1140000,1126
2025-11-28 01:25:23,UCFQu6Q-9LAS3KoEuRDNkzGA, ニート部,659410890,680000,3213
2025-11-28 01:25:23,UC1DqlLj1onQhBfxW81OgQTw,GLAY,732544767,541000,886
2025-11-28 01:25:23,UC7wu64jFsV02bbu6UHUd7JA,ガンダムチャンネル,412705070,1670000,1657
2025-11-28 01:25:23,UCOVLrBaOiMH5QDKXTycZ8Pw,やっちゃんの崖っぷちスロパチ生活,699069208,326000,5205
2025-11-28 01:25:23,UCtPyU9cJgvvgH03PQKgaucA,ファミ通TUBE,183092580,208000,8154
2025-11-28 01:25:23,UCdCC1L_OxLrkoEjR19iXpRw,パチスロードch,136260114,75700,816
2025-11-28 01:25:23,UCS57xc1Bf-znC9_ouCc3SZw,佐野元春 - DaisyMusic,50511392,77700,163
2025-11-28 01:25:23,UCxWcO9CLti4uouUIS5IIF-Q,Nornis,59019055,228000,110
2025-11-28 01:25:23,UCpGpA7mSYmNJjLiJxKso5QA,しもふりチューブ,1783660691,2160000,3023
2025-11-28 01:25:23,UCgmFrRcyH7d1zR9sIVQhFow,ローレン・イロアス / Lauren Iroas【にじさんじ】,397260425,954000,1049
2025-11-28 01:25:23,UCENoC6MLc4pL-vehJyzSWmg,もこうの実況,1736532998,1600000,5789
2025-11-28 01:25:23,UCx-QS9BIo_L_lx5dkpys1qw,ねこまんまのパチ•チャンネル,8139345,14300,169
2025-11-28 01:25:23,UCspv01oxUFf_MTSipURRhkA,Kanae Channel,785965724,1510000,4293
2025-11-28 01:25:23,UC56x--_QtyaWD1QptYrPMqA,刀剣乱舞 公式チャンネル,9571480,131000,116
2025-11-28 01:25:23,UCYXmyrGUVL8tX7VEvo_DjPw,シャル@ツモらせ隊,83417780,178000,901
2025-11-28 01:25:23,UCJxxoli_XbupD8SK_TtytAQ,バンダイナムコ アミューズメントユニット公式チャンネル,90338539,118000,1604
2025-11-28 01:25:23,UCqQNCRSihFHVsXrDikNeYSg,げまじょが好き【にじさんじEXゲマズ切り抜き】,4649643,2400,119
2025-11-28 01:25:23,UChUjERVG8eKEAJSCef-tTmg,k4sen / かせん,718918156,1030000,3064
2025-11-28 01:25:23,UCylNKKCfPMm8ROXasQWTonA,響咲リオナの足,3368472,7150,127
2025-11-28 01:25:23,UCx1nAvtVDIsaGmCMSe8ofsQ,加藤純一【jun channel】,1137706595,1280000,1835
2025-11-28 01:25:23,UChhKBlh_wvspTh5n4mL0b5g,BOYNEXTDOOR,1166800131,2070000,2201
2025-11-28 01:25:23,UC4YT50DP7hbMsor8FmyEPMw,Victor Entertainment,1490097112,1070000,4975
2025-11-28 01:25:23,UC15ebOqdhmvl1eb0s0jk5aw,戦極MCBATTLE,1332979753,847000,5386
2025-11-28 01:25:23,UCM3yhFc0-fBFuvqx1Vg2YNQ,まいぜんシスターズ,7172110405,3180000,1860
2025-11-28 01:25:23,UCTgIFU4_hG6aA7VfWS8blQg,1GAME TV パチンコパチスロ実践動画,737231553,667000,1414
2025-11-28 01:25:23,UCmnZL4tFRl4sm-uJOxTLHmg,今日ポケch.,987062219,570000,1305
2025-11-28 01:25:23,UClNdVSK1uy2xFHTaXZYXopw,らっだぁ,1819502523,1450000,2342
2025-11-28 01:25:23,UCPVr7clenPjpD7WNsSI3UBQ,レトルト,2879528689,2590000,3850
2025-11-28 01:25:23,UCy2IDlWr4fbdO2dbka98bSg,HACHI - Topic,18794978,625,60
2025-11-28 01:25:23,UCtKBQ2BYD76GiJvcpZOBorg,えいま,11417074,13500,346
2025-11-28 01:25:23,UCfipDDn7wY-C-SoUChgxCQQ,葉山舞鈴 / Ohayama Ch.,88127302,600000,1342
2025-11-28 01:25:23,UCAVR6Q0YgYa8xwz8rdg9Mrg,原神-Genshin-公式,784190206,2100000,2022
2025-11-28 01:25:23,UCl_HfKfmxefUAVHPyJu0aCg,シュガーの宝舟,80220296,84300,1358
2025-11-28 01:25:23,UCDwcZ85zjLKD-3-jqlv1wQQ,アンジュルム,213864061,229000,374
2025-11-28 02:17:01,UCAVR6Q0YgYa8xwz8rdg9Mrg,原神-Genshin-公式,784190206,2100000,2022
2025-11-28 02:17:01,UCUW6U6iOrntB0jw6-AbQo8g,RED Games,250784769,210000,3571
2025-11-28 02:17:01,UChhKBlh_wvspTh5n4mL0b5g,BOYNEXTDOOR,1166800131,2070000,2201
2025-11-28 02:17:01,UCENoC6MLc4pL-vehJyzSWmg,もこうの実況,1736532998,1600000,5789
2025-11-28 02:17:01,UC_DopZ9OANqNGho0wFwADqA,けいちゃん / Keichan,502697517,1270000,606
2025-11-28 02:17:01,UCu2Fxqf37DAZ0ZhIsd1FZwA,Capcom Fighters JP,263206267,257000,3909
2025-11-28 02:17:01,UCYe_uTI6X6mm9qaXm8iWFDg,ノッチ配信者パチンコライブ,269135751,125000,2728
2025-11-28 02:17:01,UCOfESRUR5duQ2hMnTQ4oqhA,BUMP OF CHICKEN,1637208579,1590000,165
2025-11-28 02:17:01,UCx-QS9BIo_L_lx5dkpys1qw,ねこまんまのパチ•チャンネル,8139345,14300,170
2025-11-28 02:17:01,UC1FQWQ3y3-e8l1pCtWhJt5A,Vaundy,2295815134,2430000,226
2025-11-28 02:17:01,UCgmFrRcyH7d1zR9sIVQhFow,ローレン・イロアス / Lauren Iroas【にじさんじ】,397260425,954000,1049
2025-11-28 02:17:01,UCqQNCRSihFHVsXrDikNeYSg,げまじょが好き【にじさんじEXゲマズ切り抜き】,4649643,2400,119
2025-11-28 02:17:01,UCj4PjeVMnNTHIR5EeoNKPAw,ドズル社,4908810074,2570000,10214
2025-11-28 02:17:01,UCpT4syVopfBl2bATVfAt65g,澤野弘之 / SawanoHiroyuki[nZk],51785889,4100,22
2025-11-28 02:17:01,UCH4yRBPH2pDUjPeqomx8CTQ,てるとくん,548838286,1330000,1895
2025-11-28 02:17:01,UC3ruCdV7xnwAbpkW9tQq-6A,のーわん【NoOnE】,419620378,409000,1206
2025-11-28 02:17:01,UCy0DH4rgPPjDWVZO7wibcSQ,めめんともり,352095737,335000,468
2025-11-28 02:17:01,UCMzLWawc9x3rUsqYDEfgqzA,ジャック・オ・蘭たん,713106242,649000,1888
2025-11-28 02:17:01,UC9Lx-zRFGfpuls27tNAOIqA,マエスケ,1543529658,1840000,1138
2025-11-28 02:17:01,UCZVVCZwOpCbDXB84SDqWixQ,Lil Shady,56319498,284000,97
2025-11-28 02:17:01,UCMGvmEqkVbl372DCyn3NLAw,【吹いたら負け】葛葉先生のしくじり【切り抜き】,180619841,136000,978
2025-11-28 02:17:01,UCMF_5h2OejEhVorTB02UUSg,MAZZEL,243792578,286000,722
2025-11-28 02:17:01,UCtceiniicYEsbAVuWy-Bi0Q,ドラゴンクエストウォーク公式,50539317,181000,160
2025-11-28 02:17:01,UC4YT50DP7hbMsor8FmyEPMw,Victor Entertainment,1490097112,1070000,4975
2025-11-28 02:17:01,UCeK22JmzkTMa69kZU9NEqsA,めじの【Vtuber応援隊】,31953282,15100,540
2025-11-28 02:17:01,UC2NujFa5X09CdV0YCntmQDg,板橋ハウス,905340198,752000,2030
2025-11-28 02:17:01,UCv2ejD5B1xOYtGB2cf80B8g,Netflix Japan,1983627665,2310000,7766
2025-11-28 02:17:01,UC9qSqkNFiByKzzoxT3Cydyw,Aiobahn,28242135,90100,14
2025-11-28 02:17:01,UCEfbtVOJgicdHjs5HzOzJlA,ぱち・スロ部,3673885,1770,303
2025-11-28 02:17:01,UCLrYavXppY_4oRfquHk9VQg,HAGANE,14455474,75100,143
2025-11-28 02:17:01,UCmnZL4tFRl4sm-uJOxTLHmg,今日ポケch.,987062219,570000,1305
2025-11-28 02:17:01,UCdn5BQ06XqgXoAxIhbqw5Rg,フブキCh。白上フブキ,711027577,2640000,2969
2025-11-28 02:17:01,UCWvr04hMa4k4wSilYcQ4qoA,キャベツの人【ゲーム紹介】,253374451,418000,974
2025-11-28 02:17:01,UCZ1xuCK1kNmn5RzPYIZop3w,リゼ・ヘルエスタ -Lize Helesta-,299371442,957000,1090
2025-11-28 02:17:01,UC8eq3M3Yft3FUgxEX6lOZMg,chotokkyu - Topic,35861359,579,486
2025-11-28 02:17:01,UCwF6o6cF7BMTY1-OZ7ZUY7Q,フォートナイト 公式,271008439,411000,586
2025-11-28 02:17:01,UCN7_YMtKaUiizHpw77XLVcw,EXILE,188703738,14800,312
2025-11-28 02:17:01,UCkv76wCrBDQNn7ctcbn6Qeg,Nissy - Topic,93482979,26400,192
2025-11-28 02:17:01,UCC4xWbcBVn-tHgchhrdmFpg,Jinmenusagi,9965654,32800,81
2025-11-28 02:17:01,UCqKNMJ5s_vsf7WkesdBrvQA,IS:SUE,87680204,221000,771
2025-11-28 02:17:01,UCpYHkc4rzWEW7iVXIyxQebA,Hey! Say! JUMP - Topic,59024860,5080,738
2025-11-28 02:17:01,UCDbUUremwf8k1x1GTYfB1Ng,ニート部クラフト,20469029,97400,126
2025-11-28 02:17:01,UCooVYzDxdwTtGYAkcPmOgOw,Brawl Stars,4007265329,23200000,370
2025-11-28 02:17:01,UCzXjPL7zo0bxhOYDxLJ9YEg,ポッキー,4097303091,3750000,4360
2025-11-28 02:17:01,UCvaTdHTWBGv3MKj3KVqJVCw,Okayu Ch. 猫又おかゆ,626491070,2060000,1593
2025-11-28 02:17:01,UCx1nAvtVDIsaGmCMSe8ofsQ,加藤純一【jun channel】,1137706595,1280000,1835
2025-11-28 02:17:01,UCFvSFbT8okMrpuFxBEIB2lg,M!LK,90553892,10400,243
2025-11-28 02:17:01,UCcg_rvE-fU2tATMwBAxW9bA,ヤングスキニー,149492671,239000,605
2025-11-28 02:17:01,UCkVvAm5jb62IMIJQj4wPVGA,TMSアニメ公式チャンネル,379675672,898000,1147
2025-11-28 02:17:01,UCOXOcEbERAwGlE4ig9MaLSQ,夜勤明けパチンコパチスロ実践記,275784241,166000,1623
2025-11-28 02:17:01,UCIJAlAYCNN8RACtDDsy9K6g,Novelbright,652756465,733000,319
2025-11-28 02:17:01,UC9zY_E8mcAo_Oq772LEZq8Q,THE FIRST TAKE,6265448119,11500000,1531
2025-11-28 02:17:01,UC_vMYWcDjmfdpH6r4TTn1MQ,Iroha ch. 風真いろは - holoX -,263260463,1130000,1055
2025-11-28 02:17:01,UCHazKLThRbMyMFu2bVAKhng,ウォーターチャレンジ,3131310717,3150000,2181
2025-11-28 02:17:01,UCGc93NguHRwzv1Rw9MyIcxQ,鳴潮 (Wuthering Waves)公式,104311352,345000,466
2025-11-28 02:17:01,UC-hM6YJuNYVAmUWxeIr9FeA,Miko Ch. さくらみこ,898573579,2460000,2043
2025-11-28 02:17:01,UChUjERVG8eKEAJSCef-tTmg,k4sen / かせん,718918156,1030000,3064
2025-11-28 02:17:01,UCcz2Y1yhR42UxbFwvPFGCmA,きっしー助六ちゃんねる,76067930,61600,942
2025-11-28 02:17:01,UCjcYYjM16TFOPXDjWgzHiHA,超覚醒てえんだ「スロパチ生放送」,87392369,140000,571
2025-11-28 02:17:01,UC15ebOqdhmvl1eb0s0jk5aw,戦極MCBATTLE,1332979753,847000,5386
2025-11-28 02:17:01,UCp_Az_oKu8-J5qIQpF35JbA,やわらちゃんねる,193030695,279000,863
2025-11-28 02:17:01,UCILZFnKZJksR7zwhZbAB4vw,れじぇくん,1503308399,1170000,1428
2025-11-28 02:17:01,UC7aYDbAOIKIMt25ENfJ68Qw,ルカ,118728811,120000,2127
2025-11-28 02:17:01,UCGjV4bsC43On-YuiLZcfL0w,KUN,3389428817,1660000,11233
2025-11-28 02:17:01,UCcmLTYWn2bI5GwNVSP1bl4Q,バッチコイなみちょ,15134761,17400,648
2025-11-28 02:17:01,UCJnL-TBcsYrF2SLs7tmiC8Q,tripleS official,697072588,2880000,3062
2025-11-28 02:17:01,UCXqWKjzm2YMH6Bs7rAmsKFw,福本大晴,7574219,89600,146
2025-11-28 02:17:01,UCLkAepWjdylmXSltofFvsYQ,BANGTANTV,26052132409,81700000,2937
2025-11-28 02:17:01,UC8_Ag6BVp43Vmrx6eillK9g,Vaundy - Topic,910318715,2190,110
2025-11-28 02:17:01,UCy9GuRXGTm8TliQ-OJ7KwzA,【V.I.P】,978872188,979000,2497
2025-11-28 02:17:01,UCMJiPpN_09F0aWpQrgbc_qg,キヨ。,6533135245,5490000,3083
2025-11-28 02:17:01,UCwJYQvXHtNn1c7RqED4E7MA,パンダドラゴン,44018394,92300,533
2025-11-28 02:17:01,UCHzevlEL9JfsBIm86uNCJqg,宮野真守,78718653,449000,329
2025-11-28 02:17:01,UCX7YkU9nEeaoZbkVLVajcMg,にじさんじ,1072107569,1870000,2824
2025-11-28 02:17:01,UCOVLrBaOiMH5QDKXTycZ8Pw,やっちゃんの崖っぷちスロパチ生活,699069208,326000,5206
2025-11-28 02:17:01,UC6qVAJzxF5kSN_UUFSdODiQ,MAZZEL - Topic,19399097,8260,57
2025-11-28 02:17:01,UCDhOdoqPxv96djR3tSq9NoA,ショコラ大佐の秘密基地,148669038,138000,1747
2025-11-28 02:17:01,UCc-itdQHxLvUlPrDxIiSJrA,INI,748068954,653000,1270
2025-11-28 02:17:01,UCWXDEaOxoT8gkk83ZEB5Onw,TP ZONE,1457232,13100,86
2025-11-28 02:17:01,UCXEo7JprZQGCPkezcZylHlQ,黒炭酸,152562872,202000,1757
2025-11-28 02:17:01,UCeuNlK0yX-6_4930q0JUGNw,白瀬,414566759,183000,2094
2025-11-28 02:17:01,UCrKna8EQAd7NPRYq-gIsuow,ホロライ部【ホロライブ切り抜き】,70256158,37900,614
2025-11-28 02:17:01,UCYXmyrGUVL8tX7VEvo_DjPw,シャル@ツモらせ隊,83417780,178000,901
2025-11-28 02:17:01,UC3VId8brfshtHO6gMMqnZ5A,FLOW GLOW - Topic,405219,2190,5
2025-11-28 02:17:01,UCylNKKCfPMm8ROXasQWTonA,響咲リオナの足,3368472,7150,128
2025-11-28 02:17:01,UCHghNZNbV-CPbb_f3FslObw,がんばるぴえんちゃんパチンコ日記,80552064,100000,1534
2025-11-28 02:17:01,UCspv01oxUFf_MTSipURRhkA,Kanae Channel,785965724,1510000,4293
2025-11-28 02:17:01,UCxWcO9CLti4uouUIS5IIF-Q,Nornis,59019055,228000,110
2025-11-28 02:17:01,UCHp2q2i85qt_9nn2H7AvGOw,NiziU Official,1563277157,2290000,2505
2025-11-28 02:17:01,UC__iCxFigPdcry_UBv6sDGw,IO,16308497,38200,13
2025-11-28 02:17:01,UCdkVEDVAW5aFmA-Mkz0lAFQ,ひたまゆ。,466742954,410000,2795
2025-11-28 02:17:01,UCXeTnWiRoifoHHEzSyR5Ogg,パチンコ・パチスロ必勝ガイドチャンネル,52801397,86300,1325
2025-11-28 02:17:01,UCapLmxI6gv5WBd3N3sUVG8Q,稲垣潤一 Official,39810109,49800,46
2025-11-28 02:17:01,UCdVD0MsYecQaIE5Ru-pOIQQ,RIIZE,1015326967,1870000,1387
2025-11-28 02:17:01,UCqeAYB1DMzfM-hG-Up52yNQ,つるおかかものはし,371711972,387000,3613
2025-11-28 02:17:01,UCtKBQ2BYD76GiJvcpZOBorg,えいま,11417074,13500,346
2025-11-28 02:17:01,UCOx-oLP9tOhiYwSK_m-yVxA,オモコロチャンネル,618773811,473000,1144
2025-11-28 02:17:01,UCkKj-SiKyiFkj_dO1vmY3gA,加藤純一RECORDS,5280513,29300,82
2025-11-28 02:17:01,UCeA0fcfLVewbuD7H5YsrpdA,ライキジョーンズ,118907320,146000,3390
2025-11-28 02:17:01,UCu3kfiUaK7MmkQ40omEpGyQ,ナナ色チャンネル,4733785,8440,85
2025-11-28 02:17:01,UCt09C9DPSuOGpHoitbcyCIQ,ゼンレスゾーンゼロ-ZZZ-公式,230329014,754000,430
2025-11-28 02:17:01,UC070fhnqq38qNhqHm5rxTcQ,令和ちゃんねる,428713479,506000,3629
2025-11-28 02:17:01,UC5vqbtNnbOF2h7A_xlrIPUw,ぽっぴんず,917041262,630000,1053
2025-11-28 02:17:01,UC0ux2IFOXkj6ifQ4aSs9l7Q,大月【おおつき】,14847403,17500,1219
2025-11-28 02:17:01,UClqWF_XeXy469i4KDurpjWw,Yukopi,13448,2,1
2025-11-28 02:17:01,UC3IZKseVpdzPSBaWxBxundA,HYBE LABELS,42540481240,79100000,2930
2025-11-28 02:17:01,UCeTo4Eh0TzpKbUL4vGQZ73A,LEX *,4622534,1280,14
2025-11-28 02:17:01,UCia0Mw96B-yNYRka1J_mAsQ,HikacGamesヒカックゲームズ,640505295,660000,5204
2025-11-28 02:17:01,UCBuLdF0tQn5oZjpvYWSQkaA,Liura Channel,92291309,206000,378
2025-11-28 02:17:01,UCL72kYW8XK4R61kp1R9K69Q,しろ,354836073,376000,2278
2025-11-28 02:17:01,UC3J-txytRWiRtNXrLS95eEw,ASIAN KUNG-FU GENERATION Official YouTube Channel,608265861,788000,283
2025-11-28 02:17:01,UCAaGaynFpku5cAx6OOSrW-w,HoneyWorks OFFICIAL,1601855248,2850000,550
2025-11-28 02:17:01,UC9llDCAObCbGpsaa66fClKw,ユニバーサル・ピクチャーズ公式,642330480,375000,1443
2025-11-28 02:17:01,UCtPyU9cJgvvgH03PQKgaucA,ファミ通TUBE,183092580,208000,8154
2025-11-28 02:17:01,UCDwcZ85zjLKD-3-jqlv1wQQ,アンジュルム,213864061,229000,374
2025-11-28 02:17:01,UCxhPsqKunv6674tZcQoEzOg,LIBRO,9608620,19500,26
2025-11-28 02:17:01,UCy2IDlWr4fbdO2dbka98bSg,HACHI - Topic,18794978,625,60
2025-11-28 02:17:01,UCAWxPGGuIfWME2KTLUmSCHw,ぱかチューブっ!【ウマ娘公式】,516118137,1310000,1291
2025-11-28 02:17:01,UCl_HfKfmxefUAVHPyJu0aCg,シュガーの宝舟,80220296,84300,1358
2025-11-28 02:17:01,UCZMRuagdTBKmmrFtSMN48Xw,牛沢,2666044649,1800000,3741
2025-11-28 02:17:01,UCZetZElUvdElPrcstRjl9DA,加藤純一ロードショー,413754029,509000,983
2025-11-28 02:17:01,UCJy7zfLsKBXoo2soFMum7JQ,あかさかの箱,1291190598,2620000,2688
2025-11-28 02:17:01,UCof7dOTnyxaidkKkcIFuflQ,Mone Kamishiraishi - Topic,26385160,326,123
2025-11-28 02:17:01,UCHD1jo5RhijLfx5-0Ehe_cg,&TEAM,466813545,1320000,1412
2025-11-28 02:17:01,UC1DCedRgGHBdm81E1llLhOQ,Pekora Ch. 兎田ぺこら,1013000469,2740000,2345
2025-11-28 02:17:01,UC3NrSfe_yR5XX9zGFxYoV1Q,HIRAIDAI - Topic,281407124,3400,415
2025-11-28 02:17:01,UCBLGjbYv6-xxju1i44RjnnA,明透 -ᴀsᴜ-,132564670,625000,494
2025-11-28 02:17:01,UCOjkVJQcjtWnpf0-1ft4brA,ゆっくりむちゃたぬき,210233791,353000,423
2025-11-28 02:17:01,UCKU0SVkIPRqwiZaXJ9rXhdw,シュート。,216576858,256000,2338
2025-11-28 02:17:01,UC6H_7uSepAzrlayBjAb9rrg,WurtS - Topic,69151593,698,82
2025-11-28 02:17:01,UCyTaStlK0neSuKveYOIioaw,ぐんぐにるチャンネル,275117774,426000,447
2025-11-28 02:17:01,UC1DqlLj1onQhBfxW81OgQTw,GLAY,732544767,541000,886
2025-11-28 02:17:01,UChn5TjkeEqd-JxzizMVSkOw,ハヤトの野望,1035793942,1510000,2418
2025-11-28 02:17:01,UCsoW5-5KCPFAZwfGU-POUvA,まじめにヤバシティ,61636831,390000,306
2025-11-28 02:17:01,UCJxxoli_XbupD8SK_TtytAQ,バンダイナムコ アミューズメントユニット公式チャンネル,90338539,118000,1604
2025-11-28 02:17:01,UC-_iQWdEZY66nGGaHH0Ygmg,僕が見たかった青空,52805973,122000,499
2025-11-28 02:17:01,UCUbAVVpHteGtGQPPN9lM3oQ,ホロライブ切り抜き/なめたけ,572453900,339000,2104
2025-11-28 02:17:01,UC-ifW8mHzfsZVGHY8vxqrjA,A.B.C-Z,59464169,54600,437
2025-11-28 02:17:01,UC14QT5j2nQI8lKBCGtrrBQA,アニプレックス チャンネル,4308142665,3720000,15442
2025-11-28 02:17:01,UC9-yZkJfxtg6WNCX5mUQb0w,ノゴローチャンネル,179654208,126000,3593
2025-11-28 02:17:01,UC56x--_QtyaWD1QptYrPMqA,刀剣乱舞 公式チャンネル,9571480,131000,116
2025-11-28 02:17:01,UC6SmH9mR82nj28_NNg_rZvA,スクウェア・エニックス,1173462261,1090000,10987
2025-11-28 02:17:01,UCDBdcJ3JIg2sjDg8QR3xp-g,Iyowa - Topic,65762694,31300,88
2025-11-28 02:17:01,UCqm3BQLlJfvkTsX_hvm0UmA,Watame Ch. 角巻わため,610016767,1700000,2979
2025-11-28 02:17:01,UChVflUz2J_jaaqYjXqvpmQA,iLiFE!【あいらいふ】,246311299,486000,535
2025-11-28 02:17:01,UCqfELxLmasBwYET4ZAMfMqA,がみくん,1009332796,584000,3990
2025-11-28 02:17:01,UCv7VutirxDn3RWIJXI68n_A,＝LOVE（イコールラブ）公式チャンネル,471770678,557000,474
2025-11-28 02:17:01,UCUzpZpX2wRYOk3J8QTFGxDg,乃木坂46 OFFICIAL YouTube CHANNEL,1610447858,1730000,1168
2025-11-28 02:17:01,UCH-lygWpHodDff3iQurnWnQ,加藤純一切り抜き集,1719397232,580000,5441
2025-11-28 02:17:01,UCB_qr75-ydFVKSF9Dmo6izg,FORMULA 1,8872795883,13700000,9408
2025-11-28 02:17:01,UC0wuDDYK-QTwneeZ6x6pPbw,777パチガブチャンネル,345356381,432000,2938
2025-11-28 02:17:01,UC5wr1qJKJOrHHK-haeZkfbg,アカgames,462825038,283000,1361
2025-11-28 02:17:01,UC8rk-fIWJXYlSF8tkfG9wWg,天色鮫,66660546,192000,132
2025-11-28 02:17:01,UCVh47EKH9VLresRqiYi9txw,Mili,608668101,1010000,117
2025-11-28 02:17:01,UCdszfKemUn36sOEplfkiGVQ,GPV LABEL,3048201,5420,91
2025-11-28 02:17:01,UCc-PPk-lNe34JaWCcJQCL0g,ドコムスチャンネル,541441980,594000,2024
2025-11-28 02:17:01,UCmovZ2th3Sqpd00F5RdeigQ,加賀美 ハヤト/Hayato Kagami,332409391,921000,1522
2025-11-28 02:17:01,UCMR5xpbhv3jzIQG1TOTg-Jg,B'z - Topic,290827940,3870,678
2025-11-28 02:17:01,UCoQhX2O93MVTWfgIz-8wOmg,KUNの50人クラフト,466416775,544000,1051
2025-11-28 02:17:01,UCS57xc1Bf-znC9_ouCc3SZw,佐野元春 - DaisyMusic,50511392,77700,163
2025-11-28 02:17:01,UCHVkYOT63gAz5yTxjo68_Ng,家スロットゲームパンダ’s ROOM@琉球🐼🪸,1227156,1680,76
2025-11-28 02:17:01,UCL7VEatXa9yBCKeM-ww8TnA,NX☆くさあん,208613284,238000,3564
2025-11-28 02:17:01,UCtwTCZuQkTIwUf5m9mlZnOQ,Release - Topic,33591,53,7
2025-11-28 02:17:01,UCBhPDpv9JavoPADrZcsAC2A,あらき-ARAKI Official,320679686,489000,260
2025-11-28 02:17:01,UCtyXllCXnTAg4rjfI3UwIgA,しょうちゃんネル,301997947,138000,1548
2025-11-28 02:17:01,UCdCC1L_OxLrkoEjR19iXpRw,パチスロードch,136260114,75700,816
2025-11-28 02:17:01,UCSFCh5NL4qXrAy9u-u2lX3g,Kuzuha Channel,1427835289,2100000,2822
2025-11-28 02:17:01,UCv0F5yCdnwnBTrcJO2Yr3lQ,きむちゃんねる,925351670,765000,2674
2025-11-28 02:17:01,UCPVr7clenPjpD7WNsSI3UBQ,レトルト,2879528689,2590000,3850
2025-11-28 02:17:01,UCTEQRq53fm5tw-3vJ1HLUCw,MAY'S - Topic,4428275,710,309
2025-11-28 02:17:01,UCfkXDY7vwkcJ8ddFGz8KusA,SEVENTEEN,7797609294,16200000,3291
2025-11-28 02:17:01,UCdMGYXL38w6htx6Yf9YJa-w,プロジェクトセカイ カラフルステージ! feat. 初音ミク,2004681179,2060000,1907
2025-11-28 02:17:01,UCRDJ3DN-6ND_a4LSJ35L91A,立川ちゃんねる,106633506,107000,639
2025-11-28 02:17:01,UCBA-kvU_zYdKreZbhhywX2Q,あいずちゃんねる,147864213,57400,804
2025-11-28 02:17:01,UCiZqWVAeChfqlom5ZPR3ZJA,NCT WISH,630033332,1140000,1126
2025-11-28 02:17:01,UCEf_Bc-KVd7onSeifS3py9g,SMTOWN,32615202386,33500000,4642
2025-11-28 02:17:01,UCYLp2FLXcqLUZhvrCxQmNIA,胡桃沢りりか,41082046,100000,2573
2025-11-28 02:17:01,UCENwRMx5Yh42zWpzURebzTw,Laplus ch. ラプラス・ダークネス - holoX -,400161796,1450000,918
2025-11-28 02:17:01,UCqq-ovGE01ErlXakPihhKDA,1theK Originals - 원더케이 오리지널,2010488974,2510000,3586
2025-11-28 02:17:01,UCM3yhFc0-fBFuvqx1Vg2YNQ,まいぜんシスターズ,7172110405,3180000,1860
2025-11-28 02:17:01,UCaO6TYtlC8U5ttz62hTrZgg,JYP Entertainment,26033965531,31500000,2641
2025-11-28 02:17:01,UCFQu6Q-9LAS3KoEuRDNkzGA, ニート部,659410890,680000,3213
2025-11-28 02:17:01,UCjJmYy279ehSYSwR1A3fXtA,マグロヘッド,394485098,735000,1754
2025-11-28 02:17:01,UCdPCarwi28K5Z7s5l2nMiLw,Uru Official YouTube Channel,901097541,1180000,296
2025-11-28 02:17:01,UCs8nP5mUR3pwJmgixsul8Hw,Saucy Dog,503080790,860000,120
2025-11-28 02:17:01,UC5nxCVEWQLLfkPuMylpkYkA,ロス,123613887,487000,68
2025-11-28 02:17:01,UClNdVSK1uy2xFHTaXZYXopw,らっだぁ,1819502523,1450000,2342
2025-11-28 02:17:01,UCCzUftO8KOVkV4wQG1vkUvg,Marine Ch. 宝鐘マリン,2033880549,4260000,1560
2025-11-28 02:17:01,UCrQUlOEbu-0T0l4DAcBEeIg,pizzaofdeathofficial,408297473,332000,372
2025-11-28 02:17:01,UCd9BXPj-KcMTh0HiB-Vlb8A,モンスト（モンスターストライク）公式,1160707831,1550000,4581
2025-11-28 02:17:01,UC6FadPgGviUcq6VQ0CEJqdQ,Juice=Juice,166051730,251000,281
2025-11-28 02:17:01,UCvzGlP9oQwU--Y0r9id_jnA,Subaru Ch. 大空スバル,581341281,1950000,1897
2025-11-28 02:17:01,UC7wu64jFsV02bbu6UHUd7JA,ガンダムチャンネル,412705070,1670000,1657
2025-11-28 02:17:01,UC3PFoXZPFJGy9F4PG84nNQQ,Soala - Topic,29245822,4820,84
2025-11-28 02:17:01,UCzRzPAT-AjlPyec5yXG974g,カワノKawano,208412962,185000,1323
2025-11-28 02:17:01,UC8Qwnts13zIh2EYUCau6m3w,ONE N' ONLY TV,112267072,214000,795
2025-11-28 02:17:01,UCvo8JUqHh2d1QGnK3LKyI4Q,ポケモンユナイト公式チャンネル,31965014,139000,467
2025-11-28 02:17:01,UCOTR1tcOAhjgi6YukrPpZxg,まふまふちゃんねる,2481899158,3610000,511
2025-11-28 02:17:01,UCpGpA7mSYmNJjLiJxKso5QA,しもふりチューブ,1783660691,2160000,3023
2025-11-28 02:17:01,UCXURHJRGr4-EB3l87kcbElw,NCT DREAM,2300999800,7000000,1318
2025-11-28 02:17:01,UCYA14rrNjvQq_P_YSNeJHgA,スロライブ,90048209,46500,896
2025-11-28 02:17:01,UCHvFSU5OP6c7QcJxIr87YtA,ウタエル Utael,446481570,582000,903
2025-11-28 02:17:01,UCFuugQScqDfJcsOEWbL1_tg,Gero Channel,209118582,551000,167
2025-11-28 02:17:01,UCxIK6x6sG7Ln5vjjPYpgeAw,Chogakusei Official,674277867,1010000,564
2025-11-28 02:17:01,UCZwcUEEjD8RVzB-TAw1ts3g,Eden - Topic,4283045,1770,38
2025-11-28 02:17:01,UC-UxhoAxlq57uZ8BA0b1Jyw,FPS切り抜きボット【ローレン・イロアス】,156796425,119000,1404
2025-11-28 02:17:01,UCfipDDn7wY-C-SoUChgxCQQ,葉山舞鈴 / Ohayama Ch.,88127302,600000,1342
2025-11-28 02:17:01,UCqMRVBz-hhSFRuqlL1guqig,あひるだっく,52151577,128000,89
2025-11-28 02:17:01,UCTgIFU4_hG6aA7VfWS8blQg,1GAME TV パチンコパチスロ実践動画,737231553,667000,1414
2025-11-28 02:17:01,UCtiObj3CsEAdNU6ZPWDsddQ,TOMORROW X TOGETHER OFFICIAL,3494513829,13100000,3043
2025-11-28 02:17:01,UC9rMiEjNaCSsebs31MRDCRA,Stray Kids,9673395528,22200000,1881
2025-11-28 02:17:01,UCKsVfYfguU3s5vMO5yhcWdw,STARGLOW Official,23413198,2730,49
2025-11-28 02:17:01,UC_ntXHv-XdKCD7CPynVvnQw,Bandai Namco Entertainment America,615703805,1460000,3570
2025-11-28 02:17:01,UCNVIo0UJXTdEnsRkCB9Q03w,ILLIT - Topic,565875683,57700,59
2025-11-28 02:17:01,UCPJCP_fon2mOMfibbBPUOYw,SAWAYAN GAMES / サワヤン ゲームズ,1299417555,2070000,3418
2025-11-28 04:15:50,UCX7YkU9nEeaoZbkVLVajcMg,にじさんじ,1072107569,1870000,2824
2025-11-28 04:15:50,UCEf_Bc-KVd7onSeifS3py9g,SMTOWN,32615202386,33500000,4642
2025-11-28 04:15:50,UCNVIo0UJXTdEnsRkCB9Q03w,ILLIT - Topic,565875683,57700,59
2025-11-28 04:15:50,UCrKna8EQAd7NPRYq-gIsuow,ホロライ部【ホロライブ切り抜き】,70256158,37900,614
2025-11-28 04:15:50,UCH-lygWpHodDff3iQurnWnQ,加藤純一切り抜き集,1719397232,580000,5441
2025-11-28 04:15:50,UCJy7zfLsKBXoo2soFMum7JQ,あかさかの箱,1291190598,2620000,2688
2025-11-28 04:15:50,UCL72kYW8XK4R61kp1R9K69Q,しろ,354836073,376000,2278
2025-11-28 04:15:50,UCWXDEaOxoT8gkk83ZEB5Onw,TP ZONE,1457232,13100,86
2025-11-28 04:15:50,UCWvr04hMa4k4wSilYcQ4qoA,キャベツの人【ゲーム紹介】,253374451,418000,974
2025-11-28 04:15:50,UCgmFrRcyH7d1zR9sIVQhFow,ローレン・イロアス / Lauren Iroas【にじさんじ】,397260425,954000,1050
2025-11-28 04:15:50,UC0ux2IFOXkj6ifQ4aSs9l7Q,大月【おおつき】,14847403,17500,1219
2025-11-28 04:15:50,UCBA-kvU_zYdKreZbhhywX2Q,あいずちゃんねる,147864213,57400,804
2025-11-28 04:15:50,UCqKNMJ5s_vsf7WkesdBrvQA,IS:SUE,87680204,221000,771
2025-11-28 04:15:50,UCy0DH4rgPPjDWVZO7wibcSQ,めめんともり,352095737,335000,468
2025-11-28 04:15:50,UChVflUz2J_jaaqYjXqvpmQA,iLiFE!【あいらいふ】,248908736,486000,535
2025-11-28 04:15:50,UCMJiPpN_09F0aWpQrgbc_qg,キヨ。,6533135245,5490000,3083
2025-11-28 04:15:50,UCN7_YMtKaUiizHpw77XLVcw,EXILE,188703738,14800,312
2025-11-28 04:15:50,UCILZFnKZJksR7zwhZbAB4vw,れじぇくん,1503308399,1170000,1428
2025-11-28 04:15:50,UCZetZElUvdElPrcstRjl9DA,加藤純一ロードショー,413754029,509000,983
2025-11-28 04:15:50,UC_ntXHv-XdKCD7CPynVvnQw,Bandai Namco Entertainment America,615703805,1460000,3570
2025-11-28 04:15:50,UCXURHJRGr4-EB3l87kcbElw,NCT DREAM,2300999800,7000000,1318
2025-11-28 04:15:50,UCp_Az_oKu8-J5qIQpF35JbA,やわらちゃんねる,193030695,279000,863
2025-11-28 04:15:50,UCUbAVVpHteGtGQPPN9lM3oQ,ホロライブ切り抜き/なめたけ,572453900,339000,2104
2025-11-28 04:15:50,UCJnL-TBcsYrF2SLs7tmiC8Q,tripleS official,697072588,2880000,3062
2025-11-28 04:15:50,UC3VId8brfshtHO6gMMqnZ5A,FLOW GLOW - Topic,405219,2190,5
2025-11-28 04:15:50,UCx1nAvtVDIsaGmCMSe8ofsQ,加藤純一【jun channel】,1137706595,1280000,1836
2025-11-28 04:15:50,UC-_iQWdEZY66nGGaHH0Ygmg,僕が見たかった青空,52805973,122000,499
2025-11-28 04:15:50,UCdPCarwi28K5Z7s5l2nMiLw,Uru Official YouTube Channel,901097541,1180000,296
2025-11-28 04:15:50,UChUjERVG8eKEAJSCef-tTmg,k4sen / かせん,718918156,1030000,3064
2025-11-28 04:15:50,UCof7dOTnyxaidkKkcIFuflQ,Mone Kamishiraishi - Topic,26385160,326,123
2025-11-28 04:15:50,UCtKBQ2BYD76GiJvcpZOBorg,えいま,11417074,13500,346
2025-11-28 04:15:50,UCYXmyrGUVL8tX7VEvo_DjPw,シャル@ツモらせ隊,83417780,178000,901
2025-11-28 04:15:50,UCHzevlEL9JfsBIm86uNCJqg,宮野真守,79523549,449000,329
2025-11-28 04:15:50,UCtceiniicYEsbAVuWy-Bi0Q,ドラゴンクエストウォーク公式,50539317,181000,160
2025-11-28 04:15:50,UC56x--_QtyaWD1QptYrPMqA,刀剣乱舞 公式チャンネル,9571480,131000,116
2025-11-28 04:15:50,UCjcYYjM16TFOPXDjWgzHiHA,超覚醒てえんだ「スロパチ生放送」,87392369,140000,571
2025-11-28 04:15:50,UCZwcUEEjD8RVzB-TAw1ts3g,Eden - Topic,4283045,1770,38
2025-11-28 04:15:50,UCAWxPGGuIfWME2KTLUmSCHw,ぱかチューブっ!【ウマ娘公式】,516118137,1310000,1291
2025-11-28 04:15:50,UCYA14rrNjvQq_P_YSNeJHgA,スロライブ,90048209,46500,896
2025-11-28 04:15:50,UCAVR6Q0YgYa8xwz8rdg9Mrg,原神-Genshin-公式,784190206,2100000,2022
2025-11-28 04:15:50,UCcmLTYWn2bI5GwNVSP1bl4Q,バッチコイなみちょ,15134761,17400,648
2025-11-28 04:15:50,UCvaTdHTWBGv3MKj3KVqJVCw,Okayu Ch. 猫又おかゆ,626491070,2060000,1593
2025-11-28 04:15:50,UCVh47EKH9VLresRqiYi9txw,Mili,608668101,1010000,117
2025-11-28 04:15:50,UC5wr1qJKJOrHHK-haeZkfbg,アカgames,462825038,283000,1361
2025-11-28 04:15:50,UCENoC6MLc4pL-vehJyzSWmg,もこうの実況,1736532998,1600000,5789
2025-11-28 04:15:50,UC1DCedRgGHBdm81E1llLhOQ,Pekora Ch. 兎田ぺこら,1013000469,2740000,2345
2025-11-28 04:15:50,UCMR5xpbhv3jzIQG1TOTg-Jg,B'z - Topic,290827940,3870,678
2025-11-28 04:15:50,UCqm3BQLlJfvkTsX_hvm0UmA,Watame Ch. 角巻わため,610016767,1700000,2979
2025-11-28 04:15:50,UCqfELxLmasBwYET4ZAMfMqA,がみくん,1009332796,584000,3990
2025-11-28 04:15:50,UCqMRVBz-hhSFRuqlL1guqig,あひるだっく,52151577,128000,89
2025-11-28 04:15:50,UC__iCxFigPdcry_UBv6sDGw,IO,16308497,38200,13
2025-11-28 04:15:50,UC3ruCdV7xnwAbpkW9tQq-6A,のーわん【NoOnE】,419620378,409000,1206
2025-11-28 04:15:50,UCOx-oLP9tOhiYwSK_m-yVxA,オモコロチャンネル,618773811,473000,1144
2025-11-28 04:15:50,UCZ1xuCK1kNmn5RzPYIZop3w,リゼ・ヘルエスタ -Lize Helesta-,299371442,957000,1090
2025-11-28 04:15:50,UCGc93NguHRwzv1Rw9MyIcxQ,鳴潮 (Wuthering Waves)公式,104311352,345000,466
2025-11-28 04:15:50,UCy2IDlWr4fbdO2dbka98bSg,HACHI - Topic,18794978,625,60
2025-11-28 04:15:50,UCqeAYB1DMzfM-hG-Up52yNQ,つるおかかものはし,371711972,387000,3613
2025-11-28 04:15:50,UCGjV4bsC43On-YuiLZcfL0w,KUN,3389428817,1660000,11233
2025-11-28 04:15:50,UCFQu6Q-9LAS3KoEuRDNkzGA, ニート部,659410890,680000,3213
2025-11-28 04:15:50,UCLrYavXppY_4oRfquHk9VQg,HAGANE,14455474,75100,143
2025-11-28 04:15:50,UC3NrSfe_yR5XX9zGFxYoV1Q,HIRAIDAI - Topic,281495040,3400,415
2025-11-28 04:15:50,UC-UxhoAxlq57uZ8BA0b1Jyw,FPS切り抜きボット【ローレン・イロアス】,156796425,119000,1404
2025-11-28 04:15:50,UC2NujFa5X09CdV0YCntmQDg,板橋ハウス,905340198,752000,2030
2025-11-28 04:15:50,UCeuNlK0yX-6_4930q0JUGNw,白瀬,414566759,183000,2094
2025-11-28 04:15:50,UCdCC1L_OxLrkoEjR19iXpRw,パチスロードch,136260114,75700,816
2025-11-28 04:15:50,UCDhOdoqPxv96djR3tSq9NoA,ショコラ大佐の秘密基地,148669038,138000,1747
2025-11-28 04:15:50,UCFvSFbT8okMrpuFxBEIB2lg,M!LK,90553892,10400,243
2025-11-28 04:15:50,UCwF6o6cF7BMTY1-OZ7ZUY7Q,フォートナイト 公式,271008439,411000,586
2025-11-28 04:15:50,UCqq-ovGE01ErlXakPihhKDA,1theK Originals - 원더케이 오리지널,2010488974,2510000,3586
2025-11-28 04:15:50,UCu3kfiUaK7MmkQ40omEpGyQ,ナナ色チャンネル,4733785,8440,85
2025-11-28 04:15:50,UCFuugQScqDfJcsOEWbL1_tg,Gero Channel,209118582,551000,167
2025-11-28 04:15:50,UC14QT5j2nQI8lKBCGtrrBQA,アニプレックス チャンネル,4308142665,3720000,15442
2025-11-28 04:15:50,UChhKBlh_wvspTh5n4mL0b5g,BOYNEXTDOOR,1166800131,2070000,2201
2025-11-28 04:15:50,UC0wuDDYK-QTwneeZ6x6pPbw,777パチガブチャンネル,345356381,432000,2938
2025-11-28 04:15:50,UCHghNZNbV-CPbb_f3FslObw,がんばるぴえんちゃんパチンコ日記,80552064,100000,1534
2025-11-28 04:15:50,UCyTaStlK0neSuKveYOIioaw,ぐんぐにるチャンネル,275117774,426000,447
2025-11-28 04:15:50,UC070fhnqq38qNhqHm5rxTcQ,令和ちゃんねる,428713479,506000,3629
2025-11-28 04:15:50,UCDwcZ85zjLKD-3-jqlv1wQQ,アンジュルム,213864061,229000,374
2025-11-28 04:15:50,UC3PFoXZPFJGy9F4PG84nNQQ,Soala - Topic,29245822,4820,84
2025-11-28 04:15:50,UC1FQWQ3y3-e8l1pCtWhJt5A,Vaundy,2295815134,2430000,226
2025-11-28 04:15:50,UCHazKLThRbMyMFu2bVAKhng,ウォーターチャレンジ,3131310717,3150000,2181
2025-11-28 04:15:50,UCEfbtVOJgicdHjs5HzOzJlA,ぱち・スロ部,3673885,1770,303
2025-11-28 04:15:50,UCJxxoli_XbupD8SK_TtytAQ,バンダイナムコ アミューズメントユニット公式チャンネル,90338539,118000,1604
2025-11-28 04:15:50,UCtyXllCXnTAg4rjfI3UwIgA,しょうちゃんネル,301997947,138000,1548
2025-11-28 04:15:50,UC8Qwnts13zIh2EYUCau6m3w,ONE N' ONLY TV,112267072,214000,795
2025-11-28 04:15:50,UCAaGaynFpku5cAx6OOSrW-w,HoneyWorks OFFICIAL,1601855248,2850000,550
2025-11-28 04:15:50,UCt09C9DPSuOGpHoitbcyCIQ,ゼンレスゾーンゼロ-ZZZ-公式,230329014,754000,430
2025-11-28 04:15:50,UCc-PPk-lNe34JaWCcJQCL0g,ドコムスチャンネル,541441980,594000,2024
2025-11-28 04:15:50,UC9-yZkJfxtg6WNCX5mUQb0w,ノゴローチャンネル,179654208,126000,3593
2025-11-28 04:15:50,UCxWcO9CLti4uouUIS5IIF-Q,Nornis,59019055,228000,110
2025-11-28 04:15:50,UCSFCh5NL4qXrAy9u-u2lX3g,Kuzuha Channel,1427835289,2100000,2823
2025-11-28 04:15:50,UC-ifW8mHzfsZVGHY8vxqrjA,A.B.C-Z,59464169,54600,437
2025-11-28 04:15:50,UCv7VutirxDn3RWIJXI68n_A,＝LOVE（イコールラブ）公式チャンネル,471770678,557000,474
2025-11-28 04:15:50,UCmovZ2th3Sqpd00F5RdeigQ,加賀美 ハヤト/Hayato Kagami,332409391,921000,1522
2025-11-28 04:15:50,UC9llDCAObCbGpsaa66fClKw,ユニバーサル・ピクチャーズ公式,642330480,375000,1443
2025-11-28 04:15:50,UCv0F5yCdnwnBTrcJO2Yr3lQ,きむちゃんねる,925351670,765000,2674
2025-11-28 04:15:50,UCv2ejD5B1xOYtGB2cf80B8g,Netflix Japan,1983627665,2310000,7766
2025-11-28 04:15:50,UCpYHkc4rzWEW7iVXIyxQebA,Hey! Say! JUMP - Topic,59024860,5080,738
2025-11-28 04:15:50,UCIJAlAYCNN8RACtDDsy9K6g,Novelbright,652756465,733000,319
2025-11-28 04:15:50,UCOjkVJQcjtWnpf0-1ft4brA,ゆっくりむちゃたぬき,210233791,353000,423
2025-11-28 04:15:50,UC8_Ag6BVp43Vmrx6eillK9g,Vaundy - Topic,910318715,2190,110
2025-11-28 04:15:50,UC_DopZ9OANqNGho0wFwADqA,けいちゃん / Keichan,502697517,1270000,606
2025-11-28 04:15:50,UC7aYDbAOIKIMt25ENfJ68Qw,ルカ,118728811,120000,2127
2025-11-28 04:15:50,UCaO6TYtlC8U5ttz62hTrZgg,JYP Entertainment,26033965531,31500000,2641
2025-11-28 04:15:50,UCCzUftO8KOVkV4wQG1vkUvg,Marine Ch. 宝鐘マリン,2033880549,4260000,1560
2025-11-28 04:15:50,UCy9GuRXGTm8TliQ-OJ7KwzA,【V.I.P】,978872188,979000,2497
2025-11-28 04:15:50,UC4YT50DP7hbMsor8FmyEPMw,Victor Entertainment,1490097112,1070000,4975
2025-11-28 04:15:50,UC_vMYWcDjmfdpH6r4TTn1MQ,Iroha ch. 風真いろは - holoX -,263260463,1130000,1055
2025-11-28 04:15:50,UClNdVSK1uy2xFHTaXZYXopw,らっだぁ,1819502523,1450000,2342
2025-11-28 04:15:50,UCENwRMx5Yh42zWpzURebzTw,Laplus ch. ラプラス・ダークネス - holoX -,400161796,1450000,918
2025-11-28 04:15:50,UCia0Mw96B-yNYRka1J_mAsQ,HikacGamesヒカックゲームズ,640505295,660000,5204
2025-11-28 04:15:50,UC3IZKseVpdzPSBaWxBxundA,HYBE LABELS,42540481240,79100000,2930
2025-11-28 04:15:50,UCH4yRBPH2pDUjPeqomx8CTQ,てるとくん,548838286,1330000,1895
2025-11-28 04:15:50,UCUW6U6iOrntB0jw6-AbQo8g,RED Games,250784769,210000,3572
2025-11-28 04:15:50,UCUzpZpX2wRYOk3J8QTFGxDg,乃木坂46 OFFICIAL YouTube CHANNEL,1610447858,1730000,1168
2025-11-28 04:15:50,UCapLmxI6gv5WBd3N3sUVG8Q,稲垣潤一 Official,39810109,49800,46
2025-11-28 04:15:50,UC9rMiEjNaCSsebs31MRDCRA,Stray Kids,9673395528,22200000,1881
2025-11-28 04:15:50,UCwJYQvXHtNn1c7RqED4E7MA,パンダドラゴン,44018394,92300,533
2025-11-28 04:15:50,UCx-QS9BIo_L_lx5dkpys1qw,ねこまんまのパチ•チャンネル,8139345,14300,170
2025-11-28 04:15:50,UC8eq3M3Yft3FUgxEX6lOZMg,chotokkyu - Topic,35861359,579,486
2025-11-28 04:15:50,UCdszfKemUn36sOEplfkiGVQ,GPV LABEL,3048201,5430,91
2025-11-28 04:15:50,UCPJCP_fon2mOMfibbBPUOYw,SAWAYAN GAMES / サワヤン ゲームズ,1299417555,2070000,3418
2025-11-28 04:15:50,UCLkAepWjdylmXSltofFvsYQ,BANGTANTV,26052132409,81700000,2937
2025-11-28 04:15:50,UCOXOcEbERAwGlE4ig9MaLSQ,夜勤明けパチンコパチスロ実践記,275784241,166000,1623
2025-11-28 04:15:50,UC9qSqkNFiByKzzoxT3Cydyw,Aiobahn,28242135,90100,14
2025-11-28 04:15:50,UCBhPDpv9JavoPADrZcsAC2A,あらき-ARAKI Official,320679686,489000,260
2025-11-28 04:15:50,UCRDJ3DN-6ND_a4LSJ35L91A,立川ちゃんねる,106633506,107000,639
2025-11-28 04:15:50,UC1DqlLj1onQhBfxW81OgQTw,GLAY,732544767,541000,886
2025-11-28 04:15:50,UCHvFSU5OP6c7QcJxIr87YtA,ウタエル Utael,446481570,582000,903
2025-11-28 04:15:50,UCC4xWbcBVn-tHgchhrdmFpg,Jinmenusagi,10080853,32800,81
2025-11-28 04:15:50,UCKsVfYfguU3s5vMO5yhcWdw,STARGLOW Official,23413198,2740,49
2025-11-28 04:15:50,UCl_HfKfmxefUAVHPyJu0aCg,シュガーの宝舟,80220296,84300,1358
2025-11-28 04:15:50,UCM3yhFc0-fBFuvqx1Vg2YNQ,まいぜんシスターズ,7172110405,3180000,1860
2025-11-28 04:15:50,UCkKj-SiKyiFkj_dO1vmY3gA,加藤純一RECORDS,5280513,29300,82
2025-11-28 04:15:50,UC6FadPgGviUcq6VQ0CEJqdQ,Juice=Juice,166051730,251000,281
2025-11-28 04:15:50,UCc-itdQHxLvUlPrDxIiSJrA,INI,748068954,653000,1270
2025-11-28 04:15:50,UC6SmH9mR82nj28_NNg_rZvA,スクウェア・エニックス,1173462261,1090000,10987
2025-11-28 04:15:50,UCtiObj3CsEAdNU6ZPWDsddQ,TOMORROW X TOGETHER OFFICIAL,3494513829,13100000,3043
2025-11-28 04:15:50,UCdVD0MsYecQaIE5Ru-pOIQQ,RIIZE,1025713566,1870000,1387
2025-11-28 04:15:50,UCYe_uTI6X6mm9qaXm8iWFDg,ノッチ配信者パチンコライブ,269135751,125000,2728
2025-11-28 04:15:50,UC5vqbtNnbOF2h7A_xlrIPUw,ぽっぴんず,917041262,630000,1053
2025-11-28 04:15:50,UCfkXDY7vwkcJ8ddFGz8KusA,SEVENTEEN,7797609294,16200000,3291
2025-11-28 04:15:50,UCXEo7JprZQGCPkezcZylHlQ,黒炭酸,152562872,202000,1757
2025-11-28 04:15:50,UCooVYzDxdwTtGYAkcPmOgOw,Brawl Stars,4007265329,23200000,370
2025-11-28 04:15:50,UCvzGlP9oQwU--Y0r9id_jnA,Subaru Ch. 大空スバル,581341281,1950000,1897
2025-11-28 04:15:50,UCZVVCZwOpCbDXB84SDqWixQ,Lil Shady,56319498,284000,97
2025-11-28 04:15:50,UC0oUS_AySEl6fiYgRgPJJ9g,うさみんみ,43215847,14500,179
2025-11-28 04:15:50,UCMF_5h2OejEhVorTB02UUSg,MAZZEL,243792578,286000,722
2025-11-28 04:15:50,UC9Lx-zRFGfpuls27tNAOIqA,マエスケ,1543529658,1840000,1138
2025-11-28 04:15:50,UCBLGjbYv6-xxju1i44RjnnA,明透 -ᴀsᴜ-,132564670,625000,494
2025-11-28 04:15:50,UCHD1jo5RhijLfx5-0Ehe_cg,&TEAM,466813545,1320000,1412
2025-11-28 04:15:50,UCTgIFU4_hG6aA7VfWS8blQg,1GAME TV パチンコパチスロ実践動画,737231553,667000,1414
2025-11-28 04:15:50,UCxhPsqKunv6674tZcQoEzOg,LIBRO,9608620,19500,26
2025-11-28 04:15:50,UClqWF_XeXy469i4KDurpjWw,Yukopi,18054,2,1
2025-11-28 04:15:50,UCXeTnWiRoifoHHEzSyR5Ogg,パチンコ・パチスロ必勝ガイドチャンネル,52801397,86300,1325
2025-11-28 04:15:50,UC6qVAJzxF5kSN_UUFSdODiQ,MAZZEL - Topic,19399097,8260,57
2025-11-28 04:15:50,UC15ebOqdhmvl1eb0s0jk5aw,戦極MCBATTLE,1332979753,847000,5386
2025-11-28 04:15:50,UCZMRuagdTBKmmrFtSMN48Xw,牛沢,2666044649,1800000,3741
2025-11-28 04:15:50,UCxIK6x6sG7Ln5vjjPYpgeAw,Chogakusei Official,674277867,1010000,564
2025-11-28 04:15:50,UC5nxCVEWQLLfkPuMylpkYkA,ロス,123613887,487000,68
2025-11-28 04:15:50,UCspv01oxUFf_MTSipURRhkA,Kanae Channel,785965724,1510000,4293
2025-11-28 04:15:50,UCj4PjeVMnNTHIR5EeoNKPAw,ドズル社,4908810074,2570000,10214
2025-11-28 04:15:50,UCmnZL4tFRl4sm-uJOxTLHmg,今日ポケch.,987062219,570000,1305
2025-11-28 04:15:50,UCu2Fxqf37DAZ0ZhIsd1FZwA,Capcom Fighters JP,263206267,257000,3909
2025-11-28 04:15:50,UCeTo4Eh0TzpKbUL4vGQZ73A,LEX *,4622534,1280,14
2025-11-28 04:15:50,UCS57xc1Bf-znC9_ouCc3SZw,佐野元春 - DaisyMusic,50511392,77700,163
2025-11-28 04:15:50,UCzXjPL7zo0bxhOYDxLJ9YEg,ポッキー,4097303091,3750000,4360
2025-11-28 04:15:50,UC8rk-fIWJXYlSF8tkfG9wWg,天色鮫,66660546,192000,132
2025-11-28 04:15:50,UCs8nP5mUR3pwJmgixsul8Hw,Saucy Dog,503080790,860000,120
2025-11-28 04:15:50,UC7wu64jFsV02bbu6UHUd7JA,ガンダムチャンネル,412705070,1670000,1657
2025-11-28 04:15:50,UCcz2Y1yhR42UxbFwvPFGCmA,きっしー助六ちゃんねる,76067930,61600,942
2025-11-28 04:15:50,UCHVkYOT63gAz5yTxjo68_Ng,家スロットゲームパンダ’s ROOM@琉球🐼🪸,1227156,1680,76
2025-11-28 04:15:50,UCYLp2FLXcqLUZhvrCxQmNIA,胡桃沢りりか,41082046,100000,2573
2025-11-28 04:15:50,UCdn5BQ06XqgXoAxIhbqw5Rg,フブキCh。白上フブキ,711027577,2640000,2969
2025-11-28 04:15:50,UCHp2q2i85qt_9nn2H7AvGOw,NiziU Official,1563277157,2290000,2505
2025-11-28 04:15:50,UCDbUUremwf8k1x1GTYfB1Ng,ニート部クラフト,20469029,97400,126
2025-11-28 04:15:50,UCqQNCRSihFHVsXrDikNeYSg,げまじょが好き【にじさんじEXゲマズ切り抜き】,4649643,2400,119
2025-11-28 04:15:50,UCtPyU9cJgvvgH03PQKgaucA,ファミ通TUBE,183092580,208000,8154
2025-11-28 04:15:50,UCrQUlOEbu-0T0l4DAcBEeIg,pizzaofdeathofficial,408297473,332000,372
2025-11-28 04:15:50,UCPVr7clenPjpD7WNsSI3UBQ,レトルト,2879528689,2590000,3850
2025-11-28 04:15:50,UC9zY_E8mcAo_Oq772LEZq8Q,THE FIRST TAKE,6265448119,11500000,1531
2025-11-28 04:15:50,UCjJmYy279ehSYSwR1A3fXtA,マグロヘッド,394485098,735000,1754
2025-11-28 04:15:50,UCOfESRUR5duQ2hMnTQ4oqhA,BUMP OF CHICKEN,1637208579,1590000,165
2025-11-28 04:15:50,UCkVvAm5jb62IMIJQj4wPVGA,TMSアニメ公式チャンネル,379675672,898000,1147
2025-11-28 04:15:50,UCcg_rvE-fU2tATMwBAxW9bA,ヤングスキニー,149492671,239000,605
2025-11-28 04:15:50,UCpT4syVopfBl2bATVfAt65g,澤野弘之 / SawanoHiroyuki[nZk],51785889,4100,22
2025-11-28 04:15:50,UCoQhX2O93MVTWfgIz-8wOmg,KUNの50人クラフト,466416775,544000,1051
2025-11-28 04:15:50,UC3J-txytRWiRtNXrLS95eEw,ASIAN KUNG-FU GENERATION Official YouTube Channel,608265861,789000,283
2025-11-28 04:15:50,UCzRzPAT-AjlPyec5yXG974g,カワノKawano,208412962,185000,1323
2025-11-28 04:15:50,UCKU0SVkIPRqwiZaXJ9rXhdw,シュート。,216576858,256000,2338
2025-11-28 04:15:50,UCdMGYXL38w6htx6Yf9YJa-w,プロジェクトセカイ カラフルステージ! feat. 初音ミク,2004681179,2060000,1907
2025-11-28 04:15:50,UC-hM6YJuNYVAmUWxeIr9FeA,Miko Ch. さくらみこ,898573579,2460000,2043
2025-11-28 04:15:50,UCpGpA7mSYmNJjLiJxKso5QA,しもふりチューブ,1783660691,2160000,3023
2025-11-28 04:15:50,UCd9BXPj-KcMTh0HiB-Vlb8A,モンスト（モンスターストライク）公式,1160707831,1550000,4581
2025-11-28 04:15:50,UC6H_7uSepAzrlayBjAb9rrg,WurtS - Topic,69151593,698,82
2025-11-28 04:15:50,UCTEQRq53fm5tw-3vJ1HLUCw,MAY'S - Topic,4428275,710,309
2025-11-28 04:15:50,UCdkVEDVAW5aFmA-Mkz0lAFQ,ひたまゆ。,466742954,410000,2795
2025-11-28 04:15:50,UCL7VEatXa9yBCKeM-ww8TnA,NX☆くさあん,208613284,238000,3564
2025-11-28 04:15:50,UCeK22JmzkTMa69kZU9NEqsA,めじの【Vtuber応援隊】,31953282,15100,540
2025-11-28 04:15:50,UCDBdcJ3JIg2sjDg8QR3xp-g,Iyowa - Topic,65762694,31300,88
2025-11-28 04:15:50,UCeA0fcfLVewbuD7H5YsrpdA,ライキジョーンズ,118907320,146000,3390
2025-11-28 04:15:50,UCkv76wCrBDQNn7ctcbn6Qeg,Nissy - Topic,93482979,26400,192
2025-11-28 04:15:50,UCfipDDn7wY-C-SoUChgxCQQ,葉山舞鈴 / Ohayama Ch.,88127302,600000,1342
2025-11-28 04:15:50,UCMGvmEqkVbl372DCyn3NLAw,【吹いたら負け】葛葉先生のしくじり【切り抜き】,180619841,136000,978
2025-11-28 04:15:50,UCylNKKCfPMm8ROXasQWTonA,響咲リオナの足,3368472,7170,128
2025-11-28 04:15:50,UCXqWKjzm2YMH6Bs7rAmsKFw,福本大晴,7574219,89600,146
2025-11-28 04:15:50,UCsoW5-5KCPFAZwfGU-POUvA,まじめにヤバシティ,61636831,390000,306
2025-11-28 04:15:50,UCtwTCZuQkTIwUf5m9mlZnOQ,Release - Topic,33591,53,7
2025-11-28 04:15:50,UCOVLrBaOiMH5QDKXTycZ8Pw,やっちゃんの崖っぷちスロパチ生活,699069208,326000,5206
2025-11-28 04:15:50,UCBuLdF0tQn5oZjpvYWSQkaA,Liura Channel,92291309,206000,378
2025-11-28 04:15:50,UCOTR1tcOAhjgi6YukrPpZxg,まふまふちゃんねる,2481899158,3610000,511
2025-11-28 04:15:50,UCMzLWawc9x3rUsqYDEfgqzA,ジャック・オ・蘭たん,713106242,649000,1888
2025-11-28 04:15:50,UCB_qr75-ydFVKSF9Dmo6izg,FORMULA 1,8872795883,13700000,9410
2025-11-28 04:15:50,UChn5TjkeEqd-JxzizMVSkOw,ハヤトの野望,1035793942,1510000,2418
2025-11-28 04:15:50,UCiZqWVAeChfqlom5ZPR3ZJA,NCT WISH,630033332,1140000,1126
2025-11-28 04:15:50,UCvo8JUqHh2d1QGnK3LKyI4Q,ポケモンユナイト公式チャンネル,31965014,139000,467
2025-11-26 08:33:18,UC__iCxFigPdcry_UBv6sDGw,IO,16107442,38100,13
2025-11-26 08:33:18,UC9Lx-zRFGfpuls27tNAOIqA,マエスケ,1541402133,1830000,1137
2025-11-26 08:33:18,UC9rMiEjNaCSsebs31MRDCRA,Stray Kids,9673395528,22200000,1874
2025-11-26 08:33:18,UCHghNZNbV-CPbb_f3FslObw,がんばるぴえんちゃんパチンコ日記,80271722,100000,1529
2025-11-26 08:33:18,UCFvSFbT8okMrpuFxBEIB2lg,M!LK,89365576,10300,243
2025-11-26 08:33:18,UC8eq3M3Yft3FUgxEX6lOZMg,chotokkyu - Topic,35748306,577,486
2025-11-26 08:33:18,UCv2ejD5B1xOYtGB2cf80B8g,Netflix Japan,1980717825,2300000,7752
2025-11-26 08:33:18,UCxIK6x6sG7Ln5vjjPYpgeAw,Chogakusei Official,667393982,1010000,564
2025-11-26 08:33:18,UC8_Ag6BVp43Vmrx6eillK9g,Vaundy - Topic,908573684,2190,110
2025-11-26 08:33:18,UCgmFrRcyH7d1zR9sIVQhFow,ローレン・イロアス / Lauren Iroas【にじさんじ】,396660732,953000,1048
2025-11-26 08:33:18,UC6qVAJzxF5kSN_UUFSdODiQ,MAZZEL - Topic,19259693,8260,57
2025-11-26 08:33:18,UChn5TjkeEqd-JxzizMVSkOw,ハヤトの野望,1034849113,1510000,2416
2025-11-26 08:33:18,UC4YT50DP7hbMsor8FmyEPMw,Victor Entertainment,1489340716,1070000,4972
2025-11-26 08:33:18,UC-hM6YJuNYVAmUWxeIr9FeA,Miko Ch. さくらみこ,889625882,2460000,2042
2025-11-26 08:33:18,UCx-QS9BIo_L_lx5dkpys1qw,ねこまんまのパチ•チャンネル,7913144,14200,167
2025-11-26 08:33:18,UCMF_5h2OejEhVorTB02UUSg,MAZZEL,240478072,283000,721
2025-11-26 08:33:18,UCHD1jo5RhijLfx5-0Ehe_cg,&TEAM,466813545,1320000,1405
2025-11-26 08:33:18,UCDhOdoqPxv96djR3tSq9NoA,ショコラ大佐の秘密基地,148323727,138000,1745
2025-11-26 08:33:18,UCkVvAm5jb62IMIJQj4wPVGA,TMSアニメ公式チャンネル,378912152,898000,1145
2025-11-26 08:33:18,UCSFCh5NL4qXrAy9u-u2lX3g,Kuzuha Channel,1425502121,2100000,2818
2025-11-26 08:33:18,UCYXmyrGUVL8tX7VEvo_DjPw,シャル@ツモらせ隊,83140398,178000,899
2025-11-26 08:33:18,UCrQUlOEbu-0T0l4DAcBEeIg,pizzaofdeathofficial,407934341,331000,372
2025-11-26 08:33:18,UCqQNCRSihFHVsXrDikNeYSg,げまじょが好き【にじさんじEXゲマズ切り抜き】,4495012,2340,118
2025-11-26 08:33:18,UCaO6TYtlC8U5ttz62hTrZgg,JYP Entertainment,26015574408,31500000,2639
2025-11-26 08:33:18,UC-_iQWdEZY66nGGaHH0Ygmg,僕が見たかった青空,52805973,122000,498
2025-11-26 08:33:18,UCX7YkU9nEeaoZbkVLVajcMg,にじさんじ,1071426596,1870000,2825
2025-11-26 08:33:18,UCIJAlAYCNN8RACtDDsy9K6g,Novelbright,646175482,733000,319
2025-11-26 08:33:18,UCVh47EKH9VLresRqiYi9txw,Mili,608668101,1000000,117
2025-11-26 08:33:18,UCpGpA7mSYmNJjLiJxKso5QA,しもふりチューブ,1782869559,2160000,3020
2025-11-26 08:33:18,UCHVkYOT63gAz5yTxjo68_Ng,家スロットゲームパンダ’s ROOM@琉球🐼🪸,1200426,1680,76
2025-11-26 08:33:18,UCu2Fxqf37DAZ0ZhIsd1FZwA,Capcom Fighters JP,260904621,257000,3894
2025-11-26 08:33:18,UCp_Az_oKu8-J5qIQpF35JbA,やわらちゃんねる,192880450,279000,862
2025-11-26 08:33:18,UCOTR1tcOAhjgi6YukrPpZxg,まふまふちゃんねる,2481137032,3610000,511
2025-11-26 08:33:18,UCLkAepWjdylmXSltofFvsYQ,BANGTANTV,26052132409,81700000,2933
2025-11-26 08:33:18,UCBA-kvU_zYdKreZbhhywX2Q,あいずちゃんねる,147605257,57400,803
2025-11-26 08:33:18,UCyTaStlK0neSuKveYOIioaw,ぐんぐにるチャンネル,275025805,426000,446
2025-11-26 08:33:18,UCvaTdHTWBGv3MKj3KVqJVCw,Okayu Ch. 猫又おかゆ,626491070,2060000,1591
2025-11-26 08:33:18,UCvzGlP9oQwU--Y0r9id_jnA,Subaru Ch. 大空スバル,580902377,1950000,1894
2025-11-26 08:33:18,UChhKBlh_wvspTh5n4mL0b5g,BOYNEXTDOOR,1153888296,2060000,2198
2025-11-26 08:33:18,UC3IZKseVpdzPSBaWxBxundA,HYBE LABELS,42512507391,79100000,2929
2025-11-26 08:33:18,UCkKj-SiKyiFkj_dO1vmY3gA,加藤純一RECORDS,5156529,28900,82
2025-11-26 08:33:18,UCMJiPpN_09F0aWpQrgbc_qg,キヨ。,6529787323,5480000,3083
2025-11-26 08:33:18,UCKU0SVkIPRqwiZaXJ9rXhdw,シュート。,216424957,256000,2334
2025-11-26 08:33:18,UCPVr7clenPjpD7WNsSI3UBQ,レトルト,2878259332,2590000,3850
2025-11-26 08:33:18,UC6SmH9mR82nj28_NNg_rZvA,スクウェア・エニックス,1172857723,1090000,10981
2025-11-26 08:33:18,UC9qSqkNFiByKzzoxT3Cydyw,Aiobahn,27981819,90000,14
2025-11-26 08:33:18,UCooVYzDxdwTtGYAkcPmOgOw,Brawl Stars,4002060682,23200000,370
2025-11-26 08:33:18,UCfkXDY7vwkcJ8ddFGz8KusA,SEVENTEEN,7797609294,16200000,3275
2025-11-26 08:33:18,UC3J-txytRWiRtNXrLS95eEw,ASIAN KUNG-FU GENERATION Official YouTube Channel,608265861,788000,281
2025-11-26 08:33:18,UCqMRVBz-hhSFRuqlL1guqig,あひるだっく,52014676,127000,89
2025-11-26 08:33:18,UCrKna8EQAd7NPRYq-gIsuow,ホロライ部【ホロライブ切り抜き】,69980302,37800,613
2025-11-26 08:33:18,UCL7VEatXa9yBCKeM-ww8TnA,NX☆くさあん,208296900,238000,3562
2025-11-26 08:33:18,UCAWxPGGuIfWME2KTLUmSCHw,ぱかチューブっ!【ウマ娘公式】,515145586,1310000,1288
2025-11-26 08:33:18,UCoQhX2O93MVTWfgIz-8wOmg,KUNの50人クラフト,465283675,543000,1047
2025-11-26 08:33:18,UCXeTnWiRoifoHHEzSyR5Ogg,パチンコ・パチスロ必勝ガイドチャンネル,52664115,86200,1323
2025-11-26 08:33:18,UCtPyU9cJgvvgH03PQKgaucA,ファミ通TUBE,182987455,208000,8152
2025-11-26 08:33:18,UCtKBQ2BYD76GiJvcpZOBorg,えいま,11406528,13500,346
2025-11-26 08:33:18,UCmovZ2th3Sqpd00F5RdeigQ,加賀美 ハヤト/Hayato Kagami,332409391,921000,1521
2025-11-26 08:33:18,UC1FQWQ3y3-e8l1pCtWhJt5A,Vaundy,2295815134,2430000,226
2025-11-26 08:33:18,UCj4PjeVMnNTHIR5EeoNKPAw,ドズル社,4897496529,2560000,10209
2025-11-26 08:33:18,UCZ1xuCK1kNmn5RzPYIZop3w,リゼ・ヘルエスタ -Lize Helesta-,299063344,957000,1090
2025-11-26 08:33:18,UC070fhnqq38qNhqHm5rxTcQ,令和ちゃんねる,428217817,506000,3625
2025-11-26 08:33:18,UCdVD0MsYecQaIE5Ru-pOIQQ,RIIZE,1015326967,1870000,1376
2025-11-26 08:33:18,UCtyXllCXnTAg4rjfI3UwIgA,しょうちゃんネル,299486157,138000,1546
2025-11-26 08:33:18,UChVflUz2J_jaaqYjXqvpmQA,iLiFE!【あいらいふ】,246311299,485000,531
2025-11-26 08:33:18,UCt09C9DPSuOGpHoitbcyCIQ,ゼンレスゾーンゼロ-ZZZ-公式,229399260,754000,427
2025-11-26 08:33:18,UC1DCedRgGHBdm81E1llLhOQ,Pekora Ch. 兎田ぺこら,1012094034,2740000,2342
2025-11-26 08:33:18,UCHzevlEL9JfsBIm86uNCJqg,宮野真守,78718653,449000,329
2025-11-26 08:33:18,UCOVLrBaOiMH5QDKXTycZ8Pw,やっちゃんの崖っぷちスロパチ生活,698686126,326000,5202
2025-11-26 08:33:18,UC2NujFa5X09CdV0YCntmQDg,板橋ハウス,904353577,752000,2028
2025-11-26 08:33:18,UCvo8JUqHh2d1QGnK3LKyI4Q,ポケモンユナイト公式チャンネル,31950409,139000,467
2025-11-26 08:33:18,UCu3kfiUaK7MmkQ40omEpGyQ,ナナ色チャンネル,4452742,8180,82
2025-11-26 08:33:18,UCy9GuRXGTm8TliQ-OJ7KwzA,【V.I.P】,978122626,978000,2494
2025-11-26 08:33:18,UCJnL-TBcsYrF2SLs7tmiC8Q,tripleS official,678132684,2880000,3050
2025-11-26 08:33:18,UCZwcUEEjD8RVzB-TAw1ts3g,Eden - Topic,4211673,1720,38
2025-11-26 08:33:18,UCJy7zfLsKBXoo2soFMum7JQ,あかさかの箱,1289845708,2620000,2687
2025-11-26 08:33:18,UC7aYDbAOIKIMt25ENfJ68Qw,ルカ,118648999,120000,2126
2025-11-26 08:33:18,UC6FadPgGviUcq6VQ0CEJqdQ,Juice=Juice,162049064,249000,280
2025-11-26 08:33:18,UCeA0fcfLVewbuD7H5YsrpdA,ライキジョーンズ,118710383,146000,3389
2025-11-26 08:33:18,UCHazKLThRbMyMFu2bVAKhng,ウォーターチャレンジ,3129441423,3150000,2180
2025-11-26 08:33:18,UCZMRuagdTBKmmrFtSMN48Xw,牛沢,2664514554,1800000,3739
2025-11-26 08:33:18,UCENoC6MLc4pL-vehJyzSWmg,もこうの実況,1736008262,1600000,5786
2025-11-26 08:33:18,UCFQu6Q-9LAS3KoEuRDNkzGA, ニート部,658691493,680000,3212
2025-11-26 08:33:18,UCPJCP_fon2mOMfibbBPUOYw,SAWAYAN GAMES / サワヤン ゲームズ,1298644407,2070000,3416
2025-11-26 08:33:18,UCN7_YMtKaUiizHpw77XLVcw,EXILE,188383635,14700,307
2025-11-26 08:33:18,UCZVVCZwOpCbDXB84SDqWixQ,Lil Shady,55380693,283000,97
2025-11-26 08:33:18,UCYe_uTI6X6mm9qaXm8iWFDg,ノッチ配信者パチンコライブ,268630438,125000,2725
2025-11-26 08:33:18,UCBuLdF0tQn5oZjpvYWSQkaA,Liura Channel,92034864,206000,374
2025-11-26 08:33:18,UCdMGYXL38w6htx6Yf9YJa-w,プロジェクトセカイ カラフルステージ! feat. 初音ミク,2001799088,2060000,1907
2025-11-26 08:33:18,UCylNKKCfPMm8ROXasQWTonA,響咲リオナの足,3189512,6750,122
2025-11-26 08:33:18,UCeK22JmzkTMa69kZU9NEqsA,めじの【Vtuber応援隊】,31764823,15100,537
2025-11-26 08:33:18,UCUW6U6iOrntB0jw6-AbQo8g,RED Games,250181640,209000,3566
2025-11-26 08:33:18,UCYA14rrNjvQq_P_YSNeJHgA,スロライブ,89816153,46500,894
2025-11-26 08:33:18,UCxWcO9CLti4uouUIS5IIF-Q,Nornis,59019055,228000,110
2025-11-26 08:33:18,UC0ux2IFOXkj6ifQ4aSs9l7Q,大月【おおつき】,14755191,17400,1217
2025-11-26 08:33:18,UCjcYYjM16TFOPXDjWgzHiHA,超覚醒てえんだ「スロパチ生放送」,87236992,140000,571
2025-11-26 08:33:18,UC3VId8brfshtHO6gMMqnZ5A,FLOW GLOW - Topic,356832,2190,5
2025-11-26 08:33:18,UCC4xWbcBVn-tHgchhrdmFpg,Jinmenusagi,9965654,32600,80
2025-11-26 08:33:18,UCOfESRUR5duQ2hMnTQ4oqhA,BUMP OF CHICKEN,1637208579,1590000,164
2025-11-26 08:33:18,UC14QT5j2nQI8lKBCGtrrBQA,アニプレックス チャンネル,4302784745,3720000,15426
2025-11-26 08:33:18,UC9zY_E8mcAo_Oq772LEZq8Q,THE FIRST TAKE,6258961813,11500000,1527
2025-11-26 08:33:18,UCNVIo0UJXTdEnsRkCB9Q03w,ILLIT - Topic,563206630,57700,59
2025-11-26 08:33:18,UCWvr04hMa4k4wSilYcQ4qoA,キャベツの人【ゲーム紹介】,252994622,418000,972
2025-11-26 08:33:18,UCH4yRBPH2pDUjPeqomx8CTQ,てるとくん,548135777,1330000,1893
2025-11-26 08:33:18,UC_vMYWcDjmfdpH6r4TTn1MQ,Iroha ch. 風真いろは - holoX -,262769862,1130000,1051
2025-11-26 08:33:18,UCUzpZpX2wRYOk3J8QTFGxDg,乃木坂46 OFFICIAL YouTube CHANNEL,1610447858,1730000,1168
2025-11-26 08:33:18,UC7wu64jFsV02bbu6UHUd7JA,ガンダムチャンネル,412236012,1670000,1655
2025-11-26 08:33:18,UCRDJ3DN-6ND_a4LSJ35L91A,立川ちゃんねる,106355069,107000,639
2025-11-26 08:33:18,UCDbUUremwf8k1x1GTYfB1Ng,ニート部クラフト,20342644,97000,125
2025-11-26 08:33:18,UCBhPDpv9JavoPADrZcsAC2A,あらき-ARAKI Official,320679686,489000,260
2025-11-26 08:33:18,UCx1nAvtVDIsaGmCMSe8ofsQ,加藤純一【jun channel】,1137052735,1280000,1834
2025-11-26 08:33:18,UCAaGaynFpku5cAx6OOSrW-w,HoneyWorks OFFICIAL,1601855248,2850000,550
2025-11-26 08:33:18,UCDwcZ85zjLKD-3-jqlv1wQQ,アンジュルム,213864061,229000,370
2025-11-26 08:33:18,UCwJYQvXHtNn1c7RqED4E7MA,パンダドラゴン,44018394,92300,532
2025-11-26 08:33:18,UCOXOcEbERAwGlE4ig9MaLSQ,夜勤明けパチンコパチスロ実践記,275557304,166000,1622
2025-11-26 08:33:18,UChUjERVG8eKEAJSCef-tTmg,k4sen / かせん,717058740,1020000,3062
2025-11-26 08:33:18,UCc-itdQHxLvUlPrDxIiSJrA,INI,748068954,652000,1267
2025-11-26 08:33:18,UCqKNMJ5s_vsf7WkesdBrvQA,IS:SUE,87680204,221000,768
2025-11-26 08:33:18,UC_ntXHv-XdKCD7CPynVvnQw,Bandai Namco Entertainment America,615174747,1460000,3566
2025-11-26 08:33:18,UCcz2Y1yhR42UxbFwvPFGCmA,きっしー助六ちゃんねる,75766033,61500,940
2025-11-26 08:33:18,UCXURHJRGr4-EB3l87kcbElw,NCT DREAM,2300999800,7000000,1312
2025-11-26 08:33:18,UC56x--_QtyaWD1QptYrPMqA,刀剣乱舞 公式チャンネル,9474083,131000,116
2025-11-26 08:33:18,UCEfbtVOJgicdHjs5HzOzJlA,ぱち・スロ部,3647814,1760,302
2025-11-26 08:33:18,UCdCC1L_OxLrkoEjR19iXpRw,パチスロードch,135645033,75600,814
2025-11-26 08:33:18,UCEf_Bc-KVd7onSeifS3py9g,SMTOWN,32598484139,33500000,4640
2025-11-26 08:33:18,UCc-PPk-lNe34JaWCcJQCL0g,ドコムスチャンネル,540575743,593000,2022
2025-11-26 08:33:18,UCcg_rvE-fU2tATMwBAxW9bA,ヤングスキニー,147892001,238000,602
2025-11-26 08:33:18,UC_DopZ9OANqNGho0wFwADqA,けいちゃん / Keichan,502697517,1270000,605
2025-11-26 08:33:18,UCXEo7JprZQGCPkezcZylHlQ,黒炭酸,152159642,201000,1757
2025-11-26 08:33:18,UCzXjPL7zo0bxhOYDxLJ9YEg,ポッキー,4096481528,3750000,4359
2025-11-26 08:33:18,UClNdVSK1uy2xFHTaXZYXopw,らっだぁ,1817897479,1450000,2340
2025-11-26 08:33:18,UCH-lygWpHodDff3iQurnWnQ,加藤純一切り抜き集,1718686707,580000,5439
2025-11-26 08:33:18,UCdszfKemUn36sOEplfkiGVQ,GPV LABEL,2972644,5250,89
2025-11-26 08:33:18,UC-ifW8mHzfsZVGHY8vxqrjA,A.B.C-Z,59464169,54500,437
2025-11-26 08:33:18,UCOjkVJQcjtWnpf0-1ft4brA,ゆっくりむちゃたぬき,209988723,352000,423
2025-11-26 08:33:18,UCXqWKjzm2YMH6Bs7rAmsKFw,福本大晴,7285544,89700,144
2025-11-26 08:33:18,UCGjV4bsC43On-YuiLZcfL0w,KUN,3388709675,1660000,11231
2025-11-26 08:33:18,UCtiObj3CsEAdNU6ZPWDsddQ,TOMORROW X TOGETHER OFFICIAL,3494513829,13100000,3039
2025-11-26 08:33:18,UC5vqbtNnbOF2h7A_xlrIPUw,ぽっぴんず,916456047,630000,1052
2025-11-26 08:33:18,UCMGvmEqkVbl372DCyn3NLAw,【吹いたら負け】葛葉先生のしくじり【切り抜き】,180495413,136000,978
2025-11-26 08:33:18,UCMzLWawc9x3rUsqYDEfgqzA,ジャック・オ・蘭たん,712081720,648000,1887
2025-11-26 08:33:18,UC15ebOqdhmvl1eb0s0jk5aw,戦極MCBATTLE,1332198365,847000,5381
2025-11-26 08:33:18,UCCzUftO8KOVkV4wQG1vkUvg,Marine Ch. 宝鐘マリン,2033880549,4260000,1560
2025-11-26 08:33:18,UCv7VutirxDn3RWIJXI68n_A,＝LOVE（イコールラブ）公式チャンネル,466225819,555000,474
2025-11-26 08:33:18,UCdkVEDVAW5aFmA-Mkz0lAFQ,ひたまゆ。,466360946,410000,2791
2025-11-26 08:33:18,UC8rk-fIWJXYlSF8tkfG9wWg,天色鮫,66516551,192000,132
2025-11-26 08:33:18,UCILZFnKZJksR7zwhZbAB4vw,れじぇくん,1502996991,1170000,1428
2025-11-26 08:33:18,UCqeAYB1DMzfM-hG-Up52yNQ,つるおかかものはし,371149965,387000,3607
2025-11-26 08:33:18,UCLrYavXppY_4oRfquHk9VQg,HAGANE,14455474,74700,141
2025-11-26 08:33:18,UCB_qr75-ydFVKSF9Dmo6izg,FORMULA 1,8863018977,13700000,9406
2025-11-26 08:33:18,UCYLp2FLXcqLUZhvrCxQmNIA,胡桃沢りりか,40936040,100000,2569
2025-11-28 03:28:18,UCtKBQ2BYD76GiJvcpZOBorg,えいま,11417074,13500,346
2025-11-28 03:28:18,UCu2Fxqf37DAZ0ZhIsd1FZwA,Capcom Fighters JP,263206267,257000,3909
2025-11-28 03:28:18,UCYe_uTI6X6mm9qaXm8iWFDg,ノッチ配信者パチンコライブ,269135751,125000,2728
2025-11-28 03:28:18,UCENoC6MLc4pL-vehJyzSWmg,もこうの実況,1736532998,1600000,5789
2025-11-28 03:28:18,UCj4PjeVMnNTHIR5EeoNKPAw,ドズル社,4908810074,2570000,10214
2025-11-28 03:28:18,UCDwcZ85zjLKD-3-jqlv1wQQ,アンジュルム,213864061,229000,374
2025-11-28 03:28:18,UCylNKKCfPMm8ROXasQWTonA,響咲リオナの足,3368472,7160,128
2025-11-28 03:28:18,UC_DopZ9OANqNGho0wFwADqA,けいちゃん / Keichan,502697517,1270000,606
2025-11-28 03:28:18,UCwJYQvXHtNn1c7RqED4E7MA,パンダドラゴン,44018394,92300,533
2025-11-28 03:28:18,UCXURHJRGr4-EB3l87kcbElw,NCT DREAM,2300999800,7000000,1318
2025-11-28 03:28:18,UCdszfKemUn36sOEplfkiGVQ,GPV LABEL,3048201,5430,91
2025-11-28 03:28:18,UCS57xc1Bf-znC9_ouCc3SZw,佐野元春 - DaisyMusic,50511392,77700,163
2025-11-28 03:28:18,UCZ1xuCK1kNmn5RzPYIZop3w,リゼ・ヘルエスタ -Lize Helesta-,299371442,957000,1090
2025-11-28 03:28:18,UCv7VutirxDn3RWIJXI68n_A,＝LOVE（イコールラブ）公式チャンネル,471770678,557000,474
2025-11-28 03:28:18,UC8eq3M3Yft3FUgxEX6lOZMg,chotokkyu - Topic,35861359,579,486
2025-11-28 03:28:18,UChUjERVG8eKEAJSCef-tTmg,k4sen / かせん,718918156,1030000,3064
2025-11-28 03:28:18,UCLkAepWjdylmXSltofFvsYQ,BANGTANTV,26052132409,81700000,2937
2025-11-28 03:28:18,UCC4xWbcBVn-tHgchhrdmFpg,Jinmenusagi,10080853,32800,81
2025-11-28 03:28:18,UC9rMiEjNaCSsebs31MRDCRA,Stray Kids,9673395528,22200000,1881
2025-11-28 03:28:18,UCHazKLThRbMyMFu2bVAKhng,ウォーターチャレンジ,3131310717,3150000,2181
2025-11-28 03:28:18,UC3J-txytRWiRtNXrLS95eEw,ASIAN KUNG-FU GENERATION Official YouTube Channel,608265861,789000,283
2025-11-28 03:28:18,UCpYHkc4rzWEW7iVXIyxQebA,Hey! Say! JUMP - Topic,59024860,5080,738
2025-11-28 03:28:18,UC-hM6YJuNYVAmUWxeIr9FeA,Miko Ch. さくらみこ,898573579,2460000,2043
2025-11-28 03:28:18,UCfkXDY7vwkcJ8ddFGz8KusA,SEVENTEEN,7797609294,16200000,3291
2025-11-28 03:28:18,UCHD1jo5RhijLfx5-0Ehe_cg,&TEAM,466813545,1320000,1412
2025-11-28 03:28:18,UCENwRMx5Yh42zWpzURebzTw,Laplus ch. ラプラス・ダークネス - holoX -,400161796,1450000,918
2025-11-28 03:28:18,UCXqWKjzm2YMH6Bs7rAmsKFw,福本大晴,7574219,89600,146
2025-11-28 03:28:18,UCsoW5-5KCPFAZwfGU-POUvA,まじめにヤバシティ,61636831,390000,306
2025-11-28 03:28:18,UCgmFrRcyH7d1zR9sIVQhFow,ローレン・イロアス / Lauren Iroas【にじさんじ】,397260425,954000,1050
2025-11-28 03:28:18,UCFvSFbT8okMrpuFxBEIB2lg,M!LK,90553892,10400,243
2025-11-28 03:28:18,UC__iCxFigPdcry_UBv6sDGw,IO,16308497,38200,13
2025-11-28 03:28:18,UCXeTnWiRoifoHHEzSyR5Ogg,パチンコ・パチスロ必勝ガイドチャンネル,52801397,86300,1325
2025-11-28 03:28:18,UCoQhX2O93MVTWfgIz-8wOmg,KUNの50人クラフト,466416775,544000,1051
2025-11-28 03:28:18,UCOTR1tcOAhjgi6YukrPpZxg,まふまふちゃんねる,2481899158,3610000,511
2025-11-28 03:28:18,UCDhOdoqPxv96djR3tSq9NoA,ショコラ大佐の秘密基地,148669038,138000,1747
2025-11-28 03:28:18,UCwF6o6cF7BMTY1-OZ7ZUY7Q,フォートナイト 公式,271008439,411000,586
2025-11-28 03:28:18,UCy9GuRXGTm8TliQ-OJ7KwzA,【V.I.P】,978872188,979000,2497
2025-11-28 03:28:18,UCaO6TYtlC8U5ttz62hTrZgg,JYP Entertainment,26033965531,31500000,2641
2025-11-28 03:28:18,UCdn5BQ06XqgXoAxIhbqw5Rg,フブキCh。白上フブキ,711027577,2640000,2969
2025-11-28 03:28:18,UCDbUUremwf8k1x1GTYfB1Ng,ニート部クラフト,20469029,97400,126
2025-11-28 03:28:18,UCGjV4bsC43On-YuiLZcfL0w,KUN,3389428817,1660000,11233
2025-11-28 03:28:18,UCspv01oxUFf_MTSipURRhkA,Kanae Channel,785965724,1510000,4293
2025-11-28 03:28:18,UCof7dOTnyxaidkKkcIFuflQ,Mone Kamishiraishi - Topic,26428223,326,123
2025-11-28 03:28:18,UCVh47EKH9VLresRqiYi9txw,Mili,608668101,1010000,117
2025-11-28 03:28:18,UC14QT5j2nQI8lKBCGtrrBQA,アニプレックス チャンネル,4308142665,3720000,15442
2025-11-28 03:28:18,UCHp2q2i85qt_9nn2H7AvGOw,NiziU Official,1563277157,2290000,2505
2025-11-28 03:28:18,UCCzUftO8KOVkV4wQG1vkUvg,Marine Ch. 宝鐘マリン,2033880549,4260000,1560
2025-11-28 03:28:18,UCMGvmEqkVbl372DCyn3NLAw,【吹いたら負け】葛葉先生のしくじり【切り抜き】,180619841,136000,978
2025-11-28 03:28:18,UCZVVCZwOpCbDXB84SDqWixQ,Lil Shady,56319498,284000,97
2025-11-28 03:28:18,UCx-QS9BIo_L_lx5dkpys1qw,ねこまんまのパチ•チャンネル,8139345,14300,170
2025-11-28 03:28:18,UCcmLTYWn2bI5GwNVSP1bl4Q,バッチコイなみちょ,15134761,17400,648
2025-11-28 03:28:18,UCkVvAm5jb62IMIJQj4wPVGA,TMSアニメ公式チャンネル,379675672,898000,1147
2025-11-28 03:28:18,UCqfELxLmasBwYET4ZAMfMqA,がみくん,1009332796,584000,3990
2025-11-28 03:28:18,UC1FQWQ3y3-e8l1pCtWhJt5A,Vaundy,2295815134,2430000,226
2025-11-28 03:28:18,UCAVR6Q0YgYa8xwz8rdg9Mrg,原神-Genshin-公式,784190206,2100000,2022
2025-11-28 03:28:18,UC5wr1qJKJOrHHK-haeZkfbg,アカgames,462825038,283000,1361
2025-11-28 03:28:18,UC0wuDDYK-QTwneeZ6x6pPbw,777パチガブチャンネル,345356381,432000,2938
2025-11-28 03:28:18,UCAaGaynFpku5cAx6OOSrW-w,HoneyWorks OFFICIAL,1601855248,2850000,550
2025-11-28 03:28:18,UC1DCedRgGHBdm81E1llLhOQ,Pekora Ch. 兎田ぺこら,1013000469,2740000,2345
2025-11-28 03:28:18,UCOx-oLP9tOhiYwSK_m-yVxA,オモコロチャンネル,618773811,473000,1144
2025-11-28 03:28:18,UCH-lygWpHodDff3iQurnWnQ,加藤純一切り抜き集,1719397232,580000,5441
2025-11-28 03:28:18,UCUzpZpX2wRYOk3J8QTFGxDg,乃木坂46 OFFICIAL YouTube CHANNEL,1610447858,1730000,1168
2025-11-28 03:28:18,UCeuNlK0yX-6_4930q0JUGNw,白瀬,414566759,183000,2094
2025-11-28 03:28:18,UCqKNMJ5s_vsf7WkesdBrvQA,IS:SUE,87680204,221000,771
2025-11-28 03:28:18,UCrQUlOEbu-0T0l4DAcBEeIg,pizzaofdeathofficial,408297473,332000,372
2025-11-28 03:28:18,UCtPyU9cJgvvgH03PQKgaucA,ファミ通TUBE,183092580,208000,8154
2025-11-28 03:28:18,UCt09C9DPSuOGpHoitbcyCIQ,ゼンレスゾーンゼロ-ZZZ-公式,230329014,754000,430
2025-11-28 03:28:18,UCvo8JUqHh2d1QGnK3LKyI4Q,ポケモンユナイト公式チャンネル,31965014,139000,467
2025-11-28 03:28:18,UCN7_YMtKaUiizHpw77XLVcw,EXILE,188703738,14800,312
2025-11-28 03:28:18,UCtceiniicYEsbAVuWy-Bi0Q,ドラゴンクエストウォーク公式,50539317,181000,160
2025-11-28 03:28:18,UC3VId8brfshtHO6gMMqnZ5A,FLOW GLOW - Topic,405219,2190,5
2025-11-28 03:28:18,UCFQu6Q-9LAS3KoEuRDNkzGA, ニート部,659410890,680000,3213
2025-11-28 03:28:18,UCYXmyrGUVL8tX7VEvo_DjPw,シャル@ツモらせ隊,83417780,178000,901
2025-11-28 03:28:18,UCWvr04hMa4k4wSilYcQ4qoA,キャベツの人【ゲーム紹介】,253374451,418000,974
2025-11-28 03:28:18,UCs8nP5mUR3pwJmgixsul8Hw,Saucy Dog,503080790,860000,120
2025-11-28 03:28:18,UCzXjPL7zo0bxhOYDxLJ9YEg,ポッキー,4097303091,3750000,4360
2025-11-28 03:28:18,UC3NrSfe_yR5XX9zGFxYoV1Q,HIRAIDAI - Topic,281495040,3400,415
2025-11-28 03:28:18,UCL72kYW8XK4R61kp1R9K69Q,しろ,354836073,376000,2278
2025-11-28 03:28:18,UCZwcUEEjD8RVzB-TAw1ts3g,Eden - Topic,4283045,1770,38
2025-11-28 03:28:18,UCOfESRUR5duQ2hMnTQ4oqhA,BUMP OF CHICKEN,1637208579,1590000,165
2025-11-28 03:28:18,UCDBdcJ3JIg2sjDg8QR3xp-g,Iyowa - Topic,65762694,31300,88
2025-11-28 03:28:18,UCBhPDpv9JavoPADrZcsAC2A,あらき-ARAKI Official,320679686,489000,260
2025-11-28 03:28:18,UC2NujFa5X09CdV0YCntmQDg,板橋ハウス,905340198,752000,2030
2025-11-28 03:28:18,UCyTaStlK0neSuKveYOIioaw,ぐんぐにるチャンネル,275117774,426000,447
2025-11-28 03:28:18,UCBuLdF0tQn5oZjpvYWSQkaA,Liura Channel,92291309,206000,378
2025-11-28 03:28:18,UCHzevlEL9JfsBIm86uNCJqg,宮野真守,78718653,449000,329
2025-11-28 03:28:18,UCHghNZNbV-CPbb_f3FslObw,がんばるぴえんちゃんパチンコ日記,80552064,100000,1534
2025-11-28 03:28:18,UCNVIo0UJXTdEnsRkCB9Q03w,ILLIT - Topic,565875683,57700,59
2025-11-28 03:28:18,UCEf_Bc-KVd7onSeifS3py9g,SMTOWN,32615202386,33500000,4642
2025-11-28 03:28:18,UCX7YkU9nEeaoZbkVLVajcMg,にじさんじ,1072107569,1870000,2824
2025-11-28 03:28:18,UC0oUS_AySEl6fiYgRgPJJ9g,うさみんみ,43215847,14400,179
2025-11-28 03:28:18,UCcz2Y1yhR42UxbFwvPFGCmA,きっしー助六ちゃんねる,76067930,61600,942
2025-11-28 03:28:18,UC6SmH9mR82nj28_NNg_rZvA,スクウェア・エニックス,1173462261,1090000,10987
2025-11-28 03:28:18,UCL7VEatXa9yBCKeM-ww8TnA,NX☆くさあん,208613284,238000,3564
2025-11-28 03:28:18,UCEfbtVOJgicdHjs5HzOzJlA,ぱち・スロ部,3673885,1770,303
2025-11-28 03:28:18,UC15ebOqdhmvl1eb0s0jk5aw,戦極MCBATTLE,1332979753,847000,5386
2025-11-28 03:28:18,UC8Qwnts13zIh2EYUCau6m3w,ONE N' ONLY TV,112267072,214000,795
2025-11-28 03:28:18,UC6FadPgGviUcq6VQ0CEJqdQ,Juice=Juice,166051730,251000,281
2025-11-28 03:28:18,UCWXDEaOxoT8gkk83ZEB5Onw,TP ZONE,1457232,13100,86
2025-11-28 03:28:18,UC9llDCAObCbGpsaa66fClKw,ユニバーサル・ピクチャーズ公式,642330480,375000,1443
2025-11-28 03:28:18,UCrKna8EQAd7NPRYq-gIsuow,ホロライ部【ホロライブ切り抜き】,70256158,37900,614
2025-11-28 03:28:18,UCYA14rrNjvQq_P_YSNeJHgA,スロライブ,90048209,46500,896
2025-11-28 03:28:18,UCOXOcEbERAwGlE4ig9MaLSQ,夜勤明けパチンコパチスロ実践記,275784241,166000,1623
2025-11-28 03:28:18,UCp_Az_oKu8-J5qIQpF35JbA,やわらちゃんねる,193030695,279000,863
2025-11-28 03:28:18,UCqQNCRSihFHVsXrDikNeYSg,げまじょが好き【にじさんじEXゲマズ切り抜き】,4649643,2400,119
2025-11-28 03:28:18,UC4YT50DP7hbMsor8FmyEPMw,Victor Entertainment,1490097112,1070000,4975
2025-11-28 03:28:18,UC7wu64jFsV02bbu6UHUd7JA,ガンダムチャンネル,412705070,1670000,1657
2025-11-28 03:28:18,UCvaTdHTWBGv3MKj3KVqJVCw,Okayu Ch. 猫又おかゆ,626491070,2060000,1593
2025-11-28 03:28:18,UCmovZ2th3Sqpd00F5RdeigQ,加賀美 ハヤト/Hayato Kagami,332409391,921000,1522
2025-11-28 03:28:18,UCMR5xpbhv3jzIQG1TOTg-Jg,B'z - Topic,290827940,3870,678
2025-11-28 03:28:18,UChVflUz2J_jaaqYjXqvpmQA,iLiFE!【あいらいふ】,248908736,486000,535
2025-11-28 03:28:18,UC5vqbtNnbOF2h7A_xlrIPUw,ぽっぴんず,917041262,630000,1053
2025-11-28 03:28:18,UC6qVAJzxF5kSN_UUFSdODiQ,MAZZEL - Topic,19399097,8260,57
2025-11-28 03:28:18,UCv2ejD5B1xOYtGB2cf80B8g,Netflix Japan,1983627665,2310000,7766
2025-11-28 03:28:18,UCKU0SVkIPRqwiZaXJ9rXhdw,シュート。,216576858,256000,2338
2025-11-28 03:28:18,UCKsVfYfguU3s5vMO5yhcWdw,STARGLOW Official,23413198,2740,49
2025-11-28 03:28:18,UCLrYavXppY_4oRfquHk9VQg,HAGANE,14455474,75100,143
2025-11-28 03:28:18,UC-_iQWdEZY66nGGaHH0Ygmg,僕が見たかった青空,52805973,122000,499
2025-11-28 03:28:18,UC1DqlLj1onQhBfxW81OgQTw,GLAY,732544767,541000,886
2025-11-28 03:28:18,UCjJmYy279ehSYSwR1A3fXtA,マグロヘッド,394485098,735000,1754
2025-11-28 03:28:18,UCUbAVVpHteGtGQPPN9lM3oQ,ホロライブ切り抜き/なめたけ,572453900,339000,2104
2025-11-28 03:28:18,UCxIK6x6sG7Ln5vjjPYpgeAw,Chogakusei Official,674277867,1010000,564
2025-11-28 03:28:18,UC0ux2IFOXkj6ifQ4aSs9l7Q,大月【おおつき】,14847403,17500,1219
2025-11-28 03:28:18,UCc-PPk-lNe34JaWCcJQCL0g,ドコムスチャンネル,541441980,594000,2024
2025-11-28 03:28:18,UC-ifW8mHzfsZVGHY8vxqrjA,A.B.C-Z,59464169,54600,437
2025-11-28 03:28:18,UCqeAYB1DMzfM-hG-Up52yNQ,つるおかかものはし,371711972,387000,3613
2025-11-28 03:28:18,UCeA0fcfLVewbuD7H5YsrpdA,ライキジョーンズ,118907320,146000,3390
2025-11-28 03:28:18,UCYLp2FLXcqLUZhvrCxQmNIA,胡桃沢りりか,41082046,100000,2573
2025-11-28 03:28:18,UCILZFnKZJksR7zwhZbAB4vw,れじぇくん,1503308399,1170000,1428
2025-11-28 03:28:18,UCZetZElUvdElPrcstRjl9DA,加藤純一ロードショー,413754029,509000,983
2025-11-28 03:28:18,UCB_qr75-ydFVKSF9Dmo6izg,FORMULA 1,8872795883,13700000,9408
2025-11-28 03:28:18,UCqMRVBz-hhSFRuqlL1guqig,あひるだっく,52151577,128000,89
2025-11-28 03:28:18,UCkKj-SiKyiFkj_dO1vmY3gA,加藤純一RECORDS,5280513,29300,82
2025-11-28 03:28:18,UCMJiPpN_09F0aWpQrgbc_qg,キヨ。,6533135245,5490000,3083
2025-11-28 03:28:18,UCXEo7JprZQGCPkezcZylHlQ,黒炭酸,152562872,202000,1757
2025-11-28 03:28:18,UCkv76wCrBDQNn7ctcbn6Qeg,Nissy - Topic,93482979,26400,192
2025-11-28 03:28:18,UCc-itdQHxLvUlPrDxIiSJrA,INI,748068954,653000,1270
2025-11-28 03:28:18,UCeK22JmzkTMa69kZU9NEqsA,めじの【Vtuber応援隊】,31953282,15100,540
2025-11-28 03:28:18,UCia0Mw96B-yNYRka1J_mAsQ,HikacGamesヒカックゲームズ,640505295,660000,5204
2025-11-28 03:28:18,UC9-yZkJfxtg6WNCX5mUQb0w,ノゴローチャンネル,179654208,126000,3593
2025-11-28 03:28:18,UCdVD0MsYecQaIE5Ru-pOIQQ,RIIZE,1025713566,1870000,1387
2025-11-28 03:28:18,UChhKBlh_wvspTh5n4mL0b5g,BOYNEXTDOOR,1166800131,2070000,2201
2025-11-28 03:28:18,UC56x--_QtyaWD1QptYrPMqA,刀剣乱舞 公式チャンネル,9571480,131000,116
2025-11-28 03:28:18,UC9Lx-zRFGfpuls27tNAOIqA,マエスケ,1543529658,1840000,1138
2025-11-28 03:28:18,UCOjkVJQcjtWnpf0-1ft4brA,ゆっくりむちゃたぬき,210233791,353000,423
2025-11-28 03:28:18,UChn5TjkeEqd-JxzizMVSkOw,ハヤトの野望,1035793942,1510000,2418
2025-11-28 03:28:18,UCtyXllCXnTAg4rjfI3UwIgA,しょうちゃんネル,301997947,138000,1548
2025-11-28 03:28:18,UC3ruCdV7xnwAbpkW9tQq-6A,のーわん【NoOnE】,419620378,409000,1206
2025-11-28 03:28:18,UCvzGlP9oQwU--Y0r9id_jnA,Subaru Ch. 大空スバル,581341281,1950000,1897
2025-11-28 03:28:18,UCH4yRBPH2pDUjPeqomx8CTQ,てるとくん,548838286,1330000,1895
2025-11-28 03:28:18,UC_vMYWcDjmfdpH6r4TTn1MQ,Iroha ch. 風真いろは - holoX -,263260463,1130000,1055
2025-11-28 03:28:18,UCtwTCZuQkTIwUf5m9mlZnOQ,Release - Topic,27370,53,7
2025-11-28 03:28:18,UC070fhnqq38qNhqHm5rxTcQ,令和ちゃんねる,428713479,506000,3629
2025-11-28 03:28:18,UCRDJ3DN-6ND_a4LSJ35L91A,立川ちゃんねる,106633506,107000,639
2025-11-28 03:28:18,UCSFCh5NL4qXrAy9u-u2lX3g,Kuzuha Channel,1427835289,2100000,2823
2025-11-28 03:28:18,UCIJAlAYCNN8RACtDDsy9K6g,Novelbright,652756465,733000,319
2025-11-28 03:28:18,UCapLmxI6gv5WBd3N3sUVG8Q,稲垣潤一 Official,39810109,49800,46
2025-11-28 03:28:18,UC9qSqkNFiByKzzoxT3Cydyw,Aiobahn,28242135,90100,14
2025-11-28 03:28:18,UCMzLWawc9x3rUsqYDEfgqzA,ジャック・オ・蘭たん,713106242,649000,1888
2025-11-28 03:28:18,UCMF_5h2OejEhVorTB02UUSg,MAZZEL,243792578,286000,722
2025-11-28 03:28:18,UC8rk-fIWJXYlSF8tkfG9wWg,天色鮫,66660546,192000,132
2025-11-28 03:28:18,UCHVkYOT63gAz5yTxjo68_Ng,家スロットゲームパンダ’s ROOM@琉球🐼🪸,1227156,1680,76
2025-11-28 03:28:18,UCAWxPGGuIfWME2KTLUmSCHw,ぱかチューブっ!【ウマ娘公式】,516118137,1310000,1291
2025-11-28 03:28:18,UCeTo4Eh0TzpKbUL4vGQZ73A,LEX *,4622534,1280,14
2025-11-28 03:28:18,UCJy7zfLsKBXoo2soFMum7JQ,あかさかの箱,1291190598,2620000,2688
2025-11-28 03:28:18,UCJxxoli_XbupD8SK_TtytAQ,バンダイナムコ アミューズメントユニット公式チャンネル,90338539,118000,1604
2025-11-28 03:28:18,UCd9BXPj-KcMTh0HiB-Vlb8A,モンスト（モンスターストライク）公式,1160707831,1550000,4581
2025-11-28 03:28:18,UCBA-kvU_zYdKreZbhhywX2Q,あいずちゃんねる,147864213,57400,804
2025-11-28 03:28:18,UC3PFoXZPFJGy9F4PG84nNQQ,Soala - Topic,29245822,4820,84
2025-11-28 03:28:18,UCpT4syVopfBl2bATVfAt65g,澤野弘之 / SawanoHiroyuki[nZk],51785889,4100,22
2025-11-28 03:28:18,UCBLGjbYv6-xxju1i44RjnnA,明透 -ᴀsᴜ-,132564670,625000,494
2025-11-28 03:28:18,UCcg_rvE-fU2tATMwBAxW9bA,ヤングスキニー,149492671,239000,605
2025-11-28 03:28:18,UC5nxCVEWQLLfkPuMylpkYkA,ロス,123613887,487000,68
2025-11-28 03:28:18,UCGc93NguHRwzv1Rw9MyIcxQ,鳴潮 (Wuthering Waves)公式,104311352,345000,466
2025-11-28 03:28:18,UCUW6U6iOrntB0jw6-AbQo8g,RED Games,250784769,210000,3572
2025-11-28 03:28:18,UCOVLrBaOiMH5QDKXTycZ8Pw,やっちゃんの崖っぷちスロパチ生活,699069208,326000,5206
2025-11-28 03:28:18,UCTEQRq53fm5tw-3vJ1HLUCw,MAY'S - Topic,4428275,710,309
2025-11-28 03:28:18,UC-UxhoAxlq57uZ8BA0b1Jyw,FPS切り抜きボット【ローレン・イロアス】,156796425,119000,1404
2025-11-28 03:28:18,UCqm3BQLlJfvkTsX_hvm0UmA,Watame Ch. 角巻わため,610016767,1700000,2979
2025-11-28 03:28:18,UCxhPsqKunv6674tZcQoEzOg,LIBRO,9608620,19500,26
2025-11-28 03:28:18,UCzRzPAT-AjlPyec5yXG974g,カワノKawano,208412962,185000,1323
2025-11-28 03:28:18,UCJnL-TBcsYrF2SLs7tmiC8Q,tripleS official,697072588,2880000,3062
2025-11-28 03:28:18,UC_ntXHv-XdKCD7CPynVvnQw,Bandai Namco Entertainment America,615703805,1460000,3570
2025-11-28 03:28:18,UCfipDDn7wY-C-SoUChgxCQQ,葉山舞鈴 / Ohayama Ch.,88127302,600000,1342
2025-11-28 03:28:18,UCl_HfKfmxefUAVHPyJu0aCg,シュガーの宝舟,80220296,84300,1358
2025-11-28 03:28:18,UCdCC1L_OxLrkoEjR19iXpRw,パチスロードch,136260114,75700,816
2025-11-28 03:28:18,UC8_Ag6BVp43Vmrx6eillK9g,Vaundy - Topic,910318715,2190,110
2025-11-28 03:28:18,UCFuugQScqDfJcsOEWbL1_tg,Gero Channel,209118582,551000,167
2025-11-28 03:28:18,UCiZqWVAeChfqlom5ZPR3ZJA,NCT WISH,630033332,1140000,1126
2025-11-28 03:28:18,UCPVr7clenPjpD7WNsSI3UBQ,レトルト,2879528689,2590000,3850
2025-11-28 03:28:18,UCu3kfiUaK7MmkQ40omEpGyQ,ナナ色チャンネル,4733785,8440,85
2025-11-28 03:28:18,UCHvFSU5OP6c7QcJxIr87YtA,ウタエル Utael,446481570,582000,903
2025-11-28 03:28:18,UCdPCarwi28K5Z7s5l2nMiLw,Uru Official YouTube Channel,901097541,1180000,296
2025-11-28 03:28:18,UCx1nAvtVDIsaGmCMSe8ofsQ,加藤純一【jun channel】,1137706595,1280000,1836
2025-11-28 03:28:18,UCTgIFU4_hG6aA7VfWS8blQg,1GAME TV パチンコパチスロ実践動画,737231553,667000,1414
2025-11-28 03:28:18,UC9zY_E8mcAo_Oq772LEZq8Q,THE FIRST TAKE,6265448119,11500000,1531
2025-11-28 03:28:18,UCPJCP_fon2mOMfibbBPUOYw,SAWAYAN GAMES / サワヤン ゲームズ,1299417555,2070000,3418
2025-11-28 03:28:18,UClqWF_XeXy469i4KDurpjWw,Yukopi,18054,2,1
2025-11-28 03:28:18,UCjcYYjM16TFOPXDjWgzHiHA,超覚醒てえんだ「スロパチ生放送」,87392369,140000,571
2025-11-28 03:28:18,UCxWcO9CLti4uouUIS5IIF-Q,Nornis,59019055,228000,110
2025-11-28 03:28:18,UCy2IDlWr4fbdO2dbka98bSg,HACHI - Topic,18794978,625,60
2025-11-28 03:28:18,UCZMRuagdTBKmmrFtSMN48Xw,牛沢,2666044649,1800000,3741
2025-11-28 03:28:18,UC3IZKseVpdzPSBaWxBxundA,HYBE LABELS,42540481240,79100000,2930
2025-11-28 03:28:18,UCooVYzDxdwTtGYAkcPmOgOw,Brawl Stars,4007265329,23200000,370
2025-11-28 03:28:18,UCqq-ovGE01ErlXakPihhKDA,1theK Originals - 원더케이 오리지널,2010488974,2510000,3586
2025-11-28 03:28:18,UCdkVEDVAW5aFmA-Mkz0lAFQ,ひたまゆ。,466742954,410000,2795
2025-11-28 03:28:18,UCpGpA7mSYmNJjLiJxKso5QA,しもふりチューブ,1783660691,2160000,3023
2025-11-28 03:28:18,UC6H_7uSepAzrlayBjAb9rrg,WurtS - Topic,69151593,698,82
2025-11-28 03:28:18,UCy0DH4rgPPjDWVZO7wibcSQ,めめんともり,352095737,335000,468
2025-11-28 03:28:18,UCdMGYXL38w6htx6Yf9YJa-w,プロジェクトセカイ カラフルステージ! feat. 初音ミク,2004681179,2060000,1907
2025-11-28 03:28:18,UCtiObj3CsEAdNU6ZPWDsddQ,TOMORROW X TOGETHER OFFICIAL,3494513829,13100000,3043
2025-11-28 03:28:18,UCv0F5yCdnwnBTrcJO2Yr3lQ,きむちゃんねる,925351670,765000,2674
2025-11-28 03:28:18,UCmnZL4tFRl4sm-uJOxTLHmg,今日ポケch.,987062219,570000,1305
2025-11-28 03:28:18,UCM3yhFc0-fBFuvqx1Vg2YNQ,まいぜんシスターズ,7172110405,3180000,1860
2025-11-28 03:28:18,UC7aYDbAOIKIMt25ENfJ68Qw,ルカ,118728811,120000,2127
2025-11-28 03:28:18,UClNdVSK1uy2xFHTaXZYXopw,らっだぁ,1819502523,1450000,2342
2025-11-25 07:39:01,UCVh47EKH9VLresRqiYi9txw,Mili,608668101,1000000,117
2025-11-25 07:39:01,UCj4PjeVMnNTHIR5EeoNKPAw,ドズル社,4889465689,2560000,10206
2025-11-25 07:39:01,UCRDJ3DN-6ND_a4LSJ35L91A,立川ちゃんねる,106183484,107000,638
2025-11-25 07:39:01,UCHzevlEL9JfsBIm86uNCJqg,宮野真守,78718653,449000,329
2025-11-25 07:39:01,UCpGpA7mSYmNJjLiJxKso5QA,しもふりチューブ,1782413237,2160000,3019
2025-11-25 07:39:01,UCMGvmEqkVbl372DCyn3NLAw,【吹いたら負け】葛葉先生のしくじり【切り抜き】,180396443,136000,978
2025-11-25 07:39:01,UC7wu64jFsV02bbu6UHUd7JA,ガンダムチャンネル,411912666,1670000,1650
2025-11-25 07:39:01,UCHghNZNbV-CPbb_f3FslObw,がんばるぴえんちゃんパチンコ日記,80145122,100000,1528
2025-11-25 07:39:01,UCgmFrRcyH7d1zR9sIVQhFow,ローレン・イロアス / Lauren Iroas【にじさんじ】,396213748,953000,1047
2025-11-25 07:39:01,UCcz2Y1yhR42UxbFwvPFGCmA,きっしー助六ちゃんねる,75746873,61500,939
2025-11-25 07:39:01,UCtPyU9cJgvvgH03PQKgaucA,ファミ通TUBE,182901646,208000,8151
2025-11-25 07:39:01,UCB_qr75-ydFVKSF9Dmo6izg,FORMULA 1,8857095005,13700000,9402
2025-11-25 07:39:01,UCBhPDpv9JavoPADrZcsAC2A,あらき-ARAKI Official,320679686,488000,260
2025-11-25 07:39:01,UCqeAYB1DMzfM-hG-Up52yNQ,つるおかかものはし,370798229,387000,3605
2025-11-25 07:39:01,UCwJYQvXHtNn1c7RqED4E7MA,パンダドラゴン,44018394,92300,532
2025-11-25 07:39:01,UCeA0fcfLVewbuD7H5YsrpdA,ライキジョーンズ,118607540,146000,3388
2025-11-25 07:39:01,UCy9GuRXGTm8TliQ-OJ7KwzA,【V.I.P】,977785890,978000,2493
2025-11-25 07:39:01,UCLkAepWjdylmXSltofFvsYQ,BANGTANTV,26052132409,81700000,2933
2025-11-25 07:39:01,UC1DCedRgGHBdm81E1llLhOQ,Pekora Ch. 兎田ぺこら,1011662351,2740000,2340
2025-11-25 07:39:01,UCyTaStlK0neSuKveYOIioaw,ぐんぐにるチャンネル,274873313,426000,447
2025-11-25 07:39:01,UCEf_Bc-KVd7onSeifS3py9g,SMTOWN,32592630208,33500000,4640
2025-11-25 07:39:01,UC070fhnqq38qNhqHm5rxTcQ,令和ちゃんねる,427941364,506000,3624
2025-11-25 07:39:01,UCdVD0MsYecQaIE5Ru-pOIQQ,RIIZE,1015326967,1870000,1372
2025-11-25 07:39:01,UCJnL-TBcsYrF2SLs7tmiC8Q,tripleS official,678132684,2880000,3043
2025-11-25 07:39:01,UCrKna8EQAd7NPRYq-gIsuow,ホロライ部【ホロライブ切り抜き】,69776376,37800,613
2025-11-25 07:39:01,UCvzGlP9oQwU--Y0r9id_jnA,Subaru Ch. 大空スバル,580785334,1950000,1893
2025-11-25 07:39:01,UChVflUz2J_jaaqYjXqvpmQA,iLiFE!【あいらいふ】,243613485,484000,527
2025-11-25 07:39:01,UC15ebOqdhmvl1eb0s0jk5aw,戦極MCBATTLE,1331690600,847000,5376
2025-11-25 07:39:01,UC_vMYWcDjmfdpH6r4TTn1MQ,Iroha ch. 風真いろは - holoX -,262516514,1130000,1050
2025-11-25 07:39:01,UCkKj-SiKyiFkj_dO1vmY3gA,加藤純一RECORDS,5086462,28300,81
2025-11-25 07:39:01,UCSFCh5NL4qXrAy9u-u2lX3g,Kuzuha Channel,1424324958,2100000,2817
2025-11-25 07:39:01,UC3VId8brfshtHO6gMMqnZ5A,FLOW GLOW - Topic,326093,2190,5
2025-11-25 07:39:01,UCaO6TYtlC8U5ttz62hTrZgg,JYP Entertainment,26002936649,31500000,2638
2025-11-25 07:39:01,UCCzUftO8KOVkV4wQG1vkUvg,Marine Ch. 宝鐘マリン,2033880549,4260000,1560
2025-11-25 07:39:01,UCxIK6x6sG7Ln5vjjPYpgeAw,Chogakusei Official,667393982,1010000,564
2025-11-25 07:39:01,UCOXOcEbERAwGlE4ig9MaLSQ,夜勤明けパチンコパチスロ実践記,275469254,166000,1622
2025-11-25 07:39:01,UCv2ejD5B1xOYtGB2cf80B8g,Netflix Japan,1979161396,2300000,7748
2025-11-25 07:39:01,UCv7VutirxDn3RWIJXI68n_A,＝LOVE（イコールラブ）公式チャンネル,466225819,554000,474
2025-11-25 07:39:01,UCkVvAm5jb62IMIJQj4wPVGA,TMSアニメ公式チャンネル,379122128,898000,1145
2025-11-25 07:39:01,UCYXmyrGUVL8tX7VEvo_DjPw,シャル@ツモらせ隊,82945414,178000,898
2025-11-25 07:39:01,UCOTR1tcOAhjgi6YukrPpZxg,まふまふちゃんねる,2480686287,3610000,511
2025-11-25 07:39:01,UC__iCxFigPdcry_UBv6sDGw,IO,16107442,38000,13
2025-11-25 07:39:01,UCAWxPGGuIfWME2KTLUmSCHw,ぱかチューブっ!【ウマ娘公式】,514522323,1310000,1287
2025-11-25 07:39:01,UC9Lx-zRFGfpuls27tNAOIqA,マエスケ,1540113421,1830000,1137
2025-11-25 07:39:01,UCOjkVJQcjtWnpf0-1ft4brA,ゆっくりむちゃたぬき,209735574,352000,423
2025-11-25 07:39:01,UCqMRVBz-hhSFRuqlL1guqig,あひるだっく,51786212,127000,89
2025-11-25 07:39:01,UC-ifW8mHzfsZVGHY8vxqrjA,A.B.C-Z,59341461,54500,436
2025-11-25 07:39:01,UCvo8JUqHh2d1QGnK3LKyI4Q,ポケモンユナイト公式チャンネル,31935032,139000,467
2025-11-25 07:39:01,UCEfbtVOJgicdHjs5HzOzJlA,ぱち・スロ部,3581665,1760,302
2025-11-25 07:39:01,UCZMRuagdTBKmmrFtSMN48Xw,牛沢,2663557934,1800000,3738
2025-11-25 07:39:01,UCvaTdHTWBGv3MKj3KVqJVCw,Okayu Ch. 猫又おかゆ,626491070,2060000,1591
2025-11-25 07:39:01,UC6FadPgGviUcq6VQ0CEJqdQ,Juice=Juice,161605345,248000,280
2025-11-25 07:39:01,UCXEo7JprZQGCPkezcZylHlQ,黒炭酸,151823294,201000,1757
2025-11-25 07:39:01,UChhKBlh_wvspTh5n4mL0b5g,BOYNEXTDOOR,1153888296,2060000,2186
2025-11-25 07:39:01,UCUzpZpX2wRYOk3J8QTFGxDg,乃木坂46 OFFICIAL YouTube CHANNEL,1610447858,1730000,1168
2025-11-25 07:39:01,UCXqWKjzm2YMH6Bs7rAmsKFw,福本大晴,7285544,89700,144
2025-11-25 07:39:01,UCBuLdF0tQn5oZjpvYWSQkaA,Liura Channel,91828390,206000,373
2025-11-25 07:39:01,UCooVYzDxdwTtGYAkcPmOgOw,Brawl Stars,3996704432,23200000,370
2025-11-25 07:39:01,UCtKBQ2BYD76GiJvcpZOBorg,えいま,11351188,13500,346
2025-11-25 07:39:01,UC8rk-fIWJXYlSF8tkfG9wWg,天色鮫,66301826,192000,132
2025-11-25 07:39:01,UCHazKLThRbMyMFu2bVAKhng,ウォーターチャレンジ,3128267448,3150000,2179
2025-11-25 07:39:01,UC8eq3M3Yft3FUgxEX6lOZMg,chotokkyu - Topic,35677153,577,486
2025-11-25 07:39:01,UCXURHJRGr4-EB3l87kcbElw,NCT DREAM,2300999800,7000000,1308
2025-11-25 07:39:01,UC3IZKseVpdzPSBaWxBxundA,HYBE LABELS,42488820953,79100000,2929
2025-11-25 07:39:01,UCOVLrBaOiMH5QDKXTycZ8Pw,やっちゃんの崖っぷちスロパチ生活,698357486,326000,5202
2025-11-25 07:39:01,UCZ1xuCK1kNmn5RzPYIZop3w,リゼ・ヘルエスタ -Lize Helesta-,298925210,957000,1089
2025-11-25 07:39:01,UCKU0SVkIPRqwiZaXJ9rXhdw,シュート。,216239534,256000,2333
2025-11-25 07:39:01,UCIJAlAYCNN8RACtDDsy9K6g,Novelbright,646175482,732000,319
2025-11-25 07:39:01,UCqKNMJ5s_vsf7WkesdBrvQA,IS:SUE,87646037,220000,767
2025-11-25 07:39:01,UCAaGaynFpku5cAx6OOSrW-w,HoneyWorks OFFICIAL,1585662413,2850000,550
2025-11-25 07:39:01,UCGjV4bsC43On-YuiLZcfL0w,KUN,3388113399,1660000,11230
2025-11-25 07:39:01,UCeK22JmzkTMa69kZU9NEqsA,めじの【Vtuber応援隊】,31529611,15100,537
2025-11-25 07:39:01,UCX7YkU9nEeaoZbkVLVajcMg,にじさんじ,1071062884,1870000,2823
2025-11-25 07:39:01,UCBA-kvU_zYdKreZbhhywX2Q,あいずちゃんねる,147219987,57400,803
2025-11-25 07:39:01,UCqQNCRSihFHVsXrDikNeYSg,げまじょが好き【にじさんじEXゲマズ切り抜き】,4429251,2320,117
2025-11-25 07:39:01,UC5vqbtNnbOF2h7A_xlrIPUw,ぽっぴんず,916025537,629000,1052
2025-11-25 07:39:01,UCILZFnKZJksR7zwhZbAB4vw,れじぇくん,1502777490,1170000,1427
2025-11-25 07:39:01,UCFvSFbT8okMrpuFxBEIB2lg,M!LK,89383751,10200,243
2025-11-25 07:39:01,UCJy7zfLsKBXoo2soFMum7JQ,あかさかの箱,1288862908,2620000,2687
2025-11-25 07:39:01,UC9zY_E8mcAo_Oq772LEZq8Q,THE FIRST TAKE,6255963798,11500000,1526
2025-11-25 07:39:01,UCtyXllCXnTAg4rjfI3UwIgA,しょうちゃんネル,296957929,138000,1545
2025-11-25 07:39:01,UC_DopZ9OANqNGho0wFwADqA,けいちゃん / Keichan,502697517,1270000,605
2025-11-25 07:39:01,UChUjERVG8eKEAJSCef-tTmg,k4sen / かせん,715360871,1020000,3058
2025-11-25 07:39:01,UC-hM6YJuNYVAmUWxeIr9FeA,Miko Ch. さくらみこ,889625882,2460000,2041
2025-11-25 07:39:01,UC0ux2IFOXkj6ifQ4aSs9l7Q,大月【おおつき】,14636550,17400,1216
2025-11-25 07:39:01,UCzXjPL7zo0bxhOYDxLJ9YEg,ポッキー,4096021947,3750000,4358
2025-11-25 07:39:01,UCdCC1L_OxLrkoEjR19iXpRw,パチスロードch,135303576,75500,813
2025-11-25 07:39:01,UCOfESRUR5duQ2hMnTQ4oqhA,BUMP OF CHICKEN,1637208579,1590000,164
2025-11-25 07:39:01,UClNdVSK1uy2xFHTaXZYXopw,らっだぁ,1816769712,1450000,2340
2025-11-25 07:39:01,UCDhOdoqPxv96djR3tSq9NoA,ショコラ大佐の秘密基地,148039376,138000,1744
2025-11-25 07:39:01,UCHVkYOT63gAz5yTxjo68_Ng,家スロットゲームパンダ’s ROOM@琉球🐼🪸,1200262,1690,75
2025-11-25 07:39:01,UCH-lygWpHodDff3iQurnWnQ,加藤純一切り抜き集,1718133753,580000,5439
2025-11-25 07:39:01,UCmovZ2th3Sqpd00F5RdeigQ,加賀美 ハヤト/Hayato Kagami,332409391,921000,1520
2025-11-25 07:39:01,UCZwcUEEjD8RVzB-TAw1ts3g,Eden - Topic,4159107,1670,37
2025-11-25 07:39:01,UCHD1jo5RhijLfx5-0Ehe_cg,&TEAM,466813545,1320000,1403
2025-11-25 07:39:01,UCDwcZ85zjLKD-3-jqlv1wQQ,アンジュルム,213864061,229000,366
2025-11-25 07:39:01,UCYLp2FLXcqLUZhvrCxQmNIA,胡桃沢りりか,40883783,100000,2567
2025-11-25 07:39:01,UC6qVAJzxF5kSN_UUFSdODiQ,MAZZEL - Topic,19161046,8260,57
2025-11-25 07:39:01,UChn5TjkeEqd-JxzizMVSkOw,ハヤトの野望,1034231187,1510000,2415
2025-11-25 07:39:01,UCc-PPk-lNe34JaWCcJQCL0g,ドコムスチャンネル,540032743,593000,2021
2025-11-25 07:39:01,UC1FQWQ3y3-e8l1pCtWhJt5A,Vaundy,2295815134,2430000,226
2025-11-25 07:39:01,UCjcYYjM16TFOPXDjWgzHiHA,超覚醒てえんだ「スロパチ生放送」,87042088,140000,571
2025-11-25 07:39:01,UCDbUUremwf8k1x1GTYfB1Ng,ニート部クラフト,20237387,96800,125
2025-11-25 07:39:01,UCylNKKCfPMm8ROXasQWTonA,響咲リオナの足,3113749,6560,120
2025-11-25 07:39:01,UCMF_5h2OejEhVorTB02UUSg,MAZZEL,240478072,282000,720
2025-11-25 07:39:01,UCoQhX2O93MVTWfgIz-8wOmg,KUNの50人クラフト,464537256,543000,1046
2025-11-25 07:39:01,UCNVIo0UJXTdEnsRkCB9Q03w,ILLIT - Topic,561487392,57700,59
2025-11-25 07:39:01,UCYA14rrNjvQq_P_YSNeJHgA,スロライブ,89681693,46500,893
2025-11-24 12:00:09,UChVflUz2J_jaaqYjXqvpmQA,iLiFE!【あいらいふ】,243613485,483000,524
2025-11-24 12:00:09,UCZwcUEEjD8RVzB-TAw1ts3g,Eden - Topic,4104117,1550,37
2025-11-24 12:00:09,UCILZFnKZJksR7zwhZbAB4vw,れじぇくん,1502521189,1170000,1428
2025-11-24 12:00:09,UC__iCxFigPdcry_UBv6sDGw,IO,16107442,37900,13
2025-11-24 12:00:09,UCOfESRUR5duQ2hMnTQ4oqhA,BUMP OF CHICKEN,1637208579,1590000,164
2025-11-24 12:00:09,UC6qVAJzxF5kSN_UUFSdODiQ,MAZZEL - Topic,19064426,8260,57
2025-11-24 12:00:09,UCvo8JUqHh2d1QGnK3LKyI4Q,ポケモンユナイト公式チャンネル,31879195,139000,467
2025-11-24 12:00:09,UC_DopZ9OANqNGho0wFwADqA,けいちゃん / Keichan,502697517,1270000,604
2025-11-24 12:00:09,UCHzevlEL9JfsBIm86uNCJqg,宮野真守,78718653,449000,329
2025-11-24 12:00:09,UCoQhX2O93MVTWfgIz-8wOmg,KUNの50人クラフト,463734175,543000,1045
2025-11-24 12:00:09,UC1DCedRgGHBdm81E1llLhOQ,Pekora Ch. 兎田ぺこら,1011534031,2740000,2339
2025-11-24 12:00:09,UC15ebOqdhmvl1eb0s0jk5aw,戦極MCBATTLE,1331260243,847000,5372
2025-11-24 12:00:09,UCmovZ2th3Sqpd00F5RdeigQ,加賀美 ハヤト/Hayato Kagami,332409391,920000,1520
2025-11-24 12:00:09,UCj4PjeVMnNTHIR5EeoNKPAw,ドズル社,4882854354,2560000,10203
2025-11-24 12:00:09,UCaO6TYtlC8U5ttz62hTrZgg,JYP Entertainment,25992424895,31500000,2635
2025-11-24 12:00:09,UCwJYQvXHtNn1c7RqED4E7MA,パンダドラゴン,44018394,92300,532
2025-11-24 12:00:09,UCBuLdF0tQn5oZjpvYWSQkaA,Liura Channel,91669125,206000,372
2025-11-24 12:00:09,UCH-lygWpHodDff3iQurnWnQ,加藤純一切り抜き集,1717389147,580000,5439
2025-11-24 12:00:09,UCHazKLThRbMyMFu2bVAKhng,ウォーターチャレンジ,3126855512,3150000,2179
2025-11-24 12:00:09,UCAaGaynFpku5cAx6OOSrW-w,HoneyWorks OFFICIAL,1585662413,2850000,550
2025-11-24 12:00:09,UC-hM6YJuNYVAmUWxeIr9FeA,Miko Ch. さくらみこ,889625882,2460000,2040
2025-11-24 12:00:09,UC3VId8brfshtHO6gMMqnZ5A,FLOW GLOW - Topic,305095,2190,5
2025-11-24 12:00:09,UChUjERVG8eKEAJSCef-tTmg,k4sen / かせん,714446171,1020000,3054
2025-11-24 12:00:09,UCBA-kvU_zYdKreZbhhywX2Q,あいずちゃんねる,147105111,57300,801
2025-11-24 12:00:09,UCDbUUremwf8k1x1GTYfB1Ng,ニート部クラフト,20160789,96500,125
2025-11-24 12:00:09,UCLkAepWjdylmXSltofFvsYQ,BANGTANTV,26052132409,81700000,2933
2025-11-24 12:00:09,UC1FQWQ3y3-e8l1pCtWhJt5A,Vaundy,2295815134,2430000,226
2025-11-24 12:00:09,UCylNKKCfPMm8ROXasQWTonA,響咲リオナの足,2982407,6310,118
2025-11-24 12:00:09,UCOXOcEbERAwGlE4ig9MaLSQ,夜勤明けパチンコパチスロ実践記,275412565,166000,1622
2025-11-24 12:00:09,UCFvSFbT8okMrpuFxBEIB2lg,M!LK,88454378,10200,243
2025-11-24 12:00:09,UCv7VutirxDn3RWIJXI68n_A,＝LOVE（イコールラブ）公式チャンネル,466225819,553000,474
2025-11-24 12:00:09,UCzXjPL7zo0bxhOYDxLJ9YEg,ポッキー,4095502498,3750000,4358
2025-11-24 12:00:09,UCHD1jo5RhijLfx5-0Ehe_cg,&TEAM,466813545,1320000,1401
2025-11-24 12:00:09,UCCzUftO8KOVkV4wQG1vkUvg,Marine Ch. 宝鐘マリン,2033880549,4260000,1560
2025-11-24 12:00:09,UCB_qr75-ydFVKSF9Dmo6izg,FORMULA 1,8847496850,13700000,9398
2025-11-24 12:00:09,UCOVLrBaOiMH5QDKXTycZ8Pw,やっちゃんの崖っぷちスロパチ生活,697462469,326000,5200
2025-11-24 12:00:09,UCHVkYOT63gAz5yTxjo68_Ng,家スロットゲームパンダ’s ROOM@琉球🐼🪸,1117972,1690,75
2025-11-24 12:00:09,UC9Lx-zRFGfpuls27tNAOIqA,マエスケ,1538981467,1830000,1137
2025-11-24 12:00:09,UCSFCh5NL4qXrAy9u-u2lX3g,Kuzuha Channel,1423176058,2100000,2814
2025-11-24 12:00:09,UCBhPDpv9JavoPADrZcsAC2A,あらき-ARAKI Official,320679686,488000,260
2025-11-24 12:00:09,UCgmFrRcyH7d1zR9sIVQhFow,ローレン・イロアス / Lauren Iroas【にじさんじ】,395815244,952000,1046
2025-11-24 12:00:09,UC9zY_E8mcAo_Oq772LEZq8Q,THE FIRST TAKE,6254597285,11500000,1525
2025-11-24 12:00:09,UCxIK6x6sG7Ln5vjjPYpgeAw,Chogakusei Official,667393982,1010000,564
2025-11-24 12:00:09,UCkKj-SiKyiFkj_dO1vmY3gA,加藤純一RECORDS,5024347,27600,81
2025-11-24 12:00:09,UCy9GuRXGTm8TliQ-OJ7KwzA,【V.I.P】,977444702,978000,2492
2025-11-24 12:00:09,UCX7YkU9nEeaoZbkVLVajcMg,にじさんじ,1070286055,1860000,2822
2025-11-24 12:00:09,UCkVvAm5jb62IMIJQj4wPVGA,TMSアニメ公式チャンネル,378643631,897000,1146
2025-11-24 12:00:09,UCvaTdHTWBGv3MKj3KVqJVCw,Okayu Ch. 猫又おかゆ,626491070,2060000,1590
2025-11-24 12:00:09,UCDhOdoqPxv96djR3tSq9NoA,ショコラ大佐の秘密基地,147902429,138000,1743
2025-11-24 12:00:09,UC8eq3M3Yft3FUgxEX6lOZMg,chotokkyu - Topic,35609809,577,486
2025-11-24 12:00:09,UCvzGlP9oQwU--Y0r9id_jnA,Subaru Ch. 大空スバル,580673593,1950000,1893
2025-11-26 00:43:35,UCN7_YMtKaUiizHpw77XLVcw,EXILE,188358177,14700,307
2025-11-26 00:43:35,UCH-lygWpHodDff3iQurnWnQ,加藤純一切り抜き集,1718446841,580000,5439
2025-11-26 00:43:35,UCtKBQ2BYD76GiJvcpZOBorg,えいま,11402824,13500,346
2025-11-26 00:43:35,UCMF_5h2OejEhVorTB02UUSg,MAZZEL,240478072,283000,721
2025-11-26 00:43:35,UCtiObj3CsEAdNU6ZPWDsddQ,TOMORROW X TOGETHER OFFICIAL,3494513829,13100000,3039
2025-11-26 00:43:35,UCxWcO9CLti4uouUIS5IIF-Q,Nornis,59019055,228000,110
2025-11-26 00:43:35,UCcz2Y1yhR42UxbFwvPFGCmA,きっしー助六ちゃんねる,75760244,61500,939
2025-11-26 00:43:35,UCtPyU9cJgvvgH03PQKgaucA,ファミ通TUBE,182954660,208000,8152
2025-11-26 00:43:35,UCdCC1L_OxLrkoEjR19iXpRw,パチスロードch,135399941,75600,814
2025-11-26 00:43:35,UC6qVAJzxF5kSN_UUFSdODiQ,MAZZEL - Topic,19200719,8260,57
2025-11-26 00:43:35,UChVflUz2J_jaaqYjXqvpmQA,iLiFE!【あいらいふ】,246311299,484000,531
2025-11-26 00:43:35,UC_ntXHv-XdKCD7CPynVvnQw,Bandai Namco Entertainment America,615121786,1460000,3565
2025-11-26 00:43:35,UCylNKKCfPMm8ROXasQWTonA,響咲リオナの足,3145428,6720,121
2025-11-26 00:43:35,UCJy7zfLsKBXoo2soFMum7JQ,あかさかの箱,1289314809,2620000,2687
2025-11-26 00:43:35,UChhKBlh_wvspTh5n4mL0b5g,BOYNEXTDOOR,1153888296,2060000,2198
2025-11-26 00:43:35,UCUW6U6iOrntB0jw6-AbQo8g,RED Games,250066787,209000,3566
2025-11-26 00:43:35,UCu3kfiUaK7MmkQ40omEpGyQ,ナナ色チャンネル,4342673,8180,80
2025-11-26 00:43:35,UCtyXllCXnTAg4rjfI3UwIgA,しょうちゃんネル,298495773,138000,1546
2025-11-26 00:43:35,UCYXmyrGUVL8tX7VEvo_DjPw,シャル@ツモらせ隊,83052972,178000,898
2025-11-26 00:43:35,UC3IZKseVpdzPSBaWxBxundA,HYBE LABELS,42502703726,79100000,2929
2025-11-26 00:43:35,UCvo8JUqHh2d1QGnK3LKyI4Q,ポケモンユナイト公式チャンネル,31943421,139000,467
2025-11-26 00:43:35,UC-_iQWdEZY66nGGaHH0Ygmg,僕が見たかった青空,52805973,122000,498
2025-11-26 00:43:35,UCUzpZpX2wRYOk3J8QTFGxDg,乃木坂46 OFFICIAL YouTube CHANNEL,1610447858,1730000,1168
2025-11-26 00:43:35,UCXEo7JprZQGCPkezcZylHlQ,黒炭酸,152018395,201000,1757
2025-11-26 00:43:35,UCdVD0MsYecQaIE5Ru-pOIQQ,RIIZE,1015326967,1870000,1376
2025-11-26 00:43:35,UCSFCh5NL4qXrAy9u-u2lX3g,Kuzuha Channel,1424950504,2100000,2818
2025-11-26 00:43:35,UCOXOcEbERAwGlE4ig9MaLSQ,夜勤明けパチンコパチスロ実践記,275529687,166000,1622
2025-11-26 00:43:35,UC2NujFa5X09CdV0YCntmQDg,板橋ハウス,904148443,752000,2028
2025-11-26 00:43:35,UCdszfKemUn36sOEplfkiGVQ,GPV LABEL,2967160,5220,89
2025-11-26 00:43:35,UC1DCedRgGHBdm81E1llLhOQ,Pekora Ch. 兎田ぺこら,1012010136,2740000,2341
2025-11-26 00:43:35,UCpGpA7mSYmNJjLiJxKso5QA,しもふりチューブ,1782821519,2160000,3020
2025-11-26 00:43:35,UCZ1xuCK1kNmn5RzPYIZop3w,リゼ・ヘルエスタ -Lize Helesta-,299001750,957000,1090
2025-11-26 00:43:35,UC7wu64jFsV02bbu6UHUd7JA,ガンダムチャンネル,412066551,1670000,1655
2025-11-26 00:43:35,UCwJYQvXHtNn1c7RqED4E7MA,パンダドラゴン,44018394,92300,532
2025-11-26 00:43:35,UCHD1jo5RhijLfx5-0Ehe_cg,&TEAM,466813545,1320000,1405
2025-11-26 00:43:35,UCVh47EKH9VLresRqiYi9txw,Mili,608668101,1000000,117
2025-11-26 00:43:35,UCzXjPL7zo0bxhOYDxLJ9YEg,ポッキー,4096288405,3750000,4359
2025-11-26 00:43:35,UCJnL-TBcsYrF2SLs7tmiC8Q,tripleS official,678132684,2880000,3050
2025-11-26 00:43:35,UCy9GuRXGTm8TliQ-OJ7KwzA,【V.I.P】,977997693,978000,2494
2025-11-26 00:43:35,UChUjERVG8eKEAJSCef-tTmg,k4sen / かせん,716283754,1020000,3062
2025-11-26 00:43:35,UC_vMYWcDjmfdpH6r4TTn1MQ,Iroha ch. 風真いろは - holoX -,262723246,1130000,1051
2025-11-26 00:43:35,UC7aYDbAOIKIMt25ENfJ68Qw,ルカ,118589990,120000,2125
2025-11-26 00:43:35,UCEf_Bc-KVd7onSeifS3py9g,SMTOWN,32595925805,33500000,4640
2025-11-26 00:43:35,UCgmFrRcyH7d1zR9sIVQhFow,ローレン・イロアス / Lauren Iroas【にじさんじ】,396542080,953000,1048
2025-11-26 00:43:35,UCWvr04hMa4k4wSilYcQ4qoA,キャベツの人【ゲーム紹介】,252884397,418000,972
2025-11-26 00:43:35,UCv2ejD5B1xOYtGB2cf80B8g,Netflix Japan,1980081923,2300000,7751
2025-11-26 00:43:35,UCYLp2FLXcqLUZhvrCxQmNIA,胡桃沢りりか,40910955,100000,2568
2025-11-26 00:43:35,UC8rk-fIWJXYlSF8tkfG9wWg,天色鮫,66455197,192000,132
2025-11-26 00:43:35,UCNVIo0UJXTdEnsRkCB9Q03w,ILLIT - Topic,562318404,57700,59
2025-11-26 00:43:35,UC56x--_QtyaWD1QptYrPMqA,刀剣乱舞 公式チャンネル,9433224,131000,116
2025-11-26 00:43:35,UCH4yRBPH2pDUjPeqomx8CTQ,てるとくん,547863906,1330000,1893
2025-11-26 00:43:35,UCGjV4bsC43On-YuiLZcfL0w,KUN,3388459623,1660000,11231
2025-11-26 00:43:35,UCYA14rrNjvQq_P_YSNeJHgA,スロライブ,89748736,46500,894
2025-11-26 00:43:35,UCrQUlOEbu-0T0l4DAcBEeIg,pizzaofdeathofficial,407896835,331000,372
2025-11-26 00:43:35,UClNdVSK1uy2xFHTaXZYXopw,らっだぁ,1817433175,1450000,2340
2025-11-26 00:43:35,UCEfbtVOJgicdHjs5HzOzJlA,ぱち・スロ部,3584119,1760,302
2025-11-26 00:43:35,UCDbUUremwf8k1x1GTYfB1Ng,ニート部クラフト,20293991,97000,125
2025-11-26 00:43:35,UCPJCP_fon2mOMfibbBPUOYw,SAWAYAN GAMES / サワヤン ゲームズ,1298369889,2070000,3416
2025-11-26 00:43:35,UCZMRuagdTBKmmrFtSMN48Xw,牛沢,2664148445,1800000,3739
2025-11-26 00:43:35,UCB_qr75-ydFVKSF9Dmo6izg,FORMULA 1,8859878986,13700000,9403
2025-11-26 00:43:35,UCoQhX2O93MVTWfgIz-8wOmg,KUNの50人クラフト,464951451,543000,1047
2025-11-26 00:43:35,UCKU0SVkIPRqwiZaXJ9rXhdw,シュート。,216368438,256000,2334
2025-11-26 00:43:35,UCkKj-SiKyiFkj_dO1vmY3gA,加藤純一RECORDS,5125700,28800,82
2025-11-26 00:43:35,UCCzUftO8KOVkV4wQG1vkUvg,Marine Ch. 宝鐘マリン,2033880549,4260000,1560
2025-11-26 00:43:35,UCXeTnWiRoifoHHEzSyR5Ogg,パチンコ・パチスロ必勝ガイドチャンネル,52606761,86200,1323
2025-11-26 00:43:35,UCXqWKjzm2YMH6Bs7rAmsKFw,福本大晴,7285544,89700,144
2025-11-26 00:43:35,UCBhPDpv9JavoPADrZcsAC2A,あらき-ARAKI Official,320679686,488000,260
2025-11-26 00:43:35,UCjcYYjM16TFOPXDjWgzHiHA,超覚醒てえんだ「スロパチ生放送」,87200756,140000,571
2025-11-26 00:43:35,UCdkVEDVAW5aFmA-Mkz0lAFQ,ひたまゆ。,466225947,410000,2791
2025-11-26 00:43:35,UCOTR1tcOAhjgi6YukrPpZxg,まふまふちゃんねる,2480967798,3610000,511
2025-11-26 00:43:35,UC15ebOqdhmvl1eb0s0jk5aw,戦極MCBATTLE,1331994946,847000,5380
2025-11-26 00:43:35,UCp_Az_oKu8-J5qIQpF35JbA,やわらちゃんねる,192821029,279000,862
2025-11-26 00:43:35,UCFvSFbT8okMrpuFxBEIB2lg,M!LK,89055255,10300,243
2025-11-26 00:43:35,UCooVYzDxdwTtGYAkcPmOgOw,Brawl Stars,4000176799,23200000,370
2025-11-26 00:43:35,UCqQNCRSihFHVsXrDikNeYSg,げまじょが好き【にじさんじEXゲマズ切り抜き】,4469282,2330,117
2025-11-26 00:43:35,UCMJiPpN_09F0aWpQrgbc_qg,キヨ。,6529096807,5480000,3083
2025-11-26 00:43:35,UCXURHJRGr4-EB3l87kcbElw,NCT DREAM,2300999800,7000000,1312
2025-11-26 00:43:35,UChn5TjkeEqd-JxzizMVSkOw,ハヤトの野望,1034602930,1510000,2415
2025-11-26 00:43:35,UCZwcUEEjD8RVzB-TAw1ts3g,Eden - Topic,4184148,1710,38
2025-11-26 00:43:35,UCdMGYXL38w6htx6Yf9YJa-w,プロジェクトセカイ カラフルステージ! feat. 初音ミク,2001101239,2060000,1907
2025-11-26 00:43:35,UCOjkVJQcjtWnpf0-1ft4brA,ゆっくりむちゃたぬき,209880141,352000,423
2025-11-26 00:43:35,UCFQu6Q-9LAS3KoEuRDNkzGA, ニート部,658519203,680000,3212
2025-11-26 00:43:35,UCxIK6x6sG7Ln5vjjPYpgeAw,Chogakusei Official,667393982,1010000,564
2025-11-26 00:43:35,UCENoC6MLc4pL-vehJyzSWmg,もこうの実況,1735813242,1600000,5786
2025-11-26 00:43:35,UCAWxPGGuIfWME2KTLUmSCHw,ぱかチューブっ!【ウマ娘公式】,514883442,1310000,1288
2025-11-26 00:43:35,UC6SmH9mR82nj28_NNg_rZvA,スクウェア・エニックス,1172745497,1090000,10980
2025-11-26 00:43:35,UCZVVCZwOpCbDXB84SDqWixQ,Lil Shady,55380693,283000,97
2025-11-26 00:43:35,UCeA0fcfLVewbuD7H5YsrpdA,ライキジョーンズ,118626164,146000,3389
2025-11-26 00:43:35,UC9rMiEjNaCSsebs31MRDCRA,Stray Kids,9673395528,22200000,1874
2025-11-26 00:43:35,UCfkXDY7vwkcJ8ddFGz8KusA,SEVENTEEN,7797609294,16200000,3275
2025-11-26 00:43:35,UCc-PPk-lNe34JaWCcJQCL0g,ドコムスチャンネル,540356662,593000,2021
2025-11-26 00:43:35,UCX7YkU9nEeaoZbkVLVajcMg,にじさんじ,1071275897,1870000,2825
2025-11-26 00:43:35,UCqMRVBz-hhSFRuqlL1guqig,あひるだっく,51933932,127000,89
2025-11-26 00:43:35,UC3J-txytRWiRtNXrLS95eEw,ASIAN KUNG-FU GENERATION Official YouTube Channel,608265861,788000,281
2025-11-26 00:43:35,UCHazKLThRbMyMFu2bVAKhng,ウォーターチャレンジ,3128753022,3150000,2180
2025-11-26 00:43:35,UC__iCxFigPdcry_UBv6sDGw,IO,16107442,38100,13
2025-11-26 00:43:35,UCPVr7clenPjpD7WNsSI3UBQ,レトルト,2877943743,2590000,3850
2025-11-26 00:43:35,UC-hM6YJuNYVAmUWxeIr9FeA,Miko Ch. さくらみこ,889625882,2460000,2042
2025-11-26 00:43:35,UCYe_uTI6X6mm9qaXm8iWFDg,ノッチ配信者パチンコライブ,268361675,125000,2725
2025-11-26 00:43:35,UCILZFnKZJksR7zwhZbAB4vw,れじぇくん,1502874244,1170000,1428
2025-11-26 00:43:35,UCmovZ2th3Sqpd00F5RdeigQ,加賀美 ハヤト/Hayato Kagami,332409391,921000,1521
2025-11-26 00:43:35,UCDhOdoqPxv96djR3tSq9NoA,ショコラ大佐の秘密基地,148259588,138000,1744
2025-11-26 00:43:35,UCyTaStlK0neSuKveYOIioaw,ぐんぐにるチャンネル,274988063,426000,446
2025-11-26 00:43:35,UCMzLWawc9x3rUsqYDEfgqzA,ジャック・オ・蘭たん,711865273,648000,1887
2025-11-26 00:43:35,UCkVvAm5jb62IMIJQj4wPVGA,TMSアニメ公式チャンネル,379415080,898000,1145
2025-11-26 00:43:35,UCHghNZNbV-CPbb_f3FslObw,がんばるぴえんちゃんパチンコ日記,80262292,100000,1529
2025-11-26 00:43:35,UC6FadPgGviUcq6VQ0CEJqdQ,Juice=Juice,162049064,249000,280
2025-11-26 00:43:35,UCOfESRUR5duQ2hMnTQ4oqhA,BUMP OF CHICKEN,1637208579,1590000,164
2025-11-26 00:43:35,UCj4PjeVMnNTHIR5EeoNKPAw,ドズル社,4893163285,2560000,10209
2025-11-26 00:43:35,UCrKna8EQAd7NPRYq-gIsuow,ホロライ部【ホロライブ切り抜き】,69865886,37800,613
2025-11-26 00:43:35,UCt09C9DPSuOGpHoitbcyCIQ,ゼンレスゾーンゼロ-ZZZ-公式,229080119,754000,427
2025-11-26 00:43:35,UCLkAepWjdylmXSltofFvsYQ,BANGTANTV,26052132409,81700000,2933
2025-11-26 00:43:35,UCDwcZ85zjLKD-3-jqlv1wQQ,アンジュルム,213864061,229000,370
2025-11-26 00:43:35,UC0ux2IFOXkj6ifQ4aSs9l7Q,大月【おおつき】,14724261,17400,1217
2025-11-26 00:43:35,UCqKNMJ5s_vsf7WkesdBrvQA,IS:SUE,87680204,221000,768
2025-11-26 00:43:35,UCaO6TYtlC8U5ttz62hTrZgg,JYP Entertainment,26014450299,31500000,2639
2025-11-26 00:43:35,UCAaGaynFpku5cAx6OOSrW-w,HoneyWorks OFFICIAL,1601855248,2850000,550
2025-11-26 00:43:35,UCMGvmEqkVbl372DCyn3NLAw,【吹いたら負け】葛葉先生のしくじり【切り抜き】,180452214,136000,978
2025-11-26 00:43:35,UC_DopZ9OANqNGho0wFwADqA,けいちゃん / Keichan,502697517,1270000,605
2025-11-26 00:43:35,UCBuLdF0tQn5oZjpvYWSQkaA,Liura Channel,91964482,206000,374
2025-11-26 00:43:35,UC1FQWQ3y3-e8l1pCtWhJt5A,Vaundy,2295815134,2430000,226
2025-11-26 00:43:35,UCvaTdHTWBGv3MKj3KVqJVCw,Okayu Ch. 猫又おかゆ,626491070,2060000,1591
2025-11-26 00:43:35,UCv7VutirxDn3RWIJXI68n_A,＝LOVE（イコールラブ）公式チャンネル,466225819,555000,474
2025-11-26 00:43:35,UC3VId8brfshtHO6gMMqnZ5A,FLOW GLOW - Topic,336999,2190,5
2025-11-26 00:43:35,UC-ifW8mHzfsZVGHY8vxqrjA,A.B.C-Z,59464169,54500,437
2025-11-26 00:43:35,UC14QT5j2nQI8lKBCGtrrBQA,アニプレックス チャンネル,4301336548,3720000,15426
2025-11-26 00:43:35,UC9Lx-zRFGfpuls27tNAOIqA,マエスケ,1540679756,1830000,1137
2025-11-26 00:43:35,UCeK22JmzkTMa69kZU9NEqsA,めじの【Vtuber応援隊】,31679001,15100,537
2025-11-26 00:43:35,UC070fhnqq38qNhqHm5rxTcQ,令和ちゃんねる,428112546,506000,3625
2025-11-26 00:43:35,UCL7VEatXa9yBCKeM-ww8TnA,NX☆くさあん,208215299,238000,3561
2025-11-26 00:43:35,UC9zY_E8mcAo_Oq772LEZq8Q,THE FIRST TAKE,6257669369,11500000,1527
2025-11-26 00:43:35,UC5vqbtNnbOF2h7A_xlrIPUw,ぽっぴんず,916217219,630000,1052
2025-11-26 00:43:35,UC8eq3M3Yft3FUgxEX6lOZMg,chotokkyu - Topic,35707175,577,486
2025-11-26 00:43:35,UCRDJ3DN-6ND_a4LSJ35L91A,立川ちゃんねる,106288438,107000,639
2025-11-26 00:43:35,UCC4xWbcBVn-tHgchhrdmFpg,Jinmenusagi,9965654,32500,80
2025-11-26 00:43:35,UCHVkYOT63gAz5yTxjo68_Ng,家スロットゲームパンダ’s ROOM@琉球🐼🪸,1200416,1680,76
2025-11-26 00:43:35,UCOVLrBaOiMH5QDKXTycZ8Pw,やっちゃんの崖っぷちスロパチ生活,698612534,326000,5202
2025-11-26 00:43:35,UCIJAlAYCNN8RACtDDsy9K6g,Novelbright,646175482,733000,319
2025-11-26 00:43:35,UCc-itdQHxLvUlPrDxIiSJrA,INI,748068954,652000,1267
2025-11-26 00:43:35,UCBA-kvU_zYdKreZbhhywX2Q,あいずちゃんねる,147494513,57400,803
2025-11-26 00:43:35,UCqeAYB1DMzfM-hG-Up52yNQ,つるおかかものはし,370934217,387000,3607
2025-11-26 00:43:35,UCx1nAvtVDIsaGmCMSe8ofsQ,加藤純一【jun channel】,1136806839,1280000,1834
2025-11-26 00:43:35,UCvzGlP9oQwU--Y0r9id_jnA,Subaru Ch. 大空スバル,580850595,1950000,1893
2025-11-26 00:43:35,UCHzevlEL9JfsBIm86uNCJqg,宮野真守,78718653,449000,329
2025-11-25 17:56:31,UC6qVAJzxF5kSN_UUFSdODiQ,MAZZEL - Topic,19200719,8260,57
2025-11-25 17:56:31,UC3J-txytRWiRtNXrLS95eEw,ASIAN KUNG-FU GENERATION Official YouTube Channel,608265861,788000,281
2025-11-25 17:56:31,UCHghNZNbV-CPbb_f3FslObw,がんばるぴえんちゃんパチンコ日記,80262292,100000,1528
2025-11-25 17:56:31,UCLkAepWjdylmXSltofFvsYQ,BANGTANTV,26052132409,81700000,2933
2025-11-25 17:56:31,UCJy7zfLsKBXoo2soFMum7JQ,あかさかの箱,1289314809,2620000,2687
2025-11-25 17:56:31,UC3VId8brfshtHO6gMMqnZ5A,FLOW GLOW - Topic,336999,2190,5
2025-11-25 17:56:31,UCEfbtVOJgicdHjs5HzOzJlA,ぱち・スロ部,3584119,1760,302
2025-11-25 17:56:31,UCHD1jo5RhijLfx5-0Ehe_cg,&TEAM,466813545,1320000,1404
2025-11-25 17:56:31,UCGjV4bsC43On-YuiLZcfL0w,KUN,3388459623,1660000,11231
2025-11-25 17:56:31,UC8rk-fIWJXYlSF8tkfG9wWg,天色鮫,66455197,192000,132
2025-11-25 17:56:31,UC7wu64jFsV02bbu6UHUd7JA,ガンダムチャンネル,412066551,1670000,1653
2025-11-25 17:56:31,UCVh47EKH9VLresRqiYi9txw,Mili,608668101,1000000,117
2025-11-25 17:56:31,UCDwcZ85zjLKD-3-jqlv1wQQ,アンジュルム,213864061,229000,368
2025-11-25 17:56:31,UC6FadPgGviUcq6VQ0CEJqdQ,Juice=Juice,162049064,248000,280
2025-11-25 17:56:31,UCzXjPL7zo0bxhOYDxLJ9YEg,ポッキー,4096288405,3750000,4358
2025-11-25 17:56:31,UCCzUftO8KOVkV4wQG1vkUvg,Marine Ch. 宝鐘マリン,2033880549,4260000,1560
2025-11-25 17:56:31,UC0ux2IFOXkj6ifQ4aSs9l7Q,大月【おおつき】,14724261,17400,1217
2025-11-25 17:56:31,UCBhPDpv9JavoPADrZcsAC2A,あらき-ARAKI Official,320679686,488000,260
2025-11-25 17:56:31,UCILZFnKZJksR7zwhZbAB4vw,れじぇくん,1502874244,1170000,1428
2025-11-25 17:56:31,UCxIK6x6sG7Ln5vjjPYpgeAw,Chogakusei Official,667393982,1010000,564
2025-11-25 17:56:31,UCYXmyrGUVL8tX7VEvo_DjPw,シャル@ツモらせ隊,83052972,178000,898
2025-11-25 17:56:31,UCwJYQvXHtNn1c7RqED4E7MA,パンダドラゴン,44018394,92300,532
2025-11-25 17:56:31,UCZMRuagdTBKmmrFtSMN48Xw,牛沢,2664148445,1800000,3739
2025-11-25 17:56:31,UCv7VutirxDn3RWIJXI68n_A,＝LOVE（イコールラブ）公式チャンネル,466225819,554000,474
2025-11-25 17:56:31,UCUzpZpX2wRYOk3J8QTFGxDg,乃木坂46 OFFICIAL YouTube CHANNEL,1610447858,1730000,1168
2025-11-25 17:56:31,UChn5TjkeEqd-JxzizMVSkOw,ハヤトの野望,1034602930,1510000,2415
2025-11-25 17:56:31,UCvo8JUqHh2d1QGnK3LKyI4Q,ポケモンユナイト公式チャンネル,31943421,139000,467
2025-11-25 17:56:31,UCOTR1tcOAhjgi6YukrPpZxg,まふまふちゃんねる,2480967798,3610000,511
2025-11-25 17:56:31,UCIJAlAYCNN8RACtDDsy9K6g,Novelbright,646175482,733000,319
2025-11-25 17:56:31,UCBuLdF0tQn5oZjpvYWSQkaA,Liura Channel,91964482,206000,374
2025-11-25 17:56:31,UCOVLrBaOiMH5QDKXTycZ8Pw,やっちゃんの崖っぷちスロパチ生活,698612534,326000,5202
2025-11-25 17:56:31,UCN7_YMtKaUiizHpw77XLVcw,EXILE,188358177,14600,306
2025-11-25 17:56:31,UCHzevlEL9JfsBIm86uNCJqg,宮野真守,78718653,449000,329
2025-11-25 17:56:31,UCvaTdHTWBGv3MKj3KVqJVCw,Okayu Ch. 猫又おかゆ,626491070,2060000,1591
2025-11-25 17:56:31,UCMF_5h2OejEhVorTB02UUSg,MAZZEL,240478072,283000,720
2025-11-25 17:56:31,UCNVIo0UJXTdEnsRkCB9Q03w,ILLIT - Topic,562318404,57700,59
2025-11-25 17:56:31,UChVflUz2J_jaaqYjXqvpmQA,iLiFE!【あいらいふ】,246311299,484000,527
2025-11-25 17:56:31,UCoQhX2O93MVTWfgIz-8wOmg,KUNの50人クラフト,464951451,543000,1047
2025-11-25 17:56:31,UC9zY_E8mcAo_Oq772LEZq8Q,THE FIRST TAKE,6257669369,11500000,1526
2025-11-25 17:56:31,UCDhOdoqPxv96djR3tSq9NoA,ショコラ大佐の秘密基地,148259588,138000,1744
2025-11-25 17:56:31,UCdCC1L_OxLrkoEjR19iXpRw,パチスロードch,135399941,75600,813
2025-11-25 17:56:31,UCHazKLThRbMyMFu2bVAKhng,ウォーターチャレンジ,3128753022,3150000,2180
2025-11-25 17:56:31,UCkVvAm5jb62IMIJQj4wPVGA,TMSアニメ公式チャンネル,379415080,898000,1145
2025-11-25 17:56:31,UCFvSFbT8okMrpuFxBEIB2lg,M!LK,89055255,10300,243
2025-11-25 17:56:31,UCOjkVJQcjtWnpf0-1ft4brA,ゆっくりむちゃたぬき,209880141,352000,423
2025-11-25 17:56:31,UCX7YkU9nEeaoZbkVLVajcMg,にじさんじ,1071275897,1870000,2824
2025-11-25 17:56:31,UCy9GuRXGTm8TliQ-OJ7KwzA,【V.I.P】,977997693,978000,2494
2025-11-25 17:56:31,UCqKNMJ5s_vsf7WkesdBrvQA,IS:SUE,87680204,220000,767
2025-11-25 17:56:31,UCH-lygWpHodDff3iQurnWnQ,加藤純一切り抜き集,1718446841,580000,5439
2025-11-25 17:56:31,UCPJCP_fon2mOMfibbBPUOYw,SAWAYAN GAMES / サワヤン ゲームズ,1298369889,2070000,3416
2025-11-25 17:56:31,UCOfESRUR5duQ2hMnTQ4oqhA,BUMP OF CHICKEN,1637208579,1590000,164
2025-11-25 17:56:31,UCqQNCRSihFHVsXrDikNeYSg,げまじょが好き【にじさんじEXゲマズ切り抜き】,4469282,2330,117
2025-11-25 17:56:31,UCqeAYB1DMzfM-hG-Up52yNQ,つるおかかものはし,370934217,387000,3607
2025-11-25 17:56:31,UCj4PjeVMnNTHIR5EeoNKPAw,ドズル社,4893163285,2560000,10207
2025-11-25 17:56:31,UC_vMYWcDjmfdpH6r4TTn1MQ,Iroha ch. 風真いろは - holoX -,262723246,1130000,1050
2025-11-25 17:56:31,UCeA0fcfLVewbuD7H5YsrpdA,ライキジョーンズ,118626164,146000,3388
2025-11-25 17:56:31,UC1DCedRgGHBdm81E1llLhOQ,Pekora Ch. 兎田ぺこら,1012010136,2740000,2340
2025-11-25 17:56:31,UC-ifW8mHzfsZVGHY8vxqrjA,A.B.C-Z,59464169,54500,436
2025-11-25 17:56:31,UCKU0SVkIPRqwiZaXJ9rXhdw,シュート。,216368438,256000,2333
2025-11-25 17:56:31,UCJnL-TBcsYrF2SLs7tmiC8Q,tripleS official,678132684,2880000,3048
2025-11-25 17:56:31,UCrKna8EQAd7NPRYq-gIsuow,ホロライ部【ホロライブ切り抜き】,69865886,37800,613
2025-11-25 17:56:31,UCEf_Bc-KVd7onSeifS3py9g,SMTOWN,32595925805,33500000,4640
2025-11-25 17:56:31,UCtyXllCXnTAg4rjfI3UwIgA,しょうちゃんネル,298495773,138000,1545
2025-11-25 17:56:31,UCZ1xuCK1kNmn5RzPYIZop3w,リゼ・ヘルエスタ -Lize Helesta-,299001750,957000,1089
2025-11-25 17:56:31,UCB_qr75-ydFVKSF9Dmo6izg,FORMULA 1,8859878986,13700000,9402
2025-11-25 17:56:31,UChUjERVG8eKEAJSCef-tTmg,k4sen / かせん,716283754,1020000,3061
2025-11-25 17:56:31,UCvzGlP9oQwU--Y0r9id_jnA,Subaru Ch. 大空スバル,580850595,1950000,1893
2025-11-25 17:56:31,UCeK22JmzkTMa69kZU9NEqsA,めじの【Vtuber応援隊】,31679001,15100,537
2025-11-25 17:56:31,UC070fhnqq38qNhqHm5rxTcQ,令和ちゃんねる,428112546,506000,3624
2025-11-25 17:56:31,UCkKj-SiKyiFkj_dO1vmY3gA,加藤純一RECORDS,5125700,28500,81
2025-11-25 17:56:31,UC-hM6YJuNYVAmUWxeIr9FeA,Miko Ch. さくらみこ,889625882,2460000,2041
2025-11-25 17:56:31,UCXEo7JprZQGCPkezcZylHlQ,黒炭酸,152018395,201000,1757
2025-11-25 17:56:31,UC56x--_QtyaWD1QptYrPMqA,刀剣乱舞 公式チャンネル,9433224,131000,116
2025-11-25 17:56:31,UCjcYYjM16TFOPXDjWgzHiHA,超覚醒てえんだ「スロパチ生放送」,87200756,140000,571
2025-11-25 17:56:31,UCZwcUEEjD8RVzB-TAw1ts3g,Eden - Topic,4184148,1690,38
2025-11-25 17:56:31,UCMGvmEqkVbl372DCyn3NLAw,【吹いたら負け】葛葉先生のしくじり【切り抜き】,180452214,136000,978
2025-11-25 17:56:31,UCENoC6MLc4pL-vehJyzSWmg,もこうの実況,1735813242,1600000,5785
2025-11-25 17:56:31,UCaO6TYtlC8U5ttz62hTrZgg,JYP Entertainment,26010005047,31500000,2638
2025-11-25 17:56:31,UCyTaStlK0neSuKveYOIioaw,ぐんぐにるチャンネル,274988063,426000,446
2025-11-25 17:56:31,UCylNKKCfPMm8ROXasQWTonA,響咲リオナの足,3145428,6650,121
2025-11-25 17:56:31,UCx1nAvtVDIsaGmCMSe8ofsQ,加藤純一【jun channel】,1136806839,1280000,1834
2025-11-25 17:56:31,UClNdVSK1uy2xFHTaXZYXopw,らっだぁ,1817433175,1450000,2340
2025-11-25 17:56:31,UC-_iQWdEZY66nGGaHH0Ygmg,僕が見たかった青空,52805973,122000,498
2025-11-25 17:56:31,UCgmFrRcyH7d1zR9sIVQhFow,ローレン・イロアス / Lauren Iroas【にじさんじ】,396542080,953000,1047
2025-11-25 17:56:31,UC_DopZ9OANqNGho0wFwADqA,けいちゃん / Keichan,502697517,1270000,605
2025-11-25 17:56:31,UC__iCxFigPdcry_UBv6sDGw,IO,16107442,38000,13
2025-11-25 17:56:31,UCWvr04hMa4k4wSilYcQ4qoA,キャベツの人【ゲーム紹介】,252884397,418000,971
2025-11-25 17:56:31,UCtKBQ2BYD76GiJvcpZOBorg,えいま,11402824,13500,346
2025-11-25 17:56:31,UCRDJ3DN-6ND_a4LSJ35L91A,立川ちゃんねる,106288438,107000,638
2025-11-25 17:56:31,UCDbUUremwf8k1x1GTYfB1Ng,ニート部クラフト,20293991,96900,125
2025-11-25 17:56:31,UCUW6U6iOrntB0jw6-AbQo8g,RED Games,250066787,209000,3563
2025-11-25 17:56:31,UC15ebOqdhmvl1eb0s0jk5aw,戦極MCBATTLE,1331994946,847000,5377
2025-11-25 17:56:31,UC9Lx-zRFGfpuls27tNAOIqA,マエスケ,1540679756,1830000,1137
2025-11-25 17:56:31,UCYLp2FLXcqLUZhvrCxQmNIA,胡桃沢りりか,40910955,100000,2568
2025-11-25 17:56:31,UC7aYDbAOIKIMt25ENfJ68Qw,ルカ,118589990,120000,2124
2025-11-25 17:56:31,UC1FQWQ3y3-e8l1pCtWhJt5A,Vaundy,2295815134,2430000,226
2025-11-25 17:56:31,UCPVr7clenPjpD7WNsSI3UBQ,レトルト,2877943743,2590000,3850
2025-11-25 17:56:31,UCc-PPk-lNe34JaWCcJQCL0g,ドコムスチャンネル,540356662,593000,2021
2025-11-25 17:56:31,UCooVYzDxdwTtGYAkcPmOgOw,Brawl Stars,4000176799,23200000,370
2025-11-25 17:56:31,UCXURHJRGr4-EB3l87kcbElw,NCT DREAM,2300999800,7000000,1310
2025-11-25 17:56:31,UCXqWKjzm2YMH6Bs7rAmsKFw,福本大晴,7285544,89700,144
2025-11-25 17:56:31,UCOXOcEbERAwGlE4ig9MaLSQ,夜勤明けパチンコパチスロ実践記,275529687,166000,1622
2025-11-25 17:56:31,UCtPyU9cJgvvgH03PQKgaucA,ファミ通TUBE,182954660,208000,8151
2025-11-25 17:56:31,UCHVkYOT63gAz5yTxjo68_Ng,家スロットゲームパンダ’s ROOM@琉球🐼🪸,1200416,1690,75
2025-11-25 17:56:31,UC9rMiEjNaCSsebs31MRDCRA,Stray Kids,9673395528,22200000,1870
2025-11-25 17:56:31,UCBA-kvU_zYdKreZbhhywX2Q,あいずちゃんねる,147494513,57400,803
2025-11-25 17:56:31,UCqMRVBz-hhSFRuqlL1guqig,あひるだっく,51933932,127000,89
2025-11-25 17:56:31,UCmovZ2th3Sqpd00F5RdeigQ,加賀美 ハヤト/Hayato Kagami,332409391,921000,1520
2025-11-25 17:56:31,UCdkVEDVAW5aFmA-Mkz0lAFQ,ひたまゆ。,466225947,410000,2791
2025-11-25 17:56:31,UCAaGaynFpku5cAx6OOSrW-w,HoneyWorks OFFICIAL,1601855248,2850000,550
2025-11-25 17:56:31,UCv2ejD5B1xOYtGB2cf80B8g,Netflix Japan,1980081923,2300000,7749
2025-11-25 17:56:31,UCYA14rrNjvQq_P_YSNeJHgA,スロライブ,89748736,46500,893
2025-11-25 17:56:31,UCcz2Y1yhR42UxbFwvPFGCmA,きっしー助六ちゃんねる,75760244,61500,939
2025-11-25 17:56:31,UC5vqbtNnbOF2h7A_xlrIPUw,ぽっぴんず,916217219,630000,1052
2025-11-25 17:56:31,UC3IZKseVpdzPSBaWxBxundA,HYBE LABELS,42502703726,79100000,2929
2025-11-25 17:56:31,UCAWxPGGuIfWME2KTLUmSCHw,ぱかチューブっ!【ウマ娘公式】,514883442,1310000,1288
2025-11-25 17:56:31,UChhKBlh_wvspTh5n4mL0b5g,BOYNEXTDOOR,1153888296,2060000,2187
2025-11-25 17:56:31,UCdVD0MsYecQaIE5Ru-pOIQQ,RIIZE,1015326967,1870000,1372
2025-11-25 17:56:31,UC8eq3M3Yft3FUgxEX6lOZMg,chotokkyu - Topic,35707175,577,486
2025-11-25 17:56:31,UCpGpA7mSYmNJjLiJxKso5QA,しもふりチューブ,1782706599,2160000,3019
2025-11-25 17:56:31,UCSFCh5NL4qXrAy9u-u2lX3g,Kuzuha Channel,1424950504,2100000,2818
2025-11-27 15:32:38,UCM3yhFc0-fBFuvqx1Vg2YNQ,まいぜんシスターズ,7171762545,3180000,1860
2025-11-27 15:32:38,UCt09C9DPSuOGpHoitbcyCIQ,ゼンレスゾーンゼロ-ZZZ-公式,230180173,754000,430
2025-11-27 15:32:38,UCqQNCRSihFHVsXrDikNeYSg,げまじょが好き【にじさんじEXゲマズ切り抜き】,4585662,2380,119
2025-11-27 15:32:38,UCGc93NguHRwzv1Rw9MyIcxQ,鳴潮 (Wuthering Waves)公式,104224935,345000,466
2025-11-27 15:32:38,UCOTR1tcOAhjgi6YukrPpZxg,まふまふちゃんねる,2481707574,3610000,511
2025-11-27 15:32:38,UCFuugQScqDfJcsOEWbL1_tg,Gero Channel,209118582,551000,166
2025-11-27 15:32:38,UCeA0fcfLVewbuD7H5YsrpdA,ライキジョーンズ,118883150,146000,3390
2025-11-27 15:32:38,UCIJAlAYCNN8RACtDDsy9K6g,Novelbright,652756465,733000,319
2025-11-27 15:32:38,UCMGvmEqkVbl372DCyn3NLAw,【吹いたら負け】葛葉先生のしくじり【切り抜き】,180594707,136000,978
2025-11-27 15:32:38,UCjJmYy279ehSYSwR1A3fXtA,マグロヘッド,394405965,735000,1754
2025-11-27 15:32:38,UC8rk-fIWJXYlSF8tkfG9wWg,天色鮫,66637382,192000,132
2025-11-27 15:32:38,UC-_iQWdEZY66nGGaHH0Ygmg,僕が見たかった青空,52805973,122000,498
2025-11-27 15:32:38,UCxIK6x6sG7Ln5vjjPYpgeAw,Chogakusei Official,674277867,1010000,564
2025-11-27 15:32:38,UCAaGaynFpku5cAx6OOSrW-w,HoneyWorks OFFICIAL,1601855248,2850000,550
2025-11-27 15:32:38,UCmovZ2th3Sqpd00F5RdeigQ,加賀美 ハヤト/Hayato Kagami,332409391,921000,1522
2025-11-27 15:32:38,UCfipDDn7wY-C-SoUChgxCQQ,葉山舞鈴 / Ohayama Ch.,88098293,599000,1340
2025-11-27 15:32:38,UCS57xc1Bf-znC9_ouCc3SZw,佐野元春 - DaisyMusic,50511392,77700,163
2025-11-27 15:32:38,UCXEo7JprZQGCPkezcZylHlQ,黒炭酸,152490020,202000,1757
2025-11-27 15:32:38,UC3VId8brfshtHO6gMMqnZ5A,FLOW GLOW - Topic,393259,2190,5
2025-11-27 15:32:38,UCYXmyrGUVL8tX7VEvo_DjPw,シャル@ツモらせ隊,83359858,178000,901
2025-11-27 15:32:38,UCdMGYXL38w6htx6Yf9YJa-w,プロジェクトセカイ カラフルステージ! feat. 初音ミク,2004254384,2060000,1907
2025-11-27 15:32:38,UCXeTnWiRoifoHHEzSyR5Ogg,パチンコ・パチスロ必勝ガイドチャンネル,52790155,86300,1324
2025-11-27 15:32:38,UCPJCP_fon2mOMfibbBPUOYw,SAWAYAN GAMES / サワヤン ゲームズ,1299302501,2070000,3417
2025-11-27 15:32:38,UCDhOdoqPxv96djR3tSq9NoA,ショコラ大佐の秘密基地,148646669,138000,1746
2025-11-27 15:32:38,UCXURHJRGr4-EB3l87kcbElw,NCT DREAM,2300999800,7000000,1314
2025-11-27 15:32:38,UCxWcO9CLti4uouUIS5IIF-Q,Nornis,59019055,228000,110
2025-11-27 15:32:38,UCAWxPGGuIfWME2KTLUmSCHw,ぱかチューブっ!【ウマ娘公式】,515911968,1310000,1287
2025-11-27 15:32:38,UCMzLWawc9x3rUsqYDEfgqzA,ジャック・オ・蘭たん,712914393,648000,1888
2025-11-27 15:32:38,UC4YT50DP7hbMsor8FmyEPMw,Victor Entertainment,1489968652,1070000,4972
2025-11-27 15:32:38,UCHghNZNbV-CPbb_f3FslObw,がんばるぴえんちゃんパチンコ日記,80501715,100000,1533
2025-11-27 15:32:38,UChn5TjkeEqd-JxzizMVSkOw,ハヤトの野望,1035625127,1510000,2418
2025-11-27 15:32:38,UC6FadPgGviUcq6VQ0CEJqdQ,Juice=Juice,163770158,250000,280
2025-11-27 15:32:38,UCkv76wCrBDQNn7ctcbn6Qeg,Nissy - Topic,93375916,26400,192
2025-11-27 15:32:38,UCpT4syVopfBl2bATVfAt65g,澤野弘之 / SawanoHiroyuki[nZk],51761013,4030,22
2025-11-27 15:32:38,UC6SmH9mR82nj28_NNg_rZvA,スクウェア・エニックス,1173377967,1090000,10984
2025-11-27 15:32:38,UClNdVSK1uy2xFHTaXZYXopw,らっだぁ,1819198345,1450000,2341
2025-11-27 15:32:38,UCKU0SVkIPRqwiZaXJ9rXhdw,シュート。,216561429,256000,2334
2025-11-27 15:32:38,UCILZFnKZJksR7zwhZbAB4vw,れじぇくん,1503244285,1170000,1428
2025-11-27 15:32:38,UC6H_7uSepAzrlayBjAb9rrg,WurtS - Topic,69108754,698,82
2025-11-27 15:32:38,UCCzUftO8KOVkV4wQG1vkUvg,Marine Ch. 宝鐘マリン,2033880549,4260000,1560
2025-11-27 15:32:38,UC2NujFa5X09CdV0YCntmQDg,板橋ハウス,905179003,752000,2029
2025-11-27 15:32:38,UC9Lx-zRFGfpuls27tNAOIqA,マエスケ,1543084879,1840000,1138
2025-11-27 15:32:38,UCB_qr75-ydFVKSF9Dmo6izg,FORMULA 1,8871159200,13700000,9408
2025-11-27 15:32:38,UCDBdcJ3JIg2sjDg8QR3xp-g,Iyowa - Topic,65698952,31400,87
2025-11-27 15:32:38,UCUzpZpX2wRYOk3J8QTFGxDg,乃木坂46 OFFICIAL YouTube CHANNEL,1610447858,1730000,1168
2025-11-27 15:32:38,UC7aYDbAOIKIMt25ENfJ68Qw,ルカ,118721142,120000,2126
2025-11-27 15:32:38,UCOXOcEbERAwGlE4ig9MaLSQ,夜勤明けパチンコパチスロ実践記,275742165,166000,1623
2025-11-27 15:32:38,UCu3kfiUaK7MmkQ40omEpGyQ,ナナ色チャンネル,4666870,8360,83
2025-11-27 15:32:38,UCdn5BQ06XqgXoAxIhbqw5Rg,フブキCh。白上フブキ,710953599,2640000,2968
2025-11-27 15:32:38,UCH4yRBPH2pDUjPeqomx8CTQ,てるとくん,548708568,1330000,1893
2025-11-27 15:32:38,UCX7YkU9nEeaoZbkVLVajcMg,にじさんじ,1071962136,1870000,2823
2025-11-27 15:32:38,UCZMRuagdTBKmmrFtSMN48Xw,牛沢,2665781448,1800000,3740
2025-11-27 15:32:38,UCYe_uTI6X6mm9qaXm8iWFDg,ノッチ配信者パチンコライブ,269077781,125000,2727
2025-11-27 15:32:38,UCDwcZ85zjLKD-3-jqlv1wQQ,アンジュルム,213864061,229000,370
2025-11-27 15:32:38,UCH-lygWpHodDff3iQurnWnQ,加藤純一切り抜き集,1719255492,580000,5439
2025-11-27 15:32:38,UCtKBQ2BYD76GiJvcpZOBorg,えいま,11415764,13500,346
2025-11-27 15:32:38,UCdPCarwi28K5Z7s5l2nMiLw,Uru Official YouTube Channel,901097541,1180000,296
2025-11-27 15:32:38,UCylNKKCfPMm8ROXasQWTonA,響咲リオナの足,3336188,7010,125
2025-11-27 15:32:38,UCy9GuRXGTm8TliQ-OJ7KwzA,【V.I.P】,978762283,979000,2495
2025-11-27 15:32:38,UCqKNMJ5s_vsf7WkesdBrvQA,IS:SUE,87680204,221000,769
2025-11-27 15:32:38,UCqeAYB1DMzfM-hG-Up52yNQ,つるおかかものはし,371628954,387000,3610
2025-11-27 15:32:38,UC56x--_QtyaWD1QptYrPMqA,刀剣乱舞 公式チャンネル,9562875,131000,116
2025-11-27 15:32:38,UChhKBlh_wvspTh5n4mL0b5g,BOYNEXTDOOR,1166800131,2070000,2200
2025-11-27 15:32:38,UCvaTdHTWBGv3MKj3KVqJVCw,Okayu Ch. 猫又おかゆ,626491070,2060000,1592
2025-11-27 15:32:38,UCEf_Bc-KVd7onSeifS3py9g,SMTOWN,32611320806,33500000,4641
2025-11-27 15:32:38,UC-hM6YJuNYVAmUWxeIr9FeA,Miko Ch. さくらみこ,889625882,2460000,2043
2025-11-27 15:32:38,UCcz2Y1yhR42UxbFwvPFGCmA,きっしー助六ちゃんねる,75916692,61600,941
2025-11-27 15:32:38,UC8Qwnts13zIh2EYUCau6m3w,ONE N' ONLY TV,112267072,214000,794
2025-11-27 15:32:38,UCoQhX2O93MVTWfgIz-8wOmg,KUNの50人クラフト,466114749,543000,1050
2025-11-27 15:32:38,UCcg_rvE-fU2tATMwBAxW9bA,ヤングスキニー,149492671,239000,603
2025-11-27 15:32:38,UCBLGjbYv6-xxju1i44RjnnA,明透 -ᴀsᴜ-,132564670,625000,494
2025-11-27 15:32:38,UCFQu6Q-9LAS3KoEuRDNkzGA, ニート部,659301189,680000,3213
2025-11-27 15:32:38,UC_DopZ9OANqNGho0wFwADqA,けいちゃん / Keichan,502697517,1270000,606
2025-11-27 15:32:38,UCgmFrRcyH7d1zR9sIVQhFow,ローレン・イロアス / Lauren Iroas【にじさんじ】,397160094,953000,1049
2025-11-27 15:32:38,UCqm3BQLlJfvkTsX_hvm0UmA,Watame Ch. 角巻わため,610016767,1700000,2979
2025-11-27 15:32:38,UCBhPDpv9JavoPADrZcsAC2A,あらき-ARAKI Official,320679686,489000,260
2025-11-27 15:32:38,UC1DqlLj1onQhBfxW81OgQTw,GLAY,732544767,541000,884
2025-11-27 15:32:38,UCTEQRq53fm5tw-3vJ1HLUCw,MAY'S - Topic,4421756,710,309
2025-11-27 15:32:38,UC3ruCdV7xnwAbpkW9tQq-6A,のーわん【NoOnE】,419484764,409000,1206
2025-11-27 15:32:38,UCN7_YMtKaUiizHpw77XLVcw,EXILE,188655840,14800,311
2025-11-27 15:32:38,UCHp2q2i85qt_9nn2H7AvGOw,NiziU Official,1563277157,2290000,2504
2025-11-27 15:32:38,UCfkXDY7vwkcJ8ddFGz8KusA,SEVENTEEN,7797609294,16200000,3277
2025-11-27 15:32:38,UCXqWKjzm2YMH6Bs7rAmsKFw,福本大晴,7532808,89600,145
2025-11-27 15:32:38,UCx1nAvtVDIsaGmCMSe8ofsQ,加藤純一【jun channel】,1137516709,1280000,1835
2025-11-27 15:32:38,UCZ1xuCK1kNmn5RzPYIZop3w,リゼ・ヘルエスタ -Lize Helesta-,299329789,957000,1090
2025-11-27 15:32:38,UCpYHkc4rzWEW7iVXIyxQebA,Hey! Say! JUMP - Topic,58958148,5080,738
2025-11-27 15:32:38,UCLrYavXppY_4oRfquHk9VQg,HAGANE,14455474,74900,142
2025-11-27 15:32:38,UCkKj-SiKyiFkj_dO1vmY3gA,加藤純一RECORDS,5266909,29200,82
2025-11-27 15:32:38,UCLkAepWjdylmXSltofFvsYQ,BANGTANTV,26052132409,81700000,2935
2025-11-27 15:32:38,UC5nxCVEWQLLfkPuMylpkYkA,ロス,123613887,487000,68
2025-11-27 15:32:38,UCeTo4Eh0TzpKbUL4vGQZ73A,LEX *,4588820,1280,14
2025-11-27 15:32:38,UCSFCh5NL4qXrAy9u-u2lX3g,Kuzuha Channel,1427452276,2100000,2820
2025-11-27 15:32:38,UCrKna8EQAd7NPRYq-gIsuow,ホロライ部【ホロライブ切り抜き】,70087617,37900,614
2025-11-27 15:32:38,UCy0DH4rgPPjDWVZO7wibcSQ,めめんともり,352005588,335000,468
2025-11-27 15:32:38,UCUbAVVpHteGtGQPPN9lM3oQ,ホロライブ切り抜き/なめたけ,572272419,339000,2103
2025-11-27 15:32:38,UCwJYQvXHtNn1c7RqED4E7MA,パンダドラゴン,44018394,92300,533
2025-11-27 15:32:38,UCHazKLThRbMyMFu2bVAKhng,ウォーターチャレンジ,3130936876,3150000,2181
2025-11-27 15:32:38,UCvzGlP9oQwU--Y0r9id_jnA,Subaru Ch. 大空スバル,581301904,1950000,1895
2025-11-27 15:32:38,UCHD1jo5RhijLfx5-0Ehe_cg,&TEAM,466813545,1320000,1409
2025-11-27 15:32:38,UCWvr04hMa4k4wSilYcQ4qoA,キャベツの人【ゲーム紹介】,253316988,418000,973
2025-11-27 15:32:38,UCBuLdF0tQn5oZjpvYWSQkaA,Liura Channel,92259839,206000,375
2025-11-27 15:32:38,UCJnL-TBcsYrF2SLs7tmiC8Q,tripleS official,697072588,2880000,3057
2025-11-27 15:32:38,UC__iCxFigPdcry_UBv6sDGw,IO,16308497,38200,13
2025-11-27 15:32:38,UCPVr7clenPjpD7WNsSI3UBQ,レトルト,2879338263,2590000,3850
2025-11-27 15:32:38,UCvo8JUqHh2d1QGnK3LKyI4Q,ポケモンユナイト公式チャンネル,31962139,139000,467
2025-11-27 15:32:38,UC14QT5j2nQI8lKBCGtrrBQA,アニプレックス チャンネル,4307214700,3720000,15436
2025-11-27 15:32:38,UC3PFoXZPFJGy9F4PG84nNQQ,Soala - Topic,29220278,4820,84
2025-11-27 15:32:38,UCzXjPL7zo0bxhOYDxLJ9YEg,ポッキー,4097167938,3750000,4360
2025-11-27 15:32:38,UCNVIo0UJXTdEnsRkCB9Q03w,ILLIT - Topic,565212283,57700,59
2025-11-27 15:32:38,UCFvSFbT8okMrpuFxBEIB2lg,M!LK,90312072,10400,243
2025-11-27 15:32:38,UCMJiPpN_09F0aWpQrgbc_qg,キヨ。,6532581967,5490000,3083
2025-11-27 15:32:38,UCRDJ3DN-6ND_a4LSJ35L91A,立川ちゃんねる,106588840,107000,639
2025-11-27 15:32:38,UCENwRMx5Yh42zWpzURebzTw,Laplus ch. ラプラス・ダークネス - holoX -,400043743,1450000,917
2025-11-27 15:32:38,UCYLp2FLXcqLUZhvrCxQmNIA,胡桃沢りりか,41004870,100000,2572
2025-11-27 15:32:38,UC9rMiEjNaCSsebs31MRDCRA,Stray Kids,9673395528,22200000,1879
2025-11-27 15:32:38,UCiZqWVAeChfqlom5ZPR3ZJA,NCT WISH,630033332,1140000,1125
2025-11-27 15:32:38,UCeK22JmzkTMa69kZU9NEqsA,めじの【Vtuber応援隊】,31896540,15100,539
2025-11-27 15:32:38,UCEfbtVOJgicdHjs5HzOzJlA,ぱち・スロ部,3673041,1770,303
2025-11-27 15:32:38,UCc-PPk-lNe34JaWCcJQCL0g,ドコムスチャンネル,541285685,593000,2023
2025-11-27 15:32:38,UCs8nP5mUR3pwJmgixsul8Hw,Saucy Dog,503080790,860000,120
2025-11-27 15:32:38,UCGjV4bsC43On-YuiLZcfL0w,KUN,3389315997,1660000,11233
2025-11-27 15:32:38,UCOfESRUR5duQ2hMnTQ4oqhA,BUMP OF CHICKEN,1637208579,1590000,165
2025-11-27 15:32:38,UCrQUlOEbu-0T0l4DAcBEeIg,pizzaofdeathofficial,408251037,332000,372
2025-11-27 15:32:38,UCdCC1L_OxLrkoEjR19iXpRw,パチスロードch,136215959,75700,815
2025-11-27 15:32:38,UCaO6TYtlC8U5ttz62hTrZgg,JYP Entertainment,26030065040,31500000,2639
2025-11-27 15:32:38,UCdszfKemUn36sOEplfkiGVQ,GPV LABEL,3034645,5370,90
2025-11-27 15:32:38,UC7wu64jFsV02bbu6UHUd7JA,ガンダムチャンネル,412635067,1670000,1654
2025-11-27 15:32:38,UChVflUz2J_jaaqYjXqvpmQA,iLiFE!【あいらいふ】,246311299,485000,533
2025-11-27 15:32:38,UC8eq3M3Yft3FUgxEX6lOZMg,chotokkyu - Topic,35832016,577,486
2025-11-27 15:32:38,UCMR5xpbhv3jzIQG1TOTg-Jg,B'z - Topic,290630711,3870,678
2025-11-27 15:32:38,UCBA-kvU_zYdKreZbhhywX2Q,あいずちゃんねる,147829926,57400,803
2025-11-27 15:32:38,UCpGpA7mSYmNJjLiJxKso5QA,しもふりチューブ,1783528661,2160000,3021
2025-11-27 15:32:38,UCdkVEDVAW5aFmA-Mkz0lAFQ,ひたまゆ。,466707359,410000,2795
2025-11-27 15:32:38,UCOx-oLP9tOhiYwSK_m-yVxA,オモコロチャンネル,618632593,473000,1144
2025-11-27 15:32:38,UCtceiniicYEsbAVuWy-Bi0Q,ドラゴンクエストウォーク公式,50515736,181000,160
2025-11-27 15:32:38,UCENoC6MLc4pL-vehJyzSWmg,もこうの実況,1736452511,1600000,5787
2025-11-27 15:32:38,UCZVVCZwOpCbDXB84SDqWixQ,Lil Shady,56319498,284000,97
2025-11-27 15:32:38,UCqMRVBz-hhSFRuqlL1guqig,あひるだっく,52130194,128000,89
2025-11-27 15:32:38,UC070fhnqq38qNhqHm5rxTcQ,令和ちゃんねる,428623803,506000,3628
2025-11-27 15:32:38,UCv7VutirxDn3RWIJXI68n_A,＝LOVE（イコールラブ）公式チャンネル,471205940,556000,474
2025-11-27 15:32:38,UCtwTCZuQkTIwUf5m9mlZnOQ,Release - Topic,27370,50,7
2025-11-27 15:32:38,UC15ebOqdhmvl1eb0s0jk5aw,戦極MCBATTLE,1332859018,847000,5383
2025-11-27 15:32:38,UCof7dOTnyxaidkKkcIFuflQ,Mone Kamishiraishi - Topic,26385160,326,123
2025-11-27 15:32:38,UCHvFSU5OP6c7QcJxIr87YtA,ウタエル Utael,446432580,582000,903
2025-11-27 15:32:38,UCYA14rrNjvQq_P_YSNeJHgA,スロライブ,89961056,46500,895
2025-11-27 15:32:38,UCc-itdQHxLvUlPrDxIiSJrA,INI,748068954,653000,1268
2025-11-27 15:32:38,UCv2ejD5B1xOYtGB2cf80B8g,Netflix Japan,1983114200,2310000,7762
2025-11-27 15:32:38,UCC4xWbcBVn-tHgchhrdmFpg,Jinmenusagi,9965654,32700,80
2025-11-27 15:32:38,UC1DCedRgGHBdm81E1llLhOQ,Pekora Ch. 兎田ぺこら,1012937716,2740000,2343
2025-11-27 15:32:38,UC1FQWQ3y3-e8l1pCtWhJt5A,Vaundy,2295815134,2430000,226
2025-11-27 15:32:38,UC3IZKseVpdzPSBaWxBxundA,HYBE LABELS,42534399305,79100000,2930
2025-11-27 15:32:38,UCDbUUremwf8k1x1GTYfB1Ng,ニート部クラフト,20447117,97200,125
2025-11-27 15:32:38,UC_vMYWcDjmfdpH6r4TTn1MQ,Iroha ch. 風真いろは - holoX -,263202951,1130000,1054
2025-11-27 15:32:38,UCJy7zfLsKBXoo2soFMum7JQ,あかさかの箱,1290928433,2620000,2688
2025-11-27 15:32:38,UCZwcUEEjD8RVzB-TAw1ts3g,Eden - Topic,4266876,1760,38
2025-11-27 15:32:38,UCHzevlEL9JfsBIm86uNCJqg,宮野真守,78718653,449000,329
2025-11-27 15:32:38,UCu2Fxqf37DAZ0ZhIsd1FZwA,Capcom Fighters JP,262929109,257000,3907
2025-11-27 15:32:38,UCj4PjeVMnNTHIR5EeoNKPAw,ドズル社,4906590678,2570000,10213
2025-11-27 15:32:38,UCHVkYOT63gAz5yTxjo68_Ng,家スロットゲームパンダ’s ROOM@琉球🐼🪸,1226399,1680,76
2025-11-27 15:32:38,UCyTaStlK0neSuKveYOIioaw,ぐんぐにるチャンネル,275100958,426000,447
2025-11-27 15:32:38,UCkVvAm5jb62IMIJQj4wPVGA,TMSアニメ公式チャンネル,379535728,898000,1147
2025-11-27 15:32:38,UCZetZElUvdElPrcstRjl9DA,加藤純一ロードショー,413602922,509000,982
2025-11-27 15:32:38,UCOjkVJQcjtWnpf0-1ft4brA,ゆっくりむちゃたぬき,210189117,352000,423
2025-11-27 15:32:38,UC5vqbtNnbOF2h7A_xlrIPUw,ぽっぴんず,916917839,630000,1053
2025-11-27 15:32:38,UC-ifW8mHzfsZVGHY8vxqrjA,A.B.C-Z,59464169,54600,437
2025-11-27 15:32:38,UCjcYYjM16TFOPXDjWgzHiHA,超覚醒てえんだ「スロパチ生放送」,87356301,140000,571
2025-11-27 15:32:38,UCy2IDlWr4fbdO2dbka98bSg,HACHI - Topic,18777542,625,60
2025-11-27 15:32:38,UC9qSqkNFiByKzzoxT3Cydyw,Aiobahn,28200052,90100,14
2025-11-27 15:32:38,UCmnZL4tFRl4sm-uJOxTLHmg,今日ポケch.,986677118,569000,1304
2025-11-27 15:32:38,UCOVLrBaOiMH5QDKXTycZ8Pw,やっちゃんの崖っぷちスロパチ生活,698980096,326000,5205
2025-11-27 15:32:38,UC-UxhoAxlq57uZ8BA0b1Jyw,FPS切り抜きボット【ローレン・イロアス】,156707785,119000,1404
2025-11-27 15:32:38,UC6qVAJzxF5kSN_UUFSdODiQ,MAZZEL - Topic,19361522,8260,57
2025-11-27 15:32:38,UCtiObj3CsEAdNU6ZPWDsddQ,TOMORROW X TOGETHER OFFICIAL,3494513829,13100000,3041
2025-11-27 15:32:38,UCUW6U6iOrntB0jw6-AbQo8g,RED Games,250702633,209000,3569
2025-11-27 15:32:38,UC9zY_E8mcAo_Oq772LEZq8Q,THE FIRST TAKE,6263951155,11500000,1529
2025-11-27 15:32:38,UCdVD0MsYecQaIE5Ru-pOIQQ,RIIZE,1015326967,1870000,1385
2025-11-27 15:32:38,UCVh47EKH9VLresRqiYi9txw,Mili,608668101,1010000,117
2025-11-27 15:32:38,UChUjERVG8eKEAJSCef-tTmg,k4sen / かせん,718644367,1020000,3063
2025-11-27 15:32:38,UC0ux2IFOXkj6ifQ4aSs9l7Q,大月【おおつき】,14796820,17500,1219
2025-11-27 15:32:38,UCeuNlK0yX-6_4930q0JUGNw,白瀬,414452121,183000,2094
2025-11-27 15:32:38,UCp_Az_oKu8-J5qIQpF35JbA,やわらちゃんねる,193005093,279000,862
2025-11-27 15:32:38,UCooVYzDxdwTtGYAkcPmOgOw,Brawl Stars,4006370981,23200000,370
2025-11-27 15:32:38,UClqWF_XeXy469i4KDurpjWw,Yukopi,13448,2,1
2025-11-27 15:32:38,UCL7VEatXa9yBCKeM-ww8TnA,NX☆くさあん,208577725,238000,3563
2025-11-27 15:32:38,UC8_Ag6BVp43Vmrx6eillK9g,Vaundy - Topic,909879734,2190,110
2025-11-27 15:32:38,UCtyXllCXnTAg4rjfI3UwIgA,しょうちゃんネル,301544555,138000,1547
2025-11-27 15:32:38,UCwF6o6cF7BMTY1-OZ7ZUY7Q,フォートナイト 公式,270974311,410000,586
2025-11-27 15:32:38,UC3NrSfe_yR5XX9zGFxYoV1Q,HIRAIDAI - Topic,281407124,3400,415
2025-11-27 15:32:38,UCtPyU9cJgvvgH03PQKgaucA,ファミ通TUBE,183082460,208000,8153
2025-11-27 15:32:38,UCzRzPAT-AjlPyec5yXG974g,カワノKawano,208293143,184000,1322
2025-11-27 15:32:38,UCMF_5h2OejEhVorTB02UUSg,MAZZEL,243792578,285000,721
2025-11-27 15:32:38,UCx-QS9BIo_L_lx5dkpys1qw,ねこまんまのパチ•チャンネル,8057185,14300,169
2025-11-27 15:32:38,UC3J-txytRWiRtNXrLS95eEw,ASIAN KUNG-FU GENERATION Official YouTube Channel,608265861,788000,282
2025-11-27 15:32:38,UCspv01oxUFf_MTSipURRhkA,Kanae Channel,785693510,1510000,4292
2025-11-27 15:32:38,UC_ntXHv-XdKCD7CPynVvnQw,Bandai Namco Entertainment America,615627915,1460000,3570
2025-11-27 03:49:32,UCOfESRUR5duQ2hMnTQ4oqhA,BUMP OF CHICKEN,1637208579,1590000,165
2025-11-27 03:49:32,UCJnL-TBcsYrF2SLs7tmiC8Q,tripleS official,697072588,2880000,3056
2025-11-27 03:49:32,UCkVvAm5jb62IMIJQj4wPVGA,TMSアニメ公式チャンネル,379265333,898000,1146
2025-11-27 03:49:32,UCy9GuRXGTm8TliQ-OJ7KwzA,【V.I.P】,978506983,979000,2495
2025-11-27 03:49:32,UC3IZKseVpdzPSBaWxBxundA,HYBE LABELS,42525965792,79100000,2930
2025-11-27 03:49:32,UCBA-kvU_zYdKreZbhhywX2Q,あいずちゃんねる,147762219,57400,803
2025-11-27 03:49:32,UCc-itdQHxLvUlPrDxIiSJrA,INI,748068954,653000,1268
2025-11-27 03:49:32,UC9zY_E8mcAo_Oq772LEZq8Q,THE FIRST TAKE,6261501950,11500000,1529
2025-11-27 03:49:32,UCpGpA7mSYmNJjLiJxKso5QA,しもふりチューブ,1783234955,2160000,3021
2025-11-27 03:49:32,UCjJmYy279ehSYSwR1A3fXtA,マグロヘッド,393970578,735000,1753
2025-11-27 03:49:32,UCmovZ2th3Sqpd00F5RdeigQ,加賀美 ハヤト/Hayato Kagami,332409391,921000,1522
2025-11-27 03:49:32,UCHzevlEL9JfsBIm86uNCJqg,宮野真守,78718653,449000,329
2025-11-27 03:49:32,UCdMGYXL38w6htx6Yf9YJa-w,プロジェクトセカイ カラフルステージ! feat. 初音ミク,2003481748,2060000,1907
2025-11-27 03:49:32,UChn5TjkeEqd-JxzizMVSkOw,ハヤトの野望,1035273674,1510000,2417
2025-11-27 03:49:32,UC3J-txytRWiRtNXrLS95eEw,ASIAN KUNG-FU GENERATION Official YouTube Channel,608265861,788000,282
2025-11-27 03:49:32,UCs8nP5mUR3pwJmgixsul8Hw,Saucy Dog,503080790,860000,121
2025-11-27 03:49:32,UCXEo7JprZQGCPkezcZylHlQ,黒炭酸,152370607,202000,1757
2025-11-27 03:49:32,UC8rk-fIWJXYlSF8tkfG9wWg,天色鮫,66592457,192000,132
2025-11-27 03:49:32,UCMGvmEqkVbl372DCyn3NLAw,【吹いたら負け】葛葉先生のしくじり【切り抜き】,180555446,136000,978
2025-11-27 03:49:32,UChVflUz2J_jaaqYjXqvpmQA,iLiFE!【あいらいふ】,246311299,485000,533
2025-11-27 03:49:32,UCrKna8EQAd7NPRYq-gIsuow,ホロライ部【ホロライブ切り抜き】,70059191,37800,614
2025-11-27 03:49:32,UCB_qr75-ydFVKSF9Dmo6izg,FORMULA 1,8868120810,13700000,9407
2025-11-27 03:49:32,UCof7dOTnyxaidkKkcIFuflQ,Mone Kamishiraishi - Topic,26335972,326,123
2025-11-27 03:49:32,UC_ntXHv-XdKCD7CPynVvnQw,Bandai Namco Entertainment America,615539104,1460000,3568
2025-11-27 03:49:32,UCvaTdHTWBGv3MKj3KVqJVCw,Okayu Ch. 猫又おかゆ,626491070,2060000,1592
2025-11-27 03:49:32,UCBhPDpv9JavoPADrZcsAC2A,あらき-ARAKI Official,320679686,489000,260
2025-11-27 03:49:32,UCZ1xuCK1kNmn5RzPYIZop3w,リゼ・ヘルエスタ -Lize Helesta-,299263684,957000,1090
2025-11-27 03:49:32,UCYLp2FLXcqLUZhvrCxQmNIA,胡桃沢りりか,41002456,100000,2571
2025-11-27 03:49:32,UC3ruCdV7xnwAbpkW9tQq-6A,のーわん【NoOnE】,419227849,409000,1206
2025-11-27 03:49:32,UCZwcUEEjD8RVzB-TAw1ts3g,Eden - Topic,4247351,1740,38
2025-11-27 03:49:32,UC3NrSfe_yR5XX9zGFxYoV1Q,HIRAIDAI - Topic,281321781,3400,415
2025-11-27 03:49:32,UCPVr7clenPjpD7WNsSI3UBQ,レトルト,2878966659,2590000,3850
2025-11-27 03:49:32,UCZMRuagdTBKmmrFtSMN48Xw,牛沢,2665237130,1800000,3740
2025-11-27 03:49:32,UCylNKKCfPMm8ROXasQWTonA,響咲リオナの足,3252151,6960,124
2025-11-27 03:49:32,UCMR5xpbhv3jzIQG1TOTg-Jg,B'z - Topic,290447628,3870,678
2025-11-27 03:49:32,UC-ifW8mHzfsZVGHY8vxqrjA,A.B.C-Z,59464169,54600,437
2025-11-27 03:49:32,UC-hM6YJuNYVAmUWxeIr9FeA,Miko Ch. さくらみこ,889625882,2460000,2043
2025-11-27 03:49:32,UCEf_Bc-KVd7onSeifS3py9g,SMTOWN,32604384233,33500000,4641
2025-11-27 03:49:32,UCOjkVJQcjtWnpf0-1ft4brA,ゆっくりむちゃたぬき,210112850,352000,423
2025-11-27 03:49:32,UCYA14rrNjvQq_P_YSNeJHgA,スロライブ,89912824,46500,895
2025-11-27 03:49:32,UC1DCedRgGHBdm81E1llLhOQ,Pekora Ch. 兎田ぺこら,1012567289,2740000,2343
2025-11-27 03:49:32,UCtyXllCXnTAg4rjfI3UwIgA,しょうちゃんネル,300738637,138000,1547
2025-11-27 03:49:32,UCMzLWawc9x3rUsqYDEfgqzA,ジャック・オ・蘭たん,712569541,648000,1888
2025-11-27 03:49:32,UCcg_rvE-fU2tATMwBAxW9bA,ヤングスキニー,149492671,238000,603
2025-11-27 03:49:32,UC6FadPgGviUcq6VQ0CEJqdQ,Juice=Juice,163770158,250000,280
2025-11-27 03:49:32,UCEfbtVOJgicdHjs5HzOzJlA,ぱち・スロ部,3670936,1770,303
2025-11-27 03:49:32,UCfipDDn7wY-C-SoUChgxCQQ,葉山舞鈴 / Ohayama Ch.,88056806,599000,1339
2025-11-27 03:49:32,UC5nxCVEWQLLfkPuMylpkYkA,ロス,123613887,487000,68
2025-11-27 03:49:32,UCRDJ3DN-6ND_a4LSJ35L91A,立川ちゃんねる,106517662,107000,639
2025-11-27 03:49:32,UC-_iQWdEZY66nGGaHH0Ygmg,僕が見たかった青空,52805973,122000,498
2025-11-27 03:49:32,UCNVIo0UJXTdEnsRkCB9Q03w,ILLIT - Topic,564492320,57700,59
2025-11-27 03:49:32,UCMJiPpN_09F0aWpQrgbc_qg,キヨ。,6531537929,5480000,3083
2025-11-27 03:49:32,UCmnZL4tFRl4sm-uJOxTLHmg,今日ポケch.,985785109,569000,1304
2025-11-27 03:49:32,UCjcYYjM16TFOPXDjWgzHiHA,超覚醒てえんだ「スロパチ生放送」,87303765,140000,571
2025-11-27 03:49:32,UC14QT5j2nQI8lKBCGtrrBQA,アニプレックス チャンネル,4305419674,3720000,15436
2025-11-27 03:49:32,UC_DopZ9OANqNGho0wFwADqA,けいちゃん / Keichan,502697517,1270000,606
2025-11-27 03:49:32,UC8_Ag6BVp43Vmrx6eillK9g,Vaundy - Topic,909410799,2190,110
2025-11-27 03:49:32,UCILZFnKZJksR7zwhZbAB4vw,れじぇくん,1503150752,1170000,1428
2025-11-27 03:49:32,UCAaGaynFpku5cAx6OOSrW-w,HoneyWorks OFFICIAL,1601855248,2850000,550
2025-11-27 03:49:32,UCyTaStlK0neSuKveYOIioaw,ぐんぐにるチャンネル,275072390,426000,447
2025-11-27 03:49:32,UCS57xc1Bf-znC9_ouCc3SZw,佐野元春 - DaisyMusic,50511392,77700,163
2025-11-27 03:49:32,UCHp2q2i85qt_9nn2H7AvGOw,NiziU Official,1563277157,2290000,2504
2025-11-27 03:49:32,UCxWcO9CLti4uouUIS5IIF-Q,Nornis,59019055,228000,110
2025-11-27 03:49:32,UChhKBlh_wvspTh5n4mL0b5g,BOYNEXTDOOR,1166800131,2060000,2200
2025-11-27 03:49:32,UCHazKLThRbMyMFu2bVAKhng,ウォーターチャレンジ,3130243899,3150000,2181
2025-11-27 03:49:32,UCv2ejD5B1xOYtGB2cf80B8g,Netflix Japan,1982053787,2300000,7759
2025-11-27 03:49:32,UCu3kfiUaK7MmkQ40omEpGyQ,ナナ色チャンネル,4617009,8320,83
2025-11-27 03:49:32,UC8Qwnts13zIh2EYUCau6m3w,ONE N' ONLY TV,112267072,214000,794
2025-11-27 03:49:32,UCX7YkU9nEeaoZbkVLVajcMg,にじさんじ,1071857867,1870000,2823
2025-11-27 03:49:32,UCLkAepWjdylmXSltofFvsYQ,BANGTANTV,26052132409,81700000,2935
2025-11-27 03:49:32,UCx-QS9BIo_L_lx5dkpys1qw,ねこまんまのパチ•チャンネル,7980136,14300,168
2025-11-27 03:49:32,UCGc93NguHRwzv1Rw9MyIcxQ,鳴潮 (Wuthering Waves)公式,103289027,345000,465
2025-11-27 03:49:32,UC1DqlLj1onQhBfxW81OgQTw,GLAY,732544767,541000,884
2025-11-27 03:49:32,UC0ux2IFOXkj6ifQ4aSs9l7Q,大月【おおつき】,14755460,17400,1218
2025-11-27 03:49:32,UC7aYDbAOIKIMt25ENfJ68Qw,ルカ,118706200,120000,2126
2025-11-27 03:49:32,UCtKBQ2BYD76GiJvcpZOBorg,えいま,11412217,13500,346
2025-11-27 03:49:32,UCqMRVBz-hhSFRuqlL1guqig,あひるだっく,52092416,128000,89
2025-11-27 03:49:32,UCFQu6Q-9LAS3KoEuRDNkzGA, ニート部,659051656,680000,3213
2025-11-27 03:49:32,UCYe_uTI6X6mm9qaXm8iWFDg,ノッチ配信者パチンコライブ,268791622,125000,2727
2025-11-27 03:49:32,UC4YT50DP7hbMsor8FmyEPMw,Victor Entertainment,1489698608,1070000,4972
2025-11-27 03:49:32,UCUW6U6iOrntB0jw6-AbQo8g,RED Games,250478782,209000,3569
2025-11-27 03:49:32,UCp_Az_oKu8-J5qIQpF35JbA,やわらちゃんねる,192967438,279000,862
2025-11-27 03:49:32,UCcz2Y1yhR42UxbFwvPFGCmA,きっしー助六ちゃんねる,75804570,61500,940
2025-11-27 03:49:32,UCXURHJRGr4-EB3l87kcbElw,NCT DREAM,2300999800,7000000,1314
2025-11-27 03:49:32,UCqeAYB1DMzfM-hG-Up52yNQ,つるおかかものはし,371359176,387000,3610
2025-11-27 03:49:32,UC__iCxFigPdcry_UBv6sDGw,IO,16308497,38200,13
2025-11-27 03:49:32,UCzXjPL7zo0bxhOYDxLJ9YEg,ポッキー,4096874901,3750000,4360
2025-11-27 03:49:32,UCVh47EKH9VLresRqiYi9txw,Mili,608668101,1010000,117
2025-11-27 03:49:32,UChUjERVG8eKEAJSCef-tTmg,k4sen / かせん,718133831,1020000,3063
2025-11-27 03:49:32,UCkKj-SiKyiFkj_dO1vmY3gA,加藤純一RECORDS,5240810,29200,82
2025-11-27 03:49:32,UCdCC1L_OxLrkoEjR19iXpRw,パチスロードch,135958194,75700,815
2025-11-27 03:49:32,UCKU0SVkIPRqwiZaXJ9rXhdw,シュート。,216524805,256000,2334
2025-11-27 03:49:32,UCy0DH4rgPPjDWVZO7wibcSQ,めめんともり,351780904,335000,468
2025-11-27 03:49:32,UCDwcZ85zjLKD-3-jqlv1wQQ,アンジュルム,213864061,229000,370
2025-11-27 03:49:32,UCj4PjeVMnNTHIR5EeoNKPAw,ドズル社,4902232621,2570000,10212
2025-11-27 03:49:32,UCPJCP_fon2mOMfibbBPUOYw,SAWAYAN GAMES / サワヤン ゲームズ,1299022989,2070000,3417
2025-11-27 03:49:32,UCpT4syVopfBl2bATVfAt65g,澤野弘之 / SawanoHiroyuki[nZk],51700285,3980,22
2025-11-27 03:49:32,UCtiObj3CsEAdNU6ZPWDsddQ,TOMORROW X TOGETHER OFFICIAL,3494513829,13100000,3041
2025-11-27 03:49:32,UCoQhX2O93MVTWfgIz-8wOmg,KUNの50人クラフト,465752151,543000,1048
2025-11-27 03:49:32,UCzRzPAT-AjlPyec5yXG974g,カワノKawano,208043598,184000,1322
2025-11-27 03:49:32,UCLrYavXppY_4oRfquHk9VQg,HAGANE,14455474,74900,142
2025-11-27 03:49:32,UCENwRMx5Yh42zWpzURebzTw,Laplus ch. ラプラス・ダークネス - holoX -,399675087,1450000,917
2025-11-27 03:49:32,UC6H_7uSepAzrlayBjAb9rrg,WurtS - Topic,69060265,698,82
2025-11-27 03:49:32,UCu2Fxqf37DAZ0ZhIsd1FZwA,Capcom Fighters JP,262400008,257000,3907
2025-11-27 03:49:32,UCYXmyrGUVL8tX7VEvo_DjPw,シャル@ツモらせ隊,83246778,178000,900
2025-11-27 03:49:32,UCGjV4bsC43On-YuiLZcfL0w,KUN,3389035363,1660000,11232
2025-11-27 03:49:32,UCqQNCRSihFHVsXrDikNeYSg,げまじょが好き【にじさんじEXゲマズ切り抜き】,4562810,2350,118
2025-11-27 03:49:32,UCeA0fcfLVewbuD7H5YsrpdA,ライキジョーンズ,118818550,146000,3390
2025-11-27 03:49:32,UCFvSFbT8okMrpuFxBEIB2lg,M!LK,89927468,10400,243
2025-11-27 03:49:32,UCSFCh5NL4qXrAy9u-u2lX3g,Kuzuha Channel,1426871249,2100000,2820
2025-11-27 03:49:32,UCHD1jo5RhijLfx5-0Ehe_cg,&TEAM,466813545,1320000,1408
2025-11-27 03:49:32,UCvzGlP9oQwU--Y0r9id_jnA,Subaru Ch. 大空スバル,581212274,1950000,1895
2025-11-27 03:49:32,UCfkXDY7vwkcJ8ddFGz8KusA,SEVENTEEN,7797609294,16200000,3277
2025-11-27 03:49:32,UC_vMYWcDjmfdpH6r4TTn1MQ,Iroha ch. 風真いろは - holoX -,262964239,1130000,1053
2025-11-27 03:49:32,UCqKNMJ5s_vsf7WkesdBrvQA,IS:SUE,87680204,221000,769
2025-11-27 03:49:32,UCtceiniicYEsbAVuWy-Bi0Q,ドラゴンクエストウォーク公式,50338847,181000,160
2025-11-27 03:49:32,UCdPCarwi28K5Z7s5l2nMiLw,Uru Official YouTube Channel,901097541,1180000,296
2025-11-27 03:49:32,UCM3yhFc0-fBFuvqx1Vg2YNQ,まいぜんシスターズ,7171218264,3180000,1860
2025-11-27 03:49:32,UCFuugQScqDfJcsOEWbL1_tg,Gero Channel,209118582,551000,166
2025-11-27 03:49:32,UClNdVSK1uy2xFHTaXZYXopw,らっだぁ,1818594075,1450000,2341
2025-11-27 03:49:32,UC070fhnqq38qNhqHm5rxTcQ,令和ちゃんねる,428434108,506000,3627
2025-11-27 03:49:32,UCdkVEDVAW5aFmA-Mkz0lAFQ,ひたまゆ。,466569140,410000,2793
2025-11-27 03:49:32,UCL7VEatXa9yBCKeM-ww8TnA,NX☆くさあん,208509168,238000,3563
2025-11-27 03:49:32,UCN7_YMtKaUiizHpw77XLVcw,EXILE,188549954,14800,308
2025-11-27 03:49:32,UC7wu64jFsV02bbu6UHUd7JA,ガンダムチャンネル,412502039,1670000,1654
2025-11-27 03:49:32,UCXeTnWiRoifoHHEzSyR5Ogg,パチンコ・パチスロ必勝ガイドチャンネル,52764469,86300,1324
2025-11-27 03:49:32,UCaO6TYtlC8U5ttz62hTrZgg,JYP Entertainment,26024673774,31500000,2639
2025-11-27 03:49:32,UCZVVCZwOpCbDXB84SDqWixQ,Lil Shady,56319498,284000,97
2025-11-27 03:49:32,UCDhOdoqPxv96djR3tSq9NoA,ショコラ大佐の秘密基地,148514604,138000,1746
2025-11-27 03:49:32,UCpYHkc4rzWEW7iVXIyxQebA,Hey! Say! JUMP - Topic,58891636,5080,738
2025-11-27 03:49:32,UCXqWKjzm2YMH6Bs7rAmsKFw,福本大晴,7386640,89600,145
2025-11-27 03:49:32,UCx1nAvtVDIsaGmCMSe8ofsQ,加藤純一【jun channel】,1137353557,1280000,1834
2025-11-27 03:49:32,UCHvFSU5OP6c7QcJxIr87YtA,ウタエル Utael,446316043,582000,903
2025-11-27 03:49:32,UCv7VutirxDn3RWIJXI68n_A,＝LOVE（イコールラブ）公式チャンネル,466225819,556000,474
2025-11-27 03:49:32,UCeK22JmzkTMa69kZU9NEqsA,めじの【Vtuber応援隊】,31854678,15100,538
2025-11-27 03:49:32,UC8eq3M3Yft3FUgxEX6lOZMg,chotokkyu - Topic,35801881,577,486
2025-11-27 03:49:32,UCBuLdF0tQn5oZjpvYWSQkaA,Liura Channel,92182018,206000,375
2025-11-27 03:49:32,UC9rMiEjNaCSsebs31MRDCRA,Stray Kids,9673395528,22200000,1879
2025-11-27 03:49:32,UCwJYQvXHtNn1c7RqED4E7MA,パンダドラゴン,44018394,92300,533
2025-11-27 03:49:32,UCiZqWVAeChfqlom5ZPR3ZJA,NCT WISH,630033332,1140000,1125
2025-11-27 03:49:32,UCH-lygWpHodDff3iQurnWnQ,加藤純一切り抜き集,1719047989,580000,5439
2025-11-27 03:49:32,UC1FQWQ3y3-e8l1pCtWhJt5A,Vaundy,2295815134,2430000,226
2025-11-27 03:49:32,UCDbUUremwf8k1x1GTYfB1Ng,ニート部クラフト,20408585,97200,125
2025-11-27 03:49:32,UCJy7zfLsKBXoo2soFMum7JQ,あかさかの箱,1290432566,2620000,2688
2025-11-27 03:49:32,UC2NujFa5X09CdV0YCntmQDg,板橋ハウス,904835559,752000,2029
2025-11-27 03:49:32,UCMF_5h2OejEhVorTB02UUSg,MAZZEL,243792578,284000,721
2025-11-27 03:49:32,UCvo8JUqHh2d1QGnK3LKyI4Q,ポケモンユナイト公式チャンネル,31957122,139000,467
2025-11-27 03:49:32,UCtwTCZuQkTIwUf5m9mlZnOQ,Release - Topic,15655,46,7
2025-11-27 03:49:32,UCZetZElUvdElPrcstRjl9DA,加藤純一ロードショー,413351485,509000,982
2025-11-27 03:49:32,UCtPyU9cJgvvgH03PQKgaucA,ファミ通TUBE,183049444,208000,8153
2025-11-27 03:49:32,UCOVLrBaOiMH5QDKXTycZ8Pw,やっちゃんの崖っぷちスロパチ生活,698795746,326000,5204
2025-11-27 03:49:32,UCH4yRBPH2pDUjPeqomx8CTQ,てるとくん,548470164,1330000,1894
2025-11-27 03:49:32,UCUzpZpX2wRYOk3J8QTFGxDg,乃木坂46 OFFICIAL YouTube CHANNEL,1610447858,1730000,1168
2025-11-27 03:49:32,UCc-PPk-lNe34JaWCcJQCL0g,ドコムスチャンネル,540983918,593000,2023
2025-11-27 03:49:32,UCHghNZNbV-CPbb_f3FslObw,がんばるぴえんちゃんパチンコ日記,80359809,100000,1532
2025-11-27 03:49:32,UCdn5BQ06XqgXoAxIhbqw5Rg,フブキCh。白上フブキ,710674501,2640000,2968
2025-11-27 03:49:32,UCkv76wCrBDQNn7ctcbn6Qeg,Nissy - Topic,93321454,26400,192
2025-11-27 03:49:32,UCC4xWbcBVn-tHgchhrdmFpg,Jinmenusagi,9965654,32700,80
2025-11-27 03:49:32,UC9qSqkNFiByKzzoxT3Cydyw,Aiobahn,28114924,90100,14
2025-11-27 03:49:32,UCWvr04hMa4k4wSilYcQ4qoA,キャベツの人【ゲーム紹介】,253195350,418000,973
2025-11-27 03:49:32,UCdVD0MsYecQaIE5Ru-pOIQQ,RIIZE,1015326967,1870000,1382
2025-11-27 03:49:32,UCxIK6x6sG7Ln5vjjPYpgeAw,Chogakusei Official,674277867,1010000,564
2025-11-27 03:49:32,UC6SmH9mR82nj28_NNg_rZvA,スクウェア・エニックス,1173185129,1090000,10984
2025-11-27 03:49:32,UCooVYzDxdwTtGYAkcPmOgOw,Brawl Stars,4004541024,23200000,370
2025-11-27 03:49:32,UC5vqbtNnbOF2h7A_xlrIPUw,ぽっぴんず,916718072,630000,1053
2025-11-27 03:49:32,UCENoC6MLc4pL-vehJyzSWmg,もこうの実況,1736272748,1600000,5787
2025-11-27 03:49:32,UCAWxPGGuIfWME2KTLUmSCHw,ぱかチューブっ!【ウマ娘公式】,516010480,1310000,1287
2025-11-27 03:49:32,UCOTR1tcOAhjgi6YukrPpZxg,まふまふちゃんねる,2481479816,3610000,511
2025-11-27 03:49:32,UCdszfKemUn36sOEplfkiGVQ,GPV LABEL,3010003,5360,90
2025-11-27 03:49:32,UCgmFrRcyH7d1zR9sIVQhFow,ローレン・イロアス / Lauren Iroas【にじさんじ】,396892908,953000,1049
2025-11-27 03:49:32,UCOx-oLP9tOhiYwSK_m-yVxA,オモコロチャンネル,618321757,473000,1144
2025-11-27 03:49:32,UCOXOcEbERAwGlE4ig9MaLSQ,夜勤明けパチンコパチスロ実践記,275621078,166000,1623
2025-11-27 03:49:32,UC15ebOqdhmvl1eb0s0jk5aw,戦極MCBATTLE,1332572110,847000,5383
2025-11-27 03:49:32,UCHVkYOT63gAz5yTxjo68_Ng,家スロットゲームパンダ’s ROOM@琉球🐼🪸,1218125,1680,76
2025-11-27 03:49:32,UC3VId8brfshtHO6gMMqnZ5A,FLOW GLOW - Topic,380802,2190,5
2025-11-27 03:49:32,UC56x--_QtyaWD1QptYrPMqA,刀剣乱舞 公式チャンネル,9539808,131000,116
2025-11-27 03:49:32,UCIJAlAYCNN8RACtDDsy9K6g,Novelbright,652756465,733000,319
2025-11-27 03:49:32,UC6qVAJzxF5kSN_UUFSdODiQ,MAZZEL - Topic,19327931,8260,57
2025-11-27 03:49:32,UCt09C9DPSuOGpHoitbcyCIQ,ゼンレスゾーンゼロ-ZZZ-公式,229813205,754000,429
2025-11-27 03:49:32,UCCzUftO8KOVkV4wQG1vkUvg,Marine Ch. 宝鐘マリン,2033880549,4260000,1560
2025-11-27 03:49:32,UC9Lx-zRFGfpuls27tNAOIqA,マエスケ,1542232163,1830000,1138
2025-11-27 03:49:32,UCrQUlOEbu-0T0l4DAcBEeIg,pizzaofdeathofficial,408137708,332000,372
2025-11-27 03:49:32,UCeTo4Eh0TzpKbUL4vGQZ73A,LEX *,4529834,1280,14
2025-11-28 06:18:07,UCZVVCZwOpCbDXB84SDqWixQ,Lil Shady,56319498,284000,97
2025-11-28 06:18:07,UCOfESRUR5duQ2hMnTQ4oqhA,BUMP OF CHICKEN,1637208579,1590000,165
2025-11-28 06:18:07,UCeK22JmzkTMa69kZU9NEqsA,めじの【Vtuber応援隊】,31953282,15100,540
2025-11-28 06:18:07,UCYe_uTI6X6mm9qaXm8iWFDg,ノッチ配信者パチンコライブ,269135751,125000,2728
2025-11-28 06:18:07,UCMF_5h2OejEhVorTB02UUSg,MAZZEL,243792578,286000,722
2025-11-28 06:18:07,UCu2Fxqf37DAZ0ZhIsd1FZwA,Capcom Fighters JP,263206267,257000,3909
2025-11-28 06:18:07,UCdPCarwi28K5Z7s5l2nMiLw,Uru Official YouTube Channel,901097541,1180000,296
2025-11-28 06:18:07,UCHvFSU5OP6c7QcJxIr87YtA,ウタエル Utael,446481570,582000,903
2025-11-28 06:18:07,UCdn5BQ06XqgXoAxIhbqw5Rg,フブキCh。白上フブキ,711027577,2640000,2969
2025-11-28 06:18:07,UCPJCP_fon2mOMfibbBPUOYw,SAWAYAN GAMES / サワヤン ゲームズ,1299417555,2070000,3418
2025-11-28 06:18:07,UCof7dOTnyxaidkKkcIFuflQ,Mone Kamishiraishi - Topic,26428223,326,123
2025-11-28 06:18:07,UCBLGjbYv6-xxju1i44RjnnA,明透 -ᴀsᴜ-,132564670,625000,494
2025-11-28 06:18:07,UC_ntXHv-XdKCD7CPynVvnQw,Bandai Namco Entertainment America,615703805,1460000,3570
2025-11-28 06:18:07,UCkv76wCrBDQNn7ctcbn6Qeg,Nissy - Topic,93482979,26400,192
2025-11-28 06:18:07,UCtPyU9cJgvvgH03PQKgaucA,ファミ通TUBE,183092580,208000,8154
2025-11-28 06:18:07,UCcmLTYWn2bI5GwNVSP1bl4Q,バッチコイなみちょ,15134761,17400,648
2025-11-28 06:18:07,UCfipDDn7wY-C-SoUChgxCQQ,葉山舞鈴 / Ohayama Ch.,88127302,600000,1342
2025-11-28 06:18:07,UCia0Mw96B-yNYRka1J_mAsQ,HikacGamesヒカックゲームズ,640505295,660000,5204
2025-11-28 06:18:07,UC4YT50DP7hbMsor8FmyEPMw,Victor Entertainment,1490097112,1070000,4975
2025-11-28 06:18:07,UCTEQRq53fm5tw-3vJ1HLUCw,MAY'S - Topic,4428275,710,309
2025-11-28 06:18:07,UCFvSFbT8okMrpuFxBEIB2lg,M!LK,90553892,10400,243
2025-11-28 06:18:07,UCUzpZpX2wRYOk3J8QTFGxDg,乃木坂46 OFFICIAL YouTube CHANNEL,1610447858,1730000,1168
2025-11-28 06:18:07,UCpYHkc4rzWEW7iVXIyxQebA,Hey! Say! JUMP - Topic,59024860,5080,738
2025-11-28 06:18:07,UCv2ejD5B1xOYtGB2cf80B8g,Netflix Japan,1983627665,2310000,7766
2025-11-28 06:18:07,UCKsVfYfguU3s5vMO5yhcWdw,STARGLOW Official,23413198,2770,49
2025-11-28 06:18:07,UCeuNlK0yX-6_4930q0JUGNw,白瀬,414566759,183000,2094
2025-11-28 06:18:07,UCl_HfKfmxefUAVHPyJu0aCg,シュガーの宝舟,80220296,84300,1358
2025-11-28 06:18:07,UCtwTCZuQkTIwUf5m9mlZnOQ,Release - Topic,33591,52,7
2025-11-28 06:18:07,UCDwcZ85zjLKD-3-jqlv1wQQ,アンジュルム,213864061,229000,374
2025-11-28 06:18:07,UCspv01oxUFf_MTSipURRhkA,Kanae Channel,785965724,1510000,4293
2025-11-28 06:18:07,UC1DCedRgGHBdm81E1llLhOQ,Pekora Ch. 兎田ぺこら,1013000469,2740000,2345
2025-11-28 06:18:07,UC-hM6YJuNYVAmUWxeIr9FeA,Miko Ch. さくらみこ,898573579,2460000,2043
2025-11-28 06:18:07,UCYXmyrGUVL8tX7VEvo_DjPw,シャル@ツモらせ隊,83417780,178000,901
2025-11-28 06:18:07,UC56x--_QtyaWD1QptYrPMqA,刀剣乱舞 公式チャンネル,9571480,131000,116
2025-11-28 06:18:07,UClqWF_XeXy469i4KDurpjWw,Yukopi,18054,2,1
2025-11-28 06:18:07,UCGjV4bsC43On-YuiLZcfL0w,KUN,3389428817,1660000,11233
2025-11-28 06:18:07,UCKU0SVkIPRqwiZaXJ9rXhdw,シュート。,216576858,256000,2338
2025-11-28 06:18:07,UCNVIo0UJXTdEnsRkCB9Q03w,ILLIT - Topic,565875683,57700,59
2025-11-28 06:18:07,UCBA-kvU_zYdKreZbhhywX2Q,あいずちゃんねる,147864213,57400,804
2025-11-28 06:18:07,UCtKBQ2BYD76GiJvcpZOBorg,えいま,11417074,13500,346
2025-11-28 06:18:07,UCeTo4Eh0TzpKbUL4vGQZ73A,LEX *,4622534,1280,14
2025-11-28 06:18:07,UCrKna8EQAd7NPRYq-gIsuow,ホロライ部【ホロライブ切り抜き】,70256158,37900,614
2025-11-28 06:18:07,UC3PFoXZPFJGy9F4PG84nNQQ,Soala - Topic,29245822,4820,84
2025-11-28 06:18:07,UCgmFrRcyH7d1zR9sIVQhFow,ローレン・イロアス / Lauren Iroas【にじさんじ】,397260425,954000,1050
2025-11-28 06:18:07,UCBuLdF0tQn5oZjpvYWSQkaA,Liura Channel,92291309,206000,378
2025-11-28 06:18:07,UCsoW5-5KCPFAZwfGU-POUvA,まじめにヤバシティ,61636831,390000,306
2025-11-28 06:18:07,UCwF6o6cF7BMTY1-OZ7ZUY7Q,フォートナイト 公式,271008439,411000,586
2025-11-28 06:18:07,UCpGpA7mSYmNJjLiJxKso5QA,しもふりチューブ,1783660691,2160000,3023
2025-11-28 06:18:07,UCYLp2FLXcqLUZhvrCxQmNIA,胡桃沢りりか,41082046,100000,2573
2025-11-28 06:18:07,UC5nxCVEWQLLfkPuMylpkYkA,ロス,123613887,487000,68
2025-11-28 06:18:07,UCdVD0MsYecQaIE5Ru-pOIQQ,RIIZE,1025713566,1870000,1387
2025-11-28 06:18:07,UCMJiPpN_09F0aWpQrgbc_qg,キヨ。,6533135245,5490000,3083
2025-11-28 06:18:07,UCYA14rrNjvQq_P_YSNeJHgA,スロライブ,90048209,46500,896
2025-11-28 06:18:07,UCqq-ovGE01ErlXakPihhKDA,1theK Originals - 원더케이 오리지널,2010488974,2510000,3586
2025-11-28 06:18:07,UCUbAVVpHteGtGQPPN9lM3oQ,ホロライブ切り抜き/なめたけ,572453900,339000,2104
2025-11-28 06:18:07,UCdszfKemUn36sOEplfkiGVQ,GPV LABEL,3048201,5430,91
2025-11-28 06:18:07,UCAVR6Q0YgYa8xwz8rdg9Mrg,原神-Genshin-公式,784190206,2100000,2022
2025-11-28 06:18:07,UC-UxhoAxlq57uZ8BA0b1Jyw,FPS切り抜きボット【ローレン・イロアス】,156796425,119000,1405
2025-11-28 06:18:07,UCkVvAm5jb62IMIJQj4wPVGA,TMSアニメ公式チャンネル,379675672,898000,1147
2025-11-28 06:18:07,UCC4xWbcBVn-tHgchhrdmFpg,Jinmenusagi,10080853,32800,81
2025-11-28 06:18:07,UCs8nP5mUR3pwJmgixsul8Hw,Saucy Dog,503080790,860000,120
2025-11-28 06:18:07,UCcg_rvE-fU2tATMwBAxW9bA,ヤングスキニー,149492671,239000,605
2025-11-28 06:18:07,UCmnZL4tFRl4sm-uJOxTLHmg,今日ポケch.,987062219,570000,1305
2025-11-28 06:18:07,UCHghNZNbV-CPbb_f3FslObw,がんばるぴえんちゃんパチンコ日記,80552064,100000,1534
2025-11-28 06:18:07,UCH-lygWpHodDff3iQurnWnQ,加藤純一切り抜き集,1719397232,580000,5441
2025-11-28 06:18:07,UCc-PPk-lNe34JaWCcJQCL0g,ドコムスチャンネル,541441980,594000,2024
2025-11-28 06:18:07,UCkKj-SiKyiFkj_dO1vmY3gA,加藤純一RECORDS,5280513,29300,82
2025-11-28 06:18:07,UCwJYQvXHtNn1c7RqED4E7MA,パンダドラゴン,44018394,92300,533
2025-11-28 06:18:07,UC0wuDDYK-QTwneeZ6x6pPbw,777パチガブチャンネル,345356381,432000,2938
2025-11-28 06:18:07,UCZ1xuCK1kNmn5RzPYIZop3w,リゼ・ヘルエスタ -Lize Helesta-,299371442,957000,1090
2025-11-28 06:18:07,UC6H_7uSepAzrlayBjAb9rrg,WurtS - Topic,69151593,698,82
2025-11-28 06:18:07,UC9qSqkNFiByKzzoxT3Cydyw,Aiobahn,28242135,90100,14
2025-11-28 06:18:07,UCN7_YMtKaUiizHpw77XLVcw,EXILE,188703738,14800,312
2025-11-28 06:18:07,UCx-QS9BIo_L_lx5dkpys1qw,ねこまんまのパチ•チャンネル,8139345,14300,170
2025-11-28 06:18:07,UChhKBlh_wvspTh5n4mL0b5g,BOYNEXTDOOR,1166800131,2070000,2201
2025-11-28 06:18:07,UCMzLWawc9x3rUsqYDEfgqzA,ジャック・オ・蘭たん,713106242,649000,1888
2025-11-28 06:18:07,UCt09C9DPSuOGpHoitbcyCIQ,ゼンレスゾーンゼロ-ZZZ-公式,230329014,754000,430
2025-11-28 06:18:07,UCHD1jo5RhijLfx5-0Ehe_cg,&TEAM,466813545,1320000,1412
2025-11-28 06:18:07,UCylNKKCfPMm8ROXasQWTonA,響咲リオナの足,3368472,7190,129
2025-11-28 06:18:07,UCvzGlP9oQwU--Y0r9id_jnA,Subaru Ch. 大空スバル,581341281,1950000,1897
2025-11-28 06:18:07,UCqQNCRSihFHVsXrDikNeYSg,げまじょが好き【にじさんじEXゲマズ切り抜き】,4649643,2400,119
2025-11-28 06:18:07,UCaO6TYtlC8U5ttz62hTrZgg,JYP Entertainment,26033965531,31500000,2641
2025-11-28 06:18:07,UCH4yRBPH2pDUjPeqomx8CTQ,てるとくん,548838286,1330000,1895
2025-11-28 06:18:07,UCdMGYXL38w6htx6Yf9YJa-w,プロジェクトセカイ カラフルステージ! feat. 初音ミク,2004681179,2060000,1907
2025-11-28 06:18:07,UCzXjPL7zo0bxhOYDxLJ9YEg,ポッキー,4097303091,3750000,4360
2025-11-28 06:18:07,UCu3kfiUaK7MmkQ40omEpGyQ,ナナ色チャンネル,4733785,8440,85
2025-11-28 06:18:07,UCoQhX2O93MVTWfgIz-8wOmg,KUNの50人クラフト,466416775,544000,1051
2025-11-28 06:18:07,UCXeTnWiRoifoHHEzSyR5Ogg,パチンコ・パチスロ必勝ガイドチャンネル,52801397,86300,1325
2025-11-28 06:18:07,UCUW6U6iOrntB0jw6-AbQo8g,RED Games,250784769,210000,3572
2025-11-28 06:18:07,UClNdVSK1uy2xFHTaXZYXopw,らっだぁ,1819502523,1450000,2342
2025-11-28 06:18:07,UCrQUlOEbu-0T0l4DAcBEeIg,pizzaofdeathofficial,408297473,332000,372
2025-11-28 06:18:07,UCDhOdoqPxv96djR3tSq9NoA,ショコラ大佐の秘密基地,148669038,138000,1747
2025-11-28 06:18:07,UC3NrSfe_yR5XX9zGFxYoV1Q,HIRAIDAI - Topic,281495040,3400,415
2025-11-28 06:18:07,UC5wr1qJKJOrHHK-haeZkfbg,アカgames,462825038,283000,1361
2025-11-28 06:18:07,UCZMRuagdTBKmmrFtSMN48Xw,牛沢,2666044649,1800000,3741
2025-11-28 06:18:07,UCXEo7JprZQGCPkezcZylHlQ,黒炭酸,152562872,202000,1757
2025-11-28 06:18:07,UCXURHJRGr4-EB3l87kcbElw,NCT DREAM,2300999800,7000000,1318
2025-11-28 06:18:07,UC070fhnqq38qNhqHm5rxTcQ,令和ちゃんねる,428713479,506000,3629
2025-11-28 06:18:07,UCy0DH4rgPPjDWVZO7wibcSQ,めめんともり,352095737,335000,468
2025-11-28 06:18:07,UCiZqWVAeChfqlom5ZPR3ZJA,NCT WISH,630033332,1140000,1126
2025-11-28 06:18:07,UCWvr04hMa4k4wSilYcQ4qoA,キャベツの人【ゲーム紹介】,253374451,418000,974
2025-11-28 06:18:07,UC6qVAJzxF5kSN_UUFSdODiQ,MAZZEL - Topic,19399097,8260,57
2025-11-28 06:18:07,UCxWcO9CLti4uouUIS5IIF-Q,Nornis,59019055,228000,110
2025-11-28 06:18:07,UC8rk-fIWJXYlSF8tkfG9wWg,天色鮫,66660546,192000,132
2025-11-28 06:18:07,UCJnL-TBcsYrF2SLs7tmiC8Q,tripleS official,697072588,2880000,3062
2025-11-28 06:18:07,UCHp2q2i85qt_9nn2H7AvGOw,NiziU Official,1563277157,2290000,2505
2025-11-28 06:18:07,UCcz2Y1yhR42UxbFwvPFGCmA,きっしー助六ちゃんねる,76067930,61600,942
2025-11-28 06:18:07,UCxhPsqKunv6674tZcQoEzOg,LIBRO,9608620,19500,26
2025-11-28 06:18:07,UC__iCxFigPdcry_UBv6sDGw,IO,16308497,38200,13
2025-11-28 06:18:07,UCv7VutirxDn3RWIJXI68n_A,＝LOVE（イコールラブ）公式チャンネル,471770678,557000,474
2025-11-28 06:18:07,UCtyXllCXnTAg4rjfI3UwIgA,しょうちゃんネル,301997947,138000,1548
2025-11-28 06:18:07,UCy2IDlWr4fbdO2dbka98bSg,HACHI - Topic,18794978,625,60
2025-11-28 06:18:07,UCLkAepWjdylmXSltofFvsYQ,BANGTANTV,26052132409,81700000,2937
2025-11-28 06:18:07,UCzRzPAT-AjlPyec5yXG974g,カワノKawano,208412962,185000,1323
2025-11-28 06:18:07,UCPVr7clenPjpD7WNsSI3UBQ,レトルト,2879528689,2590000,3850
2025-11-28 06:18:07,UCMGvmEqkVbl372DCyn3NLAw,【吹いたら負け】葛葉先生のしくじり【切り抜き】,180619841,136000,978
2025-11-28 06:18:07,UC_vMYWcDjmfdpH6r4TTn1MQ,Iroha ch. 風真いろは - holoX -,263260463,1130000,1055
2025-11-28 06:18:07,UCJy7zfLsKBXoo2soFMum7JQ,あかさかの箱,1291190598,2620000,2688
2025-11-28 06:18:07,UCdkVEDVAW5aFmA-Mkz0lAFQ,ひたまゆ。,466742954,410000,2795
2025-11-28 06:18:07,UCL7VEatXa9yBCKeM-ww8TnA,NX☆くさあん,208613284,238000,3564
2025-11-28 06:18:07,UC8_Ag6BVp43Vmrx6eillK9g,Vaundy - Topic,910318715,2190,110
2025-11-28 06:18:07,UCfkXDY7vwkcJ8ddFGz8KusA,SEVENTEEN,7797609294,16200000,3291
2025-11-28 06:18:07,UCp_Az_oKu8-J5qIQpF35JbA,やわらちゃんねる,193030695,279000,863
2025-11-28 06:18:07,UC9zY_E8mcAo_Oq772LEZq8Q,THE FIRST TAKE,6265448119,11500000,1531
2025-11-28 06:18:07,UCHzevlEL9JfsBIm86uNCJqg,宮野真守,79523549,449000,329
2025-11-28 06:18:07,UCOx-oLP9tOhiYwSK_m-yVxA,オモコロチャンネル,618773811,473000,1144
2025-11-28 06:18:07,UCqKNMJ5s_vsf7WkesdBrvQA,IS:SUE,87680204,221000,771
2025-11-28 06:18:07,UCAWxPGGuIfWME2KTLUmSCHw,ぱかチューブっ!【ウマ娘公式】,516118137,1310000,1291
2025-11-28 06:18:07,UCS57xc1Bf-znC9_ouCc3SZw,佐野元春 - DaisyMusic,50511392,77700,163
2025-11-28 06:18:07,UCjcYYjM16TFOPXDjWgzHiHA,超覚醒てえんだ「スロパチ生放送」,87392369,140000,571
2025-11-28 06:18:07,UC6FadPgGviUcq6VQ0CEJqdQ,Juice=Juice,166051730,251000,281
2025-11-28 06:18:07,UC3ruCdV7xnwAbpkW9tQq-6A,のーわん【NoOnE】,419620378,409000,1206
2025-11-28 06:18:07,UCqm3BQLlJfvkTsX_hvm0UmA,Watame Ch. 角巻わため,610016767,1700000,2981
2025-11-28 06:18:07,UCapLmxI6gv5WBd3N3sUVG8Q,稲垣潤一 Official,39810109,49800,46
2025-11-28 06:18:07,UCd9BXPj-KcMTh0HiB-Vlb8A,モンスト（モンスターストライク）公式,1160707831,1550000,4581
2025-11-28 06:18:07,UCJxxoli_XbupD8SK_TtytAQ,バンダイナムコ アミューズメントユニット公式チャンネル,90338539,118000,1604
2025-11-28 06:18:07,UChVflUz2J_jaaqYjXqvpmQA,iLiFE!【あいらいふ】,248908736,486000,535
2025-11-28 06:18:07,UCc-itdQHxLvUlPrDxIiSJrA,INI,748068954,653000,1270
2025-11-28 06:18:07,UC9rMiEjNaCSsebs31MRDCRA,Stray Kids,9673395528,22200000,1881
2025-11-28 06:18:07,UCj4PjeVMnNTHIR5EeoNKPAw,ドズル社,4908810074,2570000,10214
2025-11-28 06:18:07,UC2NujFa5X09CdV0YCntmQDg,板橋ハウス,905340198,752000,2030
2025-11-28 06:18:07,UCDbUUremwf8k1x1GTYfB1Ng,ニート部クラフト,20469029,97400,126
2025-11-28 06:18:07,UCIJAlAYCNN8RACtDDsy9K6g,Novelbright,652756465,733000,319
2025-11-28 06:18:07,UCOTR1tcOAhjgi6YukrPpZxg,まふまふちゃんねる,2481899158,3610000,511
2025-11-28 06:18:07,UCvaTdHTWBGv3MKj3KVqJVCw,Okayu Ch. 猫又おかゆ,626491070,2060000,1593
2025-11-28 06:18:07,UCtceiniicYEsbAVuWy-Bi0Q,ドラゴンクエストウォーク公式,50539317,181000,160
2025-11-28 06:18:07,UCFQu6Q-9LAS3KoEuRDNkzGA, ニート部,659410890,680000,3213
2025-11-28 06:18:07,UCqeAYB1DMzfM-hG-Up52yNQ,つるおかかものはし,371711972,387000,3613
2025-11-28 06:18:07,UCqfELxLmasBwYET4ZAMfMqA,がみくん,1009332796,584000,3990
2025-11-28 06:18:07,UC-ifW8mHzfsZVGHY8vxqrjA,A.B.C-Z,59464169,54600,437
2025-11-28 06:18:07,UCCzUftO8KOVkV4wQG1vkUvg,Marine Ch. 宝鐘マリン,2033880549,4260000,1560
2025-11-28 06:18:07,UC8eq3M3Yft3FUgxEX6lOZMg,chotokkyu - Topic,35861359,579,486
2025-11-28 06:18:07,UC0ux2IFOXkj6ifQ4aSs9l7Q,大月【おおつき】,14847403,17500,1219
2025-11-28 06:18:07,UCmovZ2th3Sqpd00F5RdeigQ,加賀美 ハヤト/Hayato Kagami,332409391,921000,1522
2025-11-28 06:18:07,UCHVkYOT63gAz5yTxjo68_Ng,家スロットゲームパンダ’s ROOM@琉球🐼🪸,1227156,1680,76
2025-11-28 06:18:07,UChUjERVG8eKEAJSCef-tTmg,k4sen / かせん,718918156,1030000,3064
2025-11-28 06:18:07,UC8Qwnts13zIh2EYUCau6m3w,ONE N' ONLY TV,112267072,214000,795
2025-11-28 06:18:07,UC9llDCAObCbGpsaa66fClKw,ユニバーサル・ピクチャーズ公式,642330480,375000,1443
2025-11-28 06:18:07,UCvo8JUqHh2d1QGnK3LKyI4Q,ポケモンユナイト公式チャンネル,31965014,139000,467
2025-11-28 06:18:07,UCDBdcJ3JIg2sjDg8QR3xp-g,Iyowa - Topic,65762694,31300,88
2025-11-28 06:18:07,UCX7YkU9nEeaoZbkVLVajcMg,にじさんじ,1072107569,1870000,2824
2025-11-28 06:18:07,UCOXOcEbERAwGlE4ig9MaLSQ,夜勤明けパチンコパチスロ実践記,275784241,166000,1623
2025-11-28 06:18:07,UCyTaStlK0neSuKveYOIioaw,ぐんぐにるチャンネル,275117774,426000,447
2025-11-28 06:18:07,UC14QT5j2nQI8lKBCGtrrBQA,アニプレックス チャンネル,4308142665,3720000,15442
2025-11-28 06:18:07,UC3VId8brfshtHO6gMMqnZ5A,FLOW GLOW - Topic,405219,2190,5
2025-11-28 06:18:07,UCXqWKjzm2YMH6Bs7rAmsKFw,福本大晴,7574219,89600,146
2025-11-28 06:18:07,UCpT4syVopfBl2bATVfAt65g,澤野弘之 / SawanoHiroyuki[nZk],51785889,4100,22
2025-11-28 06:18:07,UC9-yZkJfxtg6WNCX5mUQb0w,ノゴローチャンネル,179654208,126000,3593
2025-11-28 06:18:07,UCLrYavXppY_4oRfquHk9VQg,HAGANE,14455474,75100,143
2025-11-28 06:18:07,UCx1nAvtVDIsaGmCMSe8ofsQ,加藤純一【jun channel】,1137706595,1280000,1836
2025-11-28 06:18:07,UCGc93NguHRwzv1Rw9MyIcxQ,鳴潮 (Wuthering Waves)公式,104311352,345000,466
2025-11-28 06:18:07,UChn5TjkeEqd-JxzizMVSkOw,ハヤトの野望,1035793942,1510000,2418
2025-11-28 06:18:07,UCv0F5yCdnwnBTrcJO2Yr3lQ,きむちゃんねる,925351670,765000,2674
2025-11-28 06:18:07,UCZetZElUvdElPrcstRjl9DA,加藤純一ロードショー,413754029,509000,983
2025-11-28 06:18:07,UC15ebOqdhmvl1eb0s0jk5aw,戦極MCBATTLE,1332979753,847000,5386
2025-11-28 06:18:07,UC9Lx-zRFGfpuls27tNAOIqA,マエスケ,1543529658,1840000,1138
2025-11-28 06:18:07,UCooVYzDxdwTtGYAkcPmOgOw,Brawl Stars,4007265329,23200000,370
2025-11-28 06:18:07,UC3IZKseVpdzPSBaWxBxundA,HYBE LABELS,42540481240,79100000,2930
2025-11-28 06:18:07,UCy9GuRXGTm8TliQ-OJ7KwzA,【V.I.P】,978872188,979000,2497
2025-11-28 06:18:07,UCSFCh5NL4qXrAy9u-u2lX3g,Kuzuha Channel,1427835289,2100000,2823
2025-11-28 06:18:07,UC6SmH9mR82nj28_NNg_rZvA,スクウェア・エニックス,1173462261,1090000,10987
2025-11-28 06:18:07,UCVh47EKH9VLresRqiYi9txw,Mili,608668101,1010000,117
2025-11-28 06:18:07,UCMR5xpbhv3jzIQG1TOTg-Jg,B'z - Topic,290827940,3870,678
2025-11-28 06:18:07,UCxIK6x6sG7Ln5vjjPYpgeAw,Chogakusei Official,674277867,1010000,564
2025-11-28 06:18:07,UCTgIFU4_hG6aA7VfWS8blQg,1GAME TV パチンコパチスロ実践動画,737231553,667000,1414
2025-11-28 06:18:07,UC3J-txytRWiRtNXrLS95eEw,ASIAN KUNG-FU GENERATION Official YouTube Channel,608265861,789000,283
2025-11-28 06:18:07,UC7wu64jFsV02bbu6UHUd7JA,ガンダムチャンネル,412705070,1670000,1657
2025-11-28 06:18:07,UCOVLrBaOiMH5QDKXTycZ8Pw,やっちゃんの崖っぷちスロパチ生活,699069208,326000,5206
2025-11-28 06:18:07,UC5vqbtNnbOF2h7A_xlrIPUw,ぽっぴんず,917041262,630000,1053
2025-11-28 06:18:07,UCOjkVJQcjtWnpf0-1ft4brA,ゆっくりむちゃたぬき,210233791,353000,423
2025-11-28 06:18:07,UC1FQWQ3y3-e8l1pCtWhJt5A,Vaundy,2295815134,2430000,226
2025-11-28 06:18:07,UC0oUS_AySEl6fiYgRgPJJ9g,うさみんみ,43215847,14500,179
2025-11-28 06:18:07,UCB_qr75-ydFVKSF9Dmo6izg,FORMULA 1,8872795883,13700000,9410
2025-11-28 06:18:07,UC-_iQWdEZY66nGGaHH0Ygmg,僕が見たかった青空,52805973,122000,499
2025-11-28 06:18:07,UCENoC6MLc4pL-vehJyzSWmg,もこうの実況,1736532998,1600000,5789
2025-11-28 06:18:07,UCRDJ3DN-6ND_a4LSJ35L91A,立川ちゃんねる,106633506,107000,639
2025-11-28 06:18:07,UCFuugQScqDfJcsOEWbL1_tg,Gero Channel,209118582,551000,167
2025-11-28 06:18:07,UCM3yhFc0-fBFuvqx1Vg2YNQ,まいぜんシスターズ,7172110405,3180000,1860
2025-11-28 06:18:07,UCEf_Bc-KVd7onSeifS3py9g,SMTOWN,32615202386,33500000,4642
2025-11-28 06:18:07,UCHazKLThRbMyMFu2bVAKhng,ウォーターチャレンジ,3131310717,3150000,2181
2025-11-28 06:18:07,UCdCC1L_OxLrkoEjR19iXpRw,パチスロードch,136260114,75700,816
2025-11-28 06:18:07,UCZwcUEEjD8RVzB-TAw1ts3g,Eden - Topic,4283045,1770,38
2025-11-28 06:18:07,UCWXDEaOxoT8gkk83ZEB5Onw,TP ZONE,1457232,13200,86
2025-11-28 06:18:07,UCeA0fcfLVewbuD7H5YsrpdA,ライキジョーンズ,118907320,146000,3391
2025-11-28 06:18:07,UCjJmYy279ehSYSwR1A3fXtA,マグロヘッド,394485098,735000,1754
2025-11-28 06:18:07,UCBhPDpv9JavoPADrZcsAC2A,あらき-ARAKI Official,320679686,489000,260
2025-11-28 06:18:07,UC_DopZ9OANqNGho0wFwADqA,けいちゃん / Keichan,502697517,1270000,606
2025-11-28 06:18:07,UCILZFnKZJksR7zwhZbAB4vw,れじぇくん,1503308399,1170000,1428
2025-11-28 06:18:07,UCL72kYW8XK4R61kp1R9K69Q,しろ,354836073,376000,2278
2025-11-28 06:18:07,UCAaGaynFpku5cAx6OOSrW-w,HoneyWorks OFFICIAL,1601855248,2850000,550
2025-11-28 06:18:07,UCENwRMx5Yh42zWpzURebzTw,Laplus ch. ラプラス・ダークネス - holoX -,400161796,1450000,918
2025-11-28 06:18:07,UCqMRVBz-hhSFRuqlL1guqig,あひるだっく,52151577,128000,89
2025-11-28 06:18:07,UC7aYDbAOIKIMt25ENfJ68Qw,ルカ,118728811,120000,2127
2025-11-28 06:18:07,UCEfbtVOJgicdHjs5HzOzJlA,ぱち・スロ部,3673885,1770,303
2025-11-28 06:18:07,UCtiObj3CsEAdNU6ZPWDsddQ,TOMORROW X TOGETHER OFFICIAL,3494513829,13100000,3043
2025-11-28 06:18:07,UC1DqlLj1onQhBfxW81OgQTw,GLAY,732544767,541000,886
2025-11-26 20:31:42,UC3VId8brfshtHO6gMMqnZ5A,FLOW GLOW - Topic,366731,2190,5
2025-11-26 20:31:42,UCHVkYOT63gAz5yTxjo68_Ng,家スロットゲームパンダ’s ROOM@琉球🐼🪸,1208167,1680,76
2025-11-26 20:31:42,UCWvr04hMa4k4wSilYcQ4qoA,キャベツの人【ゲーム紹介】,253110424,418000,973
2025-11-26 20:31:42,UCcg_rvE-fU2tATMwBAxW9bA,ヤングスキニー,149392027,238000,603
2025-11-26 20:31:42,UC4YT50DP7hbMsor8FmyEPMw,Victor Entertainment,1489501861,1070000,4972
2025-11-26 20:31:42,UCYe_uTI6X6mm9qaXm8iWFDg,ノッチ配信者パチンコライブ,268739271,125000,2726
2025-11-26 20:31:42,UCEfbtVOJgicdHjs5HzOzJlA,ぱち・スロ部,3649413,1770,303
2025-11-26 20:31:42,UC-_iQWdEZY66nGGaHH0Ygmg,僕が見たかった青空,52805973,122000,498
2025-11-26 20:31:42,UCpGpA7mSYmNJjLiJxKso5QA,しもふりチューブ,1783109366,2160000,3021
2025-11-26 20:31:42,UCN7_YMtKaUiizHpw77XLVcw,EXILE,188488793,14700,308
2025-11-26 20:31:42,UCILZFnKZJksR7zwhZbAB4vw,れじぇくん,1503069264,1170000,1428
2025-11-26 20:31:42,UCMF_5h2OejEhVorTB02UUSg,MAZZEL,243792578,284000,721
2025-11-26 20:31:42,UCc-PPk-lNe34JaWCcJQCL0g,ドコムスチャンネル,540824009,593000,2023
2025-11-26 20:31:42,UCFQu6Q-9LAS3KoEuRDNkzGA, ニート部,658915879,680000,3213
2025-11-26 20:31:42,UCX7YkU9nEeaoZbkVLVajcMg,にじさんじ,1071638905,1870000,2823
2025-11-26 20:31:42,UC1FQWQ3y3-e8l1pCtWhJt5A,Vaundy,2295815134,2430000,226
2025-11-26 20:31:42,UCyTaStlK0neSuKveYOIioaw,ぐんぐにるチャンネル,275051458,426000,447
2025-11-26 20:31:42,UC1DCedRgGHBdm81E1llLhOQ,Pekora Ch. 兎田ぺこら,1012493189,2740000,2342
2025-11-26 20:31:42,UCPVr7clenPjpD7WNsSI3UBQ,レトルト,2878700140,2590000,3850
2025-11-26 20:31:42,UCv2ejD5B1xOYtGB2cf80B8g,Netflix Japan,1981513167,2300000,7756
2025-11-26 20:31:42,UCZ1xuCK1kNmn5RzPYIZop3w,リゼ・ヘルエスタ -Lize Helesta-,299210937,957000,1090
2025-11-26 20:31:42,UC8rk-fIWJXYlSF8tkfG9wWg,天色鮫,66562544,192000,132
2025-11-26 20:31:42,UCcz2Y1yhR42UxbFwvPFGCmA,きっしー助六ちゃんねる,75772269,61500,940
2025-11-26 20:31:42,UCu3kfiUaK7MmkQ40omEpGyQ,ナナ色チャンネル,4507959,8300,82
2025-11-26 20:31:42,UCH4yRBPH2pDUjPeqomx8CTQ,てるとくん,548320450,1330000,1894
2025-11-26 20:31:42,UC2NujFa5X09CdV0YCntmQDg,板橋ハウス,904660978,752000,2029
2025-11-26 20:31:42,UCXqWKjzm2YMH6Bs7rAmsKFw,福本大晴,7285544,89600,144
2025-11-26 20:31:42,UC3IZKseVpdzPSBaWxBxundA,HYBE LABELS,42519525251,79100000,2929
2025-11-26 20:31:42,UCdVD0MsYecQaIE5Ru-pOIQQ,RIIZE,1015326967,1870000,1382
2025-11-26 20:31:42,UCmovZ2th3Sqpd00F5RdeigQ,加賀美 ハヤト/Hayato Kagami,332409391,921000,1521
2025-11-26 20:31:42,UCzRzPAT-AjlPyec5yXG974g,カワノKawano,207781875,184000,1322
2025-11-26 20:31:42,UCy0DH4rgPPjDWVZO7wibcSQ,めめんともり,351702333,335000,468
2025-11-26 20:31:42,UCIJAlAYCNN8RACtDDsy9K6g,Novelbright,652756465,733000,319
2025-11-26 20:31:42,UCy9GuRXGTm8TliQ-OJ7KwzA,【V.I.P】,978404255,979000,2495
2025-11-26 20:31:42,UCAaGaynFpku5cAx6OOSrW-w,HoneyWorks OFFICIAL,1601855248,2850000,550
2025-11-26 20:31:42,UCt09C9DPSuOGpHoitbcyCIQ,ゼンレスゾーンゼロ-ZZZ-公式,229645284,754000,429
2025-11-26 20:31:42,UCMGvmEqkVbl372DCyn3NLAw,【吹いたら負け】葛葉先生のしくじり【切り抜き】,180526737,136000,978
2025-11-26 20:31:42,UCGc93NguHRwzv1Rw9MyIcxQ,鳴潮 (Wuthering Waves)公式,103228294,344000,465
2025-11-26 20:31:42,UCqeAYB1DMzfM-hG-Up52yNQ,つるおかかものはし,371298994,387000,3609
2025-11-26 20:31:42,UCM3yhFc0-fBFuvqx1Vg2YNQ,まいぜんシスターズ,7170885518,3180000,1860
2025-11-26 20:31:42,UC-hM6YJuNYVAmUWxeIr9FeA,Miko Ch. さくらみこ,889625882,2460000,2042
2025-11-26 20:31:42,UCBA-kvU_zYdKreZbhhywX2Q,あいずちゃんねる,147710919,57400,803
2025-11-26 20:31:42,UCMzLWawc9x3rUsqYDEfgqzA,ジャック・オ・蘭たん,712367245,648000,1887
2025-11-26 20:31:42,UCrKna8EQAd7NPRYq-gIsuow,ホロライ部【ホロライブ切り抜き】,70032016,37800,613
2025-11-26 20:31:42,UCKU0SVkIPRqwiZaXJ9rXhdw,シュート。,216489823,256000,2334
2025-11-26 20:31:42,UCNVIo0UJXTdEnsRkCB9Q03w,ILLIT - Topic,563762931,57700,59
2025-11-26 20:31:42,UCfipDDn7wY-C-SoUChgxCQQ,葉山舞鈴 / Ohayama Ch.,88016924,599000,1339
2025-11-26 20:31:42,UCx-QS9BIo_L_lx5dkpys1qw,ねこまんまのパチ•チャンネル,7979566,14200,167
2025-11-26 20:31:42,UCDbUUremwf8k1x1GTYfB1Ng,ニート部クラフト,20381415,97100,125
2025-11-26 20:31:42,UC_ntXHv-XdKCD7CPynVvnQw,Bandai Namco Entertainment America,615222427,1460000,3566
2025-11-26 20:31:42,UC1DqlLj1onQhBfxW81OgQTw,GLAY,732544767,541000,884
2025-11-26 20:31:42,UCx1nAvtVDIsaGmCMSe8ofsQ,加藤純一【jun channel】,1137244182,1280000,1834
2025-11-26 20:31:42,UCu2Fxqf37DAZ0ZhIsd1FZwA,Capcom Fighters JP,262009454,257000,3898
2025-11-26 20:31:42,UC9rMiEjNaCSsebs31MRDCRA,Stray Kids,9673395528,22200000,1879
2025-11-26 20:31:42,UCwJYQvXHtNn1c7RqED4E7MA,パンダドラゴン,44018394,92300,533
2025-11-26 20:31:42,UC8_Ag6BVp43Vmrx6eillK9g,Vaundy - Topic,908887607,2190,110
2025-11-26 20:31:42,UCZwcUEEjD8RVzB-TAw1ts3g,Eden - Topic,4227579,1730,38
2025-11-26 20:31:42,UCMR5xpbhv3jzIQG1TOTg-Jg,B'z - Topic,290233950,3870,678
2025-11-26 20:31:42,UCp_Az_oKu8-J5qIQpF35JbA,やわらちゃんねる,192928076,279000,862
2025-11-26 20:31:42,UCGjV4bsC43On-YuiLZcfL0w,KUN,3388904194,1660000,11232
2025-11-26 20:31:42,UCDhOdoqPxv96djR3tSq9NoA,ショコラ大佐の秘密基地,148484620,138000,1745
2025-11-26 20:31:42,UCHghNZNbV-CPbb_f3FslObw,がんばるぴえんちゃんパチンコ日記,80297691,100000,1531
2025-11-26 20:31:42,UCHazKLThRbMyMFu2bVAKhng,ウォーターチャレンジ,3129829378,3150000,2181
2025-11-26 20:31:42,UCOjkVJQcjtWnpf0-1ft4brA,ゆっくりむちゃたぬき,210059667,352000,423
2025-11-26 20:31:42,UCj4PjeVMnNTHIR5EeoNKPAw,ドズル社,4900034217,2570000,10211
2025-11-26 20:31:42,UCpYHkc4rzWEW7iVXIyxQebA,Hey! Say! JUMP - Topic,58814548,5080,738
2025-11-26 20:31:42,UCqKNMJ5s_vsf7WkesdBrvQA,IS:SUE,87680204,221000,769
2025-11-26 20:31:42,UCJy7zfLsKBXoo2soFMum7JQ,あかさかの箱,1290130511,2620000,2688
2025-11-26 20:31:42,UCOXOcEbERAwGlE4ig9MaLSQ,夜勤明けパチンコパチスロ実践記,275601275,166000,1622
2025-11-26 20:31:42,UCdCC1L_OxLrkoEjR19iXpRw,パチスロードch,135779790,75700,814
2025-11-26 20:31:42,UCXEo7JprZQGCPkezcZylHlQ,黒炭酸,152273686,202000,1757
2025-11-26 20:31:42,UCtPyU9cJgvvgH03PQKgaucA,ファミ通TUBE,183031244,208000,8152
2025-11-26 20:31:42,UCSFCh5NL4qXrAy9u-u2lX3g,Kuzuha Channel,1426230744,2100000,2820
2025-11-26 20:31:42,UCOfESRUR5duQ2hMnTQ4oqhA,BUMP OF CHICKEN,1637208579,1590000,164
2025-11-26 20:31:42,UCof7dOTnyxaidkKkcIFuflQ,Mone Kamishiraishi - Topic,26275125,326,123
2025-11-26 20:31:42,UCxIK6x6sG7Ln5vjjPYpgeAw,Chogakusei Official,674113985,1010000,564
2025-11-26 20:31:42,UCYLp2FLXcqLUZhvrCxQmNIA,胡桃沢りりか,40952518,100000,2570
2025-11-26 20:31:42,UChhKBlh_wvspTh5n4mL0b5g,BOYNEXTDOOR,1165454055,2060000,2199
2025-11-26 20:31:42,UCZetZElUvdElPrcstRjl9DA,加藤純一ロードショー,413173563,509000,981
2025-11-26 20:31:42,UC_DopZ9OANqNGho0wFwADqA,けいちゃん / Keichan,502697517,1270000,606
2025-11-26 20:31:42,UCHzevlEL9JfsBIm86uNCJqg,宮野真守,78718653,449000,329
2025-11-26 20:31:42,UCxWcO9CLti4uouUIS5IIF-Q,Nornis,59019055,228000,110
2025-11-26 20:31:42,UCL7VEatXa9yBCKeM-ww8TnA,NX☆くさあん,208448896,238000,3562
2025-11-26 20:31:42,UCvo8JUqHh2d1QGnK3LKyI4Q,ポケモンユナイト公式チャンネル,31955174,139000,467
2025-11-26 20:31:42,UCZVVCZwOpCbDXB84SDqWixQ,Lil Shady,56239923,283000,97
2025-11-26 20:31:42,UC5vqbtNnbOF2h7A_xlrIPUw,ぽっぴんず,916578477,630000,1053
2025-11-26 20:31:42,UC6qVAJzxF5kSN_UUFSdODiQ,MAZZEL - Topic,19285446,8260,57
2025-11-26 20:31:42,UCtiObj3CsEAdNU6ZPWDsddQ,TOMORROW X TOGETHER OFFICIAL,3494513829,13100000,3039
2025-11-26 20:31:42,UC-ifW8mHzfsZVGHY8vxqrjA,A.B.C-Z,59464169,54600,437
2025-11-26 20:31:42,UClNdVSK1uy2xFHTaXZYXopw,らっだぁ,1818287342,1450000,2341
2025-11-26 20:31:42,UCeK22JmzkTMa69kZU9NEqsA,めじの【Vtuber応援隊】,31821301,15100,537
2025-11-26 20:31:42,UCB_qr75-ydFVKSF9Dmo6izg,FORMULA 1,8865234058,13700000,9406
2025-11-26 20:31:42,UCc-itdQHxLvUlPrDxIiSJrA,INI,748068954,653000,1268
2025-11-26 20:31:42,UCPJCP_fon2mOMfibbBPUOYw,SAWAYAN GAMES / サワヤン ゲームズ,1298866965,2070000,3416
2025-11-26 20:31:42,UC9qSqkNFiByKzzoxT3Cydyw,Aiobahn,28036369,90100,14
2025-11-26 20:31:42,UCrQUlOEbu-0T0l4DAcBEeIg,pizzaofdeathofficial,408072226,332000,372
2025-11-26 20:31:42,UC15ebOqdhmvl1eb0s0jk5aw,戦極MCBATTLE,1332434553,847000,5383
2025-11-26 20:31:42,UC14QT5j2nQI8lKBCGtrrBQA,アニプレックス チャンネル,4304370914,3720000,15436
2025-11-26 20:31:42,UCCzUftO8KOVkV4wQG1vkUvg,Marine Ch. 宝鐘マリン,2033880549,4260000,1560
2025-11-26 20:31:42,UC8eq3M3Yft3FUgxEX6lOZMg,chotokkyu - Topic,35769873,577,486
2025-11-26 20:31:42,UCENoC6MLc4pL-vehJyzSWmg,もこうの実況,1736173730,1600000,5787
2025-11-26 20:31:42,UC3J-txytRWiRtNXrLS95eEw,ASIAN KUNG-FU GENERATION Official YouTube Channel,608265861,788000,282
2025-11-26 20:31:42,UCdszfKemUn36sOEplfkiGVQ,GPV LABEL,2994474,5330,90
2025-11-26 20:31:42,UCjJmYy279ehSYSwR1A3fXtA,マグロヘッド,393931180,735000,1753
2025-11-26 20:31:42,UC6SmH9mR82nj28_NNg_rZvA,スクウェア・エニックス,1173076894,1090000,10984
2025-11-26 20:31:42,UC9Lx-zRFGfpuls27tNAOIqA,マエスケ,1541789868,1830000,1138
2025-11-26 20:31:42,UCeA0fcfLVewbuD7H5YsrpdA,ライキジョーンズ,118778430,146000,3390
2025-11-26 20:31:42,UCLkAepWjdylmXSltofFvsYQ,BANGTANTV,26052132409,81700000,2933
2025-11-26 20:31:42,UCdPCarwi28K5Z7s5l2nMiLw,Uru Official YouTube Channel,901097541,1180000,296
2025-11-26 20:31:42,UC3NrSfe_yR5XX9zGFxYoV1Q,HIRAIDAI - Topic,281229302,3400,415
2025-11-26 20:31:42,UCXURHJRGr4-EB3l87kcbElw,NCT DREAM,2300999800,7000000,1314
2025-11-26 20:31:42,UCLrYavXppY_4oRfquHk9VQg,HAGANE,14455474,74800,142
2025-11-26 20:31:42,UCAWxPGGuIfWME2KTLUmSCHw,ぱかチューブっ!【ウマ娘公式】,515735509,1310000,1287
2025-11-26 20:31:42,UCVh47EKH9VLresRqiYi9txw,Mili,608668101,1010000,117
2025-11-26 20:31:42,UC6FadPgGviUcq6VQ0CEJqdQ,Juice=Juice,163770158,250000,280
2025-11-26 20:31:42,UC0ux2IFOXkj6ifQ4aSs9l7Q,大月【おおつき】,14755384,17500,1218
2025-11-26 20:31:42,UCS57xc1Bf-znC9_ouCc3SZw,佐野元春 - DaisyMusic,50511392,77700,163
2025-11-26 20:31:42,UCC4xWbcBVn-tHgchhrdmFpg,Jinmenusagi,9965654,32600,80
2025-11-26 20:31:42,UC7aYDbAOIKIMt25ENfJ68Qw,ルカ,118689817,120000,2126
2025-11-26 20:31:42,UC__iCxFigPdcry_UBv6sDGw,IO,16279732,38100,13
2025-11-26 20:31:42,UCYXmyrGUVL8tX7VEvo_DjPw,シャル@ツモらせ隊,83196304,178000,900
2025-11-26 20:31:42,UCzXjPL7zo0bxhOYDxLJ9YEg,ポッキー,4096717679,3750000,4359
2025-11-26 20:31:42,UC6H_7uSepAzrlayBjAb9rrg,WurtS - Topic,69010100,698,82
2025-11-26 20:31:42,UCYA14rrNjvQq_P_YSNeJHgA,スロライブ,89847170,46500,895
2025-11-26 20:31:42,UCqQNCRSihFHVsXrDikNeYSg,げまじょが好き【にじさんじEXゲマズ切り抜き】,4505630,2350,118
2025-11-26 20:31:42,UC56x--_QtyaWD1QptYrPMqA,刀剣乱舞 公式チャンネル,9523467,131000,116
2025-11-26 20:31:42,UCfkXDY7vwkcJ8ddFGz8KusA,SEVENTEEN,7797609294,16200000,3277
2025-11-26 20:31:42,UCUzpZpX2wRYOk3J8QTFGxDg,乃木坂46 OFFICIAL YouTube CHANNEL,1610447858,1730000,1168
2025-11-26 20:31:42,UChn5TjkeEqd-JxzizMVSkOw,ハヤトの野望,1035116728,1510000,2417
2025-11-26 20:31:42,UCHD1jo5RhijLfx5-0Ehe_cg,&TEAM,466813545,1320000,1408
2025-11-26 20:31:42,UCOTR1tcOAhjgi6YukrPpZxg,まふまふちゃんねる,2481296145,3610000,511
2025-11-26 20:31:42,UCjcYYjM16TFOPXDjWgzHiHA,超覚醒てえんだ「スロパチ生放送」,87277250,140000,571
2025-11-26 20:31:42,UCtceiniicYEsbAVuWy-Bi0Q,ドラゴンクエストウォーク公式,50337642,181000,160
2025-11-26 20:31:42,UCvaTdHTWBGv3MKj3KVqJVCw,Okayu Ch. 猫又おかゆ,626491070,2060000,1591
2025-11-26 20:31:42,UC_vMYWcDjmfdpH6r4TTn1MQ,Iroha ch. 風真いろは - holoX -,262899962,1130000,1052
2025-11-26 20:31:42,UCqMRVBz-hhSFRuqlL1guqig,あひるだっく,52063292,128000,89
2025-11-26 20:31:42,UCRDJ3DN-6ND_a4LSJ35L91A,立川ちゃんねる,106452486,107000,639
2025-11-26 20:31:42,UCaO6TYtlC8U5ttz62hTrZgg,JYP Entertainment,26020253681,31500000,2639
2025-11-26 20:31:42,UCJnL-TBcsYrF2SLs7tmiC8Q,tripleS official,691134537,2880000,3053
2025-11-26 20:31:42,UC9zY_E8mcAo_Oq772LEZq8Q,THE FIRST TAKE,6260490494,11500000,1528
2025-11-26 20:31:42,UCkKj-SiKyiFkj_dO1vmY3gA,加藤純一RECORDS,5213651,29100,82
2025-11-26 20:31:42,UCtwTCZuQkTIwUf5m9mlZnOQ,Release - Topic,3185,42,7
2025-11-26 20:31:42,UCkVvAm5jb62IMIJQj4wPVGA,TMSアニメ公式チャンネル,379083255,898000,1146
2025-11-26 20:31:42,UCdkVEDVAW5aFmA-Mkz0lAFQ,ひたまゆ。,466517551,410000,2793
2025-11-26 20:31:42,UCylNKKCfPMm8ROXasQWTonA,響咲リオナの足,3214550,6900,124
2025-11-26 20:31:42,UCFvSFbT8okMrpuFxBEIB2lg,M!LK,89672169,10400,243
2025-11-26 20:31:42,UCooVYzDxdwTtGYAkcPmOgOw,Brawl Stars,4003702299,23200000,370
2025-11-26 20:31:42,UCEf_Bc-KVd7onSeifS3py9g,SMTOWN,32601374258,33500000,4640
2025-11-26 20:31:42,UCH-lygWpHodDff3iQurnWnQ,加藤純一切り抜き集,1718873534,580000,5439
2025-11-26 20:31:42,UC070fhnqq38qNhqHm5rxTcQ,令和ちゃんねる,428354288,506000,3625
2025-11-26 20:31:42,UChVflUz2J_jaaqYjXqvpmQA,iLiFE!【あいらいふ】,246311299,485000,532
2025-11-26 20:31:42,UCBhPDpv9JavoPADrZcsAC2A,あらき-ARAKI Official,320679686,489000,260
2025-11-26 20:31:42,UCDwcZ85zjLKD-3-jqlv1wQQ,アンジュルム,213864061,229000,370
2025-11-26 20:31:42,UCgmFrRcyH7d1zR9sIVQhFow,ローレン・イロアス / Lauren Iroas【にじさんじ】,396807021,953000,1048
2025-11-26 20:31:42,UChUjERVG8eKEAJSCef-tTmg,k4sen / かせん,717720716,1020000,3063
2025-11-26 20:31:42,UCoQhX2O93MVTWfgIz-8wOmg,KUNの50人クラフト,465558693,543000,1048
2025-11-26 20:31:42,UCZMRuagdTBKmmrFtSMN48Xw,牛沢,2664965878,1800000,3740
2025-11-26 20:31:42,UCvzGlP9oQwU--Y0r9id_jnA,Subaru Ch. 大空スバル,581156475,1950000,1894
2025-11-26 20:31:42,UC7wu64jFsV02bbu6UHUd7JA,ガンダムチャンネル,412423775,1670000,1655
2025-11-26 20:31:42,UCXeTnWiRoifoHHEzSyR5Ogg,パチンコ・パチスロ必勝ガイドチャンネル,52748613,86300,1324
2025-11-26 20:31:42,UCdMGYXL38w6htx6Yf9YJa-w,プロジェクトセカイ カラフルステージ! feat. 初音ミク,2002918466,2060000,1907
2025-11-26 20:31:42,UCtKBQ2BYD76GiJvcpZOBorg,えいま,11409709,13500,346
2025-11-26 20:31:42,UCMJiPpN_09F0aWpQrgbc_qg,キヨ。,6530876349,5480000,3083
2025-11-26 20:31:42,UCtyXllCXnTAg4rjfI3UwIgA,しょうちゃんネル,300379892,138000,1547
2025-11-26 20:31:42,UCUW6U6iOrntB0jw6-AbQo8g,RED Games,250361199,209000,3569
2025-11-26 20:31:42,UCv7VutirxDn3RWIJXI68n_A,＝LOVE（イコールラブ）公式チャンネル,466225819,556000,474
2025-11-26 20:31:42,UC3ruCdV7xnwAbpkW9tQq-6A,のーわん【NoOnE】,419083334,409000,1206
2025-11-26 20:31:42,UCOVLrBaOiMH5QDKXTycZ8Pw,やっちゃんの崖っぷちスロパチ生活,698750427,326000,5203
2025-11-26 20:31:42,UCBuLdF0tQn5oZjpvYWSQkaA,Liura Channel,92139442,206000,374
2025-11-25 22:48:10,UCtyXllCXnTAg4rjfI3UwIgA,しょうちゃんネル,298495773,138000,1546
2025-11-25 22:48:10,UCH4yRBPH2pDUjPeqomx8CTQ,てるとくん,547863906,1330000,1893
2025-11-25 22:48:10,UCDhOdoqPxv96djR3tSq9NoA,ショコラ大佐の秘密基地,148259588,138000,1744
2025-11-25 22:48:10,UC6qVAJzxF5kSN_UUFSdODiQ,MAZZEL - Topic,19200719,8260,57
2025-11-25 22:48:10,UCHVkYOT63gAz5yTxjo68_Ng,家スロットゲームパンダ’s ROOM@琉球🐼🪸,1200416,1680,76
2025-11-25 22:48:10,UCOXOcEbERAwGlE4ig9MaLSQ,夜勤明けパチンコパチスロ実践記,275529687,166000,1622
2025-11-25 22:48:10,UCj4PjeVMnNTHIR5EeoNKPAw,ドズル社,4893163285,2560000,10209
2025-11-25 22:48:10,UCJy7zfLsKBXoo2soFMum7JQ,あかさかの箱,1289314809,2620000,2687
2025-11-25 22:48:10,UCzXjPL7zo0bxhOYDxLJ9YEg,ポッキー,4096288405,3750000,4359
2025-11-25 22:48:10,UCOjkVJQcjtWnpf0-1ft4brA,ゆっくりむちゃたぬき,209880141,352000,423
2025-11-25 22:48:10,UCIJAlAYCNN8RACtDDsy9K6g,Novelbright,646175482,733000,319
2025-11-25 22:48:10,UC7aYDbAOIKIMt25ENfJ68Qw,ルカ,118589990,120000,2125
2025-11-25 22:48:10,UCX7YkU9nEeaoZbkVLVajcMg,にじさんじ,1071275897,1870000,2825
2025-11-25 22:48:10,UCZ1xuCK1kNmn5RzPYIZop3w,リゼ・ヘルエスタ -Lize Helesta-,299001750,957000,1089
2025-11-25 22:48:10,UC14QT5j2nQI8lKBCGtrrBQA,アニプレックス チャンネル,4301336548,3720000,15426
2025-11-25 22:48:10,UCYA14rrNjvQq_P_YSNeJHgA,スロライブ,89748736,46500,894
2025-11-25 22:48:10,UCUW6U6iOrntB0jw6-AbQo8g,RED Games,250066787,209000,3566
2025-11-25 22:48:10,UCMJiPpN_09F0aWpQrgbc_qg,キヨ。,6529096807,5480000,3083
2025-11-25 22:48:10,UCdMGYXL38w6htx6Yf9YJa-w,プロジェクトセカイ カラフルステージ! feat. 初音ミク,2001101239,2060000,1907
2025-11-25 22:48:10,UC6FadPgGviUcq6VQ0CEJqdQ,Juice=Juice,162049064,249000,280
2025-11-25 22:48:10,UCvzGlP9oQwU--Y0r9id_jnA,Subaru Ch. 大空スバル,580850595,1950000,1893
2025-11-25 22:48:10,UCYe_uTI6X6mm9qaXm8iWFDg,ノッチ配信者パチンコライブ,268361675,125000,2725
2025-11-25 22:48:10,UCL7VEatXa9yBCKeM-ww8TnA,NX☆くさあん,208215299,238000,3561
2025-11-25 22:48:10,UCeK22JmzkTMa69kZU9NEqsA,めじの【Vtuber応援隊】,31679001,15100,537
2025-11-25 22:48:10,UCx1nAvtVDIsaGmCMSe8ofsQ,加藤純一【jun channel】,1136806839,1280000,1834
2025-11-25 22:48:10,UCLkAepWjdylmXSltofFvsYQ,BANGTANTV,26052132409,81700000,2933
2025-11-25 22:48:10,UCCzUftO8KOVkV4wQG1vkUvg,Marine Ch. 宝鐘マリン,2033880549,4260000,1560
2025-11-25 22:48:10,UCOfESRUR5duQ2hMnTQ4oqhA,BUMP OF CHICKEN,1637208579,1590000,164
2025-11-25 22:48:10,UCXqWKjzm2YMH6Bs7rAmsKFw,福本大晴,7285544,89700,144
2025-11-25 22:48:10,UCkKj-SiKyiFkj_dO1vmY3gA,加藤純一RECORDS,5125700,28700,82
2025-11-25 22:48:10,UCHD1jo5RhijLfx5-0Ehe_cg,&TEAM,466813545,1320000,1405
2025-11-25 22:48:10,UCwJYQvXHtNn1c7RqED4E7MA,パンダドラゴン,44018394,92300,532
2025-11-25 22:48:10,UCp_Az_oKu8-J5qIQpF35JbA,やわらちゃんねる,192798340,279000,862
2025-11-25 22:48:10,UCv7VutirxDn3RWIJXI68n_A,＝LOVE（イコールラブ）公式チャンネル,466225819,555000,474
2025-11-25 22:48:10,UCc-PPk-lNe34JaWCcJQCL0g,ドコムスチャンネル,540356662,593000,2021
2025-11-25 22:48:10,UCOVLrBaOiMH5QDKXTycZ8Pw,やっちゃんの崖っぷちスロパチ生活,698612534,326000,5202
2025-11-25 22:48:10,UCSFCh5NL4qXrAy9u-u2lX3g,Kuzuha Channel,1424950504,2100000,2818
2025-11-25 22:48:10,UCWvr04hMa4k4wSilYcQ4qoA,キャベツの人【ゲーム紹介】,252884397,418000,972
2025-11-25 22:48:10,UC070fhnqq38qNhqHm5rxTcQ,令和ちゃんねる,428112546,506000,3625
2025-11-25 22:48:10,UCN7_YMtKaUiizHpw77XLVcw,EXILE,188358177,14700,307
2025-11-25 22:48:10,UCaO6TYtlC8U5ttz62hTrZgg,JYP Entertainment,26010005047,31500000,2638
2025-11-25 22:48:10,UCRDJ3DN-6ND_a4LSJ35L91A,立川ちゃんねる,106288438,107000,639
2025-11-25 22:48:10,UCFvSFbT8okMrpuFxBEIB2lg,M!LK,89055255,10300,243
2025-11-25 22:48:10,UCVh47EKH9VLresRqiYi9txw,Mili,608668101,1000000,117
2025-11-25 22:48:10,UC56x--_QtyaWD1QptYrPMqA,刀剣乱舞 公式チャンネル,9433224,131000,116
2025-11-25 22:48:10,UC9Lx-zRFGfpuls27tNAOIqA,マエスケ,1540679756,1830000,1137
2025-11-25 22:48:10,UCHzevlEL9JfsBIm86uNCJqg,宮野真守,78718653,449000,329
2025-11-25 22:48:10,UC8rk-fIWJXYlSF8tkfG9wWg,天色鮫,66455197,192000,132
2025-11-25 22:48:10,UCEf_Bc-KVd7onSeifS3py9g,SMTOWN,32595925805,33500000,4640
2025-11-25 22:48:10,UCqQNCRSihFHVsXrDikNeYSg,げまじょが好き【にじさんじEXゲマズ切り抜き】,4469282,2330,117
2025-11-25 22:48:10,UCHazKLThRbMyMFu2bVAKhng,ウォーターチャレンジ,3128753022,3150000,2180
2025-11-25 22:48:10,UCkVvAm5jb62IMIJQj4wPVGA,TMSアニメ公式チャンネル,379415080,898000,1145
2025-11-25 22:48:10,UCXeTnWiRoifoHHEzSyR5Ogg,パチンコ・パチスロ必勝ガイドチャンネル,52606761,86200,1323
2025-11-25 22:48:10,UCvaTdHTWBGv3MKj3KVqJVCw,Okayu Ch. 猫又おかゆ,626491070,2060000,1591
2025-11-25 22:48:10,UC9zY_E8mcAo_Oq772LEZq8Q,THE FIRST TAKE,6257669369,11500000,1527
2025-11-25 22:48:10,UCZMRuagdTBKmmrFtSMN48Xw,牛沢,2664148445,1800000,3739
2025-11-25 22:48:10,UCH-lygWpHodDff3iQurnWnQ,加藤純一切り抜き集,1718446841,580000,5439
2025-11-25 22:48:10,UCXURHJRGr4-EB3l87kcbElw,NCT DREAM,2300999800,7000000,1312
2025-11-25 22:48:10,UCDwcZ85zjLKD-3-jqlv1wQQ,アンジュルム,213864061,229000,370
2025-11-25 22:48:10,UCylNKKCfPMm8ROXasQWTonA,響咲リオナの足,3145428,6710,121
2025-11-25 22:48:10,UCyTaStlK0neSuKveYOIioaw,ぐんぐにるチャンネル,274988063,426000,446
2025-11-25 22:48:10,UCqMRVBz-hhSFRuqlL1guqig,あひるだっく,51933932,127000,89
2025-11-25 22:48:10,UC2NujFa5X09CdV0YCntmQDg,板橋ハウス,904148443,752000,2028
2025-11-25 22:48:10,UCc-itdQHxLvUlPrDxIiSJrA,INI,748068954,652000,1267
2025-11-25 22:48:10,UC5vqbtNnbOF2h7A_xlrIPUw,ぽっぴんず,916217219,630000,1052
2025-11-25 22:48:10,UC_vMYWcDjmfdpH6r4TTn1MQ,Iroha ch. 風真いろは - holoX -,262723246,1130000,1051
2025-11-25 22:48:10,UCooVYzDxdwTtGYAkcPmOgOw,Brawl Stars,4000176799,23200000,370
2025-11-25 22:48:10,UCPJCP_fon2mOMfibbBPUOYw,SAWAYAN GAMES / サワヤン ゲームズ,1298369889,2070000,3416
2025-11-25 22:48:10,UCENoC6MLc4pL-vehJyzSWmg,もこうの実況,1735813242,1600000,5786
2025-11-25 22:48:10,UCoQhX2O93MVTWfgIz-8wOmg,KUNの50人クラフト,464951451,543000,1047
2025-11-25 22:48:10,UC15ebOqdhmvl1eb0s0jk5aw,戦極MCBATTLE,1331994946,847000,5380
2025-11-25 22:48:10,UC3VId8brfshtHO6gMMqnZ5A,FLOW GLOW - Topic,336999,2190,5
2025-11-25 22:48:10,UCxWcO9CLti4uouUIS5IIF-Q,Nornis,59019055,228000,110
2025-11-25 22:48:10,UCMGvmEqkVbl372DCyn3NLAw,【吹いたら負け】葛葉先生のしくじり【切り抜き】,180452214,136000,978
2025-11-25 22:48:10,UCv2ejD5B1xOYtGB2cf80B8g,Netflix Japan,1980081923,2300000,7751
2025-11-25 22:48:10,UCcz2Y1yhR42UxbFwvPFGCmA,きっしー助六ちゃんねる,75760244,61500,939
2025-11-25 22:48:10,UChUjERVG8eKEAJSCef-tTmg,k4sen / かせん,716283754,1020000,3062
2025-11-25 22:48:10,UCKU0SVkIPRqwiZaXJ9rXhdw,シュート。,216368438,256000,2334
2025-11-25 22:48:10,UCjcYYjM16TFOPXDjWgzHiHA,超覚醒てえんだ「スロパチ生放送」,87200756,140000,571
2025-11-25 22:48:10,UCdVD0MsYecQaIE5Ru-pOIQQ,RIIZE,1015326967,1870000,1376
2025-11-25 22:48:10,UCAWxPGGuIfWME2KTLUmSCHw,ぱかチューブっ!【ウマ娘公式】,514883442,1310000,1288
2025-11-25 22:48:10,UCrQUlOEbu-0T0l4DAcBEeIg,pizzaofdeathofficial,407896835,331000,372
2025-11-25 22:48:10,UChVflUz2J_jaaqYjXqvpmQA,iLiFE!【あいらいふ】,246311299,484000,531
2025-11-25 22:48:10,UCPVr7clenPjpD7WNsSI3UBQ,レトルト,2877943743,2590000,3850
2025-11-25 22:48:10,UCYXmyrGUVL8tX7VEvo_DjPw,シャル@ツモらせ隊,83052972,178000,898
2025-11-25 22:48:10,UCqeAYB1DMzfM-hG-Up52yNQ,つるおかかものはし,370934217,387000,3607
2025-11-25 22:48:10,UC3J-txytRWiRtNXrLS95eEw,ASIAN KUNG-FU GENERATION Official YouTube Channel,608265861,788000,281
2025-11-25 22:48:10,UCmovZ2th3Sqpd00F5RdeigQ,加賀美 ハヤト/Hayato Kagami,332409391,921000,1520
2025-11-25 22:48:10,UC-ifW8mHzfsZVGHY8vxqrjA,A.B.C-Z,59464169,54500,437
2025-11-25 22:48:10,UC8eq3M3Yft3FUgxEX6lOZMg,chotokkyu - Topic,35707175,577,486
2025-11-25 22:48:10,UCBhPDpv9JavoPADrZcsAC2A,あらき-ARAKI Official,320679686,488000,260
2025-11-25 22:48:10,UCJnL-TBcsYrF2SLs7tmiC8Q,tripleS official,678132684,2880000,3050
2025-11-25 22:48:10,UCB_qr75-ydFVKSF9Dmo6izg,FORMULA 1,8859878986,13700000,9402
2025-11-25 22:48:10,UCrKna8EQAd7NPRYq-gIsuow,ホロライ部【ホロライブ切り抜き】,69865886,37800,613
2025-11-25 22:48:10,UCxIK6x6sG7Ln5vjjPYpgeAw,Chogakusei Official,667393982,1010000,564
2025-11-25 22:48:10,UCy9GuRXGTm8TliQ-OJ7KwzA,【V.I.P】,977997693,978000,2494
2025-11-25 22:48:10,UC3IZKseVpdzPSBaWxBxundA,HYBE LABELS,42502703726,79100000,2929
2025-11-25 22:48:10,UCBuLdF0tQn5oZjpvYWSQkaA,Liura Channel,91964482,206000,374
2025-11-25 22:48:10,UCqKNMJ5s_vsf7WkesdBrvQA,IS:SUE,87680204,221000,768
2025-11-25 22:48:10,UC7wu64jFsV02bbu6UHUd7JA,ガンダムチャンネル,412066551,1670000,1655
2025-11-25 22:48:10,UCBA-kvU_zYdKreZbhhywX2Q,あいずちゃんねる,147494513,57400,803
2025-11-25 22:48:10,UClNdVSK1uy2xFHTaXZYXopw,らっだぁ,1817433175,1450000,2340
2025-11-25 22:48:10,UC0ux2IFOXkj6ifQ4aSs9l7Q,大月【おおつき】,14724261,17400,1217
2025-11-25 22:48:10,UCEfbtVOJgicdHjs5HzOzJlA,ぱち・スロ部,3584119,1760,302
2025-11-25 22:48:10,UCFQu6Q-9LAS3KoEuRDNkzGA, ニート部,658519203,680000,3212
2025-11-25 22:48:10,UCgmFrRcyH7d1zR9sIVQhFow,ローレン・イロアス / Lauren Iroas【にじさんじ】,396542080,953000,1048
2025-11-25 22:48:10,UChhKBlh_wvspTh5n4mL0b5g,BOYNEXTDOOR,1153888296,2060000,2197
2025-11-25 22:48:10,UC-hM6YJuNYVAmUWxeIr9FeA,Miko Ch. さくらみこ,889625882,2460000,2041
2025-11-25 22:48:10,UCZwcUEEjD8RVzB-TAw1ts3g,Eden - Topic,4184148,1710,38
2025-11-25 22:48:10,UCpGpA7mSYmNJjLiJxKso5QA,しもふりチューブ,1782706599,2160000,3020
2025-11-25 22:48:10,UCu3kfiUaK7MmkQ40omEpGyQ,ナナ色チャンネル,4342673,8180,80
2025-11-25 22:48:10,UCXEo7JprZQGCPkezcZylHlQ,黒炭酸,152018395,201000,1757
2025-11-25 22:48:10,UCeA0fcfLVewbuD7H5YsrpdA,ライキジョーンズ,118626164,146000,3389
2025-11-25 22:48:10,UC__iCxFigPdcry_UBv6sDGw,IO,16107442,38000,13
2025-11-25 22:48:10,UCdCC1L_OxLrkoEjR19iXpRw,パチスロードch,135399941,75600,814
2025-11-25 22:48:10,UCtiObj3CsEAdNU6ZPWDsddQ,TOMORROW X TOGETHER OFFICIAL,3494513829,13100000,3034
2025-11-25 22:48:10,UChn5TjkeEqd-JxzizMVSkOw,ハヤトの野望,1034602930,1510000,2415
2025-11-25 22:48:10,UC1DCedRgGHBdm81E1llLhOQ,Pekora Ch. 兎田ぺこら,1012010136,2740000,2341
2025-11-25 22:48:10,UC9rMiEjNaCSsebs31MRDCRA,Stray Kids,9673395528,22200000,1874
2025-11-25 22:48:10,UCHghNZNbV-CPbb_f3FslObw,がんばるぴえんちゃんパチンコ日記,80262292,100000,1529
2025-11-25 22:48:10,UCtPyU9cJgvvgH03PQKgaucA,ファミ通TUBE,182954660,208000,8151
2025-11-25 22:48:10,UCt09C9DPSuOGpHoitbcyCIQ,ゼンレスゾーンゼロ-ZZZ-公式,229080119,754000,427
2025-11-25 22:48:10,UCNVIo0UJXTdEnsRkCB9Q03w,ILLIT - Topic,562318404,57700,59
2025-11-25 22:48:10,UCDbUUremwf8k1x1GTYfB1Ng,ニート部クラフト,20293991,97000,125
2025-11-25 22:48:10,UCOTR1tcOAhjgi6YukrPpZxg,まふまふちゃんねる,2480967798,3610000,511
2025-11-25 22:48:10,UCtKBQ2BYD76GiJvcpZOBorg,えいま,11402824,13500,346
2025-11-25 22:48:10,UCYLp2FLXcqLUZhvrCxQmNIA,胡桃沢りりか,40910955,100000,2568
2025-11-25 22:48:10,UCILZFnKZJksR7zwhZbAB4vw,れじぇくん,1502874244,1170000,1428
2025-11-25 22:48:10,UCdkVEDVAW5aFmA-Mkz0lAFQ,ひたまゆ。,466225947,410000,2791
2025-11-25 22:48:10,UCMF_5h2OejEhVorTB02UUSg,MAZZEL,240478072,283000,721
2025-11-25 22:48:10,UC-_iQWdEZY66nGGaHH0Ygmg,僕が見たかった青空,52805973,122000,498
2025-11-25 22:48:10,UCvo8JUqHh2d1QGnK3LKyI4Q,ポケモンユナイト公式チャンネル,31943421,139000,467
2025-11-25 22:48:10,UCUzpZpX2wRYOk3J8QTFGxDg,乃木坂46 OFFICIAL YouTube CHANNEL,1610447858,1730000,1168
2025-11-25 22:48:10,UCGjV4bsC43On-YuiLZcfL0w,KUN,3388459623,1660000,11231
2025-11-25 22:48:10,UC1FQWQ3y3-e8l1pCtWhJt5A,Vaundy,2295815134,2430000,226
2025-11-25 22:48:10,UCAaGaynFpku5cAx6OOSrW-w,HoneyWorks OFFICIAL,1601855248,2850000,550
2025-11-25 22:48:10,UC_DopZ9OANqNGho0wFwADqA,けいちゃん / Keichan,502697517,1270000,605
2025-11-27 12:34:43,UCtPyU9cJgvvgH03PQKgaucA,ファミ通TUBE,183082460,208000,8153
2025-11-27 12:34:43,UCAWxPGGuIfWME2KTLUmSCHw,ぱかチューブっ!【ウマ娘公式】,515911968,1310000,1287
2025-11-27 12:34:43,UCkKj-SiKyiFkj_dO1vmY3gA,加藤純一RECORDS,5240810,29200,82
2025-11-27 12:34:43,UCFuugQScqDfJcsOEWbL1_tg,Gero Channel,209118582,551000,166
2025-11-27 12:34:43,UCSFCh5NL4qXrAy9u-u2lX3g,Kuzuha Channel,1427452276,2100000,2820
2025-11-27 12:34:43,UCOx-oLP9tOhiYwSK_m-yVxA,オモコロチャンネル,618632593,473000,1144
2025-11-27 12:34:43,UCdszfKemUn36sOEplfkiGVQ,GPV LABEL,3010003,5370,90
2025-11-27 12:34:43,UCqm3BQLlJfvkTsX_hvm0UmA,Watame Ch. 角巻わため,610016767,1700000,2979
2025-11-27 12:34:43,UCc-PPk-lNe34JaWCcJQCL0g,ドコムスチャンネル,541285685,593000,2023
2025-11-27 12:34:43,UCmnZL4tFRl4sm-uJOxTLHmg,今日ポケch.,985785109,569000,1304
2025-11-27 12:34:43,UCILZFnKZJksR7zwhZbAB4vw,れじぇくん,1503150752,1170000,1428
2025-11-27 12:34:43,UCWvr04hMa4k4wSilYcQ4qoA,キャベツの人【ゲーム紹介】,253316988,418000,973
2025-11-27 12:34:43,UC_ntXHv-XdKCD7CPynVvnQw,Bandai Namco Entertainment America,615627915,1460000,3570
2025-11-27 12:34:43,UCZetZElUvdElPrcstRjl9DA,加藤純一ロードショー,413351485,509000,982
2025-11-27 12:34:43,UCBuLdF0tQn5oZjpvYWSQkaA,Liura Channel,92182018,206000,375
2025-11-27 12:34:43,UCN7_YMtKaUiizHpw77XLVcw,EXILE,188655840,14800,308
2025-11-27 12:34:43,UCBLGjbYv6-xxju1i44RjnnA,明透 -ᴀsᴜ-,132564670,625000,494
2025-11-27 12:34:43,UCaO6TYtlC8U5ttz62hTrZgg,JYP Entertainment,26030065040,31500000,2639
2025-11-27 12:34:43,UCPVr7clenPjpD7WNsSI3UBQ,レトルト,2879338263,2590000,3850
2025-11-27 12:34:43,UC6qVAJzxF5kSN_UUFSdODiQ,MAZZEL - Topic,19327931,8260,57
2025-11-27 12:34:43,UC1DCedRgGHBdm81E1llLhOQ,Pekora Ch. 兎田ぺこら,1012937716,2740000,2343
2025-11-27 12:34:43,UCZ1xuCK1kNmn5RzPYIZop3w,リゼ・ヘルエスタ -Lize Helesta-,299263684,957000,1090
2025-11-27 12:34:43,UCPJCP_fon2mOMfibbBPUOYw,SAWAYAN GAMES / サワヤン ゲームズ,1299302501,2070000,3417
2025-11-27 12:34:43,UCOTR1tcOAhjgi6YukrPpZxg,まふまふちゃんねる,2481479816,3610000,511
2025-11-27 12:34:43,UC0ux2IFOXkj6ifQ4aSs9l7Q,大月【おおつき】,14796820,17500,1218
2025-11-27 12:34:43,UCgmFrRcyH7d1zR9sIVQhFow,ローレン・イロアス / Lauren Iroas【にじさんじ】,396892908,953000,1049
2025-11-27 12:34:43,UC8rk-fIWJXYlSF8tkfG9wWg,天色鮫,66592457,192000,132
2025-11-27 12:34:43,UC3J-txytRWiRtNXrLS95eEw,ASIAN KUNG-FU GENERATION Official YouTube Channel,608265861,788000,282
2025-11-27 12:34:43,UCFQu6Q-9LAS3KoEuRDNkzGA, ニート部,659301189,680000,3213
2025-11-27 12:34:43,UCpT4syVopfBl2bATVfAt65g,澤野弘之 / SawanoHiroyuki[nZk],51700285,4020,22
2025-11-27 12:34:43,UCBhPDpv9JavoPADrZcsAC2A,あらき-ARAKI Official,320679686,489000,260
2025-11-27 12:34:43,UCc-itdQHxLvUlPrDxIiSJrA,INI,748068954,653000,1268
2025-11-27 12:34:43,UC14QT5j2nQI8lKBCGtrrBQA,アニプレックス チャンネル,4305419674,3720000,15436
2025-11-27 12:34:43,UCVh47EKH9VLresRqiYi9txw,Mili,608668101,1010000,117
2025-11-27 12:34:43,UCKU0SVkIPRqwiZaXJ9rXhdw,シュート。,216524805,256000,2334
2025-11-27 12:34:43,UCeK22JmzkTMa69kZU9NEqsA,めじの【Vtuber応援隊】,31896540,15100,539
2025-11-27 12:34:43,UCrKna8EQAd7NPRYq-gIsuow,ホロライ部【ホロライブ切り抜き】,70087617,37900,614
2025-11-27 12:34:43,UC1FQWQ3y3-e8l1pCtWhJt5A,Vaundy,2295815134,2430000,226
2025-11-27 12:34:43,UC7aYDbAOIKIMt25ENfJ68Qw,ルカ,118706200,120000,2126
2025-11-27 12:34:43,UCBA-kvU_zYdKreZbhhywX2Q,あいずちゃんねる,147762219,57400,803
2025-11-27 12:34:43,UCHghNZNbV-CPbb_f3FslObw,がんばるぴえんちゃんパチンコ日記,80501715,100000,1532
2025-11-27 12:34:43,UChhKBlh_wvspTh5n4mL0b5g,BOYNEXTDOOR,1166800131,2060000,2200
2025-11-27 12:34:43,UCLrYavXppY_4oRfquHk9VQg,HAGANE,14455474,74900,142
2025-11-27 12:34:43,UCH-lygWpHodDff3iQurnWnQ,加藤純一切り抜き集,1719047989,580000,5439
2025-11-27 12:34:43,UC070fhnqq38qNhqHm5rxTcQ,令和ちゃんねる,428623803,506000,3628
2025-11-27 12:34:43,UCRDJ3DN-6ND_a4LSJ35L91A,立川ちゃんねる,106588840,107000,639
2025-11-27 12:34:43,UC5vqbtNnbOF2h7A_xlrIPUw,ぽっぴんず,916718072,630000,1053
2025-11-27 12:34:43,UCtKBQ2BYD76GiJvcpZOBorg,えいま,11415764,13500,346
2025-11-27 12:34:43,UCUzpZpX2wRYOk3J8QTFGxDg,乃木坂46 OFFICIAL YouTube CHANNEL,1610447858,1730000,1168
2025-11-27 12:34:43,UCHazKLThRbMyMFu2bVAKhng,ウォーターチャレンジ,3130936876,3150000,2181
2025-11-27 12:34:43,UChVflUz2J_jaaqYjXqvpmQA,iLiFE!【あいらいふ】,246311299,485000,533
2025-11-27 12:34:43,UCiZqWVAeChfqlom5ZPR3ZJA,NCT WISH,630033332,1140000,1125
2025-11-27 12:34:43,UCOXOcEbERAwGlE4ig9MaLSQ,夜勤明けパチンコパチスロ実践記,275742165,166000,1623
2025-11-27 12:34:43,UCGjV4bsC43On-YuiLZcfL0w,KUN,3389035363,1660000,11233
2025-11-27 12:34:43,UCXqWKjzm2YMH6Bs7rAmsKFw,福本大晴,7386640,89600,145
2025-11-27 12:34:43,UCkVvAm5jb62IMIJQj4wPVGA,TMSアニメ公式チャンネル,379535728,898000,1147
2025-11-27 12:34:43,UC3IZKseVpdzPSBaWxBxundA,HYBE LABELS,42525965792,79100000,2930
2025-11-27 12:34:43,UCvzGlP9oQwU--Y0r9id_jnA,Subaru Ch. 大空スバル,581212274,1950000,1895
2025-11-27 12:34:43,UC3PFoXZPFJGy9F4PG84nNQQ,Soala - Topic,29201883,4820,84
2025-11-27 12:34:43,UCy9GuRXGTm8TliQ-OJ7KwzA,【V.I.P】,978506983,979000,2495
2025-11-27 12:34:43,UCHzevlEL9JfsBIm86uNCJqg,宮野真守,78718653,449000,329
2025-11-27 12:34:43,UCmovZ2th3Sqpd00F5RdeigQ,加賀美 ハヤト/Hayato Kagami,332409391,921000,1522
2025-11-27 12:34:43,UCFvSFbT8okMrpuFxBEIB2lg,M!LK,89927468,10400,243
2025-11-27 12:34:43,UC8_Ag6BVp43Vmrx6eillK9g,Vaundy - Topic,909410799,2190,110
2025-11-27 12:34:43,UCeA0fcfLVewbuD7H5YsrpdA,ライキジョーンズ,118818550,146000,3390
2025-11-27 12:34:43,UC9rMiEjNaCSsebs31MRDCRA,Stray Kids,9673395528,22200000,1879
2025-11-27 12:34:43,UCp_Az_oKu8-J5qIQpF35JbA,やわらちゃんねる,192967438,279000,862
2025-11-27 12:34:43,UCMzLWawc9x3rUsqYDEfgqzA,ジャック・オ・蘭たん,712569541,648000,1888
2025-11-27 12:34:43,UCof7dOTnyxaidkKkcIFuflQ,Mone Kamishiraishi - Topic,26385160,326,123
2025-11-27 12:34:43,UC6SmH9mR82nj28_NNg_rZvA,スクウェア・エニックス,1173185129,1090000,10984
2025-11-27 12:34:43,UCMGvmEqkVbl372DCyn3NLAw,【吹いたら負け】葛葉先生のしくじり【切り抜き】,180594707,136000,978
2025-11-27 12:34:43,UCtwTCZuQkTIwUf5m9mlZnOQ,Release - Topic,27370,49,7
2025-11-27 12:34:43,UCJnL-TBcsYrF2SLs7tmiC8Q,tripleS official,697072588,2880000,3056
2025-11-27 12:34:43,UC_DopZ9OANqNGho0wFwADqA,けいちゃん / Keichan,502697517,1270000,606
2025-11-27 12:34:43,UCfipDDn7wY-C-SoUChgxCQQ,葉山舞鈴 / Ohayama Ch.,88056806,599000,1340
2025-11-27 12:34:43,UCjcYYjM16TFOPXDjWgzHiHA,超覚醒てえんだ「スロパチ生放送」,87303765,140000,571
2025-11-27 12:34:43,UCUW6U6iOrntB0jw6-AbQo8g,RED Games,250478782,209000,3569
2025-11-27 12:34:43,UCMJiPpN_09F0aWpQrgbc_qg,キヨ。,6532581967,5490000,3083
2025-11-27 12:34:43,UCHvFSU5OP6c7QcJxIr87YtA,ウタエル Utael,446316043,582000,903
2025-11-27 12:34:43,UCdkVEDVAW5aFmA-Mkz0lAFQ,ひたまゆ。,466707359,410000,2794
2025-11-27 12:34:43,UCZMRuagdTBKmmrFtSMN48Xw,牛沢,2665781448,1800000,3740
2025-11-27 12:34:43,UCOVLrBaOiMH5QDKXTycZ8Pw,やっちゃんの崖っぷちスロパチ生活,698980096,326000,5204
2025-11-27 12:34:43,UCHp2q2i85qt_9nn2H7AvGOw,NiziU Official,1563277157,2290000,2504
2025-11-27 12:34:43,UCDhOdoqPxv96djR3tSq9NoA,ショコラ大佐の秘密基地,148514604,138000,1746
2025-11-27 12:34:43,UCHVkYOT63gAz5yTxjo68_Ng,家スロットゲームパンダ’s ROOM@琉球🐼🪸,1218125,1680,76
2025-11-27 12:34:43,UCvo8JUqHh2d1QGnK3LKyI4Q,ポケモンユナイト公式チャンネル,31957122,139000,467
2025-11-27 12:34:43,UCqMRVBz-hhSFRuqlL1guqig,あひるだっく,52092416,128000,89
2025-11-27 12:34:43,UCcz2Y1yhR42UxbFwvPFGCmA,きっしー助六ちゃんねる,75916692,61500,941
2025-11-27 12:34:43,UCx1nAvtVDIsaGmCMSe8ofsQ,加藤純一【jun channel】,1137516709,1280000,1835
2025-11-27 12:34:43,UC-hM6YJuNYVAmUWxeIr9FeA,Miko Ch. さくらみこ,889625882,2460000,2043
2025-11-27 12:34:43,UCCzUftO8KOVkV4wQG1vkUvg,Marine Ch. 宝鐘マリン,2033880549,4260000,1560
2025-11-27 12:34:43,UCj4PjeVMnNTHIR5EeoNKPAw,ドズル社,4906590678,2570000,10212
2025-11-27 12:34:43,UC2NujFa5X09CdV0YCntmQDg,板橋ハウス,905179003,752000,2029
2025-11-27 12:34:43,UChUjERVG8eKEAJSCef-tTmg,k4sen / かせん,718644367,1020000,3063
2025-11-27 12:34:43,UCx-QS9BIo_L_lx5dkpys1qw,ねこまんまのパチ•チャンネル,8057185,14300,168
2025-11-27 12:34:43,UCZwcUEEjD8RVzB-TAw1ts3g,Eden - Topic,4247351,1750,38
2025-11-27 12:34:43,UCy0DH4rgPPjDWVZO7wibcSQ,めめんともり,352005588,335000,468
2025-11-27 12:34:43,UCEfbtVOJgicdHjs5HzOzJlA,ぱち・スロ部,3670936,1770,303
2025-11-27 12:34:43,UCDbUUremwf8k1x1GTYfB1Ng,ニート部クラフト,20447117,97200,125
2025-11-27 12:34:43,UC3VId8brfshtHO6gMMqnZ5A,FLOW GLOW - Topic,380802,2190,5
2025-11-27 12:34:43,UCtiObj3CsEAdNU6ZPWDsddQ,TOMORROW X TOGETHER OFFICIAL,3494513829,13100000,3041
2025-11-27 12:34:43,UCoQhX2O93MVTWfgIz-8wOmg,KUNの50人クラフト,465752151,543000,1049
2025-11-27 12:34:43,UC9qSqkNFiByKzzoxT3Cydyw,Aiobahn,28114924,90100,14
2025-11-27 12:34:43,UCC4xWbcBVn-tHgchhrdmFpg,Jinmenusagi,9965654,32700,80
2025-11-27 12:34:43,UCOfESRUR5duQ2hMnTQ4oqhA,BUMP OF CHICKEN,1637208579,1590000,165
2025-11-27 12:34:43,UC__iCxFigPdcry_UBv6sDGw,IO,16308497,38200,13
2025-11-27 12:34:43,UCylNKKCfPMm8ROXasQWTonA,響咲リオナの足,3252151,7000,125
2025-11-27 12:34:43,UCspv01oxUFf_MTSipURRhkA,Kanae Channel,785693510,1510000,4292
2025-11-27 12:34:43,UCXeTnWiRoifoHHEzSyR5Ogg,パチンコ・パチスロ必勝ガイドチャンネル,52790155,86300,1324
2025-11-27 12:34:43,UC4YT50DP7hbMsor8FmyEPMw,Victor Entertainment,1489698608,1070000,4972
2025-11-27 12:34:43,UCtyXllCXnTAg4rjfI3UwIgA,しょうちゃんネル,301544555,138000,1547
2025-11-27 12:34:43,UCcg_rvE-fU2tATMwBAxW9bA,ヤングスキニー,149492671,239000,603
2025-11-27 12:34:43,UCv7VutirxDn3RWIJXI68n_A,＝LOVE（イコールラブ）公式チャンネル,471205940,556000,474
2025-11-27 12:34:43,UCENoC6MLc4pL-vehJyzSWmg,もこうの実況,1736452511,1600000,5787
2025-11-27 12:34:43,UCooVYzDxdwTtGYAkcPmOgOw,Brawl Stars,4006370981,23200000,370
2025-11-27 12:34:43,UC7wu64jFsV02bbu6UHUd7JA,ガンダムチャンネル,412635067,1670000,1654
2025-11-27 12:34:43,UChn5TjkeEqd-JxzizMVSkOw,ハヤトの野望,1035625127,1510000,2418
2025-11-27 12:34:43,UCIJAlAYCNN8RACtDDsy9K6g,Novelbright,652756465,733000,319
2025-11-27 12:34:43,UC3NrSfe_yR5XX9zGFxYoV1Q,HIRAIDAI - Topic,281407124,3400,415
2025-11-27 12:34:43,UCpYHkc4rzWEW7iVXIyxQebA,Hey! Say! JUMP - Topic,58958148,5080,738
2025-11-27 12:34:43,UCdVD0MsYecQaIE5Ru-pOIQQ,RIIZE,1015326967,1870000,1384
2025-11-27 12:34:43,UCNVIo0UJXTdEnsRkCB9Q03w,ILLIT - Topic,564492320,57700,59
2025-11-27 12:34:43,UCzXjPL7zo0bxhOYDxLJ9YEg,ポッキー,4096874901,3750000,4360
2025-11-27 12:34:43,UCXEo7JprZQGCPkezcZylHlQ,黒炭酸,152490020,202000,1757
2025-11-27 12:34:43,UCGc93NguHRwzv1Rw9MyIcxQ,鳴潮 (Wuthering Waves)公式,104224935,345000,466
2025-11-27 12:34:43,UCYA14rrNjvQq_P_YSNeJHgA,スロライブ,89912824,46500,895
2025-11-27 12:34:43,UCkv76wCrBDQNn7ctcbn6Qeg,Nissy - Topic,93321454,26400,192
2025-11-27 12:34:43,UCH4yRBPH2pDUjPeqomx8CTQ,てるとくん,548708568,1330000,1894
2025-11-27 12:34:43,UCxIK6x6sG7Ln5vjjPYpgeAw,Chogakusei Official,674277867,1010000,564
2025-11-27 12:34:43,UCfkXDY7vwkcJ8ddFGz8KusA,SEVENTEEN,7797609294,16200000,3277
2025-11-27 12:34:43,UCv2ejD5B1xOYtGB2cf80B8g,Netflix Japan,1983114200,2300000,7761
2025-11-27 12:34:43,UCDBdcJ3JIg2sjDg8QR3xp-g,Iyowa - Topic,65626964,31400,87
2025-11-27 12:34:43,UCENwRMx5Yh42zWpzURebzTw,Laplus ch. ラプラス・ダークネス - holoX -,399675087,1450000,917
2025-11-27 12:34:43,UCB_qr75-ydFVKSF9Dmo6izg,FORMULA 1,8871159200,13700000,9408
2025-11-27 12:34:43,UCzRzPAT-AjlPyec5yXG974g,カワノKawano,208293143,184000,1322
2025-11-27 12:34:43,UCyTaStlK0neSuKveYOIioaw,ぐんぐにるチャンネル,275100958,426000,447
2025-11-27 12:34:43,UC3ruCdV7xnwAbpkW9tQq-6A,のーわん【NoOnE】,419484764,409000,1206
2025-11-27 12:34:43,UCHD1jo5RhijLfx5-0Ehe_cg,&TEAM,466813545,1320000,1408
2025-11-27 12:34:43,UCu2Fxqf37DAZ0ZhIsd1FZwA,Capcom Fighters JP,262929109,257000,3907
2025-11-27 12:34:43,UC-_iQWdEZY66nGGaHH0Ygmg,僕が見たかった青空,52805973,122000,498
2025-11-27 12:34:43,UCtceiniicYEsbAVuWy-Bi0Q,ドラゴンクエストウォーク公式,50515736,181000,160
2025-11-27 12:34:43,UClqWF_XeXy469i4KDurpjWw,Yukopi,0,2,1
2025-11-27 12:34:43,UCdPCarwi28K5Z7s5l2nMiLw,Uru Official YouTube Channel,901097541,1180000,296
2025-11-27 12:34:43,UCrQUlOEbu-0T0l4DAcBEeIg,pizzaofdeathofficial,408137708,332000,372
2025-11-27 12:34:43,UC6FadPgGviUcq6VQ0CEJqdQ,Juice=Juice,163770158,250000,280
2025-11-27 12:34:43,UCOjkVJQcjtWnpf0-1ft4brA,ゆっくりむちゃたぬき,210112850,352000,423
2025-11-27 12:34:43,UCM3yhFc0-fBFuvqx1Vg2YNQ,まいぜんシスターズ,7171762545,3180000,1860
2025-11-27 12:34:43,UCXURHJRGr4-EB3l87kcbElw,NCT DREAM,2300999800,7000000,1314
2025-11-27 12:34:43,UC5nxCVEWQLLfkPuMylpkYkA,ロス,123613887,487000,68
2025-11-27 12:34:43,UCwF6o6cF7BMTY1-OZ7ZUY7Q,フォートナイト 公式,270974311,410000,586
2025-11-27 12:34:43,UCvaTdHTWBGv3MKj3KVqJVCw,Okayu Ch. 猫又おかゆ,626491070,2060000,1592
2025-11-27 12:34:43,UCs8nP5mUR3pwJmgixsul8Hw,Saucy Dog,503080790,860000,121
2025-11-27 12:34:43,UCt09C9DPSuOGpHoitbcyCIQ,ゼンレスゾーンゼロ-ZZZ-公式,229813205,754000,429
2025-11-27 12:34:43,UC1DqlLj1onQhBfxW81OgQTw,GLAY,732544767,541000,884
2025-11-27 12:34:43,UCZVVCZwOpCbDXB84SDqWixQ,Lil Shady,56319498,284000,97
2025-11-27 12:34:43,UCYXmyrGUVL8tX7VEvo_DjPw,シャル@ツモらせ隊,83359858,178000,901
2025-11-27 12:34:43,UCL7VEatXa9yBCKeM-ww8TnA,NX☆くさあん,208577725,238000,3563
2025-11-27 12:34:43,UCMF_5h2OejEhVorTB02UUSg,MAZZEL,243792578,285000,721
2025-11-27 12:34:43,UCpGpA7mSYmNJjLiJxKso5QA,しもふりチューブ,1783528661,2160000,3021
2025-11-27 12:34:43,UC9zY_E8mcAo_Oq772LEZq8Q,THE FIRST TAKE,6263951155,11500000,1529
2025-11-27 12:34:43,UCYe_uTI6X6mm9qaXm8iWFDg,ノッチ配信者パチンコライブ,269077781,125000,2727
2025-11-27 12:34:43,UC9Lx-zRFGfpuls27tNAOIqA,マエスケ,1543084879,1840000,1138
2025-11-27 12:34:43,UCDwcZ85zjLKD-3-jqlv1wQQ,アンジュルム,213864061,229000,370
2025-11-27 12:34:43,UC8Qwnts13zIh2EYUCau6m3w,ONE N' ONLY TV,112267072,214000,794
2025-11-27 12:34:43,UCdMGYXL38w6htx6Yf9YJa-w,プロジェクトセカイ カラフルステージ! feat. 初音ミク,2003481748,2060000,1907
2025-11-27 12:34:43,UCdn5BQ06XqgXoAxIhbqw5Rg,フブキCh。白上フブキ,710674501,2640000,2968
2025-11-27 12:34:43,UC-ifW8mHzfsZVGHY8vxqrjA,A.B.C-Z,59464169,54600,437
2025-11-27 12:34:43,UCqQNCRSihFHVsXrDikNeYSg,げまじょが好き【にじさんじEXゲマズ切り抜き】,4585662,2370,119
2025-11-27 12:34:43,UC_vMYWcDjmfdpH6r4TTn1MQ,Iroha ch. 風真いろは - holoX -,262964239,1130000,1053
2025-11-27 12:34:43,UCjJmYy279ehSYSwR1A3fXtA,マグロヘッド,394405965,735000,1753
2025-11-27 12:34:43,UCeTo4Eh0TzpKbUL4vGQZ73A,LEX *,4529834,1280,14
2025-11-27 12:34:43,UCxWcO9CLti4uouUIS5IIF-Q,Nornis,59019055,228000,110
2025-11-27 12:34:43,UCEf_Bc-KVd7onSeifS3py9g,SMTOWN,32611320806,33500000,4641
2025-11-27 12:34:43,UCMR5xpbhv3jzIQG1TOTg-Jg,B'z - Topic,290447628,3870,678
2025-11-27 12:34:43,UCX7YkU9nEeaoZbkVLVajcMg,にじさんじ,1071857867,1870000,2823
2025-11-27 12:34:43,UC6H_7uSepAzrlayBjAb9rrg,WurtS - Topic,69060265,698,82
2025-11-27 12:34:43,UC56x--_QtyaWD1QptYrPMqA,刀剣乱舞 公式チャンネル,9539808,131000,116
2025-11-27 12:34:43,UCqeAYB1DMzfM-hG-Up52yNQ,つるおかかものはし,371628954,387000,3610
2025-11-27 12:34:43,UCdCC1L_OxLrkoEjR19iXpRw,パチスロードch,135958194,75700,815
2025-11-27 12:34:43,UCJy7zfLsKBXoo2soFMum7JQ,あかさかの箱,1290928433,2620000,2688
2025-11-27 12:34:43,UClNdVSK1uy2xFHTaXZYXopw,らっだぁ,1818594075,1450000,2341
2025-11-27 12:34:43,UCwJYQvXHtNn1c7RqED4E7MA,パンダドラゴン,44018394,92300,533
2025-11-27 12:34:43,UC8eq3M3Yft3FUgxEX6lOZMg,chotokkyu - Topic,35832016,577,486
2025-11-27 12:34:43,UCS57xc1Bf-znC9_ouCc3SZw,佐野元春 - DaisyMusic,50511392,77700,163
2025-11-27 12:34:43,UCLkAepWjdylmXSltofFvsYQ,BANGTANTV,26052132409,81700000,2935
2025-11-27 12:34:43,UCYLp2FLXcqLUZhvrCxQmNIA,胡桃沢りりか,41004870,100000,2571
2025-11-27 12:34:43,UC15ebOqdhmvl1eb0s0jk5aw,戦極MCBATTLE,1332572110,847000,5383
2025-11-27 12:34:43,UCAaGaynFpku5cAx6OOSrW-w,HoneyWorks OFFICIAL,1601855248,2850000,550
2025-11-27 12:34:43,UCqKNMJ5s_vsf7WkesdBrvQA,IS:SUE,87680204,221000,769
2025-11-27 12:34:43,UCu3kfiUaK7MmkQ40omEpGyQ,ナナ色チャンネル,4666870,8350,83
2025-11-26 23:45:25,UCdVD0MsYecQaIE5Ru-pOIQQ,RIIZE,1015326967,1870000,1382
2025-11-26 23:45:25,UCaO6TYtlC8U5ttz62hTrZgg,JYP Entertainment,26024673774,31500000,2639
2025-11-26 23:45:25,UCHghNZNbV-CPbb_f3FslObw,がんばるぴえんちゃんパチンコ日記,80359809,100000,1531
2025-11-26 23:45:25,UCN7_YMtKaUiizHpw77XLVcw,EXILE,188488793,14700,308
2025-11-26 23:45:25,UCOfESRUR5duQ2hMnTQ4oqhA,BUMP OF CHICKEN,1637208579,1590000,165
2025-11-26 23:45:25,UCdCC1L_OxLrkoEjR19iXpRw,パチスロードch,135958194,75700,815
2025-11-26 23:45:25,UCB_qr75-ydFVKSF9Dmo6izg,FORMULA 1,8865234058,13700000,9406
2025-11-26 23:45:25,UC1FQWQ3y3-e8l1pCtWhJt5A,Vaundy,2295815134,2430000,226
2025-11-26 23:45:25,UCGjV4bsC43On-YuiLZcfL0w,KUN,3389035363,1660000,11232
2025-11-26 23:45:25,UCy0DH4rgPPjDWVZO7wibcSQ,めめんともり,351702333,335000,468
2025-11-26 23:45:25,UCs8nP5mUR3pwJmgixsul8Hw,Saucy Dog,503080790,860000,121
2025-11-26 23:45:25,UC1DCedRgGHBdm81E1llLhOQ,Pekora Ch. 兎田ぺこら,1012493189,2740000,2342
2025-11-26 23:45:25,UC9Lx-zRFGfpuls27tNAOIqA,マエスケ,1542232163,1830000,1138
2025-11-26 23:45:25,UChhKBlh_wvspTh5n4mL0b5g,BOYNEXTDOOR,1166800131,2060000,2200
2025-11-26 23:45:25,UCYLp2FLXcqLUZhvrCxQmNIA,胡桃沢りりか,41002456,100000,2570
2025-11-26 23:45:25,UCzXjPL7zo0bxhOYDxLJ9YEg,ポッキー,4096717679,3750000,4359
2025-11-26 23:45:25,UCdkVEDVAW5aFmA-Mkz0lAFQ,ひたまゆ。,466569140,410000,2793
2025-11-26 23:45:25,UCBhPDpv9JavoPADrZcsAC2A,あらき-ARAKI Official,320679686,489000,260
2025-11-26 23:45:25,UCOTR1tcOAhjgi6YukrPpZxg,まふまふちゃんねる,2481479816,3610000,511
2025-11-26 23:45:25,UCHzevlEL9JfsBIm86uNCJqg,宮野真守,78718653,449000,329
2025-11-26 23:45:25,UCH-lygWpHodDff3iQurnWnQ,加藤純一切り抜き集,1718873534,580000,5439
2025-11-26 23:45:25,UCBuLdF0tQn5oZjpvYWSQkaA,Liura Channel,92139442,206000,374
2025-11-26 23:45:25,UC3VId8brfshtHO6gMMqnZ5A,FLOW GLOW - Topic,366731,2190,5
2025-11-26 23:45:25,UCzRzPAT-AjlPyec5yXG974g,カワノKawano,208043598,184000,1322
2025-11-26 23:45:25,UCKU0SVkIPRqwiZaXJ9rXhdw,シュート。,216524805,256000,2334
2025-11-26 23:45:25,UCHazKLThRbMyMFu2bVAKhng,ウォーターチャレンジ,3129829378,3150000,2181
2025-11-26 23:45:25,UCXeTnWiRoifoHHEzSyR5Ogg,パチンコ・パチスロ必勝ガイドチャンネル,52748613,86300,1324
2025-11-26 23:45:25,UCpT4syVopfBl2bATVfAt65g,澤野弘之 / SawanoHiroyuki[nZk],51700285,3950,22
2025-11-26 23:45:25,UCtPyU9cJgvvgH03PQKgaucA,ファミ通TUBE,183049444,208000,8152
2025-11-26 23:45:25,UCmnZL4tFRl4sm-uJOxTLHmg,今日ポケch.,985549791,569000,1304
2025-11-26 23:45:25,UCENoC6MLc4pL-vehJyzSWmg,もこうの実況,1736173730,1600000,5787
2025-11-26 23:45:25,UC__iCxFigPdcry_UBv6sDGw,IO,16279732,38200,13
2025-11-26 23:45:25,UClNdVSK1uy2xFHTaXZYXopw,らっだぁ,1818287342,1450000,2341
2025-11-26 23:45:25,UCtiObj3CsEAdNU6ZPWDsddQ,TOMORROW X TOGETHER OFFICIAL,3494513829,13100000,3041
2025-11-26 23:45:25,UCc-PPk-lNe34JaWCcJQCL0g,ドコムスチャンネル,540983918,593000,2023
2025-11-26 23:45:25,UC1DqlLj1onQhBfxW81OgQTw,GLAY,732544767,541000,884
2025-11-26 23:45:25,UC-ifW8mHzfsZVGHY8vxqrjA,A.B.C-Z,59464169,54600,437
2025-11-26 23:45:25,UCtyXllCXnTAg4rjfI3UwIgA,しょうちゃんネル,300738637,138000,1547
2025-11-26 23:45:25,UCAWxPGGuIfWME2KTLUmSCHw,ぱかチューブっ!【ウマ娘公式】,515735509,1310000,1287
2025-11-26 23:45:25,UCWvr04hMa4k4wSilYcQ4qoA,キャベツの人【ゲーム紹介】,253110424,418000,973
2025-11-26 23:45:25,UCXqWKjzm2YMH6Bs7rAmsKFw,福本大晴,7285544,89600,145
2025-11-26 23:45:25,UCXURHJRGr4-EB3l87kcbElw,NCT DREAM,2300999800,7000000,1314
2025-11-26 23:45:25,UCof7dOTnyxaidkKkcIFuflQ,Mone Kamishiraishi - Topic,26335972,326,123
2025-11-26 23:45:25,UCSFCh5NL4qXrAy9u-u2lX3g,Kuzuha Channel,1426871249,2100000,2820
2025-11-26 23:45:25,UC_DopZ9OANqNGho0wFwADqA,けいちゃん / Keichan,502697517,1270000,606
2025-11-26 23:45:25,UCUW6U6iOrntB0jw6-AbQo8g,RED Games,250361199,209000,3569
2025-11-26 23:45:25,UCdszfKemUn36sOEplfkiGVQ,GPV LABEL,2994474,5350,90
2025-11-26 23:45:25,UCoQhX2O93MVTWfgIz-8wOmg,KUNの50人クラフト,465558693,543000,1048
2025-11-26 23:45:25,UC8eq3M3Yft3FUgxEX6lOZMg,chotokkyu - Topic,35769873,577,486
2025-11-26 23:45:25,UCfipDDn7wY-C-SoUChgxCQQ,葉山舞鈴 / Ohayama Ch.,88016924,599000,1339
2025-11-26 23:45:25,UCOVLrBaOiMH5QDKXTycZ8Pw,やっちゃんの崖っぷちスロパチ生活,698750427,326000,5204
2025-11-26 23:45:25,UCCzUftO8KOVkV4wQG1vkUvg,Marine Ch. 宝鐘マリン,2033880549,4260000,1560
2025-11-26 23:45:25,UC0ux2IFOXkj6ifQ4aSs9l7Q,大月【おおつき】,14755384,17500,1218
2025-11-26 23:45:25,UCJy7zfLsKBXoo2soFMum7JQ,あかさかの箱,1290130511,2620000,2688
2025-11-26 23:45:25,UC3ruCdV7xnwAbpkW9tQq-6A,のーわん【NoOnE】,419083334,409000,1206
2025-11-26 23:45:25,UCOXOcEbERAwGlE4ig9MaLSQ,夜勤明けパチンコパチスロ実践記,275601275,166000,1623
2025-11-26 23:45:25,UC8rk-fIWJXYlSF8tkfG9wWg,天色鮫,66592457,192000,132
2025-11-26 23:45:25,UCp_Az_oKu8-J5qIQpF35JbA,やわらちゃんねる,192967438,279000,862
2025-11-26 23:45:25,UCjJmYy279ehSYSwR1A3fXtA,マグロヘッド,393970578,735000,1753
2025-11-26 23:45:25,UC15ebOqdhmvl1eb0s0jk5aw,戦極MCBATTLE,1332572110,847000,5383
2025-11-26 23:45:25,UCYA14rrNjvQq_P_YSNeJHgA,スロライブ,89847170,46500,895
2025-11-26 23:45:25,UCENwRMx5Yh42zWpzURebzTw,Laplus ch. ラプラス・ダークネス - holoX -,399575779,1450000,917
2025-11-26 23:45:25,UCdMGYXL38w6htx6Yf9YJa-w,プロジェクトセカイ カラフルステージ! feat. 初音ミク,2003481748,2060000,1907
2025-11-26 23:45:25,UCZetZElUvdElPrcstRjl9DA,加藤純一ロードショー,413173563,509000,982
2025-11-26 23:45:25,UCvaTdHTWBGv3MKj3KVqJVCw,Okayu Ch. 猫又おかゆ,626491070,2060000,1591
2025-11-26 23:45:25,UCOx-oLP9tOhiYwSK_m-yVxA,オモコロチャンネル,618321757,473000,1144
2025-11-26 23:45:25,UCUzpZpX2wRYOk3J8QTFGxDg,乃木坂46 OFFICIAL YouTube CHANNEL,1610447858,1730000,1168
2025-11-26 23:45:25,UC6FadPgGviUcq6VQ0CEJqdQ,Juice=Juice,163770158,250000,280
2025-11-26 23:45:25,UCx-QS9BIo_L_lx5dkpys1qw,ねこまんまのパチ•チャンネル,7980136,14200,167
2025-11-26 23:45:25,UCBA-kvU_zYdKreZbhhywX2Q,あいずちゃんねる,147710919,57400,803
2025-11-26 23:45:25,UCAaGaynFpku5cAx6OOSrW-w,HoneyWorks OFFICIAL,1601855248,2850000,550
2025-11-26 23:45:25,UC56x--_QtyaWD1QptYrPMqA,刀剣乱舞 公式チャンネル,9539808,131000,116
2025-11-26 23:45:25,UCwJYQvXHtNn1c7RqED4E7MA,パンダドラゴン,44018394,92300,533
2025-11-26 23:45:25,UC4YT50DP7hbMsor8FmyEPMw,Victor Entertainment,1489698608,1070000,4972
2025-11-26 23:45:25,UCRDJ3DN-6ND_a4LSJ35L91A,立川ちゃんねる,106517662,107000,639
2025-11-26 23:45:25,UCFQu6Q-9LAS3KoEuRDNkzGA, ニート部,658915879,680000,3213
2025-11-26 23:45:25,UCS57xc1Bf-znC9_ouCc3SZw,佐野元春 - DaisyMusic,50511392,77700,163
2025-11-26 23:45:25,UC7wu64jFsV02bbu6UHUd7JA,ガンダムチャンネル,412502039,1670000,1654
2025-11-26 23:45:25,UCu2Fxqf37DAZ0ZhIsd1FZwA,Capcom Fighters JP,262400008,257000,3907
2025-11-26 23:45:25,UCv7VutirxDn3RWIJXI68n_A,＝LOVE（イコールラブ）公式チャンネル,466225819,556000,474
2025-11-26 23:45:25,UCy9GuRXGTm8TliQ-OJ7KwzA,【V.I.P】,978404255,979000,2495
2025-11-26 23:45:25,UCjcYYjM16TFOPXDjWgzHiHA,超覚醒てえんだ「スロパチ生放送」,87277250,140000,571
2025-11-26 23:45:25,UCHVkYOT63gAz5yTxjo68_Ng,家スロットゲームパンダ’s ROOM@琉球🐼🪸,1208167,1680,76
2025-11-26 23:45:25,UCIJAlAYCNN8RACtDDsy9K6g,Novelbright,652756465,733000,319
2025-11-26 23:45:25,UCDhOdoqPxv96djR3tSq9NoA,ショコラ大佐の秘密基地,148514604,138000,1745
2025-11-26 23:45:25,UCtKBQ2BYD76GiJvcpZOBorg,えいま,11412217,13500,346
2025-11-26 23:45:25,UCfkXDY7vwkcJ8ddFGz8KusA,SEVENTEEN,7797609294,16200000,3277
2025-11-26 23:45:25,UCeA0fcfLVewbuD7H5YsrpdA,ライキジョーンズ,118778430,146000,3390
2025-11-26 23:45:25,UCEf_Bc-KVd7onSeifS3py9g,SMTOWN,32604384233,33500000,4640
2025-11-26 23:45:25,UCMzLWawc9x3rUsqYDEfgqzA,ジャック・オ・蘭たん,712569541,648000,1888
2025-11-26 23:45:25,UCJnL-TBcsYrF2SLs7tmiC8Q,tripleS official,691134537,2880000,3056
2025-11-26 23:45:25,UC_vMYWcDjmfdpH6r4TTn1MQ,Iroha ch. 風真いろは - holoX -,262899962,1130000,1053
2025-11-26 23:45:25,UCLrYavXppY_4oRfquHk9VQg,HAGANE,14455474,74900,142
2025-11-26 23:45:25,UCPVr7clenPjpD7WNsSI3UBQ,レトルト,2878700140,2590000,3850
2025-11-26 23:45:25,UCMR5xpbhv3jzIQG1TOTg-Jg,B'z - Topic,290233950,3870,678
2025-11-26 23:45:25,UCH4yRBPH2pDUjPeqomx8CTQ,てるとくん,548320450,1330000,1894
2025-11-26 23:45:25,UCGc93NguHRwzv1Rw9MyIcxQ,鳴潮 (Wuthering Waves)公式,103289027,345000,465
2025-11-26 23:45:25,UCpYHkc4rzWEW7iVXIyxQebA,Hey! Say! JUMP - Topic,58891636,5080,738
2025-11-26 23:45:25,UCvo8JUqHh2d1QGnK3LKyI4Q,ポケモンユナイト公式チャンネル,31955174,139000,467
2025-11-26 23:45:25,UChVflUz2J_jaaqYjXqvpmQA,iLiFE!【あいらいふ】,246311299,485000,533
2025-11-26 23:45:25,UC2NujFa5X09CdV0YCntmQDg,板橋ハウス,904660978,752000,2029
2025-11-26 23:45:25,UC8_Ag6BVp43Vmrx6eillK9g,Vaundy - Topic,908887607,2190,110
2025-11-26 23:45:25,UC6SmH9mR82nj28_NNg_rZvA,スクウェア・エニックス,1173185129,1090000,10984
2025-11-26 23:45:25,UCHD1jo5RhijLfx5-0Ehe_cg,&TEAM,466813545,1320000,1408
2025-11-26 23:45:25,UCZwcUEEjD8RVzB-TAw1ts3g,Eden - Topic,4247351,1740,38
2025-11-26 23:45:25,UC5vqbtNnbOF2h7A_xlrIPUw,ぽっぴんず,916578477,630000,1053
2025-11-26 23:45:25,UCZMRuagdTBKmmrFtSMN48Xw,牛沢,2664965878,1800000,3740
2025-11-26 23:45:25,UCcz2Y1yhR42UxbFwvPFGCmA,きっしー助六ちゃんねる,75772269,61500,940
2025-11-26 23:45:25,UC3IZKseVpdzPSBaWxBxundA,HYBE LABELS,42519525251,79100000,2930
2025-11-26 23:45:25,UC9qSqkNFiByKzzoxT3Cydyw,Aiobahn,28036369,90100,14
2025-11-26 23:45:25,UCxIK6x6sG7Ln5vjjPYpgeAw,Chogakusei Official,674113985,1010000,564
2025-11-26 23:45:25,UCcg_rvE-fU2tATMwBAxW9bA,ヤングスキニー,149392027,238000,603
2025-11-26 23:45:25,UCMGvmEqkVbl372DCyn3NLAw,【吹いたら負け】葛葉先生のしくじり【切り抜き】,180526737,136000,978
2025-11-26 23:45:25,UCPJCP_fon2mOMfibbBPUOYw,SAWAYAN GAMES / サワヤン ゲームズ,1299022989,2070000,3417
2025-11-26 23:45:25,UCdPCarwi28K5Z7s5l2nMiLw,Uru Official YouTube Channel,901097541,1180000,296
2025-11-26 23:45:25,UCkKj-SiKyiFkj_dO1vmY3gA,加藤純一RECORDS,5240810,29100,82
2025-11-26 23:45:25,UCtceiniicYEsbAVuWy-Bi0Q,ドラゴンクエストウォーク公式,50338847,181000,160
2025-11-26 23:45:25,UC3J-txytRWiRtNXrLS95eEw,ASIAN KUNG-FU GENERATION Official YouTube Channel,608265861,788000,282
2025-11-26 23:45:25,UCMF_5h2OejEhVorTB02UUSg,MAZZEL,243792578,284000,721
2025-11-26 23:45:25,UCLkAepWjdylmXSltofFvsYQ,BANGTANTV,26052132409,81700000,2935
2025-11-26 23:45:25,UCylNKKCfPMm8ROXasQWTonA,響咲リオナの足,3214550,6930,124
2025-11-26 23:45:25,UCooVYzDxdwTtGYAkcPmOgOw,Brawl Stars,4004541024,23200000,370
2025-11-26 23:45:25,UCFuugQScqDfJcsOEWbL1_tg,Gero Channel,209118582,551000,166
2025-11-26 23:45:25,UCYe_uTI6X6mm9qaXm8iWFDg,ノッチ配信者パチンコライブ,268739271,125000,2727
2025-11-26 23:45:25,UCx1nAvtVDIsaGmCMSe8ofsQ,加藤純一【jun channel】,1137353557,1280000,1834
2025-11-26 23:45:25,UCNVIo0UJXTdEnsRkCB9Q03w,ILLIT - Topic,563762931,57700,59
2025-11-26 23:45:25,UCC4xWbcBVn-tHgchhrdmFpg,Jinmenusagi,9965654,32700,80
2025-11-26 23:45:25,UCj4PjeVMnNTHIR5EeoNKPAw,ドズル社,4902232621,2570000,10212
2025-11-26 23:45:25,UC3NrSfe_yR5XX9zGFxYoV1Q,HIRAIDAI - Topic,281229302,3400,415
2025-11-26 23:45:25,UCkVvAm5jb62IMIJQj4wPVGA,TMSアニメ公式チャンネル,379083255,898000,1146
2025-11-26 23:45:25,UCMJiPpN_09F0aWpQrgbc_qg,キヨ。,6531537929,5480000,3083
2025-11-26 23:45:25,UC6qVAJzxF5kSN_UUFSdODiQ,MAZZEL - Topic,19285446,8260,57
2025-11-26 23:45:25,UCeK22JmzkTMa69kZU9NEqsA,めじの【Vtuber応援隊】,31821301,15100,537
2025-11-26 23:45:25,UCyTaStlK0neSuKveYOIioaw,ぐんぐにるチャンネル,275072390,426000,447
2025-11-26 23:45:25,UCtwTCZuQkTIwUf5m9mlZnOQ,Release - Topic,3185,45,7
2025-11-26 23:45:25,UC14QT5j2nQI8lKBCGtrrBQA,アニプレックス チャンネル,4305419674,3720000,15436
2025-11-26 23:45:25,UC-_iQWdEZY66nGGaHH0Ygmg,僕が見たかった青空,52805973,122000,498
2025-11-26 23:45:25,UCL7VEatXa9yBCKeM-ww8TnA,NX☆くさあん,208509168,238000,3562
2025-11-26 23:45:25,UCrQUlOEbu-0T0l4DAcBEeIg,pizzaofdeathofficial,408072226,332000,372
2025-11-26 23:45:25,UCpGpA7mSYmNJjLiJxKso5QA,しもふりチューブ,1783109366,2160000,3021
2025-11-26 23:45:25,UC9rMiEjNaCSsebs31MRDCRA,Stray Kids,9673395528,22200000,1879
2025-11-26 23:45:25,UCu3kfiUaK7MmkQ40omEpGyQ,ナナ色チャンネル,4617009,8320,83
2025-11-26 23:45:25,UCXEo7JprZQGCPkezcZylHlQ,黒炭酸,152370607,202000,1757
2025-11-26 23:45:25,UCDbUUremwf8k1x1GTYfB1Ng,ニート部クラフト,20408585,97200,125
2025-11-26 23:45:25,UCqeAYB1DMzfM-hG-Up52yNQ,つるおかかものはし,371359176,387000,3610
2025-11-26 23:45:25,UCFvSFbT8okMrpuFxBEIB2lg,M!LK,89672169,10400,243
2025-11-26 23:45:25,UCt09C9DPSuOGpHoitbcyCIQ,ゼンレスゾーンゼロ-ZZZ-公式,229645284,754000,429
2025-11-26 23:45:25,UCqQNCRSihFHVsXrDikNeYSg,げまじょが好き【にじさんじEXゲマズ切り抜き】,4505630,2350,118
2025-11-26 23:45:25,UChUjERVG8eKEAJSCef-tTmg,k4sen / かせん,717720716,1020000,3063
2025-11-26 23:45:25,UC6H_7uSepAzrlayBjAb9rrg,WurtS - Topic,69010100,698,82
2025-11-26 23:45:25,UCM3yhFc0-fBFuvqx1Vg2YNQ,まいぜんシスターズ,7171218264,3180000,1860
2025-11-26 23:45:25,UCOjkVJQcjtWnpf0-1ft4brA,ゆっくりむちゃたぬき,210059667,352000,423
2025-11-26 23:45:25,UC_ntXHv-XdKCD7CPynVvnQw,Bandai Namco Entertainment America,615539104,1460000,3566
2025-11-26 23:45:25,UCvzGlP9oQwU--Y0r9id_jnA,Subaru Ch. 大空スバル,581156475,1950000,1895
2025-11-26 23:45:25,UC-hM6YJuNYVAmUWxeIr9FeA,Miko Ch. さくらみこ,889625882,2460000,2043
2025-11-26 23:45:25,UCrKna8EQAd7NPRYq-gIsuow,ホロライ部【ホロライブ切り抜き】,70032016,37800,613
2025-11-26 23:45:25,UCmovZ2th3Sqpd00F5RdeigQ,加賀美 ハヤト/Hayato Kagami,332409391,921000,1521
2025-11-26 23:45:25,UCqKNMJ5s_vsf7WkesdBrvQA,IS:SUE,87680204,221000,769
2025-11-26 23:45:25,UCc-itdQHxLvUlPrDxIiSJrA,INI,748068954,653000,1268
2025-11-26 23:45:25,UCgmFrRcyH7d1zR9sIVQhFow,ローレン・イロアス / Lauren Iroas【にじさんじ】,396807021,953000,1048
2025-11-26 23:45:25,UCX7YkU9nEeaoZbkVLVajcMg,にじさんじ,1071857867,1870000,2823
2025-11-26 23:45:25,UCYXmyrGUVL8tX7VEvo_DjPw,シャル@ツモらせ隊,83196304,178000,900
2025-11-26 23:45:25,UCZVVCZwOpCbDXB84SDqWixQ,Lil Shady,56239923,283000,97
2025-11-26 23:45:25,UC9zY_E8mcAo_Oq772LEZq8Q,THE FIRST TAKE,6261501950,11500000,1529
2025-11-26 23:45:25,UCv2ejD5B1xOYtGB2cf80B8g,Netflix Japan,1982053787,2300000,7758
2025-11-26 23:45:25,UCHp2q2i85qt_9nn2H7AvGOw,NiziU Official,1563277157,2290000,2504
2025-11-26 23:45:25,UCILZFnKZJksR7zwhZbAB4vw,れじぇくん,1503069264,1170000,1428
2025-11-26 23:45:25,UCDwcZ85zjLKD-3-jqlv1wQQ,アンジュルム,213864061,229000,370
2025-11-26 23:45:25,UCxWcO9CLti4uouUIS5IIF-Q,Nornis,59019055,228000,110
2025-11-26 23:45:25,UC070fhnqq38qNhqHm5rxTcQ,令和ちゃんねる,428354288,506000,3626
2025-11-26 23:45:25,UCqMRVBz-hhSFRuqlL1guqig,あひるだっく,52092416,128000,89
2025-11-26 23:45:25,UCEfbtVOJgicdHjs5HzOzJlA,ぱち・スロ部,3649413,1770,303
2025-11-26 23:45:25,UCVh47EKH9VLresRqiYi9txw,Mili,608668101,1010000,117
2025-11-26 23:45:25,UCZ1xuCK1kNmn5RzPYIZop3w,リゼ・ヘルエスタ -Lize Helesta-,299263684,957000,1090
2025-11-26 23:45:25,UCeTo4Eh0TzpKbUL4vGQZ73A,LEX *,4521029,1280,14
2025-11-26 23:45:25,UC8Qwnts13zIh2EYUCau6m3w,ONE N' ONLY TV,112267072,214000,794
2025-11-26 23:45:25,UC7aYDbAOIKIMt25ENfJ68Qw,ルカ,118706200,120000,2126
2025-11-26 23:45:25,UChn5TjkeEqd-JxzizMVSkOw,ハヤトの野望,1035273674,1510000,2417
2025-11-26 02:42:42,UCcg_rvE-fU2tATMwBAxW9bA,ヤングスキニー,147892001,238000,602
2025-11-26 02:42:42,UCUW6U6iOrntB0jw6-AbQo8g,RED Games,250066787,209000,3566
2025-11-26 02:42:42,UCCzUftO8KOVkV4wQG1vkUvg,Marine Ch. 宝鐘マリン,2033880549,4260000,1560
2025-11-26 02:42:42,UC0ux2IFOXkj6ifQ4aSs9l7Q,大月【おおつき】,14724261,17400,1217
2025-11-26 02:42:42,UCZVVCZwOpCbDXB84SDqWixQ,Lil Shady,55380693,283000,97
2025-11-26 02:42:42,UCooVYzDxdwTtGYAkcPmOgOw,Brawl Stars,4001441866,23200000,370
2025-11-26 02:42:42,UCAaGaynFpku5cAx6OOSrW-w,HoneyWorks OFFICIAL,1601855248,2850000,550
2025-11-26 02:42:42,UCZwcUEEjD8RVzB-TAw1ts3g,Eden - Topic,4203275,1720,38
2025-11-26 02:42:42,UCdCC1L_OxLrkoEjR19iXpRw,パチスロードch,135548348,75600,814
2025-11-26 02:42:42,UC9Lx-zRFGfpuls27tNAOIqA,マエスケ,1540679756,1830000,1137
2025-11-26 02:42:42,UCu2Fxqf37DAZ0ZhIsd1FZwA,Capcom Fighters JP,260498750,257000,3894
2025-11-26 02:42:42,UCqMRVBz-hhSFRuqlL1guqig,あひるだっく,51933932,127000,89
2025-11-26 02:42:42,UCjcYYjM16TFOPXDjWgzHiHA,超覚醒てえんだ「スロパチ生放送」,87200756,140000,571
2025-11-26 02:42:42,UCdszfKemUn36sOEplfkiGVQ,GPV LABEL,2971294,5230,89
2025-11-26 02:42:42,UCWvr04hMa4k4wSilYcQ4qoA,キャベツの人【ゲーム紹介】,252884397,418000,972
2025-11-26 02:42:42,UCYXmyrGUVL8tX7VEvo_DjPw,シャル@ツモらせ隊,83052972,178000,898
2025-11-26 02:42:42,UCOfESRUR5duQ2hMnTQ4oqhA,BUMP OF CHICKEN,1637208579,1590000,164
2025-11-26 02:42:42,UC-hM6YJuNYVAmUWxeIr9FeA,Miko Ch. さくらみこ,889625882,2460000,2042
2025-11-26 02:42:42,UCN7_YMtKaUiizHpw77XLVcw,EXILE,188355385,14700,307
2025-11-26 02:42:42,UCDhOdoqPxv96djR3tSq9NoA,ショコラ大佐の秘密基地,148259588,138000,1745
2025-11-26 02:42:42,UCHD1jo5RhijLfx5-0Ehe_cg,&TEAM,466813545,1320000,1405
2025-11-26 02:42:42,UCc-itdQHxLvUlPrDxIiSJrA,INI,748068954,652000,1267
2025-11-26 02:42:42,UCX7YkU9nEeaoZbkVLVajcMg,にじさんじ,1071275897,1870000,2825
2025-11-26 02:42:42,UChhKBlh_wvspTh5n4mL0b5g,BOYNEXTDOOR,1153888296,2060000,2198
2025-11-26 02:42:42,UCL7VEatXa9yBCKeM-ww8TnA,NX☆くさあん,208215299,238000,3562
2025-11-26 02:42:42,UCt09C9DPSuOGpHoitbcyCIQ,ゼンレスゾーンゼロ-ZZZ-公式,229080119,754000,427
2025-11-26 02:42:42,UCVh47EKH9VLresRqiYi9txw,Mili,608668101,1000000,117
2025-11-26 02:42:42,UCNVIo0UJXTdEnsRkCB9Q03w,ILLIT - Topic,562318404,57700,59
2025-11-26 02:42:42,UCj4PjeVMnNTHIR5EeoNKPAw,ドズル社,4893163285,2560000,10209
2025-11-26 02:42:42,UCtKBQ2BYD76GiJvcpZOBorg,えいま,11404954,13500,346
2025-11-26 02:42:42,UCBhPDpv9JavoPADrZcsAC2A,あらき-ARAKI Official,320679686,489000,260
2025-11-26 02:42:42,UC7wu64jFsV02bbu6UHUd7JA,ガンダムチャンネル,412066551,1670000,1655
2025-11-26 02:42:42,UCILZFnKZJksR7zwhZbAB4vw,れじぇくん,1502941335,1170000,1428
2025-11-26 02:42:42,UCXEo7JprZQGCPkezcZylHlQ,黒炭酸,152018395,201000,1757
2025-11-26 02:42:42,UC14QT5j2nQI8lKBCGtrrBQA,アニプレックス チャンネル,4301336548,3720000,15426
2025-11-26 02:42:42,UCFQu6Q-9LAS3KoEuRDNkzGA, ニート部,658519203,680000,3212
2025-11-26 02:42:42,UCrKna8EQAd7NPRYq-gIsuow,ホロライ部【ホロライブ切り抜き】,69865886,37800,613
2025-11-26 02:42:42,UCJnL-TBcsYrF2SLs7tmiC8Q,tripleS official,678132684,2880000,3050
2025-11-26 02:42:42,UCBA-kvU_zYdKreZbhhywX2Q,あいずちゃんねる,147494513,57400,803
2025-11-26 02:42:42,UCIJAlAYCNN8RACtDDsy9K6g,Novelbright,646175482,733000,319
2025-11-26 02:42:42,UC1FQWQ3y3-e8l1pCtWhJt5A,Vaundy,2295815134,2430000,226
2025-11-26 02:42:42,UCXURHJRGr4-EB3l87kcbElw,NCT DREAM,2300999800,7000000,1312
2025-11-26 02:42:42,UCDwcZ85zjLKD-3-jqlv1wQQ,アンジュルム,213864061,229000,370
2025-11-26 02:42:42,UCPVr7clenPjpD7WNsSI3UBQ,レトルト,2877943743,2590000,3850
2025-11-26 02:42:42,UCOVLrBaOiMH5QDKXTycZ8Pw,やっちゃんの崖っぷちスロパチ生活,698612534,326000,5202
2025-11-26 02:42:42,UCOTR1tcOAhjgi6YukrPpZxg,まふまふちゃんねる,2480967798,3610000,511
2025-11-26 02:42:42,UCEf_Bc-KVd7onSeifS3py9g,SMTOWN,32595925805,33500000,4640
2025-11-26 02:42:42,UCYA14rrNjvQq_P_YSNeJHgA,スロライブ,89786502,46500,894
2025-11-26 02:42:42,UCC4xWbcBVn-tHgchhrdmFpg,Jinmenusagi,9965654,32500,80
2025-11-26 02:42:42,UC-_iQWdEZY66nGGaHH0Ygmg,僕が見たかった青空,52805973,122000,498
2025-11-26 02:42:42,UCv7VutirxDn3RWIJXI68n_A,＝LOVE（イコールラブ）公式チャンネル,466225819,555000,474
2025-11-26 02:42:42,UCc-PPk-lNe34JaWCcJQCL0g,ドコムスチャンネル,540356662,593000,2021
2025-11-26 02:42:42,UC_vMYWcDjmfdpH6r4TTn1MQ,Iroha ch. 風真いろは - holoX -,262723246,1130000,1051
2025-11-26 02:42:42,UCMzLWawc9x3rUsqYDEfgqzA,ジャック・オ・蘭たん,711865273,648000,1887
2025-11-26 02:42:42,UC6FadPgGviUcq6VQ0CEJqdQ,Juice=Juice,162049064,249000,280
2025-11-26 02:42:42,UCx-QS9BIo_L_lx5dkpys1qw,ねこまんまのパチ•チャンネル,7912284,14200,167
2025-11-26 02:42:42,UCB_qr75-ydFVKSF9Dmo6izg,FORMULA 1,8862448442,13700000,9404
2025-11-26 02:42:42,UCMJiPpN_09F0aWpQrgbc_qg,キヨ。,6529569181,5480000,3083
2025-11-26 02:42:42,UChVflUz2J_jaaqYjXqvpmQA,iLiFE!【あいらいふ】,246311299,485000,531
2025-11-26 02:42:42,UCSFCh5NL4qXrAy9u-u2lX3g,Kuzuha Channel,1425335663,2100000,2818
2025-11-26 02:42:42,UC8rk-fIWJXYlSF8tkfG9wWg,天色鮫,66494567,192000,132
2025-11-26 02:42:42,UCZMRuagdTBKmmrFtSMN48Xw,牛沢,2664413580,1800000,3739
2025-11-26 02:42:42,UC7aYDbAOIKIMt25ENfJ68Qw,ルカ,118589990,120000,2125
2025-11-26 02:42:42,UCpGpA7mSYmNJjLiJxKso5QA,しもふりチューブ,1782821519,2160000,3020
2025-11-26 02:42:42,UC2NujFa5X09CdV0YCntmQDg,板橋ハウス,904148443,752000,2028
2025-11-26 02:42:42,UCdMGYXL38w6htx6Yf9YJa-w,プロジェクトセカイ カラフルステージ! feat. 初音ミク,2001101239,2060000,1907
2025-11-26 02:42:42,UCOjkVJQcjtWnpf0-1ft4brA,ゆっくりむちゃたぬき,209880141,352000,423
2025-11-26 02:42:42,UCvo8JUqHh2d1QGnK3LKyI4Q,ポケモンユナイト公式チャンネル,31943421,139000,467
2025-11-26 02:42:42,UCHghNZNbV-CPbb_f3FslObw,がんばるぴえんちゃんパチンコ日記,80268828,100000,1529
2025-11-26 02:42:42,UCx1nAvtVDIsaGmCMSe8ofsQ,加藤純一【jun channel】,1136806839,1280000,1834
2025-11-26 02:42:42,UCUzpZpX2wRYOk3J8QTFGxDg,乃木坂46 OFFICIAL YouTube CHANNEL,1610447858,1730000,1168
2025-11-26 02:42:42,UC3IZKseVpdzPSBaWxBxundA,HYBE LABELS,42502703726,79100000,2929
2025-11-26 02:42:42,UCHazKLThRbMyMFu2bVAKhng,ウォーターチャレンジ,3129092305,3150000,2180
2025-11-26 02:42:42,UCqKNMJ5s_vsf7WkesdBrvQA,IS:SUE,87680204,221000,768
2025-11-26 02:42:42,UCxIK6x6sG7Ln5vjjPYpgeAw,Chogakusei Official,667393982,1010000,564
2025-11-26 02:42:42,UCdkVEDVAW5aFmA-Mkz0lAFQ,ひたまゆ。,466225947,410000,2791
2025-11-26 02:42:42,UC9rMiEjNaCSsebs31MRDCRA,Stray Kids,9673395528,22200000,1874
2025-11-26 02:42:42,UCmovZ2th3Sqpd00F5RdeigQ,加賀美 ハヤト/Hayato Kagami,332409391,921000,1521
2025-11-26 02:42:42,UC1DCedRgGHBdm81E1llLhOQ,Pekora Ch. 兎田ぺこら,1012065908,2740000,2342
2025-11-26 02:42:42,UC5vqbtNnbOF2h7A_xlrIPUw,ぽっぴんず,916217219,630000,1052
2025-11-26 02:42:42,UCp_Az_oKu8-J5qIQpF35JbA,やわらちゃんねる,192821029,279000,862
2025-11-26 02:42:42,UCyTaStlK0neSuKveYOIioaw,ぐんぐにるチャンネル,275010203,426000,446
2025-11-26 02:42:42,UCylNKKCfPMm8ROXasQWTonA,響咲リオナの足,3145428,6730,121
2025-11-26 02:42:42,UCoQhX2O93MVTWfgIz-8wOmg,KUNの50人クラフト,464951451,543000,1047
2025-11-26 02:42:42,UC8eq3M3Yft3FUgxEX6lOZMg,chotokkyu - Topic,35735494,577,486
2025-11-26 02:42:42,UCPJCP_fon2mOMfibbBPUOYw,SAWAYAN GAMES / サワヤン ゲームズ,1298524819,2070000,3416
2025-11-26 02:42:42,UCHzevlEL9JfsBIm86uNCJqg,宮野真守,78718653,449000,329
2025-11-26 02:42:42,UCzXjPL7zo0bxhOYDxLJ9YEg,ポッキー,4096288405,3750000,4359
2025-11-26 02:42:42,UCkVvAm5jb62IMIJQj4wPVGA,TMSアニメ公式チャンネル,379415080,898000,1145
2025-11-26 02:42:42,UCvzGlP9oQwU--Y0r9id_jnA,Subaru Ch. 大空スバル,580850595,1950000,1894
2025-11-26 02:42:42,UCdVD0MsYecQaIE5Ru-pOIQQ,RIIZE,1015326967,1870000,1376
2025-11-26 02:42:42,UCH-lygWpHodDff3iQurnWnQ,加藤純一切り抜き集,1718625450,580000,5439
2025-11-26 02:42:42,UCeK22JmzkTMa69kZU9NEqsA,めじの【Vtuber応援隊】,31744481,15100,537
2025-11-26 02:42:42,UCrQUlOEbu-0T0l4DAcBEeIg,pizzaofdeathofficial,407896835,331000,372
2025-11-26 02:42:42,UCMGvmEqkVbl372DCyn3NLAw,【吹いたら負け】葛葉先生のしくじり【切り抜き】,180483768,136000,978
2025-11-26 02:42:42,UC56x--_QtyaWD1QptYrPMqA,刀剣乱舞 公式チャンネル,9433224,131000,116
2025-11-26 02:42:42,UC6qVAJzxF5kSN_UUFSdODiQ,MAZZEL - Topic,19200719,8260,57
2025-11-26 02:42:42,UCH4yRBPH2pDUjPeqomx8CTQ,てるとくん,547980035,1330000,1893
2025-11-26 02:42:42,UCXqWKjzm2YMH6Bs7rAmsKFw,福本大晴,7285544,89700,144
2025-11-26 02:42:42,UC3VId8brfshtHO6gMMqnZ5A,FLOW GLOW - Topic,336999,2190,5
2025-11-26 02:42:42,UCJy7zfLsKBXoo2soFMum7JQ,あかさかの箱,1289568315,2620000,2687
2025-11-26 02:42:42,UC9zY_E8mcAo_Oq772LEZq8Q,THE FIRST TAKE,6258536568,11500000,1527
2025-11-26 02:42:42,UC_ntXHv-XdKCD7CPynVvnQw,Bandai Namco Entertainment America,615121786,1460000,3565
2025-11-26 02:42:42,UCLrYavXppY_4oRfquHk9VQg,HAGANE,14455474,74700,141
2025-11-26 02:42:42,UCHVkYOT63gAz5yTxjo68_Ng,家スロットゲームパンダ’s ROOM@琉球🐼🪸,1200415,1680,76
2025-11-26 02:42:42,UC3J-txytRWiRtNXrLS95eEw,ASIAN KUNG-FU GENERATION Official YouTube Channel,608265861,788000,281
2025-11-26 02:42:42,UCENoC6MLc4pL-vehJyzSWmg,もこうの実況,1735813242,1600000,5786
2025-11-26 02:42:42,UC15ebOqdhmvl1eb0s0jk5aw,戦極MCBATTLE,1331994946,847000,5380
2025-11-26 02:42:42,UChn5TjkeEqd-JxzizMVSkOw,ハヤトの野望,1034602930,1510000,2416
2025-11-26 02:42:42,UCkKj-SiKyiFkj_dO1vmY3gA,加藤純一RECORDS,5125700,28800,82
2025-11-26 02:42:42,UCMF_5h2OejEhVorTB02UUSg,MAZZEL,240478072,283000,721
2025-11-26 02:42:42,UCKU0SVkIPRqwiZaXJ9rXhdw,シュート。,216368438,256000,2334
2025-11-26 02:42:42,UCFvSFbT8okMrpuFxBEIB2lg,M!LK,89260464,10300,243
2025-11-26 02:42:42,UCvaTdHTWBGv3MKj3KVqJVCw,Okayu Ch. 猫又おかゆ,626491070,2060000,1591
2025-11-26 02:42:42,UC-ifW8mHzfsZVGHY8vxqrjA,A.B.C-Z,59464169,54500,437
2025-11-26 02:42:42,UCtiObj3CsEAdNU6ZPWDsddQ,TOMORROW X TOGETHER OFFICIAL,3494513829,13100000,3039
2025-11-26 02:42:42,UC070fhnqq38qNhqHm5rxTcQ,令和ちゃんねる,428112546,506000,3625
2025-11-26 02:42:42,UCYe_uTI6X6mm9qaXm8iWFDg,ノッチ配信者パチンコライブ,268361675,125000,2725
2025-11-26 02:42:42,UC__iCxFigPdcry_UBv6sDGw,IO,16107442,38100,13
2025-11-26 02:42:42,UCu3kfiUaK7MmkQ40omEpGyQ,ナナ色チャンネル,4342673,8180,80
2025-11-26 02:42:42,UCYLp2FLXcqLUZhvrCxQmNIA,胡桃沢りりか,40910955,100000,2568
2025-11-26 02:42:42,UCv2ejD5B1xOYtGB2cf80B8g,Netflix Japan,1980081923,2300000,7751
2025-11-26 02:42:42,UCeA0fcfLVewbuD7H5YsrpdA,ライキジョーンズ,118704759,146000,3389
2025-11-26 02:42:42,UCqQNCRSihFHVsXrDikNeYSg,げまじょが好き【にじさんじEXゲマズ切り抜き】,4469282,2330,117
2025-11-26 02:42:42,UCEfbtVOJgicdHjs5HzOzJlA,ぱち・スロ部,3584119,1760,302
2025-11-26 02:42:42,UCGjV4bsC43On-YuiLZcfL0w,KUN,3388574947,1660000,11231
2025-11-26 02:42:42,UC_DopZ9OANqNGho0wFwADqA,けいちゃん / Keichan,502697517,1270000,605
2025-11-26 02:42:42,UCfkXDY7vwkcJ8ddFGz8KusA,SEVENTEEN,7797609294,16200000,3275
2025-11-26 02:42:42,UCBuLdF0tQn5oZjpvYWSQkaA,Liura Channel,91964482,206000,374
2025-11-26 02:42:42,UCqeAYB1DMzfM-hG-Up52yNQ,つるおかかものはし,370934217,387000,3607
2025-11-26 02:42:42,UCLkAepWjdylmXSltofFvsYQ,BANGTANTV,26052132409,81700000,2933
2025-11-26 02:42:42,UCZ1xuCK1kNmn5RzPYIZop3w,リゼ・ヘルエスタ -Lize Helesta-,299001750,957000,1090
2025-11-26 02:42:42,UCXeTnWiRoifoHHEzSyR5Ogg,パチンコ・パチスロ必勝ガイドチャンネル,52606761,86200,1323
2025-11-26 02:42:42,UCRDJ3DN-6ND_a4LSJ35L91A,立川ちゃんねる,106288438,107000,639
2025-11-26 02:42:42,UCgmFrRcyH7d1zR9sIVQhFow,ローレン・イロアス / Lauren Iroas【にじさんじ】,396542080,953000,1048
2025-11-26 02:42:42,UCaO6TYtlC8U5ttz62hTrZgg,JYP Entertainment,26014450299,31500000,2639
2025-11-26 02:42:42,UCy9GuRXGTm8TliQ-OJ7KwzA,【V.I.P】,977997693,978000,2494
2025-11-26 02:42:42,UCAWxPGGuIfWME2KTLUmSCHw,ぱかチューブっ!【ウマ娘公式】,514883442,1310000,1288
2025-11-26 02:42:42,UCtyXllCXnTAg4rjfI3UwIgA,しょうちゃんネル,298495773,138000,1546
2025-11-26 02:42:42,UCOXOcEbERAwGlE4ig9MaLSQ,夜勤明けパチンコパチスロ実践記,275549095,166000,1622
2025-11-26 02:42:42,UCxWcO9CLti4uouUIS5IIF-Q,Nornis,59019055,228000,110
2025-11-26 02:42:42,UCDbUUremwf8k1x1GTYfB1Ng,ニート部クラフト,20293991,97000,125
2025-11-26 02:42:42,UCwJYQvXHtNn1c7RqED4E7MA,パンダドラゴン,44018394,92300,532
2025-11-26 02:42:42,UClNdVSK1uy2xFHTaXZYXopw,らっだぁ,1817433175,1450000,2340
2025-11-26 02:42:42,UCcz2Y1yhR42UxbFwvPFGCmA,きっしー助六ちゃんねる,75760244,61500,939
2025-11-26 02:42:42,UC6SmH9mR82nj28_NNg_rZvA,スクウェア・エニックス,1172745497,1090000,10980
2025-11-26 02:42:42,UChUjERVG8eKEAJSCef-tTmg,k4sen / かせん,716687091,1020000,3062
2025-11-26 02:42:42,UCtPyU9cJgvvgH03PQKgaucA,ファミ通TUBE,182978966,208000,8152
2025-11-26 04:30:56,UCyTaStlK0neSuKveYOIioaw,ぐんぐにるチャンネル,275025805,426000,446
2025-11-26 04:30:56,UC3IZKseVpdzPSBaWxBxundA,HYBE LABELS,42512507391,79100000,2929
2025-11-26 04:30:56,UCu3kfiUaK7MmkQ40omEpGyQ,ナナ色チャンネル,4452742,8180,80
2025-11-26 04:30:56,UCJy7zfLsKBXoo2soFMum7JQ,あかさかの箱,1289845708,2620000,2687
2025-11-26 04:30:56,UCKU0SVkIPRqwiZaXJ9rXhdw,シュート。,216424957,256000,2334
2025-11-26 04:30:56,UCaO6TYtlC8U5ttz62hTrZgg,JYP Entertainment,26015574408,31500000,2639
2025-11-26 04:30:56,UCdkVEDVAW5aFmA-Mkz0lAFQ,ひたまゆ。,466360946,410000,2791
2025-11-26 04:30:56,UCH-lygWpHodDff3iQurnWnQ,加藤純一切り抜き集,1718686707,580000,5439
2025-11-26 04:30:56,UC_DopZ9OANqNGho0wFwADqA,けいちゃん / Keichan,502697517,1270000,605
2025-11-26 04:30:56,UCUW6U6iOrntB0jw6-AbQo8g,RED Games,250066787,209000,3566
2025-11-26 04:30:56,UCOjkVJQcjtWnpf0-1ft4brA,ゆっくりむちゃたぬき,209988723,352000,423
2025-11-26 04:30:56,UCXEo7JprZQGCPkezcZylHlQ,黒炭酸,152159642,201000,1757
2025-11-26 04:30:56,UCgmFrRcyH7d1zR9sIVQhFow,ローレン・イロアス / Lauren Iroas【にじさんじ】,396660732,953000,1048
2025-11-26 04:30:56,UCx-QS9BIo_L_lx5dkpys1qw,ねこまんまのパチ•チャンネル,7913144,14200,167
2025-11-26 04:30:56,UC14QT5j2nQI8lKBCGtrrBQA,アニプレックス チャンネル,4302784745,3720000,15426
2025-11-26 04:30:56,UCH4yRBPH2pDUjPeqomx8CTQ,てるとくん,548135777,1330000,1893
2025-11-26 04:30:56,UCXURHJRGr4-EB3l87kcbElw,NCT DREAM,2300999800,7000000,1312
2025-11-26 04:30:56,UCj4PjeVMnNTHIR5EeoNKPAw,ドズル社,4897496529,2560000,10209
2025-11-26 04:30:56,UCHVkYOT63gAz5yTxjo68_Ng,家スロットゲームパンダ’s ROOM@琉球🐼🪸,1200416,1680,76
2025-11-26 04:30:56,UCu2Fxqf37DAZ0ZhIsd1FZwA,Capcom Fighters JP,260904621,257000,3894
2025-11-26 04:30:56,UCDbUUremwf8k1x1GTYfB1Ng,ニート部クラフト,20342644,97000,125
2025-11-26 04:30:56,UCvaTdHTWBGv3MKj3KVqJVCw,Okayu Ch. 猫又おかゆ,626491070,2060000,1591
2025-11-26 04:30:56,UCMF_5h2OejEhVorTB02UUSg,MAZZEL,240478072,283000,721
2025-11-26 04:30:56,UCxWcO9CLti4uouUIS5IIF-Q,Nornis,59019055,228000,110
2025-11-26 04:30:56,UC2NujFa5X09CdV0YCntmQDg,板橋ハウス,904148443,752000,2028
2025-11-26 04:30:56,UCv2ejD5B1xOYtGB2cf80B8g,Netflix Japan,1980717825,2300000,7751
2025-11-26 04:30:56,UCvo8JUqHh2d1QGnK3LKyI4Q,ポケモンユナイト公式チャンネル,31943421,139000,467
2025-11-26 04:30:56,UCdVD0MsYecQaIE5Ru-pOIQQ,RIIZE,1015326967,1870000,1376
2025-11-26 04:30:56,UCpGpA7mSYmNJjLiJxKso5QA,しもふりチューブ,1782869559,2160000,3020
2025-11-26 04:30:56,UC3VId8brfshtHO6gMMqnZ5A,FLOW GLOW - Topic,336999,2190,5
2025-11-26 04:30:56,UCOfESRUR5duQ2hMnTQ4oqhA,BUMP OF CHICKEN,1637208579,1590000,164
2025-11-26 04:30:56,UC_ntXHv-XdKCD7CPynVvnQw,Bandai Namco Entertainment America,615174747,1460000,3565
2025-11-26 04:30:56,UCtKBQ2BYD76GiJvcpZOBorg,えいま,11404954,13500,346
2025-11-26 04:30:56,UCWvr04hMa4k4wSilYcQ4qoA,キャベツの人【ゲーム紹介】,252994622,418000,972
2025-11-26 04:30:56,UCdCC1L_OxLrkoEjR19iXpRw,パチスロードch,135645033,75600,814
2025-11-26 04:30:56,UCqeAYB1DMzfM-hG-Up52yNQ,つるおかかものはし,371149965,387000,3607
2025-11-26 04:30:56,UCMJiPpN_09F0aWpQrgbc_qg,キヨ。,6529787323,5480000,3083
2025-11-26 04:30:56,UCfkXDY7vwkcJ8ddFGz8KusA,SEVENTEEN,7797609294,16200000,3275
2025-11-26 04:30:56,UC6FadPgGviUcq6VQ0CEJqdQ,Juice=Juice,162049064,249000,280
2025-11-26 04:30:56,UC-ifW8mHzfsZVGHY8vxqrjA,A.B.C-Z,59464169,54500,437
2025-11-26 04:30:56,UC__iCxFigPdcry_UBv6sDGw,IO,16107442,38100,13
2025-11-26 04:30:56,UC8eq3M3Yft3FUgxEX6lOZMg,chotokkyu - Topic,35735494,577,486
2025-11-26 04:30:56,UCqMRVBz-hhSFRuqlL1guqig,あひるだっく,52014676,127000,89
2025-11-26 04:30:56,UCFQu6Q-9LAS3KoEuRDNkzGA, ニート部,658691493,680000,3212
2025-11-26 04:30:56,UCmovZ2th3Sqpd00F5RdeigQ,加賀美 ハヤト/Hayato Kagami,332409391,921000,1521
2025-11-26 04:30:56,UCYLp2FLXcqLUZhvrCxQmNIA,胡桃沢りりか,40936040,100000,2569
2025-11-26 04:30:56,UCtiObj3CsEAdNU6ZPWDsddQ,TOMORROW X TOGETHER OFFICIAL,3494513829,13100000,3039
2025-11-26 04:30:56,UCYe_uTI6X6mm9qaXm8iWFDg,ノッチ配信者パチンコライブ,268630438,125000,2725
2025-11-26 04:30:56,UC6SmH9mR82nj28_NNg_rZvA,スクウェア・エニックス,1172857723,1090000,10980
2025-11-26 04:30:56,UCwJYQvXHtNn1c7RqED4E7MA,パンダドラゴン,44018394,92300,532
2025-11-26 04:30:56,UCVh47EKH9VLresRqiYi9txw,Mili,608668101,1000000,117
2025-11-26 04:30:56,UCrQUlOEbu-0T0l4DAcBEeIg,pizzaofdeathofficial,407934341,331000,372
2025-11-26 04:30:56,UCXqWKjzm2YMH6Bs7rAmsKFw,福本大晴,7285544,89700,144
2025-11-26 04:30:56,UCy9GuRXGTm8TliQ-OJ7KwzA,【V.I.P】,978122626,978000,2494
2025-11-26 04:30:56,UC6qVAJzxF5kSN_UUFSdODiQ,MAZZEL - Topic,19200719,8260,57
2025-11-26 04:30:56,UCjcYYjM16TFOPXDjWgzHiHA,超覚醒てえんだ「スロパチ生放送」,87236992,140000,571
2025-11-26 04:30:56,UCBhPDpv9JavoPADrZcsAC2A,あらき-ARAKI Official,320679686,489000,260
2025-11-26 04:30:56,UCC4xWbcBVn-tHgchhrdmFpg,Jinmenusagi,9965654,32600,80
2025-11-26 04:30:56,UCYXmyrGUVL8tX7VEvo_DjPw,シャル@ツモらせ隊,83140398,178000,898
2025-11-26 04:30:56,UC-hM6YJuNYVAmUWxeIr9FeA,Miko Ch. さくらみこ,889625882,2460000,2042
2025-11-26 04:30:56,UCqKNMJ5s_vsf7WkesdBrvQA,IS:SUE,87680204,221000,768
2025-11-26 04:30:56,UCXeTnWiRoifoHHEzSyR5Ogg,パチンコ・パチスロ必勝ガイドチャンネル,52664115,86200,1323
2025-11-26 04:30:56,UCoQhX2O93MVTWfgIz-8wOmg,KUNの50人クラフト,465283675,543000,1047
2025-11-26 04:30:56,UCdszfKemUn36sOEplfkiGVQ,GPV LABEL,2972644,5240,89
2025-11-26 04:30:56,UCENoC6MLc4pL-vehJyzSWmg,もこうの実況,1736008262,1600000,5786
2025-11-26 04:30:56,UCBuLdF0tQn5oZjpvYWSQkaA,Liura Channel,91964482,206000,374
2025-11-26 04:30:56,UC9Lx-zRFGfpuls27tNAOIqA,マエスケ,1541402133,1830000,1137
2025-11-26 04:30:56,UC5vqbtNnbOF2h7A_xlrIPUw,ぽっぴんず,916456047,630000,1052
2025-11-26 04:30:56,UCp_Az_oKu8-J5qIQpF35JbA,やわらちゃんねる,192880450,279000,862
2025-11-26 04:30:56,UCxIK6x6sG7Ln5vjjPYpgeAw,Chogakusei Official,667393982,1010000,564
2025-11-26 04:30:56,UCNVIo0UJXTdEnsRkCB9Q03w,ILLIT - Topic,563206630,57700,59
2025-11-26 04:30:56,UC0ux2IFOXkj6ifQ4aSs9l7Q,大月【おおつき】,14724261,17400,1217
2025-11-26 04:30:56,UCMzLWawc9x3rUsqYDEfgqzA,ジャック・オ・蘭たん,712081720,648000,1887
2025-11-26 04:30:56,UCZwcUEEjD8RVzB-TAw1ts3g,Eden - Topic,4211673,1720,38
2025-11-26 04:30:56,UCLkAepWjdylmXSltofFvsYQ,BANGTANTV,26052132409,81700000,2933
2025-11-26 04:30:56,UCB_qr75-ydFVKSF9Dmo6izg,FORMULA 1,8863018977,13700000,9406
2025-11-26 04:30:56,UCZ1xuCK1kNmn5RzPYIZop3w,リゼ・ヘルエスタ -Lize Helesta-,299063344,957000,1090
2025-11-26 04:30:56,UCHzevlEL9JfsBIm86uNCJqg,宮野真守,78718653,449000,329
2025-11-26 04:30:56,UCPJCP_fon2mOMfibbBPUOYw,SAWAYAN GAMES / サワヤン ゲームズ,1298644407,2070000,3416
2025-11-26 04:30:56,UCN7_YMtKaUiizHpw77XLVcw,EXILE,188383635,14700,307
2025-11-26 04:30:56,UC8rk-fIWJXYlSF8tkfG9wWg,天色鮫,66516551,192000,132
2025-11-26 04:30:56,UCx1nAvtVDIsaGmCMSe8ofsQ,加藤純一【jun channel】,1137052735,1280000,1834
2025-11-26 04:30:56,UChhKBlh_wvspTh5n4mL0b5g,BOYNEXTDOOR,1153888296,2060000,2198
2025-11-26 04:30:56,UCDwcZ85zjLKD-3-jqlv1wQQ,アンジュルム,213864061,229000,370
2025-11-26 04:30:56,UCOVLrBaOiMH5QDKXTycZ8Pw,やっちゃんの崖っぷちスロパチ生活,698612534,326000,5202
2025-11-26 04:30:56,UCFvSFbT8okMrpuFxBEIB2lg,M!LK,89365576,10300,243
2025-11-26 04:30:56,UC56x--_QtyaWD1QptYrPMqA,刀剣乱舞 公式チャンネル,9474083,131000,116
2025-11-26 04:30:56,UCylNKKCfPMm8ROXasQWTonA,響咲リオナの足,3189512,6730,121
2025-11-26 04:30:56,UCDhOdoqPxv96djR3tSq9NoA,ショコラ大佐の秘密基地,148259588,138000,1745
2025-11-26 04:30:56,UCtyXllCXnTAg4rjfI3UwIgA,しょうちゃんネル,299486157,138000,1546
2025-11-26 04:30:56,UCkVvAm5jb62IMIJQj4wPVGA,TMSアニメ公式チャンネル,378912152,898000,1145
2025-11-26 04:30:56,UC4YT50DP7hbMsor8FmyEPMw,Victor Entertainment,1489340716,1070000,4972
2025-11-26 04:30:56,UC3J-txytRWiRtNXrLS95eEw,ASIAN KUNG-FU GENERATION Official YouTube Channel,608265861,788000,281
2025-11-26 04:30:56,UCIJAlAYCNN8RACtDDsy9K6g,Novelbright,646175482,733000,319
2025-11-26 04:30:56,UCt09C9DPSuOGpHoitbcyCIQ,ゼンレスゾーンゼロ-ZZZ-公式,229399260,754000,427
2025-11-26 04:30:56,UC7wu64jFsV02bbu6UHUd7JA,ガンダムチャンネル,412236012,1670000,1655
2025-11-26 04:30:56,UChn5TjkeEqd-JxzizMVSkOw,ハヤトの野望,1034849113,1510000,2416
2025-11-26 04:30:56,UC9rMiEjNaCSsebs31MRDCRA,Stray Kids,9673395528,22200000,1874
2025-11-26 04:30:56,UCUzpZpX2wRYOk3J8QTFGxDg,乃木坂46 OFFICIAL YouTube CHANNEL,1610447858,1730000,1168
2025-11-26 04:30:56,UCHD1jo5RhijLfx5-0Ehe_cg,&TEAM,466813545,1320000,1405
2025-11-26 04:30:56,UC1DCedRgGHBdm81E1llLhOQ,Pekora Ch. 兎田ぺこら,1012094034,2740000,2342
2025-11-26 04:30:56,UCrKna8EQAd7NPRYq-gIsuow,ホロライ部【ホロライブ切り抜き】,69980302,37800,613
2025-11-26 04:30:56,UCvzGlP9oQwU--Y0r9id_jnA,Subaru Ch. 大空スバル,580902377,1950000,1894
2025-11-26 04:30:56,UCAaGaynFpku5cAx6OOSrW-w,HoneyWorks OFFICIAL,1601855248,2850000,550
2025-11-26 04:30:56,UC-_iQWdEZY66nGGaHH0Ygmg,僕が見たかった青空,52805973,122000,498
2025-11-26 04:30:56,UC1FQWQ3y3-e8l1pCtWhJt5A,Vaundy,2295815134,2430000,226
2025-11-26 04:30:56,UCX7YkU9nEeaoZbkVLVajcMg,にじさんじ,1071426596,1870000,2825
2025-11-26 04:30:56,UCZMRuagdTBKmmrFtSMN48Xw,牛沢,2664514554,1800000,3739
2025-11-26 04:30:56,UCJnL-TBcsYrF2SLs7tmiC8Q,tripleS official,678132684,2880000,3050
2025-11-26 04:30:56,UCkKj-SiKyiFkj_dO1vmY3gA,加藤純一RECORDS,5156529,28800,82
2025-11-26 04:30:56,UCc-itdQHxLvUlPrDxIiSJrA,INI,748068954,652000,1267
2025-11-26 04:30:56,UCeA0fcfLVewbuD7H5YsrpdA,ライキジョーンズ,118704759,146000,3389
2025-11-26 04:30:56,UC7aYDbAOIKIMt25ENfJ68Qw,ルカ,118589990,120000,2126
2025-11-26 04:30:56,UCdMGYXL38w6htx6Yf9YJa-w,プロジェクトセカイ カラフルステージ! feat. 初音ミク,2001799088,2060000,1907
2025-11-26 04:30:56,UCRDJ3DN-6ND_a4LSJ35L91A,立川ちゃんねる,106355069,107000,639
2025-11-26 04:30:56,UCPVr7clenPjpD7WNsSI3UBQ,レトルト,2878259332,2590000,3850
2025-11-26 04:30:56,UCYA14rrNjvQq_P_YSNeJHgA,スロライブ,89816153,46500,894
2025-11-26 04:30:56,UCILZFnKZJksR7zwhZbAB4vw,れじぇくん,1502941335,1170000,1428
2025-11-26 04:30:56,UCqQNCRSihFHVsXrDikNeYSg,げまじょが好き【にじさんじEXゲマズ切り抜き】,4495012,2330,117
2025-11-26 04:30:56,UCEf_Bc-KVd7onSeifS3py9g,SMTOWN,32598484139,33500000,4640
2025-11-26 04:30:56,UCc-PPk-lNe34JaWCcJQCL0g,ドコムスチャンネル,540575743,593000,2022
2025-11-26 04:30:56,UC070fhnqq38qNhqHm5rxTcQ,令和ちゃんねる,428217817,506000,3625
2025-11-26 04:30:56,UC9zY_E8mcAo_Oq772LEZq8Q,THE FIRST TAKE,6258961813,11500000,1527
2025-11-26 04:30:56,UCAWxPGGuIfWME2KTLUmSCHw,ぱかチューブっ!【ウマ娘公式】,515145586,1310000,1288
2025-11-26 04:30:56,UCzXjPL7zo0bxhOYDxLJ9YEg,ポッキー,4096481528,3750000,4359
2025-11-26 04:30:56,UCv7VutirxDn3RWIJXI68n_A,＝LOVE（イコールラブ）公式チャンネル,466225819,555000,474
2025-11-26 04:30:56,UClNdVSK1uy2xFHTaXZYXopw,らっだぁ,1817897479,1450000,2340
2025-11-26 04:30:56,UChVflUz2J_jaaqYjXqvpmQA,iLiFE!【あいらいふ】,246311299,485000,531
2025-11-26 04:30:56,UCEfbtVOJgicdHjs5HzOzJlA,ぱち・スロ部,3584119,1760,302
2025-11-26 04:30:56,UCL7VEatXa9yBCKeM-ww8TnA,NX☆くさあん,208296900,238000,3562
2025-11-26 04:30:56,UCtPyU9cJgvvgH03PQKgaucA,ファミ通TUBE,182987455,208000,8152
2025-11-26 04:30:56,UCOTR1tcOAhjgi6YukrPpZxg,まふまふちゃんねる,2481137032,3610000,511
2025-11-26 04:30:56,UCGjV4bsC43On-YuiLZcfL0w,KUN,3388709675,1660000,11231
2025-11-26 04:30:56,UC_vMYWcDjmfdpH6r4TTn1MQ,Iroha ch. 風真いろは - holoX -,262769862,1130000,1051
2025-11-26 04:30:56,UCSFCh5NL4qXrAy9u-u2lX3g,Kuzuha Channel,1425502121,2100000,2818
2025-11-26 04:30:56,UC15ebOqdhmvl1eb0s0jk5aw,戦極MCBATTLE,1332198365,847000,5380
2025-11-26 04:30:56,UCcz2Y1yhR42UxbFwvPFGCmA,きっしー助六ちゃんねる,75766033,61500,939
2025-11-26 04:30:56,UCLrYavXppY_4oRfquHk9VQg,HAGANE,14455474,74700,141
2025-11-26 04:30:56,UCBA-kvU_zYdKreZbhhywX2Q,あいずちゃんねる,147605257,57400,803
2025-11-26 04:30:56,UCHghNZNbV-CPbb_f3FslObw,がんばるぴえんちゃんパチンコ日記,80268828,100000,1529
2025-11-26 04:30:56,UCeK22JmzkTMa69kZU9NEqsA,めじの【Vtuber応援隊】,31764823,15100,537
2025-11-26 04:30:56,UCcg_rvE-fU2tATMwBAxW9bA,ヤングスキニー,147892001,238000,602
2025-11-26 04:30:56,UCooVYzDxdwTtGYAkcPmOgOw,Brawl Stars,4002060682,23200000,370
2025-11-26 04:30:56,UCZVVCZwOpCbDXB84SDqWixQ,Lil Shady,55380693,283000,97
2025-11-26 04:30:56,UCHazKLThRbMyMFu2bVAKhng,ウォーターチャレンジ,3129441423,3150000,2180
2025-11-26 04:30:56,UChUjERVG8eKEAJSCef-tTmg,k4sen / かせん,717058740,1020000,3062
2025-11-26 04:30:56,UCCzUftO8KOVkV4wQG1vkUvg,Marine Ch. 宝鐘マリン,2033880549,4260000,1560
2025-11-26 04:30:56,UCMGvmEqkVbl372DCyn3NLAw,【吹いたら負け】葛葉先生のしくじり【切り抜き】,180495413,136000,978
2025-11-26 04:30:56,UCOXOcEbERAwGlE4ig9MaLSQ,夜勤明けパチンコパチスロ実践記,275557304,166000,1622
2025-11-25 02:40:25,UChVflUz2J_jaaqYjXqvpmQA,iLiFE!【あいらいふ】,243613485,484000,527
2025-11-25 02:40:25,UCj4PjeVMnNTHIR5EeoNKPAw,ドズル社,4889465689,2560000,10206
2025-11-25 02:40:25,UCYXmyrGUVL8tX7VEvo_DjPw,シャル@ツモらせ隊,82945414,178000,897
2025-11-25 02:40:25,UCaO6TYtlC8U5ttz62hTrZgg,JYP Entertainment,26002936649,31500000,2638
2025-11-25 02:40:25,UCXqWKjzm2YMH6Bs7rAmsKFw,福本大晴,7285544,89700,144
2025-11-25 02:40:25,UCDwcZ85zjLKD-3-jqlv1wQQ,アンジュルム,213864061,229000,366
2025-11-25 02:40:25,UChUjERVG8eKEAJSCef-tTmg,k4sen / かせん,715360871,1020000,3058
2025-11-25 02:40:25,UCRDJ3DN-6ND_a4LSJ35L91A,立川ちゃんねる,106183484,107000,638
2025-11-25 02:40:25,UCjcYYjM16TFOPXDjWgzHiHA,超覚醒てえんだ「スロパチ生放送」,87042088,140000,571
2025-11-25 02:40:25,UC8eq3M3Yft3FUgxEX6lOZMg,chotokkyu - Topic,35635303,577,486
2025-11-25 02:40:25,UCvo8JUqHh2d1QGnK3LKyI4Q,ポケモンユナイト公式チャンネル,31935032,139000,467
2025-11-25 02:40:25,UCHzevlEL9JfsBIm86uNCJqg,宮野真守,78718653,449000,329
2025-11-25 02:40:25,UCoQhX2O93MVTWfgIz-8wOmg,KUNの50人クラフト,464537256,543000,1046
2025-11-25 02:40:25,UC6qVAJzxF5kSN_UUFSdODiQ,MAZZEL - Topic,19093992,8260,57
2025-11-25 02:40:25,UCZMRuagdTBKmmrFtSMN48Xw,牛沢,2663557934,1800000,3738
2025-11-25 02:40:25,UCqKNMJ5s_vsf7WkesdBrvQA,IS:SUE,87646037,220000,767
2025-11-25 02:40:25,UCc-PPk-lNe34JaWCcJQCL0g,ドコムスチャンネル,540032743,593000,2021
2025-11-25 02:40:25,UCCzUftO8KOVkV4wQG1vkUvg,Marine Ch. 宝鐘マリン,2033880549,4260000,1560
2025-11-25 02:40:25,UCtKBQ2BYD76GiJvcpZOBorg,えいま,11351188,13500,346
2025-11-25 02:40:25,UC8rk-fIWJXYlSF8tkfG9wWg,天色鮫,66301826,192000,132
2025-11-25 02:40:25,UCXURHJRGr4-EB3l87kcbElw,NCT DREAM,2300999800,7000000,1308
2025-11-25 02:40:25,UC-hM6YJuNYVAmUWxeIr9FeA,Miko Ch. さくらみこ,889625882,2460000,2041
2025-11-25 02:40:25,UCwJYQvXHtNn1c7RqED4E7MA,パンダドラゴン,44018394,92300,532
2025-11-25 02:40:25,UCBhPDpv9JavoPADrZcsAC2A,あらき-ARAKI Official,320679686,488000,260
2025-11-25 02:40:25,UC3VId8brfshtHO6gMMqnZ5A,FLOW GLOW - Topic,326093,2190,5
2025-11-25 02:40:25,UCpGpA7mSYmNJjLiJxKso5QA,しもふりチューブ,1782413237,2160000,3019
2025-11-25 02:40:25,UC__iCxFigPdcry_UBv6sDGw,IO,16107442,38000,13
2025-11-25 02:40:25,UCdCC1L_OxLrkoEjR19iXpRw,パチスロードch,135303576,75500,813
2025-11-25 02:40:25,UCmovZ2th3Sqpd00F5RdeigQ,加賀美 ハヤト/Hayato Kagami,332409391,921000,1520
2025-11-25 02:40:25,UCAWxPGGuIfWME2KTLUmSCHw,ぱかチューブっ!【ウマ娘公式】,514522323,1310000,1287
2025-11-25 02:40:25,UCHVkYOT63gAz5yTxjo68_Ng,家スロットゲームパンダ’s ROOM@琉球🐼🪸,1200262,1690,75
2025-11-25 02:40:25,UCHD1jo5RhijLfx5-0Ehe_cg,&TEAM,466813545,1320000,1403
2025-11-25 02:40:25,UCzXjPL7zo0bxhOYDxLJ9YEg,ポッキー,4096021947,3750000,4358
2025-11-25 02:40:25,UC9zY_E8mcAo_Oq772LEZq8Q,THE FIRST TAKE,6255963798,11500000,1526
2025-11-25 02:40:25,UCqQNCRSihFHVsXrDikNeYSg,げまじょが好き【にじさんじEXゲマズ切り抜き】,4429251,2310,117
2025-11-25 02:40:25,UCB_qr75-ydFVKSF9Dmo6izg,FORMULA 1,8857095005,13700000,9402
2025-11-25 02:40:25,UCMF_5h2OejEhVorTB02UUSg,MAZZEL,240478072,282000,720
2025-11-25 02:40:25,UCJy7zfLsKBXoo2soFMum7JQ,あかさかの箱,1288862908,2620000,2687
2025-11-25 02:40:25,UCEf_Bc-KVd7onSeifS3py9g,SMTOWN,32592630208,33500000,4640
2025-11-25 02:40:25,UCv7VutirxDn3RWIJXI68n_A,＝LOVE（イコールラブ）公式チャンネル,466225819,554000,474
2025-11-25 02:40:25,UChn5TjkeEqd-JxzizMVSkOw,ハヤトの野望,1034231187,1510000,2415
2025-11-25 02:40:25,UC3IZKseVpdzPSBaWxBxundA,HYBE LABELS,42488820953,79100000,2929
2025-11-25 02:40:25,UCvzGlP9oQwU--Y0r9id_jnA,Subaru Ch. 大空スバル,580785334,1950000,1893
2025-11-25 02:40:25,UCv2ejD5B1xOYtGB2cf80B8g,Netflix Japan,1979161396,2300000,7747
2025-11-25 02:40:25,UCBuLdF0tQn5oZjpvYWSQkaA,Liura Channel,91759525,206000,373
2025-11-25 02:40:25,UCgmFrRcyH7d1zR9sIVQhFow,ローレン・イロアス / Lauren Iroas【にじさんじ】,396213748,953000,1047
2025-11-25 02:40:25,UCSFCh5NL4qXrAy9u-u2lX3g,Kuzuha Channel,1424324958,2100000,2817
2025-11-25 02:40:25,UClNdVSK1uy2xFHTaXZYXopw,らっだぁ,1816769712,1450000,2340
2025-11-25 02:40:25,UCrKna8EQAd7NPRYq-gIsuow,ホロライ部【ホロライブ切り抜き】,69776376,37800,613
2025-11-25 02:40:25,UCkKj-SiKyiFkj_dO1vmY3gA,加藤純一RECORDS,5086462,28200,81
2025-11-25 02:40:25,UC15ebOqdhmvl1eb0s0jk5aw,戦極MCBATTLE,1331690600,847000,5376
2025-11-25 02:40:25,UChhKBlh_wvspTh5n4mL0b5g,BOYNEXTDOOR,1153888296,2060000,2186
2025-11-25 02:40:25,UCqeAYB1DMzfM-hG-Up52yNQ,つるおかかものはし,370798229,387000,3605
2025-11-25 02:40:25,UCy9GuRXGTm8TliQ-OJ7KwzA,【V.I.P】,977785890,978000,2493
2025-11-25 02:40:25,UCYLp2FLXcqLUZhvrCxQmNIA,胡桃沢りりか,40883783,100000,2567
2025-11-25 02:40:25,UCZwcUEEjD8RVzB-TAw1ts3g,Eden - Topic,4159107,1660,37
2025-11-25 02:40:25,UCdVD0MsYecQaIE5Ru-pOIQQ,RIIZE,1015326967,1870000,1372
2025-11-25 02:40:25,UCkVvAm5jb62IMIJQj4wPVGA,TMSアニメ公式チャンネル,379122128,898000,1145
2025-11-25 02:40:25,UCylNKKCfPMm8ROXasQWTonA,響咲リオナの足,3113749,6530,120
2025-11-25 02:40:25,UCOfESRUR5duQ2hMnTQ4oqhA,BUMP OF CHICKEN,1637208579,1590000,164
2025-11-25 02:40:25,UC_vMYWcDjmfdpH6r4TTn1MQ,Iroha ch. 風真いろは - holoX -,262516514,1130000,1050
2025-11-25 02:40:25,UCMGvmEqkVbl372DCyn3NLAw,【吹いたら負け】葛葉先生のしくじり【切り抜き】,180396443,136000,978
2025-11-25 02:40:25,UCeK22JmzkTMa69kZU9NEqsA,めじの【Vtuber応援隊】,31396871,15100,536
2025-11-25 02:40:25,UCtPyU9cJgvvgH03PQKgaucA,ファミ通TUBE,182901646,208000,8151
2025-11-25 02:40:25,UCDhOdoqPxv96djR3tSq9NoA,ショコラ大佐の秘密基地,148039376,138000,1744
2025-11-25 02:40:25,UC1DCedRgGHBdm81E1llLhOQ,Pekora Ch. 兎田ぺこら,1011662351,2740000,2340
2025-11-25 02:40:25,UCOjkVJQcjtWnpf0-1ft4brA,ゆっくりむちゃたぬき,209735574,352000,423
2025-11-25 02:40:25,UCFvSFbT8okMrpuFxBEIB2lg,M!LK,89383751,10200,243
2025-11-25 02:40:25,UCJnL-TBcsYrF2SLs7tmiC8Q,tripleS official,678132684,2880000,3043
2025-11-25 02:40:25,UCDbUUremwf8k1x1GTYfB1Ng,ニート部クラフト,20237387,96800,125
2025-11-25 02:40:25,UCLkAepWjdylmXSltofFvsYQ,BANGTANTV,26052132409,81700000,2933
2025-11-25 02:40:25,UCXEo7JprZQGCPkezcZylHlQ,黒炭酸,151823294,201000,1757
2025-11-25 02:40:25,UCNVIo0UJXTdEnsRkCB9Q03w,ILLIT - Topic,561487392,57700,59
2025-11-25 02:40:25,UCKU0SVkIPRqwiZaXJ9rXhdw,シュート。,216239534,256000,2333
2025-11-25 02:40:25,UC7wu64jFsV02bbu6UHUd7JA,ガンダムチャンネル,411912666,1670000,1650
2025-11-25 02:40:25,UCBA-kvU_zYdKreZbhhywX2Q,あいずちゃんねる,147219987,57400,803
2025-11-25 02:40:25,UCqMRVBz-hhSFRuqlL1guqig,あひるだっく,51786212,127000,89
2025-11-25 02:40:25,UCHazKLThRbMyMFu2bVAKhng,ウォーターチャレンジ,3128267448,3150000,2179
2025-11-25 02:40:25,UCcz2Y1yhR42UxbFwvPFGCmA,きっしー助六ちゃんねる,75627383,61500,939
2025-11-25 02:40:25,UCooVYzDxdwTtGYAkcPmOgOw,Brawl Stars,3996704432,23200000,370
2025-11-25 02:40:25,UCxIK6x6sG7Ln5vjjPYpgeAw,Chogakusei Official,667393982,1010000,564
2025-11-25 02:40:25,UCYA14rrNjvQq_P_YSNeJHgA,スロライブ,89681693,46500,893
2025-11-25 02:40:25,UC070fhnqq38qNhqHm5rxTcQ,令和ちゃんねる,427941364,506000,3624
2025-11-25 02:40:25,UCAaGaynFpku5cAx6OOSrW-w,HoneyWorks OFFICIAL,1585662413,2850000,550
2025-11-25 02:40:25,UC_DopZ9OANqNGho0wFwADqA,けいちゃん / Keichan,502697517,1270000,605
2025-11-25 02:40:25,UC0ux2IFOXkj6ifQ4aSs9l7Q,大月【おおつき】,14636550,17400,1216
2025-11-25 02:40:25,UCOTR1tcOAhjgi6YukrPpZxg,まふまふちゃんねる,2480686287,3610000,511
2025-11-25 02:40:25,UC1FQWQ3y3-e8l1pCtWhJt5A,Vaundy,2295815134,2430000,226
2025-11-25 02:40:25,UCZ1xuCK1kNmn5RzPYIZop3w,リゼ・ヘルエスタ -Lize Helesta-,298925210,957000,1089
2025-11-25 02:40:25,UC6FadPgGviUcq6VQ0CEJqdQ,Juice=Juice,161605345,248000,280
2025-11-25 02:40:25,UCyTaStlK0neSuKveYOIioaw,ぐんぐにるチャンネル,274873313,426000,447
2025-11-25 02:40:25,UCIJAlAYCNN8RACtDDsy9K6g,Novelbright,646175482,732000,319
2025-11-25 02:40:25,UCUzpZpX2wRYOk3J8QTFGxDg,乃木坂46 OFFICIAL YouTube CHANNEL,1610447858,1730000,1168
2025-11-25 02:40:25,UCH-lygWpHodDff3iQurnWnQ,加藤純一切り抜き集,1718133753,580000,5439
2025-11-25 02:40:25,UCHghNZNbV-CPbb_f3FslObw,がんばるぴえんちゃんパチンコ日記,80128755,100000,1528
2025-11-25 02:40:25,UCOXOcEbERAwGlE4ig9MaLSQ,夜勤明けパチンコパチスロ実践記,275469254,166000,1622
2025-11-25 02:40:25,UC9Lx-zRFGfpuls27tNAOIqA,マエスケ,1540113421,1830000,1137
2025-11-25 02:40:25,UCvaTdHTWBGv3MKj3KVqJVCw,Okayu Ch. 猫又おかゆ,626491070,2060000,1591
2025-11-25 02:40:25,UCGjV4bsC43On-YuiLZcfL0w,KUN,3388113399,1660000,11230
2025-11-25 02:40:25,UC-ifW8mHzfsZVGHY8vxqrjA,A.B.C-Z,59341461,54500,436
2025-11-25 02:40:25,UCX7YkU9nEeaoZbkVLVajcMg,にじさんじ,1071062884,1870000,2823
2025-11-25 02:40:25,UCOVLrBaOiMH5QDKXTycZ8Pw,やっちゃんの崖っぷちスロパチ生活,697953558,326000,5202
2025-11-25 02:40:25,UCtyXllCXnTAg4rjfI3UwIgA,しょうちゃんネル,296957929,137000,1545
2025-11-25 02:40:25,UC5vqbtNnbOF2h7A_xlrIPUw,ぽっぴんず,916025537,629000,1052
2025-11-25 02:40:25,UCILZFnKZJksR7zwhZbAB4vw,れじぇくん,1502777490,1170000,1427
2025-11-26 16:34:09,UC_DopZ9OANqNGho0wFwADqA,けいちゃん / Keichan,502697517,1270000,605
2025-11-26 16:34:09,UChVflUz2J_jaaqYjXqvpmQA,iLiFE!【あいらいふ】,246311299,485000,531
2025-11-26 16:34:09,UCB_qr75-ydFVKSF9Dmo6izg,FORMULA 1,8865234058,13700000,9406
2025-11-26 16:34:09,UCPJCP_fon2mOMfibbBPUOYw,SAWAYAN GAMES / サワヤン ゲームズ,1298866965,2070000,3416
2025-11-26 16:34:09,UCeK22JmzkTMa69kZU9NEqsA,めじの【Vtuber応援隊】,31821301,15100,537
2025-11-26 16:34:09,UCxWcO9CLti4uouUIS5IIF-Q,Nornis,59019055,228000,110
2025-11-26 16:34:09,UCILZFnKZJksR7zwhZbAB4vw,れじぇくん,1503069264,1170000,1428
2025-11-26 16:34:09,UCx1nAvtVDIsaGmCMSe8ofsQ,加藤純一【jun channel】,1137244182,1280000,1834
2025-11-26 16:34:09,UCYLp2FLXcqLUZhvrCxQmNIA,胡桃沢りりか,40952518,100000,2570
2025-11-26 16:34:09,UC6SmH9mR82nj28_NNg_rZvA,スクウェア・エニックス,1173076894,1090000,10983
2025-11-26 16:34:09,UC9rMiEjNaCSsebs31MRDCRA,Stray Kids,9673395528,22200000,1878
2025-11-26 16:34:09,UCUzpZpX2wRYOk3J8QTFGxDg,乃木坂46 OFFICIAL YouTube CHANNEL,1610447858,1730000,1168
2025-11-26 16:34:09,UCLkAepWjdylmXSltofFvsYQ,BANGTANTV,26052132409,81700000,2933
2025-11-26 16:34:09,UCzRzPAT-AjlPyec5yXG974g,カワノKawano,207781875,184000,1322
2025-11-26 16:34:09,UCaO6TYtlC8U5ttz62hTrZgg,JYP Entertainment,26020253681,31500000,2639
2025-11-26 16:34:09,UCBhPDpv9JavoPADrZcsAC2A,あらき-ARAKI Official,320679686,489000,260
2025-11-26 16:34:09,UCRDJ3DN-6ND_a4LSJ35L91A,立川ちゃんねる,106452486,107000,639
2025-11-26 16:34:09,UCxIK6x6sG7Ln5vjjPYpgeAw,Chogakusei Official,674113985,1010000,564
2025-11-26 16:34:09,UCCzUftO8KOVkV4wQG1vkUvg,Marine Ch. 宝鐘マリン,2033880549,4260000,1560
2025-11-26 16:34:09,UCrKna8EQAd7NPRYq-gIsuow,ホロライ部【ホロライブ切り抜き】,70032016,37800,613
2025-11-26 16:34:09,UCWvr04hMa4k4wSilYcQ4qoA,キャベツの人【ゲーム紹介】,253110424,418000,972
2025-11-26 16:34:09,UCjcYYjM16TFOPXDjWgzHiHA,超覚醒てえんだ「スロパチ生放送」,87277250,140000,571
2025-11-26 16:34:09,UC4YT50DP7hbMsor8FmyEPMw,Victor Entertainment,1489501861,1070000,4972
2025-11-26 16:34:09,UCYA14rrNjvQq_P_YSNeJHgA,スロライブ,89847170,46500,894
2025-11-26 16:34:09,UC-hM6YJuNYVAmUWxeIr9FeA,Miko Ch. さくらみこ,889625882,2460000,2042
2025-11-26 16:34:09,UCL7VEatXa9yBCKeM-ww8TnA,NX☆くさあん,208448896,238000,3562
2025-11-26 16:34:09,UCXURHJRGr4-EB3l87kcbElw,NCT DREAM,2300999800,7000000,1312
2025-11-26 16:34:09,UCUW6U6iOrntB0jw6-AbQo8g,RED Games,250361199,209000,3568
2025-11-26 16:34:09,UCMzLWawc9x3rUsqYDEfgqzA,ジャック・オ・蘭たん,712367245,648000,1887
2025-11-26 16:34:09,UCdCC1L_OxLrkoEjR19iXpRw,パチスロードch,135779790,75700,814
2025-11-26 16:34:09,UCdMGYXL38w6htx6Yf9YJa-w,プロジェクトセカイ カラフルステージ! feat. 初音ミク,2002918466,2060000,1907
2025-11-26 16:34:09,UCtyXllCXnTAg4rjfI3UwIgA,しょうちゃんネル,300379892,138000,1546
2025-11-26 16:34:09,UCOVLrBaOiMH5QDKXTycZ8Pw,やっちゃんの崖っぷちスロパチ生活,698750427,326000,5203
2025-11-26 16:34:09,UCLrYavXppY_4oRfquHk9VQg,HAGANE,14455474,74800,141
2025-11-26 16:34:09,UCIJAlAYCNN8RACtDDsy9K6g,Novelbright,652756465,733000,319
2025-11-26 16:34:09,UCVh47EKH9VLresRqiYi9txw,Mili,608668101,1010000,117
2025-11-26 16:34:09,UC8rk-fIWJXYlSF8tkfG9wWg,天色鮫,66562544,192000,132
2025-11-26 16:34:09,UC6H_7uSepAzrlayBjAb9rrg,WurtS - Topic,69010100,698,82
2025-11-26 16:34:09,UCMR5xpbhv3jzIQG1TOTg-Jg,B'z - Topic,290233950,3870,678
2025-11-26 16:34:09,UCtKBQ2BYD76GiJvcpZOBorg,えいま,11409709,13500,346
2025-11-26 16:34:09,UC3IZKseVpdzPSBaWxBxundA,HYBE LABELS,42519525251,79100000,2929
2025-11-26 16:34:09,UCylNKKCfPMm8ROXasQWTonA,響咲リオナの足,3214550,6820,124
2025-11-26 16:34:09,UCXEo7JprZQGCPkezcZylHlQ,黒炭酸,152273686,202000,1757
2025-11-26 16:34:09,UCcz2Y1yhR42UxbFwvPFGCmA,きっしー助六ちゃんねる,75772269,61500,940
2025-11-26 16:34:09,UCvzGlP9oQwU--Y0r9id_jnA,Subaru Ch. 大空スバル,581156475,1950000,1894
2025-11-26 16:34:09,UCZetZElUvdElPrcstRjl9DA,加藤純一ロードショー,413173563,509000,981
2025-11-26 16:34:09,UCy9GuRXGTm8TliQ-OJ7KwzA,【V.I.P】,978404255,979000,2494
2025-11-26 16:34:09,UC5vqbtNnbOF2h7A_xlrIPUw,ぽっぴんず,916578477,630000,1052
2025-11-26 16:34:09,UCDbUUremwf8k1x1GTYfB1Ng,ニート部クラフト,20381415,97100,125
2025-11-26 16:34:09,UCBuLdF0tQn5oZjpvYWSQkaA,Liura Channel,92139442,206000,374
2025-11-26 16:34:09,UC8eq3M3Yft3FUgxEX6lOZMg,chotokkyu - Topic,35769873,577,486
2025-11-26 16:34:09,UC14QT5j2nQI8lKBCGtrrBQA,アニプレックス チャンネル,4304370914,3720000,15427
2025-11-26 16:34:09,UCEf_Bc-KVd7onSeifS3py9g,SMTOWN,32601374258,33500000,4640
2025-11-26 16:34:09,UCooVYzDxdwTtGYAkcPmOgOw,Brawl Stars,4003702299,23200000,370
2025-11-26 16:34:09,UCJnL-TBcsYrF2SLs7tmiC8Q,tripleS official,691134537,2880000,3051
2025-11-26 16:34:09,UCdkVEDVAW5aFmA-Mkz0lAFQ,ひたまゆ。,466517551,410000,2792
2025-11-26 16:34:09,UCHzevlEL9JfsBIm86uNCJqg,宮野真守,78718653,449000,329
2025-11-26 16:34:09,UCp_Az_oKu8-J5qIQpF35JbA,やわらちゃんねる,192928076,279000,862
2025-11-26 16:34:09,UC0ux2IFOXkj6ifQ4aSs9l7Q,大月【おおつき】,14755384,17500,1218
2025-11-26 16:34:09,UCS57xc1Bf-znC9_ouCc3SZw,佐野元春 - DaisyMusic,50511392,77600,163
2025-11-26 16:34:09,UCHD1jo5RhijLfx5-0Ehe_cg,&TEAM,466813545,1320000,1406
2025-11-26 16:34:09,UCMGvmEqkVbl372DCyn3NLAw,【吹いたら負け】葛葉先生のしくじり【切り抜き】,180526737,136000,978
2025-11-26 16:34:09,UCFQu6Q-9LAS3KoEuRDNkzGA, ニート部,658915879,680000,3212
2025-11-26 16:34:09,UCH-lygWpHodDff3iQurnWnQ,加藤純一切り抜き集,1718873534,580000,5439
2025-11-26 16:34:09,UCfipDDn7wY-C-SoUChgxCQQ,葉山舞鈴 / Ohayama Ch.,88016924,599000,1339
2025-11-26 16:34:09,UCHazKLThRbMyMFu2bVAKhng,ウォーターチャレンジ,3129829378,3150000,2181
2025-11-26 16:34:09,UCjJmYy279ehSYSwR1A3fXtA,マグロヘッド,393931180,734000,1753
2025-11-26 16:34:09,UCpYHkc4rzWEW7iVXIyxQebA,Hey! Say! JUMP - Topic,58814548,5080,738
2025-11-26 16:34:09,UCvaTdHTWBGv3MKj3KVqJVCw,Okayu Ch. 猫又おかゆ,626491070,2060000,1591
2025-11-26 16:34:09,UCHVkYOT63gAz5yTxjo68_Ng,家スロットゲームパンダ’s ROOM@琉球🐼🪸,1208167,1680,76
2025-11-26 16:34:09,UCu2Fxqf37DAZ0ZhIsd1FZwA,Capcom Fighters JP,262009454,257000,3896
2025-11-26 16:34:09,UCZVVCZwOpCbDXB84SDqWixQ,Lil Shady,56239923,283000,97
2025-11-26 16:34:09,UCENoC6MLc4pL-vehJyzSWmg,もこうの実況,1736173730,1600000,5786
2025-11-26 16:34:09,UCH4yRBPH2pDUjPeqomx8CTQ,てるとくん,548320450,1330000,1892
2025-11-26 16:34:09,UCPVr7clenPjpD7WNsSI3UBQ,レトルト,2878700140,2590000,3850
2025-11-26 16:34:09,UCv2ejD5B1xOYtGB2cf80B8g,Netflix Japan,1981513167,2300000,7753
2025-11-26 16:34:09,UCtwTCZuQkTIwUf5m9mlZnOQ,Release - Topic,3185,34,7
2025-11-26 16:34:09,UCyTaStlK0neSuKveYOIioaw,ぐんぐにるチャンネル,275051458,426000,447
2025-11-26 16:34:09,UCqMRVBz-hhSFRuqlL1guqig,あひるだっく,52063292,128000,89
2025-11-26 16:34:09,UCX7YkU9nEeaoZbkVLVajcMg,にじさんじ,1071638905,1870000,2825
2025-11-26 16:34:09,UC_ntXHv-XdKCD7CPynVvnQw,Bandai Namco Entertainment America,615222427,1460000,3566
2025-11-26 16:34:09,UC7aYDbAOIKIMt25ENfJ68Qw,ルカ,118689817,120000,2126
2025-11-26 16:34:09,UC6qVAJzxF5kSN_UUFSdODiQ,MAZZEL - Topic,19285446,8260,57
2025-11-26 16:34:09,UCc-PPk-lNe34JaWCcJQCL0g,ドコムスチャンネル,540824009,593000,2022
2025-11-26 16:34:09,UC2NujFa5X09CdV0YCntmQDg,板橋ハウス,904660978,752000,2028
2025-11-26 16:34:09,UC-_iQWdEZY66nGGaHH0Ygmg,僕が見たかった青空,52805973,122000,498
2025-11-26 16:34:09,UCtPyU9cJgvvgH03PQKgaucA,ファミ通TUBE,183031244,208000,8152
2025-11-26 16:34:09,UC3J-txytRWiRtNXrLS95eEw,ASIAN KUNG-FU GENERATION Official YouTube Channel,608265861,788000,281
2025-11-26 16:34:09,UCdVD0MsYecQaIE5Ru-pOIQQ,RIIZE,1015326967,1870000,1379
2025-11-26 16:34:09,UC56x--_QtyaWD1QptYrPMqA,刀剣乱舞 公式チャンネル,9523467,131000,116
2025-11-26 16:34:09,UC3VId8brfshtHO6gMMqnZ5A,FLOW GLOW - Topic,366731,2190,5
2025-11-26 16:34:09,UCeA0fcfLVewbuD7H5YsrpdA,ライキジョーンズ,118778430,146000,3390
2025-11-26 16:34:09,UC8_Ag6BVp43Vmrx6eillK9g,Vaundy - Topic,908887607,2190,110
2025-11-26 16:34:09,UCqKNMJ5s_vsf7WkesdBrvQA,IS:SUE,87680204,221000,768
2025-11-26 16:34:09,UCqeAYB1DMzfM-hG-Up52yNQ,つるおかかものはし,371298994,387000,3607
2025-11-26 16:34:09,UCXqWKjzm2YMH6Bs7rAmsKFw,福本大晴,7285544,89700,144
2025-11-26 16:34:09,UCSFCh5NL4qXrAy9u-u2lX3g,Kuzuha Channel,1426230744,2100000,2819
2025-11-26 16:34:09,UCMJiPpN_09F0aWpQrgbc_qg,キヨ。,6530876349,5480000,3083
2025-11-26 16:34:09,UCj4PjeVMnNTHIR5EeoNKPAw,ドズル社,4900034217,2570000,10210
2025-11-26 16:34:09,UCNVIo0UJXTdEnsRkCB9Q03w,ILLIT - Topic,563762931,57700,59
2025-11-26 16:34:09,UCx-QS9BIo_L_lx5dkpys1qw,ねこまんまのパチ•チャンネル,7979566,14200,167
2025-11-26 16:34:09,UCkVvAm5jb62IMIJQj4wPVGA,TMSアニメ公式チャンネル,379083255,898000,1144
2025-11-26 16:34:09,UCdszfKemUn36sOEplfkiGVQ,GPV LABEL,2994474,5300,89
2025-11-26 16:34:09,UCJy7zfLsKBXoo2soFMum7JQ,あかさかの箱,1290130511,2620000,2688
2025-11-26 16:34:09,UCvo8JUqHh2d1QGnK3LKyI4Q,ポケモンユナイト公式チャンネル,31955174,139000,467
2025-11-26 16:34:09,UCtiObj3CsEAdNU6ZPWDsddQ,TOMORROW X TOGETHER OFFICIAL,3494513829,13100000,3039
2025-11-26 16:34:09,UCZMRuagdTBKmmrFtSMN48Xw,牛沢,2664965878,1800000,3739
2025-11-26 16:34:09,UCrQUlOEbu-0T0l4DAcBEeIg,pizzaofdeathofficial,408072226,331000,372
2025-11-26 16:34:09,UC3NrSfe_yR5XX9zGFxYoV1Q,HIRAIDAI - Topic,281229302,3400,415
2025-11-26 16:34:09,UCBA-kvU_zYdKreZbhhywX2Q,あいずちゃんねる,147710919,57400,803
2025-11-26 16:34:09,UCN7_YMtKaUiizHpw77XLVcw,EXILE,188488793,14700,308
2025-11-26 16:34:09,UCAWxPGGuIfWME2KTLUmSCHw,ぱかチューブっ!【ウマ娘公式】,515735509,1310000,1289
2025-11-26 16:34:09,UC9qSqkNFiByKzzoxT3Cydyw,Aiobahn,28036369,90000,14
2025-11-26 16:34:09,UCAaGaynFpku5cAx6OOSrW-w,HoneyWorks OFFICIAL,1601855248,2850000,550
2025-11-26 16:34:09,UCZwcUEEjD8RVzB-TAw1ts3g,Eden - Topic,4227579,1730,38
2025-11-26 16:34:09,UCpGpA7mSYmNJjLiJxKso5QA,しもふりチューブ,1783109366,2160000,3020
2025-11-26 16:34:09,UCZ1xuCK1kNmn5RzPYIZop3w,リゼ・ヘルエスタ -Lize Helesta-,299210937,957000,1090
2025-11-26 16:34:09,UCOXOcEbERAwGlE4ig9MaLSQ,夜勤明けパチンコパチスロ実践記,275601275,166000,1622
2025-11-26 16:34:09,UC1DCedRgGHBdm81E1llLhOQ,Pekora Ch. 兎田ぺこら,1012493189,2740000,2342
2025-11-26 16:34:09,UCof7dOTnyxaidkKkcIFuflQ,Mone Kamishiraishi - Topic,26275125,326,123
2025-11-26 16:34:09,UC-ifW8mHzfsZVGHY8vxqrjA,A.B.C-Z,59464169,54600,437
2025-11-26 16:34:09,UC_vMYWcDjmfdpH6r4TTn1MQ,Iroha ch. 風真いろは - holoX -,262899962,1130000,1052
2025-11-26 16:34:09,UCu3kfiUaK7MmkQ40omEpGyQ,ナナ色チャンネル,4507959,8280,82
2025-11-26 16:34:09,UCt09C9DPSuOGpHoitbcyCIQ,ゼンレスゾーンゼロ-ZZZ-公式,229645284,754000,429
2025-11-26 16:34:09,UCKU0SVkIPRqwiZaXJ9rXhdw,シュート。,216489823,256000,2334
2025-11-26 16:34:09,UClNdVSK1uy2xFHTaXZYXopw,らっだぁ,1818287342,1450000,2340
2025-11-26 16:34:09,UCwJYQvXHtNn1c7RqED4E7MA,パンダドラゴン,44018394,92300,532
2025-11-26 16:34:09,UCoQhX2O93MVTWfgIz-8wOmg,KUNの50人クラフト,465558693,543000,1048
2025-11-26 16:34:09,UCOfESRUR5duQ2hMnTQ4oqhA,BUMP OF CHICKEN,1637208579,1590000,164
2025-11-26 16:34:09,UChUjERVG8eKEAJSCef-tTmg,k4sen / かせん,717720716,1020000,3062
2025-11-26 16:34:09,UCFvSFbT8okMrpuFxBEIB2lg,M!LK,89672169,10300,243
2025-11-26 16:34:09,UCEfbtVOJgicdHjs5HzOzJlA,ぱち・スロ部,3649413,1770,302
2025-11-26 16:34:09,UCYXmyrGUVL8tX7VEvo_DjPw,シャル@ツモらせ隊,83196304,178000,899
2025-11-26 16:34:09,UCMF_5h2OejEhVorTB02UUSg,MAZZEL,243792578,284000,721
2025-11-26 16:34:09,UC__iCxFigPdcry_UBv6sDGw,IO,16279732,38100,13
2025-11-26 16:34:09,UC070fhnqq38qNhqHm5rxTcQ,令和ちゃんねる,428354288,506000,3625
2025-11-26 16:34:09,UCzXjPL7zo0bxhOYDxLJ9YEg,ポッキー,4096717679,3750000,4359
2025-11-26 16:34:09,UCXeTnWiRoifoHHEzSyR5Ogg,パチンコ・パチスロ必勝ガイドチャンネル,52748613,86200,1323
2025-11-26 16:34:09,UCqQNCRSihFHVsXrDikNeYSg,げまじょが好き【にじさんじEXゲマズ切り抜き】,4505630,2350,118
2025-11-26 16:34:09,UCv7VutirxDn3RWIJXI68n_A,＝LOVE（イコールラブ）公式チャンネル,466225819,555000,474
2025-11-26 16:34:09,UC9Lx-zRFGfpuls27tNAOIqA,マエスケ,1541789868,1830000,1137
2025-11-26 16:34:09,UCDhOdoqPxv96djR3tSq9NoA,ショコラ大佐の秘密基地,148484620,138000,1745
2025-11-26 16:34:09,UCHghNZNbV-CPbb_f3FslObw,がんばるぴえんちゃんパチンコ日記,80297691,100000,1530
2025-11-26 16:34:09,UC6FadPgGviUcq6VQ0CEJqdQ,Juice=Juice,163770158,249000,280
2025-11-26 16:34:09,UChhKBlh_wvspTh5n4mL0b5g,BOYNEXTDOOR,1165454055,2060000,2198
2025-11-26 16:34:09,UC9zY_E8mcAo_Oq772LEZq8Q,THE FIRST TAKE,6260490494,11500000,1527
2025-11-26 16:34:09,UChn5TjkeEqd-JxzizMVSkOw,ハヤトの野望,1035116728,1510000,2416
2025-11-26 16:34:09,UC1FQWQ3y3-e8l1pCtWhJt5A,Vaundy,2295815134,2430000,226
2025-11-26 16:34:09,UCfkXDY7vwkcJ8ddFGz8KusA,SEVENTEEN,7797609294,16200000,3275
2025-11-26 16:34:09,UCGjV4bsC43On-YuiLZcfL0w,KUN,3388904194,1660000,11232
2025-11-26 16:34:09,UCDwcZ85zjLKD-3-jqlv1wQQ,アンジュルム,213864061,229000,370
2025-11-26 16:34:09,UCmovZ2th3Sqpd00F5RdeigQ,加賀美 ハヤト/Hayato Kagami,332409391,921000,1521
2025-11-26 16:34:09,UC15ebOqdhmvl1eb0s0jk5aw,戦極MCBATTLE,1332434553,847000,5381
2025-11-26 16:34:09,UCgmFrRcyH7d1zR9sIVQhFow,ローレン・イロアス / Lauren Iroas【にじさんじ】,396807021,953000,1048
2025-11-26 16:34:09,UCOjkVJQcjtWnpf0-1ft4brA,ゆっくりむちゃたぬき,210059667,352000,423
2025-11-26 16:34:09,UCOTR1tcOAhjgi6YukrPpZxg,まふまふちゃんねる,2481296145,3610000,511
2025-11-26 16:34:09,UCkKj-SiKyiFkj_dO1vmY3gA,加藤純一RECORDS,5213651,29000,82
2025-11-26 16:34:09,UCcg_rvE-fU2tATMwBAxW9bA,ヤングスキニー,149392027,238000,602
2025-11-26 16:34:09,UC7wu64jFsV02bbu6UHUd7JA,ガンダムチャンネル,412423775,1670000,1655
2025-11-26 16:34:09,UCc-itdQHxLvUlPrDxIiSJrA,INI,748068954,653000,1267
2025-11-26 16:34:09,UCYe_uTI6X6mm9qaXm8iWFDg,ノッチ配信者パチンコライブ,268739271,125000,2726
2025-11-26 16:34:09,UCGc93NguHRwzv1Rw9MyIcxQ,鳴潮 (Wuthering Waves)公式,103228294,344000,465
2025-11-26 16:34:09,UCC4xWbcBVn-tHgchhrdmFpg,Jinmenusagi,9965654,32600,80
2025-11-25 03:55:46,UCRDJ3DN-6ND_a4LSJ35L91A,立川ちゃんねる,106183484,107000,638
2025-11-25 03:55:46,UC5vqbtNnbOF2h7A_xlrIPUw,ぽっぴんず,916025537,629000,1052
2025-11-25 03:55:46,UCtKBQ2BYD76GiJvcpZOBorg,えいま,11351188,13500,346
2025-11-25 03:55:46,UCZwcUEEjD8RVzB-TAw1ts3g,Eden - Topic,4159107,1660,37
2025-11-25 03:55:46,UC8rk-fIWJXYlSF8tkfG9wWg,天色鮫,66301826,192000,132
2025-11-25 03:55:46,UChn5TjkeEqd-JxzizMVSkOw,ハヤトの野望,1034231187,1510000,2415
2025-11-25 03:55:46,UCNVIo0UJXTdEnsRkCB9Q03w,ILLIT - Topic,561487392,57700,59
2025-11-25 03:55:46,UC1DCedRgGHBdm81E1llLhOQ,Pekora Ch. 兎田ぺこら,1011662351,2740000,2340
2025-11-25 03:55:46,UCKU0SVkIPRqwiZaXJ9rXhdw,シュート。,216239534,256000,2333
2025-11-25 03:55:46,UC-hM6YJuNYVAmUWxeIr9FeA,Miko Ch. さくらみこ,889625882,2460000,2041
2025-11-25 03:55:46,UCOXOcEbERAwGlE4ig9MaLSQ,夜勤明けパチンコパチスロ実践記,275469254,166000,1622
2025-11-25 03:55:46,UC3VId8brfshtHO6gMMqnZ5A,FLOW GLOW - Topic,326093,2190,5
2025-11-25 03:55:46,UCDwcZ85zjLKD-3-jqlv1wQQ,アンジュルム,213864061,229000,366
2025-11-25 03:55:46,UCtPyU9cJgvvgH03PQKgaucA,ファミ通TUBE,182901646,207000,8151
2025-11-25 03:55:46,UCX7YkU9nEeaoZbkVLVajcMg,にじさんじ,1071062884,1870000,2823
2025-11-25 03:55:46,UCYA14rrNjvQq_P_YSNeJHgA,スロライブ,89681693,46500,893
2025-11-25 03:55:46,UCrKna8EQAd7NPRYq-gIsuow,ホロライ部【ホロライブ切り抜き】,69776376,37800,613
2025-11-25 03:55:46,UCwJYQvXHtNn1c7RqED4E7MA,パンダドラゴン,44018394,92300,532
2025-11-25 03:55:46,UC__iCxFigPdcry_UBv6sDGw,IO,16107442,38000,13
2025-11-25 03:55:46,UCv7VutirxDn3RWIJXI68n_A,＝LOVE（イコールラブ）公式チャンネル,466225819,554000,474
2025-11-25 03:55:46,UCc-PPk-lNe34JaWCcJQCL0g,ドコムスチャンネル,540032743,593000,2021
2025-11-25 03:55:46,UCH-lygWpHodDff3iQurnWnQ,加藤純一切り抜き集,1718133753,580000,5439
2025-11-25 03:55:46,UCvo8JUqHh2d1QGnK3LKyI4Q,ポケモンユナイト公式チャンネル,31935032,139000,467
2025-11-25 03:55:46,UCaO6TYtlC8U5ttz62hTrZgg,JYP Entertainment,26002936649,31500000,2638
2025-11-25 03:55:46,UCpGpA7mSYmNJjLiJxKso5QA,しもふりチューブ,1782413237,2160000,3019
2025-11-25 03:55:46,UCzXjPL7zo0bxhOYDxLJ9YEg,ポッキー,4096021947,3750000,4358
2025-11-25 03:55:46,UCHzevlEL9JfsBIm86uNCJqg,宮野真守,78718653,449000,329
2025-11-25 03:55:46,UCHazKLThRbMyMFu2bVAKhng,ウォーターチャレンジ,3128267448,3150000,2179
2025-11-25 03:55:46,UC0ux2IFOXkj6ifQ4aSs9l7Q,大月【おおつき】,14636550,17400,1216
2025-11-25 03:55:46,UCCzUftO8KOVkV4wQG1vkUvg,Marine Ch. 宝鐘マリン,2033880549,4260000,1560
2025-11-25 03:55:46,UCXEo7JprZQGCPkezcZylHlQ,黒炭酸,151823294,201000,1757
2025-11-25 03:55:46,UCqQNCRSihFHVsXrDikNeYSg,げまじょが好き【にじさんじEXゲマズ切り抜き】,4429251,2310,117
2025-11-25 03:55:46,UCFvSFbT8okMrpuFxBEIB2lg,M!LK,89383751,10200,243
2025-11-25 03:55:46,UCZ1xuCK1kNmn5RzPYIZop3w,リゼ・ヘルエスタ -Lize Helesta-,298925210,957000,1089
2025-11-25 03:55:46,UC3IZKseVpdzPSBaWxBxundA,HYBE LABELS,42488820953,79100000,2929
2025-11-25 03:55:46,UC6FadPgGviUcq6VQ0CEJqdQ,Juice=Juice,161605345,248000,280
2025-11-25 03:55:46,UCMF_5h2OejEhVorTB02UUSg,MAZZEL,240478072,282000,720
2025-11-25 03:55:46,UCAaGaynFpku5cAx6OOSrW-w,HoneyWorks OFFICIAL,1585662413,2850000,550
2025-11-25 03:55:46,UCEf_Bc-KVd7onSeifS3py9g,SMTOWN,32592630208,33500000,4640
2025-11-25 03:55:46,UC-ifW8mHzfsZVGHY8vxqrjA,A.B.C-Z,59341461,54500,436
2025-11-25 03:55:46,UCMGvmEqkVbl372DCyn3NLAw,【吹いたら負け】葛葉先生のしくじり【切り抜き】,180396443,136000,978
2025-11-25 03:55:46,UC8eq3M3Yft3FUgxEX6lOZMg,chotokkyu - Topic,35677153,577,486
2025-11-25 03:55:46,UC070fhnqq38qNhqHm5rxTcQ,令和ちゃんねる,427941364,506000,3624
2025-11-25 03:55:46,UCylNKKCfPMm8ROXasQWTonA,響咲リオナの足,3113749,6540,120
2025-11-25 03:55:46,UC_vMYWcDjmfdpH6r4TTn1MQ,Iroha ch. 風真いろは - holoX -,262516514,1130000,1050
2025-11-25 03:55:46,UCeK22JmzkTMa69kZU9NEqsA,めじの【Vtuber応援隊】,31529611,15100,536
2025-11-25 03:55:46,UCXqWKjzm2YMH6Bs7rAmsKFw,福本大晴,7285544,89700,144
2025-11-25 03:55:46,UCBA-kvU_zYdKreZbhhywX2Q,あいずちゃんねる,147219987,57400,803
2025-11-25 03:55:46,UCvzGlP9oQwU--Y0r9id_jnA,Subaru Ch. 大空スバル,580785334,1950000,1893
2025-11-25 03:55:46,UCUzpZpX2wRYOk3J8QTFGxDg,乃木坂46 OFFICIAL YouTube CHANNEL,1610447858,1730000,1168
2025-11-25 03:55:46,UCdVD0MsYecQaIE5Ru-pOIQQ,RIIZE,1015326967,1870000,1372
2025-11-25 03:55:46,UCy9GuRXGTm8TliQ-OJ7KwzA,【V.I.P】,977785890,978000,2493
2025-11-25 03:55:46,UCvaTdHTWBGv3MKj3KVqJVCw,Okayu Ch. 猫又おかゆ,626491070,2060000,1591
2025-11-25 03:55:46,UChUjERVG8eKEAJSCef-tTmg,k4sen / かせん,715360871,1020000,3058
2025-11-25 03:55:46,UCOTR1tcOAhjgi6YukrPpZxg,まふまふちゃんねる,2480686287,3610000,511
2025-11-25 03:55:46,UCIJAlAYCNN8RACtDDsy9K6g,Novelbright,646175482,732000,319
2025-11-25 03:55:46,UCoQhX2O93MVTWfgIz-8wOmg,KUNの50人クラフト,464537256,543000,1046
2025-11-25 03:55:46,UCgmFrRcyH7d1zR9sIVQhFow,ローレン・イロアス / Lauren Iroas【にじさんじ】,396213748,953000,1047
2025-11-25 03:55:46,UCZMRuagdTBKmmrFtSMN48Xw,牛沢,2663557934,1800000,3738
2025-11-25 03:55:46,UCOfESRUR5duQ2hMnTQ4oqhA,BUMP OF CHICKEN,1637208579,1590000,164
2025-11-25 03:55:46,UCYXmyrGUVL8tX7VEvo_DjPw,シャル@ツモらせ隊,82945414,178000,897
2025-11-25 03:55:46,UCqeAYB1DMzfM-hG-Up52yNQ,つるおかかものはし,370798229,387000,3605
2025-11-25 03:55:46,UCOVLrBaOiMH5QDKXTycZ8Pw,やっちゃんの崖っぷちスロパチ生活,698357486,326000,5202
2025-11-25 03:55:46,UChVflUz2J_jaaqYjXqvpmQA,iLiFE!【あいらいふ】,243613485,484000,527
2025-11-25 03:55:46,UC1FQWQ3y3-e8l1pCtWhJt5A,Vaundy,2295815134,2430000,226
2025-11-25 03:55:46,UCHghNZNbV-CPbb_f3FslObw,がんばるぴえんちゃんパチンコ日記,80145122,100000,1528
2025-11-25 03:55:46,UCDbUUremwf8k1x1GTYfB1Ng,ニート部クラフト,20237387,96800,125
2025-11-25 03:55:46,UC9Lx-zRFGfpuls27tNAOIqA,マエスケ,1540113421,1830000,1137
2025-11-25 03:55:46,UCB_qr75-ydFVKSF9Dmo6izg,FORMULA 1,8857095005,13700000,9402
2025-11-25 03:55:46,UC9zY_E8mcAo_Oq772LEZq8Q,THE FIRST TAKE,6255963798,11500000,1526
2025-11-25 03:55:46,UCGjV4bsC43On-YuiLZcfL0w,KUN,3388113399,1660000,11230
2025-11-25 03:55:46,UC15ebOqdhmvl1eb0s0jk5aw,戦極MCBATTLE,1331690600,847000,5376
2025-11-25 03:55:46,UCJnL-TBcsYrF2SLs7tmiC8Q,tripleS official,678132684,2880000,3043
2025-11-25 03:55:46,UCSFCh5NL4qXrAy9u-u2lX3g,Kuzuha Channel,1424324958,2100000,2817
2025-11-25 03:55:46,UCj4PjeVMnNTHIR5EeoNKPAw,ドズル社,4889465689,2560000,10206
2025-11-25 03:55:46,UCYLp2FLXcqLUZhvrCxQmNIA,胡桃沢りりか,40883783,100000,2567
2025-11-25 03:55:46,UCooVYzDxdwTtGYAkcPmOgOw,Brawl Stars,3996704432,23200000,370
2025-11-25 03:55:46,UCAWxPGGuIfWME2KTLUmSCHw,ぱかチューブっ!【ウマ娘公式】,514522323,1310000,1287
2025-11-25 03:55:46,UCHD1jo5RhijLfx5-0Ehe_cg,&TEAM,466813545,1320000,1403
2025-11-25 03:55:46,UCyTaStlK0neSuKveYOIioaw,ぐんぐにるチャンネル,274873313,426000,447
2025-11-25 03:55:46,UCv2ejD5B1xOYtGB2cf80B8g,Netflix Japan,1979161396,2300000,7747
2025-11-25 03:55:46,UCjcYYjM16TFOPXDjWgzHiHA,超覚醒てえんだ「スロパチ生放送」,87042088,140000,571
2025-11-25 03:55:46,UCxIK6x6sG7Ln5vjjPYpgeAw,Chogakusei Official,667393982,1010000,564
2025-11-25 03:55:46,UC7wu64jFsV02bbu6UHUd7JA,ガンダムチャンネル,411912666,1670000,1650
2025-11-25 03:55:46,UCDhOdoqPxv96djR3tSq9NoA,ショコラ大佐の秘密基地,148039376,138000,1744
2025-11-25 03:55:46,UC_DopZ9OANqNGho0wFwADqA,けいちゃん / Keichan,502697517,1270000,605
2025-11-25 03:55:46,UC6qVAJzxF5kSN_UUFSdODiQ,MAZZEL - Topic,19093992,8260,57
2025-11-25 03:55:46,UCtyXllCXnTAg4rjfI3UwIgA,しょうちゃんネル,296957929,137000,1545
2025-11-25 03:55:46,UCkVvAm5jb62IMIJQj4wPVGA,TMSアニメ公式チャンネル,379122128,898000,1145
2025-11-25 03:55:46,UCqMRVBz-hhSFRuqlL1guqig,あひるだっく,51786212,127000,89
2025-11-25 03:55:46,UCJy7zfLsKBXoo2soFMum7JQ,あかさかの箱,1288862908,2620000,2687
2025-11-25 03:55:46,UCcz2Y1yhR42UxbFwvPFGCmA,きっしー助六ちゃんねる,75746873,61500,939
2025-11-25 03:55:46,UCLkAepWjdylmXSltofFvsYQ,BANGTANTV,26052132409,81700000,2933
2025-11-25 03:55:46,UCdCC1L_OxLrkoEjR19iXpRw,パチスロードch,135303576,75500,813
2025-11-25 03:55:46,UClNdVSK1uy2xFHTaXZYXopw,らっだぁ,1816769712,1450000,2340
2025-11-25 03:55:46,UCILZFnKZJksR7zwhZbAB4vw,れじぇくん,1502777490,1170000,1427
2025-11-25 03:55:46,UCXURHJRGr4-EB3l87kcbElw,NCT DREAM,2300999800,7000000,1308
2025-11-25 03:55:46,UCBuLdF0tQn5oZjpvYWSQkaA,Liura Channel,91828390,206000,373
2025-11-25 03:55:46,UCHVkYOT63gAz5yTxjo68_Ng,家スロットゲームパンダ’s ROOM@琉球🐼🪸,1200262,1690,75
2025-11-25 03:55:46,UCqKNMJ5s_vsf7WkesdBrvQA,IS:SUE,87646037,220000,767
2025-11-25 03:55:46,UChhKBlh_wvspTh5n4mL0b5g,BOYNEXTDOOR,1153888296,2060000,2186
2025-11-25 03:55:46,UCmovZ2th3Sqpd00F5RdeigQ,加賀美 ハヤト/Hayato Kagami,332409391,921000,1520
2025-11-25 03:55:46,UCkKj-SiKyiFkj_dO1vmY3gA,加藤純一RECORDS,5086462,28200,81
2025-11-25 03:55:46,UCBhPDpv9JavoPADrZcsAC2A,あらき-ARAKI Official,320679686,488000,260
2025-11-25 03:55:46,UCOjkVJQcjtWnpf0-1ft4brA,ゆっくりむちゃたぬき,209735574,352000,423
2025-11-25 12:41:27,UCGjV4bsC43On-YuiLZcfL0w,KUN,3388113399,1660000,11231
2025-11-25 12:41:27,UC3IZKseVpdzPSBaWxBxundA,HYBE LABELS,42488820953,79100000,2929
2025-11-25 12:41:27,UC-ifW8mHzfsZVGHY8vxqrjA,A.B.C-Z,59341461,54500,436
2025-11-25 12:41:27,UCAaGaynFpku5cAx6OOSrW-w,HoneyWorks OFFICIAL,1601855248,2850000,550
2025-11-25 12:41:27,UCtPyU9cJgvvgH03PQKgaucA,ファミ通TUBE,182954660,208000,8151
2025-11-25 12:41:27,UCylNKKCfPMm8ROXasQWTonA,響咲リオナの足,3113749,6590,121
2025-11-25 12:41:27,UCgmFrRcyH7d1zR9sIVQhFow,ローレン・イロアス / Lauren Iroas【にじさんじ】,396542080,953000,1047
2025-11-25 12:41:27,UC8rk-fIWJXYlSF8tkfG9wWg,天色鮫,66455197,192000,132
2025-11-25 12:41:27,UCHVkYOT63gAz5yTxjo68_Ng,家スロットゲームパンダ’s ROOM@琉球🐼🪸,1200262,1690,75
2025-11-25 12:41:27,UCWvr04hMa4k4wSilYcQ4qoA,キャベツの人【ゲーム紹介】,252884397,418000,971
2025-11-25 12:41:27,UChVflUz2J_jaaqYjXqvpmQA,iLiFE!【あいらいふ】,243613485,484000,527
2025-11-25 12:41:27,UCdCC1L_OxLrkoEjR19iXpRw,パチスロードch,135399941,75600,813
2025-11-25 12:41:27,UCCzUftO8KOVkV4wQG1vkUvg,Marine Ch. 宝鐘マリン,2033880549,4260000,1560
2025-11-25 12:41:27,UCB_qr75-ydFVKSF9Dmo6izg,FORMULA 1,8859878986,13700000,9402
2025-11-25 12:41:27,UCHzevlEL9JfsBIm86uNCJqg,宮野真守,78718653,449000,329
2025-11-25 12:41:27,UCZMRuagdTBKmmrFtSMN48Xw,牛沢,2663557934,1800000,3738
2025-11-25 12:41:27,UCkVvAm5jb62IMIJQj4wPVGA,TMSアニメ公式チャンネル,379415080,898000,1145
2025-11-25 12:41:27,UCOfESRUR5duQ2hMnTQ4oqhA,BUMP OF CHICKEN,1637208579,1590000,164
2025-11-25 12:41:27,UCBA-kvU_zYdKreZbhhywX2Q,あいずちゃんねる,147219987,57400,803
2025-11-25 12:41:27,UCLkAepWjdylmXSltofFvsYQ,BANGTANTV,26052132409,81700000,2933
2025-11-25 12:41:27,UCqeAYB1DMzfM-hG-Up52yNQ,つるおかかものはし,370934217,387000,3605
2025-11-25 12:41:27,UCrKna8EQAd7NPRYq-gIsuow,ホロライ部【ホロライブ切り抜き】,69865886,37800,613
2025-11-25 12:41:27,UCXqWKjzm2YMH6Bs7rAmsKFw,福本大晴,7285544,89700,144
2025-11-25 12:41:27,UCqKNMJ5s_vsf7WkesdBrvQA,IS:SUE,87680204,220000,767
2025-11-25 12:41:27,UCmovZ2th3Sqpd00F5RdeigQ,加賀美 ハヤト/Hayato Kagami,332409391,921000,1520
2025-11-25 12:41:27,UCdVD0MsYecQaIE5Ru-pOIQQ,RIIZE,1015326967,1870000,1372
2025-11-25 12:41:27,UCqQNCRSihFHVsXrDikNeYSg,げまじょが好き【にじさんじEXゲマズ切り抜き】,4469282,2320,117
2025-11-25 12:41:27,UChn5TjkeEqd-JxzizMVSkOw,ハヤトの野望,1034231187,1510000,2415
2025-11-25 12:41:27,UCy9GuRXGTm8TliQ-OJ7KwzA,【V.I.P】,977997693,978000,2493
2025-11-25 12:41:27,UCJnL-TBcsYrF2SLs7tmiC8Q,tripleS official,678132684,2880000,3043
2025-11-25 12:41:27,UCHazKLThRbMyMFu2bVAKhng,ウォーターチャレンジ,3128267448,3150000,2179
2025-11-25 12:41:27,UCooVYzDxdwTtGYAkcPmOgOw,Brawl Stars,4000176799,23200000,370
2025-11-25 12:41:27,UC9zY_E8mcAo_Oq772LEZq8Q,THE FIRST TAKE,6257669369,11500000,1526
2025-11-25 12:41:27,UCBhPDpv9JavoPADrZcsAC2A,あらき-ARAKI Official,320679686,488000,260
2025-11-25 12:41:27,UC070fhnqq38qNhqHm5rxTcQ,令和ちゃんねる,428112546,506000,3624
2025-11-25 12:41:27,UCj4PjeVMnNTHIR5EeoNKPAw,ドズル社,4889465689,2560000,10206
2025-11-25 12:41:27,UCEfbtVOJgicdHjs5HzOzJlA,ぱち・スロ部,3581665,1760,302
2025-11-25 12:41:27,UC1FQWQ3y3-e8l1pCtWhJt5A,Vaundy,2295815134,2430000,226
2025-11-25 12:41:27,UCpGpA7mSYmNJjLiJxKso5QA,しもふりチューブ,1782706599,2160000,3019
2025-11-25 12:41:27,UCoQhX2O93MVTWfgIz-8wOmg,KUNの50人クラフト,464951451,543000,1046
2025-11-25 12:41:27,UCwJYQvXHtNn1c7RqED4E7MA,パンダドラゴン,44018394,92300,532
2025-11-25 12:41:27,UCqMRVBz-hhSFRuqlL1guqig,あひるだっく,51933932,127000,89
2025-11-25 12:41:27,UClNdVSK1uy2xFHTaXZYXopw,らっだぁ,1816769712,1450000,2340
2025-11-25 12:41:27,UCYLp2FLXcqLUZhvrCxQmNIA,胡桃沢りりか,40910955,100000,2568
2025-11-25 12:41:27,UCtKBQ2BYD76GiJvcpZOBorg,えいま,11402824,13500,346
2025-11-25 12:41:27,UCJy7zfLsKBXoo2soFMum7JQ,あかさかの箱,1289314809,2620000,2687
2025-11-25 12:41:27,UC3J-txytRWiRtNXrLS95eEw,ASIAN KUNG-FU GENERATION Official YouTube Channel,608265861,788000,280
2025-11-25 12:41:27,UC9Lx-zRFGfpuls27tNAOIqA,マエスケ,1540679756,1830000,1137
2025-11-25 12:41:27,UCDwcZ85zjLKD-3-jqlv1wQQ,アンジュルム,213864061,229000,366
2025-11-25 12:41:27,UC1DCedRgGHBdm81E1llLhOQ,Pekora Ch. 兎田ぺこら,1011662351,2740000,2340
2025-11-25 12:41:27,UC3VId8brfshtHO6gMMqnZ5A,FLOW GLOW - Topic,336999,2190,5
2025-11-25 12:41:27,UCDbUUremwf8k1x1GTYfB1Ng,ニート部クラフト,20293991,96800,125
2025-11-25 12:41:27,UCvzGlP9oQwU--Y0r9id_jnA,Subaru Ch. 大空スバル,580850595,1950000,1893
2025-11-25 12:41:27,UCHghNZNbV-CPbb_f3FslObw,がんばるぴえんちゃんパチンコ日記,80145122,100000,1528
2025-11-25 12:41:27,UCcz2Y1yhR42UxbFwvPFGCmA,きっしー助六ちゃんねる,75760244,61500,939
2025-11-25 12:41:27,UCUzpZpX2wRYOk3J8QTFGxDg,乃木坂46 OFFICIAL YouTube CHANNEL,1610447858,1730000,1168
2025-11-25 12:41:27,UCaO6TYtlC8U5ttz62hTrZgg,JYP Entertainment,26010005047,31500000,2638
2025-11-25 12:41:27,UCv7VutirxDn3RWIJXI68n_A,＝LOVE（イコールラブ）公式チャンネル,466225819,554000,474
2025-11-25 12:41:27,UCFvSFbT8okMrpuFxBEIB2lg,M!LK,89383751,10200,243
2025-11-25 12:41:27,UCZwcUEEjD8RVzB-TAw1ts3g,Eden - Topic,4184148,1680,38
2025-11-25 12:41:27,UCeK22JmzkTMa69kZU9NEqsA,めじの【Vtuber応援隊】,31529611,15100,537
2025-11-25 12:41:27,UCXEo7JprZQGCPkezcZylHlQ,黒炭酸,152018395,201000,1757
2025-11-25 12:41:27,UC-hM6YJuNYVAmUWxeIr9FeA,Miko Ch. さくらみこ,889625882,2460000,2041
2025-11-25 12:41:27,UCvaTdHTWBGv3MKj3KVqJVCw,Okayu Ch. 猫又おかゆ,626491070,2060000,1591
2025-11-25 12:41:27,UC_vMYWcDjmfdpH6r4TTn1MQ,Iroha ch. 風真いろは - holoX -,262723246,1130000,1050
2025-11-25 12:41:27,UCjcYYjM16TFOPXDjWgzHiHA,超覚醒てえんだ「スロパチ生放送」,87200756,140000,571
2025-11-25 12:41:27,UCc-PPk-lNe34JaWCcJQCL0g,ドコムスチャンネル,540356662,593000,2021
2025-11-25 12:41:27,UC_DopZ9OANqNGho0wFwADqA,けいちゃん / Keichan,502697517,1270000,605
2025-11-25 12:41:27,UC6FadPgGviUcq6VQ0CEJqdQ,Juice=Juice,162049064,248000,280
2025-11-25 12:41:27,UCN7_YMtKaUiizHpw77XLVcw,EXILE,188358177,14600,306
2025-11-25 12:41:27,UCtyXllCXnTAg4rjfI3UwIgA,しょうちゃんネル,296957929,138000,1545
2025-11-25 12:41:27,UCX7YkU9nEeaoZbkVLVajcMg,にじさんじ,1071275897,1870000,2823
2025-11-25 12:41:27,UCeA0fcfLVewbuD7H5YsrpdA,ライキジョーンズ,118607540,146000,3388
2025-11-25 12:41:27,UC6qVAJzxF5kSN_UUFSdODiQ,MAZZEL - Topic,19161046,8260,57
2025-11-25 12:41:27,UCRDJ3DN-6ND_a4LSJ35L91A,立川ちゃんねる,106288438,107000,638
2025-11-25 12:41:27,UCyTaStlK0neSuKveYOIioaw,ぐんぐにるチャンネル,274988063,426000,447
2025-11-25 12:41:27,UCxIK6x6sG7Ln5vjjPYpgeAw,Chogakusei Official,667393982,1010000,564
2025-11-25 12:41:27,UC-_iQWdEZY66nGGaHH0Ygmg,僕が見たかった青空,52768163,122000,498
2025-11-25 12:41:27,UC__iCxFigPdcry_UBv6sDGw,IO,16107442,38000,13
2025-11-25 12:41:27,UCx1nAvtVDIsaGmCMSe8ofsQ,加藤純一【jun channel】,1136806839,1280000,1834
2025-11-25 12:41:27,UCAWxPGGuIfWME2KTLUmSCHw,ぱかチューブっ!【ウマ娘公式】,514883442,1310000,1287
2025-11-25 12:41:27,UC0ux2IFOXkj6ifQ4aSs9l7Q,大月【おおつき】,14636550,17400,1216
2025-11-25 12:41:27,UCv2ejD5B1xOYtGB2cf80B8g,Netflix Japan,1980081923,2300000,7748
2025-11-25 12:41:27,UCYXmyrGUVL8tX7VEvo_DjPw,シャル@ツモらせ隊,83052972,178000,898
2025-11-25 12:41:27,UCDhOdoqPxv96djR3tSq9NoA,ショコラ大佐の秘密基地,148039376,138000,1744
2025-11-25 12:41:27,UCKU0SVkIPRqwiZaXJ9rXhdw,シュート。,216239534,256000,2333
2025-11-25 12:41:27,UCBuLdF0tQn5oZjpvYWSQkaA,Liura Channel,91828390,206000,373
2025-11-25 12:41:27,UChhKBlh_wvspTh5n4mL0b5g,BOYNEXTDOOR,1153888296,2060000,2186
2025-11-25 12:41:27,UChUjERVG8eKEAJSCef-tTmg,k4sen / かせん,716283754,1020000,3059
2025-11-25 12:41:27,UCvo8JUqHh2d1QGnK3LKyI4Q,ポケモンユナイト公式チャンネル,31935032,139000,467
2025-11-25 12:41:27,UCNVIo0UJXTdEnsRkCB9Q03w,ILLIT - Topic,561487392,57700,59
2025-11-25 12:41:27,UC5vqbtNnbOF2h7A_xlrIPUw,ぽっぴんず,916025537,629000,1052
2025-11-25 12:41:27,UC15ebOqdhmvl1eb0s0jk5aw,戦極MCBATTLE,1331994946,847000,5376
2025-11-25 12:41:27,UCOjkVJQcjtWnpf0-1ft4brA,ゆっくりむちゃたぬき,209880141,352000,423
2025-11-25 12:41:27,UCXURHJRGr4-EB3l87kcbElw,NCT DREAM,2300999800,7000000,1309
2025-11-25 12:41:27,UCkKj-SiKyiFkj_dO1vmY3gA,加藤純一RECORDS,5125700,28400,81
2025-11-25 12:41:27,UC7wu64jFsV02bbu6UHUd7JA,ガンダムチャンネル,412066551,1670000,1650
2025-11-25 12:41:27,UCH-lygWpHodDff3iQurnWnQ,加藤純一切り抜き集,1718446841,580000,5439
2025-11-25 12:41:27,UCYA14rrNjvQq_P_YSNeJHgA,スロライブ,89748736,46500,893
2025-11-25 12:41:27,UCMGvmEqkVbl372DCyn3NLAw,【吹いたら負け】葛葉先生のしくじり【切り抜き】,180452214,136000,978
2025-11-25 12:41:27,UCHD1jo5RhijLfx5-0Ehe_cg,&TEAM,466813545,1320000,1403
2025-11-25 12:41:27,UCzXjPL7zo0bxhOYDxLJ9YEg,ポッキー,4096021947,3750000,4358
2025-11-25 12:41:27,UCSFCh5NL4qXrAy9u-u2lX3g,Kuzuha Channel,1424324958,2100000,2817
2025-11-25 12:41:27,UCEf_Bc-KVd7onSeifS3py9g,SMTOWN,32595925805,33500000,4640
2025-11-25 12:41:27,UCIJAlAYCNN8RACtDDsy9K6g,Novelbright,646175482,732000,319
2025-11-25 12:41:27,UCOXOcEbERAwGlE4ig9MaLSQ,夜勤明けパチンコパチスロ実践記,275529687,166000,1622
2025-11-25 12:41:27,UCVh47EKH9VLresRqiYi9txw,Mili,608668101,1000000,117
2025-11-25 12:41:27,UCOTR1tcOAhjgi6YukrPpZxg,まふまふちゃんねる,2480967798,3610000,511
2025-11-25 12:41:27,UCZ1xuCK1kNmn5RzPYIZop3w,リゼ・ヘルエスタ -Lize Helesta-,299001750,957000,1089
2025-11-25 12:41:27,UCILZFnKZJksR7zwhZbAB4vw,れじぇくん,1502777490,1170000,1427
2025-11-25 12:41:27,UCMF_5h2OejEhVorTB02UUSg,MAZZEL,240478072,282000,720
2025-11-25 12:41:27,UC8eq3M3Yft3FUgxEX6lOZMg,chotokkyu - Topic,35677153,577,486
2025-11-25 12:41:27,UCOVLrBaOiMH5QDKXTycZ8Pw,やっちゃんの崖っぷちスロパチ生活,698612534,326000,5202
2025-11-25 13:48:24,UCXURHJRGr4-EB3l87kcbElw,NCT DREAM,2300999800,7000000,1309
2025-11-25 13:48:24,UCOTR1tcOAhjgi6YukrPpZxg,まふまふちゃんねる,2480967798,3610000,511
2025-11-25 13:48:24,UCgmFrRcyH7d1zR9sIVQhFow,ローレン・イロアス / Lauren Iroas【にじさんじ】,396542080,953000,1047
2025-11-25 13:48:24,UCjcYYjM16TFOPXDjWgzHiHA,超覚醒てえんだ「スロパチ生放送」,87200756,140000,571
2025-11-25 13:48:24,UCMF_5h2OejEhVorTB02UUSg,MAZZEL,240478072,283000,720
2025-11-25 13:48:24,UCOfESRUR5duQ2hMnTQ4oqhA,BUMP OF CHICKEN,1637208579,1590000,164
2025-11-25 13:48:24,UC1FQWQ3y3-e8l1pCtWhJt5A,Vaundy,2295815134,2430000,226
2025-11-25 13:48:24,UCvaTdHTWBGv3MKj3KVqJVCw,Okayu Ch. 猫又おかゆ,626491070,2060000,1591
2025-11-25 13:48:24,UCJnL-TBcsYrF2SLs7tmiC8Q,tripleS official,678132684,2880000,3044
2025-11-25 13:48:24,UCILZFnKZJksR7zwhZbAB4vw,れじぇくん,1502874244,1170000,1427
2025-11-25 13:48:24,UCAaGaynFpku5cAx6OOSrW-w,HoneyWorks OFFICIAL,1601855248,2850000,550
2025-11-25 13:48:24,UCv2ejD5B1xOYtGB2cf80B8g,Netflix Japan,1980081923,2300000,7748
2025-11-25 13:48:24,UCXqWKjzm2YMH6Bs7rAmsKFw,福本大晴,7285544,89700,144
2025-11-25 13:48:24,UCEf_Bc-KVd7onSeifS3py9g,SMTOWN,32595925805,33500000,4640
2025-11-25 13:48:24,UCtKBQ2BYD76GiJvcpZOBorg,えいま,11402824,13500,346
2025-11-25 13:48:24,UC_vMYWcDjmfdpH6r4TTn1MQ,Iroha ch. 風真いろは - holoX -,262723246,1130000,1050
2025-11-25 13:48:24,UCqQNCRSihFHVsXrDikNeYSg,げまじょが好き【にじさんじEXゲマズ切り抜き】,4469282,2330,117
2025-11-25 13:48:24,UCBA-kvU_zYdKreZbhhywX2Q,あいずちゃんねる,147494513,57400,803
2025-11-25 13:48:24,UCXEo7JprZQGCPkezcZylHlQ,黒炭酸,152018395,201000,1757
2025-11-25 13:48:24,UCcz2Y1yhR42UxbFwvPFGCmA,きっしー助六ちゃんねる,75760244,61500,939
2025-11-25 13:48:24,UCkVvAm5jb62IMIJQj4wPVGA,TMSアニメ公式チャンネル,379415080,898000,1145
2025-11-25 13:48:24,UCN7_YMtKaUiizHpw77XLVcw,EXILE,188358177,14600,306
2025-11-25 13:48:24,UCUzpZpX2wRYOk3J8QTFGxDg,乃木坂46 OFFICIAL YouTube CHANNEL,1610447858,1730000,1168
2025-11-25 13:48:24,UCZ1xuCK1kNmn5RzPYIZop3w,リゼ・ヘルエスタ -Lize Helesta-,299001750,957000,1089
2025-11-25 13:48:24,UCYLp2FLXcqLUZhvrCxQmNIA,胡桃沢りりか,40910955,100000,2568
2025-11-25 13:48:24,UCX7YkU9nEeaoZbkVLVajcMg,にじさんじ,1071275897,1870000,2823
2025-11-25 13:48:24,UCooVYzDxdwTtGYAkcPmOgOw,Brawl Stars,4000176799,23200000,370
2025-11-25 13:48:24,UCDwcZ85zjLKD-3-jqlv1wQQ,アンジュルム,213864061,229000,366
2025-11-25 13:48:24,UCDbUUremwf8k1x1GTYfB1Ng,ニート部クラフト,20293991,96800,125
2025-11-25 13:48:24,UC3VId8brfshtHO6gMMqnZ5A,FLOW GLOW - Topic,336999,2190,5
2025-11-25 13:48:24,UCZMRuagdTBKmmrFtSMN48Xw,牛沢,2664148445,1800000,3738
2025-11-25 13:48:24,UCzXjPL7zo0bxhOYDxLJ9YEg,ポッキー,4096288405,3750000,4358
2025-11-25 13:48:24,UCH-lygWpHodDff3iQurnWnQ,加藤純一切り抜き集,1718446841,580000,5439
2025-11-25 13:48:24,UCHazKLThRbMyMFu2bVAKhng,ウォーターチャレンジ,3128753022,3150000,2179
2025-11-25 13:48:24,UCwJYQvXHtNn1c7RqED4E7MA,パンダドラゴン,44018394,92300,532
2025-11-25 13:48:24,UCeK22JmzkTMa69kZU9NEqsA,めじの【Vtuber応援隊】,31679001,15100,537
2025-11-25 13:48:24,UCdCC1L_OxLrkoEjR19iXpRw,パチスロードch,135399941,75600,813
2025-11-25 13:48:24,UCxIK6x6sG7Ln5vjjPYpgeAw,Chogakusei Official,667393982,1010000,564
2025-11-25 13:48:24,UC0ux2IFOXkj6ifQ4aSs9l7Q,大月【おおつき】,14724261,17400,1217
2025-11-25 13:48:24,UCHVkYOT63gAz5yTxjo68_Ng,家スロットゲームパンダ’s ROOM@琉球🐼🪸,1200262,1690,75
2025-11-25 13:48:24,UCc-PPk-lNe34JaWCcJQCL0g,ドコムスチャンネル,540356662,593000,2021
2025-11-25 13:48:24,UCvo8JUqHh2d1QGnK3LKyI4Q,ポケモンユナイト公式チャンネル,31943421,139000,467
2025-11-25 13:48:24,UChhKBlh_wvspTh5n4mL0b5g,BOYNEXTDOOR,1153888296,2060000,2186
2025-11-25 13:48:24,UC-_iQWdEZY66nGGaHH0Ygmg,僕が見たかった青空,52805973,122000,498
2025-11-25 13:48:24,UCZwcUEEjD8RVzB-TAw1ts3g,Eden - Topic,4184148,1690,38
2025-11-25 13:48:24,UC9zY_E8mcAo_Oq772LEZq8Q,THE FIRST TAKE,6257669369,11500000,1526
2025-11-25 13:48:24,UCdVD0MsYecQaIE5Ru-pOIQQ,RIIZE,1015326967,1870000,1372
2025-11-25 13:48:24,UCkKj-SiKyiFkj_dO1vmY3gA,加藤純一RECORDS,5125700,28400,81
2025-11-25 13:48:24,UCB_qr75-ydFVKSF9Dmo6izg,FORMULA 1,8859878986,13700000,9402
2025-11-25 13:48:24,UC-ifW8mHzfsZVGHY8vxqrjA,A.B.C-Z,59464169,54500,436
2025-11-25 13:48:24,UCOXOcEbERAwGlE4ig9MaLSQ,夜勤明けパチンコパチスロ実践記,275529687,166000,1622
2025-11-25 13:48:24,UCYA14rrNjvQq_P_YSNeJHgA,スロライブ,89748736,46500,893
2025-11-25 13:48:24,UCOVLrBaOiMH5QDKXTycZ8Pw,やっちゃんの崖っぷちスロパチ生活,698612534,326000,5202
2025-11-25 13:48:24,UCGjV4bsC43On-YuiLZcfL0w,KUN,3388459623,1660000,11231
2025-11-25 13:48:24,UCNVIo0UJXTdEnsRkCB9Q03w,ILLIT - Topic,561487392,57700,59
2025-11-25 13:48:24,UCJy7zfLsKBXoo2soFMum7JQ,あかさかの箱,1289314809,2620000,2687
2025-11-25 13:48:24,UCqeAYB1DMzfM-hG-Up52yNQ,つるおかかものはし,370934217,387000,3606
2025-11-25 13:48:24,UC8eq3M3Yft3FUgxEX6lOZMg,chotokkyu - Topic,35677153,577,486
2025-11-25 13:48:24,UCylNKKCfPMm8ROXasQWTonA,響咲リオナの足,3145428,6610,121
2025-11-25 13:48:24,UCFvSFbT8okMrpuFxBEIB2lg,M!LK,89055255,10200,243
2025-11-25 13:48:24,UChn5TjkeEqd-JxzizMVSkOw,ハヤトの野望,1034231187,1510000,2415
2025-11-25 13:48:24,UCBuLdF0tQn5oZjpvYWSQkaA,Liura Channel,91964482,206000,373
2025-11-25 13:48:24,UCKU0SVkIPRqwiZaXJ9rXhdw,シュート。,216368438,256000,2333
2025-11-25 13:48:24,UCaO6TYtlC8U5ttz62hTrZgg,JYP Entertainment,26010005047,31500000,2638
2025-11-25 13:48:24,UCENoC6MLc4pL-vehJyzSWmg,もこうの実況,1735813242,1600000,5785
2025-11-25 13:48:24,UCy9GuRXGTm8TliQ-OJ7KwzA,【V.I.P】,977997693,978000,2493
2025-11-25 13:48:24,UCyTaStlK0neSuKveYOIioaw,ぐんぐにるチャンネル,274988063,426000,447
2025-11-25 13:48:24,UCIJAlAYCNN8RACtDDsy9K6g,Novelbright,646175482,732000,319
2025-11-25 13:48:24,UCSFCh5NL4qXrAy9u-u2lX3g,Kuzuha Channel,1424950504,2100000,2817
2025-11-25 13:48:24,UC5vqbtNnbOF2h7A_xlrIPUw,ぽっぴんず,916025537,629000,1052
2025-11-25 13:48:24,UC__iCxFigPdcry_UBv6sDGw,IO,16107442,38000,13
2025-11-25 13:48:24,UCBhPDpv9JavoPADrZcsAC2A,あらき-ARAKI Official,320679686,488000,260
2025-11-25 13:48:24,UChUjERVG8eKEAJSCef-tTmg,k4sen / かせん,716283754,1020000,3059
2025-11-25 13:48:24,UC-hM6YJuNYVAmUWxeIr9FeA,Miko Ch. さくらみこ,889625882,2460000,2041
2025-11-25 13:48:24,UC1DCedRgGHBdm81E1llLhOQ,Pekora Ch. 兎田ぺこら,1012010136,2740000,2340
2025-11-25 13:48:24,UC6qVAJzxF5kSN_UUFSdODiQ,MAZZEL - Topic,19200719,8260,57
2025-11-25 13:48:24,UCHzevlEL9JfsBIm86uNCJqg,宮野真守,78718653,449000,329
2025-11-25 13:48:24,UC9Lx-zRFGfpuls27tNAOIqA,マエスケ,1540679756,1830000,1137
2025-11-25 13:48:24,UCeA0fcfLVewbuD7H5YsrpdA,ライキジョーンズ,118607540,146000,3388
2025-11-25 13:48:24,UC15ebOqdhmvl1eb0s0jk5aw,戦極MCBATTLE,1331994946,847000,5376
2025-11-25 13:48:24,UCqKNMJ5s_vsf7WkesdBrvQA,IS:SUE,87680204,220000,767
2025-11-25 13:48:24,UC070fhnqq38qNhqHm5rxTcQ,令和ちゃんねる,428112546,506000,3624
2025-11-25 13:48:24,UCYXmyrGUVL8tX7VEvo_DjPw,シャル@ツモらせ隊,83052972,178000,898
2025-11-25 13:48:24,UCAWxPGGuIfWME2KTLUmSCHw,ぱかチューブっ!【ウマ娘公式】,514883442,1310000,1287
2025-11-25 13:48:24,UCtPyU9cJgvvgH03PQKgaucA,ファミ通TUBE,182954660,208000,8151
2025-11-25 13:48:24,UCWvr04hMa4k4wSilYcQ4qoA,キャベツの人【ゲーム紹介】,252884397,418000,971
2025-11-25 13:48:24,UCvzGlP9oQwU--Y0r9id_jnA,Subaru Ch. 大空スバル,580850595,1950000,1893
2025-11-25 13:48:24,UCOjkVJQcjtWnpf0-1ft4brA,ゆっくりむちゃたぬき,209880141,352000,423
2025-11-25 13:48:24,UCx1nAvtVDIsaGmCMSe8ofsQ,加藤純一【jun channel】,1136806839,1280000,1834
2025-11-25 13:48:24,UC6FadPgGviUcq6VQ0CEJqdQ,Juice=Juice,162049064,248000,280
2025-11-25 13:48:24,UCmovZ2th3Sqpd00F5RdeigQ,加賀美 ハヤト/Hayato Kagami,332409391,921000,1520
2025-11-25 13:48:24,UChVflUz2J_jaaqYjXqvpmQA,iLiFE!【あいらいふ】,243613485,484000,527
2025-11-25 13:48:24,UCoQhX2O93MVTWfgIz-8wOmg,KUNの50人クラフト,464951451,543000,1046
2025-11-25 13:48:24,UCtyXllCXnTAg4rjfI3UwIgA,しょうちゃんネル,296957929,138000,1545
2025-11-25 13:48:24,UCEfbtVOJgicdHjs5HzOzJlA,ぱち・スロ部,3584119,1760,302
2025-11-25 13:48:24,UCHD1jo5RhijLfx5-0Ehe_cg,&TEAM,466813545,1320000,1403
2025-11-25 13:48:24,UC7wu64jFsV02bbu6UHUd7JA,ガンダムチャンネル,412066551,1670000,1651
2025-11-25 13:48:24,UC8rk-fIWJXYlSF8tkfG9wWg,天色鮫,66455197,192000,132
2025-11-25 13:48:24,UCLkAepWjdylmXSltofFvsYQ,BANGTANTV,26052132409,81700000,2933
2025-11-25 13:48:24,UC3IZKseVpdzPSBaWxBxundA,HYBE LABELS,42502703726,79100000,2929
2025-11-25 13:48:24,UCVh47EKH9VLresRqiYi9txw,Mili,608668101,1000000,117
2025-11-25 13:48:24,UClNdVSK1uy2xFHTaXZYXopw,らっだぁ,1817433175,1450000,2340
2025-11-25 13:48:24,UCqMRVBz-hhSFRuqlL1guqig,あひるだっく,51933932,127000,89
2025-11-25 13:48:24,UCMGvmEqkVbl372DCyn3NLAw,【吹いたら負け】葛葉先生のしくじり【切り抜き】,180452214,136000,978
2025-11-25 13:48:24,UCRDJ3DN-6ND_a4LSJ35L91A,立川ちゃんねる,106288438,107000,638
2025-11-25 13:48:24,UCHghNZNbV-CPbb_f3FslObw,がんばるぴえんちゃんパチンコ日記,80145122,100000,1528
2025-11-25 13:48:24,UCrKna8EQAd7NPRYq-gIsuow,ホロライ部【ホロライブ切り抜き】,69865886,37800,613
2025-11-25 13:48:24,UC_DopZ9OANqNGho0wFwADqA,けいちゃん / Keichan,502697517,1270000,605
2025-11-25 13:48:24,UCj4PjeVMnNTHIR5EeoNKPAw,ドズル社,4893163285,2560000,10206
2025-11-25 13:48:24,UCDhOdoqPxv96djR3tSq9NoA,ショコラ大佐の秘密基地,148259588,138000,1744
2025-11-25 13:48:24,UCpGpA7mSYmNJjLiJxKso5QA,しもふりチューブ,1782706599,2160000,3019
2025-11-25 13:48:24,UC3J-txytRWiRtNXrLS95eEw,ASIAN KUNG-FU GENERATION Official YouTube Channel,608265861,788000,280
2025-11-25 13:48:24,UCCzUftO8KOVkV4wQG1vkUvg,Marine Ch. 宝鐘マリン,2033880549,4260000,1560
2025-11-25 13:48:24,UCv7VutirxDn3RWIJXI68n_A,＝LOVE（イコールラブ）公式チャンネル,466225819,554000,474
2025-11-27 16:20:51,UCSFCh5NL4qXrAy9u-u2lX3g,Kuzuha Channel,1427452276,2100000,2820
2025-11-27 16:20:51,UC6H_7uSepAzrlayBjAb9rrg,WurtS - Topic,69108754,698,82
2025-11-27 16:20:51,UC9rMiEjNaCSsebs31MRDCRA,Stray Kids,9673395528,22200000,1879
2025-11-27 16:20:51,UCWvr04hMa4k4wSilYcQ4qoA,キャベツの人【ゲーム紹介】,253316988,418000,973
2025-11-27 16:20:51,UC_ntXHv-XdKCD7CPynVvnQw,Bandai Namco Entertainment America,615627915,1460000,3570
2025-11-27 16:20:51,UCBhPDpv9JavoPADrZcsAC2A,あらき-ARAKI Official,320679686,489000,260
2025-11-27 16:20:51,UCBA-kvU_zYdKreZbhhywX2Q,あいずちゃんねる,147829926,57400,803
2025-11-27 16:20:51,UCwJYQvXHtNn1c7RqED4E7MA,パンダドラゴン,44018394,92300,533
2025-11-27 16:20:51,UCDwcZ85zjLKD-3-jqlv1wQQ,アンジュルム,213864061,229000,370
2025-11-27 16:20:51,UCEf_Bc-KVd7onSeifS3py9g,SMTOWN,32611320806,33500000,4641
2025-11-27 16:20:51,UCyTaStlK0neSuKveYOIioaw,ぐんぐにるチャンネル,275100958,426000,447
2025-11-27 16:20:51,UC7wu64jFsV02bbu6UHUd7JA,ガンダムチャンネル,412635067,1670000,1654
2025-11-27 16:20:51,UCHD1jo5RhijLfx5-0Ehe_cg,&TEAM,466813545,1320000,1409
2025-11-27 16:20:51,UCrKna8EQAd7NPRYq-gIsuow,ホロライ部【ホロライブ切り抜き】,70087617,37900,614
2025-11-27 16:20:51,UC_DopZ9OANqNGho0wFwADqA,けいちゃん / Keichan,502697517,1270000,606
2025-11-27 16:20:51,UCtKBQ2BYD76GiJvcpZOBorg,えいま,11415764,13500,346
2025-11-27 16:20:51,UCCzUftO8KOVkV4wQG1vkUvg,Marine Ch. 宝鐘マリン,2033880549,4260000,1560
2025-11-27 16:20:51,UCDhOdoqPxv96djR3tSq9NoA,ショコラ大佐の秘密基地,148646669,138000,1746
2025-11-27 16:20:51,UCLkAepWjdylmXSltofFvsYQ,BANGTANTV,26052132409,81700000,2935
2025-11-27 16:20:51,UCooVYzDxdwTtGYAkcPmOgOw,Brawl Stars,4006370981,23200000,370
2025-11-27 16:20:51,UCjcYYjM16TFOPXDjWgzHiHA,超覚醒てえんだ「スロパチ生放送」,87356301,140000,571
2025-11-27 16:20:51,UCRDJ3DN-6ND_a4LSJ35L91A,立川ちゃんねる,106588840,107000,639
2025-11-27 16:20:51,UC9Lx-zRFGfpuls27tNAOIqA,マエスケ,1543084879,1840000,1138
2025-11-27 16:20:51,UCv2ejD5B1xOYtGB2cf80B8g,Netflix Japan,1983114200,2310000,7762
2025-11-27 16:20:51,UCX7YkU9nEeaoZbkVLVajcMg,にじさんじ,1071962136,1870000,2823
2025-11-27 16:20:51,UCfkXDY7vwkcJ8ddFGz8KusA,SEVENTEEN,7797609294,16200000,3277
2025-11-27 16:20:51,UC3NrSfe_yR5XX9zGFxYoV1Q,HIRAIDAI - Topic,281407124,3400,415
2025-11-27 16:20:51,UCILZFnKZJksR7zwhZbAB4vw,れじぇくん,1503244285,1170000,1428
2025-11-27 16:20:51,UCqQNCRSihFHVsXrDikNeYSg,げまじょが好き【にじさんじEXゲマズ切り抜き】,4585662,2380,119
2025-11-27 16:20:51,UCHazKLThRbMyMFu2bVAKhng,ウォーターチャレンジ,3130936876,3150000,2181
2025-11-27 16:20:51,UCtceiniicYEsbAVuWy-Bi0Q,ドラゴンクエストウォーク公式,50515736,181000,160
2025-11-27 16:20:51,UCx1nAvtVDIsaGmCMSe8ofsQ,加藤純一【jun channel】,1137516709,1280000,1835
2025-11-27 16:20:51,UCH-lygWpHodDff3iQurnWnQ,加藤純一切り抜き集,1719255492,580000,5439
2025-11-27 16:20:51,UCiZqWVAeChfqlom5ZPR3ZJA,NCT WISH,630033332,1140000,1125
2025-11-27 16:20:51,UC3VId8brfshtHO6gMMqnZ5A,FLOW GLOW - Topic,393259,2190,5
2025-11-27 16:20:51,UC6SmH9mR82nj28_NNg_rZvA,スクウェア・エニックス,1173377967,1090000,10985
2025-11-27 16:20:51,UCTEQRq53fm5tw-3vJ1HLUCw,MAY'S - Topic,4421756,710,309
2025-11-27 16:20:51,UCFuugQScqDfJcsOEWbL1_tg,Gero Channel,209118582,551000,166
2025-11-27 16:20:51,UC5nxCVEWQLLfkPuMylpkYkA,ロス,123613887,487000,68
2025-11-27 16:20:51,UChVflUz2J_jaaqYjXqvpmQA,iLiFE!【あいらいふ】,246311299,485000,533
2025-11-27 16:20:51,UCdn5BQ06XqgXoAxIhbqw5Rg,フブキCh。白上フブキ,710953599,2640000,2968
2025-11-27 16:20:51,UC3ruCdV7xnwAbpkW9tQq-6A,のーわん【NoOnE】,419484764,409000,1206
2025-11-27 16:20:51,UCdCC1L_OxLrkoEjR19iXpRw,パチスロードch,136215959,75700,815
2025-11-27 16:20:51,UCL7VEatXa9yBCKeM-ww8TnA,NX☆くさあん,208577725,238000,3563
2025-11-27 16:20:51,UCspv01oxUFf_MTSipURRhkA,Kanae Channel,785693510,1510000,4292
2025-11-27 16:20:51,UCHzevlEL9JfsBIm86uNCJqg,宮野真守,78718653,449000,329
2025-11-27 16:20:51,UCvo8JUqHh2d1QGnK3LKyI4Q,ポケモンユナイト公式チャンネル,31962139,139000,467
2025-11-27 16:20:51,UCzXjPL7zo0bxhOYDxLJ9YEg,ポッキー,4097167938,3750000,4360
2025-11-27 16:20:51,UCOTR1tcOAhjgi6YukrPpZxg,まふまふちゃんねる,2481707574,3610000,511
2025-11-27 16:20:51,UCeuNlK0yX-6_4930q0JUGNw,白瀬,414452121,183000,2094
2025-11-27 16:20:51,UCS57xc1Bf-znC9_ouCc3SZw,佐野元春 - DaisyMusic,50511392,77700,163
2025-11-27 16:20:51,UC6FadPgGviUcq6VQ0CEJqdQ,Juice=Juice,163770158,250000,280
2025-11-27 16:20:51,UCMzLWawc9x3rUsqYDEfgqzA,ジャック・オ・蘭たん,712914393,648000,1888
2025-11-27 16:20:51,UCAWxPGGuIfWME2KTLUmSCHw,ぱかチューブっ!【ウマ娘公式】,515911968,1310000,1287
2025-11-27 16:20:51,UCC4xWbcBVn-tHgchhrdmFpg,Jinmenusagi,9965654,32700,80
2025-11-27 16:20:51,UCB_qr75-ydFVKSF9Dmo6izg,FORMULA 1,8871159200,13700000,9408
2025-11-27 16:20:51,UCj4PjeVMnNTHIR5EeoNKPAw,ドズル社,4906590678,2570000,10213
2025-11-27 16:20:51,UCN7_YMtKaUiizHpw77XLVcw,EXILE,188655840,14800,311
2025-11-27 16:20:51,UCzRzPAT-AjlPyec5yXG974g,カワノKawano,208293143,184000,1322
2025-11-27 16:20:51,UCtwTCZuQkTIwUf5m9mlZnOQ,Release - Topic,27370,50,7
2025-11-27 16:20:51,UC-ifW8mHzfsZVGHY8vxqrjA,A.B.C-Z,59464169,54600,437
2025-11-27 16:20:51,UCOfESRUR5duQ2hMnTQ4oqhA,BUMP OF CHICKEN,1637208579,1590000,165
2025-11-27 16:20:51,UCpGpA7mSYmNJjLiJxKso5QA,しもふりチューブ,1783528661,2160000,3021
2025-11-27 16:20:51,UC8_Ag6BVp43Vmrx6eillK9g,Vaundy - Topic,909879734,2190,110
2025-11-27 16:20:51,UCZwcUEEjD8RVzB-TAw1ts3g,Eden - Topic,4266876,1760,38
2025-11-27 16:20:51,UCZMRuagdTBKmmrFtSMN48Xw,牛沢,2665781448,1800000,3740
2025-11-27 16:20:51,UC-_iQWdEZY66nGGaHH0Ygmg,僕が見たかった青空,52805973,122000,498
2025-11-27 16:20:51,UCYA14rrNjvQq_P_YSNeJHgA,スロライブ,89961056,46500,895
2025-11-27 16:20:51,UCMR5xpbhv3jzIQG1TOTg-Jg,B'z - Topic,290630711,3870,678
2025-11-27 16:20:51,UCLrYavXppY_4oRfquHk9VQg,HAGANE,14455474,74900,142
2025-11-27 16:20:51,UCu2Fxqf37DAZ0ZhIsd1FZwA,Capcom Fighters JP,262929109,257000,3907
2025-11-27 16:20:51,UCfipDDn7wY-C-SoUChgxCQQ,葉山舞鈴 / Ohayama Ch.,88098293,599000,1340
2025-11-27 16:20:51,UCy9GuRXGTm8TliQ-OJ7KwzA,【V.I.P】,978762283,979000,2495
2025-11-27 16:20:51,UC5vqbtNnbOF2h7A_xlrIPUw,ぽっぴんず,916917839,630000,1053
2025-11-27 16:20:51,UChhKBlh_wvspTh5n4mL0b5g,BOYNEXTDOOR,1166800131,2070000,2200
2025-11-27 16:20:51,UCqeAYB1DMzfM-hG-Up52yNQ,つるおかかものはし,371628954,387000,3610
2025-11-27 16:20:51,UChUjERVG8eKEAJSCef-tTmg,k4sen / かせん,718644367,1020000,3063
2025-11-27 16:20:51,UCM3yhFc0-fBFuvqx1Vg2YNQ,まいぜんシスターズ,7171762545,3180000,1860
2025-11-27 16:20:51,UCpYHkc4rzWEW7iVXIyxQebA,Hey! Say! JUMP - Topic,58958148,5080,738
2025-11-27 16:20:51,UCHp2q2i85qt_9nn2H7AvGOw,NiziU Official,1563277157,2290000,2504
2025-11-27 16:20:51,UCqMRVBz-hhSFRuqlL1guqig,あひるだっく,52130194,128000,89
2025-11-27 16:20:51,UC__iCxFigPdcry_UBv6sDGw,IO,16308497,38200,13
2025-11-27 16:20:51,UCDBdcJ3JIg2sjDg8QR3xp-g,Iyowa - Topic,65698952,31400,87
2025-11-27 16:20:51,UCHVkYOT63gAz5yTxjo68_Ng,家スロットゲームパンダ’s ROOM@琉球🐼🪸,1218125,1680,76
2025-11-27 16:20:51,UC0ux2IFOXkj6ifQ4aSs9l7Q,大月【おおつき】,14796820,17500,1219
2025-11-27 16:20:51,UCmnZL4tFRl4sm-uJOxTLHmg,今日ポケch.,986677118,569000,1304
2025-11-27 16:20:51,UCtiObj3CsEAdNU6ZPWDsddQ,TOMORROW X TOGETHER OFFICIAL,3494513829,13100000,3041
2025-11-27 16:20:51,UCYLp2FLXcqLUZhvrCxQmNIA,胡桃沢りりか,41004870,100000,2572
2025-11-27 16:20:51,UC-hM6YJuNYVAmUWxeIr9FeA,Miko Ch. さくらみこ,889625882,2460000,2043
2025-11-27 16:20:51,UCH4yRBPH2pDUjPeqomx8CTQ,てるとくん,548708568,1330000,1895
2025-11-27 16:20:51,UCYe_uTI6X6mm9qaXm8iWFDg,ノッチ配信者パチンコライブ,269077781,125000,2727
2025-11-27 16:20:51,UCKU0SVkIPRqwiZaXJ9rXhdw,シュート。,216561429,256000,2334
2025-11-27 16:20:51,UCdVD0MsYecQaIE5Ru-pOIQQ,RIIZE,1015326967,1870000,1385
2025-11-27 16:20:51,UCMF_5h2OejEhVorTB02UUSg,MAZZEL,243792578,285000,721
2025-11-27 16:20:51,UCwF6o6cF7BMTY1-OZ7ZUY7Q,フォートナイト 公式,270974311,410000,586
2025-11-27 16:20:51,UCZ1xuCK1kNmn5RzPYIZop3w,リゼ・ヘルエスタ -Lize Helesta-,299329789,957000,1090
2025-11-27 16:20:51,UCjJmYy279ehSYSwR1A3fXtA,マグロヘッド,394405965,735000,1754
2025-11-27 16:20:51,UCUbAVVpHteGtGQPPN9lM3oQ,ホロライブ切り抜き/なめたけ,572272419,339000,2103
2025-11-27 16:20:51,UCpT4syVopfBl2bATVfAt65g,澤野弘之 / SawanoHiroyuki[nZk],51761013,4030,22
2025-11-27 16:20:51,UCof7dOTnyxaidkKkcIFuflQ,Mone Kamishiraishi - Topic,26385160,326,123
2025-11-27 16:20:51,UCFQu6Q-9LAS3KoEuRDNkzGA, ニート部,659301189,680000,3213
2025-11-27 16:20:51,UClNdVSK1uy2xFHTaXZYXopw,らっだぁ,1819198345,1450000,2341
2025-11-27 16:20:51,UClqWF_XeXy469i4KDurpjWw,Yukopi,13448,2,1
2025-11-27 16:20:51,UCMGvmEqkVbl372DCyn3NLAw,【吹いたら負け】葛葉先生のしくじり【切り抜き】,180594707,136000,978
2025-11-27 16:20:51,UCdMGYXL38w6htx6Yf9YJa-w,プロジェクトセカイ カラフルステージ! feat. 初音ミク,2004254384,2060000,1907
2025-11-27 16:20:51,UCkVvAm5jb62IMIJQj4wPVGA,TMSアニメ公式チャンネル,379535728,898000,1147
2025-11-27 16:20:51,UC8Qwnts13zIh2EYUCau6m3w,ONE N' ONLY TV,112267072,214000,794
2025-11-27 16:20:51,UCGc93NguHRwzv1Rw9MyIcxQ,鳴潮 (Wuthering Waves)公式,104224935,345000,466
2025-11-27 16:20:51,UCXeTnWiRoifoHHEzSyR5Ogg,パチンコ・パチスロ必勝ガイドチャンネル,52790155,86300,1324
2025-11-27 16:20:51,UCZVVCZwOpCbDXB84SDqWixQ,Lil Shady,56319498,284000,97
2025-11-27 16:20:51,UCPJCP_fon2mOMfibbBPUOYw,SAWAYAN GAMES / サワヤン ゲームズ,1299302501,2070000,3417
2025-11-27 16:20:51,UC6qVAJzxF5kSN_UUFSdODiQ,MAZZEL - Topic,19361522,8260,57
2025-11-27 16:20:51,UC4YT50DP7hbMsor8FmyEPMw,Victor Entertainment,1489968652,1070000,4972
2025-11-27 16:20:51,UCJnL-TBcsYrF2SLs7tmiC8Q,tripleS official,697072588,2880000,3058
2025-11-27 16:20:51,UCcg_rvE-fU2tATMwBAxW9bA,ヤングスキニー,149492671,239000,603
2025-11-27 16:20:51,UCaO6TYtlC8U5ttz62hTrZgg,JYP Entertainment,26030065040,31500000,2639
2025-11-27 16:20:51,UCDbUUremwf8k1x1GTYfB1Ng,ニート部クラフト,20447117,97200,125
2025-11-27 16:20:51,UCeTo4Eh0TzpKbUL4vGQZ73A,LEX *,4588820,1280,14
2025-11-27 16:20:51,UCkKj-SiKyiFkj_dO1vmY3gA,加藤純一RECORDS,5266909,29200,82
2025-11-27 16:20:51,UC9zY_E8mcAo_Oq772LEZq8Q,THE FIRST TAKE,6263951155,11500000,1529
2025-11-27 16:20:51,UCc-itdQHxLvUlPrDxIiSJrA,INI,748068954,653000,1268
2025-11-27 16:20:51,UCkv76wCrBDQNn7ctcbn6Qeg,Nissy - Topic,93375916,26400,192
2025-11-27 16:20:51,UC_vMYWcDjmfdpH6r4TTn1MQ,Iroha ch. 風真いろは - holoX -,263202951,1130000,1054
2025-11-27 16:20:51,UCXEo7JprZQGCPkezcZylHlQ,黒炭酸,152490020,202000,1757
2025-11-27 16:20:51,UCtPyU9cJgvvgH03PQKgaucA,ファミ通TUBE,183082460,208000,8153
2025-11-27 16:20:51,UCZetZElUvdElPrcstRjl9DA,加藤純一ロードショー,413602922,509000,982
2025-11-27 16:20:51,UCUW6U6iOrntB0jw6-AbQo8g,RED Games,250702633,209000,3570
2025-11-27 16:20:51,UCt09C9DPSuOGpHoitbcyCIQ,ゼンレスゾーンゼロ-ZZZ-公式,230180173,754000,430
2025-11-27 16:20:51,UCrQUlOEbu-0T0l4DAcBEeIg,pizzaofdeathofficial,408251037,332000,372
2025-11-27 16:20:51,UCHvFSU5OP6c7QcJxIr87YtA,ウタエル Utael,446432580,582000,903
2025-11-27 16:20:51,UC7aYDbAOIKIMt25ENfJ68Qw,ルカ,118721142,120000,2127
2025-11-27 16:20:51,UC56x--_QtyaWD1QptYrPMqA,刀剣乱舞 公式チャンネル,9562875,131000,116
2025-11-27 16:20:51,UCu3kfiUaK7MmkQ40omEpGyQ,ナナ色チャンネル,4666870,8370,83
2025-11-27 16:20:51,UCJy7zfLsKBXoo2soFMum7JQ,あかさかの箱,1290928433,2620000,2688
2025-11-27 16:20:51,UC8rk-fIWJXYlSF8tkfG9wWg,天色鮫,66637382,192000,132
2025-11-27 16:20:51,UCylNKKCfPMm8ROXasQWTonA,響咲リオナの足,3336188,7010,125
2025-11-27 16:20:51,UCFvSFbT8okMrpuFxBEIB2lg,M!LK,90312072,10400,243
2025-11-27 16:20:51,UCx-QS9BIo_L_lx5dkpys1qw,ねこまんまのパチ•チャンネル,8057185,14300,169
2025-11-27 16:20:51,UCv7VutirxDn3RWIJXI68n_A,＝LOVE（イコールラブ）公式チャンネル,471205940,556000,474
2025-11-27 16:20:51,UCPVr7clenPjpD7WNsSI3UBQ,レトルト,2879338263,2590000,3850
2025-11-27 16:20:51,UCENwRMx5Yh42zWpzURebzTw,Laplus ch. ラプラス・ダークネス - holoX -,400043743,1450000,917
2025-11-27 16:20:51,UCqKNMJ5s_vsf7WkesdBrvQA,IS:SUE,87680204,221000,769
2025-11-27 16:20:51,UCoQhX2O93MVTWfgIz-8wOmg,KUNの50人クラフト,466114749,543000,1051
2025-11-27 16:20:51,UC3PFoXZPFJGy9F4PG84nNQQ,Soala - Topic,29220278,4820,84
2025-11-27 16:20:51,UCmovZ2th3Sqpd00F5RdeigQ,加賀美 ハヤト/Hayato Kagami,332409391,921000,1522
2025-11-27 16:20:51,UCeA0fcfLVewbuD7H5YsrpdA,ライキジョーンズ,118883150,146000,3390
2025-11-27 16:20:51,UC1FQWQ3y3-e8l1pCtWhJt5A,Vaundy,2295815134,2430000,226
2025-11-27 16:20:51,UC1DqlLj1onQhBfxW81OgQTw,GLAY,732544767,541000,886
2025-11-27 16:20:51,UCMJiPpN_09F0aWpQrgbc_qg,キヨ。,6532581967,5490000,3083
2025-11-27 16:20:51,UCeK22JmzkTMa69kZU9NEqsA,めじの【Vtuber応援隊】,31896540,15100,539
2025-11-27 16:20:51,UCqm3BQLlJfvkTsX_hvm0UmA,Watame Ch. 角巻わため,610016767,1700000,2979
2025-11-27 16:20:51,UChn5TjkeEqd-JxzizMVSkOw,ハヤトの野望,1035625127,1510000,2418
2025-11-27 16:20:51,UCBLGjbYv6-xxju1i44RjnnA,明透 -ᴀsᴜ-,132564670,625000,494
2025-11-27 16:20:51,UCOVLrBaOiMH5QDKXTycZ8Pw,やっちゃんの崖っぷちスロパチ生活,698980096,326000,5205
2025-11-27 16:20:51,UCYXmyrGUVL8tX7VEvo_DjPw,シャル@ツモらせ隊,83359858,178000,901
2025-11-27 16:20:51,UCIJAlAYCNN8RACtDDsy9K6g,Novelbright,652756465,733000,319
2025-11-27 16:20:51,UC15ebOqdhmvl1eb0s0jk5aw,戦極MCBATTLE,1332859018,847000,5384
2025-11-27 16:20:51,UCcz2Y1yhR42UxbFwvPFGCmA,きっしー助六ちゃんねる,75916692,61600,941
2025-11-27 16:20:51,UCBuLdF0tQn5oZjpvYWSQkaA,Liura Channel,92259839,206000,375
2025-11-27 16:20:51,UCy0DH4rgPPjDWVZO7wibcSQ,めめんともり,352005588,335000,468
2025-11-27 16:20:51,UCy2IDlWr4fbdO2dbka98bSg,HACHI - Topic,18777542,625,60
2025-11-27 16:20:51,UCNVIo0UJXTdEnsRkCB9Q03w,ILLIT - Topic,565212283,57700,59
2025-11-27 16:20:51,UCtyXllCXnTAg4rjfI3UwIgA,しょうちゃんネル,301544555,138000,1547
2025-11-27 16:20:51,UCXURHJRGr4-EB3l87kcbElw,NCT DREAM,2300999800,7000000,1316
2025-11-27 16:20:51,UC3J-txytRWiRtNXrLS95eEw,ASIAN KUNG-FU GENERATION Official YouTube Channel,608265861,788000,282
2025-11-27 16:20:51,UC14QT5j2nQI8lKBCGtrrBQA,アニプレックス チャンネル,4307214700,3720000,15436
2025-11-27 16:20:51,UC8eq3M3Yft3FUgxEX6lOZMg,chotokkyu - Topic,35832016,577,486
2025-11-27 16:20:51,UC3IZKseVpdzPSBaWxBxundA,HYBE LABELS,42534399305,79100000,2930
2025-11-27 16:20:51,UCVh47EKH9VLresRqiYi9txw,Mili,608668101,1010000,117
2025-11-27 16:20:51,UCOx-oLP9tOhiYwSK_m-yVxA,オモコロチャンネル,618632593,473000,1144
2025-11-27 16:20:51,UCxWcO9CLti4uouUIS5IIF-Q,Nornis,59019055,228000,110
2025-11-27 16:20:51,UCdkVEDVAW5aFmA-Mkz0lAFQ,ひたまゆ。,466707359,410000,2795
2025-11-27 16:20:51,UC1DCedRgGHBdm81E1llLhOQ,Pekora Ch. 兎田ぺこら,1012937716,2740000,2343
2025-11-27 16:20:51,UCp_Az_oKu8-J5qIQpF35JbA,やわらちゃんねる,193005093,279000,862
2025-11-27 16:20:51,UCOXOcEbERAwGlE4ig9MaLSQ,夜勤明けパチンコパチスロ実践記,275742165,166000,1623
2025-11-27 16:20:51,UCgmFrRcyH7d1zR9sIVQhFow,ローレン・イロアス / Lauren Iroas【にじさんじ】,397160094,954000,1049
2025-11-27 16:20:51,UC9qSqkNFiByKzzoxT3Cydyw,Aiobahn,28200052,90100,14
2025-11-27 16:20:51,UCEfbtVOJgicdHjs5HzOzJlA,ぱち・スロ部,3673041,1770,303
2025-11-27 16:20:51,UCxIK6x6sG7Ln5vjjPYpgeAw,Chogakusei Official,674277867,1010000,564
2025-11-27 16:20:51,UCs8nP5mUR3pwJmgixsul8Hw,Saucy Dog,503080790,860000,120
2025-11-27 16:20:51,UCOjkVJQcjtWnpf0-1ft4brA,ゆっくりむちゃたぬき,210189117,352000,423
2025-11-27 16:20:51,UCdszfKemUn36sOEplfkiGVQ,GPV LABEL,3034645,5380,90
2025-11-27 16:20:51,UCc-PPk-lNe34JaWCcJQCL0g,ドコムスチャンネル,541285685,593000,2023
2025-11-27 16:20:51,UCGjV4bsC43On-YuiLZcfL0w,KUN,3389315997,1660000,11233
2025-11-27 16:20:51,UC070fhnqq38qNhqHm5rxTcQ,令和ちゃんねる,428623803,506000,3628
2025-11-27 16:20:51,UCHghNZNbV-CPbb_f3FslObw,がんばるぴえんちゃんパチンコ日記,80501715,100000,1533
2025-11-27 16:20:51,UC2NujFa5X09CdV0YCntmQDg,板橋ハウス,905179003,752000,2029
2025-11-27 16:20:51,UCAaGaynFpku5cAx6OOSrW-w,HoneyWorks OFFICIAL,1601855248,2850000,550
2025-11-27 16:20:51,UC-UxhoAxlq57uZ8BA0b1Jyw,FPS切り抜きボット【ローレン・イロアス】,156707785,119000,1404
2025-11-27 16:20:51,UCvaTdHTWBGv3MKj3KVqJVCw,Okayu Ch. 猫又おかゆ,626491070,2060000,1592
2025-11-27 16:20:51,UCXqWKjzm2YMH6Bs7rAmsKFw,福本大晴,7532808,89600,145
2025-11-27 16:20:51,UCENoC6MLc4pL-vehJyzSWmg,もこうの実況,1736452511,1600000,5787
2025-11-27 16:20:51,UCUzpZpX2wRYOk3J8QTFGxDg,乃木坂46 OFFICIAL YouTube CHANNEL,1610447858,1730000,1168
2025-11-27 16:20:51,UCvzGlP9oQwU--Y0r9id_jnA,Subaru Ch. 大空スバル,581301904,1950000,1895
2025-11-27 16:20:51,UCdPCarwi28K5Z7s5l2nMiLw,Uru Official YouTube Channel,901097541,1180000,296
2025-11-27 14:20:53,UCmnZL4tFRl4sm-uJOxTLHmg,今日ポケch.,986677118,569000,1304
2025-11-27 14:20:53,UCaO6TYtlC8U5ttz62hTrZgg,JYP Entertainment,26030065040,31500000,2639
2025-11-27 14:20:53,UCGjV4bsC43On-YuiLZcfL0w,KUN,3389315997,1660000,11233
2025-11-27 14:20:53,UClNdVSK1uy2xFHTaXZYXopw,らっだぁ,1819198345,1450000,2341
2025-11-27 14:20:53,UCdszfKemUn36sOEplfkiGVQ,GPV LABEL,3034645,5370,90
2025-11-27 14:20:53,UCeTo4Eh0TzpKbUL4vGQZ73A,LEX *,4588820,1280,14
2025-11-27 14:20:53,UCxIK6x6sG7Ln5vjjPYpgeAw,Chogakusei Official,674277867,1010000,564
2025-11-27 14:20:53,UCu2Fxqf37DAZ0ZhIsd1FZwA,Capcom Fighters JP,262929109,257000,3907
2025-11-27 14:20:53,UCmovZ2th3Sqpd00F5RdeigQ,加賀美 ハヤト/Hayato Kagami,332409391,921000,1522
2025-11-27 14:20:53,UCv2ejD5B1xOYtGB2cf80B8g,Netflix Japan,1983114200,2310000,7762
2025-11-27 14:20:53,UC9rMiEjNaCSsebs31MRDCRA,Stray Kids,9673395528,22200000,1879
2025-11-27 14:20:53,UC8_Ag6BVp43Vmrx6eillK9g,Vaundy - Topic,909879734,2190,110
2025-11-27 14:20:53,UCqMRVBz-hhSFRuqlL1guqig,あひるだっく,52130194,128000,89
2025-11-27 14:20:53,UCMzLWawc9x3rUsqYDEfgqzA,ジャック・オ・蘭たん,712914393,648000,1888
2025-11-27 14:20:53,UCGc93NguHRwzv1Rw9MyIcxQ,鳴潮 (Wuthering Waves)公式,104224935,345000,466
2025-11-27 14:20:53,UCs8nP5mUR3pwJmgixsul8Hw,Saucy Dog,503080790,860000,120
2025-11-27 14:20:53,UCZwcUEEjD8RVzB-TAw1ts3g,Eden - Topic,4266876,1760,38
2025-11-27 14:20:53,UCdCC1L_OxLrkoEjR19iXpRw,パチスロードch,136215959,75700,815
2025-11-27 14:20:53,UCB_qr75-ydFVKSF9Dmo6izg,FORMULA 1,8871159200,13700000,9408
2025-11-27 14:20:53,UCBhPDpv9JavoPADrZcsAC2A,あらき-ARAKI Official,320679686,489000,260
2025-11-27 14:20:53,UCZ1xuCK1kNmn5RzPYIZop3w,リゼ・ヘルエスタ -Lize Helesta-,299329789,957000,1090
2025-11-27 14:20:53,UCJy7zfLsKBXoo2soFMum7JQ,あかさかの箱,1290928433,2620000,2688
2025-11-27 14:20:53,UCpYHkc4rzWEW7iVXIyxQebA,Hey! Say! JUMP - Topic,58958148,5080,738
2025-11-27 14:20:53,UCeA0fcfLVewbuD7H5YsrpdA,ライキジョーンズ,118883150,146000,3390
2025-11-27 14:20:53,UCtKBQ2BYD76GiJvcpZOBorg,えいま,11415764,13500,346
2025-11-27 14:20:53,UCXeTnWiRoifoHHEzSyR5Ogg,パチンコ・パチスロ必勝ガイドチャンネル,52790155,86300,1324
2025-11-27 14:20:53,UCIJAlAYCNN8RACtDDsy9K6g,Novelbright,652756465,733000,319
2025-11-27 14:20:53,UC5vqbtNnbOF2h7A_xlrIPUw,ぽっぴんず,916917839,630000,1053
2025-11-27 14:20:53,UCzXjPL7zo0bxhOYDxLJ9YEg,ポッキー,4097167938,3750000,4360
2025-11-27 14:20:53,UCENoC6MLc4pL-vehJyzSWmg,もこうの実況,1736452511,1600000,5787
2025-11-27 14:20:53,UC3IZKseVpdzPSBaWxBxundA,HYBE LABELS,42534399305,79100000,2930
2025-11-27 14:20:53,UCENwRMx5Yh42zWpzURebzTw,Laplus ch. ラプラス・ダークネス - holoX -,400043743,1450000,917
2025-11-27 14:20:53,UCDBdcJ3JIg2sjDg8QR3xp-g,Iyowa - Topic,65698952,31400,87
2025-11-27 14:20:53,UCAaGaynFpku5cAx6OOSrW-w,HoneyWorks OFFICIAL,1601855248,2850000,550
2025-11-27 14:20:53,UCUzpZpX2wRYOk3J8QTFGxDg,乃木坂46 OFFICIAL YouTube CHANNEL,1610447858,1730000,1168
2025-11-27 14:20:53,UCqeAYB1DMzfM-hG-Up52yNQ,つるおかかものはし,371628954,387000,3610
2025-11-27 14:20:53,UCMGvmEqkVbl372DCyn3NLAw,【吹いたら負け】葛葉先生のしくじり【切り抜き】,180594707,136000,978
2025-11-27 14:20:53,UCBLGjbYv6-xxju1i44RjnnA,明透 -ᴀsᴜ-,132564670,625000,494
2025-11-27 14:20:53,UCS57xc1Bf-znC9_ouCc3SZw,佐野元春 - DaisyMusic,50511392,77700,163
2025-11-27 14:20:53,UCBuLdF0tQn5oZjpvYWSQkaA,Liura Channel,92259839,206000,375
2025-11-27 14:20:53,UC6qVAJzxF5kSN_UUFSdODiQ,MAZZEL - Topic,19361522,8260,57
2025-11-27 14:20:53,UCx1nAvtVDIsaGmCMSe8ofsQ,加藤純一【jun channel】,1137516709,1280000,1835
2025-11-27 14:20:53,UCDwcZ85zjLKD-3-jqlv1wQQ,アンジュルム,213864061,229000,370
2025-11-27 14:20:53,UC-_iQWdEZY66nGGaHH0Ygmg,僕が見たかった青空,52805973,122000,498
2025-11-27 14:20:53,UCkVvAm5jb62IMIJQj4wPVGA,TMSアニメ公式チャンネル,379535728,898000,1147
2025-11-27 14:20:53,UC9zY_E8mcAo_Oq772LEZq8Q,THE FIRST TAKE,6263951155,11500000,1529
2025-11-27 14:20:53,UCkKj-SiKyiFkj_dO1vmY3gA,加藤純一RECORDS,5266909,29200,82
2025-11-27 14:20:53,UCLrYavXppY_4oRfquHk9VQg,HAGANE,14455474,74900,142
2025-11-27 14:20:53,UCFvSFbT8okMrpuFxBEIB2lg,M!LK,90312072,10400,243
2025-11-27 14:20:53,UCZVVCZwOpCbDXB84SDqWixQ,Lil Shady,56319498,284000,97
2025-11-27 14:20:53,UCAWxPGGuIfWME2KTLUmSCHw,ぱかチューブっ!【ウマ娘公式】,515911968,1310000,1287
2025-11-27 14:20:53,UCtyXllCXnTAg4rjfI3UwIgA,しょうちゃんネル,301544555,138000,1547
2025-11-27 14:20:53,UC7aYDbAOIKIMt25ENfJ68Qw,ルカ,118721142,120000,2126
2025-11-27 14:20:53,UC9Lx-zRFGfpuls27tNAOIqA,マエスケ,1543084879,1840000,1138
2025-11-27 14:20:53,UC6SmH9mR82nj28_NNg_rZvA,スクウェア・エニックス,1173377967,1090000,10984
2025-11-27 14:20:53,UCFuugQScqDfJcsOEWbL1_tg,Gero Channel,209118582,551000,166
2025-11-27 14:20:53,UCX7YkU9nEeaoZbkVLVajcMg,にじさんじ,1071962136,1870000,2823
2025-11-27 14:20:53,UCOTR1tcOAhjgi6YukrPpZxg,まふまふちゃんねる,2481707574,3610000,511
2025-11-27 14:20:53,UCHazKLThRbMyMFu2bVAKhng,ウォーターチャレンジ,3130936876,3150000,2181
2025-11-27 14:20:53,UCXURHJRGr4-EB3l87kcbElw,NCT DREAM,2300999800,7000000,1314
2025-11-27 14:20:53,UCH4yRBPH2pDUjPeqomx8CTQ,てるとくん,548708568,1330000,1893
2025-11-27 14:20:53,UCBA-kvU_zYdKreZbhhywX2Q,あいずちゃんねる,147829926,57400,803
2025-11-27 14:20:53,UCOfESRUR5duQ2hMnTQ4oqhA,BUMP OF CHICKEN,1637208579,1590000,165
2025-11-27 14:20:53,UC8Qwnts13zIh2EYUCau6m3w,ONE N' ONLY TV,112267072,214000,794
2025-11-27 14:20:53,UC8eq3M3Yft3FUgxEX6lOZMg,chotokkyu - Topic,35832016,577,486
2025-11-27 14:20:53,UChUjERVG8eKEAJSCef-tTmg,k4sen / かせん,718644367,1020000,3063
2025-11-27 14:20:53,UCwJYQvXHtNn1c7RqED4E7MA,パンダドラゴン,44018394,92300,533
2025-11-27 14:20:53,UCHD1jo5RhijLfx5-0Ehe_cg,&TEAM,466813545,1320000,1409
2025-11-27 14:20:53,UCOXOcEbERAwGlE4ig9MaLSQ,夜勤明けパチンコパチスロ実践記,275742165,166000,1623
2025-11-27 14:20:53,UCYLp2FLXcqLUZhvrCxQmNIA,胡桃沢りりか,41004870,100000,2572
2025-11-27 14:20:53,UC5nxCVEWQLLfkPuMylpkYkA,ロス,123613887,487000,68
2025-11-27 14:20:53,UC3J-txytRWiRtNXrLS95eEw,ASIAN KUNG-FU GENERATION Official YouTube Channel,608265861,788000,282
2025-11-27 14:20:53,UCZMRuagdTBKmmrFtSMN48Xw,牛沢,2665781448,1800000,3740
2025-11-27 14:20:53,UCrQUlOEbu-0T0l4DAcBEeIg,pizzaofdeathofficial,408251037,332000,372
2025-11-27 14:20:53,UC14QT5j2nQI8lKBCGtrrBQA,アニプレックス チャンネル,4307214700,3720000,15436
2025-11-27 14:20:53,UCOx-oLP9tOhiYwSK_m-yVxA,オモコロチャンネル,618632593,473000,1145
2025-11-27 14:20:53,UCJnL-TBcsYrF2SLs7tmiC8Q,tripleS official,697072588,2880000,3056
2025-11-27 14:20:53,UCfipDDn7wY-C-SoUChgxCQQ,葉山舞鈴 / Ohayama Ch.,88098293,599000,1340
2025-11-27 14:20:53,UCrKna8EQAd7NPRYq-gIsuow,ホロライ部【ホロライブ切り抜き】,70087617,37900,614
2025-11-27 14:20:53,UCYXmyrGUVL8tX7VEvo_DjPw,シャル@ツモらせ隊,83359858,178000,901
2025-11-27 14:20:53,UCt09C9DPSuOGpHoitbcyCIQ,ゼンレスゾーンゼロ-ZZZ-公式,230180173,754000,430
2025-11-27 14:20:53,UC6FadPgGviUcq6VQ0CEJqdQ,Juice=Juice,163770158,250000,280
2025-11-27 14:20:53,UCqm3BQLlJfvkTsX_hvm0UmA,Watame Ch. 角巻わため,610016767,1700000,2979
2025-11-27 14:20:53,UCL7VEatXa9yBCKeM-ww8TnA,NX☆くさあん,208577725,238000,3563
2025-11-27 14:20:53,UCHzevlEL9JfsBIm86uNCJqg,宮野真守,78718653,449000,329
2025-11-27 14:20:53,UCylNKKCfPMm8ROXasQWTonA,響咲リオナの足,3336188,7010,125
2025-11-27 14:20:53,UCFQu6Q-9LAS3KoEuRDNkzGA, ニート部,659301189,680000,3213
2025-11-27 14:20:53,UCEfbtVOJgicdHjs5HzOzJlA,ぱち・スロ部,3673041,1770,303
2025-11-27 14:20:53,UC-ifW8mHzfsZVGHY8vxqrjA,A.B.C-Z,59464169,54600,437
2025-11-27 14:20:53,UCNVIo0UJXTdEnsRkCB9Q03w,ILLIT - Topic,565212283,57700,59
2025-11-27 14:20:53,UChhKBlh_wvspTh5n4mL0b5g,BOYNEXTDOOR,1166800131,2070000,2200
2025-11-27 14:20:53,UChVflUz2J_jaaqYjXqvpmQA,iLiFE!【あいらいふ】,246311299,485000,533
2025-11-27 14:20:53,UCwF6o6cF7BMTY1-OZ7ZUY7Q,フォートナイト 公式,270974311,410000,586
2025-11-27 14:20:53,UCtwTCZuQkTIwUf5m9mlZnOQ,Release - Topic,27370,49,7
2025-11-27 14:20:53,UCdVD0MsYecQaIE5Ru-pOIQQ,RIIZE,1015326967,1870000,1384
2025-11-27 14:20:53,UCtPyU9cJgvvgH03PQKgaucA,ファミ通TUBE,183082460,208000,8153
2025-11-27 14:20:53,UCyTaStlK0neSuKveYOIioaw,ぐんぐにるチャンネル,275100958,426000,447
2025-11-27 14:20:53,UCPVr7clenPjpD7WNsSI3UBQ,レトルト,2879338263,2590000,3850
2025-11-27 14:20:53,UC56x--_QtyaWD1QptYrPMqA,刀剣乱舞 公式チャンネル,9562875,131000,116
2025-11-27 14:20:53,UCspv01oxUFf_MTSipURRhkA,Kanae Channel,785693510,1510000,4292
2025-11-27 14:20:53,UC3ruCdV7xnwAbpkW9tQq-6A,のーわん【NoOnE】,419484764,409000,1206
2025-11-27 14:20:53,UC-hM6YJuNYVAmUWxeIr9FeA,Miko Ch. さくらみこ,889625882,2460000,2043
2025-11-27 14:20:53,UCMJiPpN_09F0aWpQrgbc_qg,キヨ。,6532581967,5490000,3083
2025-11-27 14:20:53,UCoQhX2O93MVTWfgIz-8wOmg,KUNの50人クラフト,466114749,543000,1049
2025-11-27 14:20:53,UCcg_rvE-fU2tATMwBAxW9bA,ヤングスキニー,149492671,239000,603
2025-11-27 14:20:53,UCqKNMJ5s_vsf7WkesdBrvQA,IS:SUE,87680204,221000,769
2025-11-27 14:20:53,UCkv76wCrBDQNn7ctcbn6Qeg,Nissy - Topic,93375916,26400,192
2025-11-27 14:20:53,UCHghNZNbV-CPbb_f3FslObw,がんばるぴえんちゃんパチンコ日記,80501715,100000,1533
2025-11-27 14:20:53,UCvo8JUqHh2d1QGnK3LKyI4Q,ポケモンユナイト公式チャンネル,31962139,139000,467
2025-11-27 14:20:53,UCM3yhFc0-fBFuvqx1Vg2YNQ,まいぜんシスターズ,7171762545,3180000,1860
2025-11-27 14:20:53,UCUW6U6iOrntB0jw6-AbQo8g,RED Games,250702633,209000,3569
2025-11-27 14:20:53,UC1DqlLj1onQhBfxW81OgQTw,GLAY,732544767,541000,884
2025-11-27 14:20:53,UCPJCP_fon2mOMfibbBPUOYw,SAWAYAN GAMES / サワヤン ゲームズ,1299302501,2070000,3417
2025-11-27 14:20:53,UCx-QS9BIo_L_lx5dkpys1qw,ねこまんまのパチ•チャンネル,8057185,14300,169
2025-11-27 14:20:53,UCHp2q2i85qt_9nn2H7AvGOw,NiziU Official,1563277157,2290000,2504
2025-11-27 14:20:53,UCYA14rrNjvQq_P_YSNeJHgA,スロライブ,89961056,46500,895
2025-11-27 14:20:53,UC3VId8brfshtHO6gMMqnZ5A,FLOW GLOW - Topic,380802,2190,5
2025-11-27 14:20:53,UC_DopZ9OANqNGho0wFwADqA,けいちゃん / Keichan,502697517,1270000,606
2025-11-27 14:20:53,UC__iCxFigPdcry_UBv6sDGw,IO,16308497,38200,13
2025-11-27 14:20:53,UCxWcO9CLti4uouUIS5IIF-Q,Nornis,59019055,228000,110
2025-11-27 14:20:53,UCdkVEDVAW5aFmA-Mkz0lAFQ,ひたまゆ。,466707359,410000,2794
2025-11-27 14:20:53,UCDhOdoqPxv96djR3tSq9NoA,ショコラ大佐の秘密基地,148646669,138000,1746
2025-11-27 14:20:53,UCvaTdHTWBGv3MKj3KVqJVCw,Okayu Ch. 猫又おかゆ,626491070,2060000,1592
2025-11-27 14:20:53,UCeK22JmzkTMa69kZU9NEqsA,めじの【Vtuber応援隊】,31896540,15100,539
2025-11-27 14:20:53,UCcz2Y1yhR42UxbFwvPFGCmA,きっしー助六ちゃんねる,75916692,61500,941
2025-11-27 14:20:53,UCtiObj3CsEAdNU6ZPWDsddQ,TOMORROW X TOGETHER OFFICIAL,3494513829,13100000,3041
2025-11-27 14:20:53,UCZetZElUvdElPrcstRjl9DA,加藤純一ロードショー,413602922,509000,982
2025-11-27 14:20:53,UCc-PPk-lNe34JaWCcJQCL0g,ドコムスチャンネル,541285685,593000,2023
2025-11-27 14:20:53,UCj4PjeVMnNTHIR5EeoNKPAw,ドズル社,4906590678,2570000,10212
2025-11-27 14:20:53,UCKU0SVkIPRqwiZaXJ9rXhdw,シュート。,216561429,256000,2334
2025-11-27 14:20:53,UCSFCh5NL4qXrAy9u-u2lX3g,Kuzuha Channel,1427452276,2100000,2820
2025-11-27 14:20:53,UCgmFrRcyH7d1zR9sIVQhFow,ローレン・イロアス / Lauren Iroas【にじさんじ】,397160094,953000,1049
2025-11-27 14:20:53,UC1FQWQ3y3-e8l1pCtWhJt5A,Vaundy,2295815134,2430000,226
2025-11-27 14:20:53,UCOVLrBaOiMH5QDKXTycZ8Pw,やっちゃんの崖っぷちスロパチ生活,698980096,326000,5205
2025-11-27 14:20:53,UCMR5xpbhv3jzIQG1TOTg-Jg,B'z - Topic,290630711,3870,678
2025-11-27 14:20:53,UC_vMYWcDjmfdpH6r4TTn1MQ,Iroha ch. 風真いろは - holoX -,263202951,1130000,1054
2025-11-27 14:20:53,UCv7VutirxDn3RWIJXI68n_A,＝LOVE（イコールラブ）公式チャンネル,471205940,556000,474
2025-11-27 14:20:53,UC7wu64jFsV02bbu6UHUd7JA,ガンダムチャンネル,412635067,1670000,1654
2025-11-27 14:20:53,UCH-lygWpHodDff3iQurnWnQ,加藤純一切り抜き集,1719255492,580000,5439
2025-11-27 14:20:53,UCpGpA7mSYmNJjLiJxKso5QA,しもふりチューブ,1783528661,2160000,3021
2025-11-27 14:20:53,UC8rk-fIWJXYlSF8tkfG9wWg,天色鮫,66637382,192000,132
2025-11-27 14:20:53,UCLkAepWjdylmXSltofFvsYQ,BANGTANTV,26052132409,81700000,2935
2025-11-27 14:20:53,UCfkXDY7vwkcJ8ddFGz8KusA,SEVENTEEN,7797609294,16200000,3277
2025-11-27 14:20:53,UCy0DH4rgPPjDWVZO7wibcSQ,めめんともり,352005588,335000,468
2025-11-27 14:20:53,UC3PFoXZPFJGy9F4PG84nNQQ,Soala - Topic,29220278,4820,84
2025-11-27 14:20:53,UCCzUftO8KOVkV4wQG1vkUvg,Marine Ch. 宝鐘マリン,2033880549,4260000,1560
2025-11-27 14:20:53,UCVh47EKH9VLresRqiYi9txw,Mili,608668101,1010000,117
2025-11-27 14:20:53,UCXEo7JprZQGCPkezcZylHlQ,黒炭酸,152490020,202000,1757
2025-11-27 14:20:53,UCXqWKjzm2YMH6Bs7rAmsKFw,福本大晴,7532808,89600,145
2025-11-27 14:20:53,UC15ebOqdhmvl1eb0s0jk5aw,戦極MCBATTLE,1332859018,847000,5383
2025-11-27 14:20:53,UC9qSqkNFiByKzzoxT3Cydyw,Aiobahn,28114924,90100,14
2025-11-27 14:20:53,UCdPCarwi28K5Z7s5l2nMiLw,Uru Official YouTube Channel,901097541,1180000,296
2025-11-27 14:20:53,UCRDJ3DN-6ND_a4LSJ35L91A,立川ちゃんねる,106588840,107000,639
2025-11-27 14:20:53,UC3NrSfe_yR5XX9zGFxYoV1Q,HIRAIDAI - Topic,281407124,3400,415
2025-11-27 14:20:53,UCzRzPAT-AjlPyec5yXG974g,カワノKawano,208293143,184000,1322
2025-11-27 14:20:53,UCMF_5h2OejEhVorTB02UUSg,MAZZEL,243792578,285000,721
2025-11-27 14:20:53,UCOjkVJQcjtWnpf0-1ft4brA,ゆっくりむちゃたぬき,210189117,352000,423
2025-11-27 14:20:53,UCu3kfiUaK7MmkQ40omEpGyQ,ナナ色チャンネル,4666870,8350,83
2025-11-27 14:20:53,UCtceiniicYEsbAVuWy-Bi0Q,ドラゴンクエストウォーク公式,50515736,181000,160
2025-11-27 14:20:53,UCDbUUremwf8k1x1GTYfB1Ng,ニート部クラフト,20447117,97200,125
2025-11-27 14:20:53,UCpT4syVopfBl2bATVfAt65g,澤野弘之 / SawanoHiroyuki[nZk],51761013,4020,22
2025-11-27 14:20:53,UCYe_uTI6X6mm9qaXm8iWFDg,ノッチ配信者パチンコライブ,269077781,125000,2727
2025-11-27 14:20:53,UC_ntXHv-XdKCD7CPynVvnQw,Bandai Namco Entertainment America,615627915,1460000,3570
2025-11-27 14:20:53,UCof7dOTnyxaidkKkcIFuflQ,Mone Kamishiraishi - Topic,26385160,326,123
2025-11-27 14:20:53,UCqQNCRSihFHVsXrDikNeYSg,げまじょが好き【にじさんじEXゲマズ切り抜き】,4585662,2380,119
2025-11-27 14:20:53,UCiZqWVAeChfqlom5ZPR3ZJA,NCT WISH,630033332,1140000,1125
2025-11-27 14:20:53,UC2NujFa5X09CdV0YCntmQDg,板橋ハウス,905179003,752000,2029
2025-11-27 14:20:53,UCdMGYXL38w6htx6Yf9YJa-w,プロジェクトセカイ カラフルステージ! feat. 初音ミク,2004254384,2060000,1907
2025-11-27 14:20:53,UChn5TjkeEqd-JxzizMVSkOw,ハヤトの野望,1035625127,1510000,2418
2025-11-27 14:20:53,UC1DCedRgGHBdm81E1llLhOQ,Pekora Ch. 兎田ぺこら,1012937716,2740000,2343
2025-11-27 14:20:53,UCy9GuRXGTm8TliQ-OJ7KwzA,【V.I.P】,978762283,979000,2495
2025-11-27 14:20:53,UClqWF_XeXy469i4KDurpjWw,Yukopi,13448,2,1
2025-11-27 14:20:53,UCEf_Bc-KVd7onSeifS3py9g,SMTOWN,32611320806,33500000,4641
2025-11-27 14:20:53,UC6H_7uSepAzrlayBjAb9rrg,WurtS - Topic,69108754,698,82
2025-11-27 14:20:53,UCC4xWbcBVn-tHgchhrdmFpg,Jinmenusagi,9965654,32700,80
2025-11-27 14:20:53,UCHVkYOT63gAz5yTxjo68_Ng,家スロットゲームパンダ’s ROOM@琉球🐼🪸,1226399,1680,76
2025-11-27 14:20:53,UCN7_YMtKaUiizHpw77XLVcw,EXILE,188655840,14800,311
2025-11-27 14:20:53,UCHvFSU5OP6c7QcJxIr87YtA,ウタエル Utael,446432580,582000,903
2025-11-27 14:20:53,UC0ux2IFOXkj6ifQ4aSs9l7Q,大月【おおつき】,14796820,17500,1219
2025-11-27 14:20:53,UCp_Az_oKu8-J5qIQpF35JbA,やわらちゃんねる,193005093,279000,862
2025-11-27 14:20:53,UC4YT50DP7hbMsor8FmyEPMw,Victor Entertainment,1489968652,1070000,4972
2025-11-27 14:20:53,UC070fhnqq38qNhqHm5rxTcQ,令和ちゃんねる,428623803,506000,3628
2025-11-27 14:20:53,UCvzGlP9oQwU--Y0r9id_jnA,Subaru Ch. 大空スバル,581301904,1950000,1895
2025-11-27 14:20:53,UCjJmYy279ehSYSwR1A3fXtA,マグロヘッド,394405965,735000,1754
2025-11-27 14:20:53,UCWvr04hMa4k4wSilYcQ4qoA,キャベツの人【ゲーム紹介】,253316988,418000,973
2025-11-27 14:20:53,UCc-itdQHxLvUlPrDxIiSJrA,INI,748068954,653000,1268
2025-11-27 14:20:53,UCdn5BQ06XqgXoAxIhbqw5Rg,フブキCh。白上フブキ,710953599,2640000,2968
2025-11-27 14:20:53,UCooVYzDxdwTtGYAkcPmOgOw,Brawl Stars,4006370981,23200000,370
2025-11-27 14:20:53,UCjcYYjM16TFOPXDjWgzHiHA,超覚醒てえんだ「スロパチ生放送」,87356301,140000,571
2025-11-27 14:20:53,UCILZFnKZJksR7zwhZbAB4vw,れじぇくん,1503244285,1170000,1428
2025-11-25 18:43:56,UC-_iQWdEZY66nGGaHH0Ygmg,僕が見たかった青空,52805973,122000,498
2025-11-25 18:43:56,UC8rk-fIWJXYlSF8tkfG9wWg,天色鮫,66455197,192000,132
2025-11-25 18:43:56,UCtKBQ2BYD76GiJvcpZOBorg,えいま,11402824,13500,346
2025-11-25 18:43:56,UCkKj-SiKyiFkj_dO1vmY3gA,加藤純一RECORDS,5125700,28500,81
2025-11-25 18:43:56,UC0ux2IFOXkj6ifQ4aSs9l7Q,大月【おおつき】,14724261,17400,1217
2025-11-25 18:43:56,UCFvSFbT8okMrpuFxBEIB2lg,M!LK,89055255,10300,243
2025-11-25 18:43:56,UCvaTdHTWBGv3MKj3KVqJVCw,Okayu Ch. 猫又おかゆ,626491070,2060000,1591
2025-11-25 18:43:56,UCHVkYOT63gAz5yTxjo68_Ng,家スロットゲームパンダ’s ROOM@琉球🐼🪸,1200416,1690,76
2025-11-25 18:43:56,UCqMRVBz-hhSFRuqlL1guqig,あひるだっく,51933932,127000,89
2025-11-25 18:43:56,UCDhOdoqPxv96djR3tSq9NoA,ショコラ大佐の秘密基地,148259588,138000,1744
2025-11-25 18:43:56,UCv7VutirxDn3RWIJXI68n_A,＝LOVE（イコールラブ）公式チャンネル,466225819,555000,474
2025-11-25 18:43:56,UCHghNZNbV-CPbb_f3FslObw,がんばるぴえんちゃんパチンコ日記,80262292,100000,1529
2025-11-25 18:43:56,UCdVD0MsYecQaIE5Ru-pOIQQ,RIIZE,1015326967,1870000,1374
2025-11-25 18:43:56,UCpGpA7mSYmNJjLiJxKso5QA,しもふりチューブ,1782706599,2160000,3020
2025-11-25 18:43:56,UCylNKKCfPMm8ROXasQWTonA,響咲リオナの足,3145428,6660,121
2025-11-25 18:43:56,UCHazKLThRbMyMFu2bVAKhng,ウォーターチャレンジ,3128753022,3150000,2180
2025-11-25 18:43:56,UClNdVSK1uy2xFHTaXZYXopw,らっだぁ,1817433175,1450000,2340
2025-11-25 18:43:56,UCPJCP_fon2mOMfibbBPUOYw,SAWAYAN GAMES / サワヤン ゲームズ,1298369889,2070000,3416
2025-11-25 18:43:56,UCeK22JmzkTMa69kZU9NEqsA,めじの【Vtuber応援隊】,31679001,15100,537
2025-11-25 18:43:56,UCOfESRUR5duQ2hMnTQ4oqhA,BUMP OF CHICKEN,1637208579,1590000,164
2025-11-25 18:43:56,UCUW6U6iOrntB0jw6-AbQo8g,RED Games,250066787,209000,3563
2025-11-25 18:43:56,UCOXOcEbERAwGlE4ig9MaLSQ,夜勤明けパチンコパチスロ実践記,275529687,166000,1622
2025-11-25 18:43:56,UC_vMYWcDjmfdpH6r4TTn1MQ,Iroha ch. 風真いろは - holoX -,262723246,1130000,1051
2025-11-25 18:43:56,UChUjERVG8eKEAJSCef-tTmg,k4sen / かせん,716283754,1020000,3062
2025-11-25 18:43:56,UCt09C9DPSuOGpHoitbcyCIQ,ゼンレスゾーンゼロ-ZZZ-公式,229080119,753000,427
2025-11-25 18:43:56,UCxIK6x6sG7Ln5vjjPYpgeAw,Chogakusei Official,667393982,1010000,564
2025-11-25 18:43:56,UCv2ejD5B1xOYtGB2cf80B8g,Netflix Japan,1980081923,2300000,7750
2025-11-25 18:43:56,UCCzUftO8KOVkV4wQG1vkUvg,Marine Ch. 宝鐘マリン,2033880549,4260000,1560
2025-11-25 18:43:56,UC6qVAJzxF5kSN_UUFSdODiQ,MAZZEL - Topic,19200719,8260,57
2025-11-25 18:43:56,UC6FadPgGviUcq6VQ0CEJqdQ,Juice=Juice,162049064,248000,280
2025-11-25 18:43:56,UCqQNCRSihFHVsXrDikNeYSg,げまじょが好き【にじさんじEXゲマズ切り抜き】,4469282,2330,117
2025-11-25 18:43:56,UC3J-txytRWiRtNXrLS95eEw,ASIAN KUNG-FU GENERATION Official YouTube Channel,608265861,788000,281
2025-11-25 18:43:56,UCMGvmEqkVbl372DCyn3NLAw,【吹いたら負け】葛葉先生のしくじり【切り抜き】,180452214,136000,978
2025-11-25 18:43:56,UCOTR1tcOAhjgi6YukrPpZxg,まふまふちゃんねる,2480967798,3610000,511
2025-11-25 18:43:56,UC__iCxFigPdcry_UBv6sDGw,IO,16107442,38000,13
2025-11-25 18:43:56,UCvzGlP9oQwU--Y0r9id_jnA,Subaru Ch. 大空スバル,580850595,1950000,1893
2025-11-25 18:43:56,UCLkAepWjdylmXSltofFvsYQ,BANGTANTV,26052132409,81700000,2933
2025-11-25 18:43:56,UCRDJ3DN-6ND_a4LSJ35L91A,立川ちゃんねる,106288438,107000,639
2025-11-25 18:43:56,UCgmFrRcyH7d1zR9sIVQhFow,ローレン・イロアス / Lauren Iroas【にじさんじ】,396542080,953000,1047
2025-11-25 18:43:56,UCoQhX2O93MVTWfgIz-8wOmg,KUNの50人クラフト,464951451,543000,1047
2025-11-25 18:43:56,UC15ebOqdhmvl1eb0s0jk5aw,戦極MCBATTLE,1331994946,847000,5379
2025-11-25 18:43:56,UC8eq3M3Yft3FUgxEX6lOZMg,chotokkyu - Topic,35707175,577,486
2025-11-25 18:43:56,UCMF_5h2OejEhVorTB02UUSg,MAZZEL,240478072,283000,721
2025-11-25 18:43:56,UCrKna8EQAd7NPRYq-gIsuow,ホロライ部【ホロライブ切り抜き】,69865886,37800,613
2025-11-25 18:43:56,UCBhPDpv9JavoPADrZcsAC2A,あらき-ARAKI Official,320679686,488000,260
2025-11-25 18:43:56,UCN7_YMtKaUiizHpw77XLVcw,EXILE,188358177,14600,306
2025-11-25 18:43:56,UC9rMiEjNaCSsebs31MRDCRA,Stray Kids,9673395528,22200000,1870
2025-11-25 18:43:56,UC1DCedRgGHBdm81E1llLhOQ,Pekora Ch. 兎田ぺこら,1012010136,2740000,2341
2025-11-25 18:43:56,UCWvr04hMa4k4wSilYcQ4qoA,キャベツの人【ゲーム紹介】,252884397,418000,971
2025-11-25 18:43:56,UCDbUUremwf8k1x1GTYfB1Ng,ニート部クラフト,20293991,96900,125
2025-11-25 18:43:56,UCeA0fcfLVewbuD7H5YsrpdA,ライキジョーンズ,118626164,146000,3388
2025-11-25 18:43:56,UChn5TjkeEqd-JxzizMVSkOw,ハヤトの野望,1034602930,1510000,2415
2025-11-25 18:43:56,UCVh47EKH9VLresRqiYi9txw,Mili,608668101,1000000,117
2025-11-25 18:43:56,UCzXjPL7zo0bxhOYDxLJ9YEg,ポッキー,4096288405,3750000,4358
2025-11-25 18:43:56,UC56x--_QtyaWD1QptYrPMqA,刀剣乱舞 公式チャンネル,9433224,131000,116
2025-11-25 18:43:56,UCdkVEDVAW5aFmA-Mkz0lAFQ,ひたまゆ。,466225947,410000,2791
2025-11-25 18:43:56,UCj4PjeVMnNTHIR5EeoNKPAw,ドズル社,4893163285,2560000,10207
2025-11-25 18:43:56,UCAWxPGGuIfWME2KTLUmSCHw,ぱかチューブっ!【ウマ娘公式】,514883442,1310000,1288
2025-11-25 18:43:56,UCy9GuRXGTm8TliQ-OJ7KwzA,【V.I.P】,977997693,978000,2494
2025-11-25 18:43:56,UCHD1jo5RhijLfx5-0Ehe_cg,&TEAM,466813545,1320000,1404
2025-11-25 18:43:56,UCkVvAm5jb62IMIJQj4wPVGA,TMSアニメ公式チャンネル,379415080,898000,1145
2025-11-25 18:43:56,UC9Lx-zRFGfpuls27tNAOIqA,マエスケ,1540679756,1830000,1137
2025-11-25 18:43:56,UC3VId8brfshtHO6gMMqnZ5A,FLOW GLOW - Topic,336999,2190,5
2025-11-25 18:43:56,UCBuLdF0tQn5oZjpvYWSQkaA,Liura Channel,91964482,206000,374
2025-11-25 18:43:56,UC7wu64jFsV02bbu6UHUd7JA,ガンダムチャンネル,412066551,1670000,1654
2025-11-25 18:43:56,UCHzevlEL9JfsBIm86uNCJqg,宮野真守,78718653,449000,329
2025-11-25 18:43:56,UChVflUz2J_jaaqYjXqvpmQA,iLiFE!【あいらいふ】,246311299,484000,528
2025-11-25 18:43:56,UC-ifW8mHzfsZVGHY8vxqrjA,A.B.C-Z,59464169,54500,437
2025-11-25 18:43:56,UCX7YkU9nEeaoZbkVLVajcMg,にじさんじ,1071275897,1870000,2825
2025-11-25 18:43:56,UCNVIo0UJXTdEnsRkCB9Q03w,ILLIT - Topic,562318404,57700,59
2025-11-25 18:43:56,UCJnL-TBcsYrF2SLs7tmiC8Q,tripleS official,678132684,2880000,3048
2025-11-25 18:43:56,UCJy7zfLsKBXoo2soFMum7JQ,あかさかの箱,1289314809,2620000,2687
2025-11-25 18:43:56,UCYXmyrGUVL8tX7VEvo_DjPw,シャル@ツモらせ隊,83052972,178000,898
2025-11-25 18:43:56,UCdCC1L_OxLrkoEjR19iXpRw,パチスロードch,135399941,75600,813
2025-11-25 18:43:56,UCooVYzDxdwTtGYAkcPmOgOw,Brawl Stars,4000176799,23200000,370
2025-11-25 18:43:56,UC3IZKseVpdzPSBaWxBxundA,HYBE LABELS,42502703726,79100000,2929
2025-11-25 18:43:56,UCaO6TYtlC8U5ttz62hTrZgg,JYP Entertainment,26010005047,31500000,2638
2025-11-25 18:43:56,UCjcYYjM16TFOPXDjWgzHiHA,超覚醒てえんだ「スロパチ生放送」,87200756,140000,571
2025-11-25 18:43:56,UCc-PPk-lNe34JaWCcJQCL0g,ドコムスチャンネル,540356662,593000,2021
2025-11-25 18:43:56,UCENoC6MLc4pL-vehJyzSWmg,もこうの実況,1735813242,1600000,5785
2025-11-25 18:43:56,UCXqWKjzm2YMH6Bs7rAmsKFw,福本大晴,7285544,89700,144
2025-11-25 18:43:56,UCEfbtVOJgicdHjs5HzOzJlA,ぱち・スロ部,3584119,1760,302
2025-11-25 18:43:56,UCUzpZpX2wRYOk3J8QTFGxDg,乃木坂46 OFFICIAL YouTube CHANNEL,1610447858,1730000,1168
2025-11-25 18:43:56,UCILZFnKZJksR7zwhZbAB4vw,れじぇくん,1502874244,1170000,1428
2025-11-25 18:43:56,UCtPyU9cJgvvgH03PQKgaucA,ファミ通TUBE,182954660,208000,8151
2025-11-25 18:43:56,UC9zY_E8mcAo_Oq772LEZq8Q,THE FIRST TAKE,6257669369,11500000,1526
2025-11-25 18:43:56,UCIJAlAYCNN8RACtDDsy9K6g,Novelbright,646175482,733000,319
2025-11-25 18:43:56,UCXURHJRGr4-EB3l87kcbElw,NCT DREAM,2300999800,7000000,1310
2025-11-25 18:43:56,UCAaGaynFpku5cAx6OOSrW-w,HoneyWorks OFFICIAL,1601855248,2850000,550
2025-11-25 18:43:56,UCSFCh5NL4qXrAy9u-u2lX3g,Kuzuha Channel,1424950504,2100000,2818
2025-11-25 18:43:56,UCB_qr75-ydFVKSF9Dmo6izg,FORMULA 1,8859878986,13700000,9402
2025-11-25 18:43:56,UCZ1xuCK1kNmn5RzPYIZop3w,リゼ・ヘルエスタ -Lize Helesta-,299001750,957000,1089
2025-11-25 18:43:56,UCH-lygWpHodDff3iQurnWnQ,加藤純一切り抜き集,1718446841,580000,5439
2025-11-25 18:43:56,UC_DopZ9OANqNGho0wFwADqA,けいちゃん / Keichan,502697517,1270000,605
2025-11-25 18:43:56,UC-hM6YJuNYVAmUWxeIr9FeA,Miko Ch. さくらみこ,889625882,2460000,2041
2025-11-25 18:43:56,UC5vqbtNnbOF2h7A_xlrIPUw,ぽっぴんず,916217219,630000,1052
2025-11-25 18:43:56,UC1FQWQ3y3-e8l1pCtWhJt5A,Vaundy,2295815134,2430000,226
2025-11-25 18:43:56,UCYA14rrNjvQq_P_YSNeJHgA,スロライブ,89748736,46500,893
2025-11-25 18:43:56,UCtyXllCXnTAg4rjfI3UwIgA,しょうちゃんネル,298495773,138000,1545
2025-11-25 18:43:56,UCyTaStlK0neSuKveYOIioaw,ぐんぐにるチャンネル,274988063,426000,446
2025-11-25 18:43:56,UCYLp2FLXcqLUZhvrCxQmNIA,胡桃沢りりか,40910955,100000,2568
2025-11-25 18:43:56,UCPVr7clenPjpD7WNsSI3UBQ,レトルト,2877943743,2590000,3850
2025-11-25 18:43:56,UCqKNMJ5s_vsf7WkesdBrvQA,IS:SUE,87680204,220000,767
2025-11-25 18:43:56,UCBA-kvU_zYdKreZbhhywX2Q,あいずちゃんねる,147494513,57400,803
2025-11-25 18:43:56,UCZMRuagdTBKmmrFtSMN48Xw,牛沢,2664148445,1800000,3739
2025-11-25 18:43:56,UCXEo7JprZQGCPkezcZylHlQ,黒炭酸,152018395,201000,1757
2025-11-25 18:43:56,UCcz2Y1yhR42UxbFwvPFGCmA,きっしー助六ちゃんねる,75760244,61500,939
2025-11-25 18:43:56,UCZwcUEEjD8RVzB-TAw1ts3g,Eden - Topic,4184148,1700,38
2025-11-25 18:43:56,UCEf_Bc-KVd7onSeifS3py9g,SMTOWN,32595925805,33500000,4640
2025-11-25 18:43:56,UCqeAYB1DMzfM-hG-Up52yNQ,つるおかかものはし,370934217,387000,3607
2025-11-25 18:43:56,UCKU0SVkIPRqwiZaXJ9rXhdw,シュート。,216368438,256000,2333
2025-11-25 18:43:56,UCmovZ2th3Sqpd00F5RdeigQ,加賀美 ハヤト/Hayato Kagami,332409391,921000,1520
2025-11-25 18:43:56,UCDwcZ85zjLKD-3-jqlv1wQQ,アンジュルム,213864061,229000,368
2025-11-25 18:43:56,UCvo8JUqHh2d1QGnK3LKyI4Q,ポケモンユナイト公式チャンネル,31943421,139000,467
2025-11-25 18:43:56,UCOVLrBaOiMH5QDKXTycZ8Pw,やっちゃんの崖っぷちスロパチ生活,698612534,326000,5202
2025-11-25 18:43:56,UChhKBlh_wvspTh5n4mL0b5g,BOYNEXTDOOR,1153888296,2060000,2193
2025-11-25 18:43:56,UC070fhnqq38qNhqHm5rxTcQ,令和ちゃんねる,428112546,506000,3624
2025-11-25 18:43:56,UC7aYDbAOIKIMt25ENfJ68Qw,ルカ,118589990,120000,2124
2025-11-25 18:43:56,UCOjkVJQcjtWnpf0-1ft4brA,ゆっくりむちゃたぬき,209880141,352000,423
2025-11-25 18:43:56,UCGjV4bsC43On-YuiLZcfL0w,KUN,3388459623,1660000,11231
2025-11-25 18:43:56,UCx1nAvtVDIsaGmCMSe8ofsQ,加藤純一【jun channel】,1136806839,1280000,1834
2025-11-25 18:43:56,UCwJYQvXHtNn1c7RqED4E7MA,パンダドラゴン,44018394,92300,532
2025-11-27 17:28:51,UCfkXDY7vwkcJ8ddFGz8KusA,SEVENTEEN,7797609294,16200000,3277
2025-11-27 17:28:51,UCtyXllCXnTAg4rjfI3UwIgA,しょうちゃんネル,301544555,138000,1547
2025-11-27 17:28:51,UCyTaStlK0neSuKveYOIioaw,ぐんぐにるチャンネル,275100958,426000,447
2025-11-27 17:28:51,UCENwRMx5Yh42zWpzURebzTw,Laplus ch. ラプラス・ダークネス - holoX -,400043743,1450000,917
2025-11-27 17:28:51,UC2NujFa5X09CdV0YCntmQDg,板橋ハウス,905179003,752000,2029
2025-11-27 17:28:51,UCUbAVVpHteGtGQPPN9lM3oQ,ホロライブ切り抜き/なめたけ,572272419,339000,2103
2025-11-27 17:28:51,UC9qSqkNFiByKzzoxT3Cydyw,Aiobahn,28200052,90100,14
2025-11-27 17:28:51,UCGjV4bsC43On-YuiLZcfL0w,KUN,3389315997,1660000,11233
2025-11-27 17:28:51,UCUzpZpX2wRYOk3J8QTFGxDg,乃木坂46 OFFICIAL YouTube CHANNEL,1610447858,1730000,1168
2025-11-27 17:28:51,UCp_Az_oKu8-J5qIQpF35JbA,やわらちゃんねる,193005093,279000,862
2025-11-27 17:28:51,UC6FadPgGviUcq6VQ0CEJqdQ,Juice=Juice,163770158,250000,280
2025-11-27 17:28:51,UCv7VutirxDn3RWIJXI68n_A,＝LOVE（イコールラブ）公式チャンネル,471205940,556000,474
2025-11-27 17:28:51,UCJnL-TBcsYrF2SLs7tmiC8Q,tripleS official,697072588,2880000,3059
2025-11-27 17:28:51,UCAaGaynFpku5cAx6OOSrW-w,HoneyWorks OFFICIAL,1601855248,2850000,550
2025-11-27 17:28:51,UC8rk-fIWJXYlSF8tkfG9wWg,天色鮫,66637382,192000,132
2025-11-27 17:28:51,UCc-itdQHxLvUlPrDxIiSJrA,INI,748068954,653000,1268
2025-11-27 17:28:51,UCVh47EKH9VLresRqiYi9txw,Mili,608668101,1010000,117
2025-11-27 17:28:51,UCPVr7clenPjpD7WNsSI3UBQ,レトルト,2879338263,2590000,3850
2025-11-27 17:28:51,UCaO6TYtlC8U5ttz62hTrZgg,JYP Entertainment,26030065040,31500000,2639
2025-11-27 17:28:51,UCOTR1tcOAhjgi6YukrPpZxg,まふまふちゃんねる,2481707574,3610000,511
2025-11-27 17:28:51,UCHVkYOT63gAz5yTxjo68_Ng,家スロットゲームパンダ’s ROOM@琉球🐼🪸,1226399,1680,76
2025-11-27 17:28:51,UCwF6o6cF7BMTY1-OZ7ZUY7Q,フォートナイト 公式,270974311,410000,586
2025-11-27 17:28:51,UCkVvAm5jb62IMIJQj4wPVGA,TMSアニメ公式チャンネル,379535728,898000,1147
2025-11-27 17:28:51,UCdVD0MsYecQaIE5Ru-pOIQQ,RIIZE,1015326967,1870000,1385
2025-11-27 17:28:51,UC070fhnqq38qNhqHm5rxTcQ,令和ちゃんねる,428623803,506000,3628
2025-11-27 17:28:51,UCvzGlP9oQwU--Y0r9id_jnA,Subaru Ch. 大空スバル,581301904,1950000,1895
2025-11-27 17:28:51,UCxIK6x6sG7Ln5vjjPYpgeAw,Chogakusei Official,674277867,1010000,564
2025-11-27 17:28:51,UC-hM6YJuNYVAmUWxeIr9FeA,Miko Ch. さくらみこ,889625882,2460000,2043
2025-11-27 17:28:51,UC3J-txytRWiRtNXrLS95eEw,ASIAN KUNG-FU GENERATION Official YouTube Channel,608265861,788000,283
2025-11-27 17:28:51,UCHazKLThRbMyMFu2bVAKhng,ウォーターチャレンジ,3130936876,3150000,2181
2025-11-27 17:28:51,UC8Qwnts13zIh2EYUCau6m3w,ONE N' ONLY TV,112267072,214000,794
2025-11-27 17:28:51,UCBA-kvU_zYdKreZbhhywX2Q,あいずちゃんねる,147829926,57400,803
2025-11-27 17:28:51,UCspv01oxUFf_MTSipURRhkA,Kanae Channel,785693510,1510000,4292
2025-11-27 17:28:51,UCylNKKCfPMm8ROXasQWTonA,響咲リオナの足,3336188,7020,125
2025-11-27 17:28:51,UCdMGYXL38w6htx6Yf9YJa-w,プロジェクトセカイ カラフルステージ! feat. 初音ミク,2004254384,2060000,1907
2025-11-27 17:28:51,UCC4xWbcBVn-tHgchhrdmFpg,Jinmenusagi,9965654,32700,80
2025-11-27 17:28:51,UCEf_Bc-KVd7onSeifS3py9g,SMTOWN,32611320806,33500000,4641
2025-11-27 17:28:51,UCHp2q2i85qt_9nn2H7AvGOw,NiziU Official,1563277157,2290000,2505
2025-11-27 17:28:51,UCHvFSU5OP6c7QcJxIr87YtA,ウタエル Utael,446432580,582000,903
2025-11-27 17:28:51,UCmovZ2th3Sqpd00F5RdeigQ,加賀美 ハヤト/Hayato Kagami,332409391,921000,1522
2025-11-27 17:28:51,UCrQUlOEbu-0T0l4DAcBEeIg,pizzaofdeathofficial,408251037,332000,372
2025-11-27 17:28:51,UCkKj-SiKyiFkj_dO1vmY3gA,加藤純一RECORDS,5266909,29200,82
2025-11-27 17:28:51,UCof7dOTnyxaidkKkcIFuflQ,Mone Kamishiraishi - Topic,26385160,326,123
2025-11-27 17:28:51,UC-ifW8mHzfsZVGHY8vxqrjA,A.B.C-Z,59464169,54600,437
2025-11-27 17:28:51,UC6H_7uSepAzrlayBjAb9rrg,WurtS - Topic,69108754,698,82
2025-11-27 17:28:51,UCBhPDpv9JavoPADrZcsAC2A,あらき-ARAKI Official,320679686,489000,260
2025-11-27 17:28:51,UC5nxCVEWQLLfkPuMylpkYkA,ロス,123613887,487000,68
2025-11-27 17:28:51,UC9zY_E8mcAo_Oq772LEZq8Q,THE FIRST TAKE,6263951155,11500000,1529
2025-11-27 17:28:51,UCDbUUremwf8k1x1GTYfB1Ng,ニート部クラフト,20447117,97200,125
2025-11-27 17:28:51,UC6SmH9mR82nj28_NNg_rZvA,スクウェア・エニックス,1173377967,1090000,10985
2025-11-27 17:28:51,UCtPyU9cJgvvgH03PQKgaucA,ファミ通TUBE,183082460,208000,8153
2025-11-27 17:28:51,UC1FQWQ3y3-e8l1pCtWhJt5A,Vaundy,2295815134,2430000,226
2025-11-27 17:28:51,UCv2ejD5B1xOYtGB2cf80B8g,Netflix Japan,1983114200,2310000,7763
2025-11-27 17:28:51,UC15ebOqdhmvl1eb0s0jk5aw,戦極MCBATTLE,1332859018,847000,5384
2025-11-27 17:28:51,UC_ntXHv-XdKCD7CPynVvnQw,Bandai Namco Entertainment America,615627915,1460000,3570
2025-11-27 17:28:51,UCmnZL4tFRl4sm-uJOxTLHmg,今日ポケch.,986677118,569000,1304
2025-11-27 17:28:51,UCLkAepWjdylmXSltofFvsYQ,BANGTANTV,26052132409,81700000,2935
2025-11-27 17:28:51,UCUW6U6iOrntB0jw6-AbQo8g,RED Games,250702633,209000,3570
2025-11-27 17:28:51,UCDwcZ85zjLKD-3-jqlv1wQQ,アンジュルム,213864061,229000,371
2025-11-27 17:28:51,UC5vqbtNnbOF2h7A_xlrIPUw,ぽっぴんず,916917839,630000,1053
2025-11-27 17:28:51,UCc-PPk-lNe34JaWCcJQCL0g,ドコムスチャンネル,541285685,593000,2024
2025-11-27 17:28:51,UCu2Fxqf37DAZ0ZhIsd1FZwA,Capcom Fighters JP,262929109,257000,3908
2025-11-27 17:28:51,UCMGvmEqkVbl372DCyn3NLAw,【吹いたら負け】葛葉先生のしくじり【切り抜き】,180594707,136000,978
2025-11-27 17:28:51,UCdkVEDVAW5aFmA-Mkz0lAFQ,ひたまゆ。,466707359,410000,2795
2025-11-27 17:28:51,UCZwcUEEjD8RVzB-TAw1ts3g,Eden - Topic,4266876,1760,38
2025-11-27 17:28:51,UCJy7zfLsKBXoo2soFMum7JQ,あかさかの箱,1290928433,2620000,2688
2025-11-27 17:28:51,UCgmFrRcyH7d1zR9sIVQhFow,ローレン・イロアス / Lauren Iroas【にじさんじ】,397160094,954000,1049
2025-11-27 17:28:51,UCOXOcEbERAwGlE4ig9MaLSQ,夜勤明けパチンコパチスロ実践記,275742165,166000,1623
2025-11-27 17:28:51,UCMF_5h2OejEhVorTB02UUSg,MAZZEL,243792578,285000,721
2025-11-27 17:28:51,UC3ruCdV7xnwAbpkW9tQq-6A,のーわん【NoOnE】,419484764,409000,1206
2025-11-27 17:28:51,UCXURHJRGr4-EB3l87kcbElw,NCT DREAM,2300999800,7000000,1316
2025-11-27 17:28:51,UCMJiPpN_09F0aWpQrgbc_qg,キヨ。,6532581967,5490000,3083
2025-11-27 17:28:51,UCx-QS9BIo_L_lx5dkpys1qw,ねこまんまのパチ•チャンネル,8057185,14300,169
2025-11-27 17:28:51,UCeK22JmzkTMa69kZU9NEqsA,めじの【Vtuber応援隊】,31896540,15100,539
2025-11-27 17:28:51,UCH-lygWpHodDff3iQurnWnQ,加藤純一切り抜き集,1719255492,580000,5440
2025-11-27 17:28:51,UCYe_uTI6X6mm9qaXm8iWFDg,ノッチ配信者パチンコライブ,269077781,125000,2727
2025-11-27 17:28:51,UC3PFoXZPFJGy9F4PG84nNQQ,Soala - Topic,29220278,4820,84
2025-11-27 17:28:51,UCS57xc1Bf-znC9_ouCc3SZw,佐野元春 - DaisyMusic,50511392,77700,163
2025-11-27 17:28:51,UCHghNZNbV-CPbb_f3FslObw,がんばるぴえんちゃんパチンコ日記,80501715,100000,1533
2025-11-27 17:28:51,UCDBdcJ3JIg2sjDg8QR3xp-g,Iyowa - Topic,65698952,31400,87
2025-11-27 17:28:51,UCH4yRBPH2pDUjPeqomx8CTQ,てるとくん,548708568,1330000,1895
2025-11-27 17:28:51,UCB_qr75-ydFVKSF9Dmo6izg,FORMULA 1,8871159200,13700000,9408
2025-11-27 17:28:51,UCWvr04hMa4k4wSilYcQ4qoA,キャベツの人【ゲーム紹介】,253316988,418000,973
2025-11-27 17:28:51,UC8_Ag6BVp43Vmrx6eillK9g,Vaundy - Topic,909879734,2190,110
2025-11-27 17:28:51,UCHD1jo5RhijLfx5-0Ehe_cg,&TEAM,466813545,1320000,1409
2025-11-27 17:28:51,UCoQhX2O93MVTWfgIz-8wOmg,KUNの50人クラフト,466114749,543000,1051
2025-11-27 17:28:51,UCia0Mw96B-yNYRka1J_mAsQ,HikacGamesヒカックゲームズ,640476658,660000,5203
2025-11-27 17:28:51,UC3IZKseVpdzPSBaWxBxundA,HYBE LABELS,42534399305,79100000,2930
2025-11-27 17:28:51,UCBuLdF0tQn5oZjpvYWSQkaA,Liura Channel,92259839,206000,375
2025-11-27 17:28:51,UC_vMYWcDjmfdpH6r4TTn1MQ,Iroha ch. 風真いろは - holoX -,263202951,1130000,1054
2025-11-27 17:28:51,UCxWcO9CLti4uouUIS5IIF-Q,Nornis,59019055,228000,110
2025-11-27 17:28:51,UCFuugQScqDfJcsOEWbL1_tg,Gero Channel,209118582,551000,166
2025-11-27 17:28:51,UCL7VEatXa9yBCKeM-ww8TnA,NX☆くさあん,208577725,238000,3563
2025-11-27 17:28:51,UCX7YkU9nEeaoZbkVLVajcMg,にじさんじ,1071962136,1870000,2824
2025-11-27 17:28:51,UCKU0SVkIPRqwiZaXJ9rXhdw,シュート。,216561429,256000,2335
2025-11-27 17:28:51,UCCzUftO8KOVkV4wQG1vkUvg,Marine Ch. 宝鐘マリン,2033880549,4260000,1560
2025-11-27 17:28:51,UCENoC6MLc4pL-vehJyzSWmg,もこうの実況,1736452511,1600000,5787
2025-11-27 17:28:51,UCdCC1L_OxLrkoEjR19iXpRw,パチスロードch,136215959,75700,815
2025-11-27 17:28:51,UC0ux2IFOXkj6ifQ4aSs9l7Q,大月【おおつき】,14796820,17500,1219
2025-11-27 17:28:51,UCYA14rrNjvQq_P_YSNeJHgA,スロライブ,89961056,46500,895
2025-11-27 17:28:51,UCy0DH4rgPPjDWVZO7wibcSQ,めめんともり,352005588,335000,468
2025-11-27 17:28:51,UCRDJ3DN-6ND_a4LSJ35L91A,立川ちゃんねる,106588840,107000,639
2025-11-27 17:28:51,UCx1nAvtVDIsaGmCMSe8ofsQ,加藤純一【jun channel】,1137516709,1280000,1835
2025-11-27 17:28:51,UCIJAlAYCNN8RACtDDsy9K6g,Novelbright,652756465,733000,319
2025-11-27 17:28:51,UCeA0fcfLVewbuD7H5YsrpdA,ライキジョーンズ,118883150,146000,3390
2025-11-27 17:28:51,UC6qVAJzxF5kSN_UUFSdODiQ,MAZZEL - Topic,19361522,8260,57
2025-11-27 17:28:51,UC3VId8brfshtHO6gMMqnZ5A,FLOW GLOW - Topic,393259,2190,5
2025-11-27 17:28:51,UCpT4syVopfBl2bATVfAt65g,澤野弘之 / SawanoHiroyuki[nZk],51761013,4040,22
2025-11-27 17:28:51,UC-UxhoAxlq57uZ8BA0b1Jyw,FPS切り抜きボット【ローレン・イロアス】,156707785,119000,1404
2025-11-27 17:28:51,UCZetZElUvdElPrcstRjl9DA,加藤純一ロードショー,413602922,509000,982
2025-11-27 17:28:51,UCMzLWawc9x3rUsqYDEfgqzA,ジャック・オ・蘭たん,712914393,648000,1888
2025-11-27 17:28:51,UCwJYQvXHtNn1c7RqED4E7MA,パンダドラゴン,44018394,92300,533
2025-11-27 17:28:51,UClqWF_XeXy469i4KDurpjWw,Yukopi,13448,2,1
2025-11-27 17:28:51,UCkv76wCrBDQNn7ctcbn6Qeg,Nissy - Topic,93375916,26400,192
2025-11-27 17:28:51,UCcz2Y1yhR42UxbFwvPFGCmA,きっしー助六ちゃんねる,75916692,61600,941
2025-11-27 17:28:51,UCN7_YMtKaUiizHpw77XLVcw,EXILE,188655840,14800,311
2025-11-27 17:28:51,UCjJmYy279ehSYSwR1A3fXtA,マグロヘッド,394405965,735000,1754
2025-11-27 17:28:51,UCu3kfiUaK7MmkQ40omEpGyQ,ナナ色チャンネル,4666870,8380,83
2025-11-27 17:28:51,UCrKna8EQAd7NPRYq-gIsuow,ホロライ部【ホロライブ切り抜き】,70087617,37900,614
2025-11-27 17:28:51,UC9rMiEjNaCSsebs31MRDCRA,Stray Kids,9673395528,22200000,1880
2025-11-27 17:28:51,UCZ1xuCK1kNmn5RzPYIZop3w,リゼ・ヘルエスタ -Lize Helesta-,299329789,957000,1090
2025-11-27 17:28:51,UCd9BXPj-KcMTh0HiB-Vlb8A,モンスト（モンスターストライク）公式,1160616788,1550000,4581
2025-11-27 17:28:51,UCOx-oLP9tOhiYwSK_m-yVxA,オモコロチャンネル,618632593,473000,1144
2025-11-27 17:28:51,UCqKNMJ5s_vsf7WkesdBrvQA,IS:SUE,87680204,221000,769
2025-11-27 17:28:51,UCEfbtVOJgicdHjs5HzOzJlA,ぱち・スロ部,3673041,1770,303
2025-11-27 17:28:51,UC56x--_QtyaWD1QptYrPMqA,刀剣乱舞 公式チャンネル,9562875,131000,116
2025-11-27 17:28:51,UC3NrSfe_yR5XX9zGFxYoV1Q,HIRAIDAI - Topic,281407124,3400,415
2025-11-27 17:28:51,UCzRzPAT-AjlPyec5yXG974g,カワノKawano,208293143,184000,1322
2025-11-27 17:28:51,UChn5TjkeEqd-JxzizMVSkOw,ハヤトの野望,1035625127,1510000,2418
2025-11-27 17:28:51,UCZMRuagdTBKmmrFtSMN48Xw,牛沢,2665781448,1800000,3741
2025-11-27 17:28:51,UC9Lx-zRFGfpuls27tNAOIqA,マエスケ,1543084879,1840000,1138
2025-11-27 17:28:51,UCMR5xpbhv3jzIQG1TOTg-Jg,B'z - Topic,290630711,3870,678
2025-11-27 17:28:51,UCdn5BQ06XqgXoAxIhbqw5Rg,フブキCh。白上フブキ,710953599,2640000,2968
2025-11-27 17:28:51,UCZVVCZwOpCbDXB84SDqWixQ,Lil Shady,56319498,284000,97
2025-11-27 17:28:51,UCFQu6Q-9LAS3KoEuRDNkzGA, ニート部,659301189,680000,3213
2025-11-27 17:28:51,UCXqWKjzm2YMH6Bs7rAmsKFw,福本大晴,7532808,89600,145
2025-11-27 17:28:51,UCFvSFbT8okMrpuFxBEIB2lg,M!LK,90312072,10400,243
2025-11-27 17:28:51,UC14QT5j2nQI8lKBCGtrrBQA,アニプレックス チャンネル,4307214700,3720000,15437
2025-11-27 17:28:51,UCOjkVJQcjtWnpf0-1ft4brA,ゆっくりむちゃたぬき,210189117,352000,423
2025-11-27 17:28:51,UCtiObj3CsEAdNU6ZPWDsddQ,TOMORROW X TOGETHER OFFICIAL,3494513829,13100000,3041
2025-11-27 17:28:51,UCy9GuRXGTm8TliQ-OJ7KwzA,【V.I.P】,978762283,979000,2495
2025-11-27 17:28:51,UCooVYzDxdwTtGYAkcPmOgOw,Brawl Stars,4006370981,23200000,370
2025-11-27 17:28:51,UCjcYYjM16TFOPXDjWgzHiHA,超覚醒てえんだ「スロパチ生放送」,87356301,140000,571
2025-11-27 17:28:51,UCcmLTYWn2bI5GwNVSP1bl4Q,バッチコイなみちょ,15066375,17400,647
2025-11-27 17:28:51,UCXEo7JprZQGCPkezcZylHlQ,黒炭酸,152490020,202000,1757
2025-11-27 17:28:51,UCPJCP_fon2mOMfibbBPUOYw,SAWAYAN GAMES / サワヤン ゲームズ,1299302501,2070000,3417
2025-11-27 17:28:51,UCvo8JUqHh2d1QGnK3LKyI4Q,ポケモンユナイト公式チャンネル,31962139,139000,467
2025-11-27 17:28:51,UCzXjPL7zo0bxhOYDxLJ9YEg,ポッキー,4097167938,3750000,4360
2025-11-27 17:28:51,UC1DqlLj1onQhBfxW81OgQTw,GLAY,732544767,541000,886
2025-11-27 17:28:51,UCdPCarwi28K5Z7s5l2nMiLw,Uru Official YouTube Channel,901097541,1180000,296
2025-11-27 17:28:51,UC7wu64jFsV02bbu6UHUd7JA,ガンダムチャンネル,412635067,1670000,1655
2025-11-27 17:28:51,UCLrYavXppY_4oRfquHk9VQg,HAGANE,14455474,74900,142
2025-11-27 17:28:51,UCcg_rvE-fU2tATMwBAxW9bA,ヤングスキニー,149492671,239000,604
2025-11-27 17:28:51,UCYLp2FLXcqLUZhvrCxQmNIA,胡桃沢りりか,41004870,100000,2572
2025-11-27 17:28:51,UCpYHkc4rzWEW7iVXIyxQebA,Hey! Say! JUMP - Topic,58958148,5080,738
2025-11-27 17:28:51,UCs8nP5mUR3pwJmgixsul8Hw,Saucy Dog,503080790,860000,120
2025-11-27 17:28:51,UCYXmyrGUVL8tX7VEvo_DjPw,シャル@ツモらせ隊,83359858,178000,901
2025-11-27 17:28:51,UCXeTnWiRoifoHHEzSyR5Ogg,パチンコ・パチスロ必勝ガイドチャンネル,52790155,86300,1324
2025-11-27 17:28:51,UCDhOdoqPxv96djR3tSq9NoA,ショコラ大佐の秘密基地,148646669,138000,1746
2025-11-27 17:28:51,UCOfESRUR5duQ2hMnTQ4oqhA,BUMP OF CHICKEN,1637208579,1590000,165
2025-11-27 17:28:51,UC_DopZ9OANqNGho0wFwADqA,けいちゃん / Keichan,502697517,1270000,606
2025-11-27 17:28:51,UCtceiniicYEsbAVuWy-Bi0Q,ドラゴンクエストウォーク公式,50515736,181000,160
2025-11-27 17:28:51,UCeTo4Eh0TzpKbUL4vGQZ73A,LEX *,4588820,1280,14
2025-11-27 17:28:51,UChVflUz2J_jaaqYjXqvpmQA,iLiFE!【あいらいふ】,246311299,485000,533
2025-11-27 17:28:51,UCOVLrBaOiMH5QDKXTycZ8Pw,やっちゃんの崖っぷちスロパチ生活,698980096,326000,5205
2025-11-27 17:28:51,UCNVIo0UJXTdEnsRkCB9Q03w,ILLIT - Topic,565212283,57700,59
2025-11-27 17:28:51,UCM3yhFc0-fBFuvqx1Vg2YNQ,まいぜんシスターズ,7171762545,3180000,1860
2025-11-27 17:28:51,UCqeAYB1DMzfM-hG-Up52yNQ,つるおかかものはし,371628954,387000,3610
2025-11-27 17:28:51,UC__iCxFigPdcry_UBv6sDGw,IO,16308497,38200,13
2025-11-27 17:28:51,UCSFCh5NL4qXrAy9u-u2lX3g,Kuzuha Channel,1427452276,2100000,2820
2025-11-27 17:28:51,UC1DCedRgGHBdm81E1llLhOQ,Pekora Ch. 兎田ぺこら,1012937716,2740000,2343
2025-11-27 17:28:51,UCvaTdHTWBGv3MKj3KVqJVCw,Okayu Ch. 猫又おかゆ,626491070,2060000,1592
2025-11-27 17:28:51,UCBLGjbYv6-xxju1i44RjnnA,明透 -ᴀsᴜ-,132564670,625000,494
2025-11-27 17:28:51,UCILZFnKZJksR7zwhZbAB4vw,れじぇくん,1503244285,1170000,1428
2025-11-27 17:28:51,UCqQNCRSihFHVsXrDikNeYSg,げまじょが好き【にじさんじEXゲマズ切り抜き】,4585662,2380,119
2025-11-27 17:28:51,UCTEQRq53fm5tw-3vJ1HLUCw,MAY'S - Topic,4421756,710,309
2025-11-27 17:28:51,UCj4PjeVMnNTHIR5EeoNKPAw,ドズル社,4906590678,2570000,10213
2025-11-27 17:28:51,UCfipDDn7wY-C-SoUChgxCQQ,葉山舞鈴 / Ohayama Ch.,88098293,600000,1340
2025-11-27 17:28:51,UCy2IDlWr4fbdO2dbka98bSg,HACHI - Topic,18777542,625,60
2025-11-27 17:28:51,UC8eq3M3Yft3FUgxEX6lOZMg,chotokkyu - Topic,35832016,577,486
2025-11-27 17:28:51,UCAWxPGGuIfWME2KTLUmSCHw,ぱかチューブっ!【ウマ娘公式】,515911968,1310000,1288
2025-11-27 17:28:51,UClNdVSK1uy2xFHTaXZYXopw,らっだぁ,1819198345,1450000,2341
2025-11-27 17:28:51,UCGc93NguHRwzv1Rw9MyIcxQ,鳴潮 (Wuthering Waves)公式,104224935,345000,466
2025-11-27 17:28:51,UCpGpA7mSYmNJjLiJxKso5QA,しもふりチューブ,1783528661,2160000,3022
2025-11-27 17:28:51,UCiZqWVAeChfqlom5ZPR3ZJA,NCT WISH,630033332,1140000,1125
2025-11-27 17:28:51,UCt09C9DPSuOGpHoitbcyCIQ,ゼンレスゾーンゼロ-ZZZ-公式,230180173,754000,430
2025-11-27 17:28:51,UC7aYDbAOIKIMt25ENfJ68Qw,ルカ,118721142,120000,2127
2025-11-27 17:28:51,UChUjERVG8eKEAJSCef-tTmg,k4sen / かせん,718644367,1020000,3063
2025-11-27 17:28:51,UC4YT50DP7hbMsor8FmyEPMw,Victor Entertainment,1489968652,1070000,4973
2025-11-27 17:28:51,UCl_HfKfmxefUAVHPyJu0aCg,シュガーの宝舟,80143480,84300,1358
2025-11-27 17:28:51,UCqMRVBz-hhSFRuqlL1guqig,あひるだっく,52130194,128000,89
2025-11-27 17:28:51,UCtKBQ2BYD76GiJvcpZOBorg,えいま,11415764,13500,346
2025-11-27 17:28:51,UCtwTCZuQkTIwUf5m9mlZnOQ,Release - Topic,27370,51,7
2025-11-27 17:28:51,UCqm3BQLlJfvkTsX_hvm0UmA,Watame Ch. 角巻わため,610016767,1700000,2979
2025-11-27 17:28:51,UCdszfKemUn36sOEplfkiGVQ,GPV LABEL,3034645,5380,90
2025-11-27 17:28:51,UCeuNlK0yX-6_4930q0JUGNw,白瀬,414452121,183000,2094
2025-11-27 17:28:51,UC-_iQWdEZY66nGGaHH0Ygmg,僕が見たかった青空,52805973,122000,498
2025-11-27 17:28:51,UCHzevlEL9JfsBIm86uNCJqg,宮野真守,78718653,449000,329
2025-11-27 17:28:51,UChhKBlh_wvspTh5n4mL0b5g,BOYNEXTDOOR,1166800131,2070000,2201
2025-11-24 19:49:22,UC9Lx-zRFGfpuls27tNAOIqA,マエスケ,1539046282,1830000,1137
2025-11-24 19:49:22,UCxIK6x6sG7Ln5vjjPYpgeAw,Chogakusei Official,667393982,1010000,564
2025-11-24 19:49:22,UCvzGlP9oQwU--Y0r9id_jnA,Subaru Ch. 大空スバル,580727397,1950000,1893
2025-11-24 19:49:22,UCOXOcEbERAwGlE4ig9MaLSQ,夜勤明けパチンコパチスロ実践記,275421734,166000,1622
2025-11-24 19:49:22,UCMGvmEqkVbl372DCyn3NLAw,【吹いたら負け】葛葉先生のしくじり【切り抜き】,180309211,136000,978
2025-11-24 19:49:22,UC1DCedRgGHBdm81E1llLhOQ,Pekora Ch. 兎田ぺこら,1011551819,2740000,2339
2025-11-24 19:49:22,UCdCC1L_OxLrkoEjR19iXpRw,パチスロードch,135126836,75500,813
2025-11-24 19:49:22,UC3VId8brfshtHO6gMMqnZ5A,FLOW GLOW - Topic,311811,2190,5
2025-11-24 19:49:22,UChUjERVG8eKEAJSCef-tTmg,k4sen / かせん,714915186,1020000,3058
2025-11-24 19:49:22,UCEf_Bc-KVd7onSeifS3py9g,SMTOWN,32590850095,33500000,4640
2025-11-24 19:49:22,UCBA-kvU_zYdKreZbhhywX2Q,あいずちゃんねる,147116475,57300,801
2025-11-24 19:49:22,UCAaGaynFpku5cAx6OOSrW-w,HoneyWorks OFFICIAL,1585662413,2850000,550
2025-11-24 19:49:22,UC1FQWQ3y3-e8l1pCtWhJt5A,Vaundy,2295815134,2430000,226
2025-11-24 19:49:22,UCZMRuagdTBKmmrFtSMN48Xw,牛沢,2663199513,1800000,3738
2025-11-24 19:49:22,UCHD1jo5RhijLfx5-0Ehe_cg,&TEAM,466813545,1320000,1401
2025-11-24 19:49:22,UCeK22JmzkTMa69kZU9NEqsA,めじの【Vtuber応援隊】,31396871,15100,536
2025-11-24 19:49:22,UCvaTdHTWBGv3MKj3KVqJVCw,Okayu Ch. 猫又おかゆ,626491070,2060000,1590
2025-11-24 19:49:22,UCHVkYOT63gAz5yTxjo68_Ng,家スロットゲームパンダ’s ROOM@琉球🐼🪸,1199909,1690,75
2025-11-24 19:49:22,UCy9GuRXGTm8TliQ-OJ7KwzA,【V.I.P】,977655202,978000,2493
2025-11-24 19:49:22,UC-hM6YJuNYVAmUWxeIr9FeA,Miko Ch. さくらみこ,889625882,2460000,2040
2025-11-24 19:49:22,UCOfESRUR5duQ2hMnTQ4oqhA,BUMP OF CHICKEN,1637208579,1590000,164
2025-11-24 19:49:22,UCCzUftO8KOVkV4wQG1vkUvg,Marine Ch. 宝鐘マリン,2033880549,4260000,1560
2025-11-24 19:49:22,UCZ1xuCK1kNmn5RzPYIZop3w,リゼ・ヘルエスタ -Lize Helesta-,298777084,957000,1089
2025-11-24 19:49:22,UCRDJ3DN-6ND_a4LSJ35L91A,立川ちゃんねる,106083315,107000,638
2025-11-24 19:49:22,UCwJYQvXHtNn1c7RqED4E7MA,パンダドラゴン,44018394,92300,532
2025-11-24 19:49:22,UC_vMYWcDjmfdpH6r4TTn1MQ,Iroha ch. 風真いろは - holoX -,262468136,1130000,1050
2025-11-24 19:49:22,UCX7YkU9nEeaoZbkVLVajcMg,にじさんじ,1070434481,1870000,2823
2025-11-24 19:49:22,UCvo8JUqHh2d1QGnK3LKyI4Q,ポケモンユナイト公式チャンネル,31921376,139000,467
2025-11-24 19:49:22,UCyTaStlK0neSuKveYOIioaw,ぐんぐにるチャンネル,274844393,426000,447
2025-11-24 19:49:22,UCLkAepWjdylmXSltofFvsYQ,BANGTANTV,26052132409,81700000,2933
2025-11-24 19:49:22,UCYLp2FLXcqLUZhvrCxQmNIA,胡桃沢りりか,40825465,100000,2568
2025-11-24 19:49:22,UC_DopZ9OANqNGho0wFwADqA,けいちゃん / Keichan,502697517,1270000,604
2025-11-24 19:49:22,UCGjV4bsC43On-YuiLZcfL0w,KUN,3387915625,1660000,11230
2025-11-24 19:49:22,UCtKBQ2BYD76GiJvcpZOBorg,えいま,11343422,13500,346
2025-11-24 19:49:22,UC15ebOqdhmvl1eb0s0jk5aw,戦極MCBATTLE,1331472299,847000,5376
2025-11-24 19:49:22,UC6qVAJzxF5kSN_UUFSdODiQ,MAZZEL - Topic,19093992,8260,57
2025-11-24 19:49:22,UCqQNCRSihFHVsXrDikNeYSg,げまじょが好き【にじさんじEXゲマズ切り抜き】,4338373,2310,117
2025-11-24 19:49:22,UC__iCxFigPdcry_UBv6sDGw,IO,16107442,37900,13
2025-11-24 19:49:22,UCj4PjeVMnNTHIR5EeoNKPAw,ドズル社,4884812029,2560000,10205
2025-11-24 19:49:22,UCaO6TYtlC8U5ttz62hTrZgg,JYP Entertainment,25998680120,31500000,2637
2025-11-24 19:49:22,UCjcYYjM16TFOPXDjWgzHiHA,超覚醒てえんだ「スロパチ生放送」,86919662,140000,569
2025-11-24 19:49:22,UCmovZ2th3Sqpd00F5RdeigQ,加賀美 ハヤト/Hayato Kagami,332409391,920000,1520
2025-11-24 19:49:22,UCoQhX2O93MVTWfgIz-8wOmg,KUNの50人クラフト,464130069,543000,1046
2025-11-24 19:49:22,UCrKna8EQAd7NPRYq-gIsuow,ホロライ部【ホロライブ切り抜き】,69530642,37700,612
2025-11-24 19:49:22,UCH-lygWpHodDff3iQurnWnQ,加藤純一切り抜き集,1717601261,580000,5439
2025-11-24 19:49:22,UCHzevlEL9JfsBIm86uNCJqg,宮野真守,78718653,449000,329
2025-11-24 19:49:22,UC0ux2IFOXkj6ifQ4aSs9l7Q,大月【おおつき】,14634927,17400,1216
2025-11-24 19:49:22,UCDhOdoqPxv96djR3tSq9NoA,ショコラ大佐の秘密基地,147922654,138000,1743
2025-11-24 19:49:22,UCv7VutirxDn3RWIJXI68n_A,＝LOVE（イコールラブ）公式チャンネル,466225819,553000,474
2025-11-24 19:49:22,UCDbUUremwf8k1x1GTYfB1Ng,ニート部クラフト,20165570,96700,125
2025-11-24 19:49:22,UCzXjPL7zo0bxhOYDxLJ9YEg,ポッキー,4095759975,3750000,4358
2025-11-24 19:49:22,UC-ifW8mHzfsZVGHY8vxqrjA,A.B.C-Z,58717723,54500,435
2025-11-24 19:49:22,UCBhPDpv9JavoPADrZcsAC2A,あらき-ARAKI Official,320679686,488000,260
2025-11-24 19:49:22,UCJy7zfLsKBXoo2soFMum7JQ,あかさかの箱,1288124728,2620000,2687
2025-11-24 19:49:22,UC9zY_E8mcAo_Oq772LEZq8Q,THE FIRST TAKE,6254716369,11500000,1525
2025-11-24 19:49:22,UCcz2Y1yhR42UxbFwvPFGCmA,きっしー助六ちゃんねる,75627383,61500,939
2025-11-24 19:49:22,UCtPyU9cJgvvgH03PQKgaucA,ファミ通TUBE,182873937,207000,8150
2025-11-24 19:49:22,UCgmFrRcyH7d1zR9sIVQhFow,ローレン・イロアス / Lauren Iroas【にじさんじ】,396116758,952000,1046
2025-11-24 19:49:22,UCB_qr75-ydFVKSF9Dmo6izg,FORMULA 1,8854977174,13700000,9398
2025-11-24 19:49:22,UChVflUz2J_jaaqYjXqvpmQA,iLiFE!【あいらいふ】,243613485,483000,526
2025-11-24 19:49:22,UCHazKLThRbMyMFu2bVAKhng,ウォーターチャレンジ,3127178464,3150000,2179
2025-11-24 19:49:22,UCBuLdF0tQn5oZjpvYWSQkaA,Liura Channel,91759525,206000,373
2025-11-24 19:49:22,UCSFCh5NL4qXrAy9u-u2lX3g,Kuzuha Channel,1423963087,2100000,2817
2025-11-24 19:49:22,UC8eq3M3Yft3FUgxEX6lOZMg,chotokkyu - Topic,35635303,577,486
2025-11-24 19:49:22,UCILZFnKZJksR7zwhZbAB4vw,れじぇくん,1502606449,1170000,1427
2025-11-24 19:49:22,UCKU0SVkIPRqwiZaXJ9rXhdw,シュート。,216131591,256000,2332
2025-11-24 19:49:22,UCkVvAm5jb62IMIJQj4wPVGA,TMSアニメ公式チャンネル,378889162,897000,1147
2025-11-24 19:49:22,UCFvSFbT8okMrpuFxBEIB2lg,M!LK,88473496,10200,243
2025-11-24 19:49:22,UCZwcUEEjD8RVzB-TAw1ts3g,Eden - Topic,4126778,1620,37
2025-11-24 19:49:22,UCOVLrBaOiMH5QDKXTycZ8Pw,やっちゃんの崖っぷちスロパチ生活,697953558,326000,5201
2025-11-24 19:49:22,UCtyXllCXnTAg4rjfI3UwIgA,しょうちゃんネル,295444704,137000,1545
2025-11-24 19:49:22,UCv2ejD5B1xOYtGB2cf80B8g,Netflix Japan,1978518413,2300000,7747
2025-11-24 19:49:22,UCXEo7JprZQGCPkezcZylHlQ,黒炭酸,151748328,200000,1757
2025-11-24 19:49:22,UCylNKKCfPMm8ROXasQWTonA,響咲リオナの足,3074800,6400,118
2025-11-24 19:49:22,UCkKj-SiKyiFkj_dO1vmY3gA,加藤純一RECORDS,5031464,28000,81
2025-11-27 21:42:40,UCyTaStlK0neSuKveYOIioaw,ぐんぐにるチャンネル,275100958,426000,447
2025-11-27 21:42:40,UCAWxPGGuIfWME2KTLUmSCHw,ぱかチューブっ!【ウマ娘公式】,515911968,1310000,1288
2025-11-27 21:42:40,UC7aYDbAOIKIMt25ENfJ68Qw,ルカ,118721142,120000,2127
2025-11-27 21:42:40,UCvaTdHTWBGv3MKj3KVqJVCw,Okayu Ch. 猫又おかゆ,626491070,2060000,1592
2025-11-27 21:42:40,UCjJmYy279ehSYSwR1A3fXtA,マグロヘッド,394405965,735000,1754
2025-11-27 21:42:40,UCwF6o6cF7BMTY1-OZ7ZUY7Q,フォートナイト 公式,270974311,410000,586
2025-11-27 21:42:40,UCB_qr75-ydFVKSF9Dmo6izg,FORMULA 1,8871159200,13700000,9408
2025-11-27 21:42:40,UCcg_rvE-fU2tATMwBAxW9bA,ヤングスキニー,149492671,239000,605
2025-11-27 21:42:40,UCEf_Bc-KVd7onSeifS3py9g,SMTOWN,32611320806,33500000,4641
2025-11-27 21:42:40,UCUzpZpX2wRYOk3J8QTFGxDg,乃木坂46 OFFICIAL YouTube CHANNEL,1610447858,1730000,1168
2025-11-27 21:42:40,UCDhOdoqPxv96djR3tSq9NoA,ショコラ大佐の秘密基地,148646669,138000,1746
2025-11-27 21:42:40,UCM3yhFc0-fBFuvqx1Vg2YNQ,まいぜんシスターズ,7171762545,3180000,1860
2025-11-27 21:42:40,UCHVkYOT63gAz5yTxjo68_Ng,家スロットゲームパンダ’s ROOM@琉球🐼🪸,1226399,1680,76
2025-11-27 21:42:40,UCpGpA7mSYmNJjLiJxKso5QA,しもふりチューブ,1783528661,2160000,3023
2025-11-27 21:42:40,UCYA14rrNjvQq_P_YSNeJHgA,スロライブ,89961056,46500,896
2025-11-27 21:42:40,UCdn5BQ06XqgXoAxIhbqw5Rg,フブキCh。白上フブキ,710953599,2640000,2968
2025-11-27 21:42:40,UCc-itdQHxLvUlPrDxIiSJrA,INI,748068954,653000,1270
2025-11-27 21:42:40,UCYLp2FLXcqLUZhvrCxQmNIA,胡桃沢りりか,41004870,100000,2572
2025-11-27 21:42:40,UCMGvmEqkVbl372DCyn3NLAw,【吹いたら負け】葛葉先生のしくじり【切り抜き】,180594707,136000,978
2025-11-27 21:42:40,UCVh47EKH9VLresRqiYi9txw,Mili,608668101,1010000,117
2025-11-27 21:42:40,UC3J-txytRWiRtNXrLS95eEw,ASIAN KUNG-FU GENERATION Official YouTube Channel,608265861,788000,283
2025-11-27 21:42:40,UCJnL-TBcsYrF2SLs7tmiC8Q,tripleS official,697072588,2880000,3062
2025-11-27 21:42:40,UCOfESRUR5duQ2hMnTQ4oqhA,BUMP OF CHICKEN,1637208579,1590000,165
2025-11-27 21:42:40,UCAVR6Q0YgYa8xwz8rdg9Mrg,原神-Genshin-公式,784058762,2100000,2022
2025-11-27 21:42:40,UCdVD0MsYecQaIE5Ru-pOIQQ,RIIZE,1015326967,1870000,1387
2025-11-27 21:42:40,UCPJCP_fon2mOMfibbBPUOYw,SAWAYAN GAMES / サワヤン ゲームズ,1299302501,2070000,3418
2025-11-27 21:42:40,UC56x--_QtyaWD1QptYrPMqA,刀剣乱舞 公式チャンネル,9562875,131000,116
2025-11-27 21:42:40,UCy2IDlWr4fbdO2dbka98bSg,HACHI - Topic,18777542,625,60
2025-11-27 21:42:40,UC__iCxFigPdcry_UBv6sDGw,IO,16308497,38200,13
2025-11-27 21:42:40,UCL7VEatXa9yBCKeM-ww8TnA,NX☆くさあん,208577725,238000,3564
2025-11-27 21:42:40,UCENwRMx5Yh42zWpzURebzTw,Laplus ch. ラプラス・ダークネス - holoX -,400043743,1450000,918
2025-11-27 21:42:40,UC9zY_E8mcAo_Oq772LEZq8Q,THE FIRST TAKE,6263951155,11500000,1530
2025-11-27 21:42:40,UCrKna8EQAd7NPRYq-gIsuow,ホロライ部【ホロライブ切り抜き】,70087617,37900,614
2025-11-27 21:42:40,UC6qVAJzxF5kSN_UUFSdODiQ,MAZZEL - Topic,19361522,8260,57
2025-11-27 21:42:40,UC3NrSfe_yR5XX9zGFxYoV1Q,HIRAIDAI - Topic,281407124,3400,415
2025-11-27 21:42:40,UC0wuDDYK-QTwneeZ6x6pPbw,777パチガブチャンネル,345318051,432000,2938
2025-11-27 21:42:40,UCHghNZNbV-CPbb_f3FslObw,がんばるぴえんちゃんパチンコ日記,80501715,100000,1534
2025-11-27 21:42:40,UCgmFrRcyH7d1zR9sIVQhFow,ローレン・イロアス / Lauren Iroas【にじさんじ】,397160094,954000,1049
2025-11-27 21:42:40,UCZMRuagdTBKmmrFtSMN48Xw,牛沢,2665781448,1800000,3741
2025-11-27 21:42:40,UCN7_YMtKaUiizHpw77XLVcw,EXILE,188655840,14800,312
2025-11-27 21:42:40,UCZVVCZwOpCbDXB84SDqWixQ,Lil Shady,56319498,284000,97
2025-11-27 21:42:40,UCdkVEDVAW5aFmA-Mkz0lAFQ,ひたまゆ。,466707359,410000,2795
2025-11-27 21:42:40,UCeK22JmzkTMa69kZU9NEqsA,めじの【Vtuber応援隊】,31896540,15100,539
2025-11-27 21:42:40,UCBhPDpv9JavoPADrZcsAC2A,あらき-ARAKI Official,320679686,489000,260
2025-11-27 21:42:40,UC1FQWQ3y3-e8l1pCtWhJt5A,Vaundy,2295815134,2430000,226
2025-11-27 21:42:40,UCzXjPL7zo0bxhOYDxLJ9YEg,ポッキー,4097167938,3750000,4360
2025-11-27 21:42:40,UC-UxhoAxlq57uZ8BA0b1Jyw,FPS切り抜きボット【ローレン・イロアス】,156707785,119000,1404
2025-11-27 21:42:40,UCKsVfYfguU3s5vMO5yhcWdw,STARGLOW Official,23384687,2430,49
2025-11-27 21:42:40,UCXEo7JprZQGCPkezcZylHlQ,黒炭酸,152490020,202000,1757
2025-11-27 21:42:40,UCtceiniicYEsbAVuWy-Bi0Q,ドラゴンクエストウォーク公式,50515736,181000,160
2025-11-27 21:42:40,UCRDJ3DN-6ND_a4LSJ35L91A,立川ちゃんねる,106588840,107000,639
2025-11-27 21:42:40,UCdszfKemUn36sOEplfkiGVQ,GPV LABEL,3034645,5400,91
2025-11-27 21:42:40,UCZwcUEEjD8RVzB-TAw1ts3g,Eden - Topic,4266876,1770,38
2025-11-27 21:42:40,UCzRzPAT-AjlPyec5yXG974g,カワノKawano,208293143,185000,1323
2025-11-27 21:42:40,UCHzevlEL9JfsBIm86uNCJqg,宮野真守,78718653,449000,329
2025-11-27 21:42:40,UC3IZKseVpdzPSBaWxBxundA,HYBE LABELS,42534399305,79100000,2930
2025-11-27 21:42:40,UCXURHJRGr4-EB3l87kcbElw,NCT DREAM,2300999800,7000000,1317
2025-11-27 21:42:40,UC5vqbtNnbOF2h7A_xlrIPUw,ぽっぴんず,916917839,630000,1053
2025-11-27 21:42:40,UCOx-oLP9tOhiYwSK_m-yVxA,オモコロチャンネル,618632593,473000,1144
2025-11-27 21:42:40,UC3VId8brfshtHO6gMMqnZ5A,FLOW GLOW - Topic,393259,2190,5
2025-11-27 21:42:40,UCeuNlK0yX-6_4930q0JUGNw,白瀬,414452121,183000,2094
2025-11-27 21:42:40,UC8eq3M3Yft3FUgxEX6lOZMg,chotokkyu - Topic,35832016,579,486
2025-11-27 21:42:40,UCNVIo0UJXTdEnsRkCB9Q03w,ILLIT - Topic,565212283,57700,59
2025-11-27 21:42:40,UCxWcO9CLti4uouUIS5IIF-Q,Nornis,59019055,228000,110
2025-11-27 21:42:40,UC6SmH9mR82nj28_NNg_rZvA,スクウェア・エニックス,1173377967,1090000,10987
2025-11-27 21:42:40,UC14QT5j2nQI8lKBCGtrrBQA,アニプレックス チャンネル,4307214700,3720000,15442
2025-11-27 21:42:40,UCxIK6x6sG7Ln5vjjPYpgeAw,Chogakusei Official,674277867,1010000,564
2025-11-27 21:42:40,UCDwcZ85zjLKD-3-jqlv1wQQ,アンジュルム,213864061,229000,374
2025-11-27 21:42:40,UCMF_5h2OejEhVorTB02UUSg,MAZZEL,243792578,285000,722
2025-11-27 21:42:40,UCTgIFU4_hG6aA7VfWS8blQg,1GAME TV パチンコパチスロ実践動画,737205297,667000,1414
2025-11-27 21:42:40,UC6H_7uSepAzrlayBjAb9rrg,WurtS - Topic,69108754,698,82
2025-11-27 21:42:40,UCZ1xuCK1kNmn5RzPYIZop3w,リゼ・ヘルエスタ -Lize Helesta-,299329789,957000,1090
2025-11-27 21:42:40,UC-ifW8mHzfsZVGHY8vxqrjA,A.B.C-Z,59464169,54600,437
2025-11-27 21:42:40,UC1DCedRgGHBdm81E1llLhOQ,Pekora Ch. 兎田ぺこら,1012937716,2740000,2344
2025-11-27 21:42:40,UCkVvAm5jb62IMIJQj4wPVGA,TMSアニメ公式チャンネル,379535728,898000,1147
2025-11-27 21:42:40,UCtPyU9cJgvvgH03PQKgaucA,ファミ通TUBE,183082460,208000,8153
2025-11-27 21:42:40,UCOTR1tcOAhjgi6YukrPpZxg,まふまふちゃんねる,2481707574,3610000,511
2025-11-27 21:42:40,UC6FadPgGviUcq6VQ0CEJqdQ,Juice=Juice,163770158,251000,281
2025-11-27 21:42:40,UCqm3BQLlJfvkTsX_hvm0UmA,Watame Ch. 角巻わため,610016767,1700000,2979
2025-11-27 21:42:40,UCX7YkU9nEeaoZbkVLVajcMg,にじさんじ,1071962136,1870000,2824
2025-11-27 21:42:40,UCMzLWawc9x3rUsqYDEfgqzA,ジャック・オ・蘭たん,712914393,649000,1888
2025-11-27 21:42:40,UCcz2Y1yhR42UxbFwvPFGCmA,きっしー助六ちゃんねる,75916692,61600,942
2025-11-27 21:42:40,UCLrYavXppY_4oRfquHk9VQg,HAGANE,14455474,75000,143
2025-11-27 21:42:40,UC_DopZ9OANqNGho0wFwADqA,けいちゃん / Keichan,502697517,1270000,606
2025-11-27 21:42:40,UChhKBlh_wvspTh5n4mL0b5g,BOYNEXTDOOR,1166800131,2070000,2201
2025-11-27 21:42:40,UC8Qwnts13zIh2EYUCau6m3w,ONE N' ONLY TV,112267072,214000,795
2025-11-27 21:42:40,UCtKBQ2BYD76GiJvcpZOBorg,えいま,11415764,13500,346
2025-11-27 21:42:40,UCeA0fcfLVewbuD7H5YsrpdA,ライキジョーンズ,118883150,146000,3390
2025-11-27 21:42:40,UClqWF_XeXy469i4KDurpjWw,Yukopi,13448,2,1
2025-11-27 21:42:40,UCdCC1L_OxLrkoEjR19iXpRw,パチスロードch,136215959,75700,816
2025-11-27 21:42:40,UCkv76wCrBDQNn7ctcbn6Qeg,Nissy - Topic,93375916,26400,192
2025-11-27 21:42:40,UCdMGYXL38w6htx6Yf9YJa-w,プロジェクトセカイ カラフルステージ! feat. 初音ミク,2004254384,2060000,1907
2025-11-27 21:42:40,UCt09C9DPSuOGpHoitbcyCIQ,ゼンレスゾーンゼロ-ZZZ-公式,230180173,754000,430
2025-11-27 21:42:40,UCqfELxLmasBwYET4ZAMfMqA,がみくん,1009210596,584000,3989
2025-11-27 21:42:40,UCCzUftO8KOVkV4wQG1vkUvg,Marine Ch. 宝鐘マリン,2033880549,4260000,1560
2025-11-27 21:42:40,UCTEQRq53fm5tw-3vJ1HLUCw,MAY'S - Topic,4421756,710,309
2025-11-27 21:42:40,UC3ruCdV7xnwAbpkW9tQq-6A,のーわん【NoOnE】,419484764,409000,1206
2025-11-27 21:42:40,UCof7dOTnyxaidkKkcIFuflQ,Mone Kamishiraishi - Topic,26385160,326,123
2025-11-27 21:42:40,UCfipDDn7wY-C-SoUChgxCQQ,葉山舞鈴 / Ohayama Ch.,88098293,600000,1340
2025-11-27 21:42:40,UCHD1jo5RhijLfx5-0Ehe_cg,&TEAM,466813545,1320000,1412
2025-11-27 21:42:40,UC9rMiEjNaCSsebs31MRDCRA,Stray Kids,9673395528,22200000,1881
2025-11-27 21:42:40,UCu2Fxqf37DAZ0ZhIsd1FZwA,Capcom Fighters JP,262929109,257000,3909
2025-11-27 21:42:40,UCMR5xpbhv3jzIQG1TOTg-Jg,B'z - Topic,290630711,3870,678
2025-11-27 21:42:40,UCkKj-SiKyiFkj_dO1vmY3gA,加藤純一RECORDS,5266909,29200,82
2025-11-27 21:42:40,UCSFCh5NL4qXrAy9u-u2lX3g,Kuzuha Channel,1427452276,2100000,2822
2025-11-27 21:42:40,UCoQhX2O93MVTWfgIz-8wOmg,KUNの50人クラフト,466114749,544000,1051
2025-11-27 21:42:40,UCH4yRBPH2pDUjPeqomx8CTQ,てるとくん,548708568,1330000,1895
2025-11-27 21:42:40,UCmovZ2th3Sqpd00F5RdeigQ,加賀美 ハヤト/Hayato Kagami,332409391,921000,1522
2025-11-27 21:42:40,UCOXOcEbERAwGlE4ig9MaLSQ,夜勤明けパチンコパチスロ実践記,275742165,166000,1623
2025-11-27 21:42:40,UCHp2q2i85qt_9nn2H7AvGOw,NiziU Official,1563277157,2290000,2505
2025-11-27 21:42:40,UCrQUlOEbu-0T0l4DAcBEeIg,pizzaofdeathofficial,408251037,332000,372
2025-11-27 21:42:40,UC_vMYWcDjmfdpH6r4TTn1MQ,Iroha ch. 風真いろは - holoX -,263202951,1130000,1055
2025-11-27 21:42:40,UC5nxCVEWQLLfkPuMylpkYkA,ロス,123613887,487000,68
2025-11-27 21:42:40,UCy0DH4rgPPjDWVZO7wibcSQ,めめんともり,352005588,335000,468
2025-11-27 21:42:40,UCEfbtVOJgicdHjs5HzOzJlA,ぱち・スロ部,3673041,1770,303
2025-11-27 21:42:40,UCjcYYjM16TFOPXDjWgzHiHA,超覚醒てえんだ「スロパチ生放送」,87356301,140000,571
2025-11-27 21:42:40,UCFuugQScqDfJcsOEWbL1_tg,Gero Channel,209118582,551000,167
2025-11-27 21:42:40,UCIJAlAYCNN8RACtDDsy9K6g,Novelbright,652756465,733000,319
2025-11-27 21:42:40,UCLkAepWjdylmXSltofFvsYQ,BANGTANTV,26052132409,81700000,2935
2025-11-27 21:42:40,UC_ntXHv-XdKCD7CPynVvnQw,Bandai Namco Entertainment America,615627915,1460000,3570
2025-11-27 21:42:40,UCENoC6MLc4pL-vehJyzSWmg,もこうの実況,1736452511,1600000,5787
2025-11-27 21:42:40,UCUW6U6iOrntB0jw6-AbQo8g,RED Games,250702633,209000,3571
2025-11-27 21:42:40,UCXeTnWiRoifoHHEzSyR5Ogg,パチンコ・パチスロ必勝ガイドチャンネル,52790155,86300,1325
2025-11-27 21:42:40,UCKU0SVkIPRqwiZaXJ9rXhdw,シュート。,216561429,256000,2336
2025-11-27 21:42:40,UCia0Mw96B-yNYRka1J_mAsQ,HikacGamesヒカックゲームズ,640476658,660000,5203
2025-11-27 21:42:40,UCqKNMJ5s_vsf7WkesdBrvQA,IS:SUE,87680204,221000,771
2025-11-27 21:42:40,UCOjkVJQcjtWnpf0-1ft4brA,ゆっくりむちゃたぬき,210189117,353000,423
2025-11-27 21:42:40,UCPVr7clenPjpD7WNsSI3UBQ,レトルト,2879338263,2590000,3850
2025-11-27 21:42:40,UCv0F5yCdnwnBTrcJO2Yr3lQ,きむちゃんねる,924981628,765000,2674
2025-11-27 21:42:40,UC7wu64jFsV02bbu6UHUd7JA,ガンダムチャンネル,412635067,1670000,1657
2025-11-27 21:42:40,UC1DqlLj1onQhBfxW81OgQTw,GLAY,732544767,541000,886
2025-11-27 21:42:40,UCqMRVBz-hhSFRuqlL1guqig,あひるだっく,52130194,128000,89
2025-11-27 21:42:40,UC070fhnqq38qNhqHm5rxTcQ,令和ちゃんねる,428623803,506000,3628
2025-11-27 21:42:40,UC2NujFa5X09CdV0YCntmQDg,板橋ハウス,905179003,752000,2030
2025-11-27 21:42:40,UCsoW5-5KCPFAZwfGU-POUvA,まじめにヤバシティ,61594056,390000,306
2025-11-27 21:42:40,UCS57xc1Bf-znC9_ouCc3SZw,佐野元春 - DaisyMusic,50511392,77700,163
2025-11-27 21:42:40,UC8_Ag6BVp43Vmrx6eillK9g,Vaundy - Topic,909879734,2190,110
2025-11-27 21:42:40,UCZetZElUvdElPrcstRjl9DA,加藤純一ロードショー,413602922,509000,982
2025-11-27 21:42:40,UCXqWKjzm2YMH6Bs7rAmsKFw,福本大晴,7532808,89600,146
2025-11-27 21:42:40,UCUbAVVpHteGtGQPPN9lM3oQ,ホロライブ切り抜き/なめたけ,572272419,339000,2103
2025-11-27 21:42:40,UCp_Az_oKu8-J5qIQpF35JbA,やわらちゃんねる,193005093,279000,862
2025-11-27 21:42:40,UCOVLrBaOiMH5QDKXTycZ8Pw,やっちゃんの崖っぷちスロパチ生活,698980096,326000,5205
2025-11-27 21:42:40,UCmnZL4tFRl4sm-uJOxTLHmg,今日ポケch.,986677118,569000,1305
2025-11-27 21:42:40,UC0ux2IFOXkj6ifQ4aSs9l7Q,大月【おおつき】,14796820,17500,1219
2025-11-27 21:42:40,UCGjV4bsC43On-YuiLZcfL0w,KUN,3389315997,1660000,11233
2025-11-27 21:42:40,UCylNKKCfPMm8ROXasQWTonA,響咲リオナの足,3336188,7080,126
2025-11-27 21:42:40,UCs8nP5mUR3pwJmgixsul8Hw,Saucy Dog,503080790,860000,120
2025-11-27 21:42:40,UC8rk-fIWJXYlSF8tkfG9wWg,天色鮫,66637382,192000,132
2025-11-27 21:42:40,UCWvr04hMa4k4wSilYcQ4qoA,キャベツの人【ゲーム紹介】,253316988,418000,974
2025-11-27 21:42:40,UCBuLdF0tQn5oZjpvYWSQkaA,Liura Channel,92259839,206000,376
2025-11-27 21:42:40,UCDbUUremwf8k1x1GTYfB1Ng,ニート部クラフト,20447117,97300,126
2025-11-27 21:42:40,UCHazKLThRbMyMFu2bVAKhng,ウォーターチャレンジ,3130936876,3150000,2181
2025-11-27 21:42:40,UC9qSqkNFiByKzzoxT3Cydyw,Aiobahn,28200052,90100,14
2025-11-27 21:42:40,UCspv01oxUFf_MTSipURRhkA,Kanae Channel,785693510,1510000,4293
2025-11-27 21:42:40,UCl_HfKfmxefUAVHPyJu0aCg,シュガーの宝舟,80143480,84300,1358
2025-11-27 21:42:40,UCqq-ovGE01ErlXakPihhKDA,1theK Originals - 원더케이 오리지널,2010245302,2510000,3586
2025-11-27 21:42:40,UC9Lx-zRFGfpuls27tNAOIqA,マエスケ,1543084879,1840000,1138
2025-11-27 21:42:40,UCx1nAvtVDIsaGmCMSe8ofsQ,加藤純一【jun channel】,1137516709,1280000,1835
2025-11-27 21:42:40,UCDBdcJ3JIg2sjDg8QR3xp-g,Iyowa - Topic,65698952,31400,88
2025-11-27 21:42:40,UChn5TjkeEqd-JxzizMVSkOw,ハヤトの野望,1035625127,1510000,2418
2025-11-27 21:42:40,UCv7VutirxDn3RWIJXI68n_A,＝LOVE（イコールラブ）公式チャンネル,471205940,557000,474
2025-11-27 21:42:40,UCBA-kvU_zYdKreZbhhywX2Q,あいずちゃんねる,147829926,57400,803
2025-11-27 21:42:40,UC15ebOqdhmvl1eb0s0jk5aw,戦極MCBATTLE,1332859018,847000,5386
2025-11-27 21:42:40,UCC4xWbcBVn-tHgchhrdmFpg,Jinmenusagi,9965654,32700,81
2025-11-27 21:42:40,UC-_iQWdEZY66nGGaHH0Ygmg,僕が見たかった青空,52805973,122000,499
2025-11-27 21:42:40,UCqQNCRSihFHVsXrDikNeYSg,げまじょが好き【にじさんじEXゲマズ切り抜き】,4585662,2390,119
2025-11-27 21:42:40,UCvo8JUqHh2d1QGnK3LKyI4Q,ポケモンユナイト公式チャンネル,31962139,139000,467
2025-11-27 21:42:40,UCy9GuRXGTm8TliQ-OJ7KwzA,【V.I.P】,978762283,979000,2496
2025-11-27 21:42:40,UCILZFnKZJksR7zwhZbAB4vw,れじぇくん,1503244285,1170000,1428
2025-11-27 21:42:40,UCH-lygWpHodDff3iQurnWnQ,加藤純一切り抜き集,1719255492,580000,5441
2025-11-27 21:42:40,UCfkXDY7vwkcJ8ddFGz8KusA,SEVENTEEN,7797609294,16200000,3290
2025-11-27 21:42:40,UCFQu6Q-9LAS3KoEuRDNkzGA, ニート部,659301189,680000,3213
2025-11-27 21:42:40,UC3PFoXZPFJGy9F4PG84nNQQ,Soala - Topic,29220278,4820,84
2025-11-27 21:42:40,UChVflUz2J_jaaqYjXqvpmQA,iLiFE!【あいらいふ】,246311299,486000,535
2025-11-27 21:42:40,UCJy7zfLsKBXoo2soFMum7JQ,あかさかの箱,1290928433,2620000,2688
2025-11-27 21:42:40,UCAaGaynFpku5cAx6OOSrW-w,HoneyWorks OFFICIAL,1601855248,2850000,550
2025-11-27 21:42:40,UCYXmyrGUVL8tX7VEvo_DjPw,シャル@ツモらせ隊,83359858,178000,901
2025-11-27 21:42:40,UCMJiPpN_09F0aWpQrgbc_qg,キヨ。,6532581967,5490000,3083
2025-11-27 21:42:40,UCBLGjbYv6-xxju1i44RjnnA,明透 -ᴀsᴜ-,132564670,625000,494
2025-11-27 21:42:40,UCx-QS9BIo_L_lx5dkpys1qw,ねこまんまのパチ•チャンネル,8057185,14300,169
2025-11-27 21:42:40,UCwJYQvXHtNn1c7RqED4E7MA,パンダドラゴン,44018394,92300,533
2025-11-27 21:42:40,UCpT4syVopfBl2bATVfAt65g,澤野弘之 / SawanoHiroyuki[nZk],51761013,4080,22
2025-11-27 21:42:40,UCvzGlP9oQwU--Y0r9id_jnA,Subaru Ch. 大空スバル,581301904,1950000,1896
2025-11-27 21:42:40,UCiZqWVAeChfqlom5ZPR3ZJA,NCT WISH,630033332,1140000,1126
2025-11-27 21:42:40,UCqeAYB1DMzfM-hG-Up52yNQ,つるおかかものはし,371628954,387000,3612
2025-11-27 21:42:40,UCaO6TYtlC8U5ttz62hTrZgg,JYP Entertainment,26030065040,31500000,2640
2025-11-27 21:42:40,UCGc93NguHRwzv1Rw9MyIcxQ,鳴潮 (Wuthering Waves)公式,104224935,345000,466
2025-11-27 21:42:40,UCv2ejD5B1xOYtGB2cf80B8g,Netflix Japan,1983114200,2310000,7766
2025-11-27 21:42:40,UCHvFSU5OP6c7QcJxIr87YtA,ウタエル Utael,446432580,582000,903
2025-11-27 21:42:40,UC-hM6YJuNYVAmUWxeIr9FeA,Miko Ch. さくらみこ,889625882,2460000,2043
2025-11-27 21:42:40,UCcmLTYWn2bI5GwNVSP1bl4Q,バッチコイなみちょ,15066375,17400,648
2025-11-27 21:42:40,UCtwTCZuQkTIwUf5m9mlZnOQ,Release - Topic,27370,53,7
2025-11-27 21:42:40,UCd9BXPj-KcMTh0HiB-Vlb8A,モンスト（モンスターストライク）公式,1160616788,1550000,4581
2025-11-27 21:42:40,UCc-PPk-lNe34JaWCcJQCL0g,ドコムスチャンネル,541285685,593000,2024
2025-11-27 21:42:40,UClNdVSK1uy2xFHTaXZYXopw,らっだぁ,1819198345,1450000,2342
2025-11-27 21:42:40,UCeTo4Eh0TzpKbUL4vGQZ73A,LEX *,4588820,1280,14
2025-11-27 21:42:40,UCu3kfiUaK7MmkQ40omEpGyQ,ナナ色チャンネル,4666870,8430,84
2025-11-27 21:42:40,UCFvSFbT8okMrpuFxBEIB2lg,M!LK,90312072,10400,243
2025-11-27 21:42:40,UCtiObj3CsEAdNU6ZPWDsddQ,TOMORROW X TOGETHER OFFICIAL,3494513829,13100000,3043
2025-11-27 21:42:40,UCj4PjeVMnNTHIR5EeoNKPAw,ドズル社,4906590678,2570000,10212
2025-11-27 21:42:40,UChUjERVG8eKEAJSCef-tTmg,k4sen / かせん,718644367,1030000,3064
2025-11-27 21:42:40,UC4YT50DP7hbMsor8FmyEPMw,Victor Entertainment,1489968652,1070000,4975
2025-11-27 21:42:40,UCooVYzDxdwTtGYAkcPmOgOw,Brawl Stars,4006370981,23200000,370
2025-11-27 21:42:40,UCpYHkc4rzWEW7iVXIyxQebA,Hey! Say! JUMP - Topic,58958148,5080,738
2025-11-27 21:42:40,UCtyXllCXnTAg4rjfI3UwIgA,しょうちゃんネル,301544555,138000,1548
2025-11-27 21:42:40,UCYe_uTI6X6mm9qaXm8iWFDg,ノッチ配信者パチンコライブ,269077781,125000,2728
2025-11-27 21:42:40,UCdPCarwi28K5Z7s5l2nMiLw,Uru Official YouTube Channel,901097541,1180000,296
2025-11-24 20:31:27,UCtPyU9cJgvvgH03PQKgaucA,ファミ通TUBE,182873937,207000,8150
2025-11-24 20:31:27,UCJnL-TBcsYrF2SLs7tmiC8Q,tripleS official,678132684,2880000,3039
2025-11-24 20:31:27,UCHVkYOT63gAz5yTxjo68_Ng,家スロットゲームパンダ’s ROOM@琉球🐼🪸,1199909,1690,75
2025-11-24 20:31:27,UCkKj-SiKyiFkj_dO1vmY3gA,加藤純一RECORDS,5031464,28000,81
2025-11-24 20:31:27,UCH-lygWpHodDff3iQurnWnQ,加藤純一切り抜き集,1717601261,580000,5439
2025-11-24 20:31:27,UCX7YkU9nEeaoZbkVLVajcMg,にじさんじ,1070434481,1870000,2823
2025-11-24 20:31:27,UC_vMYWcDjmfdpH6r4TTn1MQ,Iroha ch. 風真いろは - holoX -,262468136,1130000,1050
2025-11-24 20:31:27,UCNVIo0UJXTdEnsRkCB9Q03w,ILLIT - Topic,561041422,57700,59
2025-11-24 20:31:27,UCtKBQ2BYD76GiJvcpZOBorg,えいま,11343422,13500,346
2025-11-24 20:31:27,UCKU0SVkIPRqwiZaXJ9rXhdw,シュート。,216131591,256000,2332
2025-11-24 20:31:27,UCmovZ2th3Sqpd00F5RdeigQ,加賀美 ハヤト/Hayato Kagami,332409391,921000,1520
2025-11-24 20:31:27,UCBuLdF0tQn5oZjpvYWSQkaA,Liura Channel,91759525,206000,373
2025-11-24 20:31:27,UCCzUftO8KOVkV4wQG1vkUvg,Marine Ch. 宝鐘マリン,2033880549,4260000,1560
2025-11-24 20:31:27,UCHazKLThRbMyMFu2bVAKhng,ウォーターチャレンジ,3127178464,3150000,2179
2025-11-24 20:31:27,UCAaGaynFpku5cAx6OOSrW-w,HoneyWorks OFFICIAL,1585662413,2850000,550
2025-11-24 20:31:27,UCqQNCRSihFHVsXrDikNeYSg,げまじょが好き【にじさんじEXゲマズ切り抜き】,4338373,2310,117
2025-11-24 20:31:27,UCHzevlEL9JfsBIm86uNCJqg,宮野真守,78718653,449000,329
2025-11-24 20:31:27,UCZ1xuCK1kNmn5RzPYIZop3w,リゼ・ヘルエスタ -Lize Helesta-,298777084,957000,1089
2025-11-24 20:31:27,UCDbUUremwf8k1x1GTYfB1Ng,ニート部クラフト,20165570,96700,125
2025-11-24 20:31:27,UCHD1jo5RhijLfx5-0Ehe_cg,&TEAM,466813545,1320000,1402
2025-11-24 20:31:27,UCgmFrRcyH7d1zR9sIVQhFow,ローレン・イロアス / Lauren Iroas【にじさんじ】,396116758,952000,1046
2025-11-24 20:31:27,UCBA-kvU_zYdKreZbhhywX2Q,あいずちゃんねる,147116475,57300,801
2025-11-24 20:31:27,UCOfESRUR5duQ2hMnTQ4oqhA,BUMP OF CHICKEN,1637208579,1590000,164
2025-11-24 20:31:27,UCdCC1L_OxLrkoEjR19iXpRw,パチスロードch,135126836,75500,813
2025-11-24 20:31:27,UCylNKKCfPMm8ROXasQWTonA,響咲リオナの足,3074800,6410,118
2025-11-24 20:31:27,UCHghNZNbV-CPbb_f3FslObw,がんばるぴえんちゃんパチンコ日記,80128755,100000,1528
2025-11-24 20:31:27,UC15ebOqdhmvl1eb0s0jk5aw,戦極MCBATTLE,1331472299,847000,5376
2025-11-24 20:31:27,UC9Lx-zRFGfpuls27tNAOIqA,マエスケ,1539046282,1830000,1137
2025-11-24 20:31:27,UC-hM6YJuNYVAmUWxeIr9FeA,Miko Ch. さくらみこ,889625882,2460000,2040
2025-11-24 20:31:27,UCoQhX2O93MVTWfgIz-8wOmg,KUNの50人クラフト,464130069,543000,1046
2025-11-24 20:31:27,UCkVvAm5jb62IMIJQj4wPVGA,TMSアニメ公式チャンネル,378889162,897000,1147
2025-11-24 20:31:27,UCJy7zfLsKBXoo2soFMum7JQ,あかさかの箱,1288124728,2620000,2687
2025-11-24 20:31:27,UCILZFnKZJksR7zwhZbAB4vw,れじぇくん,1502606449,1170000,1427
2025-11-24 20:31:27,UCrKna8EQAd7NPRYq-gIsuow,ホロライ部【ホロライブ切り抜き】,69530642,37700,612
2025-11-24 20:31:27,UC6qVAJzxF5kSN_UUFSdODiQ,MAZZEL - Topic,19093992,8260,57
2025-11-24 20:31:27,UCLkAepWjdylmXSltofFvsYQ,BANGTANTV,26052132409,81700000,2933
2025-11-24 20:31:27,UC9zY_E8mcAo_Oq772LEZq8Q,THE FIRST TAKE,6254716369,11500000,1526
2025-11-24 20:31:27,UCzXjPL7zo0bxhOYDxLJ9YEg,ポッキー,4095759975,3750000,4358
2025-11-24 20:31:27,UClNdVSK1uy2xFHTaXZYXopw,らっだぁ,1816193668,1450000,2340
2025-11-24 20:31:27,UCGjV4bsC43On-YuiLZcfL0w,KUN,3387915625,1660000,11230
2025-11-24 20:31:27,UC3IZKseVpdzPSBaWxBxundA,HYBE LABELS,42483687297,79100000,2929
2025-11-24 20:31:27,UC8eq3M3Yft3FUgxEX6lOZMg,chotokkyu - Topic,35635303,577,486
2025-11-24 20:31:27,UCvzGlP9oQwU--Y0r9id_jnA,Subaru Ch. 大空スバル,580727397,1950000,1893
2025-11-24 20:31:27,UCMGvmEqkVbl372DCyn3NLAw,【吹いたら負け】葛葉先生のしくじり【切り抜き】,180309211,136000,978
2025-11-24 20:31:27,UCZMRuagdTBKmmrFtSMN48Xw,牛沢,2663199513,1800000,3738
2025-11-24 20:31:27,UCOXOcEbERAwGlE4ig9MaLSQ,夜勤明けパチンコパチスロ実践記,275421734,166000,1622
2025-11-24 20:31:27,UCvaTdHTWBGv3MKj3KVqJVCw,Okayu Ch. 猫又おかゆ,626491070,2060000,1590
2025-11-24 20:31:27,UCZwcUEEjD8RVzB-TAw1ts3g,Eden - Topic,4126778,1620,37
2025-11-24 20:31:27,UCwJYQvXHtNn1c7RqED4E7MA,パンダドラゴン,44018394,92300,532
2025-11-24 20:31:27,UCOVLrBaOiMH5QDKXTycZ8Pw,やっちゃんの崖っぷちスロパチ生活,697953558,326000,5202
2025-11-24 20:31:27,UCv2ejD5B1xOYtGB2cf80B8g,Netflix Japan,1978518413,2300000,7747
2025-11-24 20:31:27,UCvo8JUqHh2d1QGnK3LKyI4Q,ポケモンユナイト公式チャンネル,31921376,139000,467
2025-11-24 20:31:27,UCy9GuRXGTm8TliQ-OJ7KwzA,【V.I.P】,977655202,978000,2493
2025-11-24 20:31:27,UC8rk-fIWJXYlSF8tkfG9wWg,天色鮫,66274266,191000,132
2025-11-24 20:31:27,UCdVD0MsYecQaIE5Ru-pOIQQ,RIIZE,1015326967,1860000,1370
2025-11-24 20:31:27,UCSFCh5NL4qXrAy9u-u2lX3g,Kuzuha Channel,1423963087,2100000,2817
2025-11-24 20:31:27,UCFvSFbT8okMrpuFxBEIB2lg,M!LK,88473496,10200,243
2025-11-24 20:31:27,UCjcYYjM16TFOPXDjWgzHiHA,超覚醒てえんだ「スロパチ生放送」,86919662,140000,569
2025-11-24 20:31:27,UCyTaStlK0neSuKveYOIioaw,ぐんぐにるチャンネル,274844393,426000,447
2025-11-24 20:31:27,UC-ifW8mHzfsZVGHY8vxqrjA,A.B.C-Z,58717723,54500,435
2025-11-24 20:31:27,UCtyXllCXnTAg4rjfI3UwIgA,しょうちゃんネル,295444704,137000,1545
2025-11-24 20:31:27,UCaO6TYtlC8U5ttz62hTrZgg,JYP Entertainment,25998680120,31500000,2637
2025-11-24 20:31:27,UChVflUz2J_jaaqYjXqvpmQA,iLiFE!【あいらいふ】,243613485,483000,526
2025-11-24 20:31:27,UCRDJ3DN-6ND_a4LSJ35L91A,立川ちゃんねる,106083315,107000,638
2025-11-24 20:31:27,UC_DopZ9OANqNGho0wFwADqA,けいちゃん / Keichan,502697517,1270000,605
2025-11-24 20:31:27,UC1FQWQ3y3-e8l1pCtWhJt5A,Vaundy,2295815134,2430000,226
2025-11-24 20:31:27,UCcz2Y1yhR42UxbFwvPFGCmA,きっしー助六ちゃんねる,75627383,61500,939
2025-11-24 20:31:27,UCB_qr75-ydFVKSF9Dmo6izg,FORMULA 1,8854977174,13700000,9398
2025-11-24 20:31:27,UChUjERVG8eKEAJSCef-tTmg,k4sen / かせん,714915186,1020000,3058
2025-11-24 20:31:27,UC1DCedRgGHBdm81E1llLhOQ,Pekora Ch. 兎田ぺこら,1011551819,2740000,2339
2025-11-24 20:31:27,UCEf_Bc-KVd7onSeifS3py9g,SMTOWN,32590850095,33500000,4640
2025-11-24 20:31:27,UCj4PjeVMnNTHIR5EeoNKPAw,ドズル社,4884812029,2560000,10205
2025-11-24 20:31:27,UC0ux2IFOXkj6ifQ4aSs9l7Q,大月【おおつき】,14634927,17400,1216
2025-11-24 20:31:27,UCeK22JmzkTMa69kZU9NEqsA,めじの【Vtuber応援隊】,31396871,15100,536
2025-11-24 20:31:27,UCv7VutirxDn3RWIJXI68n_A,＝LOVE（イコールラブ）公式チャンネル,466225819,554000,474
2025-11-24 20:31:27,UCOTR1tcOAhjgi6YukrPpZxg,まふまふちゃんねる,2480574724,3610000,511
2025-11-24 20:31:27,UCDhOdoqPxv96djR3tSq9NoA,ショコラ大佐の秘密基地,147922654,138000,1743
2025-11-24 20:31:27,UCBhPDpv9JavoPADrZcsAC2A,あらき-ARAKI Official,320679686,488000,260
2025-11-24 20:31:27,UCYLp2FLXcqLUZhvrCxQmNIA,胡桃沢りりか,40825465,100000,2568
2025-11-24 20:31:27,UCXEo7JprZQGCPkezcZylHlQ,黒炭酸,151748328,200000,1757
2025-11-24 20:31:27,UCxIK6x6sG7Ln5vjjPYpgeAw,Chogakusei Official,667393982,1010000,564
2025-11-24 20:31:27,UC__iCxFigPdcry_UBv6sDGw,IO,16107442,37900,13
2025-11-24 20:31:27,UC3VId8brfshtHO6gMMqnZ5A,FLOW GLOW - Topic,311811,2190,5
2025-11-27 02:39:51,UCeTo4Eh0TzpKbUL4vGQZ73A,LEX *,4529834,1280,14
2025-11-27 02:39:51,UC-ifW8mHzfsZVGHY8vxqrjA,A.B.C-Z,59464169,54600,437
2025-11-27 02:39:51,UCZwcUEEjD8RVzB-TAw1ts3g,Eden - Topic,4247351,1750,38
2025-11-27 02:39:51,UC3IZKseVpdzPSBaWxBxundA,HYBE LABELS,42525965792,79100000,2930
2025-11-27 02:39:51,UCvzGlP9oQwU--Y0r9id_jnA,Subaru Ch. 大空スバル,581212274,1950000,1895
2025-11-27 02:39:51,UCjcYYjM16TFOPXDjWgzHiHA,超覚醒てえんだ「スロパチ生放送」,87303765,140000,571
2025-11-27 02:39:51,UCH-lygWpHodDff3iQurnWnQ,加藤純一切り抜き集,1719047989,580000,5439
2025-11-27 02:39:51,UCOjkVJQcjtWnpf0-1ft4brA,ゆっくりむちゃたぬき,210112850,352000,423
2025-11-27 02:39:51,UChhKBlh_wvspTh5n4mL0b5g,BOYNEXTDOOR,1166800131,2060000,2200
2025-11-27 02:39:51,UCwJYQvXHtNn1c7RqED4E7MA,パンダドラゴン,44018394,92300,533
2025-11-27 02:39:51,UC3VId8brfshtHO6gMMqnZ5A,FLOW GLOW - Topic,380802,2190,5
2025-11-27 02:39:51,UCfipDDn7wY-C-SoUChgxCQQ,葉山舞鈴 / Ohayama Ch.,88056806,599000,1339
2025-11-27 02:39:51,UC5nxCVEWQLLfkPuMylpkYkA,ロス,123613887,487000,68
2025-11-27 02:39:51,UCSFCh5NL4qXrAy9u-u2lX3g,Kuzuha Channel,1426871249,2100000,2820
2025-11-27 02:39:51,UCv2ejD5B1xOYtGB2cf80B8g,Netflix Japan,1982053787,2300000,7759
2025-11-27 02:39:51,UC3ruCdV7xnwAbpkW9tQq-6A,のーわん【NoOnE】,419227849,409000,1206
2025-11-27 02:39:51,UCMR5xpbhv3jzIQG1TOTg-Jg,B'z - Topic,290447628,3870,678
2025-11-27 02:39:51,UCoQhX2O93MVTWfgIz-8wOmg,KUNの50人クラフト,465752151,543000,1048
2025-11-27 02:39:51,UC5vqbtNnbOF2h7A_xlrIPUw,ぽっぴんず,916718072,630000,1053
2025-11-27 02:39:51,UCGjV4bsC43On-YuiLZcfL0w,KUN,3389035363,1660000,11232
2025-11-27 02:39:51,UCpT4syVopfBl2bATVfAt65g,澤野弘之 / SawanoHiroyuki[nZk],51700285,3980,22
2025-11-27 02:39:51,UC9rMiEjNaCSsebs31MRDCRA,Stray Kids,9673395528,22200000,1879
2025-11-27 02:39:51,UCN7_YMtKaUiizHpw77XLVcw,EXILE,188549954,14800,308
2025-11-27 02:39:51,UCXURHJRGr4-EB3l87kcbElw,NCT DREAM,2300999800,7000000,1314
2025-11-27 02:39:51,UC14QT5j2nQI8lKBCGtrrBQA,アニプレックス チャンネル,4305419674,3720000,15436
2025-11-27 02:39:51,UCcg_rvE-fU2tATMwBAxW9bA,ヤングスキニー,149492671,238000,603
2025-11-27 02:39:51,UC3NrSfe_yR5XX9zGFxYoV1Q,HIRAIDAI - Topic,281321781,3400,415
2025-11-27 02:39:51,UCqQNCRSihFHVsXrDikNeYSg,げまじょが好き【にじさんじEXゲマズ切り抜き】,4562810,2350,118
2025-11-27 02:39:51,UC6qVAJzxF5kSN_UUFSdODiQ,MAZZEL - Topic,19327931,8260,57
2025-11-27 02:39:51,UCp_Az_oKu8-J5qIQpF35JbA,やわらちゃんねる,192967438,279000,862
2025-11-27 02:39:51,UCdCC1L_OxLrkoEjR19iXpRw,パチスロードch,135958194,75700,815
2025-11-27 02:39:51,UCXEo7JprZQGCPkezcZylHlQ,黒炭酸,152370607,202000,1757
2025-11-27 02:39:51,UCy9GuRXGTm8TliQ-OJ7KwzA,【V.I.P】,978506983,979000,2495
2025-11-27 02:39:51,UCt09C9DPSuOGpHoitbcyCIQ,ゼンレスゾーンゼロ-ZZZ-公式,229813205,754000,429
2025-11-27 02:39:51,UC_DopZ9OANqNGho0wFwADqA,けいちゃん / Keichan,502697517,1270000,606
2025-11-27 02:39:51,UCtKBQ2BYD76GiJvcpZOBorg,えいま,11412217,13500,346
2025-11-27 02:39:51,UCu3kfiUaK7MmkQ40omEpGyQ,ナナ色チャンネル,4617009,8320,83
2025-11-27 02:39:51,UCxIK6x6sG7Ln5vjjPYpgeAw,Chogakusei Official,674277867,1010000,564
2025-11-27 02:39:51,UCZetZElUvdElPrcstRjl9DA,加藤純一ロードショー,413351485,509000,982
2025-11-27 02:39:51,UC-_iQWdEZY66nGGaHH0Ygmg,僕が見たかった青空,52805973,122000,498
2025-11-27 02:39:51,UChUjERVG8eKEAJSCef-tTmg,k4sen / かせん,718133831,1020000,3063
2025-11-27 02:39:51,UCkVvAm5jb62IMIJQj4wPVGA,TMSアニメ公式チャンネル,379265333,898000,1146
2025-11-27 02:39:51,UCOfESRUR5duQ2hMnTQ4oqhA,BUMP OF CHICKEN,1637208579,1590000,165
2025-11-27 02:39:51,UCgmFrRcyH7d1zR9sIVQhFow,ローレン・イロアス / Lauren Iroas【にじさんじ】,396892908,953000,1049
2025-11-27 02:39:51,UCDbUUremwf8k1x1GTYfB1Ng,ニート部クラフト,20408585,97200,125
2025-11-27 02:39:51,UC1DqlLj1onQhBfxW81OgQTw,GLAY,732544767,541000,884
2025-11-27 02:39:51,UCWvr04hMa4k4wSilYcQ4qoA,キャベツの人【ゲーム紹介】,253195350,418000,973
2025-11-27 02:39:51,UCOx-oLP9tOhiYwSK_m-yVxA,オモコロチャンネル,618321757,473000,1144
2025-11-27 02:39:51,UCL7VEatXa9yBCKeM-ww8TnA,NX☆くさあん,208509168,238000,3563
2025-11-27 02:39:51,UCH4yRBPH2pDUjPeqomx8CTQ,てるとくん,548470164,1330000,1894
2025-11-27 02:39:51,UC1DCedRgGHBdm81E1llLhOQ,Pekora Ch. 兎田ぺこら,1012567289,2740000,2343
2025-11-27 02:39:51,UCc-itdQHxLvUlPrDxIiSJrA,INI,748068954,653000,1268
2025-11-27 02:39:51,UCIJAlAYCNN8RACtDDsy9K6g,Novelbright,652756465,733000,319
2025-11-27 02:39:51,UCC4xWbcBVn-tHgchhrdmFpg,Jinmenusagi,9965654,32700,80
2025-11-27 02:39:51,UCMJiPpN_09F0aWpQrgbc_qg,キヨ。,6531537929,5480000,3083
2025-11-27 02:39:51,UCEfbtVOJgicdHjs5HzOzJlA,ぱち・スロ部,3670936,1770,303
2025-11-27 02:39:51,UCzRzPAT-AjlPyec5yXG974g,カワノKawano,208043598,184000,1322
2025-11-27 02:39:51,UC7aYDbAOIKIMt25ENfJ68Qw,ルカ,118706200,120000,2126
2025-11-27 02:39:51,UCRDJ3DN-6ND_a4LSJ35L91A,立川ちゃんねる,106517662,107000,639
2025-11-27 02:39:51,UCdMGYXL38w6htx6Yf9YJa-w,プロジェクトセカイ カラフルステージ! feat. 初音ミク,2003481748,2060000,1907
2025-11-27 02:39:51,UCENwRMx5Yh42zWpzURebzTw,Laplus ch. ラプラス・ダークネス - holoX -,399675087,1450000,917
2025-11-27 02:39:51,UCv7VutirxDn3RWIJXI68n_A,＝LOVE（イコールラブ）公式チャンネル,466225819,556000,474
2025-11-27 02:39:51,UCvaTdHTWBGv3MKj3KVqJVCw,Okayu Ch. 猫又おかゆ,626491070,2060000,1592
2025-11-27 02:39:51,UCOTR1tcOAhjgi6YukrPpZxg,まふまふちゃんねる,2481479816,3610000,511
2025-11-27 02:39:51,UCtiObj3CsEAdNU6ZPWDsddQ,TOMORROW X TOGETHER OFFICIAL,3494513829,13100000,3041
2025-11-27 02:39:51,UCx1nAvtVDIsaGmCMSe8ofsQ,加藤純一【jun channel】,1137353557,1280000,1834
2025-11-27 02:39:51,UC6SmH9mR82nj28_NNg_rZvA,スクウェア・エニックス,1173185129,1090000,10984
2025-11-27 02:39:51,UCqKNMJ5s_vsf7WkesdBrvQA,IS:SUE,87680204,221000,769
2025-11-27 02:39:51,UCcz2Y1yhR42UxbFwvPFGCmA,きっしー助六ちゃんねる,75804570,61500,940
2025-11-27 02:39:51,UCZMRuagdTBKmmrFtSMN48Xw,牛沢,2665237130,1800000,3740
2025-11-27 02:39:51,UCjJmYy279ehSYSwR1A3fXtA,マグロヘッド,393970578,735000,1753
2025-11-27 02:39:51,UCeK22JmzkTMa69kZU9NEqsA,めじの【Vtuber応援隊】,31854678,15100,537
2025-11-27 02:39:51,UCMGvmEqkVbl372DCyn3NLAw,【吹いたら負け】葛葉先生のしくじり【切り抜き】,180555446,136000,978
2025-11-27 02:39:51,UC8rk-fIWJXYlSF8tkfG9wWg,天色鮫,66592457,192000,132
2025-11-27 02:39:51,UCHghNZNbV-CPbb_f3FslObw,がんばるぴえんちゃんパチンコ日記,80359809,100000,1532
2025-11-27 02:39:51,UCooVYzDxdwTtGYAkcPmOgOw,Brawl Stars,4004541024,23200000,370
2025-11-27 02:39:51,UCtceiniicYEsbAVuWy-Bi0Q,ドラゴンクエストウォーク公式,50338847,181000,160
2025-11-27 02:39:51,UC_vMYWcDjmfdpH6r4TTn1MQ,Iroha ch. 風真いろは - holoX -,262964239,1130000,1053
2025-11-27 02:39:51,UCy0DH4rgPPjDWVZO7wibcSQ,めめんともり,351780904,335000,468
2025-11-27 02:39:51,UCUW6U6iOrntB0jw6-AbQo8g,RED Games,250478782,209000,3569
2025-11-27 02:39:51,UCOXOcEbERAwGlE4ig9MaLSQ,夜勤明けパチンコパチスロ実践記,275621078,166000,1623
2025-11-27 02:39:51,UC15ebOqdhmvl1eb0s0jk5aw,戦極MCBATTLE,1332572110,847000,5383
2025-11-27 02:39:51,UCPJCP_fon2mOMfibbBPUOYw,SAWAYAN GAMES / サワヤン ゲームズ,1299022989,2070000,3417
2025-11-27 02:39:51,UCtwTCZuQkTIwUf5m9mlZnOQ,Release - Topic,15655,46,7
2025-11-27 02:39:51,UCLkAepWjdylmXSltofFvsYQ,BANGTANTV,26052132409,81700000,2935
2025-11-27 02:39:51,UCdVD0MsYecQaIE5Ru-pOIQQ,RIIZE,1015326967,1870000,1382
2025-11-27 02:39:51,UCiZqWVAeChfqlom5ZPR3ZJA,NCT WISH,630033332,1140000,1125
2025-11-27 02:39:51,UCdn5BQ06XqgXoAxIhbqw5Rg,フブキCh。白上フブキ,710674501,2640000,2968
2025-11-27 02:39:51,UCs8nP5mUR3pwJmgixsul8Hw,Saucy Dog,503080790,860000,121
2025-11-27 02:39:51,UC7wu64jFsV02bbu6UHUd7JA,ガンダムチャンネル,412502039,1670000,1654
2025-11-27 02:39:51,UCILZFnKZJksR7zwhZbAB4vw,れじぇくん,1503150752,1170000,1428
2025-11-27 02:39:51,UC9Lx-zRFGfpuls27tNAOIqA,マエスケ,1542232163,1830000,1138
2025-11-27 02:39:51,UCxWcO9CLti4uouUIS5IIF-Q,Nornis,59019055,228000,110
2025-11-27 02:39:51,UCYe_uTI6X6mm9qaXm8iWFDg,ノッチ配信者パチンコライブ,268791622,125000,2727
2025-11-27 02:39:51,UCzXjPL7zo0bxhOYDxLJ9YEg,ポッキー,4096874901,3750000,4360
2025-11-27 02:39:51,UCdszfKemUn36sOEplfkiGVQ,GPV LABEL,3010003,5360,90
2025-11-27 02:39:51,UCHvFSU5OP6c7QcJxIr87YtA,ウタエル Utael,446316043,582000,903
2025-11-27 02:39:51,UCPVr7clenPjpD7WNsSI3UBQ,レトルト,2878966659,2590000,3850
2025-11-27 02:39:51,UCrKna8EQAd7NPRYq-gIsuow,ホロライ部【ホロライブ切り抜き】,70059191,37800,614
2025-11-27 02:39:51,UCJnL-TBcsYrF2SLs7tmiC8Q,tripleS official,697072588,2880000,3056
2025-11-27 02:39:51,UCx-QS9BIo_L_lx5dkpys1qw,ねこまんまのパチ•チャンネル,7980136,14300,168
2025-11-27 02:39:51,UCCzUftO8KOVkV4wQG1vkUvg,Marine Ch. 宝鐘マリン,2033880549,4260000,1560
2025-11-27 02:39:51,UCof7dOTnyxaidkKkcIFuflQ,Mone Kamishiraishi - Topic,26335972,326,123
2025-11-27 02:39:51,UCUzpZpX2wRYOk3J8QTFGxDg,乃木坂46 OFFICIAL YouTube CHANNEL,1610447858,1730000,1168
2025-11-27 02:39:51,UC6H_7uSepAzrlayBjAb9rrg,WurtS - Topic,69060265,698,82
2025-11-27 02:39:51,UCdPCarwi28K5Z7s5l2nMiLw,Uru Official YouTube Channel,901097541,1180000,296
2025-11-27 02:39:51,UCMzLWawc9x3rUsqYDEfgqzA,ジャック・オ・蘭たん,712569541,648000,1888
2025-11-27 02:39:51,UCqeAYB1DMzfM-hG-Up52yNQ,つるおかかものはし,371359176,387000,3610
2025-11-27 02:39:51,UCfkXDY7vwkcJ8ddFGz8KusA,SEVENTEEN,7797609294,16200000,3277
2025-11-27 02:39:51,UCmovZ2th3Sqpd00F5RdeigQ,加賀美 ハヤト/Hayato Kagami,332409391,921000,1522
2025-11-27 02:39:51,UCZVVCZwOpCbDXB84SDqWixQ,Lil Shady,56239923,284000,97
2025-11-27 02:39:51,UCKU0SVkIPRqwiZaXJ9rXhdw,シュート。,216524805,256000,2334
2025-11-27 02:39:51,UCHzevlEL9JfsBIm86uNCJqg,宮野真守,78718653,449000,329
2025-11-27 02:39:51,UCHazKLThRbMyMFu2bVAKhng,ウォーターチャレンジ,3130243899,3150000,2181
2025-11-27 02:39:51,UC2NujFa5X09CdV0YCntmQDg,板橋ハウス,904835559,752000,2029
2025-11-27 02:39:51,UCBhPDpv9JavoPADrZcsAC2A,あらき-ARAKI Official,320679686,489000,260
2025-11-27 02:39:51,UCB_qr75-ydFVKSF9Dmo6izg,FORMULA 1,8868120810,13700000,9407
2025-11-27 02:39:51,UChn5TjkeEqd-JxzizMVSkOw,ハヤトの野望,1035273674,1510000,2417
2025-11-27 02:39:51,UCBuLdF0tQn5oZjpvYWSQkaA,Liura Channel,92182018,206000,374
2025-11-27 02:39:51,UC-hM6YJuNYVAmUWxeIr9FeA,Miko Ch. さくらみこ,889625882,2460000,2043
2025-11-27 02:39:51,UCrQUlOEbu-0T0l4DAcBEeIg,pizzaofdeathofficial,408137708,332000,372
2025-11-27 02:39:51,UCtyXllCXnTAg4rjfI3UwIgA,しょうちゃんネル,300738637,138000,1547
2025-11-27 02:39:51,UCeA0fcfLVewbuD7H5YsrpdA,ライキジョーンズ,118818550,146000,3390
2025-11-27 02:39:51,UCdkVEDVAW5aFmA-Mkz0lAFQ,ひたまゆ。,466569140,410000,2793
2025-11-27 02:39:51,UCDwcZ85zjLKD-3-jqlv1wQQ,アンジュルム,213864061,229000,370
2025-11-27 02:39:51,UCS57xc1Bf-znC9_ouCc3SZw,佐野元春 - DaisyMusic,50511392,77700,163
2025-11-27 02:39:51,UCpGpA7mSYmNJjLiJxKso5QA,しもふりチューブ,1783234955,2160000,3021
2025-11-27 02:39:51,UCVh47EKH9VLresRqiYi9txw,Mili,608668101,1010000,117
2025-11-27 02:39:51,UCj4PjeVMnNTHIR5EeoNKPAw,ドズル社,4902232621,2570000,10212
2025-11-27 02:39:51,UCM3yhFc0-fBFuvqx1Vg2YNQ,まいぜんシスターズ,7171218264,3180000,1860
2025-11-27 02:39:51,UCHVkYOT63gAz5yTxjo68_Ng,家スロットゲームパンダ’s ROOM@琉球🐼🪸,1218125,1680,76
2025-11-27 02:39:51,UC3J-txytRWiRtNXrLS95eEw,ASIAN KUNG-FU GENERATION Official YouTube Channel,608265861,788000,282
2025-11-27 02:39:51,UCHD1jo5RhijLfx5-0Ehe_cg,&TEAM,466813545,1320000,1408
2025-11-27 02:39:51,UC8eq3M3Yft3FUgxEX6lOZMg,chotokkyu - Topic,35769873,577,486
2025-11-27 02:39:51,UC56x--_QtyaWD1QptYrPMqA,刀剣乱舞 公式チャンネル,9539808,131000,116
2025-11-27 02:39:51,UC1FQWQ3y3-e8l1pCtWhJt5A,Vaundy,2295815134,2430000,226
2025-11-27 02:39:51,UCNVIo0UJXTdEnsRkCB9Q03w,ILLIT - Topic,564492320,57700,59
2025-11-27 02:39:51,UCJy7zfLsKBXoo2soFMum7JQ,あかさかの箱,1290432566,2620000,2688
2025-11-27 02:39:51,UCMF_5h2OejEhVorTB02UUSg,MAZZEL,243792578,284000,721
2025-11-27 02:39:51,UCYA14rrNjvQq_P_YSNeJHgA,スロライブ,89912824,46500,895
2025-11-27 02:39:51,UCX7YkU9nEeaoZbkVLVajcMg,にじさんじ,1071857867,1870000,2823
2025-11-27 02:39:51,UChVflUz2J_jaaqYjXqvpmQA,iLiFE!【あいらいふ】,246311299,485000,533
2025-11-27 02:39:51,UC070fhnqq38qNhqHm5rxTcQ,令和ちゃんねる,428434108,506000,3627
2025-11-27 02:39:51,UCLrYavXppY_4oRfquHk9VQg,HAGANE,14455474,74900,142
2025-11-27 02:39:51,UCDhOdoqPxv96djR3tSq9NoA,ショコラ大佐の秘密基地,148514604,138000,1746
2025-11-27 02:39:51,UClNdVSK1uy2xFHTaXZYXopw,らっだぁ,1818594075,1450000,2341
2025-11-27 02:39:51,UCENoC6MLc4pL-vehJyzSWmg,もこうの実況,1736272748,1600000,5787
2025-11-27 02:39:51,UCkKj-SiKyiFkj_dO1vmY3gA,加藤純一RECORDS,5240810,29200,82
2025-11-27 02:39:51,UC9qSqkNFiByKzzoxT3Cydyw,Aiobahn,28114924,90100,14
2025-11-27 02:39:51,UCBA-kvU_zYdKreZbhhywX2Q,あいずちゃんねる,147762219,57400,803
2025-11-27 02:39:51,UCqMRVBz-hhSFRuqlL1guqig,あひるだっく,52092416,128000,89
2025-11-27 02:39:51,UCtPyU9cJgvvgH03PQKgaucA,ファミ通TUBE,183049444,208000,8153
2025-11-27 02:39:51,UCpYHkc4rzWEW7iVXIyxQebA,Hey! Say! JUMP - Topic,58891636,5080,738
2025-11-27 02:39:51,UC__iCxFigPdcry_UBv6sDGw,IO,16308497,38200,13
2025-11-27 02:39:51,UCEf_Bc-KVd7onSeifS3py9g,SMTOWN,32604384233,33500000,4641
2025-11-27 02:39:51,UCFuugQScqDfJcsOEWbL1_tg,Gero Channel,209118582,551000,166
2025-11-27 02:39:51,UCmnZL4tFRl4sm-uJOxTLHmg,今日ポケch.,985785109,569000,1304
2025-11-27 02:39:51,UCGc93NguHRwzv1Rw9MyIcxQ,鳴潮 (Wuthering Waves)公式,103289027,345000,465
2025-11-27 02:39:51,UCylNKKCfPMm8ROXasQWTonA,響咲リオナの足,3252151,6960,124
2025-11-27 02:39:51,UCXqWKjzm2YMH6Bs7rAmsKFw,福本大晴,7386640,89600,145
2025-11-27 02:39:51,UCAaGaynFpku5cAx6OOSrW-w,HoneyWorks OFFICIAL,1601855248,2850000,550
2025-11-27 02:39:51,UCXeTnWiRoifoHHEzSyR5Ogg,パチンコ・パチスロ必勝ガイドチャンネル,52764469,86300,1324
2025-11-27 02:39:51,UCu2Fxqf37DAZ0ZhIsd1FZwA,Capcom Fighters JP,262400008,257000,3907
2025-11-27 02:39:51,UCHp2q2i85qt_9nn2H7AvGOw,NiziU Official,1563277157,2290000,2504
2025-11-27 02:39:51,UC0ux2IFOXkj6ifQ4aSs9l7Q,大月【おおつき】,14755460,17400,1218
2025-11-27 02:39:51,UCOVLrBaOiMH5QDKXTycZ8Pw,やっちゃんの崖っぷちスロパチ生活,698795746,326000,5204
2025-11-27 02:39:51,UCAWxPGGuIfWME2KTLUmSCHw,ぱかチューブっ!【ウマ娘公式】,516010480,1310000,1287
2025-11-27 02:39:51,UCFvSFbT8okMrpuFxBEIB2lg,M!LK,89927468,10400,243
2025-11-27 02:39:51,UCYXmyrGUVL8tX7VEvo_DjPw,シャル@ツモらせ隊,83246778,178000,900
2025-11-27 02:39:51,UC4YT50DP7hbMsor8FmyEPMw,Victor Entertainment,1489698608,1070000,4972
2025-11-27 02:39:51,UC9zY_E8mcAo_Oq772LEZq8Q,THE FIRST TAKE,6261501950,11500000,1529
2025-11-27 02:39:51,UCZ1xuCK1kNmn5RzPYIZop3w,リゼ・ヘルエスタ -Lize Helesta-,299263684,957000,1090
2025-11-27 02:39:51,UCaO6TYtlC8U5ttz62hTrZgg,JYP Entertainment,26024673774,31500000,2639
2025-11-27 02:39:51,UCFQu6Q-9LAS3KoEuRDNkzGA, ニート部,659051656,680000,3213
2025-11-27 02:39:51,UC6FadPgGviUcq6VQ0CEJqdQ,Juice=Juice,163770158,250000,280
2025-11-27 02:39:51,UC8Qwnts13zIh2EYUCau6m3w,ONE N' ONLY TV,112267072,214000,794
2025-11-27 02:39:51,UCYLp2FLXcqLUZhvrCxQmNIA,胡桃沢りりか,41002456,100000,2571
2025-11-27 02:39:51,UCyTaStlK0neSuKveYOIioaw,ぐんぐにるチャンネル,275072390,426000,447
2025-11-27 02:39:51,UCc-PPk-lNe34JaWCcJQCL0g,ドコムスチャンネル,540983918,593000,2023
2025-11-27 02:39:51,UC8_Ag6BVp43Vmrx6eillK9g,Vaundy - Topic,909410799,2190,110
2025-11-27 02:39:51,UCvo8JUqHh2d1QGnK3LKyI4Q,ポケモンユナイト公式チャンネル,31957122,139000,467
2025-11-27 02:39:51,UC_ntXHv-XdKCD7CPynVvnQw,Bandai Namco Entertainment America,615539104,1460000,3568
2025-11-24 14:42:47,UC_DopZ9OANqNGho0wFwADqA,けいちゃん / Keichan,502697517,1270000,604
2025-11-24 14:42:47,UCkVvAm5jb62IMIJQj4wPVGA,TMSアニメ公式チャンネル,378889162,897000,1147
2025-11-24 14:42:47,UCOXOcEbERAwGlE4ig9MaLSQ,夜勤明けパチンコパチスロ実践記,275421734,166000,1622
2025-11-24 14:42:47,UCDbUUremwf8k1x1GTYfB1Ng,ニート部クラフト,20165570,96600,125
2025-11-24 14:42:47,UCqQNCRSihFHVsXrDikNeYSg,げまじょが好き【にじさんじEXゲマズ切り抜き】,4338373,2290,117
2025-11-24 14:42:47,UCeK22JmzkTMa69kZU9NEqsA,めじの【Vtuber応援隊】,31261604,15100,534
2025-11-24 14:42:47,UCj4PjeVMnNTHIR5EeoNKPAw,ドズル社,4882854354,2560000,10204
2025-11-24 14:42:47,UCFvSFbT8okMrpuFxBEIB2lg,M!LK,88473496,10200,243
2025-11-24 14:42:47,UCgmFrRcyH7d1zR9sIVQhFow,ローレン・イロアス / Lauren Iroas【にじさんじ】,396116758,952000,1046
2025-11-24 14:42:47,UCYLp2FLXcqLUZhvrCxQmNIA,胡桃沢りりか,40825465,100000,2568
2025-11-24 14:42:47,UC8eq3M3Yft3FUgxEX6lOZMg,chotokkyu - Topic,35609809,577,486
2025-11-24 14:42:47,UCDhOdoqPxv96djR3tSq9NoA,ショコラ大佐の秘密基地,147922654,138000,1743
2025-11-24 14:42:47,UCH-lygWpHodDff3iQurnWnQ,加藤純一切り抜き集,1717601261,580000,5439
2025-11-24 14:42:47,UCHazKLThRbMyMFu2bVAKhng,ウォーターチャレンジ,3126855512,3150000,2179
2025-11-24 14:42:47,UC__iCxFigPdcry_UBv6sDGw,IO,16107442,37900,13
2025-11-24 14:42:47,UCkKj-SiKyiFkj_dO1vmY3gA,加藤純一RECORDS,5031464,27800,81
2025-11-24 14:42:47,UCX7YkU9nEeaoZbkVLVajcMg,にじさんじ,1070434481,1870000,2822
2025-11-24 14:42:47,UCSFCh5NL4qXrAy9u-u2lX3g,Kuzuha Channel,1423963087,2100000,2814
2025-11-24 14:42:47,UC9zY_E8mcAo_Oq772LEZq8Q,THE FIRST TAKE,6254716369,11500000,1525
2025-11-24 14:42:47,UCHzevlEL9JfsBIm86uNCJqg,宮野真守,78718653,449000,329
2025-11-24 14:42:47,UC1DCedRgGHBdm81E1llLhOQ,Pekora Ch. 兎田ぺこら,1011551819,2740000,2339
2025-11-24 14:42:47,UCvzGlP9oQwU--Y0r9id_jnA,Subaru Ch. 大空スバル,580727397,1950000,1893
2025-11-24 14:42:47,UCILZFnKZJksR7zwhZbAB4vw,れじぇくん,1502521189,1170000,1427
2025-11-24 14:42:47,UChVflUz2J_jaaqYjXqvpmQA,iLiFE!【あいらいふ】,243613485,483000,524
2025-11-24 14:42:47,UCCzUftO8KOVkV4wQG1vkUvg,Marine Ch. 宝鐘マリン,2033880549,4260000,1560
2025-11-24 14:42:47,UC3VId8brfshtHO6gMMqnZ5A,FLOW GLOW - Topic,305095,2190,5
2025-11-24 14:42:47,UC6qVAJzxF5kSN_UUFSdODiQ,MAZZEL - Topic,19064426,8260,57
2025-11-24 14:42:47,UCZwcUEEjD8RVzB-TAw1ts3g,Eden - Topic,4126778,1580,37
2025-11-24 14:42:47,UCHVkYOT63gAz5yTxjo68_Ng,家スロットゲームパンダ’s ROOM@琉球🐼🪸,1199909,1690,75
2025-11-24 14:42:47,UC-hM6YJuNYVAmUWxeIr9FeA,Miko Ch. さくらみこ,889625882,2460000,2040
2025-11-24 14:42:47,UCOfESRUR5duQ2hMnTQ4oqhA,BUMP OF CHICKEN,1637208579,1590000,164
2025-11-24 14:42:47,UCMGvmEqkVbl372DCyn3NLAw,【吹いたら負け】葛葉先生のしくじり【切り抜き】,180309211,136000,978
2025-11-24 14:42:47,UCxIK6x6sG7Ln5vjjPYpgeAw,Chogakusei Official,667393982,1010000,564
2025-11-24 14:42:47,UCwJYQvXHtNn1c7RqED4E7MA,パンダドラゴン,44018394,92300,532
2025-11-24 14:42:47,UCGjV4bsC43On-YuiLZcfL0w,KUN,3387915625,1660000,11230
2025-11-24 14:42:47,UCLkAepWjdylmXSltofFvsYQ,BANGTANTV,26052132409,81700000,2933
2025-11-24 14:42:47,UCy9GuRXGTm8TliQ-OJ7KwzA,【V.I.P】,977655202,978000,2492
2025-11-24 14:42:47,UCBuLdF0tQn5oZjpvYWSQkaA,Liura Channel,91669125,206000,372
2025-11-24 14:42:47,UC1FQWQ3y3-e8l1pCtWhJt5A,Vaundy,2295815134,2430000,226
2025-11-24 14:42:47,UCaO6TYtlC8U5ttz62hTrZgg,JYP Entertainment,25998680120,31500000,2637
2025-11-24 14:42:47,UCvo8JUqHh2d1QGnK3LKyI4Q,ポケモンユナイト公式チャンネル,31921376,139000,467
2025-11-24 14:42:47,UCAaGaynFpku5cAx6OOSrW-w,HoneyWorks OFFICIAL,1585662413,2850000,550
2025-11-24 14:42:47,UCHD1jo5RhijLfx5-0Ehe_cg,&TEAM,466813545,1320000,1401
2025-11-24 14:42:47,UCvaTdHTWBGv3MKj3KVqJVCw,Okayu Ch. 猫又おかゆ,626491070,2060000,1590
2025-11-24 14:42:47,UCmovZ2th3Sqpd00F5RdeigQ,加賀美 ハヤト/Hayato Kagami,332409391,920000,1520
2025-11-24 14:42:47,UCBA-kvU_zYdKreZbhhywX2Q,あいずちゃんねる,147116475,57300,801
2025-11-24 14:42:47,UCv7VutirxDn3RWIJXI68n_A,＝LOVE（イコールラブ）公式チャンネル,466225819,553000,474
2025-11-24 14:42:47,UCBhPDpv9JavoPADrZcsAC2A,あらき-ARAKI Official,320679686,488000,260
2025-11-24 14:42:47,UCRDJ3DN-6ND_a4LSJ35L91A,立川ちゃんねる,106083315,107000,637
2025-11-24 14:42:47,UCrKna8EQAd7NPRYq-gIsuow,ホロライ部【ホロライブ切り抜き】,69530642,37700,612
2025-11-24 14:42:47,UChUjERVG8eKEAJSCef-tTmg,k4sen / かせん,714915186,1020000,3056
2025-11-24 14:42:47,UC9Lx-zRFGfpuls27tNAOIqA,マエスケ,1539046282,1830000,1137
2025-11-24 14:42:47,UC15ebOqdhmvl1eb0s0jk5aw,戦極MCBATTLE,1331472299,847000,5372
2025-11-24 14:42:47,UCzXjPL7zo0bxhOYDxLJ9YEg,ポッキー,4095759975,3750000,4358
2025-11-24 14:42:47,UCOVLrBaOiMH5QDKXTycZ8Pw,やっちゃんの崖っぷちスロパチ生活,697953558,326000,5200
2025-11-24 14:42:47,UCoQhX2O93MVTWfgIz-8wOmg,KUNの50人クラフト,464130069,543000,1045
2025-11-24 14:42:47,UCB_qr75-ydFVKSF9Dmo6izg,FORMULA 1,8854977174,13700000,9398
2025-11-24 14:42:47,UCylNKKCfPMm8ROXasQWTonA,響咲リオナの足,3074800,6350,118
2025-11-24 13:47:18,UC15ebOqdhmvl1eb0s0jk5aw,戦極MCBATTLE,1331260243,847000,5372
2025-11-24 13:47:18,UCMGvmEqkVbl372DCyn3NLAw,【吹いたら負け】葛葉先生のしくじり【切り抜き】,180266137,136000,978
2025-11-24 13:47:18,UCxIK6x6sG7Ln5vjjPYpgeAw,Chogakusei Official,667393982,1010000,564
2025-11-24 13:47:18,UCILZFnKZJksR7zwhZbAB4vw,れじぇくん,1502521189,1170000,1427
2025-11-24 13:47:18,UCHD1jo5RhijLfx5-0Ehe_cg,&TEAM,466813545,1320000,1401
2025-11-24 13:47:18,UChUjERVG8eKEAJSCef-tTmg,k4sen / かせん,714915186,1020000,3055
2025-11-24 13:47:18,UCkKj-SiKyiFkj_dO1vmY3gA,加藤純一RECORDS,5031464,27700,81
2025-11-24 13:47:18,UCqQNCRSihFHVsXrDikNeYSg,げまじょが好き【にじさんじEXゲマズ切り抜き】,4316838,2290,117
2025-11-24 13:47:18,UCeK22JmzkTMa69kZU9NEqsA,めじの【Vtuber応援隊】,31261604,15100,534
2025-11-24 13:47:18,UCylNKKCfPMm8ROXasQWTonA,響咲リオナの足,2982407,6340,118
2025-11-24 13:47:18,UCy9GuRXGTm8TliQ-OJ7KwzA,【V.I.P】,977655202,978000,2492
2025-11-24 13:47:18,UCgmFrRcyH7d1zR9sIVQhFow,ローレン・イロアス / Lauren Iroas【にじさんじ】,395815244,952000,1046
2025-11-24 13:47:18,UCoQhX2O93MVTWfgIz-8wOmg,KUNの50人クラフト,464130069,543000,1045
2025-11-24 13:47:18,UCwJYQvXHtNn1c7RqED4E7MA,パンダドラゴン,44018394,92300,532
2025-11-24 13:47:18,UCYLp2FLXcqLUZhvrCxQmNIA,胡桃沢りりか,40707648,100000,2568
2025-11-24 13:47:18,UChVflUz2J_jaaqYjXqvpmQA,iLiFE!【あいらいふ】,243613485,483000,524
2025-11-24 13:47:18,UCAaGaynFpku5cAx6OOSrW-w,HoneyWorks OFFICIAL,1585662413,2850000,550
2025-11-24 13:47:18,UC__iCxFigPdcry_UBv6sDGw,IO,16107442,37900,13
2025-11-24 13:47:18,UCj4PjeVMnNTHIR5EeoNKPAw,ドズル社,4882854354,2560000,10204
2025-11-24 13:47:18,UC8eq3M3Yft3FUgxEX6lOZMg,chotokkyu - Topic,35609809,577,486
2025-11-24 13:47:18,UCCzUftO8KOVkV4wQG1vkUvg,Marine Ch. 宝鐘マリン,2033880549,4260000,1560
2025-11-24 13:47:18,UCDbUUremwf8k1x1GTYfB1Ng,ニート部クラフト,20165570,96600,125
2025-11-24 13:47:18,UCaO6TYtlC8U5ttz62hTrZgg,JYP Entertainment,25998680120,31500000,2636
2025-11-24 13:47:18,UCHVkYOT63gAz5yTxjo68_Ng,家スロットゲームパンダ’s ROOM@琉球🐼🪸,1197096,1690,75
2025-11-24 13:47:18,UCRDJ3DN-6ND_a4LSJ35L91A,立川ちゃんねる,106006008,107000,637
2025-11-24 13:47:18,UCOXOcEbERAwGlE4ig9MaLSQ,夜勤明けパチンコパチスロ実践記,275412565,166000,1622
2025-11-24 13:47:18,UC_DopZ9OANqNGho0wFwADqA,けいちゃん / Keichan,502697517,1270000,604
2025-11-24 13:47:18,UCLkAepWjdylmXSltofFvsYQ,BANGTANTV,26052132409,81700000,2933
2025-11-24 13:47:18,UCFvSFbT8okMrpuFxBEIB2lg,M!LK,88454378,10200,243
2025-11-24 13:47:18,UCHzevlEL9JfsBIm86uNCJqg,宮野真守,78718653,449000,329
2025-11-24 13:47:18,UCvo8JUqHh2d1QGnK3LKyI4Q,ポケモンユナイト公式チャンネル,31879195,139000,467
2025-11-24 13:47:18,UCBuLdF0tQn5oZjpvYWSQkaA,Liura Channel,91669125,206000,372
2025-11-24 13:47:18,UC3VId8brfshtHO6gMMqnZ5A,FLOW GLOW - Topic,305095,2190,5
2025-11-24 13:47:18,UCrKna8EQAd7NPRYq-gIsuow,ホロライ部【ホロライブ切り抜き】,69312048,37700,612
2025-11-24 13:47:18,UCBA-kvU_zYdKreZbhhywX2Q,あいずちゃんねる,147116475,57300,801
2025-11-24 13:47:18,UCBhPDpv9JavoPADrZcsAC2A,あらき-ARAKI Official,320679686,488000,260
2025-11-24 13:47:18,UCX7YkU9nEeaoZbkVLVajcMg,にじさんじ,1070286055,1870000,2822
2025-11-24 13:47:18,UCH-lygWpHodDff3iQurnWnQ,加藤純一切り抜き集,1717389147,580000,5439
2025-11-24 13:47:18,UCSFCh5NL4qXrAy9u-u2lX3g,Kuzuha Channel,1423176058,2100000,2814
2025-11-24 13:47:18,UCHazKLThRbMyMFu2bVAKhng,ウォーターチャレンジ,3126855512,3150000,2179
2025-11-24 13:47:18,UCvzGlP9oQwU--Y0r9id_jnA,Subaru Ch. 大空スバル,580673593,1950000,1893
2025-11-24 13:47:18,UCvaTdHTWBGv3MKj3KVqJVCw,Okayu Ch. 猫又おかゆ,626491070,2060000,1590
2025-11-24 13:47:18,UCZwcUEEjD8RVzB-TAw1ts3g,Eden - Topic,4104117,1570,37
2025-11-24 13:47:18,UCmovZ2th3Sqpd00F5RdeigQ,加賀美 ハヤト/Hayato Kagami,332409391,920000,1520
2025-11-24 13:47:18,UCv7VutirxDn3RWIJXI68n_A,＝LOVE（イコールラブ）公式チャンネル,466225819,553000,474
2025-11-24 13:47:18,UCzXjPL7zo0bxhOYDxLJ9YEg,ポッキー,4095502498,3750000,4358
2025-11-24 13:47:18,UC6qVAJzxF5kSN_UUFSdODiQ,MAZZEL - Topic,19064426,8260,57
2025-11-24 13:47:18,UC1DCedRgGHBdm81E1llLhOQ,Pekora Ch. 兎田ぺこら,1011534031,2740000,2339
2025-11-24 13:47:18,UC1FQWQ3y3-e8l1pCtWhJt5A,Vaundy,2295815134,2430000,226
2025-11-24 13:47:18,UCkVvAm5jb62IMIJQj4wPVGA,TMSアニメ公式チャンネル,378889162,897000,1147
2025-11-24 13:47:18,UCOVLrBaOiMH5QDKXTycZ8Pw,やっちゃんの崖っぷちスロパチ生活,697462469,326000,5200
2025-11-24 13:47:18,UC9zY_E8mcAo_Oq772LEZq8Q,THE FIRST TAKE,6254716369,11500000,1525
2025-11-24 13:47:18,UCOfESRUR5duQ2hMnTQ4oqhA,BUMP OF CHICKEN,1637208579,1590000,164
2025-11-24 13:47:18,UCB_qr75-ydFVKSF9Dmo6izg,FORMULA 1,8847496850,13700000,9398
2025-11-24 13:47:18,UC9Lx-zRFGfpuls27tNAOIqA,マエスケ,1538981467,1830000,1137
2025-11-24 13:47:18,UCDhOdoqPxv96djR3tSq9NoA,ショコラ大佐の秘密基地,147922654,138000,1743
2025-11-24 13:47:18,UC-hM6YJuNYVAmUWxeIr9FeA,Miko Ch. さくらみこ,889625882,2460000,2040
2025-11-25 19:50:49,UCqQNCRSihFHVsXrDikNeYSg,げまじょが好き【にじさんじEXゲマズ切り抜き】,4469282,2330,117
2025-11-25 19:50:49,UCv7VutirxDn3RWIJXI68n_A,＝LOVE（イコールラブ）公式チャンネル,466225819,555000,474
2025-11-25 19:50:49,UCwJYQvXHtNn1c7RqED4E7MA,パンダドラゴン,44018394,92300,532
2025-11-25 19:50:49,UCXURHJRGr4-EB3l87kcbElw,NCT DREAM,2300999800,7000000,1311
2025-11-25 19:50:49,UCv2ejD5B1xOYtGB2cf80B8g,Netflix Japan,1980081923,2300000,7750
2025-11-25 19:50:49,UCpGpA7mSYmNJjLiJxKso5QA,しもふりチューブ,1782706599,2160000,3020
2025-11-25 19:50:49,UCc-PPk-lNe34JaWCcJQCL0g,ドコムスチャンネル,540356662,593000,2021
2025-11-25 19:50:49,UC__iCxFigPdcry_UBv6sDGw,IO,16107442,38000,13
2025-11-25 19:50:49,UC15ebOqdhmvl1eb0s0jk5aw,戦極MCBATTLE,1331994946,847000,5380
2025-11-25 19:50:49,UCMGvmEqkVbl372DCyn3NLAw,【吹いたら負け】葛葉先生のしくじり【切り抜き】,180452214,136000,978
2025-11-25 19:50:49,UCPVr7clenPjpD7WNsSI3UBQ,レトルト,2877943743,2590000,3850
2025-11-25 19:50:49,UCyTaStlK0neSuKveYOIioaw,ぐんぐにるチャンネル,274988063,426000,446
2025-11-25 19:50:49,UC0ux2IFOXkj6ifQ4aSs9l7Q,大月【おおつき】,14724261,17400,1217
2025-11-25 19:50:49,UC5vqbtNnbOF2h7A_xlrIPUw,ぽっぴんず,916217219,630000,1052
2025-11-25 19:50:49,UCCzUftO8KOVkV4wQG1vkUvg,Marine Ch. 宝鐘マリン,2033880549,4260000,1560
2025-11-25 19:50:49,UCdCC1L_OxLrkoEjR19iXpRw,パチスロードch,135399941,75600,813
2025-11-25 19:50:49,UCSFCh5NL4qXrAy9u-u2lX3g,Kuzuha Channel,1424950504,2100000,2818
2025-11-25 19:50:49,UCMF_5h2OejEhVorTB02UUSg,MAZZEL,240478072,283000,721
2025-11-25 19:50:49,UC3J-txytRWiRtNXrLS95eEw,ASIAN KUNG-FU GENERATION Official YouTube Channel,608265861,788000,281
2025-11-25 19:50:49,UC6FadPgGviUcq6VQ0CEJqdQ,Juice=Juice,162049064,249000,280
2025-11-25 19:50:49,UCt09C9DPSuOGpHoitbcyCIQ,ゼンレスゾーンゼロ-ZZZ-公式,229080119,754000,427
2025-11-25 19:50:49,UCeK22JmzkTMa69kZU9NEqsA,めじの【Vtuber応援隊】,31679001,15100,537
2025-11-25 19:50:49,UCENoC6MLc4pL-vehJyzSWmg,もこうの実況,1735813242,1600000,5785
2025-11-25 19:50:49,UCVh47EKH9VLresRqiYi9txw,Mili,608668101,1000000,117
2025-11-25 19:50:49,UCooVYzDxdwTtGYAkcPmOgOw,Brawl Stars,4000176799,23200000,370
2025-11-25 19:50:49,UC1FQWQ3y3-e8l1pCtWhJt5A,Vaundy,2295815134,2430000,226
2025-11-25 19:50:49,UC8eq3M3Yft3FUgxEX6lOZMg,chotokkyu - Topic,35707175,577,486
2025-11-25 19:50:49,UCvo8JUqHh2d1QGnK3LKyI4Q,ポケモンユナイト公式チャンネル,31943421,139000,467
2025-11-25 19:50:49,UCHazKLThRbMyMFu2bVAKhng,ウォーターチャレンジ,3128753022,3150000,2180
2025-11-25 19:50:49,UCJy7zfLsKBXoo2soFMum7JQ,あかさかの箱,1289314809,2620000,2687
2025-11-25 19:50:49,UCmovZ2th3Sqpd00F5RdeigQ,加賀美 ハヤト/Hayato Kagami,332409391,921000,1520
2025-11-25 19:50:49,UC_vMYWcDjmfdpH6r4TTn1MQ,Iroha ch. 風真いろは - holoX -,262723246,1130000,1051
2025-11-25 19:50:49,UCdkVEDVAW5aFmA-Mkz0lAFQ,ひたまゆ。,466225947,410000,2791
2025-11-25 19:50:49,UCH-lygWpHodDff3iQurnWnQ,加藤純一切り抜き集,1718446841,580000,5439
2025-11-25 19:50:49,UCXEo7JprZQGCPkezcZylHlQ,黒炭酸,152018395,201000,1757
2025-11-25 19:50:49,UC070fhnqq38qNhqHm5rxTcQ,令和ちゃんねる,428112546,506000,3624
2025-11-25 19:50:49,UChn5TjkeEqd-JxzizMVSkOw,ハヤトの野望,1034602930,1510000,2415
2025-11-25 19:50:49,UCvzGlP9oQwU--Y0r9id_jnA,Subaru Ch. 大空スバル,580850595,1950000,1893
2025-11-25 19:50:49,UCoQhX2O93MVTWfgIz-8wOmg,KUNの50人クラフト,464951451,543000,1047
2025-11-25 19:50:49,UCtPyU9cJgvvgH03PQKgaucA,ファミ通TUBE,182954660,208000,8151
2025-11-25 19:50:49,UCYLp2FLXcqLUZhvrCxQmNIA,胡桃沢りりか,40910955,100000,2568
2025-11-25 19:50:49,UCNVIo0UJXTdEnsRkCB9Q03w,ILLIT - Topic,562318404,57700,59
2025-11-25 19:50:49,UCRDJ3DN-6ND_a4LSJ35L91A,立川ちゃんねる,106288438,107000,639
2025-11-25 19:50:49,UCGjV4bsC43On-YuiLZcfL0w,KUN,3388459623,1660000,11231
2025-11-25 19:50:49,UChUjERVG8eKEAJSCef-tTmg,k4sen / かせん,716283754,1020000,3062
2025-11-25 19:50:49,UCkVvAm5jb62IMIJQj4wPVGA,TMSアニメ公式チャンネル,379415080,898000,1145
2025-11-25 19:50:49,UCX7YkU9nEeaoZbkVLVajcMg,にじさんじ,1071275897,1870000,2825
2025-11-25 19:50:49,UCAaGaynFpku5cAx6OOSrW-w,HoneyWorks OFFICIAL,1601855248,2850000,550
2025-11-25 19:50:49,UC9rMiEjNaCSsebs31MRDCRA,Stray Kids,9673395528,22200000,1871
2025-11-25 19:50:49,UCvaTdHTWBGv3MKj3KVqJVCw,Okayu Ch. 猫又おかゆ,626491070,2060000,1591
2025-11-25 19:50:49,UClNdVSK1uy2xFHTaXZYXopw,らっだぁ,1817433175,1450000,2340
2025-11-25 19:50:49,UCBuLdF0tQn5oZjpvYWSQkaA,Liura Channel,91964482,206000,374
2025-11-25 19:50:49,UCPJCP_fon2mOMfibbBPUOYw,SAWAYAN GAMES / サワヤン ゲームズ,1298369889,2070000,3416
2025-11-25 19:50:49,UCAWxPGGuIfWME2KTLUmSCHw,ぱかチューブっ!【ウマ娘公式】,514883442,1310000,1288
2025-11-25 19:50:49,UCZ1xuCK1kNmn5RzPYIZop3w,リゼ・ヘルエスタ -Lize Helesta-,299001750,957000,1089
2025-11-25 19:50:49,UCHghNZNbV-CPbb_f3FslObw,がんばるぴえんちゃんパチンコ日記,80262292,100000,1529
2025-11-25 19:50:49,UCxIK6x6sG7Ln5vjjPYpgeAw,Chogakusei Official,667393982,1010000,564
2025-11-25 19:50:49,UCHVkYOT63gAz5yTxjo68_Ng,家スロットゲームパンダ’s ROOM@琉球🐼🪸,1200416,1690,76
2025-11-25 19:50:49,UCZMRuagdTBKmmrFtSMN48Xw,牛沢,2664148445,1800000,3739
2025-11-25 19:50:49,UCXqWKjzm2YMH6Bs7rAmsKFw,福本大晴,7285544,89700,144
2025-11-25 19:50:49,UCHD1jo5RhijLfx5-0Ehe_cg,&TEAM,466813545,1320000,1404
2025-11-25 19:50:49,UCYXmyrGUVL8tX7VEvo_DjPw,シャル@ツモらせ隊,83052972,178000,898
2025-11-25 19:50:49,UCj4PjeVMnNTHIR5EeoNKPAw,ドズル社,4893163285,2560000,10207
2025-11-25 19:50:49,UCx1nAvtVDIsaGmCMSe8ofsQ,加藤純一【jun channel】,1136806839,1280000,1834
2025-11-25 19:50:49,UCHzevlEL9JfsBIm86uNCJqg,宮野真守,78718653,449000,329
2025-11-25 19:50:49,UC_DopZ9OANqNGho0wFwADqA,けいちゃん / Keichan,502697517,1270000,605
2025-11-25 19:50:49,UCaO6TYtlC8U5ttz62hTrZgg,JYP Entertainment,26010005047,31500000,2638
2025-11-25 19:50:49,UCLkAepWjdylmXSltofFvsYQ,BANGTANTV,26052132409,81700000,2933
2025-11-25 19:50:49,UCtyXllCXnTAg4rjfI3UwIgA,しょうちゃんネル,298495773,138000,1546
2025-11-25 19:50:49,UCIJAlAYCNN8RACtDDsy9K6g,Novelbright,646175482,733000,319
2025-11-25 19:50:49,UC3IZKseVpdzPSBaWxBxundA,HYBE LABELS,42502703726,79100000,2929
2025-11-25 19:50:49,UCZwcUEEjD8RVzB-TAw1ts3g,Eden - Topic,4184148,1700,38
2025-11-25 19:50:49,UCcz2Y1yhR42UxbFwvPFGCmA,きっしー助六ちゃんねる,75760244,61500,939
2025-11-25 19:50:49,UCc-itdQHxLvUlPrDxIiSJrA,INI,748068954,652000,1266
2025-11-25 19:50:49,UCBhPDpv9JavoPADrZcsAC2A,あらき-ARAKI Official,320679686,488000,260
2025-11-25 19:50:49,UC3VId8brfshtHO6gMMqnZ5A,FLOW GLOW - Topic,336999,2190,5
2025-11-25 19:50:49,UCDhOdoqPxv96djR3tSq9NoA,ショコラ大佐の秘密基地,148259588,138000,1744
2025-11-25 19:50:49,UC-ifW8mHzfsZVGHY8vxqrjA,A.B.C-Z,59464169,54500,437
2025-11-25 19:50:49,UCOTR1tcOAhjgi6YukrPpZxg,まふまふちゃんねる,2480967798,3610000,511
2025-11-25 19:50:49,UCjcYYjM16TFOPXDjWgzHiHA,超覚醒てえんだ「スロパチ生放送」,87200756,140000,571
2025-11-25 19:50:49,UC-hM6YJuNYVAmUWxeIr9FeA,Miko Ch. さくらみこ,889625882,2460000,2041
2025-11-25 19:50:49,UCUzpZpX2wRYOk3J8QTFGxDg,乃木坂46 OFFICIAL YouTube CHANNEL,1610447858,1730000,1168
2025-11-25 19:50:49,UC7aYDbAOIKIMt25ENfJ68Qw,ルカ,118589990,120000,2125
2025-11-25 19:50:49,UCILZFnKZJksR7zwhZbAB4vw,れじぇくん,1502874244,1170000,1428
2025-11-25 19:50:49,UCylNKKCfPMm8ROXasQWTonA,響咲リオナの足,3145428,6670,121
2025-11-25 19:50:49,UCqKNMJ5s_vsf7WkesdBrvQA,IS:SUE,87680204,220000,767
2025-11-25 19:50:49,UCy9GuRXGTm8TliQ-OJ7KwzA,【V.I.P】,977997693,978000,2494
2025-11-25 19:50:49,UCEfbtVOJgicdHjs5HzOzJlA,ぱち・スロ部,3584119,1760,302
2025-11-25 19:50:49,UCOVLrBaOiMH5QDKXTycZ8Pw,やっちゃんの崖っぷちスロパチ生活,698612534,326000,5202
2025-11-25 19:50:49,UC56x--_QtyaWD1QptYrPMqA,刀剣乱舞 公式チャンネル,9433224,131000,116
2025-11-25 19:50:49,UCH4yRBPH2pDUjPeqomx8CTQ,てるとくん,547863906,1330000,1893
2025-11-25 19:50:49,UC1DCedRgGHBdm81E1llLhOQ,Pekora Ch. 兎田ぺこら,1012010136,2740000,2341
2025-11-25 19:50:49,UC6qVAJzxF5kSN_UUFSdODiQ,MAZZEL - Topic,19200719,8260,57
2025-11-25 19:50:49,UCOXOcEbERAwGlE4ig9MaLSQ,夜勤明けパチンコパチスロ実践記,275529687,166000,1622
2025-11-25 19:50:49,UCEf_Bc-KVd7onSeifS3py9g,SMTOWN,32595925805,33500000,4640
2025-11-25 19:50:49,UC9Lx-zRFGfpuls27tNAOIqA,マエスケ,1540679756,1830000,1137
2025-11-25 19:50:49,UC14QT5j2nQI8lKBCGtrrBQA,アニプレックス チャンネル,4301336548,3720000,15424
2025-11-25 19:50:49,UC8rk-fIWJXYlSF8tkfG9wWg,天色鮫,66455197,192000,132
2025-11-25 19:50:49,UC7wu64jFsV02bbu6UHUd7JA,ガンダムチャンネル,412066551,1670000,1654
2025-11-25 19:50:49,UCB_qr75-ydFVKSF9Dmo6izg,FORMULA 1,8859878986,13700000,9402
2025-11-25 19:50:49,UCgmFrRcyH7d1zR9sIVQhFow,ローレン・イロアス / Lauren Iroas【にじさんじ】,396542080,953000,1047
2025-11-25 19:50:49,UCOjkVJQcjtWnpf0-1ft4brA,ゆっくりむちゃたぬき,209880141,352000,423
2025-11-25 19:50:49,UCWvr04hMa4k4wSilYcQ4qoA,キャベツの人【ゲーム紹介】,252884397,418000,971
2025-11-25 19:50:49,UCrKna8EQAd7NPRYq-gIsuow,ホロライ部【ホロライブ切り抜き】,69865886,37800,613
2025-11-25 19:50:49,UChhKBlh_wvspTh5n4mL0b5g,BOYNEXTDOOR,1153888296,2060000,2193
2025-11-25 19:50:49,UC9zY_E8mcAo_Oq772LEZq8Q,THE FIRST TAKE,6257669369,11500000,1526
2025-11-25 19:50:49,UCJnL-TBcsYrF2SLs7tmiC8Q,tripleS official,678132684,2880000,3048
2025-11-25 19:50:49,UCp_Az_oKu8-J5qIQpF35JbA,やわらちゃんねる,192798340,279000,862
2025-11-25 19:50:49,UCkKj-SiKyiFkj_dO1vmY3gA,加藤純一RECORDS,5125700,28500,81
2025-11-25 19:50:49,UCzXjPL7zo0bxhOYDxLJ9YEg,ポッキー,4096288405,3750000,4358
2025-11-25 19:50:49,UCN7_YMtKaUiizHpw77XLVcw,EXILE,188358177,14600,307
2025-11-25 19:50:49,UCKU0SVkIPRqwiZaXJ9rXhdw,シュート。,216368438,256000,2333
2025-11-25 19:50:49,UCBA-kvU_zYdKreZbhhywX2Q,あいずちゃんねる,147494513,57400,803
2025-11-25 19:50:49,UChVflUz2J_jaaqYjXqvpmQA,iLiFE!【あいらいふ】,246311299,484000,529
2025-11-25 19:50:49,UCqMRVBz-hhSFRuqlL1guqig,あひるだっく,51933932,127000,89
2025-11-25 19:50:49,UCOfESRUR5duQ2hMnTQ4oqhA,BUMP OF CHICKEN,1637208579,1590000,164
2025-11-25 19:50:49,UCUW6U6iOrntB0jw6-AbQo8g,RED Games,250066787,209000,3564
2025-11-25 19:50:49,UCDwcZ85zjLKD-3-jqlv1wQQ,アンジュルム,213864061,229000,368
2025-11-25 19:50:49,UCeA0fcfLVewbuD7H5YsrpdA,ライキジョーンズ,118626164,146000,3389
2025-11-25 19:50:49,UCFvSFbT8okMrpuFxBEIB2lg,M!LK,89055255,10300,243
2025-11-25 19:50:49,UCYA14rrNjvQq_P_YSNeJHgA,スロライブ,89748736,46500,893
2025-11-25 19:50:49,UC-_iQWdEZY66nGGaHH0Ygmg,僕が見たかった青空,52805973,122000,498
2025-11-25 19:50:49,UCqeAYB1DMzfM-hG-Up52yNQ,つるおかかものはし,370934217,387000,3607
2025-11-25 19:50:49,UCDbUUremwf8k1x1GTYfB1Ng,ニート部クラフト,20293991,96900,125
2025-11-25 19:50:49,UCMJiPpN_09F0aWpQrgbc_qg,キヨ。,6529096807,5480000,3083
2025-11-25 19:50:49,UCtKBQ2BYD76GiJvcpZOBorg,えいま,11402824,13500,346
2025-11-25 19:50:49,UCdVD0MsYecQaIE5Ru-pOIQQ,RIIZE,1015326967,1870000,1375
