daytime,video_id,view_count,like_count,favorite_count,comment_count
2025-11-25 06:33:42,FFXSoSl_lGg,83965,4310,0,167
2025-11-25 06:33:42,oslNxV_8Q2c,242212,10356,0,112
2025-11-25 06:33:42,taSKSaq5qh8,229934,3944,0,24
2025-11-25 06:33:42,x_RYZsOfpKY,6645641,195578,0,13255
2025-11-25 06:33:42,vpXtzSpyV_8,175572,13372,0,689
2025-11-25 06:33:42,hXKJ0gHYQ6E,48088,268,0,17
2025-11-25 06:33:42,m0HhR1k9JEw,87564,199,0,4
2025-11-25 06:33:42,WsLcF1ojgFU,25057,2258,0,312
2025-11-25 06:33:42,zupf7Kwx6v4,128156,2612,0,171
2025-11-25 06:33:42,XtTT5XdZVpw,59954,3491,0,177
2025-11-25 06:33:42,AmQXv7Pyqvw,71597,935,0,8
2025-11-25 06:33:42,l57EJ_eLsIc,66575,868,0,367
2025-11-25 06:33:42,ygIwtR2txaw,172880,7759,0,230
2025-11-25 06:33:42,6mP-mEHEQcw,103639,6784,0,1005
2025-11-25 06:33:42,4-6IONBWRMQ,94286,1521,0,31
2025-11-25 06:33:42,QRTGKxrKBPM,348057,35502,0,960
2025-11-25 06:33:42,2HwsSTLuA8A,133402,3948,0,447
2025-11-25 06:33:42,BT4XRgmCjjQ,202985,,0,23
2025-11-25 06:33:42,KSha-fc5EhA,92636,524,0,0
2025-11-25 06:33:42,dCmNVtLsYzA,142912,7754,0,439
2025-11-25 06:33:42,MarWse2JmWU,285710,3302,0,22
2025-11-25 06:33:42,IW14wQJKSC4,80571,3759,0,143
2025-11-25 06:33:42,h09ng9lTOEM,167429,1506,0,6
2025-11-25 06:33:42,nDeKfR5iBxY,695362,33288,0,1329
2025-11-25 06:33:42,sgi_eji-ysM,260981,5326,0,63
2025-11-25 06:33:42,oLY17RG3OMI,209738,3911,0,247
2025-11-25 06:33:42,jRgzfKDTI7g,388005,10257,0,324
2025-11-25 06:33:42,UF4n5zmzx9A,160364,4204,0,242
2025-11-25 06:33:42,HIE0fSPuvLY,167402,812,0,19
2025-11-25 06:33:42,7bqePXphj2g,68944,8979,0,974
2025-11-25 06:33:42,4oml768wFnk,28127,2869,0,153
2025-11-25 06:33:42,tPMkWfK6N-E,86816,8917,0,459
2025-11-25 06:33:42,TVqEwvbZP30,1113994,75205,0,6124
2025-11-25 06:33:42,KO6gxf8vXJQ,228636,526,0,1
2025-11-25 06:33:42,qIXl45sU0wk,108549,2650,0,20
2025-11-25 06:33:42,ayjRv2g2UqY,351253,17939,0,764
2025-11-25 06:33:42,JUYQapYmw74,119333,1401,0,2
2025-11-25 06:33:42,Pzqzy2ZIcLI,163667,9199,0,39
2025-11-25 06:33:42,04-csl0RRJc,45622,961,0,234
2025-11-25 06:33:42,xuL1CDdhsOg,210509,2082,0,0
2025-11-25 06:33:42,81QYAxvO3Ik,114413,15277,0,1004
2025-11-25 06:33:42,dqMImJF-rgA,71807,2815,0,272
2025-11-25 06:33:42,cVL4bRjA6X0,192239,25763,0,1037
2025-11-25 06:33:42,DG4ax7ec64o,502013,6028,0,285
2025-11-25 06:33:42,6hIKI8RZ1ys,418399,6940,0,16
2025-11-25 06:33:42,Yy2ZovGi-Uk,339730,9206,0,134
2025-11-25 06:33:42,nbzmTUB-FCs,14159,1166,0,186
2025-11-25 06:33:42,9XNqe5r8xHI,413324,5897,0,23
2025-11-25 06:33:42,dhzVHS8C_nc,82127,486,0,0
2025-11-25 06:33:42,wUGh03rLZbY,92803,3210,0,243
2025-11-25 06:33:42,tk9FDjJd6zM,22276,498,0,59
2025-11-25 06:33:42,599nhYHHvQo,103169,845,0,0
2025-11-25 06:33:42,gYEhRoknpZQ,76097,803,0,153
2025-11-25 06:33:42,W3eUZa56o0s,189763,3501,0,1370
2025-11-25 06:33:42,xcqjxAXsbHU,469669,25574,0,1134
2025-11-25 06:33:42,uQc-pW3QLuI,6484134,119770,0,5085
2025-11-25 06:33:42,k1yXf4L5bnc,86059,2254,0,141
2025-11-25 06:33:42,5ftlnz91DaM,105934,7505,0,408
2025-11-25 06:33:42,x15pDRtzYno,54944,1018,0,153
2025-11-25 06:33:42,llAI08UYyAw,1320919,263889,0,9350
2025-11-25 06:33:42,s5dFrPwvbHY,80960,18443,0,1219
2025-11-25 06:33:42,VhzqSrscVP8,103437,4810,0,346
2025-11-25 06:33:42,G36amiUCkXU,127466,17291,0,3138
2025-11-25 06:33:42,I9U5JRfZ4bA,24805,795,0,133
2025-11-25 06:33:42,koeM_jz4CdM,251326,10750,0,1184
2025-11-25 06:33:42,KDC-EOsNzAg,78141,14717,0,458
2025-11-25 06:33:42,UFozBQrnmII,748668,24704,0,394
2025-11-25 06:33:42,QJpTBz916MI,913387,100959,0,2781
2025-11-25 06:33:42,vMg1KAFAKiY,760467,144576,0,8040
2025-11-25 06:33:42,ANU0lVGfWyo,173040,22443,0,1837
2025-11-25 06:33:42,IcWvUlwcKAI,6868,1541,0,125
2025-11-25 06:33:42,YMxjZF3gtoM,147292,9192,0,574
2025-11-25 06:33:42,UfVkyXaTGcs,109064,3482,0,77
2025-11-25 06:33:42,gSXQd_5ht0E,354574,20237,0,971
2025-11-25 06:33:42,f8aS4qwuO7k,138321,8296,0,65
2025-11-25 06:33:42,0-74AHbFWic,125830,10837,0,619
2025-11-25 06:33:42,uOZRP1-dvhA,152152,1581,0,136
2025-11-25 06:33:42,L6tkKvVCs0Y,136871,9687,0,509
2025-11-25 06:33:42,4l9Ni3tjbwM,1051686,11959,0,118
2025-11-25 06:33:42,tmVYOETfA10,19996,2217,0,66
2025-11-25 06:33:42,ZXrcsNlbtgs,104885,915,0,0
2025-11-25 06:33:42,qJvjFBhQ6vQ,96260,1616,0,50
2025-11-25 06:33:42,4Ddbjkyy2C0,118329,840,0,0
2025-11-25 06:33:42,MRYXsF2lblY,114430,14474,0,796
2025-11-25 06:33:42,dolefeooLzc,255440,4662,0,315
2025-11-25 06:33:42,SWdjfMIkQCg,91151,1584,0,126
2025-11-25 06:33:42,LUQ28DBF7EU,139023,3587,0,299
2025-11-25 06:33:42,GxXpkps21Kc,278065,12457,0,151
2025-11-25 06:33:42,_6xcFXlJcX8,90320,985,0,32
2025-11-25 06:33:42,VXsWwTTgt78,246358,11657,0,71
2025-11-25 06:33:42,yxXNIzrfPNQ,63765,5251,0,725
2025-11-25 06:33:42,IZ9kqxCDvAs,562633,26666,0,1808
2025-11-25 06:33:42,TAL-HXKac80,1880377,58952,0,1932
2025-11-25 06:33:42,SdVBuVm_Sw8,94477,700,0,0
2025-11-25 06:33:42,8j4RM-bBYvA,8433,926,0,288
2025-11-25 06:33:42,7gDl4S3wB14,404583,7464,0,743
2025-11-25 06:33:42,dx4XsqUGm10,82589,13128,0,1077
2025-11-25 06:33:42,fiG_T-0zFT8,404711,28448,0,1407
2025-11-25 06:33:42,zLfnSXg0jKg,71310,2207,0,106
2025-11-25 06:33:42,snH3HQSF7Ew,212298,3617,0,667
2025-11-25 06:33:42,j-4AHlLg9XA,,107,0,0
2025-11-25 06:33:42,Aj8AmqTQkAs,77902,969,0,54
2025-11-25 06:33:42,PJyQaQosJpk,60934,792,0,0
2025-11-25 06:33:42,yRhin7unPeI,118911,4060,0,426
2025-11-25 06:33:42,24VDsNgWNfw,79171,423,0,1
2025-11-25 06:33:42,NED7nev2ywQ,34663848,1288169,0,123238
2025-11-25 06:33:42,kuetvJE_C_U,149031,3936,0,66
2025-11-25 06:33:42,4Xt_hR0KNvY,52914,6982,0,1425
2025-11-25 06:33:42,6L7xTio0QyY,54391,4678,0,468
2025-11-25 06:33:42,QebVV6D641k,204676,1086,0,719
2025-11-25 06:33:42,S3Q33-4q1xo,76510,1003,0,74
2025-11-25 06:33:42,-3TOkp_6gRQ,468203,9022,0,67
2025-11-25 06:33:42,OWpLhNyqeqg,27987,3218,0,358
2025-11-25 06:33:42,xZFWSWcQ3As,88322,1041,0,64
2025-11-25 06:33:42,kCnD_dMyJ3M,46036,2179,0,0
2025-11-25 06:33:42,oVwGURkvEq4,129622,1676,0,641
2025-11-25 06:33:42,-dfR8iYqwK4,124860,2619,0,417
2025-11-25 06:33:42,DOmdfYIPBXE,287962,2720,0,83
2025-11-25 06:33:42,IftQ9zQ06-0,47627,1018,0,131
2025-11-25 06:33:42,ex7ieF2B09A,126854,2282,0,119
2025-11-25 06:33:42,lUHLwBOY04I,117799,13204,0,284
2025-11-25 00:43:00,ygIwtR2txaw,133578,7219,0,216
2025-11-25 00:43:00,gSXQd_5ht0E,308681,20042,0,964
2025-11-25 00:43:00,dolefeooLzc,228128,4484,0,305
2025-11-25 00:43:00,lUHLwBOY04I,109167,12476,0,279
2025-11-25 00:43:00,4Xt_hR0KNvY,32533,6218,0,1327
2025-11-25 00:43:00,04-csl0RRJc,38301,920,0,210
2025-11-25 00:43:00,zupf7Kwx6v4,125212,2587,0,170
2025-11-25 00:43:00,m0HhR1k9JEw,87456,199,0,4
2025-11-25 00:43:00,IcWvUlwcKAI,6027,1469,0,123
2025-11-25 00:43:00,MRYXsF2lblY,84988,12983,0,729
2025-11-25 00:43:00,9XNqe5r8xHI,414073,5873,0,23
2025-11-25 00:43:00,S3Q33-4q1xo,59952,929,0,71
2025-11-25 00:43:00,nDeKfR5iBxY,671444,32506,0,1306
2025-11-25 00:43:00,dCmNVtLsYzA,124711,6968,0,403
2025-11-25 00:43:00,dqMImJF-rgA,58855,2787,0,268
2025-11-25 00:43:00,tk9FDjJd6zM,19912,478,0,53
2025-11-25 00:43:00,koeM_jz4CdM,205920,10026,0,1071
2025-11-25 00:43:00,oslNxV_8Q2c,247631,10332,0,112
2025-11-25 00:43:00,snH3HQSF7Ew,207663,3592,0,663
2025-11-25 00:43:00,nbzmTUB-FCs,13500,1160,0,186
2025-11-25 00:43:00,tmVYOETfA10,17233,2007,0,64
2025-11-25 00:43:00,NED7nev2ywQ,33682473,1275445,0,121361
2025-11-25 00:43:00,TAL-HXKac80,846398,40046,0,1506
2025-11-25 00:43:00,DG4ax7ec64o,477288,5918,0,285
2025-11-25 00:43:00,IZ9kqxCDvAs,542223,26399,0,1793
2025-11-25 00:43:00,yRhin7unPeI,97482,3808,0,408
2025-11-25 00:43:00,uQc-pW3QLuI,6268315,117189,0,5042
2025-11-25 00:43:00,LUQ28DBF7EU,126665,3506,0,295
2025-11-25 00:43:00,_6xcFXlJcX8,85240,957,0,32
2025-11-25 00:43:00,W3eUZa56o0s,188108,3488,0,1366
2025-11-25 00:43:00,QJpTBz916MI,889730,100126,0,2766
2025-11-25 00:43:00,KSha-fc5EhA,92409,525,0,0
2025-11-25 00:43:00,WsLcF1ojgFU,18435,2082,0,291
2025-11-25 00:43:00,jRgzfKDTI7g,374832,10138,0,320
2025-11-25 00:43:00,VXsWwTTgt78,251933,11611,0,70
2025-11-25 00:43:00,L6tkKvVCs0Y,39081,8533,0,471
2025-11-25 00:43:00,4oml768wFnk,26489,2832,0,151
2025-11-25 00:43:00,vMg1KAFAKiY,647795,132489,0,7556
2025-11-25 00:43:00,KDC-EOsNzAg,53093,12681,0,402
2025-11-25 00:43:00,ayjRv2g2UqY,323358,17660,0,755
2025-11-25 00:43:00,UF4n5zmzx9A,150686,4105,0,236
2025-11-25 00:43:00,llAI08UYyAw,857476,210817,0,8329
2025-11-25 00:43:00,k1yXf4L5bnc,75709,2165,0,136
2025-11-25 00:43:00,4-6IONBWRMQ,91642,1502,0,31
2025-11-25 00:43:00,IftQ9zQ06-0,35260,897,0,106
2025-11-25 00:43:00,fiG_T-0zFT8,394129,28227,0,1405
2025-11-25 00:43:00,QRTGKxrKBPM,334567,35145,0,956
2025-11-25 00:43:00,6hIKI8RZ1ys,429009,6942,0,16
2025-11-25 00:43:00,JUYQapYmw74,119033,1400,0,2
2025-11-25 00:43:00,-3TOkp_6gRQ,472507,8944,0,64
2025-11-25 00:43:00,xuL1CDdhsOg,218021,2080,0,0
2025-11-25 00:43:00,5ftlnz91DaM,97126,7183,0,398
2025-11-25 00:43:00,AmQXv7Pyqvw,83861,935,0,8
2025-11-25 00:43:00,x15pDRtzYno,52494,988,0,151
2025-11-25 00:43:00,8j4RM-bBYvA,6411,865,0,280
2025-11-25 00:43:00,oLY17RG3OMI,194109,3755,0,241
2025-11-25 00:43:00,oVwGURkvEq4,124851,1659,0,636
2025-11-25 00:43:00,yxXNIzrfPNQ,59784,5154,0,708
2025-11-25 00:43:00,6L7xTio0QyY,35216,4641,0,467
2025-11-25 00:43:00,ANU0lVGfWyo,104840,16746,0,1483
2025-11-25 00:43:00,UFozBQrnmII,753047,24609,0,386
2025-11-25 00:43:00,BT4XRgmCjjQ,201498,,0,22
2025-11-25 00:43:00,4l9Ni3tjbwM,1060667,11932,0,115
2025-11-25 00:43:00,YMxjZF3gtoM,87639,7764,0,513
2025-11-25 00:43:00,FFXSoSl_lGg,77072,4226,0,167
2025-11-25 00:43:00,I9U5JRfZ4bA,23448,785,0,133
2025-11-25 00:43:00,7gDl4S3wB14,401054,7437,0,741
2025-11-25 00:43:00,gYEhRoknpZQ,53268,689,0,143
2025-11-25 00:43:00,G36amiUCkXU,70470,15451,0,2816
2025-11-25 00:43:00,kCnD_dMyJ3M,41292,2092,0,0
2025-11-25 00:43:00,h09ng9lTOEM,172040,1504,0,6
2025-11-25 00:43:00,uOZRP1-dvhA,144713,1522,0,134
2025-11-25 00:43:00,IW14wQJKSC4,78048,3735,0,143
2025-11-25 00:43:00,6mP-mEHEQcw,82036,6115,0,886
2025-11-25 00:43:00,OWpLhNyqeqg,17286,2894,0,327
2025-11-25 00:43:00,SWdjfMIkQCg,50868,1382,0,111
2025-11-25 00:43:00,KO6gxf8vXJQ,228908,527,0,1
2025-11-25 00:43:00,qJvjFBhQ6vQ,63456,1427,0,42
2025-11-25 00:43:00,hXKJ0gHYQ6E,47958,268,0,17
2025-11-25 00:43:00,Aj8AmqTQkAs,75120,942,0,53
2025-11-25 00:43:00,tPMkWfK6N-E,82941,8724,0,451
2025-11-25 00:43:00,xZFWSWcQ3As,81786,989,0,62
2025-11-25 00:43:00,dx4XsqUGm10,52034,11954,0,1000
2025-11-25 00:43:00,ex7ieF2B09A,99252,1985,0,104
2025-11-25 00:43:00,2HwsSTLuA8A,131729,3897,0,444
2025-11-25 00:43:00,SdVBuVm_Sw8,94560,702,0,0
2025-11-25 00:43:00,vpXtzSpyV_8,110795,10023,0,565
2025-11-25 00:43:00,Yy2ZovGi-Uk,339774,9183,0,132
2025-11-25 00:43:00,VhzqSrscVP8,82619,4494,0,329
2025-11-25 00:43:00,x_RYZsOfpKY,3422060,154728,0,11191
2025-11-25 00:43:00,dhzVHS8C_nc,82167,486,0,0
2025-11-25 00:43:00,f8aS4qwuO7k,131716,8140,0,62
2025-11-25 00:43:00,XtTT5XdZVpw,42519,3221,0,161
2025-11-25 00:43:00,qIXl45sU0wk,107011,2612,0,19
2025-11-25 00:43:00,TVqEwvbZP30,439396,65994,0,5421
2025-11-25 00:43:00,HIE0fSPuvLY,167510,812,0,19
2025-11-25 00:43:00,DOmdfYIPBXE,287575,2717,0,83
2025-11-25 00:43:00,UfVkyXaTGcs,66241,2963,0,64
2025-11-25 00:43:00,81QYAxvO3Ik,86313,13684,0,912
2025-11-25 00:43:00,24VDsNgWNfw,78612,421,0,1
2025-11-25 00:43:00,wUGh03rLZbY,84695,3127,0,239
2025-11-25 00:43:00,ZXrcsNlbtgs,104929,915,0,0
2025-11-25 00:43:00,sgi_eji-ysM,261384,5300,0,63
2025-11-25 00:43:00,599nhYHHvQo,102626,843,0,0
2025-11-25 00:43:00,QebVV6D641k,194063,1048,0,695
2025-11-25 00:43:00,MarWse2JmWU,296563,3303,0,20
2025-11-25 00:43:00,Pzqzy2ZIcLI,165050,9107,0,35
2025-11-25 00:43:00,0-74AHbFWic,120424,10711,0,609
2025-11-25 00:43:00,kuetvJE_C_U,154114,3928,0,66
2025-11-25 00:43:00,-dfR8iYqwK4,92293,2443,0,400
2025-11-25 00:43:00,xcqjxAXsbHU,460268,25442,0,1130
2025-11-25 04:26:49,x_RYZsOfpKY,6309216,185157,0,12758
2025-11-25 04:26:49,uOZRP1-dvhA,150257,1564,0,136
2025-11-25 04:26:49,vMg1KAFAKiY,730975,141535,0,7927
2025-11-25 04:26:49,IcWvUlwcKAI,6788,1522,0,125
2025-11-25 04:26:49,IZ9kqxCDvAs,560845,26629,0,1807
2025-11-25 04:26:49,UF4n5zmzx9A,158999,4194,0,241
2025-11-25 04:26:49,7bqePXphj2g,60359,8021,0,935
2025-11-25 04:26:49,TVqEwvbZP30,1088845,72932,0,5972
2025-11-25 04:26:49,fiG_T-0zFT8,403110,28403,0,1407
2025-11-25 04:26:49,04-csl0RRJc,44851,955,0,227
2025-11-25 04:26:49,kCnD_dMyJ3M,45413,2160,0,0
2025-11-25 04:26:49,s5dFrPwvbHY,76246,17802,0,1189
2025-11-25 04:26:49,W3eUZa56o0s,189580,3496,0,1368
2025-11-25 04:26:49,5ftlnz91DaM,104363,7451,0,407
2025-11-25 04:26:49,0-74AHbFWic,125330,10817,0,618
2025-11-25 04:26:49,BT4XRgmCjjQ,202672,,0,22
2025-11-25 04:26:49,uQc-pW3QLuI,6421140,119065,0,5073
2025-11-25 04:26:49,nDeKfR5iBxY,691404,33115,0,1321
2025-11-25 04:26:49,ZXrcsNlbtgs,105047,915,0,0
2025-11-25 04:26:49,llAI08UYyAw,1181624,248187,0,9067
2025-11-25 04:26:49,yRhin7unPeI,116236,4008,0,423
2025-11-25 04:26:49,6mP-mEHEQcw,99253,6637,0,985
2025-11-25 04:26:49,QJpTBz916MI,909939,100814,0,2780
2025-11-25 04:26:49,-3TOkp_6gRQ,466472,9014,0,66
2025-11-25 04:26:49,taSKSaq5qh8,226800,3921,0,23
2025-11-25 04:26:49,YMxjZF3gtoM,139963,8938,0,567
2025-11-25 04:26:49,9XNqe5r8xHI,412212,5890,0,23
2025-11-25 04:26:49,dCmNVtLsYzA,137996,7501,0,429
2025-11-25 04:26:49,GxXpkps21Kc,273675,12299,0,138
2025-11-25 04:26:49,L6tkKvVCs0Y,133820,9416,0,502
2025-11-25 04:26:49,TAL-HXKac80,1610171,54657,0,1819
2025-11-25 04:26:49,sgi_eji-ysM,260462,5323,0,63
2025-11-25 04:26:49,FFXSoSl_lGg,83365,4288,0,167
2025-11-25 04:26:49,MarWse2JmWU,285562,3302,0,21
2025-11-25 04:26:49,DOmdfYIPBXE,287866,2718,0,83
2025-11-25 04:26:49,Pzqzy2ZIcLI,162640,9180,0,39
2025-11-25 04:26:49,VXsWwTTgt78,245827,11650,0,71
2025-11-25 04:26:49,AmQXv7Pyqvw,71536,935,0,8
2025-11-25 04:26:49,gYEhRoknpZQ,72111,782,0,153
2025-11-25 04:26:49,VhzqSrscVP8,100890,4740,0,342
2025-11-25 04:26:49,l57EJ_eLsIc,60442,790,0,336
2025-11-25 04:26:49,dx4XsqUGm10,80596,12799,0,1061
2025-11-25 04:26:49,ex7ieF2B09A,121481,2218,0,117
2025-11-25 04:26:49,IftQ9zQ06-0,45482,975,0,123
2025-11-25 04:26:49,DG4ax7ec64o,498728,5996,0,285
2025-11-25 04:26:49,zLfnSXg0jKg,69454,2175,0,105
2025-11-25 04:26:49,24VDsNgWNfw,79053,422,0,1
2025-11-25 04:26:49,zupf7Kwx6v4,127757,2607,0,171
2025-11-25 04:26:49,S3Q33-4q1xo,75078,991,0,74
2025-11-25 04:26:49,4Ddbjkyy2C0,117799,839,0,0
2025-11-25 04:26:49,ANU0lVGfWyo,155985,20941,0,1747
2025-11-25 04:26:49,NED7nev2ywQ,34419399,1284143,0,122593
2025-11-25 04:26:49,qIXl45sU0wk,107600,2641,0,20
2025-11-25 04:26:49,QRTGKxrKBPM,346040,35451,0,959
2025-11-25 04:26:49,dolefeooLzc,249690,4640,0,314
2025-11-25 04:26:49,qJvjFBhQ6vQ,91366,1584,0,47
2025-11-25 04:26:49,IW14wQJKSC4,80270,3755,0,143
2025-11-25 04:26:49,ygIwtR2txaw,168034,7643,0,228
2025-11-25 04:26:49,MRYXsF2lblY,110067,14157,0,779
2025-11-25 04:26:49,SWdjfMIkQCg,87747,1552,0,124
2025-11-25 04:26:49,WsLcF1ojgFU,24585,2216,0,310
2025-11-25 04:26:49,4Xt_hR0KNvY,50810,6819,0,1416
2025-11-25 04:26:49,gSXQd_5ht0E,350011,20195,0,970
2025-11-25 04:26:49,ayjRv2g2UqY,345607,17875,0,762
2025-11-25 04:26:49,XtTT5XdZVpw,58056,3426,0,175
2025-11-25 04:26:49,7gDl4S3wB14,404221,7451,0,743
2025-11-25 04:26:49,_6xcFXlJcX8,89320,976,0,32
2025-11-25 04:26:49,oslNxV_8Q2c,241900,10350,0,112
2025-11-25 04:26:49,m0HhR1k9JEw,87474,199,0,4
2025-11-25 04:26:49,G36amiUCkXU,121796,16897,0,3085
2025-11-25 04:26:49,cVL4bRjA6X0,164893,23345,0,967
2025-11-25 04:26:49,LUQ28DBF7EU,137602,3575,0,298
2025-11-25 04:26:49,I9U5JRfZ4bA,24692,792,0,133
2025-11-25 04:26:49,UFozBQrnmII,746523,24686,0,393
2025-11-25 04:26:49,lUHLwBOY04I,115819,13010,0,283
2025-11-25 04:26:49,dhzVHS8C_nc,82123,486,0,0
2025-11-25 04:26:49,KDC-EOsNzAg,74783,14336,0,447
2025-11-25 04:26:49,Yy2ZovGi-Uk,339264,9203,0,134
2025-11-25 04:26:49,tk9FDjJd6zM,22020,497,0,58
2025-11-25 04:26:49,81QYAxvO3Ik,109683,14931,0,986
2025-11-25 04:26:49,-dfR8iYqwK4,122405,2579,0,416
2025-11-25 04:26:49,yxXNIzrfPNQ,63396,5230,0,720
2025-11-25 04:26:49,jRgzfKDTI7g,385950,10224,0,324
2025-11-25 04:26:49,JUYQapYmw74,119245,1401,0,2
2025-11-25 04:26:49,hXKJ0gHYQ6E,48045,268,0,17
2025-11-25 04:26:49,4oml768wFnk,27955,2862,0,153
2025-11-25 04:26:49,HIE0fSPuvLY,167561,812,0,19
2025-11-25 04:26:49,f8aS4qwuO7k,137054,8258,0,65
2025-11-25 04:26:49,snH3HQSF7Ew,211725,3612,0,666
2025-11-25 04:26:49,x15pDRtzYno,54770,1008,0,152
2025-11-25 04:26:49,4l9Ni3tjbwM,1050998,11952,0,117
2025-11-25 04:26:49,tmVYOETfA10,19309,2176,0,65
2025-11-25 04:26:49,wUGh03rLZbY,91990,3187,0,242
2025-11-25 04:26:49,koeM_jz4CdM,246431,10573,0,1162
2025-11-25 04:26:49,UfVkyXaTGcs,102734,3371,0,74
2025-11-25 04:26:49,j-4AHlLg9XA,,107,0,0
2025-11-25 04:26:49,6hIKI8RZ1ys,418366,6942,0,16
2025-11-25 04:26:49,QebVV6D641k,202881,1084,0,717
2025-11-25 04:26:49,kuetvJE_C_U,148937,3934,0,66
2025-11-25 04:26:49,OWpLhNyqeqg,26817,3155,0,354
2025-11-25 04:26:49,2HwsSTLuA8A,132927,3938,0,446
2025-11-25 04:26:49,xuL1CDdhsOg,210464,2082,0,0
2025-11-25 04:26:49,SdVBuVm_Sw8,94460,700,0,0
2025-11-25 04:26:49,dqMImJF-rgA,71608,2797,0,271
2025-11-25 04:26:49,xZFWSWcQ3As,87218,1030,0,63
2025-11-25 04:26:49,KO6gxf8vXJQ,228617,526,0,1
2025-11-25 04:26:49,oLY17RG3OMI,207072,3881,0,246
2025-11-25 04:26:49,h09ng9lTOEM,167117,1506,0,6
2025-11-25 04:26:49,4-6IONBWRMQ,93847,1518,0,31
2025-11-25 04:26:49,oVwGURkvEq4,129100,1673,0,641
2025-11-25 04:26:49,vpXtzSpyV_8,161204,12492,0,663
2025-11-25 04:26:49,6L7xTio0QyY,54250,4669,0,468
2025-11-25 04:26:49,Aj8AmqTQkAs,77436,963,0,54
2025-11-25 04:26:49,599nhYHHvQo,103102,846,0,0
2025-11-25 04:26:49,tPMkWfK6N-E,86267,8877,0,457
2025-11-25 04:26:49,k1yXf4L5bnc,84913,2236,0,141
2025-11-25 04:26:49,8j4RM-bBYvA,8289,915,0,286
2025-11-25 04:26:49,KSha-fc5EhA,92611,524,0,0
2025-11-25 04:26:49,xcqjxAXsbHU,468277,25542,0,1133
2025-11-25 04:26:49,nbzmTUB-FCs,14056,1164,0,186
2025-11-26 22:49:36,hcJEQXJIALo,5616,2531,0,421
2025-11-26 22:49:36,9XNqe5r8xHI,433234,6060,0,26
2025-11-26 22:49:36,8j4RM-bBYvA,22339,1233,0,441
2025-11-26 22:49:36,l57EJ_eLsIc,168840,1538,0,595
2025-11-26 22:49:36,6ixvIIIxwlk,104311,1066,0,0
2025-11-26 22:49:36,m0HhR1k9JEw,87635,198,0,5
2025-11-26 22:49:36,dhzVHS8C_nc,82165,480,0,1
2025-11-26 22:49:36,ST05E_5kn2E,230573,4441,0,317
2025-11-26 22:49:36,ITQYMtkP23E,290503,1380,0,0
2025-11-26 22:49:36,NED7nev2ywQ,38449301,1332288,0,129164
2025-11-26 22:49:36,UF4n5zmzx9A,213200,5144,0,268
2025-11-26 22:49:36,nDeKfR5iBxY,818335,38677,0,1423
2025-11-26 22:49:36,vIUORnIS_ug,293947,12967,0,990
2025-11-26 22:49:36,VhzqSrscVP8,147864,6023,0,408
2025-11-26 22:49:36,tXJJhKobuas,182207,2547,0,146
2025-11-26 22:49:36,G36amiUCkXU,375526,26541,0,4852
2025-11-26 22:49:36,_o05ucPBD7g,60208,1247,0,65
2025-11-26 22:49:36,-dfR8iYqwK4,195410,3421,0,491
2025-11-26 22:49:36,rOZV4RZrA3A,172849,2071,0,5
2025-11-26 22:49:36,dolefeooLzc,361873,5733,0,370
2025-11-26 22:49:36,F2B4VITJfb0,59175,1615,0,91
2025-11-26 22:49:36,SdVBuVm_Sw8,,699,0,0
2025-11-26 22:49:36,PJyQaQosJpk,75263,849,0,15
2025-11-26 22:49:36,qEGsMTo-adg,21455,1770,0,214
2025-11-26 22:49:36,vQ_NFqtGDgo,106614,19877,0,825
2025-11-26 22:49:36,W3eUZa56o0s,221709,3858,0,1504
2025-11-26 22:49:36,x15pDRtzYno,132680,1615,0,193
2025-11-26 22:49:36,QRTGKxrKBPM,472253,39548,0,1004
2025-11-26 22:49:36,5ftlnz91DaM,157807,9794,0,485
2025-11-26 22:49:36,HQdJ8dMeCHM,114469,701,0,1530
2025-11-26 22:49:36,fiSsGbfus6I,274137,2004,0,1201
2025-11-26 22:49:36,4Ddbjkyy2C0,119593,836,0,0
2025-11-26 22:49:36,nzbbL07maKA,86030,5732,0,250
2025-11-26 22:49:36,taSKSaq5qh8,250694,4107,0,38
2025-11-26 22:49:36,DOmdfYIPBXE,337981,3082,0,87
2025-11-26 22:49:36,MRYXsF2lblY,197085,18331,0,1014
2025-11-26 22:49:36,koeM_jz4CdM,378923,14523,0,1466
2025-11-26 22:49:36,Yy2ZovGi-Uk,349499,9367,0,143
2025-11-26 22:49:36,w0ZQp2CmHHw,48602,1406,0,152
2025-11-26 22:49:36,gYEhRoknpZQ,107112,936,0,168
2025-11-26 22:49:36,P0OLVEm0pfM,66003,194,0,0
2025-11-26 22:49:36,_6xcFXlJcX8,108760,1196,0,35
2025-11-26 22:49:36,0-74AHbFWic,150790,11691,0,625
2025-11-26 22:49:36,LxMaia85m5Y,185892,3703,0,167
2025-11-26 22:49:36,CvGT2o7-_ZA,81896,1531,0,11
2025-11-26 22:49:36,1wRkbauiGU8,69516,2125,0,134
2025-11-26 22:49:36,55xYiuSAp5c,295562,4549,0,18
2025-11-26 22:49:36,XZ1FhU9XeEc,137115,1888,0,244
2025-11-26 22:49:36,Bj6tJxDPzoY,112865,7489,0,242
2025-11-26 22:49:36,ex7ieF2B09A,228271,3698,0,192
2025-11-26 22:49:36,IW14wQJKSC4,97875,4059,0,148
2025-11-26 22:49:36,CO0MSU3fqAQ,5829,1490,0,90
2025-11-26 22:49:36,lUHLwBOY04I,159134,16313,0,331
2025-11-26 22:49:36,wUGh03rLZbY,121308,3775,0,258
2025-11-26 22:49:36,A3Ki9cI9T9w,96664,2222,0,564
2025-11-26 22:49:36,UfVkyXaTGcs,198480,5134,0,104
2025-11-26 22:49:36,AmQXv7Pyqvw,72708,940,0,10
2025-11-26 22:49:36,dIPZHyTBFz0,138195,1820,0,238
2025-11-26 22:49:36,xuL1CDdhsOg,211285,2077,0,1
2025-11-26 22:49:36,I9U5JRfZ4bA,32352,930,0,152
2025-11-26 22:49:36,yRhin7unPeI,172409,5112,0,466
2025-11-26 22:49:36,6hIKI8RZ1ys,419424,6927,0,18
2025-11-26 22:49:36,BT4XRgmCjjQ,212584,,0,34
2025-11-26 22:49:36,ScutqxM3z_s,153418,7760,0,447
2025-11-26 22:49:36,D8gbtByJSI8,77173,369,0,2
2025-11-26 22:49:36,KC0-vIj7piY,185368,16941,0,166
2025-11-26 22:49:36,NIGA89HGTBU,1030252,22012,0,963
2025-11-26 22:49:36,Em805jfRVXs,207932,4281,0,510
2025-11-26 22:49:36,qJvjFBhQ6vQ,177570,2236,0,67
2025-11-26 22:49:36,Gln8wDtITJ4,36488,2542,0,201
2025-11-26 22:49:36,vQpF9mIiYFU,9729,267,0,22
2025-11-26 22:49:36,oVwGURkvEq4,142720,1760,0,658
2025-11-26 22:49:36,jWFQ3A1Dtdg,247977,11545,0,1194
2025-11-26 22:49:36,JrI4_jUZe98,329984,59048,0,2040
2025-11-26 22:49:36,MarWse2JmWU,287978,3292,0,24
2025-11-26 22:49:36,yxXNIzrfPNQ,100772,6057,0,813
2025-11-26 22:49:36,hn17tmdaAzQ,691310,6470,0,101
2025-11-26 22:49:36,ygIwtR2txaw,279190,10691,0,258
2025-11-26 22:49:36,iKVcCmyqoik,95920,5700,0,213
2025-11-26 22:49:36,2NKK6Mg27XI,213452,14450,0,468
2025-11-26 22:49:36,U7wDhVWgd5w,52025,1097,0,7
2025-11-26 22:49:36,599nhYHHvQo,,839,0,0
2025-11-26 22:49:36,5-o_tvuKSfM,16351,2225,0,107
2025-11-26 22:49:36,kux5GmbZhVg,11352,781,0,17
2025-11-26 22:49:36,zLfnSXg0jKg,114398,3088,0,135
2025-11-26 22:49:36,dx4XsqUGm10,182881,17931,0,1342
2025-11-26 22:49:36,aHKMl9HVqZQ,127369,4071,0,333
2025-11-26 22:49:36,j-8vLi2sMg0,57997,6178,0,82
2025-11-26 22:49:36,eWetBwa4vVI,30534,2285,0,133
2025-11-26 22:49:36,BFaHdJVDmXY,57314,3804,0,162
2025-11-26 22:49:36,cl-BT6bDxEI,117191,3287,0,190
2025-11-26 22:49:36,j-4AHlLg9XA,,104,0,0
2025-11-26 22:49:36,k1yXf4L5bnc,113180,2737,0,151
2025-11-26 22:49:36,04-csl0RRJc,55245,1050,0,266
2025-11-26 22:49:36,STXcQAmoLPU,133155,1364,0,0
2025-11-26 22:49:36,vMg1KAFAKiY,1013416,170079,0,9084
2025-11-26 22:49:36,0GICIe0Tgf8,11226,858,0,28
2025-11-26 22:49:36,9SaAfQ6eACQ,73381,1050,0,210
2025-11-26 22:49:36,SWdjfMIkQCg,155126,2184,0,164
2025-11-26 22:49:36,4l9Ni3tjbwM,1062632,12092,0,125
2025-11-26 22:49:36,YMxjZF3gtoM,279787,13652,0,784
2025-11-26 22:49:36,qUgLxkENl6c,81092,6054,0,308
2025-11-26 22:49:36,KO6gxf8vXJQ,228903,526,0,1
2025-11-26 22:49:36,TAL-HXKac80,3273381,74530,0,2504
2025-11-26 22:49:36,s5dFrPwvbHY,187451,30073,0,1468
2025-11-26 22:49:36,HP8qpxRpIW8,645543,28721,0,939
2025-11-26 22:49:36,tmVYOETfA10,53352,3457,0,89
2025-11-26 22:49:36,StcmgD_0aRI,29105,7062,0,2107
2025-11-26 22:49:36,XtTT5XdZVpw,114351,4592,0,217
2025-11-26 22:49:36,v55qDr_jJFA,17213,1540,0,100
2025-11-26 22:49:36,Caa-UHhl8Gw,73625,2425,0,193
2025-11-26 22:49:36,xx3ZTvOhNoM,220270,7982,0,77
2025-11-26 22:49:36,OWpLhNyqeqg,70778,4692,0,426
2025-11-26 22:49:36,xcqjxAXsbHU,557582,27105,0,1189
2025-11-26 22:49:36,qFdZAyr_xmw,140799,4244,0,609
2025-11-26 22:49:36,6kWw9Nn4dIY,114542,5774,0,338
2025-11-26 22:49:36,3rGi2kiSzkA,43929,2515,0,107
2025-11-26 22:49:36,G_3xr5desOo,92855,3014,0,113
2025-11-26 22:49:36,eHmQ_b0LkUA,393762,87717,0,3227
2025-11-26 22:49:36,Iz7mRKij2ao,4379,439,0,18
2025-11-26 22:49:36,uOZRP1-dvhA,226893,2311,0,172
2025-11-26 22:49:36,b9z3Iaz5Zrc,72929,5041,0,287
2025-11-26 22:49:36,BDxXPvOdz50,155769,2420,0,638
2025-11-26 22:49:36,NkHjY_EaCgY,106641,1672,0,103
2025-11-26 22:49:36,-3TOkp_6gRQ,488642,9246,0,88
2025-11-26 22:49:36,IZ9kqxCDvAs,737979,30504,0,1995
2025-11-26 22:49:36,xZFWSWcQ3As,108638,1217,0,78
2025-11-26 22:49:36,Am2ElEWNvTY,11202,1397,0,116
2025-11-26 22:49:36,tLBq_jH5FDI,36672,959,0,112
2025-11-26 22:49:36,CZP11p3DklQ,75002,2865,0,124
2025-11-26 22:49:36,WGyadbTx8bs,320674,11891,0,1025
2025-11-26 22:49:36,qIXl45sU0wk,120277,2793,0,26
2025-11-26 22:49:36,sgi_eji-ysM,271650,5427,0,67
2025-11-26 22:49:36,BM13CSsDrV8,8992,436,0,0
2025-11-26 22:49:36,DyINvuS9P34,137015,2102,0,46
2025-11-26 22:49:36,JUYQapYmw74,120814,1400,0,3
2025-11-26 22:49:36,PtSwg--FueA,142046,1261,0,375
2025-11-26 22:49:36,fCDvm0Y3qkw,296320,15345,0,179
2025-11-26 22:49:36,7gDl4S3wB14,496052,8380,0,820
2025-11-26 22:49:36,kCnD_dMyJ3M,81092,2610,0,0
2025-11-26 22:49:36,dmBAMwBBxoM,135247,4377,0,376
2025-11-26 22:49:36,f8aS4qwuO7k,145697,8563,0,71
2025-11-26 22:49:36,bZ2eyQcJ49o,64745,1936,0,306
2025-11-26 22:49:36,dCmNVtLsYzA,193588,9582,0,545
2025-11-26 22:49:36,BNWYJZp2CbQ,48060,448,0,22
2025-11-26 22:49:36,x_RYZsOfpKY,11658519,284193,0,17421
2025-11-26 22:49:36,a72dN8ZWPWg,140707,3153,0,1780
2025-11-26 22:49:36,u66QoyjtANg,141320,1096,0,0
2025-11-26 22:49:36,SnCG-_lf74w,706864,20522,0,994
2025-11-26 22:49:36,VXsWwTTgt78,255747,11857,0,73
2025-11-26 22:49:36,3-caLm2c1XI,72799,3090,0,416
2025-11-26 22:49:36,6oS55kztPlE,14317,937,0,26
2025-11-26 22:49:36,FFXSoSl_lGg,114382,4970,0,176
2025-11-26 22:49:36,L6tkKvVCs0Y,287155,13034,0,579
2025-11-26 22:49:36,BsyEN86cR0U,236924,7315,0,73
2025-11-26 22:49:36,hXKJ0gHYQ6E,48672,266,0,20
2025-11-26 22:49:36,fiG_T-0zFT8,505460,30361,0,1438
2025-11-26 22:49:36,ZXrcsNlbtgs,104997,911,0,0
2025-11-26 22:49:36,oslNxV_8Q2c,248170,10499,0,118
2025-11-26 22:49:36,ayjRv2g2UqY,776306,19945,0,805
2025-11-26 22:49:36,8gAg9uDn2Oo,162346,8969,0,375
2025-11-26 22:49:36,gSXQd_5ht0E,772581,22921,0,1036
2025-11-26 22:49:36,I52yC34Ji2k,199450,32068,0,1328
2025-11-26 22:49:36,81QYAxvO3Ik,185187,18904,0,1200
2025-11-26 22:49:36,QJpTBz916MI,1039647,106468,0,2890
2025-11-26 22:49:36,zupf7Kwx6v4,142699,2782,0,174
2025-11-26 22:49:36,kuetvJE_C_U,150597,3974,0,66
2025-11-26 22:49:36,miySB69T1xw,420269,12235,0,464
2025-11-26 22:49:36,2HwsSTLuA8A,142040,4117,0,457
2025-11-26 22:49:36,2j2jXv6Juxc,96295,1823,0,64
2025-11-26 22:49:36,XILnJKGc0yo,196722,19529,0,3416
2025-11-26 22:49:36,dqMImJF-rgA,132897,3951,0,339
2025-11-26 22:49:36,Aj8AmqTQkAs,95096,1153,0,59
2025-11-26 22:49:36,DG4ax7ec64o,643748,7746,0,326
2025-11-26 22:49:36,DSPV0RT3BJI,77683,,0,
2025-11-26 22:49:36,7bqePXphj2g,243088,17743,0,1529
2025-11-26 22:49:36,snH3HQSF7Ew,243253,3949,0,694
2025-11-26 22:49:36,6mP-mEHEQcw,240406,10173,0,1356
2025-11-26 22:49:36,KDC-EOsNzAg,149279,22197,0,586
2025-11-26 22:49:36,TVqEwvbZP30,5151878,103153,0,9542
2025-11-26 22:49:36,jRgzfKDTI7g,466536,11620,0,348
2025-11-26 22:49:36,GJMOK14mB2c,107675,2682,0,142
2025-11-26 22:49:36,Pzqzy2ZIcLI,170592,9436,0,47
2025-11-26 22:49:36,WsLcF1ojgFU,43059,2883,0,411
2025-11-26 22:49:36,JkKNqaEl9Aw,232987,18774,0,1719
2025-11-26 22:49:36,S3Q33-4q1xo,108686,1278,0,82
2025-11-26 22:49:36,QebVV6D641k,229632,1198,0,785
2025-11-26 22:49:36,Gth1zEFH2TM,96777,2051,0,51
2025-11-26 22:49:36,b1OwvLh8HnU,13462,296,0,7
2025-11-26 22:49:36,4oml768wFnk,42848,3191,0,161
2025-11-26 22:49:36,IcWvUlwcKAI,9362,1891,0,146
2025-11-26 22:49:36,Kc7TkgWiWrc,23524,875,0,34
2025-11-26 22:49:36,h09ng9lTOEM,168385,1511,0,8
2025-11-26 22:49:36,4-6IONBWRMQ,107603,1696,0,33
2025-11-26 22:49:36,llAI08UYyAw,2630249,341152,0,10633
2025-11-26 22:49:36,4Xt_hR0KNvY,146769,12040,0,2280
2025-11-26 22:49:36,j6TnwWfuf-I,90683,2039,0,113
2025-11-26 22:49:36,G7eh40XgTiw,82646,1174,0,163
2025-11-26 22:49:36,ANU0lVGfWyo,415329,32560,0,2314
2025-11-26 22:49:36,IW_KV5nqWRI,41921,226,0,10
2025-11-26 22:49:36,24VDsNgWNfw,80850,428,0,1
2025-11-26 22:49:36,vpXtzSpyV_8,4057675,20636,0,1050
2025-11-26 22:49:36,IftQ9zQ06-0,123778,1916,0,262
2025-11-26 22:49:36,eLCjlEYBN3U,234168,11579,0,934
2025-11-26 22:49:36,7SoVjT-0Rhw,28450,1772,0,257
2025-11-26 22:49:36,tk9FDjJd6zM,34785,685,0,77
2025-11-26 22:49:36,uQc-pW3QLuI,6985257,125662,0,5172
2025-11-26 22:49:36,HIE0fSPuvLY,167525,811,0,20
2025-11-26 22:49:36,UFozBQrnmII,789535,25290,0,422
2025-11-26 22:49:36,LUQ28DBF7EU,161450,3885,0,319
2025-11-26 22:49:36,Zvh5BE2Guik,255317,10715,0,189
2025-11-26 22:49:36,Rc8f268ueOE,176415,1746,0,407
2025-11-26 22:49:36,KSha-fc5EhA,93121,520,0,0
2025-11-26 22:49:36,kSmHmdAnDYc,144069,5231,0,703
2025-11-26 22:49:36,e0okJjgNTl0,292701,2709,0,6
2025-11-26 22:49:36,cVL4bRjA6X0,387629,36203,0,1316
2025-11-26 22:49:36,GxXpkps21Kc,303346,13037,0,228
2025-11-26 22:49:36,ineS6XL0vc8,35625,1441,0,60
2025-11-26 22:49:36,oLY17RG3OMI,277830,4909,0,282
2025-11-26 22:49:36,PwaldW6SXwE,22410,2358,0,221
2025-11-26 22:49:36,tPMkWfK6N-E,108114,9956,0,501
2025-11-26 22:49:36,nbzmTUB-FCs,20286,1297,0,191
2025-11-26 22:49:36,cBPtIHuFa_o,88873,3563,0,376
2025-11-26 22:49:36,xjUPVppl1DI,507363,9765,0,416
2025-11-26 22:49:36,6L7xTio0QyY,80574,5113,0,495
2025-11-26 22:49:36,z-aco1hi0Iw,148223,1695,0,257
2025-11-25 05:38:53,ayjRv2g2UqY,349074,17910,0,764
2025-11-25 05:38:53,ex7ieF2B09A,125038,2252,0,117
2025-11-25 05:38:53,9XNqe5r8xHI,412880,5894,0,23
2025-11-25 05:38:53,qIXl45sU0wk,108173,2644,0,20
2025-11-25 05:38:53,x15pDRtzYno,54873,1011,0,153
2025-11-25 05:38:53,S3Q33-4q1xo,76027,997,0,74
2025-11-25 05:38:53,yRhin7unPeI,118019,4034,0,426
2025-11-25 05:38:53,gSXQd_5ht0E,353956,20216,0,970
2025-11-25 05:38:53,4-6IONBWRMQ,94148,1520,0,31
2025-11-25 05:38:53,ZXrcsNlbtgs,104885,915,0,0
2025-11-25 05:38:53,sgi_eji-ysM,260789,5325,0,63
2025-11-25 05:38:53,qJvjFBhQ6vQ,94654,1600,0,49
2025-11-25 05:38:53,llAI08UYyAw,1264695,257382,0,9246
2025-11-25 05:38:53,G36amiUCkXU,125472,17073,0,3120
2025-11-25 05:38:53,24VDsNgWNfw,79137,423,0,1
2025-11-25 05:38:53,TAL-HXKac80,1777498,57342,0,1889
2025-11-25 05:38:53,NED7nev2ywQ,34571290,1286522,0,123038
2025-11-25 05:38:53,8j4RM-bBYvA,8389,921,0,286
2025-11-25 05:38:53,81QYAxvO3Ik,112816,15140,0,994
2025-11-25 05:38:53,dCmNVtLsYzA,140992,7650,0,436
2025-11-25 05:38:53,ygIwtR2txaw,171271,7687,0,229
2025-11-25 05:38:53,5ftlnz91DaM,105377,7481,0,408
2025-11-25 05:38:53,MRYXsF2lblY,112889,14353,0,783
2025-11-25 05:38:53,6hIKI8RZ1ys,418385,6941,0,16
2025-11-25 05:38:53,QRTGKxrKBPM,347368,35473,0,959
2025-11-25 05:38:53,xZFWSWcQ3As,87906,1036,0,64
2025-11-25 05:38:53,snH3HQSF7Ew,212102,3614,0,667
2025-11-25 05:38:53,hXKJ0gHYQ6E,48085,268,0,17
2025-11-25 05:38:53,UFozBQrnmII,747845,24694,0,394
2025-11-25 05:38:53,nDeKfR5iBxY,693981,33218,0,1328
2025-11-25 05:38:53,vMg1KAFAKiY,749418,143307,0,7995
2025-11-25 05:38:53,wUGh03rLZbY,92550,3195,0,243
2025-11-25 05:38:53,yxXNIzrfPNQ,63603,5235,0,722
2025-11-25 05:38:53,-3TOkp_6gRQ,467541,9018,0,66
2025-11-25 05:38:53,IZ9kqxCDvAs,562053,26648,0,1808
2025-11-25 05:38:53,6L7xTio0QyY,54331,4674,0,468
2025-11-25 05:38:53,nbzmTUB-FCs,14109,1166,0,186
2025-11-25 05:38:53,kuetvJE_C_U,148995,3935,0,66
2025-11-25 05:38:53,IW14wQJKSC4,80469,3757,0,143
2025-11-25 05:38:53,XtTT5XdZVpw,59287,3450,0,176
2025-11-25 05:38:53,oVwGURkvEq4,129427,1674,0,641
2025-11-25 05:38:53,6mP-mEHEQcw,102139,6717,0,994
2025-11-25 05:38:53,OWpLhNyqeqg,27575,3184,0,355
2025-11-25 05:38:53,DG4ax7ec64o,500719,6011,0,285
2025-11-25 05:38:53,gYEhRoknpZQ,74748,793,0,153
2025-11-25 05:38:53,_6xcFXlJcX8,89976,981,0,32
2025-11-25 05:38:53,dx4XsqUGm10,81823,12921,0,1067
2025-11-25 05:38:53,IftQ9zQ06-0,46770,988,0,124
2025-11-25 05:38:53,VhzqSrscVP8,102555,4774,0,343
2025-11-25 05:38:53,lUHLwBOY04I,117061,13131,0,284
2025-11-25 05:38:53,f8aS4qwuO7k,137854,8282,0,65
2025-11-25 05:38:53,tPMkWfK6N-E,86598,8900,0,458
2025-11-25 05:38:53,L6tkKvVCs0Y,136126,9563,0,506
2025-11-25 05:38:53,dqMImJF-rgA,71716,2799,0,271
2025-11-25 05:38:53,7gDl4S3wB14,404437,7453,0,743
2025-11-25 05:38:53,zupf7Kwx6v4,128039,2611,0,171
2025-11-25 05:38:53,tk9FDjJd6zM,22188,497,0,58
2025-11-25 05:38:53,taSKSaq5qh8,229015,3936,0,23
2025-11-25 05:38:53,dhzVHS8C_nc,82123,486,0,0
2025-11-25 05:38:53,s5dFrPwvbHY,79340,18156,0,1205
2025-11-25 05:38:53,x_RYZsOfpKY,6579510,191316,0,13045
2025-11-25 05:38:53,-dfR8iYqwK4,124048,2598,0,416
2025-11-25 05:38:53,UF4n5zmzx9A,159966,4202,0,242
2025-11-25 05:38:53,fiG_T-0zFT8,403968,28422,0,1407
2025-11-25 05:38:53,FFXSoSl_lGg,83777,4298,0,167
2025-11-25 05:38:53,UfVkyXaTGcs,106896,3438,0,77
2025-11-25 05:38:53,WsLcF1ojgFU,24857,2235,0,311
2025-11-25 05:38:53,cVL4bRjA6X0,181466,24840,0,1014
2025-11-25 05:38:53,dolefeooLzc,252521,4651,0,315
2025-11-25 05:38:53,m0HhR1k9JEw,87564,199,0,4
2025-11-25 05:38:53,I9U5JRfZ4bA,24767,793,0,133
2025-11-25 05:38:53,04-csl0RRJc,45342,956,0,230
2025-11-25 05:38:53,xcqjxAXsbHU,469151,25565,0,1134
2025-11-25 05:38:53,Aj8AmqTQkAs,77767,965,0,54
2025-11-25 05:38:53,oslNxV_8Q2c,242102,10352,0,112
2025-11-25 05:38:53,j-4AHlLg9XA,,107,0,0
2025-11-25 05:38:53,0-74AHbFWic,125701,10822,0,619
2025-11-25 05:38:53,W3eUZa56o0s,189689,3499,0,1368
2025-11-25 05:38:53,GxXpkps21Kc,276481,12383,0,146
2025-11-25 05:38:53,xuL1CDdhsOg,210496,2082,0,0
2025-11-25 05:38:53,VXsWwTTgt78,246172,11653,0,71
2025-11-25 05:38:53,YMxjZF3gtoM,144822,9066,0,571
2025-11-25 05:38:53,uOZRP1-dvhA,151345,1573,0,135
2025-11-25 05:38:53,JUYQapYmw74,119295,1401,0,2
2025-11-25 05:38:53,kCnD_dMyJ3M,45823,2171,0,0
2025-11-25 05:38:53,KDC-EOsNzAg,76935,14581,0,454
2025-11-25 05:38:53,LUQ28DBF7EU,138583,3582,0,298
2025-11-25 05:38:53,HIE0fSPuvLY,167561,812,0,19
2025-11-25 05:38:53,jRgzfKDTI7g,387286,10243,0,324
2025-11-25 05:38:53,IcWvUlwcKAI,6837,1529,0,125
2025-11-25 05:38:53,599nhYHHvQo,103146,846,0,0
2025-11-25 05:38:53,MarWse2JmWU,285654,3302,0,22
2025-11-25 05:38:53,SdVBuVm_Sw8,94467,700,0,0
2025-11-25 05:38:53,vpXtzSpyV_8,170471,13024,0,681
2025-11-25 05:38:53,7bqePXphj2g,65627,8431,0,953
2025-11-25 05:38:53,QJpTBz916MI,912203,100893,0,2780
2025-11-25 05:38:53,ANU0lVGfWyo,166319,21846,0,1803
2025-11-25 05:38:53,tmVYOETfA10,19747,2197,0,65
2025-11-25 05:38:53,Pzqzy2ZIcLI,163276,9188,0,39
2025-11-25 05:38:53,SWdjfMIkQCg,90125,1563,0,126
2025-11-25 05:38:53,4l9Ni3tjbwM,1051432,11956,0,117
2025-11-25 05:38:53,k1yXf4L5bnc,85634,2243,0,141
2025-11-25 05:38:53,QebVV6D641k,204029,1085,0,719
2025-11-25 05:38:53,KSha-fc5EhA,92631,524,0,0
2025-11-25 05:38:53,DOmdfYIPBXE,287909,2719,0,83
2025-11-25 05:38:53,zLfnSXg0jKg,70711,2192,0,105
2025-11-25 05:38:53,KO6gxf8vXJQ,228627,526,0,1
2025-11-25 05:38:53,4Ddbjkyy2C0,118035,839,0,0
2025-11-25 05:38:53,TVqEwvbZP30,1105193,74251,0,6053
2025-11-25 05:38:53,koeM_jz4CdM,249634,10645,0,1170
2025-11-25 05:38:53,4oml768wFnk,28072,2864,0,153
2025-11-25 05:38:53,AmQXv7Pyqvw,71579,935,0,8
2025-11-25 05:38:53,BT4XRgmCjjQ,202878,,0,22
2025-11-25 05:38:53,Yy2ZovGi-Uk,339546,9205,0,134
2025-11-25 05:38:53,h09ng9lTOEM,167309,1505,0,6
2025-11-25 05:38:53,uQc-pW3QLuI,6458620,119469,0,5083
2025-11-25 05:38:53,2HwsSTLuA8A,133286,3946,0,446
2025-11-25 05:38:53,l57EJ_eLsIc,63889,832,0,350
2025-11-25 05:38:53,4Xt_hR0KNvY,52113,6901,0,1422
2025-11-25 05:38:53,oLY17RG3OMI,208788,3894,0,246
2025-11-24 16:35:26,UF4n5zmzx9A,121670,3620,0,216
2025-11-24 16:35:26,gSXQd_5ht0E,235648,18112,0,923
2025-11-24 16:35:26,IftQ9zQ06-0,8908,314,0,40
2025-11-24 16:35:26,QJpTBz916MI,820718,95704,0,2691
2025-11-24 16:35:26,9XNqe5r8xHI,396841,5772,0,19
2025-11-24 16:35:26,xZFWSWcQ3As,55620,745,0,55
2025-11-24 16:35:26,HIE0fSPuvLY,167332,819,0,15
2025-11-24 16:35:26,KO6gxf8vXJQ,25511,545,0,1
2025-11-24 16:35:26,dCmNVtLsYzA,89309,5568,0,347
2025-11-24 16:35:26,snH3HQSF7Ew,183811,3356,0,622
2025-11-24 16:35:26,llAI08UYyAw,236806,99062,0,5493
2025-11-24 16:35:26,jRgzfKDTI7g,313485,9147,0,305
2025-11-24 16:35:26,tk9FDjJd6zM,11848,323,0,37
2025-11-24 16:35:26,0-74AHbFWic,104236,9876,0,581
2025-11-24 16:35:26,4oml768wFnk,18717,2437,0,143
2025-11-24 16:35:26,UFozBQrnmII,713549,24235,0,356
2025-11-24 16:35:26,tPMkWfK6N-E,67873,7979,0,434
2025-11-24 16:35:26,oLY17RG3OMI,153596,3077,0,211
2025-11-24 16:35:26,kCnD_dMyJ3M,27046,1723,0,0
2025-11-24 16:35:26,oslNxV_8Q2c,239623,10292,0,113
2025-11-24 16:35:26,BT4XRgmCjjQ,195566,,0,18
2025-11-24 16:35:26,IcWvUlwcKAI,2415,877,0,76
2025-11-24 16:35:26,_6xcFXlJcX8,64796,769,0,23
2025-11-24 16:35:26,tmVYOETfA10,10452,1503,0,55
2025-11-24 16:35:26,wUGh03rLZbY,44580,2160,0,187
2025-11-24 16:35:26,Aj8AmqTQkAs,58844,742,0,44
2025-11-24 16:35:26,yxXNIzrfPNQ,39886,4359,0,628
2025-11-24 16:35:26,kuetvJE_C_U,152292,3922,0,65
2025-11-24 16:35:26,2HwsSTLuA8A,118142,3666,0,425
2025-11-24 16:35:26,vMg1KAFAKiY,405434,100423,0,6224
2025-11-24 16:35:26,DG4ax7ec64o,372927,4823,0,242
2025-11-24 16:35:26,dhzVHS8C_nc,82109,489,0,0
2025-11-24 16:35:26,uOZRP1-dvhA,97809,1184,0,108
2025-11-24 16:35:26,QebVV6D641k,155296,866,0,582
2025-11-24 16:35:26,sgi_eji-ysM,251428,5242,0,61
2025-11-24 16:35:26,xcqjxAXsbHU,429805,24789,0,1109
2025-11-24 16:35:26,ayjRv2g2UqY,231609,15600,0,710
2025-11-24 16:35:26,IW14wQJKSC4,70794,3557,0,143
2025-11-24 16:35:26,VXsWwTTgt78,244586,11525,0,64
2025-11-24 16:35:26,QRTGKxrKBPM,293323,33012,0,920
2025-11-24 16:35:26,m0HhR1k9JEw,86554,200,0,3
2025-11-24 16:35:26,7gDl4S3wB14,346068,6961,0,692
2025-11-24 16:35:26,h09ng9lTOEM,168902,1506,0,3
2025-11-24 16:35:26,zupf7Kwx6v4,113711,2442,0,169
2025-11-24 16:35:26,LUQ28DBF7EU,68645,2521,0,224
2025-11-24 16:35:26,nDeKfR5iBxY,621853,30659,0,1249
2025-11-24 16:35:26,DOmdfYIPBXE,253846,2538,0,82
2025-11-24 16:35:26,4l9Ni3tjbwM,1046769,11830,0,107
2025-11-24 16:35:26,NED7nev2ywQ,32276242,1260824,0,120250
2025-11-24 16:35:26,lUHLwBOY04I,86760,10678,0,247
2025-11-24 16:35:26,oVwGURkvEq4,109938,1537,0,601
2025-11-24 16:35:26,Yy2ZovGi-Uk,332823,9111,0,122
2025-11-24 16:35:26,uQc-pW3QLuI,5922451,113016,0,4927
2025-11-24 16:35:26,I9U5JRfZ4bA,18471,660,0,109
2025-11-24 16:35:26,6hIKI8RZ1ys,429009,6962,0,16
2025-11-24 16:35:26,nbzmTUB-FCs,11366,1085,0,179
2025-11-24 16:35:26,6L7xTio0QyY,21264,4304,0,438
2025-11-24 16:35:26,fiG_T-0zFT8,361868,27325,0,1392
2025-11-24 16:35:26,W3eUZa56o0s,171753,3293,0,1281
2025-11-24 16:35:26,FFXSoSl_lGg,52150,3485,0,152
2025-11-24 16:35:26,ZXrcsNlbtgs,104648,921,0,0
2025-11-24 16:35:26,4-6IONBWRMQ,75772,1340,0,30
2025-11-24 16:35:26,dolefeooLzc,168327,3793,0,262
2025-11-24 16:35:26,24VDsNgWNfw,72773,407,0,1
2025-11-24 16:35:26,IZ9kqxCDvAs,487113,24959,0,1725
2025-11-24 16:35:26,5ftlnz91DaM,75142,5983,0,360
2025-11-24 17:55:58,tmVYOETfA10,11641,1580,0,57
2025-11-24 17:55:58,W3eUZa56o0s,174708,3344,0,1300
2025-11-24 17:55:58,QRTGKxrKBPM,299916,33370,0,922
2025-11-24 17:55:58,uQc-pW3QLuI,5981833,113803,0,4952
2025-11-24 17:55:58,llAI08UYyAw,332227,116881,0,6042
2025-11-24 17:55:58,snH3HQSF7Ew,188705,3407,0,628
2025-11-24 17:55:58,jRgzfKDTI7g,324563,9352,0,308
2025-11-24 17:55:58,IftQ9zQ06-0,9969,428,0,55
2025-11-24 17:55:58,BT4XRgmCjjQ,196663,,0,18
2025-11-24 17:55:58,hXKJ0gHYQ6E,46082,268,0,16
2025-11-24 17:55:58,SdVBuVm_Sw8,93515,701,0,0
2025-11-24 17:55:58,NED7nev2ywQ,32450526,1262534,0,120370
2025-11-24 17:55:58,dolefeooLzc,179134,3918,0,270
2025-11-24 17:55:58,DOmdfYIPBXE,262993,2596,0,82
2025-11-24 17:55:58,2HwsSTLuA8A,120599,3712,0,430
2025-11-24 17:55:58,ayjRv2g2UqY,239868,15977,0,719
2025-11-24 17:55:58,xZFWSWcQ3As,62117,804,0,56
2025-11-24 17:55:58,qIXl45sU0wk,67777,2371,0,10
2025-11-24 17:55:58,IcWvUlwcKAI,2967,1006,0,82
2025-11-24 17:55:58,5ftlnz91DaM,79202,6194,0,365
2025-11-24 17:55:58,Aj8AmqTQkAs,61045,765,0,46
2025-11-24 17:55:58,UFozBQrnmII,720980,24339,0,361
2025-11-24 17:55:58,7gDl4S3wB14,355303,7067,0,698
2025-11-24 17:55:58,4oml768wFnk,20224,2525,0,144
2025-11-24 17:55:58,m0HhR1k9JEw,87074,199,0,3
2025-11-24 17:55:58,IW14wQJKSC4,71935,3582,0,143
2025-11-24 17:55:58,QebVV6D641k,164519,907,0,613
2025-11-24 17:55:58,sgi_eji-ysM,253239,5258,0,62
2025-11-24 17:55:58,tPMkWfK6N-E,70250,8089,0,436
2025-11-24 17:55:58,wUGh03rLZbY,53367,2356,0,195
2025-11-24 17:55:58,FFXSoSl_lGg,55619,3610,0,154
2025-11-24 17:55:58,24VDsNgWNfw,75578,414,0,1
2025-11-24 17:55:58,MarWse2JmWU,295705,3298,0,13
2025-11-24 17:55:58,zupf7Kwx6v4,116408,2474,0,169
2025-11-24 17:55:58,KSha-fc5EhA,87887,519,0,0
2025-11-24 17:55:58,oVwGURkvEq4,111860,1554,0,607
2025-11-24 17:55:58,dhzVHS8C_nc,82115,489,0,0
2025-11-24 17:55:58,gSXQd_5ht0E,246650,18485,0,931
2025-11-24 17:55:58,Yy2ZovGi-Uk,334007,9127,0,123
2025-11-24 17:55:58,oLY17RG3OMI,161142,3196,0,216
2025-11-24 17:55:58,uOZRP1-dvhA,106985,1252,0,111
2025-11-24 17:55:58,4l9Ni3tjbwM,1049028,11856,0,108
2025-11-24 17:55:58,DG4ax7ec64o,389468,4996,0,244
2025-11-24 17:55:58,oslNxV_8Q2c,241133,10318,0,114
2025-11-24 17:55:58,ex7ieF2B09A,48062,1182,0,60
2025-11-24 17:55:58,fiG_T-0zFT8,366606,27453,0,1393
2025-11-24 17:55:58,6L7xTio0QyY,23294,4377,0,440
2025-11-24 17:55:58,I9U5JRfZ4bA,19181,675,0,112
2025-11-24 17:55:58,yxXNIzrfPNQ,43372,4548,0,649
2025-11-24 17:55:58,IZ9kqxCDvAs,494187,25109,0,1730
2025-11-24 17:55:58,_6xcFXlJcX8,69031,812,0,23
2025-11-24 17:55:58,nbzmTUB-FCs,11668,1098,0,179
2025-11-24 17:55:58,LUQ28DBF7EU,83684,2749,0,245
2025-11-24 17:55:58,kuetvJE_C_U,152579,3927,0,65
2025-11-24 17:55:58,HIE0fSPuvLY,167355,819,0,15
2025-11-24 17:55:58,nDeKfR5iBxY,627155,30868,0,1255
2025-11-24 17:55:58,VXsWwTTgt78,245956,11559,0,66
2025-11-24 17:55:58,4-6IONBWRMQ,78803,1370,0,30
2025-11-24 17:55:58,kCnD_dMyJ3M,29976,1796,0,0
2025-11-24 17:55:58,lUHLwBOY04I,91443,10939,0,256
2025-11-24 17:55:58,9XNqe5r8xHI,400240,5802,0,20
2025-11-24 17:55:58,ZXrcsNlbtgs,104686,922,0,0
2025-11-24 17:55:58,vMg1KAFAKiY,456548,106678,0,6491
2025-11-24 17:55:58,0-74AHbFWic,106610,10022,0,584
2025-11-24 17:55:58,h09ng9lTOEM,169576,1511,0,5
2025-11-24 17:55:58,QJpTBz916MI,830958,96397,0,2703
2025-11-24 17:55:58,xcqjxAXsbHU,434107,24892,0,1112
2025-11-24 17:55:58,UF4n5zmzx9A,127728,3716,0,219
2025-11-24 17:55:58,dCmNVtLsYzA,95120,5786,0,351
2025-11-24 17:55:58,6hIKI8RZ1ys,429009,6958,0,16
2025-11-24 17:55:58,KO6gxf8vXJQ,224361,530,0,1
2025-11-24 17:55:58,tk9FDjJd6zM,13204,354,0,43
2025-11-24 23:45:02,4l9Ni3tjbwM,1059370,11916,0,112
2025-11-24 23:45:02,DG4ax7ec64o,466347,5866,0,284
2025-11-24 23:45:02,gYEhRoknpZQ,47901,638,0,134
2025-11-24 23:45:02,-3TOkp_6gRQ,469112,8899,0,62
2025-11-24 23:45:02,4Xt_hR0KNvY,25366,5767,0,1239
2025-11-24 23:45:02,LUQ28DBF7EU,122381,3456,0,291
2025-11-24 23:45:02,tPMkWfK6N-E,81315,8655,0,448
2025-11-24 23:45:02,vpXtzSpyV_8,92289,9183,0,531
2025-11-24 23:45:02,6hIKI8RZ1ys,429009,6941,0,16
2025-11-24 23:45:02,x15pDRtzYno,49746,979,0,148
2025-11-24 23:45:02,04-csl0RRJc,34555,896,0,204
2025-11-24 23:45:02,jRgzfKDTI7g,369462,10062,0,319
2025-11-24 23:45:02,VhzqSrscVP8,75629,4311,0,319
2025-11-24 23:45:02,dx4XsqUGm10,34303,11031,0,935
2025-11-24 23:45:02,IcWvUlwcKAI,5650,1430,0,121
2025-11-24 23:45:02,gSXQd_5ht0E,293312,19926,0,962
2025-11-24 23:45:02,JUYQapYmw74,118829,1401,0,1
2025-11-24 23:45:02,llAI08UYyAw,775639,198265,0,8055
2025-11-24 23:45:02,kuetvJE_C_U,153919,3926,0,66
2025-11-24 23:45:02,Yy2ZovGi-Uk,339192,9173,0,132
2025-11-24 23:45:02,qJvjFBhQ6vQ,55906,1345,0,40
2025-11-24 23:45:02,zupf7Kwx6v4,124111,2572,0,170
2025-11-24 23:45:02,nbzmTUB-FCs,13252,1152,0,185
2025-11-24 23:45:02,4oml768wFnk,25756,2801,0,151
2025-11-24 23:45:02,ygIwtR2txaw,117430,6854,0,210
2025-11-24 23:45:02,-dfR8iYqwK4,76317,2300,0,389
2025-11-24 23:45:02,Pzqzy2ZIcLI,164107,9079,0,33
2025-11-24 23:45:02,IftQ9zQ06-0,31927,847,0,104
2025-11-24 23:45:02,k1yXf4L5bnc,71469,2109,0,136
2025-11-24 23:45:02,24VDsNgWNfw,78374,420,0,1
2025-11-24 23:45:02,ANU0lVGfWyo,89250,15273,0,1394
2025-11-24 23:45:02,qIXl45sU0wk,105637,2594,0,19
2025-11-24 23:45:02,dqMImJF-rgA,56837,2776,0,267
2025-11-24 23:45:02,fiG_T-0zFT8,390506,28135,0,1404
2025-11-24 23:45:02,wUGh03rLZbY,81316,3072,0,237
2025-11-24 23:45:02,FFXSoSl_lGg,73616,4176,0,162
2025-11-24 23:45:02,8j4RM-bBYvA,6144,821,0,262
2025-11-24 23:45:02,MRYXsF2lblY,75522,12350,0,698
2025-11-24 23:45:02,Aj8AmqTQkAs,73297,930,0,52
2025-11-24 23:45:02,QJpTBz916MI,880561,99725,0,2754
2025-11-24 23:45:02,YMxjZF3gtoM,66494,7060,0,469
2025-11-24 23:45:02,dolefeooLzc,221311,4416,0,300
2025-11-24 23:45:02,QebVV6D641k,191303,1030,0,691
2025-11-24 23:45:02,I9U5JRfZ4bA,22803,770,0,133
2025-11-24 23:45:02,ZXrcsNlbtgs,104874,915,0,0
2025-11-24 23:45:02,KDC-EOsNzAg,46570,11736,0,376
2025-11-24 23:45:02,7gDl4S3wB14,398216,7427,0,737
2025-11-24 23:45:02,2HwsSTLuA8A,130362,3872,0,442
2025-11-24 23:45:02,SdVBuVm_Sw8,94505,701,0,0
2025-11-24 23:45:02,_6xcFXlJcX8,83719,939,0,32
2025-11-24 23:45:02,WsLcF1ojgFU,15033,1942,0,270
2025-11-24 23:45:02,uOZRP1-dvhA,142253,1502,0,132
2025-11-24 23:45:02,ayjRv2g2UqY,310911,17480,0,754
2025-11-24 23:45:02,0-74AHbFWic,118474,10633,0,608
2025-11-24 23:45:02,G36amiUCkXU,43726,14072,0,2537
2025-11-24 23:45:02,yRhin7unPeI,87908,3650,0,397
2025-11-24 23:45:02,OWpLhNyqeqg,13112,2682,0,307
2025-11-24 23:45:02,DOmdfYIPBXE,286755,2716,0,82
2025-11-24 23:45:02,oLY17RG3OMI,189570,3684,0,236
2025-11-24 23:45:02,XtTT5XdZVpw,36346,3033,0,155
2025-11-24 23:45:02,BT4XRgmCjjQ,200941,,0,21
2025-11-24 23:45:02,UfVkyXaTGcs,56169,2725,0,57
2025-11-24 23:45:02,IW14wQJKSC4,77041,3720,0,143
2025-11-24 23:45:02,HIE0fSPuvLY,167486,813,0,18
2025-11-24 23:45:02,sgi_eji-ysM,260703,5292,0,63
2025-11-24 23:45:02,oVwGURkvEq4,122986,1651,0,634
2025-11-24 23:45:02,UF4n5zmzx9A,147802,4071,0,234
2025-11-24 23:45:02,TAL-HXKac80,655470,33567,0,1335
2025-11-24 23:45:02,snH3HQSF7Ew,205693,3575,0,661
2025-11-24 23:45:02,6L7xTio0QyY,34756,4628,0,466
2025-11-24 23:45:02,6mP-mEHEQcw,74181,5831,0,845
2025-11-24 23:45:02,S3Q33-4q1xo,52372,880,0,68
2025-11-24 23:45:02,UFozBQrnmII,749254,24569,0,385
2025-11-24 23:45:02,yxXNIzrfPNQ,57954,5092,0,705
2025-11-24 23:45:02,L6tkKvVCs0Y,34838,8080,0,461
2025-11-24 23:45:02,tmVYOETfA10,16560,1940,0,61
2025-11-24 23:45:02,599nhYHHvQo,88055,842,0,0
2025-11-24 23:45:02,lUHLwBOY04I,106558,12286,0,276
2025-11-24 23:45:02,oslNxV_8Q2c,246911,10326,0,112
2025-11-24 23:45:02,dhzVHS8C_nc,82159,486,0,0
2025-11-24 23:45:02,xZFWSWcQ3As,79869,970,0,62
2025-11-24 23:45:02,QRTGKxrKBPM,330356,34970,0,951
2025-11-24 23:45:02,VXsWwTTgt78,251099,11592,0,70
2025-11-24 23:45:02,IZ9kqxCDvAs,533160,26224,0,1782
2025-11-24 23:45:02,xuL1CDdhsOg,218021,2080,0,0
2025-11-24 23:45:02,tk9FDjJd6zM,19114,465,0,53
2025-11-24 23:45:02,dCmNVtLsYzA,121182,6798,0,396
2025-11-24 23:45:02,vMg1KAFAKiY,628572,129313,0,7417
2025-11-24 23:45:02,kCnD_dMyJ3M,39604,2068,0,0
2025-11-24 23:45:02,9XNqe5r8xHI,412485,5864,0,23
2025-11-24 23:45:02,ex7ieF2B09A,92067,1863,0,98
2025-11-24 23:45:02,f8aS4qwuO7k,129460,8078,0,61
2025-11-24 23:45:02,x_RYZsOfpKY,2792504,140979,0,10511
2025-11-24 23:45:02,NED7nev2ywQ,33507682,1273118,0,121192
2025-11-24 23:45:02,xcqjxAXsbHU,456489,25376,0,1126
2025-11-24 23:45:02,koeM_jz4CdM,181761,9566,0,1008
2025-11-24 23:45:02,TVqEwvbZP30,383589,62517,0,5174
2025-11-24 23:45:02,nDeKfR5iBxY,663751,32294,0,1305
2025-11-24 23:45:02,m0HhR1k9JEw,87431,199,0,4
2025-11-24 23:45:02,W3eUZa56o0s,187131,3483,0,1362
2025-11-24 23:45:02,MarWse2JmWU,296563,3301,0,17
2025-11-24 23:45:02,hXKJ0gHYQ6E,47906,268,0,17
2025-11-24 23:45:02,uQc-pW3QLuI,6231041,116596,0,5033
2025-11-24 23:45:02,AmQXv7Pyqvw,83861,935,0,8
2025-11-24 23:45:02,KO6gxf8vXJQ,228883,527,0,1
2025-11-24 23:45:02,5ftlnz91DaM,95133,7082,0,395
2025-11-24 23:45:02,h09ng9lTOEM,171766,1505,0,6
2025-11-24 23:45:02,4-6IONBWRMQ,90307,1496,0,31
2025-11-24 23:45:02,81QYAxvO3Ik,77320,13010,0,868
2025-11-24 23:45:02,KSha-fc5EhA,92239,525,0,0
2025-11-26 15:57:52,kux5GmbZhVg,6384,545,0,13
2025-11-26 15:57:52,FFXSoSl_lGg,109348,4865,0,174
2025-11-26 15:57:52,TVqEwvbZP30,3203921,100271,0,8899
2025-11-26 15:57:52,BFaHdJVDmXY,31760,2736,0,120
2025-11-26 15:57:52,LUQ28DBF7EU,159149,3847,0,315
2025-11-26 15:57:52,gYEhRoknpZQ,105269,929,0,169
2025-11-26 15:57:52,s5dFrPwvbHY,174181,28895,0,1452
2025-11-26 15:57:52,lUHLwBOY04I,152835,15886,0,321
2025-11-26 15:57:52,7bqePXphj2g,230164,17162,0,1487
2025-11-26 15:57:52,z-aco1hi0Iw,140923,1651,0,256
2025-11-26 15:57:52,I9U5JRfZ4bA,31134,908,0,148
2025-11-26 15:57:52,hXKJ0gHYQ6E,48619,266,0,19
2025-11-26 15:57:52,U7wDhVWgd5w,51970,1097,0,6
2025-11-26 15:57:52,jRgzfKDTI7g,455032,11430,0,344
2025-11-26 15:57:52,4Ddbjkyy2C0,119564,836,0,0
2025-11-26 15:57:52,dhzVHS8C_nc,82161,480,0,1
2025-11-26 15:57:52,ZXrcsNlbtgs,104988,912,0,0
2025-11-26 15:57:52,4Xt_hR0KNvY,133375,11363,0,2158
2025-11-26 15:57:52,L6tkKvVCs0Y,265203,12732,0,571
2025-11-26 15:57:52,24VDsNgWNfw,80629,425,0,1
2025-11-26 15:57:52,tmVYOETfA10,47039,3295,0,88
2025-11-26 15:57:52,nDeKfR5iBxY,792860,37559,0,1408
2025-11-26 15:57:52,vQ_NFqtGDgo,76770,15997,0,692
2025-11-26 15:57:52,0-74AHbFWic,146839,11562,0,626
2025-11-26 15:57:52,iKVcCmyqoik,82860,5435,0,207
2025-11-26 15:57:52,NkHjY_EaCgY,90199,1511,0,92
2025-11-26 15:57:52,oslNxV_8Q2c,247332,10472,0,117
2025-11-26 15:57:52,dolefeooLzc,344625,5563,0,360
2025-11-26 15:57:52,4-6IONBWRMQ,106201,1676,0,33
2025-11-26 15:57:52,4oml768wFnk,40241,3136,0,160
2025-11-26 15:57:52,PtSwg--FueA,135355,1233,0,369
2025-11-26 15:57:52,sgi_eji-ysM,270243,5418,0,66
2025-11-26 15:57:52,x_RYZsOfpKY,11101430,275287,0,17140
2025-11-26 15:57:52,QRTGKxrKBPM,449150,38720,0,990
2025-11-26 15:57:52,JrI4_jUZe98,254703,49366,0,1892
2025-11-26 15:57:52,DSPV0RT3BJI,72856,,0,
2025-11-26 15:57:52,Aj8AmqTQkAs,92747,1117,0,58
2025-11-26 15:57:52,LxMaia85m5Y,171452,3572,0,159
2025-11-26 15:57:52,xcqjxAXsbHU,539261,26766,0,1178
2025-11-26 15:57:52,VXsWwTTgt78,254424,11835,0,73
2025-11-26 15:57:52,6hIKI8RZ1ys,419312,6929,0,18
2025-11-26 15:57:52,vMg1KAFAKiY,984857,167146,0,8924
2025-11-26 15:57:52,P0OLVEm0pfM,65926,194,0,0
2025-11-26 15:57:52,f8aS4qwuO7k,144744,8531,0,71
2025-11-26 15:57:52,IftQ9zQ06-0,112627,1803,0,249
2025-11-26 15:57:52,9SaAfQ6eACQ,67754,999,0,203
2025-11-26 15:57:52,55xYiuSAp5c,280752,4460,0,11
2025-11-26 15:57:52,QJpTBz916MI,1014102,105446,0,2869
2025-11-26 15:57:52,v55qDr_jJFA,10801,1133,0,78
2025-11-26 15:57:52,tXJJhKobuas,164410,2383,0,144
2025-11-26 15:57:52,Yy2ZovGi-Uk,348603,9352,0,139
2025-11-26 15:57:52,qIXl45sU0wk,118979,2776,0,25
2025-11-26 15:57:52,-3TOkp_6gRQ,486702,9226,0,86
2025-11-26 15:57:52,SdVBuVm_Sw8,,699,0,0
2025-11-26 15:57:52,UF4n5zmzx9A,204214,5018,0,265
2025-11-26 15:57:52,XZ1FhU9XeEc,128481,1796,0,240
2025-11-26 15:57:52,BsyEN86cR0U,230288,7214,0,69
2025-11-26 15:57:52,jWFQ3A1Dtdg,202179,10599,0,1100
2025-11-26 15:57:52,7gDl4S3wB14,478501,8226,0,808
2025-11-26 15:57:52,Gth1zEFH2TM,86440,1908,0,50
2025-11-26 15:57:52,cBPtIHuFa_o,80221,3315,0,363
2025-11-26 15:57:52,llAI08UYyAw,2496662,336400,0,10562
2025-11-26 15:57:52,hn17tmdaAzQ,677860,6400,0,93
2025-11-26 15:57:52,9XNqe5r8xHI,430842,6029,0,26
2025-11-26 15:57:52,m0HhR1k9JEw,87631,198,0,5
2025-11-26 15:57:52,tPMkWfK6N-E,104741,9839,0,492
2025-11-26 15:57:52,dx4XsqUGm10,169102,17489,0,1322
2025-11-26 15:57:52,TAL-HXKac80,3186875,73906,0,2462
2025-11-26 15:57:52,G36amiUCkXU,334921,25257,0,4531
2025-11-26 15:57:52,IZ9kqxCDvAs,700195,29563,0,1948
2025-11-26 15:57:52,81QYAxvO3Ik,177236,18638,0,1182
2025-11-26 15:57:52,D8gbtByJSI8,77117,373,0,2
2025-11-26 15:57:52,l57EJ_eLsIc,155042,1487,0,579
2025-11-26 15:57:52,Gln8wDtITJ4,31311,2209,0,185
2025-11-26 15:57:52,eWetBwa4vVI,25309,1969,0,121
2025-11-26 15:57:52,yRhin7unPeI,166978,4974,0,459
2025-11-26 15:57:52,vpXtzSpyV_8,3548632,20067,0,1020
2025-11-26 15:57:52,gSXQd_5ht0E,631142,22383,0,1026
2025-11-26 15:57:52,j6TnwWfuf-I,80747,1902,0,110
2025-11-26 15:57:52,Kc7TkgWiWrc,12888,634,0,29
2025-11-26 15:57:52,CZP11p3DklQ,46672,2187,0,111
2025-11-26 15:57:52,dmBAMwBBxoM,109503,3808,0,351
2025-11-26 15:57:52,ITQYMtkP23E,290205,1382,0,0
2025-11-26 15:57:52,kCnD_dMyJ3M,74720,2530,0,0
2025-11-26 15:57:52,fiSsGbfus6I,246321,1898,0,1159
2025-11-26 15:57:52,k1yXf4L5bnc,110405,2686,0,150
2025-11-26 15:57:52,KSha-fc5EhA,93062,521,0,0
2025-11-26 15:57:52,dCmNVtLsYzA,189977,9472,0,540
2025-11-26 15:57:52,WGyadbTx8bs,279412,10815,0,964
2025-11-26 15:57:52,PwaldW6SXwE,19323,2199,0,207
2025-11-26 15:57:52,BT4XRgmCjjQ,210928,,0,34
2025-11-26 15:57:52,YMxjZF3gtoM,266631,13213,0,764
2025-11-26 15:57:52,OWpLhNyqeqg,65426,4559,0,421
2025-11-26 15:57:52,tk9FDjJd6zM,32783,648,0,73
2025-11-26 15:57:52,Zvh5BE2Guik,250261,10740,0,186
2025-11-26 15:57:52,nbzmTUB-FCs,18876,1276,0,191
2025-11-26 15:57:52,JkKNqaEl9Aw,96355,16627,0,1574
2025-11-26 15:57:52,koeM_jz4CdM,364400,14156,0,1453
2025-11-26 15:57:52,5ftlnz91DaM,151147,9548,0,479
2025-11-26 15:57:52,6ixvIIIxwlk,104108,1068,0,0
2025-11-26 15:57:52,j-4AHlLg9XA,,104,0,0
2025-11-26 15:57:52,PJyQaQosJpk,74719,849,0,14
2025-11-26 15:57:52,CvGT2o7-_ZA,79749,1528,0,8
2025-11-26 15:57:52,WsLcF1ojgFU,40734,2818,0,404
2025-11-26 15:57:52,BM13CSsDrV8,4950,276,0,0
2025-11-26 15:57:52,G_3xr5desOo,80934,2742,0,105
2025-11-26 15:57:52,UfVkyXaTGcs,191771,5003,0,103
2025-11-26 15:57:52,KO6gxf8vXJQ,228886,526,0,1
2025-11-26 15:57:52,zLfnSXg0jKg,110371,3007,0,135
2025-11-26 15:57:52,yxXNIzrfPNQ,94775,5943,0,802
2025-11-26 15:57:52,3rGi2kiSzkA,40212,2339,0,105
2025-11-26 15:57:52,fCDvm0Y3qkw,284095,15147,0,163
2025-11-26 15:57:52,ygIwtR2txaw,267282,10382,0,250
2025-11-26 15:57:52,ST05E_5kn2E,202910,4004,0,297
2025-11-26 15:57:52,6kWw9Nn4dIY,99322,5300,0,318
2025-11-26 15:57:52,4l9Ni3tjbwM,1060175,12072,0,123
2025-11-26 15:57:52,DOmdfYIPBXE,328540,3030,0,86
2025-11-26 15:57:52,kuetvJE_C_U,150852,3970,0,66
2025-11-26 15:57:52,xZFWSWcQ3As,106951,1201,0,78
2025-11-26 15:57:52,VhzqSrscVP8,143384,5922,0,406
2025-11-26 15:57:52,BNWYJZp2CbQ,47370,440,0,22
2025-11-26 15:57:52,IcWvUlwcKAI,9070,1851,0,144
2025-11-26 15:57:52,b9z3Iaz5Zrc,46038,3569,0,248
2025-11-26 15:57:52,2HwsSTLuA8A,141076,4094,0,456
2025-11-26 15:57:52,IW_KV5nqWRI,41598,225,0,8
2025-11-26 15:57:52,A3Ki9cI9T9w,87247,2067,0,527
2025-11-26 15:57:52,vQpF9mIiYFU,5467,201,0,22
2025-11-26 15:57:52,oVwGURkvEq4,141155,1750,0,654
2025-11-26 15:57:52,S3Q33-4q1xo,106022,1254,0,82
2025-11-26 15:57:52,snH3HQSF7Ew,239147,3911,0,693
2025-11-26 15:57:52,NED7nev2ywQ,37906250,1326812,0,128588
2025-11-26 15:57:52,xjUPVppl1DI,434993,8851,0,382
2025-11-26 15:57:52,oLY17RG3OMI,267216,4758,0,275
2025-11-26 15:57:52,miySB69T1xw,324070,10816,0,432
2025-11-26 15:57:52,G7eh40XgTiw,72864,1109,0,148
2025-11-26 15:57:52,I52yC34Ji2k,118759,23121,0,1064
2025-11-26 15:57:52,GJMOK14mB2c,100451,2571,0,139
2025-11-26 15:57:52,MRYXsF2lblY,187043,17997,0,990
2025-11-26 15:57:52,taSKSaq5qh8,249256,4098,0,38
2025-11-26 15:57:52,2NKK6Mg27XI,198144,13935,0,459
2025-11-26 15:57:52,x15pDRtzYno,117536,1520,0,189
2025-11-26 15:57:52,599nhYHHvQo,,839,0,0
2025-11-26 15:57:52,SWdjfMIkQCg,150042,2139,0,158
2025-11-26 15:57:52,04-csl0RRJc,54428,1042,0,262
2025-11-26 15:57:52,e0okJjgNTl0,292156,2711,0,6
2025-11-26 15:57:52,eHmQ_b0LkUA,373362,85708,0,3208
2025-11-26 15:57:52,j-8vLi2sMg0,45490,5320,0,78
2025-11-26 15:57:52,KDC-EOsNzAg,140443,21430,0,579
2025-11-26 15:57:52,fiG_T-0zFT8,483983,29975,0,1431
2025-11-26 15:57:52,-dfR8iYqwK4,189529,3357,0,483
2025-11-26 15:57:52,DG4ax7ec64o,617735,7334,0,318
2025-11-26 15:57:52,uOZRP1-dvhA,219820,2229,0,172
2025-11-26 15:57:52,HIE0fSPuvLY,167513,811,0,20
2025-11-26 15:57:52,JUYQapYmw74,120676,1403,0,3
2025-11-26 15:57:52,xx3ZTvOhNoM,212813,7920,0,66
2025-11-26 15:57:52,XILnJKGc0yo,168427,18715,0,3300
2025-11-26 15:57:52,qJvjFBhQ6vQ,170000,2173,0,63
2025-11-26 15:57:52,_6xcFXlJcX8,106674,1180,0,35
2025-11-26 15:57:52,8j4RM-bBYvA,20931,1210,0,424
2025-11-26 15:57:52,6L7xTio0QyY,77964,5052,0,486
2025-11-26 15:57:52,W3eUZa56o0s,215771,3803,0,1481
2025-11-26 15:57:52,cl-BT6bDxEI,112041,3178,0,184
2025-11-26 15:57:52,7SoVjT-0Rhw,26365,1727,0,247
2025-11-26 15:57:52,AmQXv7Pyqvw,72625,938,0,10
2025-11-26 15:57:52,Pzqzy2ZIcLI,169871,9407,0,46
2025-11-26 15:57:52,UFozBQrnmII,783915,25213,0,420
2025-11-26 15:57:52,6oS55kztPlE,9067,761,0,23
2025-11-26 15:57:52,a72dN8ZWPWg,123034,2839,0,1738
2025-11-26 15:57:52,ANU0lVGfWyo,382046,31627,0,2282
2025-11-26 15:57:52,ex7ieF2B09A,212180,3463,0,185
2025-11-26 15:57:52,GxXpkps21Kc,302182,13011,0,227
2025-11-26 15:57:52,0GICIe0Tgf8,7962,722,0,24
2025-11-26 15:57:52,qFdZAyr_xmw,44587,2118,0,356
2025-11-26 15:57:52,h09ng9lTOEM,168323,1511,0,8
2025-11-26 15:57:52,HQdJ8dMeCHM,106191,681,0,1490
2025-11-26 15:57:52,qEGsMTo-adg,19746,1720,0,208
2025-11-26 15:57:52,MarWse2JmWU,287738,3297,0,24
2025-11-26 15:57:52,dqMImJF-rgA,118824,3792,0,330
2025-11-26 15:57:52,Rc8f268ueOE,137351,1534,0,367
2025-11-26 15:57:52,ayjRv2g2UqY,705467,19601,0,800
2025-11-26 15:57:52,SnCG-_lf74w,567295,18036,0,920
2025-11-26 15:57:52,aHKMl9HVqZQ,115883,3790,0,329
2025-11-26 15:57:52,zupf7Kwx6v4,140116,2755,0,174
2025-11-26 15:57:52,b1OwvLh8HnU,8053,220,0,7
2025-11-26 15:57:52,BDxXPvOdz50,151982,2379,0,629
2025-11-26 15:57:52,HP8qpxRpIW8,546396,26462,0,904
2025-11-26 15:57:52,uQc-pW3QLuI,6936784,125054,0,5156
2025-11-26 15:57:52,cVL4bRjA6X0,370319,35601,0,1296
2025-11-26 15:57:52,NIGA89HGTBU,1011877,18688,0,878
2025-11-26 15:57:52,Em805jfRVXs,113908,2716,0,361
2025-11-26 15:57:52,ScutqxM3z_s,117767,6604,0,396
2025-11-26 15:57:52,6mP-mEHEQcw,215102,9731,0,1312
2025-11-26 15:57:52,XtTT5XdZVpw,110748,4511,0,216
2025-11-26 15:57:52,vIUORnIS_ug,264410,12513,0,965
2025-11-26 15:57:52,IW14wQJKSC4,94469,3988,0,148
2025-11-26 15:57:52,xuL1CDdhsOg,211207,2078,0,1
2025-11-26 15:57:52,u66QoyjtANg,141259,1100,0,0
2025-11-26 15:57:52,QebVV6D641k,226686,1187,0,773
2025-11-26 15:57:52,wUGh03rLZbY,117837,3705,0,258
2025-11-27 01:54:20,L6tkKvVCs0Y,326920,13163,0,581
2025-11-27 01:54:20,JUYQapYmw74,120875,1400,0,3
2025-11-27 01:54:20,Zvh5BE2Guik,256563,10726,0,192
2025-11-27 01:54:20,IcWvUlwcKAI,9561,1905,0,149
2025-11-27 01:54:20,7gDl4S3wB14,498294,8386,0,822
2025-11-27 01:54:20,G36amiUCkXU,399008,27043,0,5012
2025-11-27 01:54:20,ineS6XL0vc8,64309,1868,0,72
2025-11-27 01:54:20,kSmHmdAnDYc,184733,5812,0,753
2025-11-27 01:54:20,PJyQaQosJpk,75550,846,0,15
2025-11-27 01:54:20,2NKK6Mg27XI,221638,14708,0,471
2025-11-27 01:54:20,ex7ieF2B09A,235652,3777,0,193
2025-11-27 01:54:20,W3eUZa56o0s,222842,3866,0,1506
2025-11-27 01:54:20,j6TnwWfuf-I,94132,2066,0,115
2025-11-27 01:54:20,Yy2ZovGi-Uk,350192,9372,0,144
2025-11-27 01:54:20,ST05E_5kn2E,238309,4537,0,320
2025-11-27 01:54:20,2HwsSTLuA8A,142761,4122,0,457
2025-11-27 01:54:20,PwaldW6SXwE,24297,2415,0,225
2025-11-27 01:54:20,gYEhRoknpZQ,107762,940,0,168
2025-11-27 01:54:20,7SoVjT-0Rhw,29564,1787,0,259
2025-11-27 01:54:20,StcmgD_0aRI,77203,8709,0,2351
2025-11-27 01:54:20,VhzqSrscVP8,149486,6035,0,408
2025-11-27 01:54:20,6oS55kztPlE,16205,972,0,29
2025-11-27 01:54:20,w0ZQp2CmHHw,83314,1786,0,181
2025-11-27 01:54:20,dx4XsqUGm10,191312,18077,0,1351
2025-11-27 01:54:20,NED7nev2ywQ,38737947,1336176,0,129533
2025-11-27 01:54:20,2j2jXv6Juxc,109645,1872,0,71
2025-11-27 01:54:20,81QYAxvO3Ik,189140,19054,0,1207
2025-11-27 01:54:20,QRTGKxrKBPM,483443,39778,0,1010
2025-11-27 01:54:20,sgi_eji-ysM,272245,5432,0,67
2025-11-27 01:54:20,tk9FDjJd6zM,36173,693,0,78
2025-11-27 01:54:20,fiSsGbfus6I,290552,2054,0,1234
2025-11-27 01:54:20,ygIwtR2txaw,283369,10758,0,258
2025-11-27 01:54:20,HIE0fSPuvLY,167539,811,0,20
2025-11-27 01:54:20,C3jcxlsPYLE,158163,9183,0,47
2025-11-27 01:54:20,WsLcF1ojgFU,44702,2910,0,412
2025-11-27 01:54:20,D8gbtByJSI8,77207,369,0,2
2025-11-27 01:54:20,KSha-fc5EhA,93146,520,0,0
2025-11-27 01:54:20,_6xcFXlJcX8,109620,1204,0,35
2025-11-27 01:54:20,-3TOkp_6gRQ,489532,9252,0,88
2025-11-27 01:54:20,u66QoyjtANg,141345,1096,0,0
2025-11-27 01:54:20,vIUORnIS_ug,306052,13209,0,1011
2025-11-27 01:54:20,tXJJhKobuas,189235,2603,0,147
2025-11-27 01:54:20,MarWse2JmWU,288076,3292,0,24
2025-11-27 01:54:20,XtTT5XdZVpw,115729,4601,0,217
2025-11-27 01:54:20,Lj1Qi3-zQgg,12989,3220,0,122
2025-11-27 01:54:20,jRgzfKDTI7g,469447,11667,0,348
2025-11-27 01:54:20,S0UEqkus7FA,250114,11607,0,153
2025-11-27 01:54:20,qIXl45sU0wk,121088,2800,0,26
2025-11-27 01:54:20,VXsWwTTgt78,256426,11871,0,73
2025-11-27 01:54:20,nDeKfR5iBxY,835709,39270,0,1433
2025-11-27 01:54:20,G_3xr5desOo,101236,3100,0,115
2025-11-27 01:54:20,6kWw9Nn4dIY,123440,5931,0,344
2025-11-27 01:54:20,55xYiuSAp5c,299703,4573,0,18
2025-11-27 01:54:20,JrI4_jUZe98,357291,61489,0,2070
2025-11-27 01:54:20,dCmNVtLsYzA,196077,9662,0,548
2025-11-27 01:54:20,FFXSoSl_lGg,117565,5005,0,177
2025-11-27 01:54:20,Bj6tJxDPzoY,168506,8721,0,269
2025-11-27 01:54:20,I52yC34Ji2k,232291,35684,0,1434
2025-11-27 01:54:20,Am2ElEWNvTY,29261,2397,0,156
2025-11-27 01:54:20,WVVv8Uyok_U,51750,3350,0,659
2025-11-27 01:54:20,6hIKI8RZ1ys,419499,6926,0,18
2025-11-27 01:54:20,tLBq_jH5FDI,66256,1240,0,134
2025-11-27 01:54:20,4l9Ni3tjbwM,1064069,12099,0,125
2025-11-27 01:54:20,I9U5JRfZ4bA,32928,934,0,152
2025-11-27 01:54:20,x_RYZsOfpKY,11914755,288812,0,17606
2025-11-27 01:54:20,e0okJjgNTl0,292899,2708,0,6
2025-11-27 01:54:20,j-8vLi2sMg0,64396,6422,0,83
2025-11-27 01:54:20,KC0-vIj7piY,207845,17756,0,214
2025-11-27 01:54:20,BDxXPvOdz50,156938,2427,0,642
2025-11-27 01:54:20,zupf7Kwx6v4,143559,2788,0,175
2025-11-27 01:54:20,IftQ9zQ06-0,131454,1960,0,273
2025-11-27 01:54:20,OWpLhNyqeqg,74242,4745,0,426
2025-11-27 01:54:20,dhzVHS8C_nc,82167,480,0,1
2025-11-27 01:54:20,4-6IONBWRMQ,108119,1702,0,33
2025-11-27 01:54:20,z-aco1hi0Iw,150729,1715,0,258
2025-11-27 01:54:20,snH3HQSF7Ew,244287,3955,0,701
2025-11-27 01:54:20,vpXtzSpyV_8,4459234,20973,0,1062
2025-11-27 01:54:20,lUHLwBOY04I,162745,16545,0,334
2025-11-27 01:54:20,GxXpkps21Kc,303865,13048,0,228
2025-11-27 01:54:20,qUgLxkENl6c,90168,6142,0,312
2025-11-27 01:54:20,gSXQd_5ht0E,859959,23085,0,1038
2025-11-27 01:54:20,Gth1zEFH2TM,99747,2074,0,52
2025-11-27 01:54:20,NIGA89HGTBU,1385936,24161,0,987
2025-11-27 01:54:20,BT4XRgmCjjQ,213548,,0,34
2025-11-27 01:54:20,vQpF9mIiYFU,10884,276,0,22
2025-11-27 01:54:20,KDC-EOsNzAg,154371,22601,0,596
2025-11-27 01:54:20,vMg1KAFAKiY,1028940,171475,0,9146
2025-11-27 01:54:20,STXcQAmoLPU,136072,1366,0,1
2025-11-27 01:54:20,Iz7mRKij2ao,7095,519,0,21
2025-11-27 01:54:20,TVqEwvbZP30,7000514,104786,0,10074
2025-11-27 01:54:20,BM13CSsDrV8,10410,464,0,0
2025-11-27 01:54:20,nzbbL07maKA,108074,6153,0,257
2025-11-27 01:54:20,BFaHdJVDmXY,63671,3995,0,171
2025-11-27 01:54:20,QebVV6D641k,231151,1207,0,785
2025-11-27 01:54:20,dmBAMwBBxoM,148664,4492,0,376
2025-11-27 01:54:20,oWv2PwrJkTM,206874,10946,0,95
2025-11-27 01:54:20,oVwGURkvEq4,143966,1767,0,660
2025-11-27 01:54:20,cBPtIHuFa_o,92514,3641,0,377
2025-11-27 01:54:20,U7wDhVWgd5w,52063,1098,0,7
2025-11-27 01:54:20,qJvjFBhQ6vQ,181645,2268,0,67
2025-11-27 01:54:20,f8aS4qwuO7k,146154,8560,0,73
2025-11-27 01:54:20,llAI08UYyAw,2716100,344895,0,10686
2025-11-27 01:54:20,3rGi2kiSzkA,47409,2573,0,108
2025-11-27 01:54:20,_o05ucPBD7g,66791,1273,0,67
2025-11-27 01:54:20,uQc-pW3QLuI,7009113,125955,0,5178
2025-11-27 01:54:20,w32-xwPxDFk,10629,971,0,51
2025-11-27 01:54:20,oslNxV_8Q2c,248528,10509,0,118
2025-11-27 01:54:20,IZ9kqxCDvAs,762915,30823,0,2023
2025-11-27 01:54:20,dIPZHyTBFz0,162470,1968,0,251
2025-11-27 01:54:20,VWg0218G38c,33943,741,0,145
2025-11-27 01:54:20,vQ_NFqtGDgo,122711,21624,0,852
2025-11-27 01:54:20,6ixvIIIxwlk,104464,1065,0,0
2025-11-27 01:54:20,LcpCd9VXGjE,333352,1573,0,0
2025-11-27 01:54:20,x15pDRtzYno,134140,1621,0,194
2025-11-27 01:54:20,s5dFrPwvbHY,196548,30540,0,1474
2025-11-27 01:54:20,PtSwg--FueA,147659,1282,0,375
2025-11-27 01:54:20,ANU0lVGfWyo,429237,33130,0,2327
2025-11-27 01:54:20,WGyadbTx8bs,339014,12344,0,1035
2025-11-27 01:54:20,fCDvm0Y3qkw,300196,15402,0,179
2025-11-27 01:54:20,MRYXsF2lblY,202213,18501,0,1017
2025-11-27 01:54:20,Caa-UHhl8Gw,83840,2552,0,199
2025-11-27 01:54:20,zLfnSXg0jKg,116261,3113,0,134
2025-11-27 01:54:20,XZ1FhU9XeEc,140247,1920,0,247
2025-11-27 01:54:20,BNWYJZp2CbQ,48281,449,0,22
2025-11-27 01:54:20,tmVYOETfA10,55526,3524,0,89
2025-11-27 01:54:20,kuetvJE_C_U,150735,3976,0,66
2025-11-27 01:54:20,DG4ax7ec64o,661468,7858,0,328
2025-11-27 01:54:20,QJpTBz916MI,1051661,106792,0,2893
2025-11-27 01:54:20,HP8qpxRpIW8,685586,29892,0,952
2025-11-27 01:54:20,YMxjZF3gtoM,289223,13819,0,788
2025-11-27 01:54:20,yxXNIzrfPNQ,103371,6087,0,819
2025-11-27 01:54:20,eWetBwa4vVI,33046,2355,0,137
2025-11-27 01:54:20,dqMImJF-rgA,134253,3953,0,339
2025-11-27 01:54:20,aHKMl9HVqZQ,132358,4142,0,333
2025-11-27 01:54:20,7bqePXphj2g,252304,17963,0,1540
2025-11-27 01:54:20,IW_KV5nqWRI,42046,226,0,11
2025-11-27 01:54:20,GJMOK14mB2c,109927,2713,0,142
2025-11-27 01:54:20,A3Ki9cI9T9w,99593,2266,0,573
2025-11-27 01:54:20,uOZRP1-dvhA,229039,2331,0,172
2025-11-27 01:54:20,m0HhR1k9JEw,87643,197,0,5
2025-11-27 01:54:20,taSKSaq5qh8,251106,4107,0,38
2025-11-27 01:54:20,hn17tmdaAzQ,696375,6483,0,104
2025-11-27 01:54:20,S3Q33-4q1xo,110316,1286,0,83
2025-11-27 01:54:20,v55qDr_jJFA,22668,1660,0,107
2025-11-27 01:54:20,5-o_tvuKSfM,32332,2785,0,123
2025-11-27 01:54:20,qFdZAyr_xmw,166677,4580,0,639
2025-11-27 01:54:20,xuL1CDdhsOg,211285,2077,0,1
2025-11-27 01:54:20,DSPV0RT3BJI,80351,,0,
2025-11-27 01:54:20,LxMaia85m5Y,191840,3748,0,169
2025-11-27 01:54:20,kux5GmbZhVg,13102,853,0,19
2025-11-27 01:54:20,qEGsMTo-adg,22665,1801,0,217
2025-11-27 01:54:20,k1yXf4L5bnc,114146,2759,0,152
2025-11-27 01:54:20,6L7xTio0QyY,81960,5128,0,497
2025-11-27 01:54:20,miySB69T1xw,438591,12415,0,469
2025-11-27 01:54:20,ayjRv2g2UqY,811571,20056,0,806
2025-11-27 01:54:20,b1OwvLh8HnU,15035,315,0,7
2025-11-27 01:54:20,xcqjxAXsbHU,567977,27238,0,1191
2025-11-27 01:54:20,TAL-HXKac80,3340342,75737,0,2553
2025-11-27 01:54:20,ZXrcsNlbtgs,105009,911,0,0
2025-11-27 01:54:20,24VDsNgWNfw,80858,428,0,1
2025-11-27 01:54:20,T8w3L1rS3o4,37336,2698,0,81
2025-11-27 01:54:20,HQdJ8dMeCHM,117082,710,0,1527
2025-11-27 01:54:20,4oml768wFnk,43721,3200,0,162
2025-11-27 01:54:20,xx3ZTvOhNoM,223626,8009,0,80
2025-11-27 01:54:20,CZP11p3DklQ,83856,3055,0,132
2025-11-27 01:54:20,b9z3Iaz5Zrc,92066,5539,0,299
2025-11-27 01:54:20,5ftlnz91DaM,160838,9878,0,488
2025-11-27 01:54:20,yRhin7unPeI,175130,5146,0,466
2025-11-27 01:54:20,Aj8AmqTQkAs,96729,1162,0,59
2025-11-27 01:54:20,1wRkbauiGU8,86159,2283,0,141
2025-11-27 01:54:20,BsyEN86cR0U,239061,7328,0,74
2025-11-27 01:54:20,SdVBuVm_Sw8,,699,0,0
2025-11-27 01:54:20,iKVcCmyqoik,103060,5790,0,219
2025-11-27 01:54:20,JkKNqaEl9Aw,280660,19497,0,1761
2025-11-27 01:54:20,3-caLm2c1XI,104327,3545,0,453
2025-11-27 01:54:20,UfVkyXaTGcs,202055,5162,0,105
2025-11-27 01:54:20,UFozBQrnmII,792028,25320,0,423
2025-11-27 01:54:20,bZ2eyQcJ49o,122319,2365,0,344
2025-11-27 01:54:20,6mP-mEHEQcw,247286,10286,0,1360
2025-11-27 01:54:20,a72dN8ZWPWg,142931,3175,0,1789
2025-11-27 01:54:20,Gln8wDtITJ4,38374,2618,0,208
2025-11-27 01:54:20,koeM_jz4CdM,383268,14610,0,1472
2025-11-27 01:54:20,CO0MSU3fqAQ,10115,1808,0,108
2025-11-27 01:54:20,xjUPVppl1DI,549983,10120,0,429
2025-11-27 01:54:20,G7eh40XgTiw,84433,1178,0,168
2025-11-27 01:54:20,j-4AHlLg9XA,,104,0,0
2025-11-27 01:54:20,DyINvuS9P34,152424,2142,0,48
2025-11-27 01:54:20,LUQ28DBF7EU,162420,3897,0,319
2025-11-27 01:54:20,Rc8f268ueOE,194045,1796,0,412
2025-11-27 01:54:20,rOZV4RZrA3A,202393,2080,0,6
2025-11-27 01:54:20,Pzqzy2ZIcLI,170934,9445,0,48
2025-11-27 01:54:20,04-csl0RRJc,55616,1052,0,268
2025-11-27 01:54:20,IW14wQJKSC4,100000,4072,0,148
2025-11-27 01:54:20,fiG_T-0zFT8,515473,30525,0,1439
2025-11-27 01:54:20,dolefeooLzc,371057,5803,0,372
2025-11-27 01:54:20,0GICIe0Tgf8,12452,930,0,29
2025-11-27 01:54:20,ScutqxM3z_s,177591,8060,0,459
2025-11-27 01:54:20,8gAg9uDn2Oo,246540,10461,0,427
2025-11-27 01:54:20,nbzmTUB-FCs,20776,1304,0,192
2025-11-27 01:54:20,pzLTGAwn0a4,30746,5323,0,424
2025-11-27 01:54:20,ITQYMtkP23E,290596,1380,0,0
2025-11-27 01:54:20,h09ng9lTOEM,168446,1511,0,8
2025-11-27 01:54:20,oLY17RG3OMI,282352,4954,0,283
2025-11-27 01:54:20,9SaAfQ6eACQ,74993,1059,0,210
2025-11-27 01:54:20,UF4n5zmzx9A,216313,5171,0,268
2025-11-27 01:54:20,0-74AHbFWic,153236,11738,0,627
2025-11-27 01:54:20,hXKJ0gHYQ6E,48728,266,0,20
2025-11-27 01:54:20,SnCG-_lf74w,777902,21282,0,1015
2025-11-27 01:54:20,ES9oYbzYCh8,142368,31365,0,1218
2025-11-27 01:54:20,NkHjY_EaCgY,110905,1708,0,105
2025-11-27 01:54:20,cl-BT6bDxEI,119651,3323,0,191
2025-11-27 01:54:20,SWdjfMIkQCg,157086,2190,0,164
2025-11-27 01:54:20,wUGh03rLZbY,122650,3790,0,258
2025-11-27 01:54:20,jWFQ3A1Dtdg,270005,12067,0,1241
2025-11-27 01:54:20,CvGT2o7-_ZA,82598,1538,0,12
2025-11-27 01:54:20,F2B4VITJfb0,77269,1809,0,184
2025-11-27 01:54:20,599nhYHHvQo,,839,0,0
2025-11-27 01:54:20,9XNqe5r8xHI,434206,6063,0,26
2025-11-27 01:54:20,jvrrjeAYtzs,65224,231,0,0
2025-11-27 01:54:20,4Xt_hR0KNvY,155468,12295,0,2321
2025-11-27 01:54:20,-dfR8iYqwK4,197158,3433,0,491
2025-11-27 01:54:20,Em805jfRVXs,234334,4581,0,533
2025-11-27 01:54:20,l57EJ_eLsIc,175164,1559,0,599
2025-11-27 01:54:20,Kc7TkgWiWrc,26026,920,0,34
2025-11-27 01:54:20,XILnJKGc0yo,211572,19783,0,3493
2025-11-27 01:54:20,DOmdfYIPBXE,338917,3083,0,87
2025-11-27 01:54:20,kCnD_dMyJ3M,83699,2625,0,0
2025-11-27 01:54:20,4Ddbjkyy2C0,119597,836,0,0
2025-11-27 01:54:20,cVL4bRjA6X0,396746,36500,0,1320
2025-11-27 01:54:20,OeMmb--HE6k,130150,4117,0,43
2025-11-27 01:54:20,P0OLVEm0pfM,66060,194,0,0
2025-11-27 01:54:20,eLCjlEYBN3U,284449,12045,0,960
2025-11-27 01:54:20,KO6gxf8vXJQ,228907,526,0,1
2025-11-27 01:54:20,hcJEQXJIALo,18612,3116,0,511
2025-11-27 01:54:20,eHmQ_b0LkUA,404980,89119,0,3237
2025-11-27 01:54:20,8j4RM-bBYvA,24329,1247,0,448
2025-11-27 01:54:20,tPMkWfK6N-E,110030,10006,0,504
2025-11-27 01:54:20,AmQXv7Pyqvw,72761,940,0,10
2025-11-27 01:54:20,xZFWSWcQ3As,109292,1223,0,78
2025-11-26 19:49:35,2HwsSTLuA8A,141507,4105,0,456
2025-11-26 19:49:35,TVqEwvbZP30,3854270,101783,0,9143
2025-11-26 19:49:35,dmBAMwBBxoM,120395,4122,0,367
2025-11-26 19:49:35,IW_KV5nqWRI,41792,226,0,10
2025-11-26 19:49:35,PJyQaQosJpk,75025,850,0,15
2025-11-26 19:49:35,XILnJKGc0yo,182004,19208,0,3366
2025-11-26 19:49:35,dx4XsqUGm10,175503,17701,0,1333
2025-11-26 19:49:35,04-csl0RRJc,54770,1045,0,266
2025-11-26 19:49:35,A3Ki9cI9T9w,92100,2173,0,560
2025-11-26 19:49:35,taSKSaq5qh8,249832,4105,0,38
2025-11-26 19:49:35,xcqjxAXsbHU,548025,26931,0,1186
2025-11-26 19:49:35,6mP-mEHEQcw,230676,10022,0,1341
2025-11-26 19:49:35,BM13CSsDrV8,7088,364,0,0
2025-11-26 19:49:35,ayjRv2g2UqY,739575,19775,0,800
2025-11-26 19:49:35,7gDl4S3wB14,489825,8331,0,816
2025-11-26 19:49:35,Gth1zEFH2TM,92548,1996,0,51
2025-11-26 19:49:35,nzbbL07maKA,42566,4409,0,213
2025-11-26 19:49:35,I52yC34Ji2k,160387,28065,0,1209
2025-11-26 19:49:35,BsyEN86cR0U,233831,7327,0,71
2025-11-26 19:49:35,GJMOK14mB2c,104613,2647,0,140
2025-11-26 19:49:35,HP8qpxRpIW8,601116,27641,0,919
2025-11-26 19:49:35,b1OwvLh8HnU,10906,269,0,7
2025-11-26 19:49:35,ex7ieF2B09A,220863,3595,0,189
2025-11-26 19:49:35,cVL4bRjA6X0,379622,35959,0,1304
2025-11-26 19:49:35,6kWw9Nn4dIY,105656,5530,0,331
2025-11-26 19:49:35,VXsWwTTgt78,255047,11844,0,73
2025-11-26 19:49:35,-dfR8iYqwK4,192670,3398,0,486
2025-11-26 19:49:35,IcWvUlwcKAI,9188,1874,0,145
2025-11-26 19:49:35,AmQXv7Pyqvw,72662,938,0,10
2025-11-26 19:49:35,zLfnSXg0jKg,112196,3062,0,136
2025-11-26 19:49:35,snH3HQSF7Ew,241523,3935,0,694
2025-11-26 19:49:35,0-74AHbFWic,148736,11623,0,626
2025-11-26 19:49:35,KSha-fc5EhA,93085,521,0,0
2025-11-26 19:49:35,GxXpkps21Kc,302764,13029,0,227
2025-11-26 19:49:35,G7eh40XgTiw,78798,1159,0,160
2025-11-26 19:49:35,3-caLm2c1XI,36057,2011,0,305
2025-11-26 19:49:35,Zvh5BE2Guik,253111,10783,0,188
2025-11-26 19:49:35,IftQ9zQ06-0,116203,1857,0,257
2025-11-26 19:49:35,9SaAfQ6eACQ,71222,1035,0,209
2025-11-26 19:49:35,nbzmTUB-FCs,19664,1286,0,191
2025-11-26 19:49:35,jRgzfKDTI7g,462005,11549,0,345
2025-11-26 19:49:35,ANU0lVGfWyo,400639,32088,0,2294
2025-11-26 19:49:35,CZP11p3DklQ,62106,2583,0,119
2025-11-26 19:49:35,qEGsMTo-adg,20516,1746,0,212
2025-11-26 19:49:35,wUGh03rLZbY,119863,3743,0,256
2025-11-26 19:49:35,uQc-pW3QLuI,6963875,125371,0,5159
2025-11-26 19:49:35,kSmHmdAnDYc,87555,3981,0,568
2025-11-26 19:49:35,oslNxV_8Q2c,247790,10493,0,117
2025-11-26 19:49:35,4Xt_hR0KNvY,139571,11677,0,2214
2025-11-26 19:49:35,u66QoyjtANg,141291,1099,0,0
2025-11-26 19:49:35,cBPtIHuFa_o,84537,3459,0,371
2025-11-26 19:49:35,kux5GmbZhVg,8967,668,0,14
2025-11-26 19:49:35,IW14wQJKSC4,96099,4023,0,148
2025-11-26 19:49:35,7bqePXphj2g,236721,17453,0,1504
2025-11-26 19:49:35,PwaldW6SXwE,20680,2293,0,212
2025-11-26 19:49:35,j-4AHlLg9XA,,104,0,0
2025-11-26 19:49:35,qUgLxkENl6c,41043,4931,0,273
2025-11-26 19:49:35,BNWYJZp2CbQ,47821,445,0,22
2025-11-26 19:49:35,G36amiUCkXU,353251,25692,0,4636
2025-11-26 19:49:35,yRhin7unPeI,169282,5048,0,462
2025-11-26 19:49:35,NED7nev2ywQ,38196361,1329451,0,128860
2025-11-26 19:49:35,IZ9kqxCDvAs,716624,29962,0,1972
2025-11-26 19:49:35,XZ1FhU9XeEc,132813,1850,0,243
2025-11-26 19:49:35,koeM_jz4CdM,372920,14373,0,1460
2025-11-26 19:49:35,OWpLhNyqeqg,67809,4618,0,422
2025-11-26 19:49:35,SWdjfMIkQCg,152824,2166,0,162
2025-11-26 19:49:35,xuL1CDdhsOg,211251,2078,0,1
2025-11-26 19:49:35,f8aS4qwuO7k,145260,8550,0,71
2025-11-26 19:49:35,4oml768wFnk,41674,3169,0,160
2025-11-26 19:49:35,7SoVjT-0Rhw,27400,1750,0,251
2025-11-26 19:49:35,DG4ax7ec64o,628785,7510,0,321
2025-11-26 19:49:35,tPMkWfK6N-E,106315,9905,0,496
2025-11-26 19:49:35,U7wDhVWgd5w,52005,1097,0,6
2025-11-26 19:49:35,6hIKI8RZ1ys,419357,6928,0,18
2025-11-26 19:49:35,LxMaia85m5Y,179192,3653,0,168
2025-11-26 19:49:35,NIGA89HGTBU,1021458,21143,0,951
2025-11-26 19:49:35,j6TnwWfuf-I,86653,1995,0,112
2025-11-26 19:49:35,4l9Ni3tjbwM,1061324,12079,0,124
2025-11-26 19:49:35,Gln8wDtITJ4,33868,2421,0,197
2025-11-26 19:49:35,hXKJ0gHYQ6E,48665,266,0,20
2025-11-26 19:49:35,xx3ZTvOhNoM,216625,7987,0,73
2025-11-26 19:49:35,ygIwtR2txaw,273633,10552,0,256
2025-11-26 19:49:35,lUHLwBOY04I,155764,16102,0,325
2025-11-26 19:49:35,llAI08UYyAw,2566599,338634,0,10606
2025-11-26 19:49:35,oVwGURkvEq4,141819,1754,0,655
2025-11-26 19:49:35,CvGT2o7-_ZA,81047,1537,0,10
2025-11-26 19:49:35,1wRkbauiGU8,43276,1651,0,110
2025-11-26 19:49:35,QJpTBz916MI,1026936,105949,0,2876
2025-11-26 19:49:35,Pzqzy2ZIcLI,170267,9422,0,47
2025-11-26 19:49:35,eLCjlEYBN3U,110953,7826,0,706
2025-11-26 19:49:35,HQdJ8dMeCHM,111142,702,0,1529
2025-11-26 19:49:35,cl-BT6bDxEI,115205,3261,0,189
2025-11-26 19:49:35,JkKNqaEl9Aw,137780,17820,0,1659
2025-11-26 19:49:35,9XNqe5r8xHI,432118,6042,0,26
2025-11-26 19:49:35,eWetBwa4vVI,27509,2145,0,127
2025-11-26 19:49:35,4-6IONBWRMQ,106896,1687,0,33
2025-11-26 19:49:35,fCDvm0Y3qkw,290637,15346,0,173
2025-11-26 19:49:35,6ixvIIIxwlk,104203,1068,0,0
2025-11-26 19:49:35,G_3xr5desOo,85570,2855,0,107
2025-11-26 19:49:35,x_RYZsOfpKY,11408931,279773,0,17283
2025-11-26 19:49:35,qJvjFBhQ6vQ,174267,2209,0,65
2025-11-26 19:49:35,5ftlnz91DaM,154360,9674,0,482
2025-11-26 19:49:35,dqMImJF-rgA,127440,3915,0,336
2025-11-26 19:49:35,KO6gxf8vXJQ,228891,526,0,1
2025-11-26 19:49:35,qIXl45sU0wk,119635,2783,0,25
2025-11-26 19:49:35,-3TOkp_6gRQ,487725,9237,0,88
2025-11-26 19:49:35,Yy2ZovGi-Uk,348795,9358,0,142
2025-11-26 19:49:35,dCmNVtLsYzA,191591,9527,0,545
2025-11-26 19:49:35,oLY17RG3OMI,273103,4838,0,279
2025-11-26 19:49:35,iKVcCmyqoik,90251,5577,0,210
2025-11-26 19:49:35,BDxXPvOdz50,153897,2404,0,635
2025-11-26 19:49:35,QRTGKxrKBPM,460532,39083,0,996
2025-11-26 19:49:35,kuetvJE_C_U,150398,3972,0,66
2025-11-26 19:49:35,a72dN8ZWPWg,134692,3062,0,1760
2025-11-26 19:49:35,miySB69T1xw,386049,11767,0,451
2025-11-26 19:49:35,JUYQapYmw74,120763,1401,0,3
2025-11-26 19:49:35,xZFWSWcQ3As,107864,1212,0,78
2025-11-26 19:49:35,L6tkKvVCs0Y,272230,12886,0,573
2025-11-26 19:49:35,sgi_eji-ysM,270955,5422,0,67
2025-11-26 19:49:35,UF4n5zmzx9A,209596,5104,0,267
2025-11-26 19:49:35,ZXrcsNlbtgs,104994,911,0,0
2025-11-26 19:49:35,Rc8f268ueOE,156995,1673,0,386
2025-11-26 19:49:35,vQpF9mIiYFU,7756,246,0,22
2025-11-26 19:49:35,LUQ28DBF7EU,160511,3868,0,318
2025-11-26 19:49:35,fiSsGbfus6I,259797,1957,0,1185
2025-11-26 19:49:35,Caa-UHhl8Gw,58241,2125,0,178
2025-11-26 19:49:35,S3Q33-4q1xo,107068,1267,0,82
2025-11-26 19:49:35,JrI4_jUZe98,296550,55285,0,1990
2025-11-26 19:49:35,8j4RM-bBYvA,21549,1220,0,429
2025-11-26 19:49:35,3rGi2kiSzkA,41520,2396,0,106
2025-11-26 19:49:35,2NKK6Mg27XI,205578,14231,0,465
2025-11-26 19:49:35,UFozBQrnmII,786820,25258,0,420
2025-11-26 19:49:35,_6xcFXlJcX8,107755,1190,0,35
2025-11-26 19:49:35,XtTT5XdZVpw,112566,4569,0,217
2025-11-26 19:49:35,gYEhRoknpZQ,106274,932,0,169
2025-11-26 19:49:35,l57EJ_eLsIc,161773,1522,0,589
2025-11-26 19:49:35,6oS55kztPlE,11536,875,0,26
2025-11-26 19:49:35,D8gbtByJSI8,77145,371,0,2
2025-11-26 19:49:35,KDC-EOsNzAg,145185,21844,0,583
2025-11-26 19:49:35,yxXNIzrfPNQ,98142,5999,0,809
2025-11-26 19:49:35,Em805jfRVXs,165977,3744,0,465
2025-11-26 19:49:35,nDeKfR5iBxY,804858,38120,0,1415
2025-11-26 19:49:35,vpXtzSpyV_8,3684519,20376,0,1037
2025-11-26 19:49:35,HIE0fSPuvLY,167514,811,0,20
2025-11-26 19:49:35,DOmdfYIPBXE,334494,3066,0,87
2025-11-26 19:49:35,vIUORnIS_ug,280780,12879,0,983
2025-11-26 19:49:35,NkHjY_EaCgY,99541,1618,0,102
2025-11-26 19:49:35,_o05ucPBD7g,32170,964,0,57
2025-11-26 19:49:35,Bj6tJxDPzoY,48459,4291,0,184
2025-11-26 19:49:35,FFXSoSl_lGg,111722,4920,0,175
2025-11-26 19:49:35,PtSwg--FueA,138176,1244,0,371
2025-11-26 19:49:35,dIPZHyTBFz0,101949,1534,0,206
2025-11-26 19:49:35,0GICIe0Tgf8,9670,816,0,28
2025-11-26 19:49:35,xjUPVppl1DI,470375,9332,0,402
2025-11-26 19:49:35,55xYiuSAp5c,289590,4532,0,14
2025-11-26 19:49:35,YMxjZF3gtoM,271562,13386,0,775
2025-11-26 19:49:35,6L7xTio0QyY,79269,5084,0,491
2025-11-26 19:49:35,v55qDr_jJFA,13134,1308,0,91
2025-11-26 19:49:35,eHmQ_b0LkUA,384824,86858,0,3219
2025-11-26 19:49:35,MRYXsF2lblY,192576,18161,0,997
2025-11-26 19:49:35,kCnD_dMyJ3M,78062,2571,0,0
2025-11-26 19:49:35,Kc7TkgWiWrc,18707,776,0,32
2025-11-26 19:49:35,WGyadbTx8bs,304797,11375,0,996
2025-11-26 19:49:35,DyINvuS9P34,71750,1613,0,41
2025-11-26 19:49:35,s5dFrPwvbHY,180749,29441,0,1460
2025-11-26 19:49:35,2j2jXv6Juxc,47650,1319,0,40
2025-11-26 19:49:35,x15pDRtzYno,126642,1591,0,192
2025-11-26 19:49:35,SdVBuVm_Sw8,,699,0,0
2025-11-26 19:49:35,4Ddbjkyy2C0,119582,836,0,0
2025-11-26 19:49:35,VhzqSrscVP8,145711,5989,0,408
2025-11-26 19:49:35,b9z3Iaz5Zrc,57674,4208,0,261
2025-11-26 19:49:35,e0okJjgNTl0,292470,2711,0,6
2025-11-26 19:49:35,vQ_NFqtGDgo,91672,18120,0,763
2025-11-26 19:49:35,81QYAxvO3Ik,181707,18775,0,1191
2025-11-26 19:49:35,ScutqxM3z_s,129327,7123,0,420
2025-11-26 19:49:35,fiG_T-0zFT8,495133,30150,0,1434
2025-11-26 19:49:35,hn17tmdaAzQ,684427,6457,0,97
2025-11-26 19:49:35,k1yXf4L5bnc,111956,2717,0,150
2025-11-26 19:49:35,P0OLVEm0pfM,65964,193,0,0
2025-11-26 19:49:35,tXJJhKobuas,173285,2492,0,145
2025-11-26 19:49:35,jWFQ3A1Dtdg,226849,11190,0,1143
2025-11-26 19:49:35,ITQYMtkP23E,290349,1382,0,0
2025-11-26 19:49:35,h09ng9lTOEM,168354,1511,0,8
2025-11-26 19:49:35,tk9FDjJd6zM,33597,666,0,76
2025-11-26 19:49:35,DSPV0RT3BJI,74859,,0,
2025-11-26 19:49:35,I9U5JRfZ4bA,31653,923,0,150
2025-11-26 19:49:35,BFaHdJVDmXY,46768,3473,0,149
2025-11-26 19:49:35,SnCG-_lf74w,644061,19465,0,965
2025-11-26 19:49:35,W3eUZa56o0s,219729,3838,0,1499
2025-11-26 19:49:35,Aj8AmqTQkAs,93729,1132,0,59
2025-11-26 19:49:35,dolefeooLzc,354116,5661,0,366
2025-11-26 19:49:35,MarWse2JmWU,287817,3295,0,24
2025-11-26 19:49:35,QebVV6D641k,228223,1194,0,780
2025-11-26 19:49:35,aHKMl9HVqZQ,121084,3958,0,331
2025-11-26 19:49:35,gSXQd_5ht0E,661046,22667,0,1030
2025-11-26 19:49:35,ST05E_5kn2E,218604,4290,0,310
2025-11-26 19:49:35,m0HhR1k9JEw,87634,198,0,5
2025-11-26 19:49:35,dhzVHS8C_nc,82164,480,0,1
2025-11-26 19:49:35,uOZRP1-dvhA,223543,2280,0,171
2025-11-26 19:49:35,599nhYHHvQo,,839,0,0
2025-11-26 19:49:35,WsLcF1ojgFU,41744,2845,0,407
2025-11-26 19:49:35,zupf7Kwx6v4,141634,2765,0,174
2025-11-26 19:49:35,UfVkyXaTGcs,194948,5075,0,104
2025-11-26 19:49:35,vMg1KAFAKiY,999506,168600,0,9009
2025-11-26 19:49:35,BT4XRgmCjjQ,211782,,0,34
2025-11-26 19:49:35,tmVYOETfA10,50248,3385,0,88
2025-11-26 19:49:35,TAL-HXKac80,3231874,74281,0,2478
2025-11-26 19:49:35,qFdZAyr_xmw,100580,3578,0,543
2025-11-26 19:49:35,z-aco1hi0Iw,145263,1675,0,257
2025-11-26 19:49:35,24VDsNgWNfw,80728,426,0,1
2025-11-26 19:49:35,j-8vLi2sMg0,51092,5729,0,78
2025-11-27 19:23:13,dx4XsqUGm10,209222,18425,0,1365
2025-11-27 19:23:13,x_RYZsOfpKY,12911031,303034,0,18018
2025-11-27 19:23:13,BNWYJZp2CbQ,48655,451,0,22
2025-11-27 19:23:13,WVVv8Uyok_U,123870,5213,0,801
2025-11-27 19:23:13,xuL1CDdhsOg,211013,2075,0,1
2025-11-27 19:23:13,SdVBuVm_Sw8,,699,0,0
2025-11-27 19:23:13,dCmNVtLsYzA,202039,9872,0,557
2025-11-27 19:23:13,IcWvUlwcKAI,9966,1931,0,150
2025-11-27 19:23:13,qEGsMTo-adg,24826,1858,0,230
2025-11-27 19:23:13,s5dFrPwvbHY,216964,31759,0,1486
2025-11-27 19:23:13,SnCG-_lf74w,926097,23254,0,1084
2025-11-27 19:23:13,OEcTbxi57lE,18586,3784,0,144
2025-11-27 19:23:13,llAI08UYyAw,3128305,358409,0,10879
2025-11-27 19:23:13,WGyadbTx8bs,368104,12965,0,1056
2025-11-27 19:23:13,jvrrjeAYtzs,76246,232,0,0
2025-11-27 19:23:13,a72dN8ZWPWg,150254,3377,0,1807
2025-11-27 19:23:13,GxXpkps21Kc,304782,13068,0,230
2025-11-27 19:23:13,Gln8wDtITJ4,43302,2812,0,221
2025-11-27 19:23:13,XtTT5XdZVpw,119132,4668,0,217
2025-11-27 19:23:13,hQwjPcq63JM,48848,751,0,5
2025-11-27 19:23:13,Lj1Qi3-zQgg,29371,4727,0,150
2025-11-27 19:23:13,IrxoY7JdJY0,141827,,0,47
2025-11-27 19:23:13,n7pO7F_kP0k,81151,12971,0,509
2025-11-27 19:23:13,Caa-UHhl8Gw,94889,2728,0,205
2025-11-27 19:23:13,cBPtIHuFa_o,99441,3812,0,385
2025-11-27 19:23:13,6-9ej0ztMUA,29100,367,0,31
2025-11-27 19:23:13,PJyQaQosJpk,76190,847,0,15
2025-11-27 19:23:13,cl-BT6bDxEI,123473,3388,0,193
2025-11-27 19:23:13,vQpF9mIiYFU,20453,319,0,22
2025-11-27 19:23:13,DOmdfYIPBXE,344227,3147,0,87
2025-11-27 19:23:13,w0ZQp2CmHHw,149495,2544,0,227
2025-11-27 19:23:13,AfKzB2lXo7I,16779,788,0,51
2025-11-27 19:23:13,dolefeooLzc,395493,6004,0,379
2025-11-27 19:23:13,Em805jfRVXs,282396,5110,0,596
2025-11-27 19:23:13,wUGh03rLZbY,125412,3825,0,258
2025-11-27 19:23:13,rOZV4RZrA3A,204978,2091,0,8
2025-11-27 19:23:13,e0okJjgNTl0,293064,2708,0,7
2025-11-27 19:23:13,4oml768wFnk,47528,3245,0,162
2025-11-27 19:23:13,eLCjlEYBN3U,406596,15662,0,1076
2025-11-27 19:23:13,CXcBo03He2A,28791,3786,0,190
2025-11-27 19:23:13,ITQYMtkP23E,290616,1373,0,0
2025-11-27 19:23:13,-3TOkp_6gRQ,491298,9278,0,88
2025-11-27 19:23:13,FuGOa47BBqg,37706,1196,0,15
2025-11-27 19:23:13,T8w3L1rS3o4,67566,4439,0,111
2025-11-27 19:23:13,6mP-mEHEQcw,269780,10820,0,1402
2025-11-27 19:23:13,cVL4bRjA6X0,431990,37477,0,1343
2025-11-27 19:23:13,G7eh40XgTiw,89795,1215,0,175
2025-11-27 19:23:13,VXsWwTTgt78,257554,11900,0,72
2025-11-27 19:23:13,5eHGs7lX09s,112934,1304,0,1130
2025-11-27 19:23:13,xjUPVppl1DI,633043,10935,0,458
2025-11-27 19:23:13,zupf7Kwx6v4,145891,2816,0,177
2025-11-27 19:23:13,SWdjfMIkQCg,161446,2217,0,164
2025-11-27 19:23:13,PtSwg--FueA,157462,1326,0,376
2025-11-27 19:23:13,6kWw9Nn4dIY,134398,6221,0,360
2025-11-27 19:23:13,tdYPGxusaYs,31632,2611,0,144
2025-11-27 19:23:13,U7wDhVWgd5w,52082,1097,0,7
2025-11-27 19:23:13,4-6IONBWRMQ,109840,1726,0,33
2025-11-27 19:23:13,kux5GmbZhVg,21546,1027,0,20
2025-11-27 19:23:13,gSXQd_5ht0E,1124768,23691,0,1049
2025-11-27 19:23:13,BDxXPvOdz50,161169,2462,0,643
2025-11-27 19:23:13,81QYAxvO3Ik,203747,19566,0,1231
2025-11-27 19:23:13,OeMmb--HE6k,187984,4858,0,68
2025-11-27 19:23:13,Aj8AmqTQkAs,99849,1186,0,59
2025-11-27 19:23:13,qFdZAyr_xmw,201380,5094,0,694
2025-11-27 19:23:13,o3PX7EjBjvg,46076,2479,0,257
2025-11-27 19:23:13,TVqEwvbZP30,10116181,110337,0,11213
2025-11-27 19:23:13,HIE0fSPuvLY,167515,811,0,20
2025-11-27 19:23:13,NED7nev2ywQ,39994192,1350581,0,132105
2025-11-27 19:23:13,G36amiUCkXU,463866,28325,0,5468
2025-11-27 19:23:13,04-csl0RRJc,56422,1054,0,269
2025-11-27 19:23:13,Rc8f268ueOE,225419,1900,0,431
2025-11-27 19:23:13,5UBc2gXGwKc,18847,285,0,9
2025-11-27 19:23:13,1wRkbauiGU8,102759,2511,0,151
2025-11-27 19:23:13,dmBAMwBBxoM,166658,4803,0,388
2025-11-27 19:23:13,0GICIe0Tgf8,19005,1074,0,31
2025-11-27 19:23:13,kCnD_dMyJ3M,93146,2711,0,0
2025-11-27 19:23:13,dIPZHyTBFz0,199772,2174,0,264
2025-11-27 19:23:13,6L7xTio0QyY,108569,5221,0,501
2025-11-27 19:23:13,DSPV0RT3BJI,82686,,0,
2025-11-27 19:23:13,55xYiuSAp5c,303784,4597,0,19
2025-11-27 19:23:13,u66QoyjtANg,141324,1096,0,0
2025-11-27 19:23:13,oWv2PwrJkTM,226197,11521,0,115
2025-11-27 19:23:13,UfVkyXaTGcs,209410,5285,0,106
2025-11-27 19:23:13,_6xcFXlJcX8,112487,1237,0,36
2025-11-27 19:23:13,lUHLwBOY04I,171577,17033,0,345
2025-11-27 19:23:13,iBD9LX2ZdDQ,81700,189,0,0
2025-11-27 19:23:13,D8gbtByJSI8,77235,368,0,2
2025-11-27 19:23:13,9XNqe5r8xHI,437123,6089,0,28
2025-11-27 19:23:13,6yMFwpzbQCY,278261,3619,0,240
2025-11-27 19:23:13,Pzqzy2ZIcLI,171402,9466,0,48
2025-11-27 19:23:13,IW14wQJKSC4,105921,4152,0,149
2025-11-27 19:23:13,nzbbL07maKA,138655,7038,0,272
2025-11-27 19:23:13,4Xt_hR0KNvY,171071,12917,0,2401
2025-11-27 19:23:13,KSha-fc5EhA,93103,520,0,0
2025-11-27 19:23:13,tk9FDjJd6zM,38868,707,0,87
2025-11-27 19:23:13,KDC-EOsNzAg,168312,23636,0,602
2025-11-27 19:23:13,Kc7TkgWiWrc,35961,1080,0,40
2025-11-27 19:23:13,uQc-pW3QLuI,7104785,126954,0,5195
2025-11-27 19:23:13,IW_KV5nqWRI,42335,226,0,11
2025-11-27 19:23:13,YMxjZF3gtoM,301792,14114,0,802
2025-11-27 19:23:13,z-aco1hi0Iw,157921,1744,0,260
2025-11-27 19:23:13,vIUORnIS_ug,338925,13903,0,1048
2025-11-27 19:23:13,S0UEqkus7FA,318688,12542,0,247
2025-11-27 19:23:13,NkHjY_EaCgY,119678,1787,0,107
2025-11-27 19:23:13,NDommbpC80U,161729,1999,0,242
2025-11-27 19:23:13,NUSpibeVoO0,25911,946,0,92
2025-11-27 19:23:13,ygIwtR2txaw,294826,11055,0,260
2025-11-27 19:23:13,TAL-HXKac80,3620424,78207,0,2648
2025-11-27 19:23:13,b1OwvLh8HnU,23153,398,0,8
2025-11-27 19:23:13,vQ_NFqtGDgo,168643,26569,0,985
2025-11-27 19:23:13,0-74AHbFWic,159009,11855,0,623
2025-11-27 19:23:13,j-4AHlLg9XA,,104,0,0
2025-11-27 19:23:13,oVwGURkvEq4,145489,1768,0,661
2025-11-27 19:23:13,XZ1FhU9XeEc,146990,1995,0,249
2025-11-27 19:23:13,JUYQapYmw74,120824,1400,0,3
2025-11-27 19:23:13,b9z3Iaz5Zrc,129289,6576,0,321
2025-11-27 19:23:13,hXKJ0gHYQ6E,48790,266,0,21
2025-11-27 19:23:13,DyINvuS9P34,209893,2831,0,51
2025-11-27 19:23:13,Zvh5BE2Guik,254775,10777,0,195
2025-11-27 19:23:13,KO6gxf8vXJQ,229014,526,0,1
2025-11-27 19:23:13,StcmgD_0aRI,153775,11579,0,2647
2025-11-27 19:23:13,PwaldW6SXwE,27381,2570,0,234
2025-11-27 19:23:13,_Vs1T6KpK5g,76051,1164,0,6
2025-11-27 19:23:13,qUgLxkENl6c,118849,7634,0,353
2025-11-27 19:23:13,IZ9kqxCDvAs,818075,31684,0,2061
2025-11-27 19:23:13,IftQ9zQ06-0,141384,2042,0,287
2025-11-27 19:23:13,fCDvm0Y3qkw,302821,15576,0,195
2025-11-27 19:23:13,k1yXf4L5bnc,116303,2807,0,153
2025-11-27 19:23:13,MarWse2JmWU,288352,3290,0,25
2025-11-27 19:23:13,j6TnwWfuf-I,100650,2149,0,116
2025-11-27 19:23:13,5-o_tvuKSfM,57656,3879,0,156
2025-11-27 19:23:13,BM13CSsDrV8,14379,517,0,0
2025-11-27 19:23:13,ineS6XL0vc8,101718,2493,0,92
2025-11-27 19:23:13,R-ZKjAqlquA,116248,582,0,23
2025-11-27 19:23:13,uOZRP1-dvhA,234114,2380,0,172
2025-11-27 19:23:13,I52yC34Ji2k,314066,43686,0,1649
2025-11-27 19:23:13,kSmHmdAnDYc,241349,6904,0,839
2025-11-27 19:23:13,tmVYOETfA10,65678,3756,0,90
2025-11-27 19:23:13,sgi_eji-ysM,273778,5448,0,67
2025-11-27 19:23:13,24VDsNgWNfw,81347,428,0,1
2025-11-27 19:23:13,F2B4VITJfb0,106579,2271,0,405
2025-11-27 19:23:13,Yy2ZovGi-Uk,351886,9396,0,145
2025-11-27 19:23:13,QJpTBz916MI,1087378,107933,0,2908
2025-11-27 19:23:13,ayjRv2g2UqY,889399,20353,0,814
2025-11-27 19:23:13,AmQXv7Pyqvw,72574,940,0,10
2025-11-27 19:23:13,ex7ieF2B09A,254724,3990,0,197
2025-11-27 19:23:13,gYEhRoknpZQ,109477,950,0,168
2025-11-27 19:23:13,xZFWSWcQ3As,112084,1245,0,79
2025-11-27 19:23:13,xx3ZTvOhNoM,225091,8069,0,89
2025-11-27 19:23:13,nDeKfR5iBxY,873284,40724,0,1459
2025-11-27 19:23:13,jRgzfKDTI7g,481880,11867,0,351
2025-11-27 19:23:13,Iz7mRKij2ao,10867,663,0,27
2025-11-27 19:23:13,pzLTGAwn0a4,45335,6539,0,463
2025-11-27 19:23:13,snH3HQSF7Ew,247048,3988,0,702
2025-11-27 19:23:13,v55qDr_jJFA,28880,1854,0,114
2025-11-27 19:23:13,iKVcCmyqoik,115509,5956,0,225
2025-11-27 19:23:13,OoLflKFs7YY,84939,2658,0,255
2025-11-27 19:23:13,599nhYHHvQo,,836,0,0
2025-11-27 19:23:13,qRUIGsTq-kU,21192,2358,0,221
2025-11-27 19:23:13,7gDl4S3wB14,507275,8485,0,828
2025-11-27 19:23:13,NIGA89HGTBU,2618012,28347,0,1038
2025-11-27 19:23:13,XILnJKGc0yo,245837,20540,0,3686
2025-11-27 19:23:13,UF4n5zmzx9A,225700,5319,0,271
2025-11-27 19:23:13,Am2ElEWNvTY,70630,3879,0,215
2025-11-27 19:23:13,DG4ax7ec64o,692239,8344,0,344
2025-11-27 19:23:13,dqMImJF-rgA,139776,4063,0,341
2025-11-27 19:23:13,P0OLVEm0pfM,66094,194,0,0
2025-11-27 19:23:13,WsLcF1ojgFU,47987,2968,0,421
2025-11-27 19:23:13,KC0-vIj7piY,238877,19034,0,265
2025-11-27 19:23:13,jWFQ3A1Dtdg,320254,12905,0,1310
2025-11-27 19:23:13,W3eUZa56o0s,227482,3920,0,1522
2025-11-27 19:23:13,ScutqxM3z_s,201254,8487,0,482
2025-11-27 19:23:13,j-8vLi2sMg0,75718,6944,0,86
2025-11-27 19:23:13,_o05ucPBD7g,87237,1549,0,84
2025-11-27 19:23:13,kuetvJE_C_U,150883,3979,0,66
2025-11-27 19:23:13,5ftlnz91DaM,168261,10068,0,493
2025-11-27 19:23:13,BFaHdJVDmXY,70601,4218,0,183
2025-11-27 19:23:13,MRYXsF2lblY,219320,19015,0,1052
2025-11-27 19:23:13,yRhin7unPeI,180471,5274,0,464
2025-11-27 19:23:13,STXcQAmoLPU,133765,1367,0,1
2025-11-27 19:23:13,9jrVtT2nPgQ,37205,4729,0,104
2025-11-27 19:23:13,ST05E_5kn2E,258463,4907,0,327
2025-11-27 19:23:13,6ixvIIIxwlk,104560,1062,0,0
2025-11-27 19:23:13,QRTGKxrKBPM,521764,40652,0,1017
2025-11-27 19:23:13,hn17tmdaAzQ,701112,6516,0,108
2025-11-27 19:23:13,vMg1KAFAKiY,1067342,174840,0,9318
2025-11-27 19:23:13,qIXl45sU0wk,122991,2824,0,27
2025-11-27 19:23:13,oLY17RG3OMI,294006,5133,0,287
2025-11-27 19:23:13,fiSsGbfus6I,330609,2213,0,1282
2025-11-27 19:23:13,w32-xwPxDFk,19114,1225,0,58
2025-11-27 19:23:13,vpXtzSpyV_8,4614986,22127,0,1102
2025-11-27 19:23:13,miySB69T1xw,482964,13194,0,482
2025-11-27 19:23:13,GJMOK14mB2c,113679,2764,0,143
2025-11-27 19:23:13,4Ddbjkyy2C0,119654,836,0,0
2025-11-27 19:23:13,CvGT2o7-_ZA,80729,1538,0,12
2025-11-27 19:23:13,LxMaia85m5Y,204877,3896,0,173
2025-11-27 19:23:13,L6tkKvVCs0Y,434972,13506,0,587
2025-11-27 19:23:13,tPMkWfK6N-E,114902,10218,0,515
2025-11-27 19:23:13,b29J1g4yWcs,64124,2460,0,205
2025-11-27 19:23:13,JkKNqaEl9Aw,430804,21097,0,1897
2025-11-27 19:23:13,OWGd9sHxpvs,90657,2748,0,84
2025-11-27 19:23:13,h09ng9lTOEM,168213,1509,0,8
2025-11-27 19:23:13,8j4RM-bBYvA,27696,1276,0,470
2025-11-27 19:23:13,LcpCd9VXGjE,334421,1573,0,0
2025-11-27 19:23:13,BT4XRgmCjjQ,215797,,0,35
2025-11-27 19:23:13,bZ2eyQcJ49o,176003,2806,0,387
2025-11-27 19:23:13,SzFd7Tmq7pU,186434,9857,0,52
2025-11-27 19:23:13,OWpLhNyqeqg,83303,4860,0,428
2025-11-27 19:23:13,JrI4_jUZe98,416718,68768,0,2175
2025-11-27 19:23:13,BsyEN86cR0U,241461,7389,0,74
2025-11-27 19:23:13,eWetBwa4vVI,36535,2492,0,142
2025-11-27 19:23:13,6oS55kztPlE,22861,1121,0,32
2025-11-27 19:23:13,3-caLm2c1XI,143731,4246,0,522
2025-11-27 19:23:13,OfuHlytx3rQ,14256,213,0,9
2025-11-27 19:23:13,Bj6tJxDPzoY,243771,11067,0,306
2025-11-27 19:23:13,l57EJ_eLsIc,186084,1605,0,618
2025-11-27 19:23:13,fiG_T-0zFT8,548846,31055,0,1447
2025-11-27 19:23:13,E7so8IVX1qQ,83562,125,0,3
2025-11-27 19:23:13,tXJJhKobuas,210110,2849,0,155
2025-11-27 19:23:13,qJvjFBhQ6vQ,189546,2327,0,73
2025-11-27 19:23:13,ES9oYbzYCh8,516186,60977,0,1865
2025-11-27 19:23:13,9SaAfQ6eACQ,77865,1081,0,210
2025-11-27 19:23:13,6hIKI8RZ1ys,419542,6923,0,18
2025-11-27 19:23:13,koeM_jz4CdM,394180,14915,0,1484
2025-11-27 19:23:13,UFozBQrnmII,796013,25423,0,424
2025-11-27 19:23:13,3rGi2kiSzkA,52464,2713,0,114
2025-11-27 19:23:13,yxXNIzrfPNQ,113376,6215,0,831
2025-11-27 19:23:13,LUQ28DBF7EU,164495,3919,0,320
2025-11-27 19:23:13,taSKSaq5qh8,252595,4116,0,38
2025-11-27 19:23:13,-dfR8iYqwK4,200847,3475,0,492
2025-11-27 19:23:13,tLBq_jH5FDI,116127,1780,0,173
2025-11-27 19:23:13,G_3xr5desOo,111441,3282,0,127
2025-11-27 19:23:13,Gth1zEFH2TM,105426,2150,0,51
2025-11-27 19:23:13,FFXSoSl_lGg,124312,5090,0,177
2025-11-27 19:23:13,HQdJ8dMeCHM,120956,716,0,1541
2025-11-27 19:23:13,VWg0218G38c,119287,1431,0,245
2025-11-27 19:23:13,hcJEQXJIALo,32819,3857,0,569
2025-11-27 19:23:13,tGwT5DAU6-s,58087,1160,0,20
2025-11-27 19:23:13,A3Ki9cI9T9w,107971,2382,0,606
2025-11-27 19:23:13,QebVV6D641k,234698,1218,0,793
2025-11-27 19:23:13,HP8qpxRpIW8,913542,34686,0,1001
2025-11-27 19:23:13,x15pDRtzYno,141804,1698,0,196
2025-11-27 19:23:13,2j2jXv6Juxc,205987,2752,0,96
2025-11-27 19:23:13,2HwsSTLuA8A,144052,4144,0,458
2025-11-27 19:23:13,zLfnSXg0jKg,119812,3165,0,136
2025-11-27 19:23:13,S3Q33-4q1xo,112909,1305,0,84
2025-11-27 19:23:13,xcqjxAXsbHU,599010,27670,0,1197
2025-11-27 19:23:13,8gAg9uDn2Oo,383344,13514,0,501
2025-11-27 19:23:13,2NKK6Mg27XI,239946,15315,0,487
2025-11-27 19:23:13,C3jcxlsPYLE,206056,9971,0,83
2025-11-27 19:23:13,CZP11p3DklQ,111140,3581,0,148
2025-11-27 19:23:13,ANU0lVGfWyo,494299,34918,0,2405
2025-11-27 19:23:13,7bqePXphj2g,268184,18393,0,1574
2025-11-27 19:23:13,oslNxV_8Q2c,241788,10527,0,118
2025-11-27 19:23:13,BiiDN0zgJ2Q,95843,727,0,0
2025-11-27 19:23:13,4l9Ni3tjbwM,1066659,12126,0,125
2025-11-27 19:23:13,VhzqSrscVP8,152808,6089,0,418
2025-11-27 19:23:13,eHmQ_b0LkUA,454878,93617,0,3269
2025-11-27 19:23:13,aHKMl9HVqZQ,140606,4325,0,340
2025-11-27 19:23:13,ZXrcsNlbtgs,105019,912,0,0
2025-11-27 19:23:13,f8aS4qwuO7k,147114,8591,0,73
2025-11-27 19:23:13,nbzmTUB-FCs,22633,1324,0,194
2025-11-27 19:23:13,I9U5JRfZ4bA,34309,961,0,152
2025-11-27 19:23:13,CO0MSU3fqAQ,16499,2311,0,131
2025-11-27 19:23:13,m0HhR1k9JEw,87608,196,0,5
2025-11-27 19:23:13,7SoVjT-0Rhw,32211,1834,0,267
2025-11-27 19:23:13,dhzVHS8C_nc,82089,480,0,2
2025-11-27 19:23:13,GVeRDFqNT40,21350,265,0,10
2025-11-27 18:23:13,llAI08UYyAw,3109207,357957,0,10875
2025-11-27 18:23:13,BDxXPvOdz50,160950,2459,0,643
2025-11-27 18:23:13,Iz7mRKij2ao,10543,652,0,27
2025-11-27 18:23:13,ITQYMtkP23E,290613,1374,0,0
2025-11-27 18:23:13,Zvh5BE2Guik,254605,10775,0,195
2025-11-27 18:23:13,qEGsMTo-adg,24674,1854,0,230
2025-11-27 18:23:13,yxXNIzrfPNQ,112378,6205,0,831
2025-11-27 18:23:13,LUQ28DBF7EU,164368,3917,0,320
2025-11-27 18:23:13,ygIwtR2txaw,293817,11026,0,259
2025-11-27 18:23:13,UfVkyXaTGcs,208835,5274,0,105
2025-11-27 18:23:13,BiiDN0zgJ2Q,95813,727,0,0
2025-11-27 18:23:13,MRYXsF2lblY,217933,18973,0,1051
2025-11-27 18:23:13,-3TOkp_6gRQ,491133,9273,0,88
2025-11-27 18:23:13,tk9FDjJd6zM,38663,707,0,86
2025-11-27 18:23:13,8j4RM-bBYvA,27590,1273,0,468
2025-11-27 18:23:13,0-74AHbFWic,158520,11839,0,623
2025-11-27 18:23:13,8gAg9uDn2Oo,369623,13268,0,494
2025-11-27 18:23:13,b9z3Iaz5Zrc,126380,6453,0,318
2025-11-27 18:23:13,_6xcFXlJcX8,112305,1233,0,36
2025-11-27 18:23:13,SzFd7Tmq7pU,185905,9838,0,51
2025-11-27 18:23:13,xx3ZTvOhNoM,224663,8066,0,89
2025-11-27 18:23:13,dCmNVtLsYzA,201724,9858,0,555
2025-11-27 18:23:13,7gDl4S3wB14,505488,8468,0,827
2025-11-27 18:23:13,b1OwvLh8HnU,22673,393,0,8
2025-11-27 18:23:13,PtSwg--FueA,157029,1324,0,378
2025-11-27 18:23:13,NkHjY_EaCgY,119014,1781,0,106
2025-11-27 18:23:13,VhzqSrscVP8,152417,6084,0,418
2025-11-27 18:23:13,G_3xr5desOo,110421,3255,0,125
2025-11-27 18:23:13,7SoVjT-0Rhw,32039,1831,0,267
2025-11-27 18:23:13,ineS6XL0vc8,99579,2454,0,92
2025-11-27 18:23:13,lUHLwBOY04I,170869,16989,0,344
2025-11-27 18:23:13,OeMmb--HE6k,185882,4809,0,68
2025-11-27 18:23:13,OfuHlytx3rQ,13903,213,0,9
2025-11-27 18:23:13,gSXQd_5ht0E,1110178,23605,0,1047
2025-11-27 18:23:13,jWFQ3A1Dtdg,316708,12843,0,1307
2025-11-27 18:23:13,oWv2PwrJkTM,225342,11500,0,114
2025-11-27 18:23:13,QebVV6D641k,234477,1216,0,793
2025-11-27 18:23:13,wUGh03rLZbY,125036,3815,0,258
2025-11-27 18:23:13,l57EJ_eLsIc,185645,1600,0,616
2025-11-27 18:23:13,Yy2ZovGi-Uk,351751,9395,0,145
2025-11-27 18:23:13,IW_KV5nqWRI,42335,226,0,11
2025-11-27 18:23:13,OoLflKFs7YY,78192,2491,0,244
2025-11-27 18:23:13,55xYiuSAp5c,303382,4594,0,19
2025-11-27 18:23:13,XtTT5XdZVpw,118748,4664,0,217
2025-11-27 18:23:13,BFaHdJVDmXY,70312,4212,0,183
2025-11-27 18:23:13,vQ_NFqtGDgo,165430,26166,0,974
2025-11-27 18:23:13,o3PX7EjBjvg,31986,1983,0,213
2025-11-27 18:23:13,dqMImJF-rgA,138545,4038,0,341
2025-11-27 18:23:13,QJpTBz916MI,1082832,107799,0,2905
2025-11-27 18:23:13,KDC-EOsNzAg,167398,23576,0,602
2025-11-27 18:23:13,hcJEQXJIALo,31736,3816,0,568
2025-11-27 18:23:13,BT4XRgmCjjQ,215624,,0,35
2025-11-27 18:23:13,HQdJ8dMeCHM,120791,716,0,1538
2025-11-27 18:23:13,7bqePXphj2g,266718,18361,0,1571
2025-11-27 18:23:13,6hIKI8RZ1ys,419527,6923,0,18
2025-11-27 18:23:13,YMxjZF3gtoM,300950,14084,0,802
2025-11-27 18:23:13,Kc7TkgWiWrc,35044,1065,0,40
2025-11-27 18:23:13,snH3HQSF7Ew,246734,3985,0,702
2025-11-27 18:23:13,L6tkKvVCs0Y,433075,13486,0,587
2025-11-27 18:23:13,QRTGKxrKBPM,518041,40543,0,1014
2025-11-27 18:23:13,S3Q33-4q1xo,112722,1305,0,84
2025-11-27 18:23:13,yRhin7unPeI,180045,5262,0,464
2025-11-27 18:23:13,UF4n5zmzx9A,224456,5300,0,271
2025-11-27 18:23:13,cBPtIHuFa_o,99050,3799,0,385
2025-11-27 18:23:13,Rc8f268ueOE,223455,1894,0,432
2025-11-27 18:23:13,gYEhRoknpZQ,109380,950,0,168
2025-11-27 18:23:13,x_RYZsOfpKY,12840053,302261,0,17996
2025-11-27 18:23:13,Em805jfRVXs,279749,5075,0,590
2025-11-27 18:23:13,cl-BT6bDxEI,123228,3385,0,193
2025-11-27 18:23:13,XZ1FhU9XeEc,146555,1991,0,249
2025-11-27 18:23:13,xcqjxAXsbHU,596160,27630,0,1196
2025-11-27 18:23:13,f8aS4qwuO7k,147047,8582,0,73
2025-11-27 18:23:13,dolefeooLzc,393462,5985,0,377
2025-11-27 18:23:13,TAL-HXKac80,3614260,78164,0,2647
2025-11-27 18:23:13,2j2jXv6Juxc,187981,2647,0,93
2025-11-27 18:23:13,81QYAxvO3Ik,202602,19533,0,1231
2025-11-27 18:23:13,e0okJjgNTl0,293028,2708,0,6
2025-11-27 18:23:13,pzLTGAwn0a4,44721,6480,0,461
2025-11-27 18:23:13,GVeRDFqNT40,20669,261,0,9
2025-11-27 18:23:13,j6TnwWfuf-I,100171,2141,0,116
2025-11-27 18:23:13,ST05E_5kn2E,256695,4880,0,326
2025-11-27 18:23:13,_Vs1T6KpK5g,75753,1162,0,6
2025-11-27 18:23:13,z-aco1hi0Iw,157137,1742,0,260
2025-11-27 18:23:13,I9U5JRfZ4bA,34085,959,0,152
2025-11-27 18:23:13,ZXrcsNlbtgs,105019,912,0,0
2025-11-27 18:23:13,tXJJhKobuas,208790,2831,0,155
2025-11-27 18:23:13,koeM_jz4CdM,392896,14868,0,1484
2025-11-27 18:23:13,FuGOa47BBqg,36395,1183,0,15
2025-11-27 18:23:13,SnCG-_lf74w,914270,23106,0,1082
2025-11-27 18:23:13,oslNxV_8Q2c,241723,10524,0,118
2025-11-27 18:23:13,3rGi2kiSzkA,52111,2694,0,114
2025-11-27 18:23:13,ScutqxM3z_s,199891,8444,0,481
2025-11-27 18:23:13,s5dFrPwvbHY,215295,31684,0,1485
2025-11-27 18:23:13,9XNqe5r8xHI,436905,6084,0,28
2025-11-27 18:23:13,NDommbpC80U,155916,1936,0,232
2025-11-27 18:23:13,nDeKfR5iBxY,870564,40633,0,1458
2025-11-27 18:23:13,vMg1KAFAKiY,1065583,174659,0,9308
2025-11-27 18:23:13,fCDvm0Y3qkw,302356,15554,0,194
2025-11-27 18:23:13,iBD9LX2ZdDQ,81668,189,0,0
2025-11-27 18:23:13,BsyEN86cR0U,241179,7385,0,74
2025-11-27 18:23:13,PJyQaQosJpk,76166,847,0,15
2025-11-27 18:23:13,OWGd9sHxpvs,84856,2572,0,82
2025-11-27 18:23:13,j-8vLi2sMg0,74815,6900,0,86
2025-11-27 18:23:13,Pzqzy2ZIcLI,171359,9463,0,48
2025-11-27 18:23:13,DSPV0RT3BJI,82541,,0,
2025-11-27 18:23:13,4oml768wFnk,47156,3241,0,162
2025-11-27 18:23:13,DG4ax7ec64o,688890,8294,0,343
2025-11-27 18:23:13,hQwjPcq63JM,48848,748,0,5
2025-11-27 18:23:13,G36amiUCkXU,458097,28200,0,5420
2025-11-27 18:23:13,F2B4VITJfb0,104667,2240,0,400
2025-11-27 18:23:13,T8w3L1rS3o4,64480,4276,0,106
2025-11-27 18:23:13,sgi_eji-ysM,273660,5444,0,67
2025-11-27 18:23:13,VWg0218G38c,117426,1399,0,237
2025-11-27 18:23:13,4Xt_hR0KNvY,170026,12875,0,2395
2025-11-27 18:23:13,IftQ9zQ06-0,139666,2024,0,282
2025-11-27 18:23:13,A3Ki9cI9T9w,107591,2378,0,605
2025-11-27 18:23:13,U7wDhVWgd5w,52082,1097,0,7
2025-11-27 18:23:13,kSmHmdAnDYc,238623,6838,0,831
2025-11-27 18:23:13,a72dN8ZWPWg,148995,3342,0,1804
2025-11-27 18:23:13,2NKK6Mg27XI,238819,15277,0,487
2025-11-27 18:23:13,WVVv8Uyok_U,120705,5113,0,793
2025-11-27 18:23:13,dIPZHyTBFz0,199453,2170,0,262
2025-11-27 18:23:13,HP8qpxRpIW8,894791,34399,0,997
2025-11-27 18:23:13,5-o_tvuKSfM,55210,3773,0,152
2025-11-27 18:23:13,R-ZKjAqlquA,106565,570,0,17
2025-11-27 18:23:13,Am2ElEWNvTY,67243,3772,0,212
2025-11-27 18:23:13,DOmdfYIPBXE,343013,3135,0,87
2025-11-27 18:23:13,SdVBuVm_Sw8,,699,0,0
2025-11-27 18:23:13,vIUORnIS_ug,337624,13878,0,1046
2025-11-27 18:23:13,ANU0lVGfWyo,489774,34840,0,2401
2025-11-27 18:23:13,aHKMl9HVqZQ,139964,4311,0,340
2025-11-27 18:23:13,qFdZAyr_xmw,200050,5068,0,686
2025-11-27 18:23:13,4Ddbjkyy2C0,119654,836,0,0
2025-11-27 18:23:13,tmVYOETfA10,64714,3726,0,90
2025-11-27 18:23:13,uOZRP1-dvhA,233789,2377,0,172
2025-11-27 18:23:13,9SaAfQ6eACQ,77658,1079,0,210
2025-11-27 18:23:13,k1yXf4L5bnc,116131,2804,0,153
2025-11-27 18:23:13,HIE0fSPuvLY,167515,811,0,20
2025-11-27 18:23:13,1wRkbauiGU8,102086,2503,0,151
2025-11-27 18:23:13,6yMFwpzbQCY,225808,3199,0,221
2025-11-27 18:23:13,5UBc2gXGwKc,17968,280,0,9
2025-11-27 18:23:13,kCnD_dMyJ3M,92259,2704,0,0
2025-11-27 18:23:13,xZFWSWcQ3As,111876,1245,0,79
2025-11-27 18:23:13,S0UEqkus7FA,316497,12510,0,244
2025-11-27 18:23:13,BM13CSsDrV8,13997,514,0,0
2025-11-27 18:23:13,hXKJ0gHYQ6E,48809,266,0,21
2025-11-27 18:23:13,STXcQAmoLPU,133749,1367,0,1
2025-11-27 18:23:13,XILnJKGc0yo,242952,20478,0,3671
2025-11-27 18:23:13,iKVcCmyqoik,114342,5936,0,224
2025-11-27 18:23:13,599nhYHHvQo,,836,0,0
2025-11-27 18:23:13,ex7ieF2B09A,253246,3972,0,196
2025-11-27 18:23:13,P0OLVEm0pfM,66095,194,0,0
2025-11-27 18:23:13,CZP11p3DklQ,108841,3539,0,145
2025-11-27 18:23:13,nbzmTUB-FCs,22448,1321,0,194
2025-11-27 18:23:13,DyINvuS9P34,199297,2731,0,50
2025-11-27 18:23:13,vQpF9mIiYFU,19714,316,0,22
2025-11-27 18:23:13,qRUIGsTq-kU,20478,2322,0,217
2025-11-27 18:23:13,GxXpkps21Kc,304715,13064,0,230
2025-11-27 18:23:13,I52yC34Ji2k,309700,43232,0,1640
2025-11-27 18:23:13,NUSpibeVoO0,22483,911,0,87
2025-11-27 18:23:13,NED7nev2ywQ,39959162,1350037,0,132011
2025-11-27 18:23:13,w32-xwPxDFk,18435,1205,0,58
2025-11-27 18:23:13,6L7xTio0QyY,108199,5212,0,500
2025-11-27 18:23:13,4-6IONBWRMQ,109707,1723,0,33
2025-11-27 18:23:13,_o05ucPBD7g,84394,1521,0,75
2025-11-27 18:23:13,miySB69T1xw,475943,13115,0,482
2025-11-27 18:23:13,-dfR8iYqwK4,200516,3474,0,492
2025-11-27 18:23:13,xuL1CDdhsOg,211331,2075,0,1
2025-11-27 18:23:13,w0ZQp2CmHHw,143824,2479,0,220
2025-11-27 18:23:13,BNWYJZp2CbQ,48655,451,0,22
2025-11-27 18:23:13,Bj6tJxDPzoY,238751,10884,0,302
2025-11-27 18:23:13,rOZV4RZrA3A,204854,2091,0,8
2025-11-27 18:23:13,Aj8AmqTQkAs,99603,1184,0,59
2025-11-27 18:23:13,AmQXv7Pyqvw,72574,940,0,10
2025-11-27 18:23:13,dhzVHS8C_nc,82089,480,0,2
2025-11-27 18:23:13,zupf7Kwx6v4,145604,2814,0,177
2025-11-27 18:23:13,0GICIe0Tgf8,18518,1065,0,31
2025-11-27 18:23:13,JUYQapYmw74,120785,1400,0,3
2025-11-27 18:23:13,9jrVtT2nPgQ,35901,4668,0,103
2025-11-27 18:23:13,ayjRv2g2UqY,882908,20318,0,813
2025-11-27 18:23:13,6mP-mEHEQcw,267604,10780,0,1401
2025-11-27 18:23:13,CO0MSU3fqAQ,16031,2279,0,130
2025-11-27 18:23:13,5eHGs7lX09s,105646,1251,0,1112
2025-11-27 18:23:13,CvGT2o7-_ZA,80629,1538,0,12
2025-11-27 18:23:13,GJMOK14mB2c,113405,2760,0,143
2025-11-27 18:23:13,W3eUZa56o0s,226612,3914,0,1521
2025-11-27 18:23:13,TVqEwvbZP30,9926871,110004,0,11075
2025-11-27 18:23:13,v55qDr_jJFA,28399,1831,0,113
2025-11-27 18:23:13,dx4XsqUGm10,207683,18386,0,1364
2025-11-27 18:23:13,6ixvIIIxwlk,104563,1063,0,0
2025-11-27 18:23:13,tPMkWfK6N-E,114494,10206,0,514
2025-11-27 18:23:13,x15pDRtzYno,139738,1687,0,196
2025-11-27 18:23:13,FFXSoSl_lGg,123669,5083,0,177
2025-11-27 18:23:13,IcWvUlwcKAI,9922,1925,0,150
2025-11-27 18:23:13,5ftlnz91DaM,167618,10043,0,491
2025-11-27 18:23:13,CXcBo03He2A,25918,3541,0,184
2025-11-27 18:23:13,24VDsNgWNfw,81235,428,0,1
2025-11-27 18:23:13,xjUPVppl1DI,628436,10864,0,457
2025-11-27 18:23:13,OWpLhNyqeqg,82515,4844,0,427
2025-11-27 18:23:13,taSKSaq5qh8,252501,4115,0,38
2025-11-27 18:23:13,tLBq_jH5FDI,113011,1738,0,169
2025-11-27 18:23:13,StcmgD_0aRI,150388,11337,0,2627
2025-11-27 18:23:13,fiG_T-0zFT8,545385,31019,0,1447
2025-11-27 18:23:13,UFozBQrnmII,795569,25418,0,424
2025-11-27 18:23:13,MarWse2JmWU,288338,3291,0,25
2025-11-27 18:23:13,bZ2eyQcJ49o,172975,2765,0,384
2025-11-27 18:23:13,oVwGURkvEq4,145423,1768,0,661
2025-11-27 18:23:13,kuetvJE_C_U,150878,3979,0,66
2025-11-27 18:23:13,dmBAMwBBxoM,165632,4774,0,388
2025-11-27 18:23:13,IrxoY7JdJY0,140286,,0,47
2025-11-27 18:23:13,m0HhR1k9JEw,87608,196,0,5
2025-11-27 18:23:13,WGyadbTx8bs,365048,12891,0,1053
2025-11-27 18:23:13,4l9Ni3tjbwM,1066423,12125,0,125
2025-11-27 18:23:13,eWetBwa4vVI,36289,2478,0,142
2025-11-27 18:23:13,Gth1zEFH2TM,104996,2144,0,50
2025-11-27 18:23:13,u66QoyjtANg,141324,1096,0,0
2025-11-27 18:23:13,IZ9kqxCDvAs,812443,31575,0,2056
2025-11-27 18:23:13,6kWw9Nn4dIY,133699,6186,0,358
2025-11-27 18:23:13,Caa-UHhl8Gw,94526,2722,0,203
2025-11-27 18:23:13,AfKzB2lXo7I,15628,750,0,51
2025-11-27 18:23:13,qIXl45sU0wk,122873,2820,0,27
2025-11-27 18:23:13,G7eh40XgTiw,88957,1210,0,175
2025-11-27 18:23:13,KO6gxf8vXJQ,229012,526,0,1
2025-11-27 18:23:13,uQc-pW3QLuI,7099695,126900,0,5195
2025-11-27 18:23:13,vpXtzSpyV_8,4613454,22081,0,1102
2025-11-27 18:23:13,oLY17RG3OMI,292949,5119,0,287
2025-11-27 18:23:13,jRgzfKDTI7g,480498,11846,0,351
2025-11-27 18:23:13,E7so8IVX1qQ,79729,123,0,3
2025-11-27 18:23:13,Gln8wDtITJ4,42897,2789,0,221
2025-11-27 18:23:13,C3jcxlsPYLE,204571,9940,0,83
2025-11-27 18:23:13,qJvjFBhQ6vQ,188935,2324,0,72
2025-11-27 18:23:13,PwaldW6SXwE,27166,2559,0,234
2025-11-27 18:23:13,04-csl0RRJc,56369,1054,0,269
2025-11-27 18:23:13,nzbbL07maKA,136119,6975,0,271
2025-11-27 18:23:13,SWdjfMIkQCg,161062,2215,0,164
2025-11-27 18:23:13,qUgLxkENl6c,113516,7456,0,346
2025-11-27 18:23:13,LcpCd9VXGjE,334379,1573,0,0
2025-11-27 18:23:13,Lj1Qi3-zQgg,27918,4608,0,147
2025-11-27 18:23:13,j-4AHlLg9XA,,104,0,0
2025-11-27 18:23:13,fiSsGbfus6I,328260,2204,0,1282
2025-11-27 18:23:13,KC0-vIj7piY,237608,18964,0,261
2025-11-27 18:23:13,tdYPGxusaYs,30736,2570,0,142
2025-11-27 18:23:13,2HwsSTLuA8A,143958,4144,0,458
2025-11-27 18:23:13,kux5GmbZhVg,20714,1009,0,20
2025-11-27 18:23:13,ES9oYbzYCh8,493660,59848,0,1837
2025-11-27 18:23:13,JrI4_jUZe98,412464,68196,0,2172
2025-11-27 18:23:13,JkKNqaEl9Aw,409361,21006,0,1886
2025-11-27 18:23:13,hn17tmdaAzQ,700700,6516,0,107
2025-11-27 18:23:13,eLCjlEYBN3U,386109,15261,0,1061
2025-11-27 18:23:13,tGwT5DAU6-s,54192,1070,0,16
2025-11-27 18:23:13,h09ng9lTOEM,168203,1509,0,8
2025-11-27 18:23:13,D8gbtByJSI8,77235,368,0,2
2025-11-27 18:23:13,zLfnSXg0jKg,119557,3160,0,136
2025-11-27 18:23:13,IW14wQJKSC4,105352,4144,0,149
2025-11-27 18:23:13,jvrrjeAYtzs,76238,232,0,0
2025-11-27 18:23:13,LxMaia85m5Y,203677,3882,0,172
2025-11-27 18:23:13,cVL4bRjA6X0,429861,37435,0,1343
2025-11-27 18:23:13,KSha-fc5EhA,93103,520,0,0
2025-11-27 18:23:13,WsLcF1ojgFU,47728,2965,0,421
2025-11-27 18:23:13,OEcTbxi57lE,18137,3693,0,141
2025-11-27 18:23:13,NIGA89HGTBU,2567745,28219,0,1038
2025-11-27 18:23:13,eHmQ_b0LkUA,453088,93465,0,3267
2025-11-27 18:23:13,3-caLm2c1XI,141427,4189,0,516
2025-11-27 18:23:13,VXsWwTTgt78,257445,11899,0,74
2025-11-27 18:23:13,6oS55kztPlE,22345,1108,0,32
2025-11-27 21:42:39,8gAg9uDn2Oo,408887,13856,0,507
2025-11-27 21:42:39,jRgzfKDTI7g,484701,11904,0,351
2025-11-27 21:42:39,-dfR8iYqwK4,201549,3482,0,494
2025-11-27 21:42:39,WGyadbTx8bs,376756,13135,0,1067
2025-11-27 21:42:39,dhzVHS8C_nc,82089,480,0,2
2025-11-27 21:42:39,u66QoyjtANg,141335,1096,0,0
2025-11-27 21:42:39,hn17tmdaAzQ,702600,6527,0,109
2025-11-27 21:42:39,PtSwg--FueA,158823,1336,0,377
2025-11-27 21:42:39,Aj8AmqTQkAs,100681,1193,0,59
2025-11-27 21:42:39,LUQ28DBF7EU,164744,3923,0,320
2025-11-27 21:42:39,fiSsGbfus6I,337631,2241,0,1285
2025-11-27 21:42:39,NUSpibeVoO0,30111,1024,0,98
2025-11-27 21:42:39,cBPtIHuFa_o,100566,3840,0,389
2025-11-27 21:42:39,8B2XU-fUS58,72913,1845,0,253
2025-11-27 21:42:39,ITQYMtkP23E,290630,1371,0,0
2025-11-27 21:42:39,aHKMl9HVqZQ,142411,4377,0,341
2025-11-27 21:42:39,JUYQapYmw74,120819,1400,0,3
2025-11-27 21:42:39,IW14wQJKSC4,107267,4172,0,150
2025-11-27 21:42:39,6yMFwpzbQCY,375774,4074,0,252
2025-11-27 21:42:39,Am2ElEWNvTY,79820,4176,0,228
2025-11-27 21:42:39,SWdjfMIkQCg,162340,2223,0,164
2025-11-27 21:42:39,9XNqe5r8xHI,437765,6094,0,28
2025-11-27 21:42:39,6oS55kztPlE,23980,1140,0,33
2025-11-27 21:42:39,9SaAfQ6eACQ,78302,1083,0,211
2025-11-27 21:42:39,tGwT5DAU6-s,69747,1319,0,20
2025-11-27 21:42:39,tXJJhKobuas,213205,2898,0,157
2025-11-27 21:42:39,StcmgD_0aRI,162355,12088,0,2701
2025-11-27 21:42:39,oslNxV_8Q2c,241954,10532,0,118
2025-11-27 21:42:39,Gln8wDtITJ4,44276,2870,0,227
2025-11-27 21:42:39,IcWvUlwcKAI,10023,1940,0,151
2025-11-27 21:42:39,Zvh5BE2Guik,255156,10784,0,195
2025-11-27 21:42:39,kCnD_dMyJ3M,95171,2724,0,0
2025-11-27 21:42:39,FuGOa47BBqg,41058,1215,0,15
2025-11-27 21:42:39,taSKSaq5qh8,252881,4116,0,38
2025-11-27 21:42:39,7SoVjT-0Rhw,32678,1851,0,268
2025-11-27 21:42:39,uQc-pW3QLuI,7115088,127066,0,5199
2025-11-27 21:42:39,PJyQaQosJpk,76195,847,0,15
2025-11-27 21:42:39,QebVV6D641k,235229,1223,0,794
2025-11-27 21:42:39,G_oNwC_PjfU,84464,2889,0,343
2025-11-27 21:42:39,qFdZAyr_xmw,204846,5153,0,694
2025-11-27 21:42:39,ex7ieF2B09A,258228,4037,0,199
2025-11-27 21:42:39,F3C87lOmZBM,69260,11218,0,1348
2025-11-27 21:42:39,qEGsMTo-adg,25178,1877,0,230
2025-11-27 21:42:39,W3eUZa56o0s,229302,3939,0,1523
2025-11-27 21:42:39,QJpTBz916MI,1097392,108317,0,2911
2025-11-27 21:42:39,OoLflKFs7YY,102542,2913,0,284
2025-11-27 21:42:39,GVeRDFqNT40,22940,275,0,10
2025-11-27 21:42:39,w32-xwPxDFk,20884,1280,0,60
2025-11-27 21:42:39,T8w3L1rS3o4,77431,4828,0,120
2025-11-27 21:42:39,nbzmTUB-FCs,23072,1334,0,195
2025-11-27 21:42:39,ayjRv2g2UqY,909821,20446,0,814
2025-11-27 21:42:39,yRhin7unPeI,181768,5306,0,466
2025-11-27 21:42:39,4l9Ni3tjbwM,1067271,12129,0,125
2025-11-27 21:42:39,b1OwvLh8HnU,24035,408,0,8
2025-11-27 21:42:39,7bqePXphj2g,271067,18473,0,1579
2025-11-27 21:42:39,7gDl4S3wB14,511185,8515,0,830
2025-11-27 21:42:39,9jrVtT2nPgQ,40548,4860,0,106
2025-11-27 21:42:39,VXsWwTTgt78,257804,11904,0,72
2025-11-27 21:42:39,2j2jXv6Juxc,237818,2904,0,108
2025-11-27 21:42:39,y7XtQu1z9hw,31178,563,0,91
2025-11-27 21:42:39,P0OLVEm0pfM,66098,194,0,0
2025-11-27 21:42:39,CXcBo03He2A,34582,4225,0,203
2025-11-27 21:42:39,tmVYOETfA10,67841,3806,0,92
2025-11-27 21:42:39,vIUORnIS_ug,341676,13945,0,1052
2025-11-27 21:42:39,miySB69T1xw,495481,13345,0,484
2025-11-27 21:42:39,Iz7mRKij2ao,11486,683,0,27
2025-11-27 21:42:39,QRTGKxrKBPM,530618,40950,0,1023
2025-11-27 21:42:39,4-6IONBWRMQ,110157,1734,0,33
2025-11-27 21:42:39,iKVcCmyqoik,118458,6002,0,228
2025-11-27 21:42:39,6L7xTio0QyY,109360,5229,0,504
2025-11-27 21:42:39,HP8qpxRpIW8,951596,35402,0,1002
2025-11-27 21:42:39,DOmdfYIPBXE,346935,3155,0,88
2025-11-27 21:42:39,R-ZKjAqlquA,121949,605,0,24
2025-11-27 21:42:39,CO0MSU3fqAQ,17693,2402,0,136
2025-11-27 21:42:39,qUgLxkENl6c,129902,7849,0,360
2025-11-27 21:42:39,jWFQ3A1Dtdg,328387,13051,0,1329
2025-11-27 21:42:39,eLCjlEYBN3U,443435,16333,0,1120
2025-11-27 21:42:39,qIXl45sU0wk,123317,2829,0,27
2025-11-27 21:42:39,tdYPGxusaYs,34090,2730,0,151
2025-11-27 21:42:39,b29J1g4yWcs,80195,2755,0,239
2025-11-27 21:42:39,BNWYJZp2CbQ,48754,453,0,22
2025-11-27 21:42:39,a72dN8ZWPWg,153486,3439,0,1816
2025-11-27 21:42:39,F2B4VITJfb0,113080,2349,0,439
2025-11-27 21:42:39,vMg1KAFAKiY,1071358,175235,0,9349
2025-11-27 21:42:39,KSha-fc5EhA,93119,520,0,0
2025-11-27 21:42:39,qRUIGsTq-kU,23244,2467,0,228
2025-11-27 21:42:39,tLBq_jH5FDI,123522,1850,0,176
2025-11-27 21:42:39,YMxjZF3gtoM,304487,14178,0,802
2025-11-27 21:42:39,UFozBQrnmII,797329,25437,0,424
2025-11-27 21:42:39,oWv2PwrJkTM,228319,11498,0,116
2025-11-27 21:42:39,LcpCd9VXGjE,334506,1567,0,0
2025-11-27 21:42:39,NkHjY_EaCgY,121225,1805,0,107
2025-11-27 21:42:39,k1yXf4L5bnc,116634,2812,0,153
2025-11-27 21:42:39,4_l1VyTNzrs,73020,2202,0,1301
2025-11-27 21:42:39,lUHLwBOY04I,173454,17139,0,347
2025-11-27 21:42:39,MarWse2JmWU,288383,3291,0,25
2025-11-27 21:42:39,PwaldW6SXwE,27935,2593,0,236
2025-11-27 21:42:39,m0HhR1k9JEw,87608,196,0,5
2025-11-27 21:42:39,KO6gxf8vXJQ,229030,526,0,1
2025-11-27 21:42:39,x_RYZsOfpKY,13086770,304745,0,18061
2025-11-27 21:42:39,sgi_eji-ysM,274095,5449,0,67
2025-11-27 21:42:39,SnCG-_lf74w,954571,23697,0,1114
2025-11-27 21:42:39,hQwjPcq63JM,48848,751,0,7
2025-11-27 21:42:39,fCDvm0Y3qkw,304304,15615,0,196
2025-11-27 21:42:39,S3Q33-4q1xo,113490,1318,0,84
2025-11-27 21:42:39,sEe1U-vDP5k,55366,2483,0,221
2025-11-27 21:42:39,8j4RM-bBYvA,28084,1284,0,475
2025-11-27 21:42:39,CvGT2o7-_ZA,80808,1538,0,12
2025-11-27 21:42:39,STXcQAmoLPU,133804,1366,0,1
2025-11-27 21:42:39,Yy2ZovGi-Uk,352313,9398,0,145
2025-11-27 21:42:39,fiG_T-0zFT8,556010,31176,0,1448
2025-11-27 21:42:39,OeMmb--HE6k,194092,4943,0,71
2025-11-27 21:42:39,NIGA89HGTBU,2946021,28647,0,1055
2025-11-27 21:42:39,3rGi2kiSzkA,53704,2767,0,114
2025-11-27 21:42:39,WT1LFvt07Gw,48140,1373,0,47
2025-11-27 21:42:39,599nhYHHvQo,,835,0,0
2025-11-27 21:42:39,VWg0218G38c,123750,1505,0,270
2025-11-27 21:42:39,Kc7TkgWiWrc,37893,1126,0,41
2025-11-27 21:42:39,VhzqSrscVP8,153720,6101,0,418
2025-11-27 21:42:39,3-caLm2c1XI,150087,4384,0,530
2025-11-27 21:42:39,SzFd7Tmq7pU,187868,9822,0,53
2025-11-27 21:42:39,G_3xr5desOo,114687,3372,0,129
2025-11-27 21:42:39,L6tkKvVCs0Y,439813,13574,0,590
2025-11-27 21:42:39,s5dFrPwvbHY,220857,31992,0,1486
2025-11-27 21:42:39,oVwGURkvEq4,145702,1769,0,661
2025-11-27 21:42:39,vQ_NFqtGDgo,176439,27451,0,1012
2025-11-27 21:42:39,dx4XsqUGm10,213077,18568,0,1373
2025-11-27 21:42:39,NDommbpC80U,176951,2132,0,251
2025-11-27 21:42:39,BDxXPvOdz50,161694,2461,0,644
2025-11-27 21:42:39,U7wDhVWgd5w,52087,1097,0,7
2025-11-27 21:42:39,tPMkWfK6N-E,115935,10245,0,516
2025-11-27 21:42:39,IrxoY7JdJY0,145707,,0,50
2025-11-27 21:42:39,G7eh40XgTiw,91407,1223,0,175
2025-11-27 21:42:39,OWGd9sHxpvs,106837,3093,0,92
2025-11-27 21:42:39,-3TOkp_6gRQ,491756,9287,0,89
2025-11-27 21:42:39,v55qDr_jJFA,29948,1920,0,121
2025-11-27 21:42:39,z-aco1hi0Iw,159402,1751,0,260
2025-11-27 21:42:39,2NKK6Mg27XI,242832,15421,0,490
2025-11-27 21:42:39,GJMOK14mB2c,114181,2769,0,143
2025-11-27 21:42:39,o3PX7EjBjvg,74668,3332,0,338
2025-11-27 21:42:39,kSmHmdAnDYc,248280,7030,0,855
2025-11-27 21:42:39,nzbbL07maKA,143545,7154,0,274
2025-11-27 21:42:39,AfKzB2lXo7I,19711,889,0,52
2025-11-27 21:42:39,wUGh03rLZbY,126234,3840,0,258
2025-11-27 21:42:39,zupf7Kwx6v4,146459,2822,0,177
2025-11-27 21:42:39,G36amiUCkXU,478685,28756,0,5608
2025-11-27 21:42:39,qJvjFBhQ6vQ,191006,2338,0,73
2025-11-27 21:42:39,dolefeooLzc,400525,6036,0,382
2025-11-27 21:42:39,CZP11p3DklQ,116132,3666,0,148
2025-11-27 21:42:39,iBD9LX2ZdDQ,81747,189,0,0
2025-11-27 21:42:39,IW_KV5nqWRI,42384,226,0,11
2025-11-27 21:42:39,j-4AHlLg9XA,,104,0,0
2025-11-27 21:42:39,OWpLhNyqeqg,84853,4878,0,430
2025-11-27 21:42:39,5ftlnz91DaM,169785,10100,0,492
2025-11-27 21:42:39,IZ9kqxCDvAs,833150,32042,0,2076
2025-11-27 21:42:39,AmQXv7Pyqvw,72588,940,0,10
2025-11-27 21:42:39,04-csl0RRJc,56532,1055,0,269
2025-11-27 21:42:39,I52yC34Ji2k,324813,44839,0,1688
2025-11-27 21:42:39,xuL1CDdhsOg,211033,2075,0,1
2025-11-27 21:42:39,dCmNVtLsYzA,203101,9906,0,557
2025-11-27 21:42:39,Lj1Qi3-zQgg,32749,5058,0,154
2025-11-27 21:42:39,gYEhRoknpZQ,109702,950,0,168
2025-11-27 21:42:39,MRYXsF2lblY,222482,19098,0,1054
2025-11-27 21:42:39,ST05E_5kn2E,262457,4963,0,330
2025-11-27 21:42:39,rOZV4RZrA3A,205186,2090,0,8
2025-11-27 21:42:39,5UBc2gXGwKc,20541,293,0,9
2025-11-27 21:42:39,kux5GmbZhVg,23346,1064,0,20
2025-11-27 21:42:39,6-9ej0ztMUA,54111,555,0,51
2025-11-27 21:42:39,ZOEZ_cRIkhY,40202,10148,0,736
2025-11-27 21:42:39,ckKFtSlZ5Lw,69560,1199,0,329
2025-11-27 21:42:39,S0UEqkus7FA,323650,12569,0,252
2025-11-27 21:42:39,55xYiuSAp5c,304900,4603,0,19
2025-11-27 21:42:39,D8gbtByJSI8,77243,369,0,2
2025-11-27 21:42:39,zLfnSXg0jKg,120691,3176,0,137
2025-11-27 21:42:39,SdVBuVm_Sw8,,699,0,0
2025-11-27 21:42:39,NED7nev2ywQ,40072577,1352158,0,132367
2025-11-27 21:42:39,BM13CSsDrV8,15228,527,0,0
2025-11-27 21:42:39,xjUPVppl1DI,646919,11128,0,466
2025-11-27 21:42:39,ES9oYbzYCh8,565454,63536,0,1930
2025-11-27 21:42:39,_o05ucPBD7g,93412,1590,0,84
2025-11-27 21:42:39,6mP-mEHEQcw,273621,10935,0,1407
2025-11-27 21:42:39,KC0-vIj7piY,241994,19086,0,278
2025-11-27 21:42:39,WsLcF1ojgFU,48624,2984,0,423
2025-11-27 21:42:39,FFXSoSl_lGg,125860,5123,0,177
2025-11-27 21:42:39,LxMaia85m5Y,207907,3937,0,173
2025-11-27 21:42:39,vpXtzSpyV_8,4617819,22217,0,1103
2025-11-27 21:42:39,7rd5CtM7oiY,124404,498,0,1
2025-11-27 21:42:39,e0okJjgNTl0,293064,2708,0,7
2025-11-27 21:42:39,ineS6XL0vc8,107598,2576,0,94
2025-11-27 21:42:39,6ixvIIIxwlk,104571,1062,0,0
2025-11-27 21:42:39,2HwsSTLuA8A,144299,4147,0,458
2025-11-27 21:42:39,4Xt_hR0KNvY,174125,13053,0,2442
2025-11-27 21:42:39,OEcTbxi57lE,20101,4102,0,147
2025-11-27 21:42:39,GxXpkps21Kc,304970,13074,0,231
2025-11-27 21:42:39,XZ1FhU9XeEc,148111,2010,0,249
2025-11-27 21:42:39,Nxq6nJJVx5A,103291,5562,0,194
2025-11-27 21:42:39,WVVv8Uyok_U,136508,5465,0,820
2025-11-27 21:42:39,UfVkyXaTGcs,210844,5308,0,106
2025-11-27 21:42:39,Rc8f268ueOE,229919,1916,0,432
2025-11-27 21:42:39,BFaHdJVDmXY,71447,4238,0,185
2025-11-27 21:42:39,dqMImJF-rgA,142342,4088,0,341
2025-11-27 21:42:39,Pzqzy2ZIcLI,171515,9471,0,48
2025-11-27 21:42:39,eHmQ_b0LkUA,459067,93986,0,3271
2025-11-27 21:42:39,w0ZQp2CmHHw,161902,2665,0,236
2025-11-27 21:42:39,TAL-HXKac80,3629539,78329,0,2655
2025-11-27 21:42:39,5m86CgLR0Fg,42511,4581,0,175
2025-11-27 21:42:39,yxXNIzrfPNQ,115426,6239,0,833
2025-11-27 21:42:39,SMAnw64aTXc,44172,1752,0,813
2025-11-27 21:42:39,kuetvJE_C_U,150949,3979,0,66
2025-11-27 21:42:39,I9U5JRfZ4bA,34964,973,0,152
2025-11-27 21:42:39,0GICIe0Tgf8,19933,1092,0,32
2025-11-27 21:42:39,XILnJKGc0yo,252527,20644,0,3711
2025-11-27 21:42:39,oLY17RG3OMI,296433,5178,0,287
2025-11-27 21:42:39,cVL4bRjA6X0,436533,37598,0,1344
2025-11-27 21:42:39,IftQ9zQ06-0,612797,2091,0,293
2025-11-27 21:42:39,xZFWSWcQ3As,112740,1248,0,80
2025-11-27 21:42:39,TVqEwvbZP30,10551653,111059,0,11393
2025-11-27 21:42:39,Gth1zEFH2TM,106373,2159,0,52
2025-11-27 21:42:39,hXKJ0gHYQ6E,48840,266,0,21
2025-11-27 21:42:39,j-8vLi2sMg0,77890,7070,0,87
2025-11-27 21:42:39,cl-BT6bDxEI,123964,3394,0,193
2025-11-27 21:42:39,pzLTGAwn0a4,47085,6794,0,471
2025-11-27 21:42:39,4oml768wFnk,48417,3260,0,163
2025-11-27 21:42:39,h09ng9lTOEM,168217,1509,0,8
2025-11-27 21:42:39,E7so8IVX1qQ,85306,129,0,5
2025-11-27 21:42:39,DyINvuS9P34,234017,2973,0,52
2025-11-27 21:42:39,b9z3Iaz5Zrc,136509,6874,0,329
2025-11-27 21:42:39,A3Ki9cI9T9w,108913,2386,0,607
2025-11-27 21:42:39,snH3HQSF7Ew,247641,3997,0,702
2025-11-27 21:42:39,f8aS4qwuO7k,147299,8595,0,73
2025-11-27 21:42:39,24VDsNgWNfw,81368,428,0,1
2025-11-27 21:42:39,eWetBwa4vVI,37231,2524,0,146
2025-11-27 21:42:39,j6TnwWfuf-I,101791,2161,0,116
2025-11-27 21:42:39,ScutqxM3z_s,207430,8664,0,491
2025-11-27 21:42:39,5-o_tvuKSfM,64021,4191,0,164
2025-11-27 21:42:39,nDeKfR5iBxY,880409,41014,0,1465
2025-11-27 21:42:39,4Ddbjkyy2C0,119657,836,0,0
2025-11-27 21:42:39,n7pO7F_kP0k,107901,15286,0,572
2025-11-27 21:42:39,DG4ax7ec64o,701157,8536,0,351
2025-11-27 21:42:39,vQpF9mIiYFU,21986,330,0,22
2025-11-27 21:42:39,dIPZHyTBFz0,201040,2181,0,265
2025-11-27 21:42:39,OfuHlytx3rQ,14946,215,0,9
2025-11-27 21:42:39,_6xcFXlJcX8,113066,1243,0,36
2025-11-27 21:42:39,bZ2eyQcJ49o,182476,2843,0,390
2025-11-27 21:42:39,XtTT5XdZVpw,119983,4681,0,217
2025-11-27 21:42:39,Em805jfRVXs,289712,5167,0,604
2025-11-27 21:42:39,UF4n5zmzx9A,228548,5379,0,273
2025-11-27 21:42:39,_Vs1T6KpK5g,76777,1163,0,7
2025-11-27 21:42:39,81QYAxvO3Ik,206457,19620,0,1234
2025-11-27 21:42:39,koeM_jz4CdM,397157,14997,0,1488
2025-11-27 21:42:39,llAI08UYyAw,3170602,359607,0,10895
2025-11-27 21:42:39,ZXrcsNlbtgs,105020,912,0,0
2025-11-27 21:42:39,BT4XRgmCjjQ,216271,,0,35
2025-11-27 21:42:39,BsyEN86cR0U,242208,7403,0,75
2025-11-27 21:42:39,dmBAMwBBxoM,169991,4865,0,390
2025-11-27 21:42:39,xcqjxAXsbHU,605818,27766,0,1198
2025-11-27 21:42:39,x15pDRtzYno,146238,1720,0,197
2025-11-27 21:42:39,KDC-EOsNzAg,170499,23824,0,603
2025-11-27 21:42:39,ygIwtR2txaw,297414,11131,0,261
2025-11-27 21:42:39,hcJEQXJIALo,43620,3938,0,575
2025-11-27 21:42:39,JkKNqaEl9Aw,461502,21300,0,1914
2025-11-27 21:42:39,Bj6tJxDPzoY,255758,11396,0,311
2025-11-27 21:42:39,1wRkbauiGU8,103993,2522,0,151
2025-11-27 21:42:39,BiiDN0zgJ2Q,95926,731,0,0
2025-11-27 21:42:39,jvrrjeAYtzs,76265,230,0,0
2025-11-27 21:42:39,Caa-UHhl8Gw,95711,2740,0,206
2025-11-27 21:42:39,HIE0fSPuvLY,167523,811,0,20
2025-11-27 21:42:39,JrI4_jUZe98,426962,70105,0,2190
2025-11-27 21:42:39,6hIKI8RZ1ys,419572,6922,0,18
2025-11-27 21:42:39,gSXQd_5ht0E,1203551,23907,0,1050
2025-11-27 21:42:39,C3jcxlsPYLE,209996,9998,0,85
2025-11-27 21:42:39,uOZRP1-dvhA,235004,2388,0,172
2025-11-27 21:42:39,ANU0lVGfWyo,503792,35086,0,2408
2025-11-27 21:42:39,xx3ZTvOhNoM,226085,8079,0,89
2025-11-27 21:42:39,tk9FDjJd6zM,39423,715,0,90
2025-11-27 21:42:39,DSPV0RT3BJI,83146,,0,
2025-11-27 21:42:39,HQdJ8dMeCHM,121248,718,0,1543
2025-11-27 21:42:39,l57EJ_eLsIc,187162,1610,0,618
2025-11-27 21:42:39,6kWw9Nn4dIY,136406,6272,0,362
2025-11-27 21:42:39,0-74AHbFWic,160296,11883,0,624
2025-11-27 21:42:39,5eHGs7lX09s,130832,1397,0,1154
2025-11-25 18:43:55,7bqePXphj2g,148735,13846,0,1270
2025-11-25 18:43:55,ZXrcsNlbtgs,104936,914,0,0
2025-11-25 18:43:55,W3eUZa56o0s,201068,3664,0,1431
2025-11-25 18:43:55,G36amiUCkXU,208412,21592,0,3808
2025-11-25 18:43:55,QebVV6D641k,215834,1148,0,750
2025-11-25 18:43:55,S3Q33-4q1xo,90819,1152,0,78
2025-11-25 18:43:55,snH3HQSF7Ew,224495,3779,0,676
2025-11-25 18:43:55,DOmdfYIPBXE,307708,2893,0,85
2025-11-25 18:43:55,qIXl45sU0wk,113955,2723,0,23
2025-11-25 18:43:55,oVwGURkvEq4,133805,1719,0,647
2025-11-25 18:43:55,QRTGKxrKBPM,386635,36807,0,971
2025-11-25 18:43:55,xjUPVppl1DI,56012,2823,0,147
2025-11-25 18:43:55,6mP-mEHEQcw,148359,8264,0,1170
2025-11-25 18:43:55,PJyQaQosJpk,69884,813,0,5
2025-11-25 18:43:55,0-74AHbFWic,133448,11192,0,620
2025-11-25 18:43:55,24VDsNgWNfw,79866,424,0,1
2025-11-25 18:43:55,kCnD_dMyJ3M,57872,2359,0,0
2025-11-25 18:43:55,ANU0lVGfWyo,263461,27232,0,2119
2025-11-25 18:43:55,QJpTBz916MI,950894,102958,0,2821
2025-11-25 18:43:55,5ftlnz91DaM,122171,8434,0,435
2025-11-25 18:43:55,AmQXv7Pyqvw,72112,936,0,9
2025-11-25 18:43:55,f8aS4qwuO7k,143058,8482,0,68
2025-11-25 18:43:55,fiSsGbfus6I,114387,1364,0,895
2025-11-25 18:43:55,yxXNIzrfPNQ,77265,5575,0,766
2025-11-25 18:43:55,ex7ieF2B09A,163966,2816,0,153
2025-11-25 18:43:55,FFXSoSl_lGg,93265,4564,0,169
2025-11-25 18:43:55,XtTT5XdZVpw,82404,4211,0,199
2025-11-25 18:43:55,WGyadbTx8bs,164391,7767,0,782
2025-11-25 18:43:55,MRYXsF2lblY,150720,16670,0,915
2025-11-25 18:43:55,koeM_jz4CdM,314740,12887,0,1354
2025-11-25 18:43:55,h09ng9lTOEM,167930,1509,0,8
2025-11-25 18:43:55,IW14wQJKSC4,85521,3865,0,145
2025-11-25 18:43:55,tPMkWfK6N-E,93751,9342,0,469
2025-11-25 18:43:55,BNWYJZp2CbQ,38803,397,0,9
2025-11-25 18:43:55,ayjRv2g2UqY,459816,18690,0,781
2025-11-25 18:43:55,j-4AHlLg9XA,,105,0,0
2025-11-25 18:43:55,MarWse2JmWU,286796,3298,0,24
2025-11-25 18:43:55,BDxXPvOdz50,128785,2174,0,594
2025-11-25 18:43:55,vpXtzSpyV_8,1282356,16679,0,823
2025-11-25 18:43:55,_6xcFXlJcX8,99238,1092,0,35
2025-11-25 18:43:55,uOZRP1-dvhA,181324,1905,0,157
2025-11-25 18:43:55,U7wDhVWgd5w,53091,1097,0,6
2025-11-25 18:43:55,s5dFrPwvbHY,124708,24925,0,1365
2025-11-25 18:43:55,xuL1CDdhsOg,210897,2083,0,1
2025-11-25 18:43:55,IW_KV5nqWRI,36901,217,0,3
2025-11-25 18:43:55,IftQ9zQ06-0,68138,1276,0,166
2025-11-25 18:43:55,7gDl4S3wB14,437766,7890,0,768
2025-11-25 18:43:55,tmVYOETfA10,30706,2771,0,74
2025-11-25 18:43:55,G_3xr5desOo,35151,1809,0,81
2025-11-25 18:43:55,4oml768wFnk,33541,3023,0,156
2025-11-25 18:43:55,6hIKI8RZ1ys,418841,6933,0,18
2025-11-25 18:43:55,4l9Ni3tjbwM,1057675,12006,0,121
2025-11-25 18:43:55,oslNxV_8Q2c,244348,10418,0,117
2025-11-25 18:43:55,x_RYZsOfpKY,9005128,235559,0,15292
2025-11-25 18:43:55,nDeKfR5iBxY,721655,34580,0,1352
2025-11-25 18:43:55,cVL4bRjA6X0,286668,32155,0,1200
2025-11-25 18:43:55,I9U5JRfZ4bA,27240,855,0,141
2025-11-25 18:43:55,zupf7Kwx6v4,133481,2683,0,174
2025-11-25 18:43:55,OWpLhNyqeqg,41820,3915,0,391
2025-11-25 18:43:55,tXJJhKobuas,51642,1167,0,101
2025-11-25 18:43:55,GxXpkps21Kc,296373,12933,0,208
2025-11-25 18:43:55,599nhYHHvQo,,846,0,0
2025-11-25 18:43:55,L6tkKvVCs0Y,157023,11443,0,546
2025-11-25 18:43:55,6L7xTio0QyY,64256,4870,0,483
2025-11-25 18:43:55,WsLcF1ojgFU,31582,2585,0,367
2025-11-25 18:43:55,gYEhRoknpZQ,92817,890,0,162
2025-11-25 18:43:55,dCmNVtLsYzA,165354,8600,0,493
2025-11-25 18:43:55,PtSwg--FueA,83048,951,0,317
2025-11-25 18:43:55,UF4n5zmzx9A,179895,4659,0,254
2025-11-25 18:43:55,HIE0fSPuvLY,167446,812,0,19
2025-11-25 18:43:55,kuetvJE_C_U,149884,3955,0,67
2025-11-25 18:43:55,DG4ax7ec64o,545330,6579,0,302
2025-11-25 18:43:55,z-aco1hi0Iw,22517,822,0,168
2025-11-25 18:43:55,-3TOkp_6gRQ,478228,9142,0,80
2025-11-25 18:43:55,3rGi2kiSzkA,20953,1678,0,91
2025-11-25 18:43:55,iKVcCmyqoik,22824,3023,0,128
2025-11-25 18:43:55,-dfR8iYqwK4,158438,3073,0,460
2025-11-25 18:43:55,xZFWSWcQ3As,98174,1137,0,74
2025-11-25 18:43:55,IZ9kqxCDvAs,603714,27688,0,1861
2025-11-25 18:43:55,x15pDRtzYno,84070,1362,0,175
2025-11-25 18:43:55,2HwsSTLuA8A,136407,4021,0,452
2025-11-25 18:43:55,uQc-pW3QLuI,6697048,122257,0,5120
2025-11-25 18:43:55,KO6gxf8vXJQ,228772,527,0,1
2025-11-25 18:43:55,llAI08UYyAw,1835044,302270,0,10022
2025-11-25 18:43:55,VXsWwTTgt78,249551,11746,0,73
2025-11-25 18:43:55,VhzqSrscVP8,123654,5510,0,392
2025-11-25 18:43:55,KSha-fc5EhA,92912,524,0,0
2025-11-25 18:43:55,Aj8AmqTQkAs,83445,1050,0,55
2025-11-25 18:43:55,HP8qpxRpIW8,292226,18803,0,798
2025-11-25 18:43:55,4-6IONBWRMQ,100392,1596,0,32
2025-11-25 18:43:55,KDC-EOsNzAg,106059,18353,0,526
2025-11-25 18:43:55,JUYQapYmw74,120080,1401,0,3
2025-11-25 18:43:55,TVqEwvbZP30,1338321,88322,0,7372
2025-11-25 18:43:55,dhzVHS8C_nc,82142,484,0,0
2025-11-25 18:43:55,hXKJ0gHYQ6E,48346,266,0,17
2025-11-25 18:43:55,dqMImJF-rgA,94564,3479,0,306
2025-11-25 18:43:55,oLY17RG3OMI,235652,4343,0,263
2025-11-25 18:43:55,TAL-HXKac80,2481678,68923,0,2272
2025-11-25 18:43:55,zLfnSXg0jKg,91173,2672,0,122
2025-11-25 18:43:55,fiG_T-0zFT8,432820,29029,0,1417
2025-11-25 18:43:55,04-csl0RRJc,50998,1022,0,254
2025-11-25 18:43:55,2NKK6Mg27XI,69761,8020,0,323
2025-11-25 18:43:55,dx4XsqUGm10,123834,15984,0,1221
2025-11-25 18:43:55,8j4RM-bBYvA,12540,1099,0,361
2025-11-25 18:43:55,cl-BT6bDxEI,52916,2242,0,144
2025-11-25 18:43:55,ygIwtR2txaw,219952,9346,0,241
2025-11-25 18:43:55,SdVBuVm_Sw8,,700,0,0
2025-11-25 18:43:55,jRgzfKDTI7g,419734,10897,0,333
2025-11-25 18:43:55,UfVkyXaTGcs,153861,4390,0,98
2025-11-25 18:43:55,eHmQ_b0LkUA,115044,44285,0,2664
2025-11-25 18:43:55,lUHLwBOY04I,131167,14355,0,300
2025-11-25 18:43:55,xcqjxAXsbHU,492329,26029,0,1147
2025-11-25 18:43:55,dolefeooLzc,290159,5054,0,329
2025-11-25 18:43:55,wUGh03rLZbY,104070,3480,0,249
2025-11-25 18:43:55,tk9FDjJd6zM,26261,560,0,63
2025-11-25 18:43:55,4Xt_hR0KNvY,79052,8858,0,1772
2025-11-25 18:43:55,LUQ28DBF7EU,150047,3743,0,309
2025-11-25 18:43:55,GJMOK14mB2c,30521,1416,0,88
2025-11-25 18:43:55,k1yXf4L5bnc,97762,2518,0,148
2025-11-25 18:43:55,qJvjFBhQ6vQ,125582,1943,0,57
2025-11-25 18:43:55,yRhin7unPeI,142508,4606,0,447
2025-11-25 18:43:55,m0HhR1k9JEw,87610,198,0,4
2025-11-25 18:43:55,81QYAxvO3Ik,146867,17377,0,1121
2025-11-25 18:43:55,Pzqzy2ZIcLI,167656,9332,0,44
2025-11-25 18:43:55,taSKSaq5qh8,242492,4066,0,36
2025-11-25 18:43:55,4Ddbjkyy2C0,119031,839,0,0
2025-11-25 18:43:55,YMxjZF3gtoM,197835,11317,0,669
2025-11-25 18:43:55,UFozBQrnmII,763076,24953,0,409
2025-11-25 18:43:55,nbzmTUB-FCs,15674,1210,0,189
2025-11-25 18:43:55,XZ1FhU9XeEc,73145,1268,0,191
2025-11-25 18:43:55,gSXQd_5ht0E,393329,21202,0,998
2025-11-25 18:43:55,SWdjfMIkQCg,124788,1958,0,142
2025-11-25 18:43:55,Yy2ZovGi-Uk,343217,9277,0,136
2025-11-25 18:43:55,vMg1KAFAKiY,851280,153676,0,8363
2025-11-25 18:43:55,9XNqe5r8xHI,420865,5945,0,23
2025-11-25 18:43:55,NED7nev2ywQ,35896848,1302208,0,124814
2025-11-25 18:43:55,IcWvUlwcKAI,7814,1704,0,136
2025-11-25 18:43:55,sgi_eji-ysM,264967,5374,0,65
2025-11-25 18:43:55,7SoVjT-0Rhw,18254,1506,0,218
2025-11-25 18:43:55,BT4XRgmCjjQ,206515,,0,25
2025-11-25 18:43:55,l57EJ_eLsIc,110948,1226,0,504
2025-11-24 22:47:43,dolefeooLzc,213985,4318,0,293
2025-11-24 22:47:43,24VDsNgWNfw,78139,421,0,1
2025-11-24 22:47:43,JUYQapYmw74,118530,1397,0,1
2025-11-24 22:47:43,vpXtzSpyV_8,76254,8284,0,489
2025-11-24 22:47:43,jRgzfKDTI7g,364074,9967,0,317
2025-11-24 22:47:43,fiG_T-0zFT8,386571,28034,0,1403
2025-11-24 22:47:43,ayjRv2g2UqY,296893,17281,0,747
2025-11-24 22:47:43,sgi_eji-ysM,260012,5287,0,63
2025-11-24 22:47:43,QRTGKxrKBPM,325022,34728,0,942
2025-11-24 22:47:43,7gDl4S3wB14,393060,7406,0,736
2025-11-24 22:47:43,xZFWSWcQ3As,77763,952,0,62
2025-11-24 22:47:43,UF4n5zmzx9A,144774,4021,0,233
2025-11-24 22:47:43,4-6IONBWRMQ,89034,1483,0,30
2025-11-24 22:47:43,kuetvJE_C_U,153710,3927,0,66
2025-11-24 22:47:43,dx4XsqUGm10,20267,9334,0,809
2025-11-24 22:47:43,uOZRP1-dvhA,138354,1477,0,131
2025-11-24 22:47:43,VhzqSrscVP8,64378,4063,0,309
2025-11-24 22:47:43,I9U5JRfZ4bA,22175,755,0,129
2025-11-24 22:47:43,xcqjxAXsbHU,452900,25283,0,1123
2025-11-24 22:47:43,-dfR8iYqwK4,61055,2072,0,358
2025-11-24 22:47:43,oLY17RG3OMI,184653,3595,0,234
2025-11-24 22:47:43,xuL1CDdhsOg,218021,2079,0,0
2025-11-24 22:47:43,h09ng9lTOEM,171462,1505,0,6
2025-11-24 22:47:43,IW14wQJKSC4,76234,3693,0,143
2025-11-24 22:47:43,m0HhR1k9JEw,87416,199,0,4
2025-11-24 22:47:43,2HwsSTLuA8A,129044,3851,0,441
2025-11-24 22:47:43,nbzmTUB-FCs,13055,1149,0,185
2025-11-24 22:47:43,x15pDRtzYno,45013,959,0,146
2025-11-24 22:47:43,AmQXv7Pyqvw,83861,935,0,7
2025-11-24 22:47:43,dqMImJF-rgA,52472,2748,0,264
2025-11-24 22:47:43,KO6gxf8vXJQ,228852,527,0,1
2025-11-24 22:47:43,5ftlnz91DaM,92627,6947,0,393
2025-11-24 22:47:43,NED7nev2ywQ,33288382,1270989,0,121057
2025-11-24 22:47:43,uQc-pW3QLuI,6190524,115953,0,5020
2025-11-24 22:47:43,zupf7Kwx6v4,123114,2562,0,169
2025-11-24 22:47:43,nDeKfR5iBxY,656286,32032,0,1295
2025-11-24 22:47:43,4Xt_hR0KNvY,14862,5033,0,1081
2025-11-24 22:47:43,WsLcF1ojgFU,11574,1744,0,244
2025-11-24 22:47:43,TVqEwvbZP30,335488,57539,0,4828
2025-11-24 22:47:43,IZ9kqxCDvAs,525338,25989,0,1770
2025-11-24 22:47:43,gSXQd_5ht0E,286306,19747,0,959
2025-11-24 22:47:43,tPMkWfK6N-E,79886,8572,0,446
2025-11-24 22:47:43,W3eUZa56o0s,185377,3465,0,1356
2025-11-24 22:47:43,UFozBQrnmII,745526,24526,0,383
2025-11-24 22:47:43,QJpTBz916MI,872274,99160,0,2747
2025-11-24 22:47:43,-3TOkp_6gRQ,464618,8851,0,60
2025-11-24 22:47:43,snH3HQSF7Ew,203850,3553,0,655
2025-11-24 22:47:43,lUHLwBOY04I,103985,12056,0,274
2025-11-24 22:47:43,dhzVHS8C_nc,82146,486,0,0
2025-11-24 22:47:43,llAI08UYyAw,702914,185127,0,7779
2025-11-24 22:47:43,DG4ax7ec64o,453379,5764,0,280
2025-11-24 22:47:43,SdVBuVm_Sw8,94446,701,0,0
2025-11-24 22:47:43,oVwGURkvEq4,120994,1635,0,630
2025-11-24 22:47:43,f8aS4qwuO7k,121524,7995,0,60
2025-11-24 22:47:43,vMg1KAFAKiY,603551,126008,0,7294
2025-11-24 22:47:43,IcWvUlwcKAI,5264,1376,0,115
2025-11-24 22:47:43,Aj8AmqTQkAs,71597,915,0,52
2025-11-24 22:47:43,MarWse2JmWU,296563,3299,0,17
2025-11-24 22:47:43,koeM_jz4CdM,157120,8881,0,897
2025-11-24 22:47:43,FFXSoSl_lGg,70497,4087,0,159
2025-11-24 22:47:43,4l9Ni3tjbwM,1057808,11909,0,112
2025-11-24 22:47:43,6hIKI8RZ1ys,429009,6941,0,16
2025-11-24 22:47:43,KDC-EOsNzAg,38639,10438,0,345
2025-11-24 22:47:43,04-csl0RRJc,26897,852,0,180
2025-11-24 22:47:43,0-74AHbFWic,116454,10523,0,603
2025-11-24 22:47:43,DOmdfYIPBXE,285140,2712,0,82
2025-11-24 22:47:43,yxXNIzrfPNQ,56070,5015,0,700
2025-11-24 22:47:43,qJvjFBhQ6vQ,48881,1223,0,37
2025-11-24 22:47:43,KSha-fc5EhA,92044,525,0,0
2025-11-24 22:47:43,hXKJ0gHYQ6E,47817,269,0,17
2025-11-24 22:47:43,wUGh03rLZbY,77761,2979,0,229
2025-11-24 22:47:43,yRhin7unPeI,78323,3419,0,383
2025-11-24 22:47:43,4oml768wFnk,24969,2751,0,150
2025-11-24 22:47:43,IftQ9zQ06-0,27346,809,0,97
2025-11-24 22:47:43,ygIwtR2txaw,102861,6377,0,205
2025-11-24 22:47:43,ANU0lVGfWyo,74241,13584,0,1298
2025-11-24 22:47:43,x_RYZsOfpKY,1987115,124818,0,9829
2025-11-24 22:47:43,ex7ieF2B09A,85325,1748,0,87
2025-11-24 22:47:43,tk9FDjJd6zM,18078,451,0,50
2025-11-24 22:47:43,6L7xTio0QyY,34049,4598,0,463
2025-11-24 22:47:43,_6xcFXlJcX8,81722,926,0,31
2025-11-24 22:47:43,Yy2ZovGi-Uk,338464,9159,0,132
2025-11-24 22:47:43,Pzqzy2ZIcLI,162751,9047,0,29
2025-11-24 22:47:43,dCmNVtLsYzA,117366,6624,0,389
2025-11-24 22:47:43,OWpLhNyqeqg,8824,2274,0,239
2025-11-24 22:47:43,L6tkKvVCs0Y,29537,7451,0,446
2025-11-24 22:47:43,BT4XRgmCjjQ,200238,,0,21
2025-11-24 22:47:43,VXsWwTTgt78,250392,11583,0,70
2025-11-24 22:47:43,UfVkyXaTGcs,45911,2389,0,51
2025-11-24 22:47:43,tmVYOETfA10,15970,1895,0,61
2025-11-24 22:47:43,6mP-mEHEQcw,65535,5485,0,790
2025-11-24 22:47:43,qIXl45sU0wk,103978,2569,0,17
2025-11-24 22:47:43,QebVV6D641k,187975,1009,0,681
2025-11-24 22:47:43,G36amiUCkXU,10410,11769,0,2125
2025-11-24 22:47:43,81QYAxvO3Ik,67975,12118,0,815
2025-11-24 22:47:43,9XNqe5r8xHI,410874,5850,0,22
2025-11-24 22:47:43,HIE0fSPuvLY,167462,813,0,18
2025-11-24 22:47:43,k1yXf4L5bnc,65545,2016,0,135
2025-11-24 22:47:43,ZXrcsNlbtgs,104837,916,0,0
2025-11-24 22:47:43,kCnD_dMyJ3M,38054,2027,0,0
2025-11-24 22:47:43,LUQ28DBF7EU,117413,3379,0,286
2025-11-24 22:47:43,gYEhRoknpZQ,42663,598,0,130
2025-11-24 22:47:43,oslNxV_8Q2c,246179,10322,0,110
2025-11-24 19:49:21,h09ng9lTOEM,170547,1513,0,6
2025-11-24 19:49:21,dCmNVtLsYzA,103005,6145,0,366
2025-11-24 19:49:21,snH3HQSF7Ew,195363,3495,0,641
2025-11-24 19:49:21,yRhin7unPeI,43286,2368,0,306
2025-11-24 19:49:21,DG4ax7ec64o,411541,5285,0,260
2025-11-24 19:49:21,FFXSoSl_lGg,61186,3783,0,153
2025-11-24 19:49:21,uQc-pW3QLuI,6061584,115024,0,4982
2025-11-24 19:49:21,7gDl4S3wB14,370070,7257,0,709
2025-11-24 19:49:21,uOZRP1-dvhA,120869,1383,0,122
2025-11-24 19:49:21,I9U5JRfZ4bA,20227,707,0,115
2025-11-24 19:49:21,k1yXf4L5bnc,42013,1595,0,110
2025-11-24 19:49:21,kCnD_dMyJ3M,33372,1896,0,0
2025-11-24 19:49:21,-3TOkp_6gRQ,445227,8684,0,45
2025-11-24 19:49:21,fiG_T-0zFT8,374262,27648,0,1396
2025-11-24 19:49:21,oLY17RG3OMI,171051,3337,0,224
2025-11-24 19:49:21,QebVV6D641k,174798,957,0,647
2025-11-24 19:49:21,nbzmTUB-FCs,12193,1116,0,180
2025-11-24 19:49:21,4l9Ni3tjbwM,1052719,11892,0,112
2025-11-24 19:49:21,5ftlnz91DaM,84332,6524,0,374
2025-11-24 19:49:21,2HwsSTLuA8A,124006,3776,0,435
2025-11-24 19:49:21,DOmdfYIPBXE,273390,2656,0,82
2025-11-24 19:49:21,0-74AHbFWic,110308,10210,0,591
2025-11-24 19:49:21,6L7xTio0QyY,32034,4472,0,447
2025-11-24 19:49:21,JUYQapYmw74,117684,1385,0,1
2025-11-24 19:49:21,hXKJ0gHYQ6E,47488,269,0,17
2025-11-24 19:49:21,oslNxV_8Q2c,243335,10357,0,115
2025-11-24 19:49:21,tmVYOETfA10,13395,1700,0,57
2025-11-24 19:49:21,HIE0fSPuvLY,167391,819,0,18
2025-11-24 19:49:21,UFozBQrnmII,732416,24476,0,370
2025-11-24 19:49:21,BT4XRgmCjjQ,198258,,0,21
2025-11-24 19:49:21,m0HhR1k9JEw,87317,200,0,3
2025-11-24 19:49:21,Aj8AmqTQkAs,64561,836,0,48
2025-11-24 19:49:21,LUQ28DBF7EU,98511,3037,0,266
2025-11-24 19:49:21,tk9FDjJd6zM,15060,386,0,46
2025-11-24 19:49:21,Pzqzy2ZIcLI,148962,8866,0,21
2025-11-24 19:49:21,24VDsNgWNfw,77097,419,0,1
2025-11-24 19:49:21,TVqEwvbZP30,157659,37144,0,3421
2025-11-24 19:49:21,NED7nev2ywQ,32757049,1265382,0,120576
2025-11-24 19:49:21,dolefeooLzc,194476,4088,0,283
2025-11-24 19:49:21,xZFWSWcQ3As,69532,876,0,58
2025-11-24 19:49:21,dqMImJF-rgA,32647,2228,0,213
2025-11-24 19:49:21,yxXNIzrfPNQ,48724,4761,0,672
2025-11-24 19:49:21,ZXrcsNlbtgs,104746,921,0,0
2025-11-24 19:49:21,6hIKI8RZ1ys,429009,6957,0,16
2025-11-24 19:49:21,W3eUZa56o0s,179227,3414,0,1325
2025-11-24 19:49:21,4oml768wFnk,22301,2607,0,146
2025-11-24 19:49:21,oVwGURkvEq4,114980,1578,0,621
2025-11-24 19:49:21,IW14wQJKSC4,73629,3617,0,143
2025-11-24 19:49:21,SdVBuVm_Sw8,94182,702,0,0
2025-11-24 19:49:21,kuetvJE_C_U,153030,3932,0,65
2025-11-24 19:49:21,jRgzfKDTI7g,341760,9614,0,310
2025-11-24 19:49:21,wUGh03rLZbY,63428,2653,0,202
2025-11-24 19:49:21,qIXl45sU0wk,96002,2464,0,12
2025-11-24 19:49:21,IZ9kqxCDvAs,504858,25342,0,1733
2025-11-24 19:49:21,QJpTBz916MI,847169,97427,0,2714
2025-11-24 19:49:21,9XNqe5r8xHI,404934,5837,0,20
2025-11-24 19:49:21,gSXQd_5ht0E,261927,19007,0,946
2025-11-24 19:49:21,6mP-mEHEQcw,25054,3700,0,564
2025-11-24 19:49:21,IcWvUlwcKAI,3913,1146,0,100
2025-11-24 19:49:21,QRTGKxrKBPM,310269,33881,0,929
2025-11-24 19:49:21,xcqjxAXsbHU,441152,25023,0,1118
2025-11-24 19:49:21,KSha-fc5EhA,91184,523,0,0
2025-11-24 19:49:21,dhzVHS8C_nc,82124,489,0,0
2025-11-24 19:49:21,tPMkWfK6N-E,74012,8290,0,441
2025-11-24 19:49:21,nDeKfR5iBxY,635965,31245,0,1271
2025-11-24 19:49:21,VXsWwTTgt78,247800,11611,0,68
2025-11-24 19:49:21,vMg1KAFAKiY,518655,115406,0,6847
2025-11-24 19:49:21,4-6IONBWRMQ,83058,1424,0,30
2025-11-24 19:49:21,sgi_eji-ysM,256126,5292,0,63
2025-11-24 19:49:21,MarWse2JmWU,296563,3306,0,14
2025-11-24 19:49:21,zupf7Kwx6v4,119225,2504,0,169
2025-11-24 19:49:21,ex7ieF2B09A,65385,1401,0,69
2025-11-24 19:49:21,ayjRv2g2UqY,258645,16507,0,733
2025-11-24 19:49:21,UF4n5zmzx9A,135103,3853,0,220
2025-11-24 19:49:21,Yy2ZovGi-Uk,336191,9152,0,127
2025-11-24 19:49:21,lUHLwBOY04I,96053,11384,0,262
2025-11-24 19:49:21,llAI08UYyAw,469288,142962,0,6791
2025-11-24 19:49:21,IftQ9zQ06-0,15715,585,0,79
2025-11-24 19:49:21,KO6gxf8vXJQ,228730,530,0,1
2025-11-24 19:49:21,_6xcFXlJcX8,74545,870,0,28
2025-11-28 00:20:44,L6tkKvVCs0Y,465904,13628,0,590
2025-11-28 00:20:44,NUSpibeVoO0,33310,1060,0,100
2025-11-28 00:20:44,v55qDr_jJFA,32667,2002,0,129
2025-11-28 00:20:44,KO6gxf8vXJQ,229033,527,0,1
2025-11-28 00:20:44,-dfR8iYqwK4,202126,3485,0,493
2025-11-28 00:20:44,dCmNVtLsYzA,205098,9957,0,560
2025-11-28 00:20:44,DyINvuS9P34,247323,3002,0,53
2025-11-28 00:20:44,1wRkbauiGU8,105039,2537,0,151
2025-11-28 00:20:44,jRgzfKDTI7g,487361,11945,0,351
2025-11-28 00:20:44,6ixvIIIxwlk,104577,1062,0,0
2025-11-28 00:20:44,yxXNIzrfPNQ,117450,6262,0,835
2025-11-28 00:20:44,xcqjxAXsbHU,614782,27901,0,1200
2025-11-28 00:20:44,n7pO7F_kP0k,132865,16879,0,597
2025-11-28 00:20:44,6-9ej0ztMUA,82218,699,0,65
2025-11-28 00:20:44,BT4XRgmCjjQ,216878,,0,35
2025-11-28 00:20:44,JrI4_jUZe98,441159,71611,0,2207
2025-11-28 00:20:44,wEKNPc0cm9Y,15690,633,0,
2025-11-28 00:20:44,599nhYHHvQo,,835,0,0
2025-11-28 00:20:44,S0UEqkus7FA,328273,12594,0,255
2025-11-28 00:20:44,Aj8AmqTQkAs,101885,1200,0,59
2025-11-28 00:20:44,T8w3L1rS3o4,89453,5131,0,123
2025-11-28 00:20:44,KC0-vIj7piY,245456,19177,0,285
2025-11-28 00:20:44,kux5GmbZhVg,24647,1086,0,21
2025-11-28 00:20:44,OoLflKFs7YY,118861,3102,0,303
2025-11-28 00:20:44,YH_PW-Y7LF0,33930,1555,0,93
2025-11-28 00:20:44,SMAnw64aTXc,108070,2466,0,1084
2025-11-28 00:20:44,dhzVHS8C_nc,82094,480,0,2
2025-11-28 00:20:44,o3PX7EjBjvg,105219,3898,0,389
2025-11-28 00:20:44,24VDsNgWNfw,81479,429,0,1
2025-11-28 00:20:44,e0okJjgNTl0,293119,2708,0,7
2025-11-28 00:20:44,tmVYOETfA10,69793,3858,0,92
2025-11-28 00:20:44,9XNqe5r8xHI,438407,6100,0,28
2025-11-28 00:20:44,UfVkyXaTGcs,212914,5333,0,106
2025-11-28 00:20:44,P0OLVEm0pfM,66098,194,0,0
2025-11-28 00:20:44,sEe1U-vDP5k,81307,2975,0,245
2025-11-28 00:20:44,vMg1KAFAKiY,1077380,175879,0,9368
2025-11-28 00:20:44,81QYAxvO3Ik,209457,19709,0,1240
2025-11-28 00:20:44,yRhin7unPeI,183333,5340,0,467
2025-11-28 00:20:44,ANU0lVGfWyo,513472,35391,0,2415
2025-11-28 00:20:44,4Ddbjkyy2C0,119662,836,0,0
2025-11-28 00:20:44,UF4n5zmzx9A,232859,5428,0,272
2025-11-28 00:20:44,6oS55kztPlE,25077,1162,0,33
2025-11-28 00:20:44,snH3HQSF7Ew,248109,4004,0,700
2025-11-28 00:20:44,OEcTbxi57lE,23266,4430,0,151
2025-11-28 00:20:44,taSKSaq5qh8,253086,4117,0,38
2025-11-28 00:20:44,u66QoyjtANg,141347,1094,0,0
2025-11-28 00:20:44,f8aS4qwuO7k,147589,8604,0,73
2025-11-28 00:20:44,6L7xTio0QyY,110591,5234,0,505
2025-11-28 00:20:44,cBPtIHuFa_o,102138,3879,0,384
2025-11-28 00:20:44,-DkSyDEQloM,88894,,0,5
2025-11-28 00:20:44,4oml768wFnk,49334,3274,0,163
2025-11-28 00:20:44,QJpTBz916MI,1109547,108686,0,2921
2025-11-28 00:20:44,PwaldW6SXwE,28777,2612,0,237
2025-11-28 00:20:44,WT1LFvt07Gw,77137,1745,0,54
2025-11-28 00:20:44,nzbbL07maKA,147868,7225,0,276
2025-11-28 00:20:44,hcJEQXJIALo,65806,4033,0,584
2025-11-28 00:20:44,StcmgD_0aRI,172803,12512,0,2754
2025-11-28 00:20:44,CO0MSU3fqAQ,19478,2468,0,137
2025-11-28 00:20:44,G7eh40XgTiw,92863,1224,0,175
2025-11-28 00:20:44,DOmdfYIPBXE,348351,3158,0,88
2025-11-28 00:20:44,I9U5JRfZ4bA,35517,986,0,154
2025-11-28 00:20:44,BM13CSsDrV8,16208,541,0,0
2025-11-28 00:20:44,Zvh5BE2Guik,255640,10790,0,195
2025-11-28 00:20:44,w0ZQp2CmHHw,178205,2818,0,250
2025-11-28 00:20:44,OfuHlytx3rQ,15401,218,0,9
2025-11-28 00:20:44,mdI6LWIe8Og,6746,699,0,45
2025-11-28 00:20:44,3-caLm2c1XI,157139,4483,0,537
2025-11-28 00:20:44,BNWYJZp2CbQ,48756,453,0,22
2025-11-28 00:20:44,5oKKmCT-_4s,9892,1461,0,138
2025-11-28 00:20:44,Rc8f268ueOE,235010,1929,0,433
2025-11-28 00:20:44,PtSwg--FueA,160778,1344,0,377
2025-11-28 00:20:44,E7so8IVX1qQ,86802,134,0,5
2025-11-28 00:20:44,jvrrjeAYtzs,76280,229,0,0
2025-11-28 00:20:44,Lj1Qi3-zQgg,36957,5308,0,156
2025-11-28 00:20:44,OWGd9sHxpvs,120317,3283,0,97
2025-11-28 00:20:44,IftQ9zQ06-0,943269,2127,0,296
2025-11-28 00:20:44,AfKzB2lXo7I,23753,980,0,54
2025-11-28 00:20:44,KDC-EOsNzAg,173856,24055,0,607
2025-11-28 00:20:44,Caa-UHhl8Gw,96677,2758,0,206
2025-11-28 00:20:44,ZOEZ_cRIkhY,106486,16632,0,1166
2025-11-28 00:20:44,oWv2PwrJkTM,230636,11499,0,119
2025-11-28 00:20:44,STXcQAmoLPU,133857,1365,0,1
2025-11-28 00:20:44,S3Q33-4q1xo,114314,1327,0,84
2025-11-28 00:20:44,2j2jXv6Juxc,252522,2920,0,108
2025-11-28 00:20:44,oYKdO-eEHg4,48850,1178,0,215
2025-11-28 00:20:44,XtTT5XdZVpw,120922,4693,0,217
2025-11-28 00:20:44,GVeRDFqNT40,24386,286,0,11
2025-11-28 00:20:44,ITQYMtkP23E,290641,1369,0,0
2025-11-28 00:20:44,oLY17RG3OMI,299507,5225,0,288
2025-11-28 00:20:44,DG4ax7ec64o,718666,8742,0,354
2025-11-28 00:20:44,Gth1zEFH2TM,107124,2168,0,52
2025-11-28 00:20:44,VWg0218G38c,131031,1576,0,276
2025-11-28 00:20:44,A3Ki9cI9T9w,109913,2395,0,608
2025-11-28 00:20:44,dx4XsqUGm10,220848,18730,0,1381
2025-11-28 00:20:44,tXJJhKobuas,216713,2916,0,159
2025-11-28 00:20:44,BFaHdJVDmXY,72451,4265,0,186
2025-11-28 00:20:44,CXcBo03He2A,40650,4576,0,222
2025-11-28 00:20:44,55xYiuSAp5c,305742,4606,0,19
2025-11-28 00:20:44,x15pDRtzYno,148799,1725,0,198
2025-11-28 00:20:44,eHmQ_b0LkUA,464897,95047,0,3281
2025-11-28 00:20:44,b29J1g4yWcs,94131,2976,0,254
2025-11-28 00:20:44,F2B4VITJfb0,120708,2411,0,487
2025-11-28 00:20:44,sgi_eji-ysM,274374,5451,0,67
2025-11-28 00:20:44,zLfnSXg0jKg,121581,3188,0,137
2025-11-28 00:20:44,s5dFrPwvbHY,226349,32298,0,1487
2025-11-28 00:20:44,cl-BT6bDxEI,124548,3407,0,195
2025-11-28 00:20:44,b1OwvLh8HnU,24982,418,0,8
2025-11-28 00:20:44,fCDvm0Y3qkw,306093,15651,0,198
2025-11-28 00:20:44,zupf7Kwx6v4,147036,2826,0,177
2025-11-28 00:20:44,IrxoY7JdJY0,149561,,0,52
2025-11-28 00:20:44,LxMaia85m5Y,212216,3968,0,174
2025-11-28 00:20:44,Iz7mRKij2ao,12375,700,0,27
2025-11-28 00:20:44,xZFWSWcQ3As,113355,1249,0,80
2025-11-28 00:20:44,NDommbpC80U,192685,2244,0,259
2025-11-28 00:20:44,VXsWwTTgt78,258158,11910,0,72
2025-11-28 00:20:44,OWpLhNyqeqg,87599,4920,0,430
2025-11-28 00:20:44,C3jcxlsPYLE,213902,10019,0,86
2025-11-28 00:20:44,5ftlnz91DaM,171543,10138,0,493
2025-11-28 00:20:44,qIXl45sU0wk,123748,2836,0,27
2025-11-28 00:20:44,xjUPVppl1DI,667386,11338,0,476
2025-11-28 00:20:44,Yy2ZovGi-Uk,352779,9403,0,145
2025-11-28 00:20:44,qJvjFBhQ6vQ,193119,2358,0,73
2025-11-28 00:20:44,rOZV4RZrA3A,205333,2083,0,9
2025-11-28 00:20:44,vQpF9mIiYFU,23104,342,0,22
2025-11-28 00:20:44,4_l1VyTNzrs,97077,2377,0,1376
2025-11-28 00:20:44,XILnJKGc0yo,261664,20815,0,3741
2025-11-28 00:20:44,koeM_jz4CdM,399659,15047,0,1489
2025-11-28 00:20:44,5UBc2gXGwKc,22090,300,0,9
2025-11-28 00:20:44,xuL1CDdhsOg,211040,2075,0,1
2025-11-28 00:20:44,KSha-fc5EhA,93131,520,0,0
2025-11-28 00:20:44,k1yXf4L5bnc,117005,2817,0,153
2025-11-28 00:20:44,ineS6XL0vc8,114207,2645,0,95
2025-11-28 00:20:44,hXKJ0gHYQ6E,48865,266,0,21
2025-11-28 00:20:44,TVqEwvbZP30,11119903,112043,0,11609
2025-11-28 00:20:44,9SaAfQ6eACQ,78892,1088,0,211
2025-11-28 00:20:44,WGyadbTx8bs,387748,13375,0,1074
2025-11-28 00:20:44,Em805jfRVXs,300597,5291,0,613
2025-11-28 00:20:44,ZXrcsNlbtgs,105025,912,0,0
2025-11-28 00:20:44,0GICIe0Tgf8,20829,1110,0,32
2025-11-28 00:20:44,b9z3Iaz5Zrc,147605,7201,0,334
2025-11-28 00:20:44,U7wDhVWgd5w,52097,1097,0,7
2025-11-28 00:20:44,ckKFtSlZ5Lw,106510,1440,0,334
2025-11-28 00:20:44,vIUORnIS_ug,345103,14017,0,1057
2025-11-28 00:20:44,HIE0fSPuvLY,167533,811,0,20
2025-11-28 00:20:44,9jrVtT2nPgQ,44125,5010,0,107
2025-11-28 00:20:44,Nxq6nJJVx5A,172558,7238,0,247
2025-11-28 00:20:44,Gln8wDtITJ4,45700,2954,0,231
2025-11-28 00:20:44,dIPZHyTBFz0,202483,2191,0,269
2025-11-28 00:20:44,7bqePXphj2g,275583,18613,0,1598
2025-11-28 00:20:44,bZ2eyQcJ49o,186669,2872,0,391
2025-11-28 00:20:44,qFdZAyr_xmw,209046,5207,0,695
2025-11-28 00:20:44,a72dN8ZWPWg,156047,3457,0,1820
2025-11-28 00:20:44,XZ1FhU9XeEc,149401,2018,0,249
2025-11-28 00:20:44,HQdJ8dMeCHM,121605,719,0,1544
2025-11-28 00:20:44,8j4RM-bBYvA,28671,1289,0,475
2025-11-28 00:20:44,UiHPfikroWg,56188,845,0,302
2025-11-28 00:20:44,8B2XU-fUS58,184399,3272,0,486
2025-11-28 00:20:44,iBD9LX2ZdDQ,81798,188,0,0
2025-11-28 00:20:44,x_RYZsOfpKY,13298054,307260,0,18150
2025-11-28 00:20:44,qRUIGsTq-kU,26014,2574,0,236
2025-11-28 00:20:44,tPMkWfK6N-E,117089,10289,0,517
2025-11-28 00:20:44,6mP-mEHEQcw,277899,11031,0,1418
2025-11-28 00:20:44,0-74AHbFWic,162304,11911,0,624
2025-11-28 00:20:44,7SoVjT-0Rhw,33548,1859,0,269
2025-11-28 00:20:44,Z3CtHc6TEj8,98355,945,0,554
2025-11-28 00:20:44,lUHLwBOY04I,176173,17272,0,349
2025-11-28 00:20:44,ST05E_5kn2E,266415,5005,0,335
2025-11-28 00:20:44,cVL4bRjA6X0,442662,37731,0,1346
2025-11-28 00:20:44,ayjRv2g2UqY,933894,20544,0,814
2025-11-28 00:20:44,2HwsSTLuA8A,144711,4154,0,458
2025-11-28 00:20:44,nDeKfR5iBxY,893418,41392,0,1472
2025-11-28 00:20:44,w32-xwPxDFk,23204,1334,0,60
2025-11-28 00:20:44,BsyEN86cR0U,242998,7418,0,76
2025-11-28 00:20:44,F3C87lOmZBM,132242,15026,0,1553
2025-11-28 00:20:44,qUgLxkENl6c,136112,7889,0,365
2025-11-28 00:20:44,NIGA89HGTBU,3411706,29067,0,1068
2025-11-28 00:20:44,2c_b4Q2LIeA,37892,569,0,138
2025-11-28 00:20:44,IZ9kqxCDvAs,857712,32495,0,2087
2025-11-28 00:20:44,llAI08UYyAw,3223584,363376,0,10961
2025-11-28 00:20:44,G_oNwC_PjfU,106009,3187,0,359
2025-11-28 00:20:44,LUQ28DBF7EU,165082,3922,0,320
2025-11-28 00:20:44,04-csl0RRJc,56688,1056,0,269
2025-11-28 00:20:44,MarWse2JmWU,288513,3292,0,25
2025-11-28 00:20:44,jWFQ3A1Dtdg,339726,13232,0,1343
2025-11-28 00:20:44,qEGsMTo-adg,25943,1899,0,237
2025-11-28 00:20:44,gSXQd_5ht0E,1286840,24058,0,1052
2025-11-28 00:20:44,R-ZKjAqlquA,124802,613,0,26
2025-11-28 00:20:44,AmQXv7Pyqvw,72595,940,0,10
2025-11-28 00:20:44,ex7ieF2B09A,263226,4087,0,199
2025-11-28 00:20:44,eWetBwa4vVI,38188,2556,0,149
2025-11-28 00:20:44,3rGi2kiSzkA,55982,2813,0,114
2025-11-28 00:20:44,6yMFwpzbQCY,423784,4278,0,257
2025-11-28 00:20:44,7gDl4S3wB14,514035,8519,0,830
2025-11-28 00:20:44,tGwT5DAU6-s,79133,1417,0,21
2025-11-28 00:20:44,fiSsGbfus6I,346199,2258,0,1293
2025-11-28 00:20:44,GxXpkps21Kc,305260,13081,0,232
2025-11-28 00:20:44,hQwjPcq63JM,48848,751,0,9
2025-11-28 00:20:44,VhzqSrscVP8,154756,6116,0,419
2025-11-28 00:20:44,_o05ucPBD7g,97255,1603,0,86
2025-11-28 00:20:44,5eHGs7lX09s,146940,1482,0,1184
2025-11-28 00:20:44,2NKK6Mg27XI,247090,15556,0,491
2025-11-28 00:20:44,CvGT2o7-_ZA,80938,1539,0,12
2025-11-28 00:20:44,oslNxV_8Q2c,242173,10537,0,118
2025-11-28 00:20:44,FFXSoSl_lGg,128127,5150,0,177
2025-11-28 00:20:44,dolefeooLzc,406991,6103,0,382
2025-11-28 00:20:44,7rd5CtM7oiY,126153,500,0,1
2025-11-28 00:20:44,aHKMl9HVqZQ,144843,4411,0,341
2025-11-28 00:20:44,GJMOK14mB2c,114724,2777,0,143
2025-11-28 00:20:44,SdVBuVm_Sw8,,698,0,0
2025-11-28 00:20:44,4Xt_hR0KNvY,178401,13228,0,2472
2025-11-28 00:20:44,NED7nev2ywQ,40174865,1355600,0,132744
2025-11-28 00:20:44,_6xcFXlJcX8,113572,1247,0,36
2025-11-28 00:20:44,uQc-pW3QLuI,7129121,127227,0,5199
2025-11-28 00:20:44,D8gbtByJSI8,77243,369,0,2
2025-11-28 00:20:44,JkKNqaEl9Aw,518629,21656,0,1931
2025-11-28 00:20:44,tLBq_jH5FDI,131266,1914,0,184
2025-11-28 00:20:44,LcpCd9VXGjE,334584,1566,0,0
2025-11-28 00:20:44,m0HhR1k9JEw,87610,196,0,5
2025-11-28 00:20:44,eLCjlEYBN3U,468573,16557,0,1138
2025-11-28 00:20:44,j-4AHlLg9XA,,104,0,0
2025-11-28 00:20:44,kuetvJE_C_U,151036,3980,0,66
2025-11-28 00:20:44,-3TOkp_6gRQ,492272,9294,0,89
2025-11-28 00:20:44,MRYXsF2lblY,226350,19210,0,1059
2025-11-28 00:20:44,G_3xr5desOo,120874,3445,0,132
2025-11-28 00:20:44,Kc7TkgWiWrc,39882,1172,0,43
2025-11-28 00:20:44,4l9Ni3tjbwM,1068130,12137,0,125
2025-11-28 00:20:44,5m86CgLR0Fg,79492,5877,0,220
2025-11-28 00:20:44,BiiDN0zgJ2Q,96061,732,0,0
2025-11-28 00:20:44,miySB69T1xw,504672,13454,0,485
2025-11-28 00:20:44,NkHjY_EaCgY,123529,1817,0,108
2025-11-28 00:20:44,W3eUZa56o0s,230954,3949,0,1525
2025-11-28 00:20:44,IW14wQJKSC4,108950,4186,0,150
2025-11-28 00:20:44,h09ng9lTOEM,168232,1509,0,8
2025-11-28 00:20:44,vQ_NFqtGDgo,186417,28561,0,1031
2025-11-28 00:20:44,dqMImJF-rgA,143839,4091,0,341
2025-11-28 00:20:44,HP8qpxRpIW8,989927,36335,0,1015
2025-11-28 00:20:44,tk9FDjJd6zM,40240,722,0,92
2025-11-28 00:20:44,SnCG-_lf74w,993394,24143,0,1131
2025-11-28 00:20:44,4-6IONBWRMQ,110518,1734,0,33
2025-11-28 00:20:44,OeMmb--HE6k,200044,4995,0,73
2025-11-28 00:20:44,y7XtQu1z9hw,57668,826,0,136
2025-11-28 00:20:44,gYEhRoknpZQ,109988,952,0,163
2025-11-28 00:20:44,YMxjZF3gtoM,308222,14252,0,805
2025-11-28 00:20:44,z-aco1hi0Iw,161003,1760,0,260
2025-11-28 00:20:44,CZP11p3DklQ,120979,3738,0,150
2025-11-28 00:20:44,l57EJ_eLsIc,188636,1621,0,621
2025-11-28 00:20:44,6kWw9Nn4dIY,139133,6325,0,366
2025-11-28 00:20:44,vpXtzSpyV_8,4621875,22389,0,1108
2025-11-28 00:20:44,_Vs1T6KpK5g,77400,1155,0,8
2025-11-28 00:20:44,ygIwtR2txaw,300148,11194,0,261
2025-11-28 00:20:44,8gAg9uDn2Oo,426534,14125,0,512
2025-11-28 00:20:44,ES9oYbzYCh8,637358,66384,0,2001
2025-11-28 00:20:44,xx3ZTvOhNoM,227140,8085,0,90
2025-11-28 00:20:44,iKVcCmyqoik,123047,6057,0,228
2025-11-28 00:20:44,fiG_T-0zFT8,565041,31330,0,1450
2025-11-28 00:20:44,tdYPGxusaYs,38701,2840,0,154
2025-11-28 00:20:44,dmBAMwBBxoM,174652,4921,0,392
2025-11-28 00:20:44,JUYQapYmw74,120883,1398,0,3
2025-11-28 00:20:44,hn17tmdaAzQ,704344,6535,0,110
2025-11-28 00:20:44,BDxXPvOdz50,162198,2462,0,644
2025-11-28 00:20:44,Pzqzy2ZIcLI,171655,9478,0,49
2025-11-28 00:20:44,oVwGURkvEq4,146111,1773,0,661
2025-11-28 00:20:44,DSPV0RT3BJI,83743,,0,
2025-11-28 00:20:44,Am2ElEWNvTY,91453,4421,0,239
2025-11-28 00:20:44,PJyQaQosJpk,76343,846,0,15
2025-11-28 00:20:44,nbzmTUB-FCs,23556,1339,0,194
2025-11-28 00:20:44,WVVv8Uyok_U,150526,5612,0,829
2025-11-28 00:20:44,FuGOa47BBqg,44242,1240,0,15
2025-11-28 00:20:44,IcWvUlwcKAI,10140,1946,0,151
2025-11-28 00:20:44,QebVV6D641k,235818,1229,0,790
2025-11-28 00:20:44,TAL-HXKac80,3645587,78522,0,2663
2025-11-28 00:20:44,ZjN51G8c5-k,38334,675,0,24
2025-11-28 00:20:44,SWdjfMIkQCg,163646,2230,0,164
2025-11-28 00:20:44,WsLcF1ojgFU,49895,3011,0,429
2025-11-28 00:20:44,wUGh03rLZbY,127153,3848,0,258
2025-11-28 00:20:44,5-o_tvuKSfM,72945,4519,0,170
2025-11-28 00:20:44,IW_KV5nqWRI,42439,226,0,11
2025-11-28 00:20:44,pzLTGAwn0a4,51397,7057,0,483
2025-11-28 00:20:44,SzFd7Tmq7pU,189391,9804,0,54
2025-11-28 00:20:44,j6TnwWfuf-I,102907,2179,0,116
2025-11-28 00:20:44,ScutqxM3z_s,218088,8810,0,499
2025-11-28 00:20:44,G36amiUCkXU,502026,29258,0,5750
2025-11-28 00:20:44,Bj6tJxDPzoY,267687,11628,0,316
2025-11-28 00:20:44,kSmHmdAnDYc,256940,7163,0,864
2025-11-28 00:20:44,6hIKI8RZ1ys,419615,6920,0,18
2025-11-28 00:20:44,uOZRP1-dvhA,235979,2398,0,174
2025-11-28 00:20:44,QRTGKxrKBPM,541085,41235,0,1027
2025-11-28 00:20:44,I52yC34Ji2k,341918,46308,0,1734
2025-11-28 00:20:44,j-8vLi2sMg0,80824,7233,0,85
2025-11-28 00:20:44,kCnD_dMyJ3M,97130,2742,0,0
2025-11-28 00:20:44,UFozBQrnmII,798900,25445,0,424
2025-11-26 13:47:59,U7wDhVWgd5w,51932,1097,0,6
2025-11-26 13:47:59,z-aco1hi0Iw,138205,1634,0,255
2025-11-26 13:47:59,miySB69T1xw,304938,10379,0,419
2025-11-26 13:47:59,v55qDr_jJFA,9326,1054,0,74
2025-11-26 13:47:59,G7eh40XgTiw,71214,1081,0,145
2025-11-26 13:47:59,KDC-EOsNzAg,137722,21182,0,575
2025-11-26 13:47:59,HIE0fSPuvLY,167507,811,0,20
2025-11-26 13:47:59,7gDl4S3wB14,475904,8180,0,803
2025-11-26 13:47:59,MRYXsF2lblY,183860,17872,0,984
2025-11-26 13:47:59,QRTGKxrKBPM,443256,38591,0,990
2025-11-26 13:47:59,I52yC34Ji2k,98969,20041,0,975
2025-11-26 13:47:59,NIGA89HGTBU,985312,18062,0,862
2025-11-26 13:47:59,m0HhR1k9JEw,87631,198,0,5
2025-11-26 13:47:59,ayjRv2g2UqY,685534,19553,0,800
2025-11-26 13:47:59,Gth1zEFH2TM,82323,1850,0,49
2025-11-26 13:47:59,tPMkWfK6N-E,103795,9804,0,489
2025-11-26 13:47:59,lUHLwBOY04I,151375,15795,0,320
2025-11-26 13:47:59,A3Ki9cI9T9w,83002,2026,0,517
2025-11-26 13:47:59,Rc8f268ueOE,121393,1475,0,358
2025-11-26 13:47:59,QJpTBz916MI,1009710,105242,0,2864
2025-11-26 13:47:59,uOZRP1-dvhA,217248,2205,0,172
2025-11-26 13:47:59,S3Q33-4q1xo,105054,1246,0,81
2025-11-26 13:47:59,6mP-mEHEQcw,206915,9557,0,1300
2025-11-26 13:47:59,6kWw9Nn4dIY,94766,5179,0,315
2025-11-26 13:47:59,JkKNqaEl9Aw,88168,15922,0,1543
2025-11-26 13:47:59,FFXSoSl_lGg,108297,4841,0,173
2025-11-26 13:47:59,CvGT2o7-_ZA,78867,1525,0,7
2025-11-26 13:47:59,Aj8AmqTQkAs,92100,1115,0,58
2025-11-26 13:47:59,ygIwtR2txaw,263442,10304,0,248
2025-11-26 13:47:59,VhzqSrscVP8,142366,5898,0,405
2025-11-26 13:47:59,taSKSaq5qh8,248833,4096,0,38
2025-11-26 13:47:59,cVL4bRjA6X0,364549,35372,0,1292
2025-11-26 13:47:59,PtSwg--FueA,132947,1227,0,367
2025-11-26 13:47:59,ScutqxM3z_s,112259,6465,0,391
2025-11-26 13:47:59,4Xt_hR0KNvY,130508,11227,0,2134
2025-11-26 13:47:59,j-8vLi2sMg0,42647,5149,0,76
2025-11-26 13:47:59,WGyadbTx8bs,270255,10510,0,947
2025-11-26 13:47:59,vIUORnIS_ug,249564,12241,0,957
2025-11-26 13:47:59,MarWse2JmWU,287637,3297,0,24
2025-11-26 13:47:59,dqMImJF-rgA,117097,3747,0,324
2025-11-26 13:47:59,CZP11p3DklQ,38364,2000,0,101
2025-11-26 13:47:59,oVwGURkvEq4,140693,1748,0,654
2025-11-26 13:47:59,L6tkKvVCs0Y,251421,12654,0,570
2025-11-26 13:47:59,dCmNVtLsYzA,188845,9446,0,540
2025-11-26 13:47:59,qJvjFBhQ6vQ,168000,2164,0,63
2025-11-26 13:47:59,P0OLVEm0pfM,65898,194,0,0
2025-11-26 13:47:59,dhzVHS8C_nc,82161,480,0,1
2025-11-26 13:47:59,wUGh03rLZbY,117040,3693,0,258
2025-11-26 13:47:59,YMxjZF3gtoM,263535,13144,0,764
2025-11-26 13:47:59,IW_KV5nqWRI,41496,224,0,7
2025-11-26 13:47:59,TAL-HXKac80,3168801,73727,0,2456
2025-11-26 13:47:59,IW14wQJKSC4,93603,3980,0,148
2025-11-26 13:47:59,f8aS4qwuO7k,144485,8521,0,71
2025-11-26 13:47:59,SWdjfMIkQCg,148412,2132,0,157
2025-11-26 13:47:59,-3TOkp_6gRQ,486145,9220,0,86
2025-11-26 13:47:59,OWpLhNyqeqg,64100,4525,0,420
2025-11-26 13:47:59,HQdJ8dMeCHM,102964,673,0,1471
2025-11-26 13:47:59,nDeKfR5iBxY,786822,37260,0,1400
2025-11-26 13:47:59,IcWvUlwcKAI,9003,1845,0,144
2025-11-26 13:47:59,x15pDRtzYno,115815,1492,0,186
2025-11-26 13:47:59,dx4XsqUGm10,165798,17404,0,1317
2025-11-26 13:47:59,eHmQ_b0LkUA,364357,84840,0,3193
2025-11-26 13:47:59,G_3xr5desOo,78505,2694,0,104
2025-11-26 13:47:59,nbzmTUB-FCs,18495,1272,0,191
2025-11-26 13:47:59,81QYAxvO3Ik,174670,18532,0,1178
2025-11-26 13:47:59,k1yXf4L5bnc,109670,2678,0,150
2025-11-26 13:47:59,WsLcF1ojgFU,40140,2802,0,400
2025-11-26 13:47:59,NkHjY_EaCgY,84088,1469,0,92
2025-11-26 13:47:59,2HwsSTLuA8A,140875,4092,0,456
2025-11-26 13:47:59,vQpF9mIiYFU,4347,192,0,22
2025-11-26 13:47:59,qEGsMTo-adg,19219,1702,0,207
2025-11-26 13:47:59,Em805jfRVXs,61414,2108,0,299
2025-11-26 13:47:59,ITQYMtkP23E,290081,1383,0,0
2025-11-26 13:47:59,xcqjxAXsbHU,534926,26706,0,1175
2025-11-26 13:47:59,vMg1KAFAKiY,976957,166396,0,8903
2025-11-26 13:47:59,yRhin7unPeI,165559,4953,0,457
2025-11-26 13:47:59,24VDsNgWNfw,80561,425,0,1
2025-11-26 13:47:59,DSPV0RT3BJI,71507,,0,
2025-11-26 13:47:59,JrI4_jUZe98,229133,45468,0,1840
2025-11-26 13:47:59,kuetvJE_C_U,150852,3970,0,66
2025-11-26 13:47:59,4-6IONBWRMQ,105645,1672,0,33
2025-11-26 13:47:59,zupf7Kwx6v4,139476,2750,0,174
2025-11-26 13:47:59,4Ddbjkyy2C0,119564,836,0,0
2025-11-26 13:47:59,4l9Ni3tjbwM,1065364,12073,0,122
2025-11-26 13:47:59,hn17tmdaAzQ,672031,6377,0,88
2025-11-26 13:47:59,Pzqzy2ZIcLI,169665,9397,0,46
2025-11-26 13:47:59,Kc7TkgWiWrc,10208,571,0,26
2025-11-26 13:47:59,G36amiUCkXU,324879,25094,0,4494
2025-11-26 13:47:59,4oml768wFnk,39720,3128,0,160
2025-11-26 13:47:59,u66QoyjtANg,141243,1100,0,0
2025-11-26 13:47:59,b9z3Iaz5Zrc,40147,3347,0,240
2025-11-26 13:47:59,6hIKI8RZ1ys,419230,6928,0,18
2025-11-26 13:47:59,tXJJhKobuas,156767,2314,0,144
2025-11-26 13:47:59,04-csl0RRJc,54256,1040,0,261
2025-11-26 13:47:59,SdVBuVm_Sw8,,699,0,0
2025-11-26 13:47:59,AmQXv7Pyqvw,72616,938,0,10
2025-11-26 13:47:59,VXsWwTTgt78,254046,11826,0,73
2025-11-26 13:47:59,oslNxV_8Q2c,247128,10463,0,117
2025-11-26 13:47:59,dolefeooLzc,339921,5503,0,355
2025-11-26 13:47:59,0GICIe0Tgf8,6674,676,0,24
2025-11-26 13:47:59,_6xcFXlJcX8,105770,1171,0,35
2025-11-26 13:47:59,XILnJKGc0yo,160089,18496,0,3254
2025-11-26 13:47:59,-dfR8iYqwK4,187544,3337,0,481
2025-11-26 13:47:59,ex7ieF2B09A,206722,3385,0,182
2025-11-26 13:47:59,UF4n5zmzx9A,202179,4977,0,263
2025-11-26 13:47:59,cBPtIHuFa_o,76953,3245,0,358
2025-11-26 13:47:59,DOmdfYIPBXE,327314,3007,0,86
2025-11-26 13:47:59,PJyQaQosJpk,74440,850,0,14
2025-11-26 13:47:59,6ixvIIIxwlk,104035,1068,0,0
2025-11-26 13:47:59,Zvh5BE2Guik,248314,10709,0,180
2025-11-26 13:47:59,kCnD_dMyJ3M,73062,2520,0,0
2025-11-26 13:47:59,xZFWSWcQ3As,106034,1199,0,78
2025-11-26 13:47:59,gSXQd_5ht0E,621173,22277,0,1026
2025-11-26 13:47:59,IftQ9zQ06-0,110247,1789,0,244
2025-11-26 13:47:59,DG4ax7ec64o,612568,7260,0,318
2025-11-26 13:47:59,LUQ28DBF7EU,158237,3839,0,315
2025-11-26 13:47:59,fiSsGbfus6I,237727,1877,0,1153
2025-11-26 13:47:59,KO6gxf8vXJQ,228881,526,0,1
2025-11-26 13:47:59,gYEhRoknpZQ,104537,927,0,169
2025-11-26 13:47:59,5ftlnz91DaM,149004,9478,0,474
2025-11-26 13:47:59,D8gbtByJSI8,77070,372,0,2
2025-11-26 13:47:59,hXKJ0gHYQ6E,48608,266,0,19
2025-11-26 13:47:59,2NKK6Mg27XI,193143,13744,0,456
2025-11-26 13:47:59,eWetBwa4vVI,23699,1920,0,120
2025-11-26 13:47:59,e0okJjgNTl0,291817,2709,0,6
2025-11-26 13:47:59,oLY17RG3OMI,263603,4705,0,275
2025-11-26 13:47:59,W3eUZa56o0s,214725,3790,0,1473
2025-11-26 13:47:59,iKVcCmyqoik,79624,5368,0,204
2025-11-26 13:47:59,s5dFrPwvbHY,170813,28646,0,1448
2025-11-26 13:47:59,GxXpkps21Kc,301850,13001,0,227
2025-11-26 13:47:59,TVqEwvbZP30,2831588,99388,0,8777
2025-11-26 13:47:59,j-4AHlLg9XA,,104,0,0
2025-11-26 13:47:59,a72dN8ZWPWg,120751,2763,0,1733
2025-11-26 13:47:59,7SoVjT-0Rhw,25887,1719,0,246
2025-11-26 13:47:59,kux5GmbZhVg,5232,497,0,13
2025-11-26 13:47:59,599nhYHHvQo,,839,0,0
2025-11-26 13:47:59,l57EJ_eLsIc,151992,1475,0,574
2025-11-26 13:47:59,ANU0lVGfWyo,369243,31374,0,2268
2025-11-26 13:47:59,h09ng9lTOEM,168302,1511,0,8
2025-11-26 13:47:59,xuL1CDdhsOg,211207,2078,0,1
2025-11-26 13:47:59,jRgzfKDTI7g,451909,11377,0,344
2025-11-26 13:47:59,sgi_eji-ysM,269784,5417,0,66
2025-11-26 13:47:59,BsyEN86cR0U,228738,7174,0,69
2025-11-26 13:47:59,NED7nev2ywQ,37714609,1325389,0,128454
2025-11-26 13:47:59,GJMOK14mB2c,98316,2555,0,138
2025-11-26 13:47:59,Yy2ZovGi-Uk,348188,9345,0,139
2025-11-26 13:47:59,xjUPVppl1DI,409367,8566,0,372
2025-11-26 13:47:59,XZ1FhU9XeEc,125439,1770,0,238
2025-11-26 13:47:59,9XNqe5r8xHI,430056,6024,0,26
2025-11-26 13:47:59,8j4RM-bBYvA,20604,1205,0,418
2025-11-26 13:47:59,aHKMl9HVqZQ,112627,3723,0,324
2025-11-26 13:47:59,jWFQ3A1Dtdg,184553,10066,0,1058
2025-11-26 13:47:59,UfVkyXaTGcs,189754,4980,0,103
2025-11-26 13:47:59,zLfnSXg0jKg,109012,2986,0,133
2025-11-26 13:47:59,BNWYJZp2CbQ,47161,435,0,22
2025-11-26 13:47:59,LxMaia85m5Y,167707,3540,0,157
2025-11-26 13:47:59,qIXl45sU0wk,118605,2774,0,25
2025-11-26 13:47:59,BDxXPvOdz50,150588,2362,0,626
2025-11-26 13:47:59,ST05E_5kn2E,193485,3875,0,294
2025-11-26 13:47:59,fCDvm0Y3qkw,280285,15043,0,159
2025-11-26 13:47:59,BT4XRgmCjjQ,211164,,0,34
2025-11-26 13:47:59,koeM_jz4CdM,360880,14047,0,1449
2025-11-26 13:47:59,UFozBQrnmII,782295,25189,0,420
2025-11-26 13:47:59,3rGi2kiSzkA,39353,2317,0,105
2025-11-26 13:47:59,tk9FDjJd6zM,32331,643,0,72
2025-11-26 13:47:59,I9U5JRfZ4bA,30909,906,0,148
2025-11-26 13:47:59,b1OwvLh8HnU,6347,200,0,7
2025-11-26 13:47:59,0-74AHbFWic,145803,11535,0,625
2025-11-26 13:47:59,XtTT5XdZVpw,109773,4493,0,215
2025-11-26 13:47:59,KSha-fc5EhA,93062,521,0,0
2025-11-26 13:47:59,7bqePXphj2g,226629,17036,0,1480
2025-11-26 13:47:59,PwaldW6SXwE,18470,2148,0,198
2025-11-26 13:47:59,vQ_NFqtGDgo,67443,14832,0,657
2025-11-26 13:47:59,x_RYZsOfpKY,10944577,272632,0,17021
2025-11-26 13:47:59,xx3ZTvOhNoM,210458,7888,0,62
2025-11-26 13:47:59,55xYiuSAp5c,258697,4412,0,9
2025-11-26 13:47:59,6L7xTio0QyY,77075,5036,0,483
2025-11-26 13:47:59,QebVV6D641k,225601,1179,0,762
2025-11-26 13:47:59,Gln8wDtITJ4,29943,2106,0,176
2025-11-26 13:47:59,j6TnwWfuf-I,77026,1845,0,109
2025-11-26 13:47:59,cl-BT6bDxEI,110705,3159,0,184
2025-11-26 13:47:59,vpXtzSpyV_8,3449000,19852,0,1016
2025-11-26 13:47:59,uQc-pW3QLuI,6919243,124828,0,5152
2025-11-26 13:47:59,snH3HQSF7Ew,237774,3894,0,691
2025-11-26 13:47:59,dmBAMwBBxoM,100095,3660,0,345
2025-11-26 13:47:59,JUYQapYmw74,120570,1403,0,3
2025-11-26 13:47:59,9SaAfQ6eACQ,65349,977,0,210
2025-11-26 13:47:59,yxXNIzrfPNQ,93086,5924,0,800
2025-11-26 13:47:59,fiG_T-0zFT8,479257,29881,0,1430
2025-11-26 13:47:59,SnCG-_lf74w,527418,17285,0,891
2025-11-26 13:47:59,IZ9kqxCDvAs,692309,29405,0,1944
2025-11-26 13:47:59,ZXrcsNlbtgs,104988,912,0,0
2025-11-26 13:47:59,llAI08UYyAw,2449965,334948,0,10544
2025-11-26 13:47:59,HP8qpxRpIW8,516106,25855,0,895
2025-11-26 13:47:59,tmVYOETfA10,45358,3261,0,87
2025-11-26 01:57:36,GxXpkps21Kc,304235,12959,0,226
2025-11-26 01:57:36,uQc-pW3QLuI,6796073,123534,0,5141
2025-11-26 01:57:36,WGyadbTx8bs,243479,9936,0,906
2025-11-26 01:57:36,dhzVHS8C_nc,82146,481,0,0
2025-11-26 01:57:36,aHKMl9HVqZQ,92049,3312,0,304
2025-11-26 01:57:36,D8gbtByJSI8,76720,373,0,1
2025-11-26 01:57:36,BT4XRgmCjjQ,209272,,0,31
2025-11-26 01:57:36,4Ddbjkyy2C0,119516,838,0,0
2025-11-26 01:57:36,fCDvm0Y3qkw,233184,14066,0,101
2025-11-26 01:57:36,ygIwtR2txaw,251047,10014,0,246
2025-11-26 01:57:36,LUQ28DBF7EU,155303,3792,0,310
2025-11-26 01:57:36,4-6IONBWRMQ,103794,1636,0,33
2025-11-26 01:57:36,JUYQapYmw74,120392,1402,0,3
2025-11-26 01:57:36,0-74AHbFWic,141365,11445,0,623
2025-11-26 01:57:36,ex7ieF2B09A,187871,3122,0,170
2025-11-26 01:57:36,xcqjxAXsbHU,516353,26439,0,1166
2025-11-26 01:57:36,IW14wQJKSC4,90339,3933,0,146
2025-11-26 01:57:36,BDxXPvOdz50,143384,2298,0,613
2025-11-26 01:57:36,a72dN8ZWPWg,108454,2502,0,1665
2025-11-26 01:57:36,dolefeooLzc,321117,5353,0,339
2025-11-26 01:57:36,dx4XsqUGm10,150912,17033,0,1282
2025-11-26 01:57:36,NIGA89HGTBU,48292,13253,0,726
2025-11-26 01:57:36,QebVV6D641k,221364,1165,0,755
2025-11-26 01:57:36,FFXSoSl_lGg,103693,4770,0,173
2025-11-26 01:57:36,7bqePXphj2g,208098,16412,0,1446
2025-11-26 01:57:36,04-csl0RRJc,53541,1028,0,258
2025-11-26 01:57:36,dqMImJF-rgA,112827,3659,0,320
2025-11-26 01:57:36,_6xcFXlJcX8,103312,1141,0,35
2025-11-26 01:57:36,tmVYOETfA10,37926,3080,0,85
2025-11-26 01:57:36,9XNqe5r8xHI,426429,5993,0,26
2025-11-26 01:57:36,oVwGURkvEq4,138233,1738,0,651
2025-11-26 01:57:36,KSha-fc5EhA,93024,521,0,0
2025-11-26 01:57:36,SWdjfMIkQCg,143245,2097,0,154
2025-11-26 01:57:36,x_RYZsOfpKY,10245164,252880,0,16224
2025-11-26 01:57:36,DSPV0RT3BJI,60793,,0,
2025-11-26 01:57:36,BsyEN86cR0U,214822,6861,0,55
2025-11-26 01:57:36,G7eh40XgTiw,63126,1019,0,139
2025-11-26 01:57:36,jRgzfKDTI7g,442504,11187,0,340
2025-11-26 01:57:36,8j4RM-bBYvA,15658,1185,0,395
2025-11-26 01:57:36,7gDl4S3wB14,466154,8092,0,795
2025-11-26 01:57:36,u66QoyjtANg,146863,1099,0,0
2025-11-26 01:57:36,I9U5JRfZ4bA,29966,892,0,148
2025-11-26 01:57:36,qJvjFBhQ6vQ,156312,2097,0,61
2025-11-26 01:57:36,4oml768wFnk,37022,3085,0,159
2025-11-26 01:57:36,PJyQaQosJpk,72557,838,0,12
2025-11-26 01:57:36,wUGh03rLZbY,113776,3640,0,256
2025-11-26 01:57:36,KDC-EOsNzAg,126004,20104,0,555
2025-11-26 01:57:36,DG4ax7ec64o,589875,7029,0,309
2025-11-26 01:57:36,x15pDRtzYno,110541,1453,0,184
2025-11-26 01:57:36,BNWYJZp2CbQ,46156,429,0,20
2025-11-26 01:57:36,MRYXsF2lblY,170916,17344,0,948
2025-11-26 01:57:36,6mP-mEHEQcw,189209,9103,0,1265
2025-11-26 01:57:36,JrI4_jUZe98,86812,24570,0,1314
2025-11-26 01:57:36,7SoVjT-0Rhw,23285,1672,0,240
2025-11-26 01:57:36,lUHLwBOY04I,143044,15218,0,309
2025-11-26 01:57:36,xuL1CDdhsOg,211152,2080,0,1
2025-11-26 01:57:36,IW_KV5nqWRI,40815,221,0,6
2025-11-26 01:57:36,tk9FDjJd6zM,30584,617,0,70
2025-11-26 01:57:36,vpXtzSpyV_8,2040805,18028,0,875
2025-11-26 01:57:36,TVqEwvbZP30,2074113,94114,0,8102
2025-11-26 01:57:36,4Xt_hR0KNvY,115277,10470,0,1988
2025-11-26 01:57:36,cBPtIHuFa_o,58391,2746,0,335
2025-11-26 01:57:36,PtSwg--FueA,117714,1165,0,355
2025-11-26 01:57:36,HP8qpxRpIW8,384687,21865,0,844
2025-11-26 01:57:36,kuetvJE_C_U,150559,3962,0,66
2025-11-26 01:57:36,f8aS4qwuO7k,145953,8473,0,70
2025-11-26 01:57:36,KO6gxf8vXJQ,228855,526,0,1
2025-11-26 01:57:36,YMxjZF3gtoM,247033,12716,0,739
2025-11-26 01:57:36,koeM_jz4CdM,350224,13700,0,1419
2025-11-26 01:57:36,Aj8AmqTQkAs,89722,1096,0,57
2025-11-26 01:57:36,6hIKI8RZ1ys,419133,6931,0,18
2025-11-26 01:57:36,HIE0fSPuvLY,167492,810,0,20
2025-11-26 01:57:36,xx3ZTvOhNoM,156397,7518,0,35
2025-11-26 01:57:36,QRTGKxrKBPM,417985,37874,0,984
2025-11-26 01:57:36,eWetBwa4vVI,14434,1486,0,101
2025-11-26 01:57:36,taSKSaq5qh8,247963,4077,0,37
2025-11-26 01:57:36,b9z3Iaz5Zrc,6332,1931,0,172
2025-11-26 01:57:36,24VDsNgWNfw,80254,425,0,1
2025-11-26 01:57:36,yRhin7unPeI,159435,4830,0,454
2025-11-26 01:57:36,MarWse2JmWU,287403,3299,0,24
2025-11-26 01:57:36,WsLcF1ojgFU,37489,2731,0,392
2025-11-26 01:57:36,2NKK6Mg27XI,160367,12191,0,425
2025-11-26 01:57:36,kCnD_dMyJ3M,66201,2463,0,0
2025-11-26 01:57:36,-3TOkp_6gRQ,484069,9190,0,84
2025-11-26 01:57:36,llAI08UYyAw,2057937,315877,0,10243
2025-11-26 01:57:36,VXsWwTTgt78,252414,11790,0,73
2025-11-26 01:57:36,Pzqzy2ZIcLI,169665,9352,0,46
2025-11-26 01:57:36,dmBAMwBBxoM,48102,2526,0,283
2025-11-26 01:57:36,IftQ9zQ06-0,96802,1662,0,220
2025-11-26 01:57:36,m0HhR1k9JEw,87623,198,0,4
2025-11-26 01:57:36,jWFQ3A1Dtdg,92847,7528,0,855
2025-11-26 01:57:36,NED7nev2ywQ,36713277,1311477,0,125854
2025-11-26 01:57:36,s5dFrPwvbHY,155099,27419,0,1417
2025-11-26 01:57:36,L6tkKvVCs0Y,175618,12133,0,560
2025-11-26 01:57:36,UfVkyXaTGcs,180098,4820,0,98
2025-11-26 01:57:36,W3eUZa56o0s,210700,3743,0,1458
2025-11-26 01:57:36,A3Ki9cI9T9w,45238,1419,0,342
2025-11-26 01:57:36,6L7xTio0QyY,70505,4980,0,483
2025-11-26 01:57:36,cl-BT6bDxEI,99897,2994,0,180
2025-11-26 01:57:36,SdVBuVm_Sw8,,700,0,0
2025-11-26 01:57:36,G_3xr5desOo,65913,2476,0,99
2025-11-26 01:57:36,599nhYHHvQo,,840,0,0
2025-11-26 01:57:36,uOZRP1-dvhA,206027,2100,0,165
2025-11-26 01:57:36,DOmdfYIPBXE,322902,2967,0,86
2025-11-26 01:57:36,l57EJ_eLsIc,134146,1385,0,552
2025-11-26 01:57:36,NkHjY_EaCgY,49891,1167,0,87
2025-11-26 01:57:36,j6TnwWfuf-I,57754,1561,0,97
2025-11-26 01:57:36,tPMkWfK6N-E,99773,9583,0,481
2025-11-26 01:57:36,U7wDhVWgd5w,54121,1093,0,6
2025-11-26 01:57:36,oLY17RG3OMI,253516,4595,0,270
2025-11-26 01:57:36,AmQXv7Pyqvw,72537,936,0,10
2025-11-26 01:57:36,GJMOK14mB2c,86492,2361,0,137
2025-11-26 01:57:36,z-aco1hi0Iw,117715,1497,0,246
2025-11-26 01:57:36,gSXQd_5ht0E,490264,21885,0,1020
2025-11-26 01:57:36,G36amiUCkXU,282548,24047,0,4262
2025-11-26 01:57:36,k1yXf4L5bnc,106708,2631,0,150
2025-11-26 01:57:36,QJpTBz916MI,987951,104544,0,2843
2025-11-26 01:57:36,S3Q33-4q1xo,101719,1217,0,79
2025-11-26 01:57:36,snH3HQSF7Ew,233790,3865,0,683
2025-11-26 01:57:36,zLfnSXg0jKg,104410,2884,0,130
2025-11-26 01:57:36,xZFWSWcQ3As,102425,1168,0,76
2025-11-26 01:57:36,-dfR8iYqwK4,181048,3280,0,476
2025-11-26 01:57:36,yxXNIzrfPNQ,86017,5807,0,787
2025-11-26 01:57:36,UFozBQrnmII,774906,25099,0,416
2025-11-26 01:57:36,XtTT5XdZVpw,106546,4405,0,212
2025-11-26 01:57:36,qEGsMTo-adg,15739,1557,0,188
2025-11-26 01:57:36,3rGi2kiSzkA,34260,2146,0,103
2025-11-26 01:57:36,LxMaia85m5Y,144584,3257,0,146
2025-11-26 01:57:36,eHmQ_b0LkUA,246234,69253,0,2998
2025-11-26 01:57:36,h09ng9lTOEM,168171,1509,0,8
2025-11-26 01:57:36,XILnJKGc0yo,115669,16422,0,2931
2025-11-26 01:57:36,oslNxV_8Q2c,246150,10450,0,117
2025-11-26 01:57:36,zupf7Kwx6v4,137141,2730,0,174
2025-11-26 01:57:36,OWpLhNyqeqg,56416,4351,0,414
2025-11-26 01:57:36,ANU0lVGfWyo,317333,29123,0,2195
2025-11-26 01:57:36,Gth1zEFH2TM,56948,1519,0,46
2025-11-26 01:57:36,tXJJhKobuas,123878,1931,0,132
2025-11-26 01:57:36,ayjRv2g2UqY,571431,19282,0,792
2025-11-26 01:57:36,2HwsSTLuA8A,139384,4074,0,455
2025-11-26 01:57:36,ST05E_5kn2E,152866,3337,0,271
2025-11-26 01:57:36,dCmNVtLsYzA,177883,9078,0,523
2025-11-26 01:57:36,vMg1KAFAKiY,916503,160418,0,8640
2025-11-26 01:57:36,VhzqSrscVP8,137891,5811,0,403
2025-11-26 01:57:36,gYEhRoknpZQ,99840,911,0,167
2025-11-26 01:57:36,UF4n5zmzx9A,196191,4885,0,262
2025-11-26 01:57:36,4l9Ni3tjbwM,1062758,12054,0,122
2025-11-26 01:57:36,Gln8wDtITJ4,24786,1744,0,159
2025-11-26 01:57:36,nDeKfR5iBxY,759739,36005,0,1374
2025-11-26 01:57:36,hn17tmdaAzQ,619604,6075,0,45
2025-11-26 01:57:36,qIXl45sU0wk,117190,2756,0,24
2025-11-26 01:57:36,nbzmTUB-FCs,17098,1244,0,190
2025-11-26 01:57:36,9SaAfQ6eACQ,51065,850,0,199
2025-11-26 01:57:36,miySB69T1xw,228438,8771,0,382
2025-11-26 01:57:36,ScutqxM3z_s,77074,5483,0,341
2025-11-26 01:57:36,vIUORnIS_ug,21278,5551,0,485
2025-11-26 01:57:36,iKVcCmyqoik,68617,5061,0,197
2025-11-26 01:57:36,SnCG-_lf74w,353800,14457,0,805
2025-11-26 01:57:36,j-8vLi2sMg0,24625,4077,0,66
2025-11-26 01:57:36,e0okJjgNTl0,290211,2704,0,5
2025-11-26 01:57:36,ZXrcsNlbtgs,104954,912,0,0
2025-11-26 01:57:36,5ftlnz91DaM,139676,9161,0,463
2025-11-26 01:57:36,HQdJ8dMeCHM,81955,595,0,1186
2025-11-26 01:57:36,TAL-HXKac80,2898046,71597,0,2364
2025-11-26 01:57:36,fiG_T-0zFT8,458890,29519,0,1427
2025-11-26 01:57:36,Yy2ZovGi-Uk,346443,9316,0,139
2025-11-26 01:57:36,IZ9kqxCDvAs,659578,28861,0,1917
2025-11-26 01:57:36,j-4AHlLg9XA,,104,0,0
2025-11-26 01:57:36,81QYAxvO3Ik,163083,17956,0,1143
2025-11-26 01:57:36,IcWvUlwcKAI,8643,1805,0,142
2025-11-26 01:57:36,sgi_eji-ysM,267405,5389,0,65
2025-11-26 01:57:36,xjUPVppl1DI,273155,7114,0,318
2025-11-26 01:57:36,ITQYMtkP23E,289118,1385,0,0
2025-11-26 01:57:36,fiSsGbfus6I,193735,1750,0,1112
2025-11-26 01:57:36,XZ1FhU9XeEc,112282,1635,0,218
2025-11-26 01:57:36,cVL4bRjA6X0,327950,33599,0,1239
2025-11-26 01:57:36,hXKJ0gHYQ6E,48521,265,0,19
2025-11-26 01:57:36,6kWw9Nn4dIY,66428,4385,0,264
2025-11-25 08:32:53,qIXl45sU0wk,109281,2661,0,20
2025-11-25 08:32:53,81QYAxvO3Ik,117739,15670,0,1021
2025-11-25 08:32:53,4l9Ni3tjbwM,1052276,11966,0,116
2025-11-25 08:32:53,Aj8AmqTQkAs,78284,980,0,54
2025-11-25 08:32:53,cVL4bRjA6X0,213094,27669,0,1088
2025-11-25 08:32:53,W3eUZa56o0s,190504,3543,0,1386
2025-11-25 08:32:53,IW14wQJKSC4,80850,3771,0,144
2025-11-25 08:32:53,yxXNIzrfPNQ,64672,5320,0,733
2025-11-25 08:32:53,x15pDRtzYno,56657,1068,0,159
2025-11-25 08:32:53,TVqEwvbZP30,1134271,77535,0,6287
2025-11-25 08:32:53,MarWse2JmWU,285821,3302,0,23
2025-11-25 08:32:53,taSKSaq5qh8,231782,3985,0,26
2025-11-25 08:32:53,7bqePXphj2g,80931,10646,0,1050
2025-11-25 08:32:53,nbzmTUB-FCs,14278,1180,0,186
2025-11-25 08:32:53,2HwsSTLuA8A,133722,3961,0,447
2025-11-25 08:32:53,lUHLwBOY04I,119177,13414,0,284
2025-11-25 08:32:53,_6xcFXlJcX8,91199,1009,0,33
2025-11-25 08:32:53,FFXSoSl_lGg,84570,4356,0,168
2025-11-25 08:32:53,dCmNVtLsYzA,147365,7960,0,448
2025-11-25 08:32:53,UF4n5zmzx9A,161408,4248,0,242
2025-11-25 08:32:53,KSha-fc5EhA,92677,524,0,0
2025-11-25 08:32:53,ygIwtR2txaw,177766,8080,0,234
2025-11-25 08:32:53,ayjRv2g2UqY,364565,18057,0,769
2025-11-25 08:32:53,ANU0lVGfWyo,186196,23578,0,1933
2025-11-25 08:32:53,Yy2ZovGi-Uk,340153,9211,0,135
2025-11-25 08:32:53,vpXtzSpyV_8,183241,14161,0,713
2025-11-25 08:32:53,L6tkKvVCs0Y,139024,10004,0,514
2025-11-25 08:32:53,UfVkyXaTGcs,116867,3702,0,79
2025-11-25 08:32:53,yRhin7unPeI,121703,4180,0,432
2025-11-25 08:32:53,jRgzfKDTI7g,390256,10331,0,324
2025-11-25 08:32:53,koeM_jz4CdM,258420,11154,0,1210
2025-11-25 08:32:53,VhzqSrscVP8,105822,4949,0,353
2025-11-25 08:32:53,tmVYOETfA10,20769,2335,0,67
2025-11-25 08:32:53,xcqjxAXsbHU,471325,25653,0,1133
2025-11-25 08:32:53,4Xt_hR0KNvY,55120,7345,0,1482
2025-11-25 08:32:53,zLfnSXg0jKg,73490,2304,0,110
2025-11-25 08:32:53,BT4XRgmCjjQ,203224,,0,23
2025-11-25 08:32:53,uQc-pW3QLuI,6531470,120300,0,5083
2025-11-25 08:32:53,Pzqzy2ZIcLI,164708,9216,0,40
2025-11-25 08:32:53,l57EJ_eLsIc,75440,970,0,429
2025-11-25 08:32:53,4-6IONBWRMQ,94817,1531,0,31
2025-11-25 08:32:53,-dfR8iYqwK4,127992,2715,0,427
2025-11-25 08:32:53,x_RYZsOfpKY,6860434,204375,0,13660
2025-11-25 08:32:53,24VDsNgWNfw,79237,423,0,1
2025-11-25 08:32:53,7SoVjT-0Rhw,12794,1290,0,186
2025-11-25 08:32:53,DG4ax7ec64o,505846,6078,0,287
2025-11-25 08:32:53,QebVV6D641k,206198,1101,0,729
2025-11-25 08:32:53,h09ng9lTOEM,167594,1506,0,6
2025-11-25 08:32:53,tPMkWfK6N-E,87349,8990,0,460
2025-11-25 08:32:53,GxXpkps21Kc,281916,12609,0,168
2025-11-25 08:32:53,-3TOkp_6gRQ,469524,9048,0,70
2025-11-25 08:32:53,llAI08UYyAw,1437290,275411,0,9560
2025-11-25 08:32:53,S3Q33-4q1xo,78064,1024,0,75
2025-11-25 08:32:53,6mP-mEHEQcw,107199,6973,0,1021
2025-11-25 08:32:53,tk9FDjJd6zM,22532,508,0,59
2025-11-25 08:32:53,dhzVHS8C_nc,82132,485,0,0
2025-11-25 08:32:53,xZFWSWcQ3As,89323,1064,0,65
2025-11-25 08:32:53,oVwGURkvEq4,130143,1683,0,644
2025-11-25 08:32:53,sgi_eji-ysM,261322,5330,0,63
2025-11-25 08:32:53,VXsWwTTgt78,246713,11671,0,72
2025-11-25 08:32:53,dx4XsqUGm10,86613,13960,0,1123
2025-11-25 08:32:53,kCnD_dMyJ3M,46736,2234,0,0
2025-11-25 08:32:53,uOZRP1-dvhA,154863,1637,0,138
2025-11-25 08:32:53,hXKJ0gHYQ6E,48110,268,0,17
2025-11-25 08:32:53,f8aS4qwuO7k,139246,8336,0,65
2025-11-25 08:32:53,snH3HQSF7Ew,212933,3640,0,667
2025-11-25 08:32:53,fiG_T-0zFT8,407292,28550,0,1412
2025-11-25 08:32:53,gSXQd_5ht0E,356750,20438,0,977
2025-11-25 08:32:53,TAL-HXKac80,2059642,61493,0,2007
2025-11-25 08:32:53,LUQ28DBF7EU,140320,3628,0,299
2025-11-25 08:32:53,MRYXsF2lblY,117514,14872,0,812
2025-11-25 08:32:53,HIE0fSPuvLY,167403,812,0,19
2025-11-25 08:32:53,XtTT5XdZVpw,62788,3674,0,181
2025-11-25 08:32:53,ZXrcsNlbtgs,104910,914,0,0
2025-11-25 08:32:53,7gDl4S3wB14,406742,7560,0,746
2025-11-25 08:32:53,8j4RM-bBYvA,8805,963,0,311
2025-11-25 08:32:53,6L7xTio0QyY,54598,4735,0,469
2025-11-25 08:32:53,QRTGKxrKBPM,350323,35755,0,960
2025-11-25 08:32:53,zupf7Kwx6v4,128554,2623,0,172
2025-11-25 08:32:53,oslNxV_8Q2c,242443,10366,0,112
2025-11-25 08:32:53,gYEhRoknpZQ,78838,823,0,155
2025-11-25 08:32:53,SWdjfMIkQCg,94247,1687,0,126
2025-11-25 08:32:53,SdVBuVm_Sw8,94490,700,0,0
2025-11-25 08:32:53,m0HhR1k9JEw,87576,198,0,4
2025-11-25 08:32:53,WsLcF1ojgFU,25683,2324,0,321
2025-11-25 08:32:53,vMg1KAFAKiY,779733,146788,0,8112
2025-11-25 08:32:53,xuL1CDdhsOg,210546,2083,0,1
2025-11-25 08:32:53,IZ9kqxCDvAs,564860,26826,0,1810
2025-11-25 08:32:53,k1yXf4L5bnc,87109,2308,0,142
2025-11-25 08:32:53,oLY17RG3OMI,211574,3953,0,251
2025-11-25 08:32:53,NED7nev2ywQ,34818316,1291209,0,123501
2025-11-25 08:32:53,dqMImJF-rgA,73342,2979,0,276
2025-11-25 08:32:53,qJvjFBhQ6vQ,100447,1669,0,50
2025-11-25 08:32:53,AmQXv7Pyqvw,71660,935,0,9
2025-11-25 08:32:53,PJyQaQosJpk,65313,792,0,0
2025-11-25 08:32:53,OWpLhNyqeqg,29216,3379,0,370
2025-11-25 08:32:53,nDeKfR5iBxY,697972,33457,0,1335
2025-11-25 08:32:53,j-4AHlLg9XA,,106,0,0
2025-11-25 08:32:53,KDC-EOsNzAg,80385,15250,0,467
2025-11-25 08:32:53,QJpTBz916MI,916257,101281,0,2787
2025-11-25 08:32:53,0-74AHbFWic,126381,10893,0,618
2025-11-25 08:32:53,I9U5JRfZ4bA,24949,803,0,137
2025-11-25 08:32:53,4oml768wFnk,28466,2914,0,153
2025-11-25 08:32:53,ex7ieF2B09A,130115,2350,0,125
2025-11-25 08:32:53,9XNqe5r8xHI,414237,5903,0,23
2025-11-25 08:32:53,DOmdfYIPBXE,289057,2750,0,83
2025-11-25 08:32:53,JUYQapYmw74,119404,1404,0,2
2025-11-25 08:32:53,KO6gxf8vXJQ,228650,527,0,1
2025-11-25 08:32:53,dolefeooLzc,258731,4707,0,317
2025-11-25 08:32:53,BDxXPvOdz50,87431,1749,0,438
2025-11-25 08:32:53,IcWvUlwcKAI,6993,1575,0,126
2025-11-25 08:32:53,5ftlnz91DaM,107177,7632,0,409
2025-11-25 08:32:53,04-csl0RRJc,46463,978,0,238
2025-11-25 08:32:53,6hIKI8RZ1ys,418431,6938,0,16
2025-11-25 08:32:53,UFozBQrnmII,750403,24735,0,398
2025-11-25 08:32:53,IftQ9zQ06-0,50915,1086,0,140
2025-11-25 08:32:53,G36amiUCkXU,133862,18262,0,3254
2025-11-25 08:32:53,wUGh03rLZbY,93845,3260,0,246
2025-11-25 08:32:53,kuetvJE_C_U,149102,3941,0,66
2025-11-25 08:32:53,4Ddbjkyy2C0,118513,840,0,0
2025-11-25 08:32:53,YMxjZF3gtoM,153409,9554,0,587
2025-11-25 08:32:53,s5dFrPwvbHY,84687,19785,0,1243
2025-11-25 08:32:53,599nhYHHvQo,103231,846,0,0
2025-11-27 20:18:26,uOZRP1-dvhA,234482,2383,0,172
2025-11-27 20:18:26,VWg0218G38c,121100,1456,0,258
2025-11-27 20:18:26,OeMmb--HE6k,190291,4918,0,69
2025-11-27 20:18:26,koeM_jz4CdM,395453,14948,0,1485
2025-11-27 20:18:26,jWFQ3A1Dtdg,323306,12981,0,1317
2025-11-27 20:18:26,5eHGs7lX09s,120518,1339,0,1139
2025-11-27 20:18:26,kuetvJE_C_U,150883,3979,0,66
2025-11-27 20:18:26,iKVcCmyqoik,116534,5972,0,225
2025-11-27 20:18:26,yRhin7unPeI,180954,5283,0,466
2025-11-27 20:18:26,rOZV4RZrA3A,205097,2091,0,8
2025-11-27 20:18:26,KDC-EOsNzAg,169127,23706,0,602
2025-11-27 20:18:26,hcJEQXJIALo,33808,3896,0,571
2025-11-27 20:18:26,5UBc2gXGwKc,19600,289,0,9
2025-11-27 20:18:26,nzbbL07maKA,140768,7097,0,273
2025-11-27 20:18:26,lUHLwBOY04I,172257,17073,0,346
2025-11-27 20:18:26,ITQYMtkP23E,290617,1373,0,0
2025-11-27 20:18:26,WVVv8Uyok_U,127606,5328,0,811
2025-11-27 20:18:26,e0okJjgNTl0,293064,2708,0,7
2025-11-27 20:18:26,XILnJKGc0yo,248763,20580,0,3690
2025-11-27 20:18:26,dolefeooLzc,397500,6018,0,378
2025-11-27 20:18:26,G36amiUCkXU,469573,28487,0,5518
2025-11-27 20:18:26,hn17tmdaAzQ,701625,6520,0,108
2025-11-27 20:18:26,Gln8wDtITJ4,43687,2828,0,222
2025-11-27 20:18:26,qIXl45sU0wk,123114,2829,0,27
2025-11-27 20:18:26,k1yXf4L5bnc,116423,2807,0,153
2025-11-27 20:18:26,Zvh5BE2Guik,254946,10781,0,195
2025-11-27 20:18:26,dCmNVtLsYzA,202434,9883,0,557
2025-11-27 20:18:26,R-ZKjAqlquA,119389,592,0,23
2025-11-27 20:18:26,ygIwtR2txaw,295787,11087,0,260
2025-11-27 20:18:26,TVqEwvbZP30,10279783,110606,0,11309
2025-11-27 20:18:26,tLBq_jH5FDI,118969,1813,0,175
2025-11-27 20:18:26,x_RYZsOfpKY,12981842,303684,0,18028
2025-11-27 20:18:26,HIE0fSPuvLY,167523,811,0,20
2025-11-27 20:18:26,nDeKfR5iBxY,875926,40844,0,1462
2025-11-27 20:18:26,NDommbpC80U,167951,2059,0,245
2025-11-27 20:18:26,hXKJ0gHYQ6E,48830,266,0,21
2025-11-27 20:18:26,ScutqxM3z_s,202642,8556,0,488
2025-11-27 20:18:26,HP8qpxRpIW8,928910,34940,0,1000
2025-11-27 20:18:26,VhzqSrscVP8,153193,6092,0,418
2025-11-27 20:18:26,nbzmTUB-FCs,22800,1329,0,194
2025-11-27 20:18:26,zupf7Kwx6v4,146143,2820,0,177
2025-11-27 20:18:26,taSKSaq5qh8,252708,4116,0,38
2025-11-27 20:18:26,6L7xTio0QyY,108866,5227,0,503
2025-11-27 20:18:26,OWGd9sHxpvs,96659,2931,0,87
2025-11-27 20:18:26,vMg1KAFAKiY,1068886,174988,0,9346
2025-11-27 20:18:26,Bj6tJxDPzoY,248508,11224,0,306
2025-11-27 20:18:26,Aj8AmqTQkAs,100115,1191,0,59
2025-11-27 20:18:26,JrI4_jUZe98,420688,69288,0,2181
2025-11-27 20:18:26,tGwT5DAU6-s,62313,1234,0,20
2025-11-27 20:18:26,2HwsSTLuA8A,144149,4145,0,458
2025-11-27 20:18:26,eHmQ_b0LkUA,456484,93736,0,3269
2025-11-27 20:18:26,dx4XsqUGm10,210709,18467,0,1370
2025-11-27 20:18:26,7gDl4S3wB14,508990,8500,0,829
2025-11-27 20:18:26,s5dFrPwvbHY,218399,31846,0,1486
2025-11-27 20:18:26,yxXNIzrfPNQ,114274,6224,0,833
2025-11-27 20:18:26,7bqePXphj2g,269729,18419,0,1574
2025-11-27 20:18:26,b9z3Iaz5Zrc,131491,6679,0,322
2025-11-27 20:18:26,4-6IONBWRMQ,109949,1730,0,33
2025-11-27 20:18:26,BiiDN0zgJ2Q,95875,731,0,0
2025-11-27 20:18:26,BFaHdJVDmXY,70911,4233,0,184
2025-11-27 20:18:26,SdVBuVm_Sw8,,699,0,0
2025-11-27 20:18:26,Am2ElEWNvTY,74108,4002,0,218
2025-11-27 20:18:26,dqMImJF-rgA,140894,4075,0,341
2025-11-27 20:18:26,C3jcxlsPYLE,207785,10004,0,84
2025-11-27 20:18:26,AfKzB2lXo7I,17919,829,0,51
2025-11-27 20:18:26,l57EJ_eLsIc,186504,1610,0,618
2025-11-27 20:18:26,DOmdfYIPBXE,345500,3151,0,87
2025-11-27 20:18:26,4Xt_hR0KNvY,172210,12967,0,2414
2025-11-27 20:18:26,dmBAMwBBxoM,167700,4828,0,390
2025-11-27 20:18:26,fCDvm0Y3qkw,303392,15594,0,195
2025-11-27 20:18:26,xuL1CDdhsOg,211013,2075,0,1
2025-11-27 20:18:26,SWdjfMIkQCg,161811,2219,0,164
2025-11-27 20:18:26,jvrrjeAYtzs,76252,232,0,0
2025-11-27 20:18:26,ayjRv2g2UqY,897352,20385,0,814
2025-11-27 20:18:26,gSXQd_5ht0E,1159566,23783,0,1050
2025-11-27 20:18:26,oVwGURkvEq4,145570,1768,0,661
2025-11-27 20:18:26,UfVkyXaTGcs,209957,5299,0,106
2025-11-27 20:18:26,DyINvuS9P34,220612,2915,0,51
2025-11-27 20:18:26,BsyEN86cR0U,241734,7392,0,75
2025-11-27 20:18:26,Gth1zEFH2TM,105806,2155,0,52
2025-11-27 20:18:26,6kWw9Nn4dIY,135039,6249,0,362
2025-11-27 20:18:26,BT4XRgmCjjQ,215995,,0,35
2025-11-27 20:18:26,UF4n5zmzx9A,226678,5345,0,272
2025-11-27 20:18:26,qUgLxkENl6c,123821,7750,0,356
2025-11-27 20:18:26,GxXpkps21Kc,304859,13071,0,231
2025-11-27 20:18:26,TAL-HXKac80,3623965,78255,0,2650
2025-11-27 20:18:26,fiSsGbfus6I,333331,2226,0,1282
2025-11-27 20:18:26,T8w3L1rS3o4,71196,4612,0,116
2025-11-27 20:18:26,FFXSoSl_lGg,124915,5099,0,177
2025-11-27 20:18:26,F2B4VITJfb0,109045,2307,0,422
2025-11-27 20:18:26,gYEhRoknpZQ,109566,950,0,168
2025-11-27 20:18:26,GVeRDFqNT40,22035,271,0,10
2025-11-27 20:18:26,WGyadbTx8bs,371578,13012,0,1060
2025-11-27 20:18:26,kux5GmbZhVg,22316,1046,0,20
2025-11-27 20:18:26,sgi_eji-ysM,273866,5449,0,67
2025-11-27 20:18:26,Em805jfRVXs,285150,5135,0,599
2025-11-27 20:18:26,j-8vLi2sMg0,76538,6983,0,86
2025-11-27 20:18:26,DSPV0RT3BJI,82868,,0,
2025-11-27 20:18:26,u66QoyjtANg,141323,1096,0,0
2025-11-27 20:18:26,v55qDr_jJFA,29411,1882,0,115
2025-11-27 20:18:26,qJvjFBhQ6vQ,190104,2332,0,73
2025-11-27 20:18:26,G7eh40XgTiw,90485,1221,0,175
2025-11-27 20:18:26,NIGA89HGTBU,2705557,28459,0,1043
2025-11-27 20:18:26,04-csl0RRJc,56422,1054,0,269
2025-11-27 20:18:26,S0UEqkus7FA,320814,12574,0,250
2025-11-27 20:18:26,CZP11p3DklQ,113257,3621,0,147
2025-11-27 20:18:26,llAI08UYyAw,3145135,358869,0,10887
2025-11-27 20:18:26,OfuHlytx3rQ,14571,214,0,9
2025-11-27 20:18:26,0-74AHbFWic,159514,11865,0,623
2025-11-27 20:18:26,SzFd7Tmq7pU,187091,9867,0,52
2025-11-27 20:18:26,uQc-pW3QLuI,7108933,127005,0,5199
2025-11-27 20:18:26,o3PX7EjBjvg,58027,2865,0,296
2025-11-27 20:18:26,IW14wQJKSC4,106450,4159,0,150
2025-11-27 20:18:26,IrxoY7JdJY0,143332,,0,49
2025-11-27 20:18:26,eLCjlEYBN3U,422891,16012,0,1094
2025-11-27 20:18:26,81QYAxvO3Ik,204875,19587,0,1232
2025-11-27 20:18:26,vQpF9mIiYFU,21154,324,0,22
2025-11-27 20:18:26,_o05ucPBD7g,89937,1570,0,84
2025-11-27 20:18:26,QebVV6D641k,234894,1222,0,793
2025-11-27 20:18:26,m0HhR1k9JEw,87608,196,0,5
2025-11-27 20:18:26,kSmHmdAnDYc,243947,6957,0,846
2025-11-27 20:18:26,6-9ej0ztMUA,39136,447,0,42
2025-11-27 20:18:26,3rGi2kiSzkA,52879,2740,0,114
2025-11-27 20:18:26,OoLflKFs7YY,91397,2782,0,275
2025-11-27 20:18:26,cl-BT6bDxEI,123721,3389,0,193
2025-11-27 20:18:26,9XNqe5r8xHI,437399,6091,0,28
2025-11-27 20:18:26,NUSpibeVoO0,27813,987,0,93
2025-11-27 20:18:26,aHKMl9HVqZQ,141251,4350,0,340
2025-11-27 20:18:26,PJyQaQosJpk,76195,847,0,15
2025-11-27 20:18:26,6oS55kztPlE,23323,1129,0,32
2025-11-27 20:18:26,4oml768wFnk,47912,3252,0,162
2025-11-27 20:18:26,cVL4bRjA6X0,433802,37533,0,1344
2025-11-27 20:18:26,vQ_NFqtGDgo,171716,26937,0,995
2025-11-27 20:18:26,S3Q33-4q1xo,113116,1311,0,84
2025-11-27 20:18:26,8gAg9uDn2Oo,395193,13677,0,502
2025-11-27 20:18:26,qEGsMTo-adg,24957,1863,0,230
2025-11-27 20:18:26,vpXtzSpyV_8,4616204,22167,0,1102
2025-11-27 20:18:26,ST05E_5kn2E,259968,4927,0,330
2025-11-27 20:18:26,55xYiuSAp5c,304264,4599,0,19
2025-11-27 20:18:26,-dfR8iYqwK4,201178,3476,0,492
2025-11-27 20:18:26,U7wDhVWgd5w,52087,1097,0,7
2025-11-27 20:18:26,iBD9LX2ZdDQ,81720,190,0,0
2025-11-27 20:18:26,FuGOa47BBqg,39078,1205,0,15
2025-11-27 20:18:26,ex7ieF2B09A,256199,4008,0,198
2025-11-27 20:18:26,3-caLm2c1XI,146070,4296,0,527
2025-11-27 20:18:26,cBPtIHuFa_o,99862,3824,0,388
2025-11-27 20:18:26,MRYXsF2lblY,220578,19044,0,1053
2025-11-27 20:18:26,xjUPVppl1DI,638093,11014,0,461
2025-11-27 20:18:26,2j2jXv6Juxc,221015,2835,0,101
2025-11-27 20:18:26,bZ2eyQcJ49o,178859,2829,0,389
2025-11-27 20:18:26,VXsWwTTgt78,257664,11901,0,72
2025-11-27 20:18:26,A3Ki9cI9T9w,108352,2388,0,606
2025-11-27 20:18:26,qFdZAyr_xmw,202626,5117,0,694
2025-11-27 20:18:26,Kc7TkgWiWrc,36805,1099,0,40
2025-11-27 20:18:26,I9U5JRfZ4bA,34560,965,0,152
2025-11-27 20:18:26,6yMFwpzbQCY,323549,3831,0,245
2025-11-27 20:18:26,dhzVHS8C_nc,82089,480,0,2
2025-11-27 20:18:26,IcWvUlwcKAI,10004,1935,0,151
2025-11-27 20:18:26,zLfnSXg0jKg,120167,3171,0,136
2025-11-27 20:18:26,tPMkWfK6N-E,115318,10231,0,516
2025-11-27 20:18:26,w32-xwPxDFk,19805,1248,0,59
2025-11-27 20:18:26,f8aS4qwuO7k,147174,8593,0,73
2025-11-27 20:18:26,5-o_tvuKSfM,60121,4000,0,157
2025-11-27 20:18:26,eWetBwa4vVI,36794,2503,0,144
2025-11-27 20:18:26,Lj1Qi3-zQgg,30687,4862,0,151
2025-11-27 20:18:26,_Vs1T6KpK5g,76458,1165,0,7
2025-11-27 20:18:26,Yy2ZovGi-Uk,352083,9397,0,145
2025-11-27 20:18:26,AmQXv7Pyqvw,72588,940,0,10
2025-11-27 20:18:26,dIPZHyTBFz0,200288,2175,0,265
2025-11-27 20:18:26,miySB69T1xw,488638,13264,0,483
2025-11-27 20:18:26,8j4RM-bBYvA,27819,1277,0,471
2025-11-27 20:18:26,UFozBQrnmII,796580,25433,0,424
2025-11-27 20:18:26,OWpLhNyqeqg,84036,4866,0,429
2025-11-27 20:18:26,-3TOkp_6gRQ,491477,9280,0,88
2025-11-27 20:18:26,WsLcF1ojgFU,48233,2973,0,421
2025-11-27 20:18:26,JkKNqaEl9Aw,441289,21187,0,1902
2025-11-27 20:18:26,x15pDRtzYno,143738,1706,0,196
2025-11-27 20:18:26,n7pO7F_kP0k,92364,14011,0,534
2025-11-27 20:18:26,tdYPGxusaYs,32483,2657,0,147
2025-11-27 20:18:26,StcmgD_0aRI,157166,11807,0,2671
2025-11-27 20:18:26,LcpCd9VXGjE,334452,1572,0,0
2025-11-27 20:18:26,4l9Ni3tjbwM,1066889,12126,0,125
2025-11-27 20:18:26,XZ1FhU9XeEc,147442,1994,0,249
2025-11-27 20:18:26,b1OwvLh8HnU,23817,401,0,8
2025-11-27 20:18:26,GJMOK14mB2c,113889,2766,0,143
2025-11-27 20:18:26,599nhYHHvQo,,836,0,0
2025-11-27 20:18:26,KC0-vIj7piY,240222,19086,0,271
2025-11-27 20:18:26,z-aco1hi0Iw,158577,1747,0,260
2025-11-27 20:18:26,7SoVjT-0Rhw,32369,1837,0,267
2025-11-27 20:18:26,w0ZQp2CmHHw,154610,2597,0,229
2025-11-27 20:18:26,jRgzfKDTI7g,483093,11887,0,351
2025-11-27 20:18:26,oWv2PwrJkTM,227010,11533,0,115
2025-11-27 20:18:26,JUYQapYmw74,120824,1400,0,3
2025-11-27 20:18:26,PwaldW6SXwE,27585,2578,0,234
2025-11-27 20:18:26,24VDsNgWNfw,81347,428,0,1
2025-11-27 20:18:26,MarWse2JmWU,288377,3291,0,25
2025-11-27 20:18:26,hQwjPcq63JM,48848,752,0,7
2025-11-27 20:18:26,IftQ9zQ06-0,281969,2063,0,290
2025-11-27 20:18:26,snH3HQSF7Ew,247289,3991,0,702
2025-11-27 20:18:26,IW_KV5nqWRI,42335,226,0,11
2025-11-27 20:18:26,SnCG-_lf74w,936987,23420,0,1100
2025-11-27 20:18:26,YMxjZF3gtoM,302702,14146,0,802
2025-11-27 20:18:26,QRTGKxrKBPM,525317,40757,0,1017
2025-11-27 20:18:26,0GICIe0Tgf8,19424,1083,0,31
2025-11-27 20:18:26,KSha-fc5EhA,93104,520,0,0
2025-11-27 20:18:26,G_3xr5desOo,112644,3314,0,129
2025-11-27 20:18:26,BDxXPvOdz50,161390,2462,0,643
2025-11-27 20:18:26,DG4ax7ec64o,695102,8412,0,345
2025-11-27 20:18:26,P0OLVEm0pfM,66095,194,0,0
2025-11-27 20:18:26,pzLTGAwn0a4,45970,6595,0,464
2025-11-27 20:18:26,ANU0lVGfWyo,498393,34977,0,2406
2025-11-27 20:18:26,9jrVtT2nPgQ,38448,4801,0,105
2025-11-27 20:18:26,LUQ28DBF7EU,164597,3920,0,320
2025-11-27 20:18:26,QJpTBz916MI,1091358,108058,0,2911
2025-11-27 20:18:26,5ftlnz91DaM,168848,10081,0,493
2025-11-27 20:18:26,oslNxV_8Q2c,241854,10530,0,118
2025-11-27 20:18:26,_6xcFXlJcX8,112699,1241,0,36
2025-11-27 20:18:26,a72dN8ZWPWg,151563,3407,0,1810
2025-11-27 20:18:26,2NKK6Mg27XI,240981,15356,0,490
2025-11-27 20:18:26,CXcBo03He2A,31198,3979,0,192
2025-11-27 20:18:26,tmVYOETfA10,66640,3771,0,92
2025-11-27 20:18:26,I52yC34Ji2k,318284,44140,0,1658
2025-11-27 20:18:26,IZ9kqxCDvAs,823617,31816,0,2065
2025-11-27 20:18:26,j6TnwWfuf-I,101111,2151,0,116
2025-11-27 20:18:26,6ixvIIIxwlk,104568,1063,0,0
2025-11-27 20:18:26,XtTT5XdZVpw,119484,4674,0,217
2025-11-27 20:18:26,kCnD_dMyJ3M,94072,2720,0,0
2025-11-27 20:18:26,4Ddbjkyy2C0,119654,836,0,0
2025-11-27 20:18:26,PtSwg--FueA,157942,1330,0,376
2025-11-27 20:18:26,KO6gxf8vXJQ,229012,526,0,1
2025-11-27 20:18:26,NkHjY_EaCgY,120264,1797,0,107
2025-11-27 20:18:26,9SaAfQ6eACQ,78043,1081,0,211
2025-11-27 20:18:26,L6tkKvVCs0Y,436508,13534,0,588
2025-11-27 20:18:26,ZXrcsNlbtgs,105020,912,0,0
2025-11-27 20:18:26,W3eUZa56o0s,228288,3928,0,1522
2025-11-27 20:18:26,tk9FDjJd6zM,39051,710,0,89
2025-11-27 20:18:26,oLY17RG3OMI,294923,5146,0,287
2025-11-27 20:18:26,xcqjxAXsbHU,601782,27706,0,1197
2025-11-27 20:18:26,1wRkbauiGU8,103254,2520,0,151
2025-11-27 20:18:26,OEcTbxi57lE,19082,3915,0,145
2025-11-27 20:18:26,CvGT2o7-_ZA,80757,1538,0,12
2025-11-27 20:18:26,E7so8IVX1qQ,84244,125,0,3
2025-11-27 20:18:26,ineS6XL0vc8,103966,2532,0,93
2025-11-27 20:18:26,h09ng9lTOEM,168217,1509,0,8
2025-11-27 20:18:26,ES9oYbzYCh8,534468,62044,0,1894
2025-11-27 20:18:26,D8gbtByJSI8,77235,368,0,2
2025-11-27 20:18:26,LxMaia85m5Y,206011,3908,0,173
2025-11-27 20:18:26,BNWYJZp2CbQ,48730,452,0,22
2025-11-27 20:18:26,xx3ZTvOhNoM,225525,8072,0,89
2025-11-27 20:18:26,CO0MSU3fqAQ,16959,2357,0,132
2025-11-27 20:18:26,Caa-UHhl8Gw,95198,2734,0,206
2025-11-27 20:18:26,6mP-mEHEQcw,271340,10866,0,1403
2025-11-27 20:18:26,6hIKI8RZ1ys,419526,6923,0,18
2025-11-27 20:18:26,tXJJhKobuas,211354,2866,0,155
2025-11-27 20:18:26,STXcQAmoLPU,133763,1367,0,1
2025-11-27 20:18:26,j-4AHlLg9XA,,104,0,0
2025-11-27 20:18:26,HQdJ8dMeCHM,121097,718,0,1541
2025-11-27 20:18:26,xZFWSWcQ3As,112333,1246,0,79
2025-11-27 20:18:26,Iz7mRKij2ao,11141,670,0,27
2025-11-27 20:18:26,BM13CSsDrV8,14730,522,0,0
2025-11-27 20:18:26,Rc8f268ueOE,227430,1904,0,431
2025-11-27 20:18:26,wUGh03rLZbY,125733,3831,0,258
2025-11-27 20:18:26,NED7nev2ywQ,40027041,1351195,0,132240
2025-11-27 20:18:26,vIUORnIS_ug,339982,13925,0,1049
2025-11-27 20:18:26,qRUIGsTq-kU,21939,2416,0,221
2025-11-27 20:18:26,b29J1g4yWcs,71270,2598,0,222
2025-11-27 20:18:26,Pzqzy2ZIcLI,171449,9469,0,48
2025-11-27 20:18:26,fiG_T-0zFT8,551982,31110,0,1447
2025-11-26 12:41:49,dx4XsqUGm10,164373,17365,0,1313
2025-11-26 12:41:49,U7wDhVWgd5w,51922,1097,0,6
2025-11-26 12:41:49,Gln8wDtITJ4,29368,2065,0,174
2025-11-26 12:41:49,G_3xr5desOo,77450,2664,0,103
2025-11-26 12:41:49,Kc7TkgWiWrc,8988,538,0,27
2025-11-26 12:41:49,snH3HQSF7Ew,237214,3888,0,691
2025-11-26 12:41:49,04-csl0RRJc,54179,1040,0,261
2025-11-26 12:41:49,cVL4bRjA6X0,361641,35237,0,1289
2025-11-26 12:41:49,4l9Ni3tjbwM,1065112,12071,0,122
2025-11-26 12:41:49,JkKNqaEl9Aw,84188,15532,0,1510
2025-11-26 12:41:49,599nhYHHvQo,,839,0,0
2025-11-26 12:41:49,ex7ieF2B09A,204454,3351,0,178
2025-11-26 12:41:49,sgi_eji-ysM,269590,5413,0,66
2025-11-26 12:41:49,lUHLwBOY04I,150689,15752,0,320
2025-11-26 12:41:49,4Ddbjkyy2C0,119562,836,0,0
2025-11-26 12:41:49,QJpTBz916MI,1007807,105161,0,2862
2025-11-26 12:41:49,hn17tmdaAzQ,669123,6357,0,83
2025-11-26 12:41:49,ZXrcsNlbtgs,104986,912,0,0
2025-11-26 12:41:49,e0okJjgNTl0,291617,2708,0,6
2025-11-26 12:41:49,kCnD_dMyJ3M,72260,2516,0,0
2025-11-26 12:41:49,KSha-fc5EhA,93061,521,0,0
2025-11-26 12:41:49,DSPV0RT3BJI,70878,,0,
2025-11-26 12:41:49,miySB69T1xw,298768,10149,0,415
2025-11-26 12:41:49,eWetBwa4vVI,22993,1869,0,117
2025-11-26 12:41:49,VXsWwTTgt78,253891,11819,0,73
2025-11-26 12:41:49,zupf7Kwx6v4,139230,2748,0,174
2025-11-26 12:41:49,9XNqe5r8xHI,429728,6019,0,26
2025-11-26 12:41:49,j-4AHlLg9XA,,104,0,0
2025-11-26 12:41:49,tk9FDjJd6zM,32152,638,0,72
2025-11-26 12:41:49,xcqjxAXsbHU,533054,26665,0,1174
2025-11-26 12:41:49,WsLcF1ojgFU,39909,2791,0,399
2025-11-26 12:41:49,dqMImJF-rgA,116587,3738,0,323
2025-11-26 12:41:49,dCmNVtLsYzA,188235,9427,0,539
2025-11-26 12:41:49,KDC-EOsNzAg,136459,21069,0,573
2025-11-26 12:41:49,x_RYZsOfpKY,10861230,271058,0,16959
2025-11-26 12:41:49,xjUPVppl1DI,398174,8406,0,365
2025-11-26 12:41:49,kux5GmbZhVg,4699,465,0,13
2025-11-26 12:41:49,ScutqxM3z_s,109835,6390,0,388
2025-11-26 12:41:49,jWFQ3A1Dtdg,175723,9769,0,1033
2025-11-26 12:41:49,m0HhR1k9JEw,87628,198,0,4
2025-11-26 12:41:49,f8aS4qwuO7k,144353,8516,0,71
2025-11-26 12:41:49,z-aco1hi0Iw,136682,1623,0,254
2025-11-26 12:41:49,vIUORnIS_ug,240851,12056,0,950
2025-11-26 12:41:49,SnCG-_lf74w,511592,16879,0,878
2025-11-26 12:41:49,4-6IONBWRMQ,105432,1670,0,33
2025-11-26 12:41:49,81QYAxvO3Ik,173181,18471,0,1174
2025-11-26 12:41:49,QebVV6D641k,225096,1178,0,758
2025-11-26 12:41:49,xx3ZTvOhNoM,209249,7869,0,60
2025-11-26 12:41:49,JrI4_jUZe98,216204,43767,0,1795
2025-11-26 12:41:49,vQ_NFqtGDgo,62312,14095,0,638
2025-11-26 12:41:49,jRgzfKDTI7g,450866,11339,0,344
2025-11-26 12:41:49,BT4XRgmCjjQ,210938,,0,34
2025-11-26 12:41:49,ayjRv2g2UqY,671551,19518,0,798
2025-11-26 12:41:49,tXJJhKobuas,153778,2257,0,141
2025-11-26 12:41:49,u66QoyjtANg,141229,1100,0,0
2025-11-26 12:41:49,dmBAMwBBxoM,95922,3566,0,339
2025-11-26 12:41:49,v55qDr_jJFA,8582,1009,0,74
2025-11-26 12:41:49,oLY17RG3OMI,262449,4691,0,274
2025-11-26 12:41:49,ANU0lVGfWyo,364057,31205,0,2264
2025-11-26 12:41:49,HIE0fSPuvLY,167507,811,0,20
2025-11-26 12:41:49,3rGi2kiSzkA,38951,2296,0,105
2025-11-26 12:41:49,gYEhRoknpZQ,104183,927,0,169
2025-11-26 12:41:49,b9z3Iaz5Zrc,37527,3249,0,237
2025-11-26 12:41:49,k1yXf4L5bnc,109380,2670,0,150
2025-11-26 12:41:49,UFozBQrnmII,781521,25178,0,420
2025-11-26 12:41:49,OWpLhNyqeqg,63418,4505,0,420
2025-11-26 12:41:49,qIXl45sU0wk,118453,2773,0,25
2025-11-26 12:41:49,j-8vLi2sMg0,41296,5080,0,76
2025-11-26 12:41:49,SWdjfMIkQCg,147834,2126,0,157
2025-11-26 12:41:49,IcWvUlwcKAI,8972,1841,0,144
2025-11-26 12:41:49,I52yC34Ji2k,89976,18791,0,926
2025-11-26 12:41:49,uOZRP1-dvhA,216073,2195,0,171
2025-11-26 12:41:49,P0OLVEm0pfM,65894,194,0,0
2025-11-26 12:41:49,ygIwtR2txaw,261989,10234,0,247
2025-11-26 12:41:49,fiG_T-0zFT8,477114,29847,0,1429
2025-11-26 12:41:49,qJvjFBhQ6vQ,167198,2155,0,62
2025-11-26 12:41:49,xZFWSWcQ3As,105633,1192,0,78
2025-11-26 12:41:49,XtTT5XdZVpw,109441,4481,0,213
2025-11-26 12:41:49,TVqEwvbZP30,2718151,98891,0,8712
2025-11-26 12:41:49,4oml768wFnk,39492,3122,0,160
2025-11-26 12:41:49,dolefeooLzc,338166,5466,0,355
2025-11-26 12:41:49,NkHjY_EaCgY,81654,1436,0,89
2025-11-26 12:41:49,G7eh40XgTiw,70657,1076,0,145
2025-11-26 12:41:49,MRYXsF2lblY,182390,17804,0,980
2025-11-26 12:41:49,HP8qpxRpIW8,500581,25529,0,890
2025-11-26 12:41:49,AmQXv7Pyqvw,72609,938,0,10
2025-11-26 12:41:49,0GICIe0Tgf8,6143,640,0,23
2025-11-26 12:41:49,wUGh03rLZbY,116767,3683,0,258
2025-11-26 12:41:49,IW_KV5nqWRI,41431,224,0,7
2025-11-26 12:41:49,koeM_jz4CdM,359588,13983,0,1443
2025-11-26 12:41:49,GxXpkps21Kc,301699,12998,0,227
2025-11-26 12:41:49,UF4n5zmzx9A,201586,4959,0,263
2025-11-26 12:41:49,24VDsNgWNfw,80523,425,0,1
2025-11-26 12:41:49,PwaldW6SXwE,18028,2120,0,193
2025-11-26 12:41:49,gSXQd_5ht0E,608633,22219,0,1025
2025-11-26 12:41:49,DOmdfYIPBXE,326777,3005,0,86
2025-11-26 12:41:49,x15pDRtzYno,115276,1484,0,185
2025-11-26 12:41:49,LUQ28DBF7EU,157957,3836,0,315
2025-11-26 12:41:49,xuL1CDdhsOg,211206,2078,0,1
2025-11-26 12:41:49,cl-BT6bDxEI,109921,3142,0,184
2025-11-26 12:41:49,BDxXPvOdz50,149872,2355,0,623
2025-11-26 12:41:49,L6tkKvVCs0Y,237424,12606,0,569
2025-11-26 12:41:49,Pzqzy2ZIcLI,169573,9392,0,46
2025-11-26 12:41:49,iKVcCmyqoik,78570,5333,0,204
2025-11-26 12:41:49,NED7nev2ywQ,37626497,1324561,0,128323
2025-11-26 12:41:49,Rc8f268ueOE,113579,1428,0,349
2025-11-26 12:41:49,S3Q33-4q1xo,104663,1241,0,81
2025-11-26 12:41:49,PtSwg--FueA,131914,1218,0,364
2025-11-26 12:41:49,kuetvJE_C_U,150830,3969,0,66
2025-11-26 12:41:49,nbzmTUB-FCs,18286,1271,0,191
2025-11-26 12:41:49,vpXtzSpyV_8,3319785,19727,0,1014
2025-11-26 12:41:49,b1OwvLh8HnU,5637,190,0,7
2025-11-26 12:41:49,0-74AHbFWic,145358,11528,0,625
2025-11-26 12:41:49,YMxjZF3gtoM,262045,13085,0,760
2025-11-26 12:41:49,ITQYMtkP23E,290011,1383,0,0
2025-11-26 12:41:49,nDeKfR5iBxY,784190,37089,0,1398
2025-11-26 12:41:49,G36amiUCkXU,320819,24944,0,4474
2025-11-26 12:41:49,BNWYJZp2CbQ,47056,435,0,22
2025-11-26 12:41:49,WGyadbTx8bs,267461,10404,0,938
2025-11-26 12:41:49,7SoVjT-0Rhw,25644,1713,0,246
2025-11-26 12:41:49,a72dN8ZWPWg,119897,2732,0,1728
2025-11-26 12:41:49,yRhin7unPeI,164952,4934,0,456
2025-11-26 12:41:49,oslNxV_8Q2c,247028,10461,0,117
2025-11-26 12:41:49,l57EJ_eLsIc,150563,1470,0,572
2025-11-26 12:41:49,W3eUZa56o0s,214250,3786,0,1472
2025-11-26 12:41:49,7gDl4S3wB14,474903,8170,0,800
2025-11-26 12:41:49,PJyQaQosJpk,74323,849,0,13
2025-11-26 12:41:49,fCDvm0Y3qkw,278326,14980,0,154
2025-11-26 12:41:49,Gth1zEFH2TM,80637,1822,0,49
2025-11-26 12:41:49,2NKK6Mg27XI,190458,13626,0,455
2025-11-26 12:41:49,IW14wQJKSC4,93170,3973,0,147
2025-11-26 12:41:49,uQc-pW3QLuI,6911151,124723,0,5151
2025-11-26 12:41:49,llAI08UYyAw,2422856,333983,0,10531
2025-11-26 12:41:49,UfVkyXaTGcs,188915,4968,0,102
2025-11-26 12:41:49,dhzVHS8C_nc,82159,480,0,0
2025-11-26 12:41:49,6ixvIIIxwlk,104001,1069,0,0
2025-11-26 12:41:49,Zvh5BE2Guik,247341,10697,0,175
2025-11-26 12:41:49,JUYQapYmw74,120570,1403,0,3
2025-11-26 12:41:49,6hIKI8RZ1ys,419230,6928,0,18
2025-11-26 12:41:49,QRTGKxrKBPM,440812,38507,0,990
2025-11-26 12:41:49,XILnJKGc0yo,156476,18339,0,3229
2025-11-26 12:41:49,Yy2ZovGi-Uk,348020,9343,0,139
2025-11-26 12:41:49,CZP11p3DklQ,34609,1879,0,99
2025-11-26 12:41:49,FFXSoSl_lGg,107826,4838,0,173
2025-11-26 12:41:49,6L7xTio0QyY,76903,5027,0,483
2025-11-26 12:41:49,ST05E_5kn2E,189473,3803,0,291
2025-11-26 12:41:49,qEGsMTo-adg,18968,1688,0,205
2025-11-26 12:41:49,VhzqSrscVP8,142054,5892,0,405
2025-11-26 12:41:49,BsyEN86cR0U,228065,7156,0,69
2025-11-26 12:41:49,KO6gxf8vXJQ,228869,526,0,1
2025-11-26 12:41:49,IZ9kqxCDvAs,688991,29331,0,1940
2025-11-26 12:41:49,tPMkWfK6N-E,103352,9776,0,489
2025-11-26 12:41:49,9SaAfQ6eACQ,63976,963,0,208
2025-11-26 12:41:49,XZ1FhU9XeEc,124057,1747,0,238
2025-11-26 12:41:49,MarWse2JmWU,287592,3296,0,24
2025-11-26 12:41:49,5ftlnz91DaM,148079,9443,0,473
2025-11-26 12:41:49,6kWw9Nn4dIY,92688,5108,0,311
2025-11-26 12:41:49,j6TnwWfuf-I,75521,1815,0,106
2025-11-26 12:41:49,zLfnSXg0jKg,108490,2973,0,133
2025-11-26 12:41:49,GJMOK14mB2c,97442,2532,0,138
2025-11-26 12:41:49,SdVBuVm_Sw8,,699,0,0
2025-11-26 12:41:49,hXKJ0gHYQ6E,48588,266,0,19
2025-11-26 12:41:49,cBPtIHuFa_o,75427,3194,0,355
2025-11-26 12:41:49,eHmQ_b0LkUA,358353,84236,0,3189
2025-11-26 12:41:49,taSKSaq5qh8,248653,4093,0,38
2025-11-26 12:41:49,Aj8AmqTQkAs,91827,1110,0,58
2025-11-26 12:41:49,h09ng9lTOEM,168299,1511,0,8
2025-11-26 12:41:49,-dfR8iYqwK4,186831,3324,0,481
2025-11-26 12:41:49,vQpF9mIiYFU,3820,180,0,21
2025-11-26 12:41:49,vMg1KAFAKiY,973173,165989,0,8884
2025-11-26 12:41:49,tmVYOETfA10,44621,3241,0,86
2025-11-26 12:41:49,A3Ki9cI9T9w,80753,1980,0,507
2025-11-26 12:41:49,I9U5JRfZ4bA,30820,904,0,148
2025-11-26 12:41:49,DG4ax7ec64o,609886,7224,0,318
2025-11-26 12:41:49,D8gbtByJSI8,77070,372,0,2
2025-11-26 12:41:49,6mP-mEHEQcw,204162,9488,0,1297
2025-11-26 12:41:49,yxXNIzrfPNQ,92325,5915,0,796
2025-11-26 12:41:49,HQdJ8dMeCHM,101625,664,0,1445
2025-11-26 12:41:49,2HwsSTLuA8A,140754,4089,0,456
2025-11-26 12:41:49,IftQ9zQ06-0,109329,1772,0,244
2025-11-26 12:41:49,4Xt_hR0KNvY,129339,11152,0,2115
2025-11-26 12:41:49,LxMaia85m5Y,166078,3523,0,157
2025-11-26 12:41:49,TAL-HXKac80,3159229,73650,0,2455
2025-11-26 12:41:49,7bqePXphj2g,225141,16968,0,1477
2025-11-26 12:41:49,aHKMl9HVqZQ,111159,3692,0,324
2025-11-26 12:41:49,oVwGURkvEq4,140517,1745,0,654
2025-11-26 12:41:49,s5dFrPwvbHY,169120,28512,0,1446
2025-11-26 12:41:49,-3TOkp_6gRQ,485893,9217,0,86
2025-11-26 12:41:49,NIGA89HGTBU,934155,17743,0,855
2025-11-26 12:41:49,CvGT2o7-_ZA,78376,1520,0,7
2025-11-26 12:41:49,8j4RM-bBYvA,20415,1203,0,416
2025-11-26 12:41:49,fiSsGbfus6I,234321,1859,0,1151
2025-11-26 12:41:49,_6xcFXlJcX8,105463,1167,0,35
2025-11-27 13:25:03,qIXl45sU0wk,122292,2813,0,27
2025-11-27 13:25:03,4Ddbjkyy2C0,119648,836,0,0
2025-11-27 13:25:03,DyINvuS9P34,179478,2411,0,49
2025-11-27 13:25:03,IftQ9zQ06-0,137027,1992,0,275
2025-11-27 13:25:03,AmQXv7Pyqvw,72802,940,0,10
2025-11-27 13:25:03,vQpF9mIiYFU,17124,306,0,22
2025-11-27 13:25:03,OWpLhNyqeqg,79798,4816,0,427
2025-11-27 13:25:03,m0HhR1k9JEw,87646,196,0,5
2025-11-27 13:25:03,Am2ElEWNvTY,55949,3335,0,187
2025-11-27 13:25:03,KC0-vIj7piY,232353,18643,0,249
2025-11-27 13:25:03,4l9Ni3tjbwM,1065443,12117,0,125
2025-11-27 13:25:03,Iz7mRKij2ao,9620,620,0,22
2025-11-27 13:25:03,bZ2eyQcJ49o,158767,2638,0,374
2025-11-27 13:25:03,JUYQapYmw74,121009,1400,0,3
2025-11-27 13:25:03,tdYPGxusaYs,27324,2400,0,138
2025-11-27 13:25:03,XZ1FhU9XeEc,144209,1967,0,248
2025-11-27 13:25:03,3rGi2kiSzkA,50697,2648,0,110
2025-11-27 13:25:03,fCDvm0Y3qkw,300340,15490,0,186
2025-11-27 13:25:03,LxMaia85m5Y,200186,3844,0,171
2025-11-27 13:25:03,WsLcF1ojgFU,46630,2948,0,418
2025-11-27 13:25:03,C3jcxlsPYLE,197232,9728,0,78
2025-11-27 13:25:03,e0okJjgNTl0,292939,2708,0,6
2025-11-27 13:25:03,JrI4_jUZe98,395997,65892,0,2143
2025-11-27 13:25:03,L6tkKvVCs0Y,395403,13369,0,587
2025-11-27 13:25:03,JkKNqaEl9Aw,318172,20640,0,1848
2025-11-27 13:25:03,MRYXsF2lblY,211912,18807,0,1038
2025-11-27 13:25:03,KSha-fc5EhA,93164,520,0,0
2025-11-27 13:25:03,ANU0lVGfWyo,470615,34465,0,2373
2025-11-27 13:25:03,G7eh40XgTiw,86831,1195,0,173
2025-11-27 13:25:03,9SaAfQ6eACQ,76632,1076,0,210
2025-11-27 13:25:03,IZ9kqxCDvAs,794093,31237,0,2049
2025-11-27 13:25:03,KO6gxf8vXJQ,228934,526,0,1
2025-11-27 13:25:03,UfVkyXaTGcs,206654,5235,0,105
2025-11-27 13:25:03,lUHLwBOY04I,168407,16857,0,339
2025-11-27 13:25:03,6kWw9Nn4dIY,130571,6090,0,352
2025-11-27 13:25:03,A3Ki9cI9T9w,105287,2354,0,595
2025-11-27 13:25:03,BT4XRgmCjjQ,214748,,0,35
2025-11-27 13:25:03,k1yXf4L5bnc,115335,2779,0,153
2025-11-27 13:25:03,BM13CSsDrV8,12713,497,0,0
2025-11-27 13:25:03,XILnJKGc0yo,232064,20274,0,3610
2025-11-27 13:25:03,jWFQ3A1Dtdg,299096,12512,0,1275
2025-11-27 13:25:03,u66QoyjtANg,141312,1096,0,0
2025-11-27 13:25:03,hXKJ0gHYQ6E,48806,266,0,21
2025-11-27 13:25:03,Pzqzy2ZIcLI,171343,9454,0,48
2025-11-27 13:25:03,kuetvJE_C_U,150901,3977,0,66
2025-11-27 13:25:03,XtTT5XdZVpw,117412,4629,0,217
2025-11-27 13:25:03,hn17tmdaAzQ,698580,6508,0,107
2025-11-27 13:25:03,NUSpibeVoO0,15852,685,0,60
2025-11-27 13:25:03,5UBc2gXGwKc,14185,271,0,9
2025-11-27 13:25:03,j-8vLi2sMg0,71660,6752,0,86
2025-11-27 13:25:03,pzLTGAwn0a4,41426,6238,0,454
2025-11-27 13:25:03,s5dFrPwvbHY,208334,31287,0,1481
2025-11-27 13:25:03,6ixvIIIxwlk,104554,1063,0,0
2025-11-27 13:25:03,4Xt_hR0KNvY,165168,12722,0,2372
2025-11-27 13:25:03,QJpTBz916MI,1070586,107353,0,2895
2025-11-27 13:25:03,FFXSoSl_lGg,121574,5059,0,177
2025-11-27 13:25:03,IcWvUlwcKAI,9776,1920,0,150
2025-11-27 13:25:03,9XNqe5r8xHI,435905,6077,0,27
2025-11-27 13:25:03,snH3HQSF7Ew,245503,3972,0,702
2025-11-27 13:25:03,ZXrcsNlbtgs,105025,912,0,0
2025-11-27 13:25:03,cBPtIHuFa_o,96769,3746,0,382
2025-11-27 13:25:03,kCnD_dMyJ3M,89055,2675,0,0
2025-11-27 13:25:03,TAL-HXKac80,3574188,77840,0,2632
2025-11-27 13:25:03,BDxXPvOdz50,159817,2452,0,640
2025-11-27 13:25:03,StcmgD_0aRI,137605,10481,0,2545
2025-11-27 13:25:03,vpXtzSpyV_8,4606494,21830,0,1094
2025-11-27 13:25:03,599nhYHHvQo,,837,0,0
2025-11-27 13:25:03,dx4XsqUGm10,201912,18272,0,1359
2025-11-27 13:25:03,3-caLm2c1XI,131945,4001,0,505
2025-11-27 13:25:03,sgi_eji-ysM,273303,5440,0,67
2025-11-27 13:25:03,tk9FDjJd6zM,37809,699,0,79
2025-11-27 13:25:03,tmVYOETfA10,61661,3652,0,89
2025-11-27 13:25:03,dqMImJF-rgA,136242,3985,0,341
2025-11-27 13:25:03,l57EJ_eLsIc,183443,1586,0,612
2025-11-27 13:25:03,dIPZHyTBFz0,190518,2125,0,258
2025-11-27 13:25:03,Bj6tJxDPzoY,216193,10136,0,293
2025-11-27 13:25:03,CO0MSU3fqAQ,14288,2135,0,125
2025-11-27 13:25:03,81QYAxvO3Ik,197593,19391,0,1224
2025-11-27 13:25:03,24VDsNgWNfw,81152,428,0,1
2025-11-27 13:25:03,kux5GmbZhVg,17975,960,0,20
2025-11-27 13:25:03,dhzVHS8C_nc,82183,480,0,2
2025-11-27 13:25:03,6mP-mEHEQcw,259074,10550,0,1385
2025-11-27 13:25:03,vQ_NFqtGDgo,153783,24844,0,937
2025-11-27 13:25:03,S3Q33-4q1xo,111775,1300,0,84
2025-11-27 13:25:03,GJMOK14mB2c,112226,2741,0,143
2025-11-27 13:25:03,llAI08UYyAw,3015828,355856,0,10839
2025-11-27 13:25:03,G36amiUCkXU,436833,27777,0,5233
2025-11-27 13:25:03,Aj8AmqTQkAs,98596,1178,0,59
2025-11-27 13:25:03,IrxoY7JdJY0,131655,,0,42
2025-11-27 13:25:03,_6xcFXlJcX8,111273,1225,0,36
2025-11-27 13:25:03,NkHjY_EaCgY,115543,1752,0,105
2025-11-27 13:25:03,v55qDr_jJFA,26737,1789,0,112
2025-11-27 13:25:03,HP8qpxRpIW8,820710,33116,0,989
2025-11-27 13:25:03,jvrrjeAYtzs,76199,232,0,0
2025-11-27 13:25:03,CvGT2o7-_ZA,80526,1536,0,12
2025-11-27 13:25:03,ITQYMtkP23E,290566,1375,0,0
2025-11-27 13:25:03,7bqePXphj2g,261793,18200,0,1563
2025-11-27 13:25:03,Lj1Qi3-zQgg,23530,4118,0,139
2025-11-27 13:25:03,xuL1CDdhsOg,211316,2075,0,1
2025-11-27 13:25:03,oVwGURkvEq4,145007,1768,0,661
2025-11-27 13:25:03,nzbbL07maKA,126830,6686,0,271
2025-11-27 13:25:03,LUQ28DBF7EU,163802,3908,0,320
2025-11-27 13:25:03,NDommbpC80U,128764,1676,0,202
2025-11-27 13:25:03,GxXpkps21Kc,304429,13056,0,230
2025-11-27 13:25:03,6oS55kztPlE,20299,1066,0,31
2025-11-27 13:25:03,zLfnSXg0jKg,118354,3147,0,136
2025-11-27 13:25:03,AfKzB2lXo7I,11417,643,0,46
2025-11-27 13:25:03,9jrVtT2nPgQ,30718,4329,0,102
2025-11-27 13:25:03,SdVBuVm_Sw8,,699,0,0
2025-11-27 13:25:03,D8gbtByJSI8,77225,369,0,2
2025-11-27 13:25:03,BFaHdJVDmXY,68630,4167,0,181
2025-11-27 13:25:03,Zvh5BE2Guik,253687,10758,0,195
2025-11-27 13:25:03,PtSwg--FueA,154750,1316,0,377
2025-11-27 13:25:03,ScutqxM3z_s,193652,8332,0,472
2025-11-27 13:25:03,koeM_jz4CdM,388475,14762,0,1479
2025-11-27 13:25:03,ayjRv2g2UqY,852666,20192,0,812
2025-11-27 13:25:03,5eHGs7lX09s,63615,944,0,857
2025-11-27 13:25:03,OeMmb--HE6k,174629,4608,0,63
2025-11-27 13:25:03,x15pDRtzYno,136244,1638,0,194
2025-11-27 13:25:03,-3TOkp_6gRQ,490438,9270,0,88
2025-11-27 13:25:03,0-74AHbFWic,156596,11795,0,628
2025-11-27 13:25:03,Kc7TkgWiWrc,32001,1010,0,38
2025-11-27 13:25:03,4-6IONBWRMQ,109023,1714,0,33
2025-11-27 13:25:03,7SoVjT-0Rhw,31226,1815,0,265
2025-11-27 13:25:03,CXcBo03He2A,16812,2519,0,144
2025-11-27 13:25:03,vMg1KAFAKiY,1058267,173888,0,9281
2025-11-27 13:25:03,miySB69T1xw,457851,12777,0,476
2025-11-27 13:25:03,xZFWSWcQ3As,110500,1235,0,78
2025-11-27 13:25:03,ST05E_5kn2E,249223,4732,0,324
2025-11-27 13:25:03,0GICIe0Tgf8,16593,1024,0,30
2025-11-27 13:25:03,HQdJ8dMeCHM,119879,715,0,1534
2025-11-27 13:25:03,2j2jXv6Juxc,154421,2181,0,80
2025-11-27 13:25:03,jRgzfKDTI7g,475764,11749,0,349
2025-11-27 13:25:03,cl-BT6bDxEI,122108,3364,0,192
2025-11-27 13:25:03,VXsWwTTgt78,257223,11891,0,73
2025-11-27 13:25:03,U7wDhVWgd5w,52072,1097,0,7
2025-11-27 13:25:03,b9z3Iaz5Zrc,113593,6023,0,308
2025-11-27 13:25:03,eLCjlEYBN3U,338661,13567,0,1003
2025-11-27 13:25:03,tPMkWfK6N-E,112843,10141,0,511
2025-11-27 13:25:03,j6TnwWfuf-I,98147,2108,0,116
2025-11-27 13:25:03,tXJJhKobuas,201518,2755,0,152
2025-11-27 13:25:03,j-4AHlLg9XA,,104,0,0
2025-11-27 13:25:03,tLBq_jH5FDI,100036,1570,0,163
2025-11-27 13:25:03,OEcTbxi57lE,16348,3443,0,136
2025-11-27 13:25:03,SnCG-_lf74w,865073,22312,0,1059
2025-11-27 13:25:03,I52yC34Ji2k,291951,41488,0,1581
2025-11-27 13:25:03,2HwsSTLuA8A,143583,4133,0,458
2025-11-27 13:25:03,a72dN8ZWPWg,146150,3255,0,1792
2025-11-27 13:25:03,eHmQ_b0LkUA,443744,92767,0,3259
2025-11-27 13:25:03,NED7nev2ywQ,39693584,1347526,0,131599
2025-11-27 13:25:03,BNWYJZp2CbQ,48523,450,0,22
2025-11-27 13:25:03,kSmHmdAnDYc,223937,6542,0,811
2025-11-27 13:25:03,qUgLxkENl6c,101781,6720,0,328
2025-11-27 13:25:03,1wRkbauiGU8,97962,2443,0,150
2025-11-27 13:25:03,qJvjFBhQ6vQ,186697,2303,0,72
2025-11-27 13:25:03,yRhin7unPeI,178378,5209,0,466
2025-11-27 13:25:03,VWg0218G38c,108031,1260,0,227
2025-11-27 13:25:03,SzFd7Tmq7pU,183352,9779,0,45
2025-11-27 13:25:03,MarWse2JmWU,288186,3292,0,24
2025-11-27 13:25:03,DSPV0RT3BJI,81865,,0,
2025-11-27 13:25:03,fiG_T-0zFT8,534429,30833,0,1444
2025-11-27 13:25:03,6L7xTio0QyY,106857,5171,0,498
2025-11-27 13:25:03,8j4RM-bBYvA,26770,1264,0,465
2025-11-27 13:25:03,dCmNVtLsYzA,200770,9821,0,555
2025-11-27 13:25:03,b1OwvLh8HnU,20237,377,0,8
2025-11-27 13:25:03,IW14wQJKSC4,103300,4114,0,149
2025-11-27 13:25:03,xcqjxAXsbHU,586118,27493,0,1193
2025-11-27 13:25:03,BsyEN86cR0U,240254,7362,0,74
2025-11-27 13:25:03,NIGA89HGTBU,2045398,27632,0,1023
2025-11-27 13:25:03,BiiDN0zgJ2Q,95620,724,0,0
2025-11-27 13:25:03,qRUIGsTq-kU,17837,2165,0,208
2025-11-27 13:25:03,ex7ieF2B09A,246457,3901,0,195
2025-11-27 13:25:03,DG4ax7ec64o,676915,8099,0,334
2025-11-27 13:25:03,h09ng9lTOEM,168544,1509,0,8
2025-11-27 13:25:03,ygIwtR2txaw,289361,10896,0,259
2025-11-27 13:25:03,TVqEwvbZP30,8975367,108503,0,10779
2025-11-27 13:25:03,fiSsGbfus6I,316372,2149,0,1264
2025-11-27 13:25:03,KDC-EOsNzAg,162715,23241,0,601
2025-11-27 13:25:03,xx3ZTvOhNoM,223357,8046,0,86
2025-11-27 13:25:03,Yy2ZovGi-Uk,351262,9383,0,145
2025-11-27 13:25:03,PJyQaQosJpk,76013,846,0,15
2025-11-27 13:25:03,dolefeooLzc,385105,5904,0,374
2025-11-27 13:25:03,wUGh03rLZbY,124001,3804,0,258
2025-11-27 13:25:03,P0OLVEm0pfM,66083,194,0,0
2025-11-27 13:25:03,S0UEqkus7FA,306071,12299,0,230
2025-11-27 13:25:03,hcJEQXJIALo,27746,3668,0,552
2025-11-27 13:25:03,LcpCd9VXGjE,334143,1571,0,0
2025-11-27 13:25:03,PwaldW6SXwE,26385,2525,0,232
2025-11-27 13:25:03,dmBAMwBBxoM,160214,4669,0,383
2025-11-27 13:25:03,w0ZQp2CmHHw,126073,2233,0,210
2025-11-27 13:25:03,ineS6XL0vc8,89094,2267,0,85
2025-11-27 13:25:03,7gDl4S3wB14,501718,8419,0,825
2025-11-27 13:25:03,nbzmTUB-FCs,21821,1310,0,193
2025-11-27 13:25:03,W3eUZa56o0s,224581,3887,0,1516
2025-11-27 13:25:03,zupf7Kwx6v4,144662,2802,0,176
2025-11-27 13:25:03,rOZV4RZrA3A,204226,2091,0,8
2025-11-27 13:25:03,taSKSaq5qh8,252092,4112,0,38
2025-11-27 13:25:03,vIUORnIS_ug,330725,13771,0,1040
2025-11-27 13:25:03,oLY17RG3OMI,288886,5051,0,285
2025-11-27 13:25:03,UFozBQrnmII,796266,25381,0,424
2025-11-27 13:25:03,SWdjfMIkQCg,159139,2203,0,164
2025-11-27 13:25:03,yxXNIzrfPNQ,109292,6158,0,826
2025-11-27 13:25:03,oWv2PwrJkTM,221440,11390,0,113
2025-11-27 13:25:03,WGyadbTx8bs,354226,12628,0,1046
2025-11-27 13:25:03,uOZRP1-dvhA,232190,2365,0,172
2025-11-27 13:25:03,gYEhRoknpZQ,108896,946,0,168
2025-11-27 13:25:03,aHKMl9HVqZQ,137513,4257,0,336
2025-11-27 13:25:03,G_3xr5desOo,107584,3202,0,121
2025-11-27 13:25:03,6hIKI8RZ1ys,419572,6925,0,18
2025-11-27 13:25:03,Rc8f268ueOE,214194,1862,0,425
2025-11-27 13:25:03,w32-xwPxDFk,15830,1137,0,58
2025-11-27 13:25:03,55xYiuSAp5c,301433,4587,0,19
2025-11-27 13:25:03,QRTGKxrKBPM,505522,40248,0,1014
2025-11-27 13:25:03,VhzqSrscVP8,151163,6056,0,415
2025-11-27 13:25:03,Em805jfRVXs,266038,4952,0,577
2025-11-27 13:25:03,Caa-UHhl8Gw,92777,2687,0,203
2025-11-27 13:25:03,5-o_tvuKSfM,48506,3451,0,145
2025-11-27 13:25:03,z-aco1hi0Iw,154425,1732,0,260
2025-11-27 13:25:03,f8aS4qwuO7k,146784,8572,0,73
2025-11-27 13:25:03,x_RYZsOfpKY,12512843,298894,0,17897
2025-11-27 13:25:03,QebVV6D641k,233454,1212,0,793
2025-11-27 13:25:03,DOmdfYIPBXE,340656,3106,0,87
2025-11-27 13:25:03,2NKK6Mg27XI,233769,15113,0,481
2025-11-27 13:25:03,xjUPVppl1DI,603995,10631,0,448
2025-11-27 13:25:03,UF4n5zmzx9A,220161,5222,0,270
2025-11-27 13:25:03,cVL4bRjA6X0,420522,37189,0,1339
2025-11-27 13:25:03,Gth1zEFH2TM,103023,2121,0,50
2025-11-27 13:25:03,uQc-pW3QLuI,7077302,126667,0,5189
2025-11-27 13:25:03,5ftlnz91DaM,165172,9976,0,489
2025-11-27 13:25:03,8gAg9uDn2Oo,324984,12298,0,477
2025-11-27 13:25:03,T8w3L1rS3o4,55609,3681,0,100
2025-11-27 13:25:03,WVVv8Uyok_U,104466,4712,0,764
2025-11-27 13:25:03,STXcQAmoLPU,133631,1367,0,1
2025-11-27 13:25:03,qEGsMTo-adg,24018,1838,0,225
2025-11-27 13:25:03,F2B4VITJfb0,95606,2103,0,311
2025-11-27 13:25:03,qFdZAyr_xmw,191535,4937,0,669
2025-11-27 13:25:03,HIE0fSPuvLY,167557,811,0,20
2025-11-27 13:25:03,ES9oYbzYCh8,392935,54469,0,1704
2025-11-27 13:25:03,IW_KV5nqWRI,42221,226,0,11
2025-11-27 13:25:03,_o05ucPBD7g,77785,1400,0,72
2025-11-27 13:25:03,YMxjZF3gtoM,297259,13993,0,796
2025-11-27 13:25:03,gSXQd_5ht0E,1089911,23343,0,1041
2025-11-27 13:25:03,CZP11p3DklQ,99415,3369,0,140
2025-11-27 13:25:03,eWetBwa4vVI,35164,2441,0,140
2025-11-27 13:25:03,oslNxV_8Q2c,248975,10520,0,118
2025-11-27 13:25:03,nDeKfR5iBxY,859340,40174,0,1449
2025-11-27 13:25:03,I9U5JRfZ4bA,33524,949,0,152
2025-11-27 13:25:03,Gln8wDtITJ4,41274,2730,0,220
2025-11-27 13:25:03,iKVcCmyqoik,110206,5873,0,223
2025-11-27 13:25:03,-dfR8iYqwK4,199045,3456,0,492
2025-11-27 13:25:03,4oml768wFnk,45927,3226,0,162
2025-11-27 13:25:03,04-csl0RRJc,56081,1053,0,269
2025-11-26 07:40:39,-dfR8iYqwK4,184235,3293,0,479
2025-11-26 07:40:39,DOmdfYIPBXE,323174,2981,0,86
2025-11-26 07:40:39,W3eUZa56o0s,211274,3765,0,1463
2025-11-26 07:40:39,oVwGURkvEq4,139685,1739,0,652
2025-11-26 07:40:39,f8aS4qwuO7k,143783,8500,0,70
2025-11-26 07:40:39,6kWw9Nn4dIY,82587,4780,0,291
2025-11-26 07:40:39,jWFQ3A1Dtdg,148632,8545,0,946
2025-11-26 07:40:39,vMg1KAFAKiY,950489,163971,0,8800
2025-11-26 07:40:39,UF4n5zmzx9A,199202,4920,0,262
2025-11-26 07:40:39,4oml768wFnk,37474,3099,0,159
2025-11-26 07:40:39,L6tkKvVCs0Y,202765,12391,0,565
2025-11-26 07:40:39,P0OLVEm0pfM,65836,193,0,0
2025-11-26 07:40:39,XZ1FhU9XeEc,118860,1679,0,230
2025-11-26 07:40:39,gYEhRoknpZQ,102310,921,0,168
2025-11-26 07:40:39,x_RYZsOfpKY,10552388,263225,0,16639
2025-11-26 07:40:39,eHmQ_b0LkUA,319017,79711,0,3117
2025-11-26 07:40:39,4Ddbjkyy2C0,119543,838,0,0
2025-11-26 07:40:39,yxXNIzrfPNQ,87246,5838,0,786
2025-11-26 07:40:39,6hIKI8RZ1ys,419172,6929,0,18
2025-11-26 07:40:39,LUQ28DBF7EU,156555,3809,0,314
2025-11-26 07:40:39,e0okJjgNTl0,290922,2706,0,5
2025-11-26 07:40:39,KDC-EOsNzAg,131817,20558,0,563
2025-11-26 07:40:39,IW14wQJKSC4,91423,3945,0,146
2025-11-26 07:40:39,G_3xr5desOo,71094,2550,0,101
2025-11-26 07:40:39,Gln8wDtITJ4,26938,1868,0,165
2025-11-26 07:40:39,SWdjfMIkQCg,145673,2110,0,156
2025-11-26 07:40:39,TVqEwvbZP30,2473558,96655,0,8461
2025-11-26 07:40:39,oslNxV_8Q2c,246604,10454,0,117
2025-11-26 07:40:39,vIUORnIS_ug,178685,10719,0,873
2025-11-26 07:40:39,BDxXPvOdz50,145395,2327,0,614
2025-11-26 07:40:39,Aj8AmqTQkAs,90716,1105,0,58
2025-11-26 07:40:39,x15pDRtzYno,110913,1471,0,185
2025-11-26 07:40:39,DG4ax7ec64o,599538,7089,0,312
2025-11-26 07:40:39,llAI08UYyAw,2268691,327140,0,10412
2025-11-26 07:40:39,7bqePXphj2g,216971,16651,0,1464
2025-11-26 07:40:39,xcqjxAXsbHU,522351,26526,0,1169
2025-11-26 07:40:39,A3Ki9cI9T9w,60544,1703,0,411
2025-11-26 07:40:39,fCDvm0Y3qkw,267121,14660,0,129
2025-11-26 07:40:39,IcWvUlwcKAI,8791,1817,0,142
2025-11-26 07:40:39,xx3ZTvOhNoM,200913,7728,0,50
2025-11-26 07:40:39,koeM_jz4CdM,354140,13792,0,1424
2025-11-26 07:40:39,ANU0lVGfWyo,339479,30311,0,2228
2025-11-26 07:40:39,cBPtIHuFa_o,67505,2965,0,345
2025-11-26 07:40:39,4Xt_hR0KNvY,122828,10817,0,2036
2025-11-26 07:40:39,hn17tmdaAzQ,651328,6237,0,64
2025-11-26 07:40:39,BsyEN86cR0U,222730,7042,0,60
2025-11-26 07:40:39,oLY17RG3OMI,258425,4630,0,272
2025-11-26 07:40:39,JUYQapYmw74,120446,1402,0,3
2025-11-26 07:40:39,eWetBwa4vVI,19301,1657,0,109
2025-11-26 07:40:39,24VDsNgWNfw,80413,425,0,1
2025-11-26 07:40:39,xZFWSWcQ3As,103742,1177,0,77
2025-11-26 07:40:39,yRhin7unPeI,162004,4870,0,454
2025-11-26 07:40:39,taSKSaq5qh8,247768,4085,0,37
2025-11-26 07:40:39,snH3HQSF7Ew,235359,3872,0,684
2025-11-26 07:40:39,599nhYHHvQo,,840,0,0
2025-11-26 07:40:39,CZP11p3DklQ,11719,1151,0,71
2025-11-26 07:40:39,4-6IONBWRMQ,104522,1650,0,33
2025-11-26 07:40:39,Zvh5BE2Guik,242651,10591,0,151
2025-11-26 07:40:39,XILnJKGc0yo,129834,17207,0,3025
2025-11-26 07:40:39,BNWYJZp2CbQ,46659,432,0,22
2025-11-26 07:40:39,Yy2ZovGi-Uk,347276,9332,0,139
2025-11-26 07:40:39,ygIwtR2txaw,256310,10111,0,246
2025-11-26 07:40:39,fiSsGbfus6I,217423,1815,0,1136
2025-11-26 07:40:39,KSha-fc5EhA,93034,521,0,0
2025-11-26 07:40:39,iKVcCmyqoik,74774,5200,0,202
2025-11-26 07:40:39,z-aco1hi0Iw,125395,1561,0,251
2025-11-26 07:40:39,D8gbtByJSI8,76966,372,0,1
2025-11-26 07:40:39,miySB69T1xw,259707,9399,0,392
2025-11-26 07:40:39,qEGsMTo-adg,17428,1622,0,197
2025-11-26 07:40:39,ayjRv2g2UqY,616069,19383,0,793
2025-11-26 07:40:39,9XNqe5r8xHI,428357,6005,0,26
2025-11-26 07:40:39,IftQ9zQ06-0,103523,1728,0,229
2025-11-26 07:40:39,UfVkyXaTGcs,183564,4883,0,101
2025-11-26 07:40:39,6L7xTio0QyY,75087,5000,0,483
2025-11-26 07:40:39,l57EJ_eLsIc,141540,1424,0,562
2025-11-26 07:40:39,HIE0fSPuvLY,167502,810,0,20
2025-11-26 07:40:39,nbzmTUB-FCs,17382,1259,0,191
2025-11-26 07:40:39,j-4AHlLg9XA,,104,0,0
2025-11-26 07:40:39,XtTT5XdZVpw,107731,4436,0,213
2025-11-26 07:40:39,QJpTBz916MI,997860,104870,0,2849
2025-11-26 07:40:39,BT4XRgmCjjQ,210125,,0,33
2025-11-26 07:40:39,LxMaia85m5Y,155755,3426,0,153
2025-11-26 07:40:39,PwaldW6SXwE,15386,1925,0,180
2025-11-26 07:40:39,7gDl4S3wB14,467131,8132,0,795
2025-11-26 07:40:39,tk9FDjJd6zM,31414,623,0,72
2025-11-26 07:40:39,wUGh03rLZbY,115253,3655,0,257
2025-11-26 07:40:39,dqMImJF-rgA,113093,3696,0,321
2025-11-26 07:40:39,k1yXf4L5bnc,108037,2647,0,150
2025-11-26 07:40:39,QebVV6D641k,223011,1168,0,755
2025-11-26 07:40:39,Pzqzy2ZIcLI,169162,9375,0,46
2025-11-26 07:40:39,04-csl0RRJc,53813,1036,0,258
2025-11-26 07:40:39,tmVYOETfA10,40064,3154,0,86
2025-11-26 07:40:39,ex7ieF2B09A,196668,3232,0,173
2025-11-26 07:40:39,OWpLhNyqeqg,59376,4421,0,418
2025-11-26 07:40:39,HP8qpxRpIW8,430185,23763,0,869
2025-11-26 07:40:39,dmBAMwBBxoM,69468,2992,0,311
2025-11-26 07:40:39,IZ9kqxCDvAs,670407,29034,0,1928
2025-11-26 07:40:39,qJvjFBhQ6vQ,163144,2126,0,61
2025-11-26 07:40:39,5ftlnz91DaM,143981,9275,0,469
2025-11-26 07:40:39,ScutqxM3z_s,93818,5903,0,358
2025-11-26 07:40:39,dhzVHS8C_nc,82158,480,0,0
2025-11-26 07:40:39,nDeKfR5iBxY,773202,36538,0,1387
2025-11-26 07:40:39,ZXrcsNlbtgs,104982,912,0,0
2025-11-26 07:40:39,hXKJ0gHYQ6E,48558,265,0,19
2025-11-26 07:40:39,ST05E_5kn2E,174083,3532,0,274
2025-11-26 07:40:39,KO6gxf8vXJQ,228865,526,0,1
2025-11-26 07:40:39,GxXpkps21Kc,300940,12979,0,227
2025-11-26 07:40:39,MRYXsF2lblY,176569,17571,0,964
2025-11-26 07:40:39,0-74AHbFWic,143043,11471,0,623
2025-11-26 07:40:39,I9U5JRfZ4bA,30288,898,0,148
2025-11-26 07:40:39,9SaAfQ6eACQ,57872,903,0,204
2025-11-26 07:40:39,G7eh40XgTiw,64788,1046,0,140
2025-11-26 07:40:39,3rGi2kiSzkA,36607,2208,0,105
2025-11-26 07:40:39,SdVBuVm_Sw8,,700,0,0
2025-11-26 07:40:39,h09ng9lTOEM,168195,1510,0,8
2025-11-26 07:40:39,SnCG-_lf74w,446203,15570,0,832
2025-11-26 07:40:39,DSPV0RT3BJI,66998,,0,
2025-11-26 07:40:39,m0HhR1k9JEw,87628,198,0,4
2025-11-26 07:40:39,cVL4bRjA6X0,347372,34579,0,1273
2025-11-26 07:40:39,I52yC34Ji2k,47312,12441,0,720
2025-11-26 07:40:39,dx4XsqUGm10,155400,17140,0,1293
2025-11-26 07:40:39,UFozBQrnmII,778539,25139,0,417
2025-11-26 07:40:39,6ixvIIIxwlk,103654,1070,0,0
2025-11-26 07:40:39,S3Q33-4q1xo,103289,1223,0,79
2025-11-26 07:40:39,kuetvJE_C_U,150715,3965,0,66
2025-11-26 07:40:39,FFXSoSl_lGg,105433,4801,0,173
2025-11-26 07:40:39,uQc-pW3QLuI,6871104,124284,0,5152
2025-11-26 07:40:39,qIXl45sU0wk,117805,2768,0,24
2025-11-26 07:40:39,NIGA89HGTBU,242367,15938,0,801
2025-11-26 07:40:39,2HwsSTLuA8A,140264,4083,0,455
2025-11-26 07:40:39,HQdJ8dMeCHM,94278,633,0,1353
2025-11-26 07:40:39,MarWse2JmWU,287468,3296,0,24
2025-11-26 07:40:39,6mP-mEHEQcw,197135,9264,0,1282
2025-11-26 07:40:39,TAL-HXKac80,3090603,73101,0,2430
2025-11-26 07:40:39,cl-BT6bDxEI,105473,3075,0,181
2025-11-26 07:40:39,s5dFrPwvbHY,162122,27921,0,1430
2025-11-26 07:40:39,aHKMl9HVqZQ,102948,3494,0,314
2025-11-26 07:40:39,zLfnSXg0jKg,106234,2913,0,130
2025-11-26 07:40:39,xuL1CDdhsOg,211159,2080,0,1
2025-11-26 07:40:39,dolefeooLzc,331605,5402,0,347
2025-11-26 07:40:39,7SoVjT-0Rhw,24316,1692,0,243
2025-11-26 07:40:39,sgi_eji-ysM,268885,5395,0,66
2025-11-26 07:40:39,JrI4_jUZe98,153769,34118,0,1558
2025-11-26 07:40:39,AmQXv7Pyqvw,72543,937,0,10
2025-11-26 07:40:39,VhzqSrscVP8,139860,5850,0,404
2025-11-26 07:40:39,81QYAxvO3Ik,168069,18220,0,1162
2025-11-26 07:40:39,4l9Ni3tjbwM,1064091,12063,0,122
2025-11-26 07:40:39,8j4RM-bBYvA,18932,1192,0,405
2025-11-26 07:40:39,fiG_T-0zFT8,465679,29684,0,1427
2025-11-26 07:40:39,QRTGKxrKBPM,425287,38107,0,987
2025-11-26 07:40:39,2NKK6Mg27XI,177995,12975,0,444
2025-11-26 07:40:39,zupf7Kwx6v4,138243,2738,0,174
2025-11-26 07:40:39,tXJJhKobuas,139696,2079,0,136
2025-11-26 07:40:39,gSXQd_5ht0E,533869,22011,0,1023
2025-11-26 07:40:39,vpXtzSpyV_8,2651473,19018,0,987
2025-11-26 07:40:39,G36amiUCkXU,294614,24344,0,4335
2025-11-26 07:40:39,WGyadbTx8bs,258273,10147,0,921
2025-11-26 07:40:39,YMxjZF3gtoM,256144,12886,0,753
2025-11-26 07:40:39,xjUPVppl1DI,346036,7710,0,338
2025-11-26 07:40:39,lUHLwBOY04I,147456,15513,0,315
2025-11-26 07:40:39,NkHjY_EaCgY,67902,1317,0,92
2025-11-26 07:40:39,PJyQaQosJpk,73739,846,0,13
2025-11-26 07:40:39,a72dN8ZWPWg,109794,2605,0,1692
2025-11-26 07:40:39,ITQYMtkP23E,289677,1385,0,0
2025-11-26 07:40:39,VXsWwTTgt78,253294,11805,0,73
2025-11-26 07:40:39,PtSwg--FueA,126801,1190,0,361
2025-11-26 07:40:39,uOZRP1-dvhA,210516,2136,0,166
2025-11-26 07:40:39,_6xcFXlJcX8,104187,1149,0,35
2025-11-26 07:40:39,WsLcF1ojgFU,38359,2754,0,396
2025-11-26 07:40:39,tPMkWfK6N-E,101107,9664,0,483
2025-11-26 07:40:39,j-8vLi2sMg0,32745,4556,0,69
2025-11-26 07:40:39,-3TOkp_6gRQ,484819,9207,0,85
2025-11-26 07:40:39,dCmNVtLsYzA,184744,9300,0,533
2025-11-26 07:40:39,u66QoyjtANg,141119,1100,0,0
2025-11-26 07:40:39,j6TnwWfuf-I,67359,1690,0,99
2025-11-26 07:40:39,b9z3Iaz5Zrc,21884,2616,0,209
2025-11-26 07:40:39,NED7nev2ywQ,37236605,1319305,0,127730
2025-11-26 07:40:39,kCnD_dMyJ3M,67948,2482,0,0
2025-11-26 07:40:39,jRgzfKDTI7g,446171,11242,0,341
2025-11-26 07:40:39,U7wDhVWgd5w,51833,1094,0,6
2025-11-26 07:40:39,Gth1zEFH2TM,70560,1673,0,47
2025-11-26 07:40:39,GJMOK14mB2c,92587,2447,0,138
2025-11-26 07:40:39,IW_KV5nqWRI,41169,222,0,7
2025-11-27 07:38:48,-3TOkp_6gRQ,490251,9256,0,88
2025-11-27 07:38:48,Em805jfRVXs,250994,4762,0,558
2025-11-27 07:38:48,lUHLwBOY04I,165685,16710,0,336
2025-11-27 07:38:48,BT4XRgmCjjQ,214179,,0,35
2025-11-27 07:38:48,u66QoyjtANg,141307,1096,0,0
2025-11-27 07:38:48,tk9FDjJd6zM,36859,696,0,78
2025-11-27 07:38:48,hn17tmdaAzQ,696274,6489,0,104
2025-11-27 07:38:48,kSmHmdAnDYc,204359,6150,0,775
2025-11-27 07:38:48,CO0MSU3fqAQ,11888,1956,0,113
2025-11-27 07:38:48,F2B4VITJfb0,86831,1924,0,237
2025-11-27 07:38:48,tmVYOETfA10,57086,3577,0,89
2025-11-27 07:38:48,3rGi2kiSzkA,48932,2602,0,109
2025-11-27 07:38:48,55xYiuSAp5c,299071,4581,0,19
2025-11-27 07:38:48,ST05E_5kn2E,243257,4604,0,320
2025-11-27 07:38:48,IrxoY7JdJY0,121504,,0,30
2025-11-27 07:38:48,DSPV0RT3BJI,81113,,0,
2025-11-27 07:38:48,DyINvuS9P34,154204,2257,0,49
2025-11-27 07:38:48,hXKJ0gHYQ6E,48766,266,0,20
2025-11-27 07:38:48,Zvh5BE2Guik,252744,10745,0,194
2025-11-27 07:38:48,xjUPVppl1DI,579541,10302,0,432
2025-11-27 07:38:48,5ftlnz91DaM,162929,9919,0,488
2025-11-27 07:38:48,QJpTBz916MI,1058782,107030,0,2895
2025-11-27 07:38:48,w32-xwPxDFk,13016,1031,0,55
2025-11-27 07:38:48,_6xcFXlJcX8,110277,1211,0,35
2025-11-27 07:38:48,dqMImJF-rgA,134534,3968,0,341
2025-11-27 07:38:48,oWv2PwrJkTM,215845,11190,0,109
2025-11-27 07:38:48,T8w3L1rS3o4,46404,3111,0,89
2025-11-27 07:38:48,tLBq_jH5FDI,82674,1381,0,146
2025-11-27 07:38:48,rOZV4RZrA3A,203324,2089,0,6
2025-11-27 07:38:48,Aj8AmqTQkAs,97607,1165,0,59
2025-11-27 07:38:48,2HwsSTLuA8A,143233,4129,0,457
2025-11-27 07:38:48,81QYAxvO3Ik,192933,19202,0,1210
2025-11-27 07:38:48,6hIKI8RZ1ys,419542,6925,0,18
2025-11-27 07:38:48,l57EJ_eLsIc,179645,1570,0,605
2025-11-27 07:38:48,yxXNIzrfPNQ,104514,6112,0,821
2025-11-27 07:38:48,LcpCd9VXGjE,333840,1573,0,0
2025-11-27 07:38:48,DOmdfYIPBXE,339014,3092,0,87
2025-11-27 07:38:48,P0OLVEm0pfM,66075,194,0,0
2025-11-27 07:38:48,ScutqxM3z_s,185581,8171,0,463
2025-11-27 07:38:48,SnCG-_lf74w,825141,21688,0,1028
2025-11-27 07:38:48,7gDl4S3wB14,498610,8398,0,822
2025-11-27 07:38:48,UFozBQrnmII,794229,25343,0,423
2025-11-27 07:38:48,MRYXsF2lblY,206276,18625,0,1020
2025-11-27 07:38:48,taSKSaq5qh8,251620,4107,0,38
2025-11-27 07:38:48,599nhYHHvQo,,838,0,0
2025-11-27 07:38:48,b1OwvLh8HnU,15719,334,0,7
2025-11-27 07:38:48,NED7nev2ywQ,39266330,1342719,0,131141
2025-11-27 07:38:48,AfKzB2lXo7I,4038,408,0,33
2025-11-27 07:38:48,koeM_jz4CdM,385395,14656,0,1476
2025-11-27 07:38:48,Bj6tJxDPzoY,193155,9289,0,284
2025-11-27 07:38:48,WVVv8Uyok_U,74608,3909,0,705
2025-11-27 07:38:48,NkHjY_EaCgY,113203,1726,0,105
2025-11-27 07:38:48,cBPtIHuFa_o,94298,3668,0,378
2025-11-27 07:38:48,KO6gxf8vXJQ,228922,526,0,1
2025-11-27 07:38:48,A3Ki9cI9T9w,101008,2300,0,584
2025-11-27 07:38:48,STXcQAmoLPU,133392,1367,0,1
2025-11-27 07:38:48,2j2jXv6Juxc,125234,1989,0,76
2025-11-27 07:38:48,qJvjFBhQ6vQ,184808,2278,0,69
2025-11-27 07:38:48,W3eUZa56o0s,223073,3873,0,1506
2025-11-27 07:38:48,Lj1Qi3-zQgg,18271,3680,0,137
2025-11-27 07:38:48,GJMOK14mB2c,110932,2726,0,143
2025-11-27 07:38:48,ygIwtR2txaw,286257,10811,0,258
2025-11-27 07:38:48,SWdjfMIkQCg,158044,2195,0,164
2025-11-27 07:38:48,BNWYJZp2CbQ,48410,450,0,22
2025-11-27 07:38:48,nbzmTUB-FCs,21091,1308,0,192
2025-11-27 07:38:48,9SaAfQ6eACQ,75773,1065,0,209
2025-11-27 07:38:48,YMxjZF3gtoM,293722,13883,0,790
2025-11-27 07:38:48,uOZRP1-dvhA,230333,2340,0,172
2025-11-27 07:38:48,CZP11p3DklQ,88047,3153,0,134
2025-11-27 07:38:48,dIPZHyTBFz0,176552,2049,0,255
2025-11-27 07:38:48,vIUORnIS_ug,320733,13572,0,1030
2025-11-27 07:38:48,jRgzfKDTI7g,472615,11688,0,348
2025-11-27 07:38:48,OeMmb--HE6k,160953,4364,0,56
2025-11-27 07:38:48,U7wDhVWgd5w,52051,1098,0,7
2025-11-27 07:38:48,DG4ax7ec64o,668041,7915,0,329
2025-11-27 07:38:48,wUGh03rLZbY,123245,3795,0,259
2025-11-27 07:38:48,pzLTGAwn0a4,36771,5680,0,444
2025-11-27 07:38:48,4Xt_hR0KNvY,159414,12460,0,2337
2025-11-27 07:38:48,S3Q33-4q1xo,110920,1292,0,84
2025-11-27 07:38:48,LxMaia85m5Y,195729,3799,0,170
2025-11-27 07:38:48,BsyEN86cR0U,239524,7342,0,74
2025-11-27 07:38:48,IW14wQJKSC4,101085,4086,0,148
2025-11-27 07:38:48,6kWw9Nn4dIY,127358,6012,0,349
2025-11-27 07:38:48,JkKNqaEl9Aw,301929,20110,0,1790
2025-11-27 07:38:48,OEcTbxi57lE,13510,3041,0,121
2025-11-27 07:38:48,GxXpkps21Kc,304085,13049,0,229
2025-11-27 07:38:48,SdVBuVm_Sw8,,699,0,0
2025-11-27 07:38:48,D8gbtByJSI8,77211,369,0,2
2025-11-27 07:38:48,8j4RM-bBYvA,25673,1253,0,452
2025-11-27 07:38:48,qFdZAyr_xmw,178987,4735,0,657
2025-11-27 07:38:48,Gth1zEFH2TM,101077,2091,0,50
2025-11-27 07:38:48,nzbbL07maKA,116219,6410,0,262
2025-11-27 07:38:48,fiG_T-0zFT8,521932,30646,0,1439
2025-11-27 07:38:48,04-csl0RRJc,55789,1052,0,269
2025-11-27 07:38:48,8gAg9uDn2Oo,281303,11204,0,448
2025-11-27 07:38:48,2NKK6Mg27XI,228218,14918,0,473
2025-11-27 07:38:48,HP8qpxRpIW8,734267,31425,0,967
2025-11-27 07:38:48,7bqePXphj2g,256650,18059,0,1552
2025-11-27 07:38:48,WsLcF1ojgFU,45373,2924,0,414
2025-11-27 07:38:48,eHmQ_b0LkUA,426142,91347,0,3246
2025-11-27 07:38:48,vQpF9mIiYFU,11732,285,0,22
2025-11-27 07:38:48,tPMkWfK6N-E,110998,10055,0,505
2025-11-27 07:38:48,KDC-EOsNzAg,158546,22859,0,600
2025-11-27 07:38:48,3-caLm2c1XI,118867,3736,0,475
2025-11-27 07:38:48,x_RYZsOfpKY,12168943,294400,0,17707
2025-11-27 07:38:48,StcmgD_0aRI,120153,9441,0,2412
2025-11-27 07:38:48,ZXrcsNlbtgs,105020,911,0,0
2025-11-27 07:38:48,eLCjlEYBN3U,293200,12781,0,982
2025-11-27 07:38:48,sgi_eji-ysM,272784,5433,0,67
2025-11-27 07:38:48,CvGT2o7-_ZA,80313,1535,0,12
2025-11-27 07:38:48,dCmNVtLsYzA,198883,9746,0,552
2025-11-27 07:38:48,I52yC34Ji2k,270052,39191,0,1517
2025-11-27 07:38:48,Am2ElEWNvTY,43015,2792,0,164
2025-11-27 07:38:48,VhzqSrscVP8,150232,6044,0,411
2025-11-27 07:38:48,cl-BT6bDxEI,120708,3336,0,191
2025-11-27 07:38:48,nDeKfR5iBxY,848877,39667,0,1435
2025-11-27 07:38:48,Kc7TkgWiWrc,27160,949,0,35
2025-11-27 07:38:48,IcWvUlwcKAI,9653,1910,0,149
2025-11-27 07:38:48,Pzqzy2ZIcLI,171133,9449,0,48
2025-11-27 07:38:48,j-8vLi2sMg0,67570,6552,0,83
2025-11-27 07:38:48,IftQ9zQ06-0,134583,1972,0,275
2025-11-27 07:38:48,LUQ28DBF7EU,163031,3904,0,319
2025-11-27 07:38:48,TAL-HXKac80,3506958,77202,0,2607
2025-11-27 07:38:48,Gln8wDtITJ4,39524,2657,0,213
2025-11-27 07:38:48,b9z3Iaz5Zrc,101862,5728,0,303
2025-11-27 07:38:48,vQ_NFqtGDgo,139793,23403,0,901
2025-11-27 07:38:48,oVwGURkvEq4,144645,1767,0,660
2025-11-27 07:38:48,v55qDr_jJFA,24472,1715,0,109
2025-11-27 07:38:48,KC0-vIj7piY,224050,18254,0,233
2025-11-27 07:38:48,fCDvm0Y3qkw,298336,15440,0,180
2025-11-27 07:38:48,aHKMl9HVqZQ,134772,4182,0,334
2025-11-27 07:38:48,uQc-pW3QLuI,7048938,126322,0,5184
2025-11-27 07:38:48,iKVcCmyqoik,107019,5834,0,223
2025-11-27 07:38:48,fiSsGbfus6I,303316,2087,0,1249
2025-11-27 07:38:48,z-aco1hi0Iw,151848,1723,0,258
2025-11-27 07:38:48,e0okJjgNTl0,292805,2709,0,6
2025-11-27 07:38:48,tdYPGxusaYs,22215,2124,0,132
2025-11-27 07:38:48,tXJJhKobuas,193919,2654,0,148
2025-11-27 07:38:48,MarWse2JmWU,288142,3292,0,24
2025-11-27 07:38:48,4oml768wFnk,44144,3205,0,162
2025-11-27 07:38:48,yRhin7unPeI,176738,5168,0,466
2025-11-27 07:38:48,dhzVHS8C_nc,82179,480,0,1
2025-11-27 07:38:48,L6tkKvVCs0Y,347778,13261,0,581
2025-11-27 07:38:48,dolefeooLzc,379298,5850,0,374
2025-11-27 07:38:48,jvrrjeAYtzs,76155,232,0,0
2025-11-27 07:38:48,s5dFrPwvbHY,201629,30832,0,1475
2025-11-27 07:38:48,FFXSoSl_lGg,119026,5018,0,177
2025-11-27 07:38:48,9jrVtT2nPgQ,23624,3859,0,95
2025-11-27 07:38:48,4l9Ni3tjbwM,1065021,12111,0,125
2025-11-27 07:38:48,h09ng9lTOEM,168513,1509,0,8
2025-11-27 07:38:48,BFaHdJVDmXY,66684,4092,0,173
2025-11-27 07:38:48,j-4AHlLg9XA,,104,0,0
2025-11-27 07:38:48,gYEhRoknpZQ,108387,945,0,168
2025-11-27 07:38:48,0-74AHbFWic,154402,11761,0,626
2025-11-27 07:38:48,miySB69T1xw,445818,12548,0,471
2025-11-27 07:38:48,ANU0lVGfWyo,447098,33875,0,2348
2025-11-27 07:38:48,bZ2eyQcJ49o,139207,2518,0,360
2025-11-27 07:38:48,QebVV6D641k,232240,1209,0,787
2025-11-27 07:38:48,qIXl45sU0wk,121766,2807,0,26
2025-11-27 07:38:48,1wRkbauiGU8,92312,2357,0,147
2025-11-27 07:38:48,G7eh40XgTiw,84836,1182,0,170
2025-11-27 07:38:48,ITQYMtkP23E,290537,1378,0,0
2025-11-27 07:38:48,Caa-UHhl8Gw,88263,2617,0,200
2025-11-27 07:38:48,zLfnSXg0jKg,117272,3127,0,135
2025-11-27 07:38:48,xZFWSWcQ3As,109695,1227,0,78
2025-11-27 07:38:48,hcJEQXJIALo,21959,3362,0,525
2025-11-27 07:38:48,5-o_tvuKSfM,40221,3120,0,135
2025-11-27 07:38:48,BDxXPvOdz50,157727,2435,0,640
2025-11-27 07:38:48,24VDsNgWNfw,81097,428,0,1
2025-11-27 07:38:48,XZ1FhU9XeEc,142095,1936,0,248
2025-11-27 07:38:48,BiiDN0zgJ2Q,95182,723,0,0
2025-11-27 07:38:48,m0HhR1k9JEw,87645,196,0,5
2025-11-27 07:38:48,IZ9kqxCDvAs,773526,30951,0,2027
2025-11-27 07:38:48,4Ddbjkyy2C0,119634,836,0,0
2025-11-27 07:38:48,kuetvJE_C_U,150838,3976,0,66
2025-11-27 07:38:48,VWg0218G38c,84420,1021,0,188
2025-11-27 07:38:48,eWetBwa4vVI,34058,2388,0,139
2025-11-27 07:38:48,Yy2ZovGi-Uk,350670,9376,0,144
2025-11-27 07:38:48,vpXtzSpyV_8,4598192,21456,0,1081
2025-11-27 07:38:48,C3jcxlsPYLE,188363,9454,0,67
2025-11-27 07:38:48,kux5GmbZhVg,13857,890,0,19
2025-11-27 07:38:48,PtSwg--FueA,152182,1293,0,376
2025-11-27 07:38:48,9XNqe5r8xHI,435218,6065,0,26
2025-11-27 07:38:48,x15pDRtzYno,134233,1623,0,194
2025-11-27 07:38:48,6ixvIIIxwlk,104530,1064,0,0
2025-11-27 07:38:48,I9U5JRfZ4bA,33173,939,0,152
2025-11-27 07:38:48,TVqEwvbZP30,7776355,106562,0,10434
2025-11-27 07:38:48,BM13CSsDrV8,11102,476,0,0
2025-11-27 07:38:48,Iz7mRKij2ao,8298,565,0,23
2025-11-27 07:38:48,0GICIe0Tgf8,13569,967,0,30
2025-11-27 07:38:48,kCnD_dMyJ3M,85206,2646,0,0
2025-11-27 07:38:48,IW_KV5nqWRI,42142,226,0,11
2025-11-27 07:38:48,oLY17RG3OMI,285839,4997,0,283
2025-11-27 07:38:48,xx3ZTvOhNoM,221790,8029,0,81
2025-11-27 07:38:48,qUgLxkENl6c,91403,6445,0,320
2025-11-27 07:38:48,UF4n5zmzx9A,218092,5180,0,268
2025-11-27 07:38:48,S0UEqkus7FA,292459,11968,0,196
2025-11-27 07:38:48,G36amiUCkXU,409823,27259,0,5080
2025-11-27 07:38:48,XILnJKGc0yo,216337,19951,0,3525
2025-11-27 07:38:48,6oS55kztPlE,17340,1007,0,30
2025-11-27 07:38:48,w0ZQp2CmHHw,107954,2013,0,196
2025-11-27 07:38:48,vMg1KAFAKiY,1048218,172941,0,9218
2025-11-27 07:38:48,-dfR8iYqwK4,197856,3440,0,492
2025-11-27 07:38:48,QRTGKxrKBPM,489524,39953,0,1010
2025-11-27 07:38:48,ex7ieF2B09A,241758,3815,0,194
2025-11-27 07:38:48,dmBAMwBBxoM,153457,4558,0,378
2025-11-27 07:38:48,XtTT5XdZVpw,116343,4607,0,217
2025-11-27 07:38:48,WGyadbTx8bs,349540,12470,0,1042
2025-11-27 07:38:48,ineS6XL0vc8,75299,2016,0,75
2025-11-27 07:38:48,a72dN8ZWPWg,143099,3206,0,1789
2025-11-27 07:38:48,AmQXv7Pyqvw,72774,940,0,10
2025-11-27 07:38:48,zupf7Kwx6v4,143966,2795,0,175
2025-11-27 07:38:48,PJyQaQosJpk,75842,845,0,15
2025-11-27 07:38:48,NIGA89HGTBU,1545559,26073,0,1013
2025-11-27 07:38:48,llAI08UYyAw,2878583,351316,0,10766
2025-11-27 07:38:48,j6TnwWfuf-I,96115,2087,0,116
2025-11-27 07:38:48,dx4XsqUGm10,194476,18141,0,1352
2025-11-27 07:38:48,G_3xr5desOo,103773,3138,0,117
2025-11-27 07:38:48,JUYQapYmw74,120961,1400,0,3
2025-11-27 07:38:48,jWFQ3A1Dtdg,287685,12227,0,1249
2025-11-27 07:38:48,f8aS4qwuO7k,146494,8562,0,73
2025-11-27 07:38:48,7SoVjT-0Rhw,30215,1799,0,264
2025-11-27 07:38:48,4-6IONBWRMQ,108453,1706,0,33
2025-11-27 07:38:48,UfVkyXaTGcs,203847,5188,0,105
2025-11-27 07:38:48,HIE0fSPuvLY,167545,811,0,20
2025-11-27 07:38:48,ayjRv2g2UqY,825531,20121,0,808
2025-11-27 07:38:48,xuL1CDdhsOg,211308,2076,0,1
2025-11-27 07:38:48,JrI4_jUZe98,377855,63700,0,2113
2025-11-27 07:38:48,6L7xTio0QyY,101406,5145,0,497
2025-11-27 07:38:48,SzFd7Tmq7pU,177520,9633,0,34
2025-11-27 07:38:48,k1yXf4L5bnc,114699,2766,0,153
2025-11-27 07:38:48,Rc8f268ueOE,204659,1826,0,418
2025-11-27 07:38:48,KSha-fc5EhA,93160,520,0,0
2025-11-27 07:38:48,OWpLhNyqeqg,76041,4773,0,427
2025-11-27 07:38:48,VXsWwTTgt78,256803,11881,0,73
2025-11-27 07:38:48,PwaldW6SXwE,25444,2475,0,229
2025-11-27 07:38:48,ES9oYbzYCh8,293118,45644,0,1506
2025-11-27 07:38:48,_o05ucPBD7g,67823,1329,0,69
2025-11-27 07:38:48,HQdJ8dMeCHM,118791,711,0,1532
2025-11-27 07:38:48,snH3HQSF7Ew,244724,3957,0,702
2025-11-27 07:38:48,xcqjxAXsbHU,574036,27348,0,1191
2025-11-27 07:38:48,gSXQd_5ht0E,998951,23157,0,1040
2025-11-27 07:38:48,oslNxV_8Q2c,248763,10513,0,118
2025-11-27 07:38:48,cVL4bRjA6X0,409359,36886,0,1333
2025-11-27 07:38:48,qEGsMTo-adg,23145,1814,0,219
2025-11-27 07:38:48,6mP-mEHEQcw,253333,10383,0,1373
2025-11-26 06:33:02,9XNqe5r8xHI,428131,6004,0,26
2025-11-26 06:33:02,IW_KV5nqWRI,41119,222,0,7
2025-11-26 06:33:02,2NKK6Mg27XI,176188,12832,0,437
2025-11-26 06:33:02,vIUORnIS_ug,162541,10141,0,840
2025-11-26 06:33:02,fiG_T-0zFT8,464886,29649,0,1427
2025-11-26 06:33:02,cVL4bRjA6X0,343845,34403,0,1267
2025-11-26 06:33:02,zupf7Kwx6v4,138153,2736,0,174
2025-11-26 06:33:02,taSKSaq5qh8,247609,4085,0,37
2025-11-26 06:33:02,5ftlnz91DaM,143579,9247,0,468
2025-11-26 06:33:02,Yy2ZovGi-Uk,347168,9330,0,139
2025-11-26 06:33:02,0-74AHbFWic,142882,11461,0,623
2025-11-26 06:33:02,IW14wQJKSC4,91337,3942,0,146
2025-11-26 06:33:02,x15pDRtzYno,110752,1460,0,184
2025-11-26 06:33:02,7bqePXphj2g,215989,16591,0,1457
2025-11-26 06:33:02,dqMImJF-rgA,112984,3666,0,320
2025-11-26 06:33:02,SWdjfMIkQCg,145466,2104,0,154
2025-11-26 06:33:02,j-8vLi2sMg0,31780,4446,0,70
2025-11-26 06:33:02,XILnJKGc0yo,127979,16881,0,2993
2025-11-26 06:33:02,ex7ieF2B09A,195731,3213,0,173
2025-11-26 06:33:02,4Xt_hR0KNvY,122078,10748,0,2016
2025-11-26 06:33:02,MRYXsF2lblY,175826,17524,0,960
2025-11-26 06:33:02,PJyQaQosJpk,73606,843,0,12
2025-11-26 06:33:02,SdVBuVm_Sw8,,700,0,0
2025-11-26 06:33:02,j6TnwWfuf-I,66589,1642,0,98
2025-11-26 06:33:02,xuL1CDdhsOg,211158,2080,0,1
2025-11-26 06:33:02,LUQ28DBF7EU,156400,3802,0,313
2025-11-26 06:33:02,DOmdfYIPBXE,323070,2970,0,86
2025-11-26 06:33:02,W3eUZa56o0s,211144,3747,0,1460
2025-11-26 06:33:02,G7eh40XgTiw,64425,1031,0,140
2025-11-26 06:33:02,lUHLwBOY04I,146941,15467,0,312
2025-11-26 06:33:02,oslNxV_8Q2c,246538,10454,0,117
2025-11-26 06:33:02,dmBAMwBBxoM,67412,2831,0,299
2025-11-26 06:33:02,aHKMl9HVqZQ,101838,3451,0,308
2025-11-26 06:33:02,599nhYHHvQo,,840,0,0
2025-11-26 06:33:02,S3Q33-4q1xo,103172,1223,0,79
2025-11-26 06:33:02,HP8qpxRpIW8,422782,23360,0,867
2025-11-26 06:33:02,h09ng9lTOEM,168195,1510,0,8
2025-11-26 06:33:02,dCmNVtLsYzA,182738,9261,0,533
2025-11-26 06:33:02,UfVkyXaTGcs,183040,4851,0,101
2025-11-26 06:33:02,kuetvJE_C_U,150686,3964,0,66
2025-11-26 06:33:02,YMxjZF3gtoM,255187,12863,0,751
2025-11-26 06:33:02,BNWYJZp2CbQ,46614,432,0,21
2025-11-26 06:33:02,WGyadbTx8bs,257313,10100,0,916
2025-11-26 06:33:02,BsyEN86cR0U,221865,6990,0,59
2025-11-26 06:33:02,LxMaia85m5Y,154064,3394,0,153
2025-11-26 06:33:02,cl-BT6bDxEI,104895,3042,0,181
2025-11-26 06:33:02,nbzmTUB-FCs,17375,1252,0,191
2025-11-26 06:33:02,A3Ki9cI9T9w,57956,1602,0,388
2025-11-26 06:33:02,dhzVHS8C_nc,82156,480,0,0
2025-11-26 06:33:02,7gDl4S3wB14,466829,8101,0,795
2025-11-26 06:33:02,4oml768wFnk,37398,3091,0,159
2025-11-26 06:33:02,U7wDhVWgd5w,51809,1094,0,6
2025-11-26 06:33:02,IftQ9zQ06-0,102624,1713,0,227
2025-11-26 06:33:02,HQdJ8dMeCHM,93137,625,0,1330
2025-11-26 06:33:02,QRTGKxrKBPM,424449,38012,0,985
2025-11-26 06:33:02,MarWse2JmWU,287466,3296,0,24
2025-11-26 06:33:02,6ixvIIIxwlk,103484,1069,0,0
2025-11-26 06:33:02,ANU0lVGfWyo,335720,30101,0,2218
2025-11-26 06:33:02,z-aco1hi0Iw,124633,1535,0,250
2025-11-26 06:33:02,6kWw9Nn4dIY,80988,4706,0,286
2025-11-26 06:33:02,Pzqzy2ZIcLI,169083,9371,0,46
2025-11-26 06:33:02,IZ9kqxCDvAs,669317,28974,0,1928
2025-11-26 06:33:02,QJpTBz916MI,995357,104784,0,2847
2025-11-26 06:33:02,Gth1zEFH2TM,69270,1620,0,47
2025-11-26 06:33:02,P0OLVEm0pfM,65755,193,0,0
2025-11-26 06:33:02,7SoVjT-0Rhw,24193,1687,0,242
2025-11-26 06:33:02,KO6gxf8vXJQ,228864,526,0,1
2025-11-26 06:33:02,I9U5JRfZ4bA,30264,896,0,148
2025-11-26 06:33:02,vMg1KAFAKiY,945496,163404,0,8771
2025-11-26 06:33:02,VhzqSrscVP8,139599,5838,0,404
2025-11-26 06:33:02,uOZRP1-dvhA,209765,2124,0,165
2025-11-26 06:33:02,j-4AHlLg9XA,,104,0,0
2025-11-26 06:33:02,VXsWwTTgt78,253182,11802,0,73
2025-11-26 06:33:02,hn17tmdaAzQ,648300,6205,0,59
2025-11-26 06:33:02,yRhin7unPeI,161851,4859,0,454
2025-11-26 06:33:02,vpXtzSpyV_8,2564044,18860,0,984
2025-11-26 06:33:02,04-csl0RRJc,53655,1033,0,258
2025-11-26 06:33:02,koeM_jz4CdM,353594,13758,0,1422
2025-11-26 06:33:02,L6tkKvVCs0Y,199769,12343,0,564
2025-11-26 06:33:02,G36amiUCkXU,293006,24245,0,4313
2025-11-26 06:33:02,GJMOK14mB2c,92069,2419,0,138
2025-11-26 06:33:02,a72dN8ZWPWg,109467,2535,0,1686
2025-11-26 06:33:02,tk9FDjJd6zM,31355,621,0,72
2025-11-26 06:33:02,D8gbtByJSI8,76889,373,0,1
2025-11-26 06:33:02,iKVcCmyqoik,74302,5169,0,200
2025-11-26 06:33:02,wUGh03rLZbY,115094,3649,0,256
2025-11-26 06:33:02,DG4ax7ec64o,598364,7071,0,312
2025-11-26 06:33:02,HIE0fSPuvLY,167502,810,0,20
2025-11-26 06:33:02,ST05E_5kn2E,172387,3490,0,273
2025-11-26 06:33:02,-dfR8iYqwK4,184038,3288,0,479
2025-11-26 06:33:02,Zvh5BE2Guik,241505,10552,0,140
2025-11-26 06:33:02,3rGi2kiSzkA,36426,2190,0,104
2025-11-26 06:33:02,oLY17RG3OMI,257879,4625,0,272
2025-11-26 06:33:02,fCDvm0Y3qkw,265132,14539,0,123
2025-11-26 06:33:02,81QYAxvO3Ik,167465,18169,0,1155
2025-11-26 06:33:02,cBPtIHuFa_o,66635,2892,0,339
2025-11-26 06:33:02,ScutqxM3z_s,91837,5788,0,355
2025-11-26 06:33:02,dolefeooLzc,330567,5389,0,345
2025-11-26 06:33:02,NIGA89HGTBU,143666,15435,0,789
2025-11-26 06:33:02,AmQXv7Pyqvw,72545,937,0,10
2025-11-26 06:33:02,4Ddbjkyy2C0,119543,838,0,0
2025-11-26 06:33:02,8j4RM-bBYvA,18248,1191,0,396
2025-11-26 06:33:02,I52yC34Ji2k,39171,10787,0,666
2025-11-26 06:33:02,oVwGURkvEq4,139542,1739,0,652
2025-11-26 06:33:02,PwaldW6SXwE,14817,1867,0,175
2025-11-26 06:33:02,QebVV6D641k,222837,1166,0,755
2025-11-26 06:33:02,m0HhR1k9JEw,87628,198,0,4
2025-11-26 06:33:02,gSXQd_5ht0E,529503,21956,0,1023
2025-11-26 06:33:02,FFXSoSl_lGg,105261,4787,0,173
2025-11-26 06:33:02,eWetBwa4vVI,18885,1617,0,107
2025-11-26 06:33:02,u66QoyjtANg,141109,1100,0,0
2025-11-26 06:33:02,ZXrcsNlbtgs,104980,912,0,0
2025-11-26 06:33:02,jWFQ3A1Dtdg,145723,8419,0,931
2025-11-26 06:33:02,yxXNIzrfPNQ,87006,5826,0,787
2025-11-26 06:33:02,xjUPVppl1DI,338567,7573,0,334
2025-11-26 06:33:02,ayjRv2g2UqY,610136,19351,0,793
2025-11-26 06:33:02,xcqjxAXsbHU,521595,26506,0,1168
2025-11-26 06:33:02,f8aS4qwuO7k,143661,8496,0,70
2025-11-26 06:33:02,4-6IONBWRMQ,104441,1648,0,33
2025-11-26 06:33:02,XtTT5XdZVpw,107505,4424,0,213
2025-11-26 06:33:02,XZ1FhU9XeEc,118256,1672,0,230
2025-11-26 06:33:02,ITQYMtkP23E,289507,1385,0,0
2025-11-26 06:33:02,qJvjFBhQ6vQ,162515,2115,0,61
2025-11-26 06:33:02,xx3ZTvOhNoM,199119,7689,0,43
2025-11-26 06:33:02,IcWvUlwcKAI,8782,1816,0,142
2025-11-26 06:33:02,OWpLhNyqeqg,59068,4396,0,418
2025-11-26 06:33:02,qIXl45sU0wk,117640,2767,0,24
2025-11-26 06:33:02,NED7nev2ywQ,37149577,1318004,0,127616
2025-11-26 06:33:02,-3TOkp_6gRQ,484665,9202,0,84
2025-11-26 06:33:02,nDeKfR5iBxY,771455,36456,0,1382
2025-11-26 06:33:02,ygIwtR2txaw,255771,10077,0,246
2025-11-26 06:33:02,UFozBQrnmII,777991,25133,0,417
2025-11-26 06:33:02,KSha-fc5EhA,93030,521,0,0
2025-11-26 06:33:02,TAL-HXKac80,3060513,72920,0,2417
2025-11-26 06:33:02,G_3xr5desOo,70503,2521,0,101
2025-11-26 06:33:02,gYEhRoknpZQ,102079,918,0,168
2025-11-26 06:33:02,xZFWSWcQ3As,103575,1175,0,77
2025-11-26 06:33:02,k1yXf4L5bnc,107918,2645,0,150
2025-11-26 06:33:02,TVqEwvbZP30,2465712,96221,0,8421
2025-11-26 06:33:02,Gln8wDtITJ4,26742,1831,0,162
2025-11-26 06:33:02,WsLcF1ojgFU,38217,2748,0,393
2025-11-26 06:33:02,9SaAfQ6eACQ,57238,885,0,202
2025-11-26 06:33:02,snH3HQSF7Ew,235215,3870,0,684
2025-11-26 06:33:02,JUYQapYmw74,120407,1402,0,3
2025-11-26 06:33:02,UF4n5zmzx9A,198936,4912,0,262
2025-11-26 06:33:02,24VDsNgWNfw,80413,425,0,1
2025-11-26 06:33:02,jRgzfKDTI7g,445775,11224,0,340
2025-11-26 06:33:02,tmVYOETfA10,39794,3132,0,86
2025-11-26 06:33:02,uQc-pW3QLuI,6859130,124193,0,5153
2025-11-26 06:33:02,x_RYZsOfpKY,10510866,261374,0,16569
2025-11-26 06:33:02,DSPV0RT3BJI,66150,,0,
2025-11-26 06:33:02,zLfnSXg0jKg,106063,2903,0,130
2025-11-26 06:33:02,_6xcFXlJcX8,104091,1145,0,35
2025-11-26 06:33:02,s5dFrPwvbHY,161400,27817,0,1427
2025-11-26 06:33:02,Aj8AmqTQkAs,90558,1105,0,58
2025-11-26 06:33:02,eHmQ_b0LkUA,307595,78046,0,3101
2025-11-26 06:33:02,tPMkWfK6N-E,100939,9649,0,482
2025-11-26 06:33:02,dx4XsqUGm10,154850,17094,0,1291
2025-11-26 06:33:02,BT4XRgmCjjQ,210028,,0,33
2025-11-26 06:33:02,qEGsMTo-adg,17237,1604,0,193
2025-11-26 06:33:02,JrI4_jUZe98,144906,32039,0,1512
2025-11-26 06:33:02,l57EJ_eLsIc,140111,1418,0,561
2025-11-26 06:33:02,6mP-mEHEQcw,195939,9228,0,1280
2025-11-26 06:33:02,2HwsSTLuA8A,140202,4081,0,455
2025-11-26 06:33:02,sgi_eji-ysM,268751,5391,0,66
2025-11-26 06:33:02,llAI08UYyAw,2232183,325221,0,10374
2025-11-26 06:33:02,4l9Ni3tjbwM,1063925,12059,0,122
2025-11-26 06:33:02,e0okJjgNTl0,290811,2705,0,5
2025-11-26 06:33:02,miySB69T1xw,256275,9159,0,389
2025-11-26 06:33:02,NkHjY_EaCgY,66742,1249,0,89
2025-11-26 06:33:02,kCnD_dMyJ3M,67743,2478,0,0
2025-11-26 06:33:02,KDC-EOsNzAg,131210,20488,0,561
2025-11-26 06:33:02,PtSwg--FueA,125931,1185,0,359
2025-11-26 06:33:02,fiSsGbfus6I,214927,1800,0,1135
2025-11-26 06:33:02,tXJJhKobuas,138049,2051,0,134
2025-11-26 06:33:02,CZP11p3DklQ,10054,909,0,65
2025-11-26 06:33:02,6hIKI8RZ1ys,419170,6929,0,18
2025-11-26 06:33:02,hXKJ0gHYQ6E,48552,265,0,19
2025-11-26 06:33:02,GxXpkps21Kc,300807,12975,0,227
2025-11-26 06:33:02,b9z3Iaz5Zrc,20554,2328,0,193
2025-11-26 06:33:02,6L7xTio0QyY,74675,4990,0,483
2025-11-26 06:33:02,BDxXPvOdz50,144898,2315,0,614
2025-11-26 06:33:02,SnCG-_lf74w,436927,15289,0,829
2025-11-28 05:20:00,CO0MSU3fqAQ,20839,2498,0,140
2025-11-28 05:20:00,T8w3L1rS3o4,98318,5337,0,129
2025-11-28 05:20:00,Iz7mRKij2ao,13029,710,0,27
2025-11-28 05:20:00,miySB69T1xw,510156,13507,0,487
2025-11-28 05:20:00,IW_KV5nqWRI,42511,226,0,11
2025-11-28 05:20:00,4_l1VyTNzrs,105860,2429,0,1457
2025-11-28 05:20:00,oLY17RG3OMI,303146,5258,0,288
2025-11-28 05:20:00,j6TnwWfuf-I,104200,2193,0,116
2025-11-28 05:20:00,sgi_eji-ysM,274762,5453,0,67
2025-11-28 05:20:00,vMg1KAFAKiY,1087823,176680,0,9397
2025-11-28 05:20:00,kCnD_dMyJ3M,99344,2752,0,0
2025-11-28 05:20:00,Aj8AmqTQkAs,102924,1204,0,60
2025-11-28 05:20:00,2NKK6Mg27XI,272026,15688,0,492
2025-11-28 05:20:00,dolefeooLzc,416978,6156,0,387
2025-11-28 05:20:00,8gAg9uDn2Oo,438843,14250,0,511
2025-11-28 05:20:00,NDommbpC80U,205962,2311,0,266
2025-11-28 05:20:00,qJvjFBhQ6vQ,196334,2370,0,73
2025-11-28 05:20:00,UF4n5zmzx9A,236708,5452,0,274
2025-11-28 05:20:00,DOmdfYIPBXE,348546,3158,0,88
2025-11-28 05:20:00,cVL4bRjA6X0,452918,37956,0,1349
2025-11-28 05:20:00,SMAnw64aTXc,147589,2639,0,1158
2025-11-28 05:20:00,j-4AHlLg9XA,,104,0,0
2025-11-28 05:20:00,wUGh03rLZbY,127890,3853,0,258
2025-11-28 05:20:00,4l9Ni3tjbwM,1069039,12141,0,125
2025-11-28 05:20:00,ckKFtSlZ5Lw,126455,1519,0,345
2025-11-28 05:20:00,HIE0fSPuvLY,167550,811,0,20
2025-11-28 05:20:00,zupf7Kwx6v4,147569,2830,0,177
2025-11-28 05:20:00,E7so8IVX1qQ,87803,135,0,6
2025-11-28 05:20:00,P0OLVEm0pfM,66106,194,0,0
2025-11-28 05:20:00,WT1LFvt07Gw,100878,1960,0,58
2025-11-28 05:20:00,GxXpkps21Kc,305559,13087,0,232
2025-11-28 05:20:00,dmBAMwBBxoM,178729,4947,0,394
2025-11-28 05:20:00,GJMOK14mB2c,115208,2782,0,143
2025-11-28 05:20:00,ZjN51G8c5-k,62206,759,0,27
2025-11-28 05:20:00,fiG_T-0zFT8,574347,31427,0,1451
2025-11-28 05:20:00,PJyQaQosJpk,76478,848,0,15
2025-11-28 05:20:00,LxMaia85m5Y,215824,3990,0,174
2025-11-28 05:20:00,NUSpibeVoO0,35533,1077,0,101
2025-11-28 05:20:00,b29J1g4yWcs,104605,3089,0,260
2025-11-28 05:20:00,NIGA89HGTBU,3736222,29563,0,1078
2025-11-28 05:20:00,2j2jXv6Juxc,254779,2934,0,108
2025-11-28 05:20:00,SzFd7Tmq7pU,184768,9822,0,54
2025-11-28 05:20:00,b9z3Iaz5Zrc,162164,7359,0,336
2025-11-28 05:20:00,yRhin7unPeI,184919,5363,0,467
2025-11-28 05:20:00,kuetvJE_C_U,151119,3980,0,66
2025-11-28 05:20:00,U7wDhVWgd5w,52121,1097,0,7
2025-11-28 05:20:00,hQwjPcq63JM,42184,751,0,9
2025-11-28 05:20:00,STXcQAmoLPU,133878,1365,0,1
2025-11-28 05:20:00,1wRkbauiGU8,106672,2549,0,151
2025-11-28 05:20:00,Lj1Qi3-zQgg,40635,5472,0,162
2025-11-28 05:20:00,s5dFrPwvbHY,233169,32513,0,1488
2025-11-28 05:20:00,MarWse2JmWU,288581,3293,0,25
2025-11-28 05:20:00,nbzmTUB-FCs,24031,1340,0,194
2025-11-28 05:20:00,w0ZQp2CmHHw,196412,2909,0,257
2025-11-28 05:20:00,koeM_jz4CdM,402030,15085,0,1488
2025-11-28 05:20:00,UFozBQrnmII,801146,25465,0,427
2025-11-28 05:20:00,5m86CgLR0Fg,102633,6281,0,231
2025-11-28 05:20:00,599nhYHHvQo,,835,0,0
2025-11-28 05:20:00,ANU0lVGfWyo,528938,35816,0,2428
2025-11-28 05:20:00,ITQYMtkP23E,290659,1369,0,0
2025-11-28 05:20:00,2HwsSTLuA8A,145371,4163,0,458
2025-11-28 05:20:00,MRYXsF2lblY,230935,19290,0,1058
2025-11-28 05:20:00,KO6gxf8vXJQ,229077,527,0,1
2025-11-28 05:20:00,9XNqe5r8xHI,439118,6111,0,28
2025-11-28 05:20:00,tmVYOETfA10,71805,3905,0,92
2025-11-28 05:20:00,PtSwg--FueA,164231,1355,0,379
2025-11-28 05:20:00,4-6IONBWRMQ,110849,1735,0,33
2025-11-28 05:20:00,QebVV6D641k,236626,1235,0,776
2025-11-28 05:20:00,FFXSoSl_lGg,130589,5163,0,177
2025-11-28 05:20:00,ayjRv2g2UqY,970245,20591,0,815
2025-11-28 05:20:00,5ftlnz91DaM,173910,10178,0,493
2025-11-28 05:20:00,8B2XU-fUS58,306987,3787,0,573
2025-11-28 05:20:00,qEGsMTo-adg,26658,1903,0,237
2025-11-28 05:20:00,oVwGURkvEq4,146730,1774,0,661
2025-11-28 05:20:00,dqMImJF-rgA,144075,4092,0,341
2025-11-28 05:20:00,ES9oYbzYCh8,709278,69829,0,2082
2025-11-28 05:20:00,QJpTBz916MI,1122290,108983,0,2927
2025-11-28 05:20:00,AfKzB2lXo7I,26870,1006,0,55
2025-11-28 05:20:00,vQpF9mIiYFU,24057,347,0,22
2025-11-28 05:20:00,24VDsNgWNfw,81569,430,0,1
2025-11-28 05:20:00,6oS55kztPlE,26049,1185,0,33
2025-11-28 05:20:00,04-csl0RRJc,56816,1056,0,269
2025-11-28 05:20:00,5eHGs7lX09s,168351,1555,0,1212
2025-11-28 05:20:00,yxXNIzrfPNQ,119520,6280,0,838
2025-11-28 05:20:00,Am2ElEWNvTY,102095,4596,0,242
2025-11-28 05:20:00,QRTGKxrKBPM,550974,41392,0,1028
2025-11-28 05:20:00,OWGd9sHxpvs,128990,3411,0,98
2025-11-28 05:20:00,snH3HQSF7Ew,248507,4006,0,700
2025-11-28 05:20:00,OEcTbxi57lE,25727,4567,0,152
2025-11-28 05:20:00,YH_PW-Y7LF0,56121,1819,0,97
2025-11-28 05:20:00,l57EJ_eLsIc,190910,1625,0,623
2025-11-28 05:20:00,_Vs1T6KpK5g,75039,1157,0,9
2025-11-28 05:20:00,eLCjlEYBN3U,475444,16604,0,1141
2025-11-28 05:20:00,S3Q33-4q1xo,115115,1327,0,79
2025-11-28 05:20:00,F3C87lOmZBM,213414,17907,0,1712
2025-11-28 05:20:00,jRgzfKDTI7g,490178,11966,0,351
2025-11-28 05:20:00,Gln8wDtITJ4,47337,2992,0,233
2025-11-28 05:20:00,hXKJ0gHYQ6E,48889,266,0,22
2025-11-28 05:20:00,JrI4_jUZe98,458243,73110,0,2224
2025-11-28 05:20:00,tk9FDjJd6zM,41183,725,0,95
2025-11-28 05:20:00,qIXl45sU0wk,124352,2839,0,27
2025-11-28 05:20:00,L6tkKvVCs0Y,505375,13698,0,591
2025-11-28 05:20:00,Pzqzy2ZIcLI,171849,9482,0,49
2025-11-28 05:20:00,I9U5JRfZ4bA,36033,991,0,154
2025-11-28 05:20:00,nzbbL07maKA,151352,7251,0,277
2025-11-28 05:20:00,a72dN8ZWPWg,156455,3458,0,1820
2025-11-28 05:20:00,rOZV4RZrA3A,205264,2083,0,9
2025-11-28 05:20:00,xcqjxAXsbHU,624799,27999,0,1203
2025-11-28 05:20:00,tdYPGxusaYs,42770,2880,0,156
2025-11-28 05:20:00,SWdjfMIkQCg,164957,2234,0,164
2025-11-28 05:20:00,C3jcxlsPYLE,214776,10077,0,86
2025-11-28 05:20:00,D8gbtByJSI8,77261,369,0,2
2025-11-28 05:20:00,6mP-mEHEQcw,284015,11131,0,1425
2025-11-28 05:20:00,tGwT5DAU6-s,86692,1491,0,24
2025-11-28 05:20:00,f8aS4qwuO7k,147916,8612,0,73
2025-11-28 05:20:00,wEKNPc0cm9Y,19675,680,0,
2025-11-28 05:20:00,aHKMl9HVqZQ,147058,4436,0,342
2025-11-28 05:20:00,v55qDr_jJFA,35425,2030,0,130
2025-11-28 05:20:00,-dfR8iYqwK4,202517,3486,0,493
2025-11-28 05:20:00,DG4ax7ec64o,735734,8847,0,360
2025-11-28 05:20:00,OfuHlytx3rQ,15817,218,0,9
2025-11-28 05:20:00,qFdZAyr_xmw,213085,5239,0,698
2025-11-28 05:20:00,llAI08UYyAw,3373765,371484,0,11109
2025-11-28 05:20:00,BNWYJZp2CbQ,48897,453,0,22
2025-11-28 05:20:00,h09ng9lTOEM,168295,1509,0,8
2025-11-28 05:20:00,9SaAfQ6eACQ,79489,1090,0,211
2025-11-28 05:20:00,OWpLhNyqeqg,90672,4939,0,430
2025-11-28 05:20:00,AmQXv7Pyqvw,72613,940,0,10
2025-11-28 05:20:00,G7eh40XgTiw,93387,1228,0,175
2025-11-28 05:20:00,3-caLm2c1XI,163855,4544,0,538
2025-11-28 05:20:00,uQc-pW3QLuI,7157837,127455,0,5205
2025-11-28 05:20:00,gSXQd_5ht0E,1484355,24136,0,1056
2025-11-28 05:20:00,b1OwvLh8HnU,27285,426,0,8
2025-11-28 05:20:00,6kWw9Nn4dIY,142198,6357,0,371
2025-11-28 05:20:00,G36amiUCkXU,523580,29511,0,5801
2025-11-28 05:20:00,ZOEZ_cRIkhY,172343,18417,0,1277
2025-11-28 05:20:00,bZ2eyQcJ49o,189794,2888,0,392
2025-11-28 05:20:00,jWFQ3A1Dtdg,367937,13400,0,1356
2025-11-28 05:20:00,IftQ9zQ06-0,1272040,2147,0,296
2025-11-28 05:20:00,x_RYZsOfpKY,13573560,310880,0,18291
2025-11-28 05:20:00,taSKSaq5qh8,253314,4118,0,38
2025-11-28 05:20:00,XZ1FhU9XeEc,150730,2024,0,249
2025-11-28 05:20:00,dx4XsqUGm10,227356,18800,0,1383
2025-11-28 05:20:00,tLBq_jH5FDI,137529,1930,0,186
2025-11-28 05:20:00,6L7xTio0QyY,116409,5241,0,505
2025-11-28 05:20:00,LcpCd9VXGjE,334434,1564,0,0
2025-11-28 05:20:00,ygIwtR2txaw,302980,11229,0,261
2025-11-28 05:20:00,TVqEwvbZP30,11749408,113282,0,11845
2025-11-28 05:20:00,VWg0218G38c,137921,1616,0,281
2025-11-28 05:20:00,zLfnSXg0jKg,122589,3196,0,137
2025-11-28 05:20:00,xZFWSWcQ3As,113851,1250,0,80
2025-11-28 05:20:00,fiSsGbfus6I,357606,2286,0,1297
2025-11-28 05:20:00,BiiDN0zgJ2Q,96165,732,0,0
2025-11-28 05:20:00,SnCG-_lf74w,1038779,24444,0,1149
2025-11-28 05:20:00,gYEhRoknpZQ,110461,951,0,163
2025-11-28 05:20:00,7SoVjT-0Rhw,34349,1868,0,270
2025-11-28 05:20:00,hcJEQXJIALo,126129,4076,0,587
2025-11-28 05:20:00,oWv2PwrJkTM,228666,11537,0,119
2025-11-28 05:20:00,hn17tmdaAzQ,706076,6538,0,110
2025-11-28 05:20:00,JoqhTXkGVVk,32222,1223,0,270
2025-11-28 05:20:00,StcmgD_0aRI,235669,12775,0,2785
2025-11-28 05:20:00,81QYAxvO3Ik,213617,19811,0,1242
2025-11-28 05:20:00,0GICIe0Tgf8,21600,1121,0,32
2025-11-28 05:20:00,6hIKI8RZ1ys,419646,6918,0,18
2025-11-28 05:20:00,ineS6XL0vc8,118854,2684,0,96
2025-11-28 05:20:00,_6xcFXlJcX8,114067,1251,0,36
2025-11-28 05:20:00,G_3xr5desOo,125865,3482,0,135
2025-11-28 05:20:00,0-74AHbFWic,164278,11933,0,625
2025-11-28 05:20:00,Em805jfRVXs,314111,5396,0,615
2025-11-28 05:20:00,w32-xwPxDFk,24846,1358,0,60
2025-11-28 05:20:00,xuL1CDdhsOg,211053,2075,0,1
2025-11-28 05:20:00,vQ_NFqtGDgo,200965,29694,0,1065
2025-11-28 05:20:00,2c_b4Q2LIeA,57130,633,0,149
2025-11-28 05:20:00,PwaldW6SXwE,29710,2637,0,240
2025-11-28 05:20:00,KC0-vIj7piY,246245,19300,0,291
2025-11-28 05:20:00,W3eUZa56o0s,231562,3955,0,1528
2025-11-28 05:20:00,VhzqSrscVP8,155602,6123,0,421
2025-11-28 05:20:00,CXcBo03He2A,46953,4852,0,232
2025-11-28 05:20:00,tPMkWfK6N-E,118506,10324,0,520
2025-11-28 05:20:00,DyINvuS9P34,249207,3006,0,53
2025-11-28 05:20:00,e0okJjgNTl0,293261,2708,0,7
2025-11-28 05:20:00,NkHjY_EaCgY,125071,1827,0,108
2025-11-28 05:20:00,CZP11p3DklQ,124494,3776,0,150
2025-11-28 05:20:00,xx3ZTvOhNoM,228057,8088,0,89
2025-11-28 05:20:00,nDeKfR5iBxY,909840,41848,0,1483
2025-11-28 05:20:00,uOZRP1-dvhA,236967,2401,0,174
2025-11-28 05:20:00,vpXtzSpyV_8,4680979,22674,0,1114
2025-11-28 05:20:00,dCmNVtLsYzA,207307,10000,0,562
2025-11-28 05:20:00,XtTT5XdZVpw,121681,4697,0,217
2025-11-28 05:20:00,pzLTGAwn0a4,54748,7190,0,486
2025-11-28 05:20:00,7rd5CtM7oiY,126963,502,0,1
2025-11-28 05:20:00,6yMFwpzbQCY,447556,4340,0,262
2025-11-28 05:20:00,Caa-UHhl8Gw,97699,2769,0,207
2025-11-28 05:20:00,Z3CtHc6TEj8,124212,1045,0,572
2025-11-28 05:20:00,IZ9kqxCDvAs,879602,32709,0,2110
2025-11-28 05:20:00,m0HhR1k9JEw,87611,196,0,5
2025-11-28 05:20:00,5oKKmCT-_4s,23868,1880,0,155
2025-11-28 05:20:00,BM13CSsDrV8,16987,550,0,0
2025-11-28 05:20:00,dIPZHyTBFz0,203997,2195,0,271
2025-11-28 05:20:00,KSha-fc5EhA,93142,520,0,0
2025-11-28 05:20:00,Gth1zEFH2TM,107845,2173,0,52
2025-11-28 05:20:00,BsyEN86cR0U,243558,7415,0,77
2025-11-28 05:20:00,4Xt_hR0KNvY,185210,13334,0,2489
2025-11-28 05:20:00,kux5GmbZhVg,25785,1099,0,21
2025-11-28 05:20:00,BFaHdJVDmXY,73450,4285,0,188
2025-11-28 05:20:00,4oml768wFnk,50090,3283,0,163
2025-11-28 05:20:00,oslNxV_8Q2c,242497,10542,0,118
2025-11-28 05:20:00,BDxXPvOdz50,162495,2463,0,644
2025-11-28 05:20:00,5-o_tvuKSfM,82468,4706,0,172
2025-11-28 05:20:00,iKVcCmyqoik,128536,6078,0,230
2025-11-28 05:20:00,z-aco1hi0Iw,162278,1761,0,260
2025-11-28 05:20:00,6ixvIIIxwlk,104614,1061,0,0
2025-11-28 05:20:00,55xYiuSAp5c,306775,4606,0,20
2025-11-28 05:20:00,HP8qpxRpIW8,1046927,37734,0,1026
2025-11-28 05:20:00,Bj6tJxDPzoY,277252,11753,0,321
2025-11-28 05:20:00,o3PX7EjBjvg,130818,4143,0,411
2025-11-28 05:20:00,JkKNqaEl9Aw,612821,22151,0,1949
2025-11-28 05:20:00,7bqePXphj2g,281340,18699,0,1607
2025-11-28 05:20:00,OeMmb--HE6k,204515,5043,0,73
2025-11-28 05:20:00,GVeRDFqNT40,25347,293,0,11
2025-11-28 05:20:00,VXsWwTTgt78,258712,11916,0,72
2025-11-28 05:20:00,4Ddbjkyy2C0,119675,836,0,0
2025-11-28 05:20:00,sEe1U-vDP5k,101601,3198,0,255
2025-11-28 05:20:00,eWetBwa4vVI,39129,2578,0,150
2025-11-28 05:20:00,u66QoyjtANg,141365,1094,0,0
2025-11-28 05:20:00,WVVv8Uyok_U,161669,5697,0,833
2025-11-28 05:20:00,kSmHmdAnDYc,265773,7248,0,870
2025-11-28 05:20:00,oYKdO-eEHg4,67583,1288,0,234
2025-11-28 05:20:00,UiHPfikroWg,73052,904,0,303
2025-11-28 05:20:00,A3Ki9cI9T9w,110610,2400,0,609
2025-11-28 05:20:00,ZXrcsNlbtgs,105029,912,0,0
2025-11-28 05:20:00,ST05E_5kn2E,270469,5032,0,336
2025-11-28 05:20:00,5UBc2gXGwKc,23492,300,0,9
2025-11-28 05:20:00,IW14wQJKSC4,110922,4200,0,150
2025-11-28 05:20:00,TAL-HXKac80,3683146,78944,0,2693
2025-11-28 05:20:00,FuGOa47BBqg,48391,1258,0,15
2025-11-28 05:20:00,BT4XRgmCjjQ,217549,,0,35
2025-11-28 05:20:00,cBPtIHuFa_o,103842,3905,0,384
2025-11-28 05:20:00,Rc8f268ueOE,241948,1944,0,437
2025-11-28 05:20:00,u6nhdi1pJWI,15996,1342,0,63
2025-11-28 05:20:00,7gDl4S3wB14,514792,8519,0,830
2025-11-28 05:20:00,qUgLxkENl6c,137238,7901,0,365
2025-11-28 05:20:00,JUYQapYmw74,120901,1398,0,3
2025-11-28 05:20:00,KDC-EOsNzAg,178153,24259,0,613
2025-11-28 05:20:00,eHmQ_b0LkUA,482604,96646,0,3293
2025-11-28 05:20:00,vIUORnIS_ug,351117,14114,0,1068
2025-11-28 05:20:00,IcWvUlwcKAI,10253,1950,0,151
2025-11-28 05:20:00,Nxq6nJJVx5A,223667,7840,0,266
2025-11-28 05:20:00,uGM14iCUu0w,114692,1052,0,483
2025-11-28 05:20:00,CvGT2o7-_ZA,81010,1541,0,12
2025-11-28 05:20:00,lUHLwBOY04I,182608,17394,0,349
2025-11-28 05:20:00,n7pO7F_kP0k,151353,17953,0,613
2025-11-28 05:20:00,Kc7TkgWiWrc,41601,1193,0,44
2025-11-28 05:20:00,R-ZKjAqlquA,125522,615,0,27
2025-11-28 05:20:00,NED7nev2ywQ,40529206,1362833,0,133796
2025-11-28 05:20:00,k1yXf4L5bnc,117388,2822,0,153
2025-11-28 05:20:00,ex7ieF2B09A,269172,4134,0,202
2025-11-28 05:20:00,I52yC34Ji2k,364958,48207,0,1778
2025-11-28 05:20:00,9jrVtT2nPgQ,47952,5143,0,107
2025-11-28 05:20:00,-3TOkp_6gRQ,492964,9296,0,90
2025-11-28 05:20:00,8j4RM-bBYvA,33752,1289,0,479
2025-11-28 05:20:00,WGyadbTx8bs,401780,13516,0,1072
2025-11-28 05:20:00,cl-BT6bDxEI,125106,3414,0,195
2025-11-28 05:20:00,S0UEqkus7FA,328496,12655,0,266
2025-11-28 05:20:00,j-8vLi2sMg0,83802,7335,0,85
2025-11-28 05:20:00,y7XtQu1z9hw,86174,942,0,148
2025-11-28 05:20:00,IrxoY7JdJY0,152618,,0,52
2025-11-28 05:20:00,F2B4VITJfb0,127905,2464,0,511
2025-11-28 05:20:00,6-9ej0ztMUA,110962,779,0,61
2025-11-28 05:20:00,qRUIGsTq-kU,28425,2607,0,238
2025-11-28 05:20:00,YMxjZF3gtoM,311929,14293,0,816
2025-11-28 05:20:00,Zvh5BE2Guik,256152,10790,0,196
2025-11-28 05:20:00,HQdJ8dMeCHM,122028,719,0,1543
2025-11-28 05:20:00,jvrrjeAYtzs,76267,229,0,0
2025-11-28 05:20:00,-DkSyDEQloM,93459,,0,6
2025-11-28 05:20:00,ScutqxM3z_s,226634,8876,0,502
2025-11-28 05:20:00,_o05ucPBD7g,97674,1604,0,86
2025-11-28 05:20:00,iBD9LX2ZdDQ,81747,188,0,0
2025-11-28 05:20:00,x15pDRtzYno,149248,1725,0,198
2025-11-28 05:20:00,XILnJKGc0yo,269206,20887,0,3755
2025-11-28 05:20:00,fCDvm0Y3qkw,307763,15678,0,199
2025-11-28 05:20:00,xjUPVppl1DI,694350,11479,0,487
2025-11-28 05:20:00,SdVBuVm_Sw8,,698,0,0
2025-11-28 05:20:00,Yy2ZovGi-Uk,353306,9407,0,145
2025-11-28 05:20:00,LUQ28DBF7EU,165426,3927,0,319
2025-11-28 05:20:00,WsLcF1ojgFU,50944,3021,0,430
2025-11-28 05:20:00,DSPV0RT3BJI,84203,,0,
2025-11-28 05:20:00,UfVkyXaTGcs,214755,5348,0,105
2025-11-28 05:20:00,tXJJhKobuas,221271,2945,0,159
2025-11-28 05:20:00,3rGi2kiSzkA,58995,2841,0,116
2025-11-28 05:20:00,OoLflKFs7YY,131163,3234,0,316
2025-11-28 05:20:00,G_oNwC_PjfU,118696,3323,0,373
2025-11-28 05:20:00,dhzVHS8C_nc,82107,478,0,2
2025-11-28 05:20:00,mdI6LWIe8Og,10096,783,0,55
2025-11-25 22:48:09,Gth1zEFH2TM,20107,1150,0,29
2025-11-25 22:48:09,UF4n5zmzx9A,190084,4818,0,260
2025-11-25 22:48:09,tk9FDjJd6zM,28487,601,0,69
2025-11-25 22:48:09,7SoVjT-0Rhw,20960,1615,0,230
2025-11-25 22:48:09,JUYQapYmw74,120261,1401,0,3
2025-11-25 22:48:09,j6TnwWfuf-I,35731,1318,0,86
2025-11-25 22:48:09,KO6gxf8vXJQ,228833,526,0,1
2025-11-25 22:48:09,WGyadbTx8bs,209686,9169,0,863
2025-11-25 22:48:09,dhzVHS8C_nc,82146,481,0,0
2025-11-25 22:48:09,KDC-EOsNzAg,117201,19360,0,540
2025-11-25 22:48:09,sgi_eji-ysM,266815,5380,0,65
2025-11-25 22:48:09,QebVV6D641k,218889,1154,0,755
2025-11-25 22:48:09,VhzqSrscVP8,132973,5730,0,401
2025-11-25 22:48:09,I9U5JRfZ4bA,28961,888,0,146
2025-11-25 22:48:09,z-aco1hi0Iw,91997,1355,0,235
2025-11-25 22:48:09,9XNqe5r8xHI,424105,5974,0,24
2025-11-25 22:48:09,TAL-HXKac80,2778798,70323,0,2334
2025-11-25 22:48:09,UFozBQrnmII,769944,25046,0,413
2025-11-25 22:48:09,ayjRv2g2UqY,518812,19086,0,784
2025-11-25 22:48:09,zLfnSXg0jKg,99551,2827,0,130
2025-11-25 22:48:09,GxXpkps21Kc,301575,12932,0,222
2025-11-25 22:48:09,HP8qpxRpIW8,344959,20359,0,821
2025-11-25 22:48:09,fiSsGbfus6I,160307,1624,0,1056
2025-11-25 22:48:09,TVqEwvbZP30,1467669,91518,0,7724
2025-11-25 22:48:09,kCnD_dMyJ3M,62965,2427,0,0
2025-11-25 22:48:09,S3Q33-4q1xo,97141,1193,0,79
2025-11-25 22:48:09,eHmQ_b0LkUA,193104,60104,0,2888
2025-11-25 22:48:09,wUGh03rLZbY,110172,3588,0,256
2025-11-25 22:48:09,4l9Ni3tjbwM,1060674,12043,0,121
2025-11-25 22:48:09,vpXtzSpyV_8,1464704,17296,0,855
2025-11-25 22:48:09,XILnJKGc0yo,75514,14380,0,2566
2025-11-25 22:48:09,iKVcCmyqoik,51252,4650,0,185
2025-11-25 22:48:09,PtSwg--FueA,101681,1088,0,342
2025-11-25 22:48:09,j-4AHlLg9XA,,104,0,0
2025-11-25 22:48:09,9SaAfQ6eACQ,31519,732,0,172
2025-11-25 22:48:09,oVwGURkvEq4,135612,1728,0,650
2025-11-25 22:48:09,BsyEN86cR0U,140887,6525,0,34
2025-11-25 22:48:09,-dfR8iYqwK4,172472,3223,0,470
2025-11-25 22:48:09,dqMImJF-rgA,109753,3652,0,318
2025-11-25 22:48:09,5ftlnz91DaM,131710,8925,0,451
2025-11-25 22:48:09,yRhin7unPeI,153046,4766,0,453
2025-11-25 22:48:09,Yy2ZovGi-Uk,345209,9305,0,139
2025-11-25 22:48:09,f8aS4qwuO7k,144755,8449,0,69
2025-11-25 22:48:09,ScutqxM3z_s,38192,4248,0,265
2025-11-25 22:48:09,MRYXsF2lblY,163058,17066,0,934
2025-11-25 22:48:09,IZ9kqxCDvAs,632535,28425,0,1889
2025-11-25 22:48:09,4Xt_hR0KNvY,97707,9942,0,1911
2025-11-25 22:48:09,4-6IONBWRMQ,102482,1623,0,33
2025-11-25 22:48:09,cVL4bRjA6X0,310886,32880,0,1225
2025-11-25 22:48:09,BDxXPvOdz50,137927,2272,0,611
2025-11-25 22:48:09,tXJJhKobuas,98589,1725,0,125
2025-11-25 22:48:09,nbzmTUB-FCs,16437,1229,0,190
2025-11-25 22:48:09,qEGsMTo-adg,10455,1378,0,164
2025-11-25 22:48:09,l57EJ_eLsIc,124329,1341,0,540
2025-11-25 22:48:09,04-csl0RRJc,52634,1023,0,257
2025-11-25 22:48:09,xcqjxAXsbHU,505392,26281,0,1155
2025-11-25 22:48:09,xjUPVppl1DI,166375,5824,0,278
2025-11-25 22:48:09,nDeKfR5iBxY,740631,35392,0,1365
2025-11-25 22:48:09,U7wDhVWgd5w,53749,1092,0,6
2025-11-25 22:48:09,fiG_T-0zFT8,447988,29333,0,1424
2025-11-25 22:48:09,gYEhRoknpZQ,96946,903,0,165
2025-11-25 22:48:09,s5dFrPwvbHY,142890,26611,0,1400
2025-11-25 22:48:09,W3eUZa56o0s,208173,3738,0,1452
2025-11-25 22:48:09,ygIwtR2txaw,240058,9830,0,244
2025-11-25 22:48:09,0-74AHbFWic,137572,11353,0,622
2025-11-25 22:48:09,koeM_jz4CdM,339755,13504,0,1409
2025-11-25 22:48:09,DOmdfYIPBXE,320836,2965,0,86
2025-11-25 22:48:09,OWpLhNyqeqg,49499,4211,0,406
2025-11-25 22:48:09,ST05E_5kn2E,109859,2863,0,241
2025-11-25 22:48:09,4oml768wFnk,35730,3068,0,157
2025-11-25 22:48:09,Aj8AmqTQkAs,87139,1079,0,56
2025-11-25 22:48:09,k1yXf4L5bnc,103725,2602,0,150
2025-11-25 22:48:09,e0okJjgNTl0,287314,2694,0,4
2025-11-25 22:48:09,x_RYZsOfpKY,9955677,244431,0,15745
2025-11-25 22:48:09,IW_KV5nqWRI,40194,220,0,5
2025-11-25 22:48:09,NED7nev2ywQ,36315400,1306677,0,125315
2025-11-25 22:48:09,2HwsSTLuA8A,138012,4052,0,454
2025-11-25 22:48:09,cl-BT6bDxEI,85499,2833,0,179
2025-11-25 22:48:09,7bqePXphj2g,180680,15693,0,1378
2025-11-25 22:48:09,6L7xTio0QyY,68536,4944,0,483
2025-11-25 22:48:09,jRgzfKDTI7g,435363,11102,0,340
2025-11-25 22:48:09,81QYAxvO3Ik,156624,17703,0,1139
2025-11-25 22:48:09,6mP-mEHEQcw,176493,8869,0,1237
2025-11-25 22:48:09,GJMOK14mB2c,68332,2185,0,129
2025-11-25 22:48:09,7gDl4S3wB14,459869,8071,0,793
2025-11-25 22:48:09,BT4XRgmCjjQ,208055,,0,28
2025-11-25 22:48:09,XZ1FhU9XeEc,99936,1540,0,214
2025-11-25 22:48:09,vMg1KAFAKiY,882378,156925,0,8487
2025-11-25 22:48:09,dolefeooLzc,307642,5236,0,334
2025-11-25 22:48:09,Pzqzy2ZIcLI,168814,9334,0,46
2025-11-25 22:48:09,SWdjfMIkQCg,137779,2069,0,151
2025-11-25 22:48:09,ex7ieF2B09A,177693,3013,0,163
2025-11-25 22:48:09,qIXl45sU0wk,116058,2743,0,24
2025-11-25 22:48:09,aHKMl9HVqZQ,64831,2909,0,267
2025-11-25 22:48:09,XtTT5XdZVpw,103049,4344,0,209
2025-11-25 22:48:09,HIE0fSPuvLY,167453,811,0,19
2025-11-25 22:48:09,-3TOkp_6gRQ,481820,9167,0,83
2025-11-25 22:48:09,VXsWwTTgt78,251141,11768,0,73
2025-11-25 22:48:09,m0HhR1k9JEw,87616,198,0,4
2025-11-25 22:48:09,ANU0lVGfWyo,297304,28180,0,2164
2025-11-25 22:48:09,j-8vLi2sMg0,12174,3004,0,55
2025-11-25 22:48:09,6hIKI8RZ1ys,419019,6931,0,18
2025-11-25 22:48:09,uQc-pW3QLuI,6747714,122878,0,5130
2025-11-25 22:48:09,a72dN8ZWPWg,76607,2393,0,1570
2025-11-25 22:48:09,u66QoyjtANg,142831,1099,0,0
2025-11-25 22:48:09,KSha-fc5EhA,92969,522,0,0
2025-11-25 22:48:09,UfVkyXaTGcs,170538,4703,0,98
2025-11-25 22:48:09,YMxjZF3gtoM,225972,12288,0,721
2025-11-25 22:48:09,llAI08UYyAw,1941777,308477,0,10145
2025-11-25 22:48:09,MarWse2JmWU,287174,3300,0,24
2025-11-25 22:48:09,oslNxV_8Q2c,245459,10439,0,117
2025-11-25 22:48:09,2NKK6Mg27XI,129063,10969,0,409
2025-11-25 22:48:09,hXKJ0gHYQ6E,48459,265,0,18
2025-11-25 22:48:09,AmQXv7Pyqvw,72443,936,0,10
2025-11-25 22:48:09,oLY17RG3OMI,246359,4511,0,269
2025-11-25 22:48:09,G7eh40XgTiw,54487,992,0,135
2025-11-25 22:48:09,HQdJ8dMeCHM,59684,521,0,954
2025-11-25 22:48:09,dCmNVtLsYzA,171620,8872,0,517
2025-11-25 22:48:09,PJyQaQosJpk,71319,825,0,11
2025-11-25 22:48:09,DG4ax7ec64o,567953,6887,0,309
2025-11-25 22:48:09,IcWvUlwcKAI,8254,1775,0,140
2025-11-25 22:48:09,QJpTBz916MI,972182,104058,0,2836
2025-11-25 22:48:09,h09ng9lTOEM,168044,1509,0,8
2025-11-25 22:48:09,ZXrcsNlbtgs,104940,913,0,0
2025-11-25 22:48:09,IftQ9zQ06-0,83119,1551,0,192
2025-11-25 22:48:09,taSKSaq5qh8,246306,4069,0,37
2025-11-25 22:48:09,WsLcF1ojgFU,34677,2675,0,378
2025-11-25 22:48:09,_6xcFXlJcX8,101714,1129,0,35
2025-11-25 22:48:09,qJvjFBhQ6vQ,145130,2047,0,59
2025-11-25 22:48:09,599nhYHHvQo,,839,0,0
2025-11-25 22:48:09,L6tkKvVCs0Y,168735,11854,0,556
2025-11-25 22:48:09,3rGi2kiSzkA,27138,1983,0,98
2025-11-25 22:48:09,tPMkWfK6N-E,97163,9483,0,473
2025-11-25 22:48:09,kuetvJE_C_U,150328,3960,0,66
2025-11-25 22:48:09,uOZRP1-dvhA,196982,2056,0,165
2025-11-25 22:48:09,G36amiUCkXU,247250,23318,0,4127
2025-11-25 22:48:09,yxXNIzrfPNQ,82378,5719,0,779
2025-11-25 22:48:09,gSXQd_5ht0E,451706,21684,0,1017
2025-11-25 22:48:09,BNWYJZp2CbQ,44910,424,0,15
2025-11-25 22:48:09,zupf7Kwx6v4,135639,2718,0,174
2025-11-25 22:48:09,SdVBuVm_Sw8,,700,0,0
2025-11-25 22:48:09,G_3xr5desOo,51021,2291,0,96
2025-11-25 22:48:09,QRTGKxrKBPM,405684,37502,0,977
2025-11-25 22:48:09,FFXSoSl_lGg,98888,4699,0,173
2025-11-25 22:48:09,cBPtIHuFa_o,35935,2185,0,290
2025-11-25 22:48:09,x15pDRtzYno,107135,1448,0,181
2025-11-25 22:48:09,NIGA89HGTBU,25652,9550,0,618
2025-11-25 22:48:09,xuL1CDdhsOg,211102,2080,0,1
2025-11-25 22:48:09,IW14wQJKSC4,88128,3912,0,145
2025-11-25 22:48:09,24VDsNgWNfw,80109,424,0,1
2025-11-25 22:48:09,SnCG-_lf74w,212717,11901,0,711
2025-11-25 22:48:09,dx4XsqUGm10,139643,16721,0,1263
2025-11-25 22:48:09,LUQ28DBF7EU,153135,3768,0,309
2025-11-25 22:48:09,tmVYOETfA10,35259,2993,0,81
2025-11-25 22:48:09,8j4RM-bBYvA,14262,1162,0,382
2025-11-25 22:48:09,miySB69T1xw,147006,7415,0,325
2025-11-25 22:48:09,LxMaia85m5Y,118850,3058,0,136
2025-11-25 22:48:09,lUHLwBOY04I,137515,14869,0,303
2025-11-25 22:48:09,xZFWSWcQ3As,100710,1164,0,76
2025-11-25 22:48:09,snH3HQSF7Ew,230154,3841,0,684
2025-11-25 22:48:09,4Ddbjkyy2C0,119337,836,0,0
2025-11-25 22:48:09,D8gbtByJSI8,58548,372,0,0
2025-11-27 04:25:13,2j2jXv6Juxc,124000,1885,0,72
2025-11-27 04:25:13,S3Q33-4q1xo,110781,1291,0,84
2025-11-27 04:25:13,s5dFrPwvbHY,200110,30693,0,1475
2025-11-27 04:25:13,0GICIe0Tgf8,13258,946,0,29
2025-11-27 04:25:13,cl-BT6bDxEI,120303,3330,0,191
2025-11-27 04:25:13,BT4XRgmCjjQ,213944,,0,34
2025-11-27 04:25:13,v55qDr_jJFA,23769,1677,0,108
2025-11-27 04:25:13,PwaldW6SXwE,24976,2447,0,227
2025-11-27 04:25:13,b1OwvLh8HnU,15406,319,0,7
2025-11-27 04:25:13,ES9oYbzYCh8,228135,39236,0,1384
2025-11-27 04:25:13,6oS55kztPlE,16912,985,0,29
2025-11-27 04:25:13,pzLTGAwn0a4,35445,5505,0,439
2025-11-27 04:25:13,-dfR8iYqwK4,197685,3435,0,491
2025-11-27 04:25:13,BFaHdJVDmXY,65759,4046,0,171
2025-11-27 04:25:13,zupf7Kwx6v4,143864,2790,0,175
2025-11-27 04:25:13,sgi_eji-ysM,272580,5432,0,67
2025-11-27 04:25:13,dIPZHyTBFz0,171597,1992,0,254
2025-11-27 04:25:13,QJpTBz916MI,1056502,106899,0,2893
2025-11-27 04:25:13,LUQ28DBF7EU,162823,3900,0,319
2025-11-27 04:25:13,b9z3Iaz5Zrc,99329,5629,0,301
2025-11-27 04:25:13,CO0MSU3fqAQ,11223,1861,0,111
2025-11-27 04:25:13,HIE0fSPuvLY,167539,811,0,20
2025-11-27 04:25:13,599nhYHHvQo,,839,0,0
2025-11-27 04:25:13,w0ZQp2CmHHw,100210,1901,0,192
2025-11-27 04:25:13,j6TnwWfuf-I,95335,2071,0,115
2025-11-27 04:25:13,snH3HQSF7Ew,244600,3957,0,701
2025-11-27 04:25:13,qUgLxkENl6c,90839,6156,0,314
2025-11-27 04:25:13,BM13CSsDrV8,10776,471,0,0
2025-11-27 04:25:13,G_3xr5desOo,102994,3117,0,115
2025-11-27 04:25:13,StcmgD_0aRI,115170,9059,0,2378
2025-11-27 04:25:13,lUHLwBOY04I,164578,16641,0,336
2025-11-27 04:25:13,F2B4VITJfb0,83885,1867,0,217
2025-11-27 04:25:13,fCDvm0Y3qkw,297495,15421,0,179
2025-11-27 04:25:13,SnCG-_lf74w,810202,21493,0,1022
2025-11-27 04:25:13,Zvh5BE2Guik,252271,10735,0,193
2025-11-27 04:25:13,7bqePXphj2g,255312,18003,0,1548
2025-11-27 04:25:13,Gln8wDtITJ4,39151,2637,0,211
2025-11-27 04:25:13,aHKMl9HVqZQ,133939,4155,0,334
2025-11-27 04:25:13,4l9Ni3tjbwM,1064646,12108,0,125
2025-11-27 04:25:13,BNWYJZp2CbQ,48359,450,0,22
2025-11-27 04:25:13,u66QoyjtANg,141345,1096,0,0
2025-11-27 04:25:13,Caa-UHhl8Gw,86942,2578,0,201
2025-11-27 04:25:13,3rGi2kiSzkA,48516,2587,0,109
2025-11-27 04:25:13,A3Ki9cI9T9w,100260,2274,0,578
2025-11-27 04:25:13,FFXSoSl_lGg,118615,5010,0,177
2025-11-27 04:25:13,HP8qpxRpIW8,710360,30599,0,961
2025-11-27 04:25:13,xcqjxAXsbHU,571993,27292,0,1191
2025-11-27 04:25:13,wUGh03rLZbY,123053,3790,0,259
2025-11-27 04:25:13,Lj1Qi3-zQgg,16402,3432,0,129
2025-11-27 04:25:13,IZ9kqxCDvAs,770938,30882,0,2026
2025-11-27 04:25:13,XtTT5XdZVpw,116143,4603,0,217
2025-11-27 04:25:13,Pzqzy2ZIcLI,171034,9445,0,48
2025-11-27 04:25:13,I9U5JRfZ4bA,33093,937,0,152
2025-11-27 04:25:13,qEGsMTo-adg,23101,1807,0,218
2025-11-27 04:25:13,UFozBQrnmII,793227,25332,0,423
2025-11-27 04:25:13,9SaAfQ6eACQ,75525,1062,0,209
2025-11-27 04:25:13,Rc8f268ueOE,201049,1815,0,417
2025-11-27 04:25:13,KO6gxf8vXJQ,228918,526,0,1
2025-11-27 04:25:13,kCnD_dMyJ3M,84701,2635,0,0
2025-11-27 04:25:13,cBPtIHuFa_o,93777,3650,0,377
2025-11-27 04:25:13,DyINvuS9P34,153330,2151,0,49
2025-11-27 04:25:13,nzbbL07maKA,113796,6236,0,259
2025-11-27 04:25:13,ZXrcsNlbtgs,105009,911,0,0
2025-11-27 04:25:13,IftQ9zQ06-0,133635,1969,0,273
2025-11-27 04:25:13,qJvjFBhQ6vQ,183261,2276,0,68
2025-11-27 04:25:13,ex7ieF2B09A,239531,3802,0,194
2025-11-27 04:25:13,x15pDRtzYno,134250,1623,0,194
2025-11-27 04:25:13,koeM_jz4CdM,384431,14628,0,1472
2025-11-27 04:25:13,qFdZAyr_xmw,175211,4653,0,651
2025-11-27 04:25:13,I52yC34Ji2k,254270,37458,0,1488
2025-11-27 04:25:13,4oml768wFnk,43984,3202,0,162
2025-11-27 04:25:13,jWFQ3A1Dtdg,279731,12189,0,1245
2025-11-27 04:25:13,CZP11p3DklQ,86732,3091,0,133
2025-11-27 04:25:13,nbzmTUB-FCs,20956,1304,0,192
2025-11-27 04:25:13,04-csl0RRJc,55769,1052,0,268
2025-11-27 04:25:13,S0UEqkus7FA,285374,11791,0,178
2025-11-27 04:25:13,dx4XsqUGm10,193596,18108,0,1352
2025-11-27 04:25:13,qIXl45sU0wk,121510,2803,0,26
2025-11-27 04:25:13,VXsWwTTgt78,256680,11875,0,73
2025-11-27 04:25:13,w32-xwPxDFk,12501,989,0,52
2025-11-27 04:25:13,z-aco1hi0Iw,151515,1720,0,258
2025-11-27 04:25:13,oWv2PwrJkTM,212492,11083,0,102
2025-11-27 04:25:13,DOmdfYIPBXE,338939,3083,0,87
2025-11-27 04:25:13,KSha-fc5EhA,93159,520,0,0
2025-11-27 04:25:13,2HwsSTLuA8A,143069,4126,0,457
2025-11-27 04:25:13,5-o_tvuKSfM,37923,2938,0,128
2025-11-27 04:25:13,tmVYOETfA10,56393,3548,0,89
2025-11-27 04:25:13,DSPV0RT3BJI,80793,,0,
2025-11-27 04:25:13,fiG_T-0zFT8,519588,30584,0,1439
2025-11-27 04:25:13,bZ2eyQcJ49o,135176,2414,0,351
2025-11-27 04:25:13,CvGT2o7-_ZA,80156,1535,0,12
2025-11-27 04:25:13,WVVv8Uyok_U,65172,3583,0,684
2025-11-27 04:25:13,AfKzB2lXo7I,3150,286,0,25
2025-11-27 04:25:13,_o05ucPBD7g,67291,1275,0,67
2025-11-27 04:25:13,TVqEwvbZP30,7538513,105645,0,10268
2025-11-27 04:25:13,L6tkKvVCs0Y,337446,13207,0,583
2025-11-27 04:25:13,6kWw9Nn4dIY,126000,5968,0,345
2025-11-27 04:25:13,ayjRv2g2UqY,822912,20083,0,807
2025-11-27 04:25:13,iKVcCmyqoik,105868,5813,0,221
2025-11-27 04:25:13,tXJJhKobuas,192141,2626,0,147
2025-11-27 04:25:13,OeMmb--HE6k,154780,4228,0,52
2025-11-27 04:25:13,kux5GmbZhVg,13617,860,0,19
2025-11-27 04:25:13,ITQYMtkP23E,290527,1379,0,0
2025-11-27 04:25:13,IW_KV5nqWRI,42093,226,0,11
2025-11-27 04:25:13,tdYPGxusaYs,20131,1995,0,129
2025-11-27 04:25:13,7gDl4S3wB14,498440,8387,0,822
2025-11-27 04:25:13,jvrrjeAYtzs,75875,232,0,0
2025-11-27 04:25:13,KC0-vIj7piY,217314,18025,0,227
2025-11-27 04:25:13,TAL-HXKac80,3425490,76507,0,2578
2025-11-27 04:25:13,dmBAMwBBxoM,151976,4517,0,376
2025-11-27 04:25:13,m0HhR1k9JEw,87643,197,0,5
2025-11-27 04:25:13,GxXpkps21Kc,303972,13045,0,229
2025-11-27 04:25:13,j-4AHlLg9XA,,104,0,0
2025-11-27 04:25:13,h09ng9lTOEM,168497,1509,0,8
2025-11-27 04:25:13,oslNxV_8Q2c,248653,10509,0,118
2025-11-27 04:25:13,STXcQAmoLPU,133322,1366,0,1
2025-11-27 04:25:13,6hIKI8RZ1ys,419503,6926,0,18
2025-11-27 04:25:13,WsLcF1ojgFU,45142,2916,0,414
2025-11-27 04:25:13,_6xcFXlJcX8,110022,1205,0,35
2025-11-27 04:25:13,PJyQaQosJpk,75728,845,0,15
2025-11-27 04:25:13,IcWvUlwcKAI,9637,1906,0,149
2025-11-27 04:25:13,kSmHmdAnDYc,198612,5949,0,762
2025-11-27 04:25:13,ScutqxM3z_s,183538,8114,0,462
2025-11-27 04:25:13,24VDsNgWNfw,80983,428,0,1
2025-11-27 04:25:13,e0okJjgNTl0,292944,2708,0,6
2025-11-27 04:25:13,VhzqSrscVP8,149966,6040,0,409
2025-11-27 04:25:13,hn17tmdaAzQ,695282,6487,0,104
2025-11-27 04:25:13,6ixvIIIxwlk,104459,1064,0,0
2025-11-27 04:25:13,NIGA89HGTBU,1500663,25428,0,1007
2025-11-27 04:25:13,vQ_NFqtGDgo,132873,22576,0,878
2025-11-27 04:25:13,ANU0lVGfWyo,438172,33462,0,2343
2025-11-27 04:25:13,4Xt_hR0KNvY,158183,12380,0,2324
2025-11-27 04:25:13,XILnJKGc0yo,214586,19834,0,3505
2025-11-27 04:25:13,6L7xTio0QyY,100581,5131,0,497
2025-11-27 04:25:13,eWetBwa4vVI,33801,2369,0,137
2025-11-27 04:25:13,D8gbtByJSI8,77203,369,0,2
2025-11-27 04:25:13,UfVkyXaTGcs,203204,5170,0,105
2025-11-27 04:25:13,miySB69T1xw,443914,12474,0,469
2025-11-27 04:25:13,8j4RM-bBYvA,25288,1248,0,448
2025-11-27 04:25:13,Bj6tJxDPzoY,184195,8958,0,279
2025-11-27 04:25:13,dCmNVtLsYzA,197737,9703,0,552
2025-11-27 04:25:13,JrI4_jUZe98,368415,62572,0,2094
2025-11-27 04:25:13,ineS6XL0vc8,72623,1931,0,73
2025-11-27 04:25:13,yRhin7unPeI,176259,5158,0,466
2025-11-27 04:25:13,3-caLm2c1XI,114570,3638,0,466
2025-11-27 04:25:13,taSKSaq5qh8,251463,4107,0,38
2025-11-27 04:25:13,Em805jfRVXs,244772,4685,0,549
2025-11-27 04:25:13,5ftlnz91DaM,162311,9897,0,488
2025-11-27 04:25:13,tLBq_jH5FDI,77809,1284,0,139
2025-11-27 04:25:13,QRTGKxrKBPM,487345,39858,0,1010
2025-11-27 04:25:13,xjUPVppl1DI,570385,10217,0,431
2025-11-27 04:25:13,ST05E_5kn2E,241576,4572,0,320
2025-11-27 04:25:13,W3eUZa56o0s,222979,3866,0,1506
2025-11-27 04:25:13,Iz7mRKij2ao,7877,535,0,21
2025-11-27 04:25:13,YMxjZF3gtoM,292279,13847,0,789
2025-11-27 04:25:13,G7eh40XgTiw,84662,1178,0,168
2025-11-27 04:25:13,Aj8AmqTQkAs,97324,1165,0,59
2025-11-27 04:25:13,vpXtzSpyV_8,4465043,21206,0,1073
2025-11-27 04:25:13,MRYXsF2lblY,204902,18567,0,1018
2025-11-27 04:25:13,hcJEQXJIALo,21038,3209,0,518
2025-11-27 04:25:13,7SoVjT-0Rhw,29958,1794,0,259
2025-11-27 04:25:13,x_RYZsOfpKY,12069625,291471,0,17695
2025-11-27 04:25:13,Gth1zEFH2TM,100653,2079,0,50
2025-11-27 04:25:13,uQc-pW3QLuI,7028391,126134,0,5183
2025-11-27 04:25:13,a72dN8ZWPWg,142948,3180,0,1789
2025-11-27 04:25:13,oLY17RG3OMI,284707,4981,0,283
2025-11-27 04:25:13,gSXQd_5ht0E,956719,23108,0,1039
2025-11-27 04:25:13,BiiDN0zgJ2Q,94299,722,0,0
2025-11-27 04:25:13,uOZRP1-dvhA,229656,2332,0,172
2025-11-27 04:25:13,WGyadbTx8bs,347239,12431,0,1040
2025-11-27 04:25:13,vIUORnIS_ug,314293,13405,0,1022
2025-11-27 04:25:13,tk9FDjJd6zM,36637,694,0,78
2025-11-27 04:25:13,k1yXf4L5bnc,114512,2763,0,152
2025-11-27 04:25:13,NkHjY_EaCgY,112620,1716,0,105
2025-11-27 04:25:13,JkKNqaEl9Aw,290470,19775,0,1770
2025-11-27 04:25:13,oVwGURkvEq4,144442,1767,0,660
2025-11-27 04:25:13,QebVV6D641k,231873,1209,0,787
2025-11-27 04:25:13,GJMOK14mB2c,110622,2719,0,142
2025-11-27 04:25:13,BDxXPvOdz50,157328,2428,0,641
2025-11-27 04:25:13,T8w3L1rS3o4,43434,2910,0,85
2025-11-27 04:25:13,LxMaia85m5Y,194215,3773,0,169
2025-11-27 04:25:13,OWpLhNyqeqg,75399,4758,0,426
2025-11-27 04:25:13,9XNqe5r8xHI,434812,6064,0,26
2025-11-27 04:25:13,4-6IONBWRMQ,108321,1704,0,33
2025-11-27 04:25:13,zLfnSXg0jKg,117003,3120,0,135
2025-11-27 04:25:13,1wRkbauiGU8,90672,2307,0,145
2025-11-27 04:25:13,G36amiUCkXU,406162,27138,0,5038
2025-11-27 04:25:13,HQdJ8dMeCHM,118177,711,0,1530
2025-11-27 04:25:13,dhzVHS8C_nc,82175,480,0,1
2025-11-27 04:25:13,6mP-mEHEQcw,250717,10343,0,1364
2025-11-27 04:25:13,dolefeooLzc,376479,5829,0,372
2025-11-27 04:25:13,C3jcxlsPYLE,183222,9302,0,58
2025-11-27 04:25:13,jRgzfKDTI7g,471687,11676,0,348
2025-11-27 04:25:13,llAI08UYyAw,2793589,347879,0,10724
2025-11-27 04:25:13,2NKK6Mg27XI,225803,14799,0,472
2025-11-27 04:25:13,P0OLVEm0pfM,66072,194,0,0
2025-11-27 04:25:13,gYEhRoknpZQ,108143,943,0,168
2025-11-27 04:25:13,Yy2ZovGi-Uk,350419,9373,0,144
2025-11-27 04:25:13,hXKJ0gHYQ6E,48758,266,0,20
2025-11-27 04:25:13,8gAg9uDn2Oo,271103,10762,0,438
2025-11-27 04:25:13,vQpF9mIiYFU,11350,278,0,22
2025-11-27 04:25:13,eHmQ_b0LkUA,414048,90131,0,3241
2025-11-27 04:25:13,81QYAxvO3Ik,191545,19124,0,1209
2025-11-27 04:25:13,UF4n5zmzx9A,217496,5175,0,268
2025-11-27 04:25:13,AmQXv7Pyqvw,72762,940,0,10
2025-11-27 04:25:13,U7wDhVWgd5w,52034,1098,0,7
2025-11-27 04:25:13,j-8vLi2sMg0,66313,6474,0,83
2025-11-27 04:25:13,fiSsGbfus6I,297502,2069,0,1243
2025-11-27 04:25:13,Am2ElEWNvTY,39259,2582,0,161
2025-11-27 04:25:13,xx3ZTvOhNoM,224709,8016,0,81
2025-11-27 04:25:13,eLCjlEYBN3U,289883,12100,0,961
2025-11-27 04:25:13,KDC-EOsNzAg,157077,22735,0,599
2025-11-27 04:25:13,tPMkWfK6N-E,110664,10024,0,505
2025-11-27 04:25:13,DG4ax7ec64o,665911,7881,0,328
2025-11-27 04:25:13,IW14wQJKSC4,100774,4076,0,148
2025-11-27 04:25:13,SdVBuVm_Sw8,,699,0,0
2025-11-27 04:25:13,cVL4bRjA6X0,403094,36682,0,1326
2025-11-27 04:25:13,NED7nev2ywQ,39001447,1339221,0,130379
2025-11-27 04:25:13,vMg1KAFAKiY,1039519,172274,0,9175
2025-11-27 04:25:13,XZ1FhU9XeEc,141480,1927,0,247
2025-11-27 04:25:13,JUYQapYmw74,120942,1400,0,3
2025-11-27 04:25:13,PtSwg--FueA,150849,1289,0,376
2025-11-27 04:25:13,yxXNIzrfPNQ,104372,6093,0,819
2025-11-27 04:25:13,xuL1CDdhsOg,211304,2077,0,1
2025-11-27 04:25:13,f8aS4qwuO7k,146358,8561,0,73
2025-11-27 04:25:13,ygIwtR2txaw,285265,10787,0,258
2025-11-27 04:25:13,VWg0218G38c,74178,854,0,165
2025-11-27 04:25:13,BsyEN86cR0U,239243,7333,0,74
2025-11-27 04:25:13,l57EJ_eLsIc,178092,1566,0,602
2025-11-27 04:25:13,-3TOkp_6gRQ,489953,9255,0,88
2025-11-27 04:25:13,55xYiuSAp5c,297819,4578,0,19
2025-11-27 04:25:13,MarWse2JmWU,288076,3292,0,24
2025-11-27 04:25:13,LcpCd9VXGjE,333737,1573,0,0
2025-11-27 04:25:13,rOZV4RZrA3A,203031,2081,0,6
2025-11-27 04:25:13,xZFWSWcQ3As,109591,1225,0,78
2025-11-27 04:25:13,4Ddbjkyy2C0,119618,836,0,0
2025-11-27 04:25:13,dqMImJF-rgA,134421,3953,0,339
2025-11-27 04:25:13,Kc7TkgWiWrc,26746,929,0,35
2025-11-27 04:25:13,nDeKfR5iBxY,844698,39473,0,1433
2025-11-27 04:25:13,SWdjfMIkQCg,157781,2193,0,164
2025-11-27 04:25:13,0-74AHbFWic,154076,11749,0,626
2025-11-27 04:25:13,kuetvJE_C_U,150808,3976,0,66
2025-11-26 20:31:41,Bj6tJxDPzoY,63954,5224,0,207
2025-11-26 20:31:41,599nhYHHvQo,,839,0,0
2025-11-26 20:31:41,hn17tmdaAzQ,685701,6470,0,99
2025-11-26 20:31:41,ITQYMtkP23E,290380,1382,0,0
2025-11-26 20:31:41,CZP11p3DklQ,65930,2660,0,122
2025-11-26 20:31:41,DSPV0RT3BJI,75400,,0,
2025-11-26 20:31:41,u66QoyjtANg,141298,1098,0,0
2025-11-26 20:31:41,NkHjY_EaCgY,101152,1636,0,102
2025-11-26 20:31:41,QebVV6D641k,228514,1195,0,780
2025-11-26 20:31:41,vQpF9mIiYFU,8251,251,0,22
2025-11-26 20:31:41,Rc8f268ueOE,160955,1691,0,393
2025-11-26 20:31:41,FFXSoSl_lGg,112268,4931,0,175
2025-11-26 20:31:41,ZXrcsNlbtgs,104994,911,0,0
2025-11-26 20:31:41,h09ng9lTOEM,168383,1511,0,8
2025-11-26 20:31:41,HP8qpxRpIW8,611484,27868,0,923
2025-11-26 20:31:41,j-8vLi2sMg0,52518,5830,0,78
2025-11-26 20:31:41,qEGsMTo-adg,20702,1752,0,212
2025-11-26 20:31:41,qIXl45sU0wk,119764,2785,0,25
2025-11-26 20:31:41,IftQ9zQ06-0,117504,1874,0,259
2025-11-26 20:31:41,qUgLxkENl6c,53222,5392,0,290
2025-11-26 20:31:41,2HwsSTLuA8A,141602,4106,0,456
2025-11-26 20:31:41,MRYXsF2lblY,193715,18195,0,1002
2025-11-26 20:31:41,IcWvUlwcKAI,9216,1877,0,146
2025-11-26 20:31:41,HIE0fSPuvLY,167515,811,0,20
2025-11-26 20:31:41,kuetvJE_C_U,150478,3974,0,66
2025-11-26 20:31:41,KSha-fc5EhA,93117,521,0,0
2025-11-26 20:31:41,zupf7Kwx6v4,141921,2771,0,174
2025-11-26 20:31:41,v55qDr_jJFA,13776,1351,0,91
2025-11-26 20:31:41,ex7ieF2B09A,222243,3617,0,190
2025-11-26 20:31:41,Gth1zEFH2TM,93722,2011,0,51
2025-11-26 20:31:41,4Ddbjkyy2C0,119582,836,0,0
2025-11-26 20:31:41,a72dN8ZWPWg,136221,3095,0,1766
2025-11-26 20:31:41,LxMaia85m5Y,180624,3658,0,168
2025-11-26 20:31:41,XtTT5XdZVpw,113004,4575,0,217
2025-11-26 20:31:41,ayjRv2g2UqY,747997,19826,0,801
2025-11-26 20:31:41,UfVkyXaTGcs,195775,5085,0,104
2025-11-26 20:31:41,dIPZHyTBFz0,111062,1622,0,220
2025-11-26 20:31:41,cBPtIHuFa_o,85460,3488,0,371
2025-11-26 20:31:41,KDC-EOsNzAg,146074,21920,0,584
2025-11-26 20:31:41,BM13CSsDrV8,7517,383,0,0
2025-11-26 20:31:41,I9U5JRfZ4bA,31824,924,0,150
2025-11-26 20:31:41,e0okJjgNTl0,292522,2711,0,6
2025-11-26 20:31:41,-3TOkp_6gRQ,487919,9238,0,88
2025-11-26 20:31:41,PwaldW6SXwE,20962,2307,0,214
2025-11-26 20:31:41,G_3xr5desOo,86747,2895,0,108
2025-11-26 20:31:41,BT4XRgmCjjQ,211933,,0,34
2025-11-26 20:31:41,b1OwvLh8HnU,11513,276,0,7
2025-11-26 20:31:41,BNWYJZp2CbQ,47881,445,0,22
2025-11-26 20:31:41,GJMOK14mB2c,105474,2660,0,141
2025-11-26 20:31:41,1wRkbauiGU8,49116,1781,0,120
2025-11-26 20:31:41,XZ1FhU9XeEc,133764,1860,0,243
2025-11-26 20:31:41,tk9FDjJd6zM,33793,671,0,76
2025-11-26 20:31:41,JrI4_jUZe98,304372,56302,0,1996
2025-11-26 20:31:41,3rGi2kiSzkA,41886,2422,0,106
2025-11-26 20:31:41,HQdJ8dMeCHM,112109,705,0,1523
2025-11-26 20:31:41,UFozBQrnmII,787414,25264,0,420
2025-11-26 20:31:41,VXsWwTTgt78,255190,11847,0,73
2025-11-26 20:31:41,5-o_tvuKSfM,6658,1381,0,66
2025-11-26 20:31:41,-dfR8iYqwK4,193263,3404,0,486
2025-11-26 20:31:41,_o05ucPBD7g,39404,1073,0,59
2025-11-26 20:31:41,0GICIe0Tgf8,10051,826,0,28
2025-11-26 20:31:41,zLfnSXg0jKg,112713,3073,0,136
2025-11-26 20:31:41,KO6gxf8vXJQ,228903,526,0,1
2025-11-26 20:31:41,vQ_NFqtGDgo,94891,18557,0,775
2025-11-26 20:31:41,dqMImJF-rgA,128717,3927,0,337
2025-11-26 20:31:41,j6TnwWfuf-I,87658,2012,0,112
2025-11-26 20:31:41,04-csl0RRJc,54847,1046,0,266
2025-11-26 20:31:41,oslNxV_8Q2c,247861,10500,0,118
2025-11-26 20:31:41,6kWw9Nn4dIY,107287,5585,0,333
2025-11-26 20:31:41,YMxjZF3gtoM,272856,13438,0,776
2025-11-26 20:31:41,UF4n5zmzx9A,210395,5114,0,267
2025-11-26 20:31:41,8gAg9uDn2Oo,83167,5917,0,282
2025-11-26 20:31:41,JUYQapYmw74,120763,1401,0,3
2025-11-26 20:31:41,SnCG-_lf74w,656639,19711,0,974
2025-11-26 20:31:41,z-aco1hi0Iw,145925,1681,0,257
2025-11-26 20:31:41,b9z3Iaz5Zrc,60013,4402,0,268
2025-11-26 20:31:41,OWpLhNyqeqg,68392,4633,0,422
2025-11-26 20:31:41,WsLcF1ojgFU,42023,2850,0,408
2025-11-26 20:31:41,7gDl4S3wB14,491503,8346,0,816
2025-11-26 20:31:41,24VDsNgWNfw,80780,426,0,1
2025-11-26 20:31:41,x15pDRtzYno,128497,1602,0,192
2025-11-26 20:31:41,jWFQ3A1Dtdg,230729,11330,0,1156
2025-11-26 20:31:41,oVwGURkvEq4,142031,1755,0,655
2025-11-26 20:31:41,XILnJKGc0yo,185350,19325,0,3379
2025-11-26 20:31:41,VhzqSrscVP8,146216,6004,0,408
2025-11-26 20:31:41,TAL-HXKac80,3242190,74339,0,2482
2025-11-26 20:31:41,IW_KV5nqWRI,41823,226,0,10
2025-11-26 20:31:41,miySB69T1xw,396425,11921,0,453
2025-11-26 20:31:41,aHKMl9HVqZQ,122274,3985,0,331
2025-11-26 20:31:41,L6tkKvVCs0Y,274723,12927,0,575
2025-11-26 20:31:41,sgi_eji-ysM,271086,5423,0,67
2025-11-26 20:31:41,x_RYZsOfpKY,11464664,280751,0,17310
2025-11-26 20:31:41,xjUPVppl1DI,477874,9443,0,405
2025-11-26 20:31:41,vpXtzSpyV_8,3725238,20428,0,1043
2025-11-26 20:31:41,l57EJ_eLsIc,163540,1525,0,589
2025-11-26 20:31:41,5ftlnz91DaM,155162,9702,0,483
2025-11-26 20:31:41,BsyEN86cR0U,234605,7340,0,71
2025-11-26 20:31:41,Zvh5BE2Guik,253546,10795,0,188
2025-11-26 20:31:41,nDeKfR5iBxY,807581,38242,0,1417
2025-11-26 20:31:41,gYEhRoknpZQ,106470,932,0,169
2025-11-26 20:31:41,j-4AHlLg9XA,,104,0,0
2025-11-26 20:31:41,tXJJhKobuas,175333,2504,0,146
2025-11-26 20:31:41,55xYiuSAp5c,291216,4541,0,16
2025-11-26 20:31:41,kux5GmbZhVg,9696,690,0,14
2025-11-26 20:31:41,DyINvuS9P34,88626,1822,0,42
2025-11-26 20:31:41,ANU0lVGfWyo,404262,32191,0,2294
2025-11-26 20:31:41,jRgzfKDTI7g,463202,11561,0,346
2025-11-26 20:31:41,kSmHmdAnDYc,99260,4358,0,606
2025-11-26 20:31:41,P0OLVEm0pfM,65968,194,0,0
2025-11-26 20:31:41,dx4XsqUGm10,176828,17752,0,1335
2025-11-26 20:31:41,dolefeooLzc,355882,5674,0,367
2025-11-26 20:31:41,QJpTBz916MI,1029610,106063,0,2882
2025-11-26 20:31:41,Caa-UHhl8Gw,62130,2195,0,178
2025-11-26 20:31:41,BDxXPvOdz50,154294,2406,0,635
2025-11-26 20:31:41,uQc-pW3QLuI,6968813,125451,0,5159
2025-11-26 20:31:41,cVL4bRjA6X0,381492,36047,0,1307
2025-11-26 20:31:41,4-6IONBWRMQ,107086,1691,0,33
2025-11-26 20:31:41,2j2jXv6Juxc,59143,1543,0,49
2025-11-26 20:31:41,tPMkWfK6N-E,106664,9917,0,498
2025-11-26 20:31:41,hXKJ0gHYQ6E,48665,266,0,20
2025-11-26 20:31:41,NED7nev2ywQ,38249645,1330074,0,128936
2025-11-26 20:31:41,LUQ28DBF7EU,160755,3870,0,318
2025-11-26 20:31:41,yxXNIzrfPNQ,98902,6014,0,809
2025-11-26 20:31:41,7SoVjT-0Rhw,27631,1754,0,252
2025-11-26 20:31:41,NIGA89HGTBU,1022935,21305,0,953
2025-11-26 20:31:41,dmBAMwBBxoM,123620,4204,0,367
2025-11-26 20:31:41,Yy2ZovGi-Uk,348921,9360,0,142
2025-11-26 20:31:41,kCnD_dMyJ3M,78954,2583,0,0
2025-11-26 20:31:41,4l9Ni3tjbwM,1061525,12083,0,124
2025-11-26 20:31:41,TVqEwvbZP30,4036685,102063,0,9199
2025-11-26 20:31:41,tmVYOETfA10,50958,3402,0,89
2025-11-26 20:31:41,dCmNVtLsYzA,191983,9537,0,545
2025-11-26 20:31:41,oLY17RG3OMI,274167,4853,0,279
2025-11-26 20:31:41,k1yXf4L5bnc,112249,2720,0,150
2025-11-26 20:31:41,lUHLwBOY04I,156417,16145,0,325
2025-11-26 20:31:41,vIUORnIS_ug,283528,12942,0,983
2025-11-26 20:31:41,xZFWSWcQ3As,108062,1214,0,78
2025-11-26 20:31:41,fiSsGbfus6I,262334,1970,0,1179
2025-11-26 20:31:41,4oml768wFnk,41970,3175,0,160
2025-11-26 20:31:41,qJvjFBhQ6vQ,174978,2215,0,65
2025-11-26 20:31:41,QRTGKxrKBPM,463219,39184,0,998
2025-11-26 20:31:41,JkKNqaEl9Aw,159436,18055,0,1672
2025-11-26 20:31:41,8j4RM-bBYvA,21716,1223,0,433
2025-11-26 20:31:41,s5dFrPwvbHY,181961,29569,0,1463
2025-11-26 20:31:41,W3eUZa56o0s,220221,3843,0,1499
2025-11-26 20:31:41,D8gbtByJSI8,77161,371,0,2
2025-11-26 20:31:41,Em805jfRVXs,176759,3902,0,476
2025-11-26 20:31:41,Kc7TkgWiWrc,20135,808,0,34
2025-11-26 20:31:41,S3Q33-4q1xo,107361,1271,0,82
2025-11-26 20:31:41,G7eh40XgTiw,79786,1164,0,161
2025-11-26 20:31:41,U7wDhVWgd5w,52012,1097,0,7
2025-11-26 20:31:41,llAI08UYyAw,2579893,339138,0,10608
2025-11-26 20:31:41,6L7xTio0QyY,79484,5095,0,491
2025-11-26 20:31:41,7bqePXphj2g,238105,17508,0,1507
2025-11-26 20:31:41,eLCjlEYBN3U,135559,9162,0,780
2025-11-26 20:31:41,9XNqe5r8xHI,432337,6046,0,26
2025-11-26 20:31:41,gSXQd_5ht0E,678032,22742,0,1031
2025-11-26 20:31:41,0-74AHbFWic,149191,11634,0,625
2025-11-26 20:31:41,Gln8wDtITJ4,34469,2453,0,199
2025-11-26 20:31:41,taSKSaq5qh8,249832,4105,0,38
2025-11-26 20:31:41,wUGh03rLZbY,120231,3753,0,257
2025-11-26 20:31:41,A3Ki9cI9T9w,93246,2195,0,561
2025-11-26 20:31:41,SWdjfMIkQCg,153416,2172,0,162
2025-11-26 20:31:41,WGyadbTx8bs,308354,11488,0,1001
2025-11-26 20:31:41,DG4ax7ec64o,631252,7567,0,322
2025-11-26 20:31:41,nzbbL07maKA,55410,4842,0,222
2025-11-26 20:31:41,BFaHdJVDmXY,49227,3600,0,151
2025-11-26 20:31:41,f8aS4qwuO7k,145336,8555,0,71
2025-11-26 20:31:41,2NKK6Mg27XI,207203,14300,0,466
2025-11-26 20:31:41,MarWse2JmWU,287887,3294,0,24
2025-11-26 20:31:41,ygIwtR2txaw,274995,10592,0,256
2025-11-26 20:31:41,6oS55kztPlE,12092,887,0,26
2025-11-26 20:31:41,DOmdfYIPBXE,335408,3071,0,87
2025-11-26 20:31:41,PtSwg--FueA,139018,1247,0,372
2025-11-26 20:31:41,6mP-mEHEQcw,232835,10066,0,1342
2025-11-26 20:31:41,GxXpkps21Kc,302864,13033,0,229
2025-11-26 20:31:41,Iz7mRKij2ao,2278,298,0,10
2025-11-26 20:31:41,SdVBuVm_Sw8,,699,0,0
2025-11-26 20:31:41,AmQXv7Pyqvw,72685,938,0,10
2025-11-26 20:31:41,6ixvIIIxwlk,104215,1068,0,0
2025-11-26 20:31:41,IW14wQJKSC4,96478,4028,0,148
2025-11-26 20:31:41,uOZRP1-dvhA,224307,2287,0,172
2025-11-26 20:31:41,fiG_T-0zFT8,497355,30186,0,1435
2025-11-26 20:31:41,vMg1KAFAKiY,1002166,168905,0,9032
2025-11-26 20:31:41,_6xcFXlJcX8,107961,1192,0,35
2025-11-26 20:31:41,81QYAxvO3Ik,182498,18803,0,1191
2025-11-26 20:31:41,3-caLm2c1XI,44690,2335,0,336
2025-11-26 20:31:41,iKVcCmyqoik,91053,5611,0,210
2025-11-26 20:31:41,PJyQaQosJpk,75074,849,0,15
2025-11-26 20:31:41,eHmQ_b0LkUA,386753,87070,0,3222
2025-11-26 20:31:41,Pzqzy2ZIcLI,170340,9427,0,47
2025-11-26 20:31:41,Aj8AmqTQkAs,94018,1140,0,59
2025-11-26 20:31:41,cl-BT6bDxEI,115707,3269,0,189
2025-11-26 20:31:41,G36amiUCkXU,357548,25829,0,4666
2025-11-26 20:31:41,ScutqxM3z_s,133733,7278,0,430
2025-11-26 20:31:41,CvGT2o7-_ZA,81236,1539,0,11
2025-11-26 20:31:41,ST05E_5kn2E,221152,4333,0,313
2025-11-26 20:31:41,xuL1CDdhsOg,211258,2077,0,1
2025-11-26 20:31:41,dhzVHS8C_nc,82164,480,0,1
2025-11-26 20:31:41,IZ9kqxCDvAs,720899,30057,0,1980
2025-11-26 20:31:41,nbzmTUB-FCs,19764,1287,0,191
2025-11-26 20:31:41,qFdZAyr_xmw,110592,3760,0,561
2025-11-26 20:31:41,6hIKI8RZ1ys,419357,6928,0,18
2025-11-26 20:31:41,fCDvm0Y3qkw,291915,15379,0,174
2025-11-26 20:31:41,eWetBwa4vVI,28177,2191,0,130
2025-11-26 20:31:41,4Xt_hR0KNvY,140892,11756,0,2226
2025-11-26 20:31:41,koeM_jz4CdM,374326,14419,0,1462
2025-11-26 20:31:41,9SaAfQ6eACQ,71782,1040,0,209
2025-11-26 20:31:41,I52yC34Ji2k,168468,29063,0,1230
2025-11-26 20:31:41,m0HhR1k9JEw,87635,198,0,5
2025-11-26 20:31:41,xx3ZTvOhNoM,217317,7999,0,74
2025-11-26 20:31:41,snH3HQSF7Ew,241979,3937,0,694
2025-11-26 20:31:41,yRhin7unPeI,170018,5065,0,464
2025-11-26 20:31:41,xcqjxAXsbHU,550260,26970,0,1188
2025-11-27 05:35:08,Caa-UHhl8Gw,87510,2587,0,200
2025-11-27 05:35:08,h09ng9lTOEM,168488,1509,0,8
2025-11-27 05:35:08,WsLcF1ojgFU,45234,2919,0,414
2025-11-27 05:35:08,HQdJ8dMeCHM,118435,711,0,1531
2025-11-27 05:35:08,AmQXv7Pyqvw,72775,940,0,10
2025-11-27 05:35:08,4Xt_hR0KNvY,158712,12398,0,2328
2025-11-27 05:35:08,4oml768wFnk,43984,3202,0,162
2025-11-27 05:35:08,_6xcFXlJcX8,110134,1207,0,35
2025-11-27 05:35:08,24VDsNgWNfw,81040,428,0,1
2025-11-27 05:35:08,dmBAMwBBxoM,152630,4522,0,377
2025-11-27 05:35:08,3-caLm2c1XI,116437,3665,0,467
2025-11-27 05:35:08,I52yC34Ji2k,258508,38149,0,1501
2025-11-27 05:35:08,81QYAxvO3Ik,192074,19147,0,1208
2025-11-27 05:35:08,BsyEN86cR0U,239358,7337,0,74
2025-11-27 05:35:08,YMxjZF3gtoM,292931,13852,0,789
2025-11-27 05:35:08,Am2ElEWNvTY,40934,2629,0,162
2025-11-27 05:35:08,rOZV4RZrA3A,203109,2085,0,6
2025-11-27 05:35:08,aHKMl9HVqZQ,134283,4158,0,334
2025-11-27 05:35:08,S3Q33-4q1xo,110845,1292,0,84
2025-11-27 05:35:08,Bj6tJxDPzoY,189206,9017,0,281
2025-11-27 05:35:08,C3jcxlsPYLE,185258,9357,0,61
2025-11-27 05:35:08,fiSsGbfus6I,299450,2070,0,1245
2025-11-27 05:35:08,3rGi2kiSzkA,48684,2590,0,109
2025-11-27 05:35:08,LxMaia85m5Y,194777,3779,0,169
2025-11-27 05:35:08,IcWvUlwcKAI,9637,1906,0,149
2025-11-27 05:35:08,SWdjfMIkQCg,157884,2194,0,164
2025-11-27 05:35:08,tXJJhKobuas,192717,2633,0,147
2025-11-27 05:35:08,eLCjlEYBN3U,290717,12130,0,967
2025-11-27 05:35:08,Em805jfRVXs,247492,4715,0,554
2025-11-27 05:35:08,dIPZHyTBFz0,172923,2008,0,253
2025-11-27 05:35:08,dCmNVtLsYzA,198183,9725,0,552
2025-11-27 05:35:08,zupf7Kwx6v4,143896,2791,0,175
2025-11-27 05:35:08,9SaAfQ6eACQ,75648,1063,0,209
2025-11-27 05:35:08,4l9Ni3tjbwM,1064825,12107,0,125
2025-11-27 05:35:08,dhzVHS8C_nc,82174,480,0,1
2025-11-27 05:35:08,9XNqe5r8xHI,434984,6064,0,26
2025-11-27 05:35:08,ayjRv2g2UqY,824131,20091,0,807
2025-11-27 05:35:08,XtTT5XdZVpw,116205,4603,0,217
2025-11-27 05:35:08,8j4RM-bBYvA,25369,1248,0,448
2025-11-27 05:35:08,2j2jXv6Juxc,124368,1893,0,73
2025-11-27 05:35:08,Aj8AmqTQkAs,97449,1165,0,59
2025-11-27 05:35:08,v55qDr_jJFA,24002,1686,0,108
2025-11-27 05:35:08,tdYPGxusaYs,20644,2019,0,129
2025-11-27 05:35:08,BNWYJZp2CbQ,48359,450,0,22
2025-11-27 05:35:08,s5dFrPwvbHY,200812,30733,0,1475
2025-11-27 05:35:08,BiiDN0zgJ2Q,94674,722,0,0
2025-11-27 05:35:08,z-aco1hi0Iw,151647,1720,0,258
2025-11-27 05:35:08,WGyadbTx8bs,348436,12449,0,1040
2025-11-27 05:35:08,qJvjFBhQ6vQ,184265,2277,0,68
2025-11-27 05:35:08,IftQ9zQ06-0,134019,1969,0,274
2025-11-27 05:35:08,qFdZAyr_xmw,177064,4680,0,652
2025-11-27 05:35:08,ANU0lVGfWyo,441601,33616,0,2349
2025-11-27 05:35:08,UFozBQrnmII,793629,25336,0,423
2025-11-27 05:35:08,hcJEQXJIALo,21420,3229,0,521
2025-11-27 05:35:08,MRYXsF2lblY,205486,18587,0,1019
2025-11-27 05:35:08,OeMmb--HE6k,157119,4265,0,53
2025-11-27 05:35:08,5ftlnz91DaM,162561,9902,0,488
2025-11-27 05:35:08,T8w3L1rS3o4,44661,2959,0,87
2025-11-27 05:35:08,yxXNIzrfPNQ,104273,6093,0,819
2025-11-27 05:35:08,CZP11p3DklQ,87196,3100,0,134
2025-11-27 05:35:08,jRgzfKDTI7g,472095,11677,0,348
2025-11-27 05:35:08,dx4XsqUGm10,193966,18111,0,1352
2025-11-27 05:35:08,7gDl4S3wB14,498440,8387,0,822
2025-11-27 05:35:08,P0OLVEm0pfM,66069,194,0,0
2025-11-27 05:35:08,eWetBwa4vVI,33891,2375,0,137
2025-11-27 05:35:08,ES9oYbzYCh8,253944,41782,0,1428
2025-11-27 05:35:08,Rc8f268ueOE,202642,1818,0,417
2025-11-27 05:35:08,hXKJ0gHYQ6E,48766,266,0,20
2025-11-27 05:35:08,-dfR8iYqwK4,197743,3436,0,491
2025-11-27 05:35:08,6ixvIIIxwlk,104490,1064,0,0
2025-11-27 05:35:08,L6tkKvVCs0Y,341750,13223,0,583
2025-11-27 05:35:08,hn17tmdaAzQ,695742,6487,0,104
2025-11-27 05:35:08,yRhin7unPeI,176447,5161,0,466
2025-11-27 05:35:08,vMg1KAFAKiY,1042817,172550,0,9188
2025-11-27 05:35:08,ZXrcsNlbtgs,105020,911,0,0
2025-11-27 05:35:08,0GICIe0Tgf8,13383,951,0,30
2025-11-27 05:35:08,PJyQaQosJpk,75729,845,0,15
2025-11-27 05:35:08,kCnD_dMyJ3M,84916,2635,0,0
2025-11-27 05:35:08,FFXSoSl_lGg,118771,5013,0,177
2025-11-27 05:35:08,zLfnSXg0jKg,117095,3124,0,135
2025-11-27 05:35:08,dolefeooLzc,377817,5832,0,373
2025-11-27 05:35:08,sgi_eji-ysM,272660,5433,0,67
2025-11-27 05:35:08,D8gbtByJSI8,77199,369,0,2
2025-11-27 05:35:08,KDC-EOsNzAg,157698,22788,0,598
2025-11-27 05:35:08,e0okJjgNTl0,292945,2708,0,6
2025-11-27 05:35:08,STXcQAmoLPU,133350,1367,0,1
2025-11-27 05:35:08,cl-BT6bDxEI,120494,3331,0,191
2025-11-27 05:35:08,jWFQ3A1Dtdg,281945,12207,0,1247
2025-11-27 05:35:08,MarWse2JmWU,288135,3292,0,24
2025-11-27 05:35:08,UF4n5zmzx9A,217764,5178,0,268
2025-11-27 05:35:08,JkKNqaEl9Aw,294834,19897,0,1775
2025-11-27 05:35:08,WVVv8Uyok_U,70871,3646,0,687
2025-11-27 05:35:08,TAL-HXKac80,3459064,76799,0,2589
2025-11-27 05:35:08,VWg0218G38c,78120,887,0,171
2025-11-27 05:35:08,xjUPVppl1DI,574137,10239,0,432
2025-11-27 05:35:08,0-74AHbFWic,154233,11751,0,626
2025-11-27 05:35:08,NED7nev2ywQ,39102698,1340588,0,130865
2025-11-27 05:35:08,taSKSaq5qh8,251463,4107,0,38
2025-11-27 05:35:08,QRTGKxrKBPM,488267,39877,0,1010
2025-11-27 05:35:08,G_3xr5desOo,103276,3120,0,115
2025-11-27 05:35:08,nzbbL07maKA,114889,6249,0,260
2025-11-27 05:35:08,oVwGURkvEq4,144530,1767,0,660
2025-11-27 05:35:08,4-6IONBWRMQ,108376,1705,0,33
2025-11-27 05:35:08,1wRkbauiGU8,91401,2314,0,146
2025-11-27 05:35:08,qEGsMTo-adg,23067,1807,0,219
2025-11-27 05:35:08,Zvh5BE2Guik,252430,10738,0,193
2025-11-27 05:35:08,2NKK6Mg27XI,226851,14827,0,472
2025-11-27 05:35:08,55xYiuSAp5c,298346,4579,0,19
2025-11-27 05:35:08,kuetvJE_C_U,150835,3976,0,66
2025-11-27 05:35:08,XZ1FhU9XeEc,141830,1930,0,248
2025-11-27 05:35:08,G36amiUCkXU,407594,27164,0,5045
2025-11-27 05:35:08,ScutqxM3z_s,184364,8129,0,463
2025-11-27 05:35:08,6hIKI8RZ1ys,419531,6925,0,18
2025-11-27 05:35:08,BFaHdJVDmXY,66165,4062,0,172
2025-11-27 05:35:08,PwaldW6SXwE,25165,2453,0,227
2025-11-27 05:35:08,AfKzB2lXo7I,3468,311,0,27
2025-11-27 05:35:08,UfVkyXaTGcs,203450,5173,0,105
2025-11-27 05:35:08,ygIwtR2txaw,285663,10794,0,258
2025-11-27 05:35:08,ITQYMtkP23E,290533,1378,0,0
2025-11-27 05:35:08,LcpCd9VXGjE,333780,1573,0,0
2025-11-27 05:35:08,NIGA89HGTBU,1521188,25890,0,1009
2025-11-27 05:35:08,vIUORnIS_ug,316416,13461,0,1025
2025-11-27 05:35:08,LUQ28DBF7EU,162906,3901,0,319
2025-11-27 05:35:08,gYEhRoknpZQ,108250,944,0,168
2025-11-27 05:35:08,x_RYZsOfpKY,12111282,292576,0,17727
2025-11-27 05:35:08,GJMOK14mB2c,110750,2722,0,142
2025-11-27 05:35:08,DOmdfYIPBXE,338939,3083,0,87
2025-11-27 05:35:08,SdVBuVm_Sw8,,699,0,0
2025-11-27 05:35:08,nbzmTUB-FCs,20956,1304,0,192
2025-11-27 05:35:08,599nhYHHvQo,,839,0,0
2025-11-27 05:35:08,Lj1Qi3-zQgg,17113,3514,0,132
2025-11-27 05:35:08,JUYQapYmw74,120942,1400,0,3
2025-11-27 05:35:08,HIE0fSPuvLY,167545,811,0,20
2025-11-27 05:35:08,G7eh40XgTiw,84718,1178,0,168
2025-11-27 05:35:08,tk9FDjJd6zM,36742,694,0,78
2025-11-27 05:35:08,tLBq_jH5FDI,79971,1302,0,140
2025-11-27 05:35:08,ST05E_5kn2E,242294,4578,0,320
2025-11-27 05:35:08,NkHjY_EaCgY,112875,1718,0,105
2025-11-27 05:35:08,OWpLhNyqeqg,75646,4761,0,427
2025-11-27 05:35:08,6kWw9Nn4dIY,126579,5976,0,347
2025-11-27 05:35:08,4Ddbjkyy2C0,119634,836,0,0
2025-11-27 05:35:08,fCDvm0Y3qkw,297835,15427,0,179
2025-11-27 05:35:08,bZ2eyQcJ49o,136809,2428,0,351
2025-11-27 05:35:08,oslNxV_8Q2c,248687,10510,0,118
2025-11-27 05:35:08,cVL4bRjA6X0,405535,36750,0,1329
2025-11-27 05:35:08,w32-xwPxDFk,12716,998,0,52
2025-11-27 05:35:08,fiG_T-0zFT8,520578,30602,0,1439
2025-11-27 05:35:08,HP8qpxRpIW8,719113,30893,0,964
2025-11-27 05:35:08,BT4XRgmCjjQ,214038,,0,35
2025-11-27 05:35:08,xuL1CDdhsOg,211304,2077,0,1
2025-11-27 05:35:08,llAI08UYyAw,2824323,349220,0,10740
2025-11-27 05:35:08,StcmgD_0aRI,116988,9144,0,2387
2025-11-27 05:35:08,qUgLxkENl6c,90968,6170,0,316
2025-11-27 05:35:08,Yy2ZovGi-Uk,350514,9375,0,144
2025-11-27 05:35:08,xZFWSWcQ3As,109608,1226,0,78
2025-11-27 05:35:08,KSha-fc5EhA,93159,520,0,0
2025-11-27 05:35:08,qIXl45sU0wk,121608,2805,0,26
2025-11-27 05:35:08,6L7xTio0QyY,100876,5134,0,497
2025-11-27 05:35:08,j-4AHlLg9XA,,104,0,0
2025-11-27 05:35:08,-3TOkp_6gRQ,490119,9256,0,88
2025-11-27 05:35:08,04-csl0RRJc,55789,1052,0,269
2025-11-27 05:35:08,7SoVjT-0Rhw,30054,1796,0,259
2025-11-27 05:35:08,xx3ZTvOhNoM,221394,8021,0,81
2025-11-27 05:35:08,m0HhR1k9JEw,87645,196,0,5
2025-11-27 05:35:08,nDeKfR5iBxY,846560,39532,0,1433
2025-11-27 05:35:08,QebVV6D641k,232053,1209,0,787
2025-11-27 05:35:08,6oS55kztPlE,17074,992,0,29
2025-11-27 05:35:08,lUHLwBOY04I,165016,16666,0,336
2025-11-27 05:35:08,jvrrjeAYtzs,76131,232,0,0
2025-11-27 05:35:08,7bqePXphj2g,255880,18013,0,1548
2025-11-27 05:35:08,CO0MSU3fqAQ,11582,1882,0,111
2025-11-27 05:35:08,IW14wQJKSC4,100908,4077,0,148
2025-11-27 05:35:08,QJpTBz916MI,1057463,106936,0,2893
2025-11-27 05:35:08,w0ZQp2CmHHw,103417,1931,0,194
2025-11-27 05:35:08,cBPtIHuFa_o,94006,3651,0,378
2025-11-27 05:35:08,Pzqzy2ZIcLI,171081,9446,0,48
2025-11-27 05:35:08,miySB69T1xw,444401,12481,0,469
2025-11-27 05:35:08,DG4ax7ec64o,666710,7889,0,328
2025-11-27 05:35:08,ex7ieF2B09A,240512,3808,0,194
2025-11-27 05:35:08,a72dN8ZWPWg,142989,3182,0,1789
2025-11-27 05:35:08,ineS6XL0vc8,73714,1945,0,73
2025-11-27 05:35:08,vQ_NFqtGDgo,135502,22857,0,891
2025-11-27 05:35:08,f8aS4qwuO7k,146406,8561,0,73
2025-11-27 05:35:08,gSXQd_5ht0E,978454,23116,0,1039
2025-11-27 05:35:08,vpXtzSpyV_8,4595459,21313,0,1078
2025-11-27 05:35:08,kSmHmdAnDYc,200978,5985,0,764
2025-11-27 05:35:08,JrI4_jUZe98,372110,63036,0,2101
2025-11-27 05:35:08,9jrVtT2nPgQ,22375,3676,0,93
2025-11-27 05:35:08,uOZRP1-dvhA,229864,2334,0,172
2025-11-27 05:35:08,pzLTGAwn0a4,35999,5551,0,441
2025-11-27 05:35:08,8gAg9uDn2Oo,275525,10822,0,440
2025-11-27 05:35:08,oWv2PwrJkTM,213835,11124,0,105
2025-11-27 05:35:08,k1yXf4L5bnc,114591,2764,0,152
2025-11-27 05:35:08,KO6gxf8vXJQ,228917,526,0,1
2025-11-27 05:35:08,DSPV0RT3BJI,80938,,0,
2025-11-27 05:35:08,kux5GmbZhVg,13750,862,0,19
2025-11-27 05:35:08,Gth1zEFH2TM,100839,2083,0,50
2025-11-27 05:35:08,F2B4VITJfb0,85264,1886,0,223
2025-11-27 05:35:08,2HwsSTLuA8A,143131,4128,0,457
2025-11-27 05:35:08,W3eUZa56o0s,222998,3867,0,1506
2025-11-27 05:35:08,j6TnwWfuf-I,95610,2076,0,115
2025-11-27 05:35:08,snH3HQSF7Ew,244652,3957,0,701
2025-11-27 05:35:08,VXsWwTTgt78,256776,11877,0,73
2025-11-27 05:35:08,CvGT2o7-_ZA,80224,1535,0,12
2025-11-27 05:35:08,l57EJ_eLsIc,178688,1568,0,604
2025-11-27 05:35:08,A3Ki9cI9T9w,100514,2280,0,578
2025-11-27 05:35:08,uQc-pW3QLuI,7035766,126211,0,5184
2025-11-27 05:35:08,IZ9kqxCDvAs,772099,30900,0,2026
2025-11-27 05:35:08,TVqEwvbZP30,7657043,105985,0,10311
2025-11-27 05:35:08,x15pDRtzYno,134233,1623,0,194
2025-11-27 05:35:08,5-o_tvuKSfM,38798,2999,0,129
2025-11-27 05:35:08,VhzqSrscVP8,150067,6041,0,409
2025-11-27 05:35:08,_o05ucPBD7g,67435,1277,0,67
2025-11-27 05:35:08,oLY17RG3OMI,285165,4993,0,283
2025-11-27 05:35:08,KC0-vIj7piY,221269,18099,0,229
2025-11-27 05:35:08,wUGh03rLZbY,123135,3791,0,259
2025-11-27 05:35:08,DyINvuS9P34,153483,2153,0,49
2025-11-27 05:35:08,BM13CSsDrV8,10868,474,0,0
2025-11-27 05:35:08,PtSwg--FueA,151490,1290,0,376
2025-11-27 05:35:08,b1OwvLh8HnU,15485,322,0,7
2025-11-27 05:35:08,SnCG-_lf74w,817274,21542,0,1024
2025-11-27 05:35:08,Kc7TkgWiWrc,26876,934,0,35
2025-11-27 05:35:08,u66QoyjtANg,141307,1096,0,0
2025-11-27 05:35:08,IW_KV5nqWRI,42097,226,0,11
2025-11-27 05:35:08,Iz7mRKij2ao,8044,545,0,22
2025-11-27 05:35:08,tmVYOETfA10,56588,3556,0,89
2025-11-27 05:35:08,U7wDhVWgd5w,52034,1098,0,7
2025-11-27 05:35:08,XILnJKGc0yo,215220,19852,0,3507
2025-11-27 05:35:08,xcqjxAXsbHU,572780,27305,0,1191
2025-11-27 05:35:08,GxXpkps21Kc,304017,13046,0,229
2025-11-27 05:35:08,BDxXPvOdz50,157432,2431,0,641
2025-11-27 05:35:08,6mP-mEHEQcw,251874,10358,0,1367
2025-11-27 05:35:08,dqMImJF-rgA,134421,3953,0,339
2025-11-27 05:35:08,vQpF9mIiYFU,11476,277,0,22
2025-11-27 05:35:08,b9z3Iaz5Zrc,100429,5643,0,302
2025-11-27 05:35:08,j-8vLi2sMg0,66903,6489,0,83
2025-11-27 05:35:08,Gln8wDtITJ4,39310,2642,0,211
2025-11-27 05:35:08,S0UEqkus7FA,288328,11860,0,184
2025-11-27 05:35:08,iKVcCmyqoik,106461,5816,0,223
2025-11-27 05:35:08,eHmQ_b0LkUA,418209,90581,0,3242
2025-11-27 05:35:08,tPMkWfK6N-E,110788,10032,0,505
2025-11-27 05:35:08,koeM_jz4CdM,384731,14632,0,1473
2025-11-27 05:35:08,I9U5JRfZ4bA,33093,937,0,152
2025-11-26 14:40:36,xjUPVppl1DI,420366,8684,0,375
2025-11-26 14:40:36,HQdJ8dMeCHM,104437,675,0,1487
2025-11-26 14:40:36,z-aco1hi0Iw,139502,1645,0,255
2025-11-26 14:40:36,cVL4bRjA6X0,366918,35475,0,1293
2025-11-26 14:40:36,IW_KV5nqWRI,41537,224,0,7
2025-11-26 14:40:36,PJyQaQosJpk,74565,849,0,14
2025-11-26 14:40:36,IftQ9zQ06-0,111394,1795,0,246
2025-11-26 14:40:36,LxMaia85m5Y,169149,3550,0,157
2025-11-26 14:40:36,HP8qpxRpIW8,526492,26085,0,896
2025-11-26 14:40:36,a72dN8ZWPWg,121539,2785,0,1733
2025-11-26 14:40:36,gYEhRoknpZQ,104867,929,0,169
2025-11-26 14:40:36,fCDvm0Y3qkw,281828,15086,0,161
2025-11-26 14:40:36,eWetBwa4vVI,24411,1944,0,120
2025-11-26 14:40:36,CvGT2o7-_ZA,79301,1527,0,7
2025-11-26 14:40:36,D8gbtByJSI8,77104,373,0,2
2025-11-26 14:40:36,iKVcCmyqoik,80863,5393,0,206
2025-11-26 14:40:36,81QYAxvO3Ik,175638,18574,0,1181
2025-11-26 14:40:36,dx4XsqUGm10,167186,17433,0,1318
2025-11-26 14:40:36,dqMImJF-rgA,117719,3761,0,328
2025-11-26 14:40:36,uOZRP1-dvhA,218507,2215,0,171
2025-11-26 14:40:36,-dfR8iYqwK4,188482,3347,0,482
2025-11-26 14:40:36,Aj8AmqTQkAs,92410,1115,0,58
2025-11-26 14:40:36,Gth1zEFH2TM,84243,1873,0,49
2025-11-26 14:40:36,AmQXv7Pyqvw,72625,938,0,10
2025-11-26 14:40:36,nDeKfR5iBxY,789511,37369,0,1402
2025-11-26 14:40:36,fiSsGbfus6I,241934,1888,0,1155
2025-11-26 14:40:36,dmBAMwBBxoM,104417,3727,0,348
2025-11-26 14:40:36,f8aS4qwuO7k,144588,8526,0,71
2025-11-26 14:40:36,ANU0lVGfWyo,375498,31463,0,2274
2025-11-26 14:40:36,h09ng9lTOEM,168302,1511,0,8
2025-11-26 14:40:36,Rc8f268ueOE,129728,1497,0,363
2025-11-26 14:40:36,b9z3Iaz5Zrc,42440,3446,0,242
2025-11-26 14:40:36,koeM_jz4CdM,362289,14093,0,1453
2025-11-26 14:40:36,l57EJ_eLsIc,153520,1477,0,575
2025-11-26 14:40:36,9XNqe5r8xHI,430414,6026,0,26
2025-11-26 14:40:36,24VDsNgWNfw,80593,425,0,1
2025-11-26 14:40:36,kuetvJE_C_U,150852,3970,0,66
2025-11-26 14:40:36,vMg1KAFAKiY,980100,166711,0,8910
2025-11-26 14:40:36,dCmNVtLsYzA,189315,9456,0,540
2025-11-26 14:40:36,3rGi2kiSzkA,39683,2327,0,105
2025-11-26 14:40:36,G36amiUCkXU,329336,25156,0,4516
2025-11-26 14:40:36,qJvjFBhQ6vQ,168828,2169,0,63
2025-11-26 14:40:36,TAL-HXKac80,3176150,73800,0,2459
2025-11-26 14:40:36,kux5GmbZhVg,5668,514,0,13
2025-11-26 14:40:36,2NKK6Mg27XI,195152,13833,0,457
2025-11-26 14:40:36,DOmdfYIPBXE,327701,3013,0,86
2025-11-26 14:40:36,Zvh5BE2Guik,249100,10729,0,182
2025-11-26 14:40:36,55xYiuSAp5c,276595,4434,0,11
2025-11-26 14:40:36,599nhYHHvQo,,839,0,0
2025-11-26 14:40:36,JkKNqaEl9Aw,91667,16230,0,1559
2025-11-26 14:40:36,vIUORnIS_ug,256221,12367,0,961
2025-11-26 14:40:36,XZ1FhU9XeEc,126747,1776,0,240
2025-11-26 14:40:36,llAI08UYyAw,2468426,335597,0,10552
2025-11-26 14:40:36,4Xt_hR0KNvY,131633,11278,0,2147
2025-11-26 14:40:36,eHmQ_b0LkUA,367935,85253,0,3201
2025-11-26 14:40:36,sgi_eji-ysM,269968,5417,0,66
2025-11-26 14:40:36,Pzqzy2ZIcLI,169752,9400,0,46
2025-11-26 14:40:36,XtTT5XdZVpw,110203,4499,0,216
2025-11-26 14:40:36,vQ_NFqtGDgo,71039,15299,0,666
2025-11-26 14:40:36,P0OLVEm0pfM,65898,194,0,0
2025-11-26 14:40:36,v55qDr_jJFA,9999,1085,0,74
2025-11-26 14:40:36,BM13CSsDrV8,4357,259,0,0
2025-11-26 14:40:36,hn17tmdaAzQ,674776,6390,0,90
2025-11-26 14:40:36,UFozBQrnmII,782930,25199,0,420
2025-11-26 14:40:36,BsyEN86cR0U,229440,7191,0,69
2025-11-26 14:40:36,OWpLhNyqeqg,64595,4535,0,420
2025-11-26 14:40:36,UF4n5zmzx9A,202951,4991,0,263
2025-11-26 14:40:36,NIGA89HGTBU,1003894,18320,0,868
2025-11-26 14:40:36,6L7xTio0QyY,77400,5040,0,483
2025-11-26 14:40:36,qEGsMTo-adg,19452,1710,0,207
2025-11-26 14:40:36,JrI4_jUZe98,239804,47174,0,1865
2025-11-26 14:40:36,4Ddbjkyy2C0,119564,836,0,0
2025-11-26 14:40:36,FFXSoSl_lGg,108691,4853,0,173
2025-11-26 14:40:36,wUGh03rLZbY,117373,3695,0,258
2025-11-26 14:40:36,NkHjY_EaCgY,86832,1485,0,92
2025-11-26 14:40:36,KDC-EOsNzAg,138820,21273,0,575
2025-11-26 14:40:36,VXsWwTTgt78,254175,11832,0,73
2025-11-26 14:40:36,Yy2ZovGi-Uk,348380,9348,0,139
2025-11-26 14:40:36,ayjRv2g2UqY,694715,19571,0,800
2025-11-26 14:40:36,MRYXsF2lblY,185196,17920,0,984
2025-11-26 14:40:36,6kWw9Nn4dIY,96913,5220,0,318
2025-11-26 14:40:36,tXJJhKobuas,160427,2340,0,144
2025-11-26 14:40:36,WsLcF1ojgFU,40388,2809,0,402
2025-11-26 14:40:36,Em805jfRVXs,87657,2370,0,338
2025-11-26 14:40:36,oslNxV_8Q2c,247216,10468,0,117
2025-11-26 14:40:36,0-74AHbFWic,146253,11545,0,625
2025-11-26 14:40:36,CZP11p3DklQ,42044,2077,0,102
2025-11-26 14:40:36,JUYQapYmw74,120570,1403,0,3
2025-11-26 14:40:36,snH3HQSF7Ew,238370,3903,0,691
2025-11-26 14:40:36,IcWvUlwcKAI,9031,1845,0,144
2025-11-26 14:40:36,zupf7Kwx6v4,139716,2751,0,174
2025-11-26 14:40:36,QRTGKxrKBPM,445861,38632,0,990
2025-11-26 14:40:36,4oml768wFnk,39889,3132,0,160
2025-11-26 14:40:36,0GICIe0Tgf8,7152,695,0,24
2025-11-26 14:40:36,7gDl4S3wB14,476865,8189,0,805
2025-11-26 14:40:36,uQc-pW3QLuI,6926561,124934,0,5153
2025-11-26 14:40:36,taSKSaq5qh8,249035,4096,0,38
2025-11-26 14:40:36,QJpTBz916MI,1011250,105310,0,2867
2025-11-26 14:40:36,vpXtzSpyV_8,3498446,19952,0,1016
2025-11-26 14:40:36,HIE0fSPuvLY,167507,811,0,20
2025-11-26 14:40:36,I52yC34Ji2k,106593,21443,0,1017
2025-11-26 14:40:36,fiG_T-0zFT8,481009,29923,0,1430
2025-11-26 14:40:36,oLY17RG3OMI,265172,4728,0,275
2025-11-26 14:40:36,VhzqSrscVP8,142802,5908,0,406
2025-11-26 14:40:36,SdVBuVm_Sw8,,699,0,0
2025-11-26 14:40:36,xx3ZTvOhNoM,211555,7907,0,63
2025-11-26 14:40:36,qIXl45sU0wk,118763,2776,0,25
2025-11-26 14:40:36,zLfnSXg0jKg,109588,2992,0,134
2025-11-26 14:40:36,2HwsSTLuA8A,140961,4092,0,456
2025-11-26 14:40:36,WGyadbTx8bs,273260,10621,0,950
2025-11-26 14:40:36,04-csl0RRJc,54336,1040,0,262
2025-11-26 14:40:36,ST05E_5kn2E,197371,3930,0,297
2025-11-26 14:40:36,jWFQ3A1Dtdg,190795,10335,0,1080
2025-11-26 14:40:36,SWdjfMIkQCg,149117,2133,0,157
2025-11-26 14:40:36,m0HhR1k9JEw,87631,198,0,5
2025-11-26 14:40:36,W3eUZa56o0s,215082,3798,0,1476
2025-11-26 14:40:36,_6xcFXlJcX8,106200,1177,0,35
2025-11-26 14:40:36,GxXpkps21Kc,301999,13008,0,227
2025-11-26 14:40:36,G7eh40XgTiw,71837,1089,0,146
2025-11-26 14:40:36,tmVYOETfA10,45931,3275,0,87
2025-11-26 14:40:36,KO6gxf8vXJQ,228886,526,0,1
2025-11-26 14:40:36,QebVV6D641k,226134,1182,0,772
2025-11-26 14:40:36,ZXrcsNlbtgs,104988,912,0,0
2025-11-26 14:40:36,IZ9kqxCDvAs,695397,29471,0,1946
2025-11-26 14:40:36,DSPV0RT3BJI,72150,,0,
2025-11-26 14:40:36,tPMkWfK6N-E,104183,9821,0,491
2025-11-26 14:40:36,4-6IONBWRMQ,105918,1673,0,33
2025-11-26 14:40:36,YMxjZF3gtoM,264943,13172,0,764
2025-11-26 14:40:36,U7wDhVWgd5w,51945,1097,0,6
2025-11-26 14:40:36,hXKJ0gHYQ6E,48619,266,0,19
2025-11-26 14:40:36,DG4ax7ec64o,614927,7286,0,318
2025-11-26 14:40:36,G_3xr5desOo,79573,2710,0,105
2025-11-26 14:40:36,u66QoyjtANg,141259,1100,0,0
2025-11-26 14:40:36,MarWse2JmWU,287688,3297,0,24
2025-11-26 14:40:36,7SoVjT-0Rhw,26096,1722,0,246
2025-11-26 14:40:36,-3TOkp_6gRQ,486413,9222,0,86
2025-11-26 14:40:36,XILnJKGc0yo,163828,18598,0,3283
2025-11-26 14:40:36,x_RYZsOfpKY,11009301,273738,0,17076
2025-11-26 14:40:36,ygIwtR2txaw,264978,10334,0,248
2025-11-26 14:40:36,kCnD_dMyJ3M,73731,2522,0,0
2025-11-26 14:40:36,KSha-fc5EhA,93062,521,0,0
2025-11-26 14:40:36,PwaldW6SXwE,18868,2170,0,200
2025-11-26 14:40:36,UfVkyXaTGcs,190734,4990,0,103
2025-11-26 14:40:36,4l9Ni3tjbwM,1065645,12072,0,123
2025-11-26 14:40:36,e0okJjgNTl0,291980,2711,0,6
2025-11-26 14:40:36,oVwGURkvEq4,140945,1748,0,654
2025-11-26 14:40:36,PtSwg--FueA,134147,1227,0,369
2025-11-26 14:40:36,dhzVHS8C_nc,82162,480,0,1
2025-11-26 14:40:36,jRgzfKDTI7g,453111,11395,0,344
2025-11-26 14:40:36,j-8vLi2sMg0,43754,5214,0,76
2025-11-26 14:40:36,ScutqxM3z_s,114680,6522,0,392
2025-11-26 14:40:36,GJMOK14mB2c,99291,2560,0,138
2025-11-26 14:40:36,xuL1CDdhsOg,211207,2078,0,1
2025-11-26 14:40:36,Gln8wDtITJ4,30497,2150,0,179
2025-11-26 14:40:36,yxXNIzrfPNQ,93767,5933,0,800
2025-11-26 14:40:36,A3Ki9cI9T9w,85123,2043,0,522
2025-11-26 14:40:36,b1OwvLh8HnU,7119,207,0,7
2025-11-26 14:40:36,6mP-mEHEQcw,210482,9611,0,1301
2025-11-26 14:40:36,xZFWSWcQ3As,106494,1201,0,78
2025-11-26 14:40:36,BDxXPvOdz50,151175,2372,0,626
2025-11-26 14:40:36,NED7nev2ywQ,37793387,1325995,0,128497
2025-11-26 14:40:36,9SaAfQ6eACQ,66466,987,0,202
2025-11-26 14:40:36,cBPtIHuFa_o,78443,3276,0,361
2025-11-26 14:40:36,gSXQd_5ht0E,625762,22320,0,1026
2025-11-26 14:40:36,8j4RM-bBYvA,20693,1206,0,420
2025-11-26 14:40:36,dolefeooLzc,341899,5526,0,357
2025-11-26 14:40:36,miySB69T1xw,312781,10533,0,425
2025-11-26 14:40:36,BT4XRgmCjjQ,211404,,0,34
2025-11-26 14:40:36,6hIKI8RZ1ys,419230,6928,0,18
2025-11-26 14:40:36,lUHLwBOY04I,151979,15825,0,320
2025-11-26 14:40:36,IW14wQJKSC4,93968,3985,0,148
2025-11-26 14:40:36,L6tkKvVCs0Y,260522,12683,0,570
2025-11-26 14:40:36,ITQYMtkP23E,290136,1383,0,0
2025-11-26 14:40:36,SnCG-_lf74w,544029,17597,0,902
2025-11-26 14:40:36,ex7ieF2B09A,208914,3423,0,182
2025-11-26 14:40:36,s5dFrPwvbHY,172025,28748,0,1449
2025-11-26 14:40:36,nbzmTUB-FCs,18628,1276,0,191
2025-11-26 14:40:36,LUQ28DBF7EU,158668,3844,0,315
2025-11-26 14:40:36,TVqEwvbZP30,2934244,99767,0,8825
2025-11-26 14:40:36,BNWYJZp2CbQ,47233,436,0,22
2025-11-26 14:40:36,tk9FDjJd6zM,32570,644,0,72
2025-11-26 14:40:36,Kc7TkgWiWrc,11328,593,0,29
2025-11-26 14:40:36,5ftlnz91DaM,149988,9509,0,477
2025-11-26 14:40:36,yRhin7unPeI,166167,4963,0,458
2025-11-26 14:40:36,j-4AHlLg9XA,,104,0,0
2025-11-26 14:40:36,vQpF9mIiYFU,4769,197,0,22
2025-11-26 14:40:36,x15pDRtzYno,116449,1496,0,188
2025-11-26 14:40:36,S3Q33-4q1xo,105524,1251,0,81
2025-11-26 14:40:36,6ixvIIIxwlk,104075,1068,0,0
2025-11-26 14:40:36,cl-BT6bDxEI,111321,3166,0,184
2025-11-26 14:40:36,k1yXf4L5bnc,109982,2682,0,150
2025-11-26 14:40:36,7bqePXphj2g,228222,17094,0,1482
2025-11-26 14:40:36,aHKMl9HVqZQ,114141,3751,0,326
2025-11-26 14:40:36,j6TnwWfuf-I,78522,1864,0,109
2025-11-26 14:40:36,xcqjxAXsbHU,536595,26728,0,1175
2025-11-26 14:40:36,I9U5JRfZ4bA,30995,908,0,148
2025-11-27 03:49:31,IW14wQJKSC4,100680,4075,0,148
2025-11-27 03:49:31,qIXl45sU0wk,121499,2803,0,26
2025-11-27 03:49:31,4Ddbjkyy2C0,119624,836,0,0
2025-11-27 03:49:31,dhzVHS8C_nc,82175,480,0,1
2025-11-27 03:49:31,pzLTGAwn0a4,34879,5484,0,439
2025-11-27 03:49:31,5-o_tvuKSfM,37357,2905,0,126
2025-11-27 03:49:31,Aj8AmqTQkAs,97241,1165,0,59
2025-11-27 03:49:31,NkHjY_EaCgY,112380,1713,0,105
2025-11-27 03:49:31,2j2jXv6Juxc,110772,1882,0,71
2025-11-27 03:49:31,dolefeooLzc,375620,5826,0,372
2025-11-27 03:49:31,BT4XRgmCjjQ,213873,,0,34
2025-11-27 03:49:31,jWFQ3A1Dtdg,275938,12175,0,1245
2025-11-27 03:49:31,2HwsSTLuA8A,143020,4125,0,457
2025-11-27 03:49:31,PJyQaQosJpk,75702,845,0,15
2025-11-27 03:49:31,koeM_jz4CdM,384336,14624,0,1472
2025-11-27 03:49:31,tmVYOETfA10,56408,3545,0,89
2025-11-27 03:49:31,fCDvm0Y3qkw,301500,15419,0,179
2025-11-27 03:49:31,qEGsMTo-adg,23036,1805,0,218
2025-11-27 03:49:31,DSPV0RT3BJI,80696,,0,
2025-11-27 03:49:31,xx3ZTvOhNoM,224543,8014,0,81
2025-11-27 03:49:31,z-aco1hi0Iw,151426,1719,0,258
2025-11-27 03:49:31,PtSwg--FueA,150415,1289,0,376
2025-11-27 03:49:31,6L7xTio0QyY,100403,5129,0,497
2025-11-27 03:49:31,kSmHmdAnDYc,196990,5927,0,761
2025-11-27 03:49:31,24VDsNgWNfw,80982,428,0,1
2025-11-27 03:49:31,wUGh03rLZbY,123002,3790,0,259
2025-11-27 03:49:31,Rc8f268ueOE,199946,1811,0,414
2025-11-27 03:49:31,s5dFrPwvbHY,199721,30662,0,1474
2025-11-27 03:49:31,v55qDr_jJFA,23664,1675,0,108
2025-11-27 03:49:31,81QYAxvO3Ik,191204,19108,0,1207
2025-11-27 03:49:31,b9z3Iaz5Zrc,98478,5613,0,301
2025-11-27 03:49:31,FFXSoSl_lGg,118498,5009,0,177
2025-11-27 03:49:31,hXKJ0gHYQ6E,48758,266,0,20
2025-11-27 03:49:31,jRgzfKDTI7g,471492,11675,0,348
2025-11-27 03:49:31,hn17tmdaAzQ,695014,6487,0,104
2025-11-27 03:49:31,7bqePXphj2g,254967,17994,0,1548
2025-11-27 03:49:31,F2B4VITJfb0,83043,1861,0,212
2025-11-27 03:49:31,I52yC34Ji2k,249148,37095,0,1471
2025-11-27 03:49:31,j-4AHlLg9XA,,104,0,0
2025-11-27 03:49:31,snH3HQSF7Ew,244579,3957,0,701
2025-11-27 03:49:31,vMg1KAFAKiY,1037633,172119,0,9170
2025-11-27 03:49:31,VWg0218G38c,71407,834,0,163
2025-11-27 03:49:31,Lj1Qi3-zQgg,15953,3407,0,126
2025-11-27 03:49:31,W3eUZa56o0s,222962,3866,0,1506
2025-11-27 03:49:31,ygIwtR2txaw,284954,10778,0,258
2025-11-27 03:49:31,DOmdfYIPBXE,338939,3083,0,87
2025-11-27 03:49:31,cVL4bRjA6X0,401948,36647,0,1325
2025-11-27 03:49:31,CZP11p3DklQ,86338,3087,0,133
2025-11-27 03:49:31,DG4ax7ec64o,665374,7880,0,328
2025-11-27 03:49:31,GJMOK14mB2c,110513,2718,0,142
2025-11-27 03:49:31,LxMaia85m5Y,193917,3770,0,169
2025-11-27 03:49:31,4oml768wFnk,43958,3202,0,162
2025-11-27 03:49:31,6mP-mEHEQcw,250131,10335,0,1364
2025-11-27 03:49:31,fiG_T-0zFT8,519104,30575,0,1439
2025-11-27 03:49:31,tk9FDjJd6zM,36590,694,0,78
2025-11-27 03:49:31,6ixvIIIxwlk,104480,1064,0,0
2025-11-27 03:49:31,qJvjFBhQ6vQ,182970,2274,0,68
2025-11-27 03:49:31,JUYQapYmw74,120881,1400,0,3
2025-11-27 03:49:31,e0okJjgNTl0,292945,2708,0,6
2025-11-27 03:49:31,eHmQ_b0LkUA,412739,89890,0,3241
2025-11-27 03:49:31,b1OwvLh8HnU,15367,319,0,7
2025-11-27 03:49:31,KSha-fc5EhA,93159,520,0,0
2025-11-27 03:49:31,599nhYHHvQo,,839,0,0
2025-11-27 03:49:31,VhzqSrscVP8,149897,6037,0,408
2025-11-27 03:49:31,U7wDhVWgd5w,52034,1098,0,7
2025-11-27 03:49:31,IZ9kqxCDvAs,770055,30875,0,2026
2025-11-27 03:49:31,bZ2eyQcJ49o,133839,2409,0,350
2025-11-27 03:49:31,XILnJKGc0yo,214100,19823,0,3505
2025-11-27 03:49:31,yxXNIzrfPNQ,104283,6094,0,819
2025-11-27 03:49:31,sgi_eji-ysM,272527,5431,0,67
2025-11-27 03:49:31,miySB69T1xw,443145,12462,0,469
2025-11-27 03:49:31,-3TOkp_6gRQ,489876,9252,0,88
2025-11-27 03:49:31,G_3xr5desOo,102790,3116,0,115
2025-11-27 03:49:31,dIPZHyTBFz0,170868,1985,0,254
2025-11-27 03:49:31,LUQ28DBF7EU,162745,3900,0,319
2025-11-27 03:49:31,tPMkWfK6N-E,110607,10020,0,505
2025-11-27 03:49:31,VXsWwTTgt78,256623,11875,0,73
2025-11-27 03:49:31,oslNxV_8Q2c,248665,10509,0,118
2025-11-27 03:49:31,8gAg9uDn2Oo,268141,10720,0,438
2025-11-27 03:49:31,BNWYJZp2CbQ,48359,450,0,22
2025-11-27 03:49:31,QRTGKxrKBPM,486793,39837,0,1010
2025-11-27 03:49:31,taSKSaq5qh8,251463,4107,0,38
2025-11-27 03:49:31,w32-xwPxDFk,12280,985,0,52
2025-11-27 03:49:31,4-6IONBWRMQ,108279,1704,0,33
2025-11-27 03:49:31,AmQXv7Pyqvw,72762,940,0,10
2025-11-27 03:49:31,T8w3L1rS3o4,42602,2872,0,84
2025-11-27 03:49:31,zupf7Kwx6v4,143824,2790,0,175
2025-11-27 03:49:31,I9U5JRfZ4bA,33093,937,0,152
2025-11-27 03:49:31,QJpTBz916MI,1055867,106889,0,2893
2025-11-27 03:49:31,S3Q33-4q1xo,110731,1290,0,83
2025-11-27 03:49:31,j-8vLi2sMg0,66369,6465,0,83
2025-11-27 03:49:31,eLCjlEYBN3U,289346,12088,0,961
2025-11-27 03:49:31,lUHLwBOY04I,164407,16623,0,336
2025-11-27 03:49:31,ST05E_5kn2E,241120,4569,0,320
2025-11-27 03:49:31,StcmgD_0aRI,114069,9001,0,2372
2025-11-27 03:49:31,xcqjxAXsbHU,571434,27282,0,1191
2025-11-27 03:49:31,UF4n5zmzx9A,217321,5174,0,268
2025-11-27 03:49:31,A3Ki9cI9T9w,100080,2274,0,577
2025-11-27 03:49:31,JkKNqaEl9Aw,287938,19699,0,1768
2025-11-27 03:49:31,CvGT2o7-_ZA,80110,1535,0,12
2025-11-27 03:49:31,u66QoyjtANg,141345,1096,0,0
2025-11-27 03:49:31,NED7nev2ywQ,38943560,1338523,0,129906
2025-11-27 03:49:31,XZ1FhU9XeEc,141240,1925,0,247
2025-11-27 03:49:31,jvrrjeAYtzs,75802,232,0,0
2025-11-27 03:49:31,9SaAfQ6eACQ,75458,1062,0,209
2025-11-27 03:49:31,Gth1zEFH2TM,100496,2079,0,50
2025-11-27 03:49:31,l57EJ_eLsIc,177713,1566,0,602
2025-11-27 03:49:31,oLY17RG3OMI,284228,4978,0,283
2025-11-27 03:49:31,zLfnSXg0jKg,116923,3120,0,135
2025-11-27 03:49:31,a72dN8ZWPWg,142930,3180,0,1789
2025-11-27 03:49:31,BM13CSsDrV8,10715,470,0,0
2025-11-27 03:49:31,TVqEwvbZP30,7486796,105465,0,10251
2025-11-27 03:49:31,ANU0lVGfWyo,436072,33405,0,2340
2025-11-27 03:49:31,UfVkyXaTGcs,203046,5168,0,105
2025-11-27 03:49:31,k1yXf4L5bnc,114473,2761,0,152
2025-11-27 03:49:31,_6xcFXlJcX8,109953,1205,0,35
2025-11-27 03:49:31,G36amiUCkXU,405158,27128,0,5035
2025-11-27 03:49:31,MRYXsF2lblY,204462,18555,0,1018
2025-11-27 03:49:31,_o05ucPBD7g,67244,1275,0,67
2025-11-27 03:49:31,BiiDN0zgJ2Q,93630,723,0,0
2025-11-27 03:49:31,xuL1CDdhsOg,211304,2077,0,1
2025-11-27 03:49:31,w0ZQp2CmHHw,97951,1881,0,188
2025-11-27 03:49:31,Yy2ZovGi-Uk,350371,9372,0,144
2025-11-27 03:49:31,tdYPGxusaYs,19798,1981,0,129
2025-11-27 03:49:31,nDeKfR5iBxY,843518,39436,0,1433
2025-11-27 03:49:31,QebVV6D641k,231745,1209,0,786
2025-11-27 03:49:31,Gln8wDtITJ4,39073,2634,0,210
2025-11-27 03:49:31,kuetvJE_C_U,150792,3976,0,66
2025-11-27 03:49:31,Em805jfRVXs,243048,4665,0,548
2025-11-27 03:49:31,ITQYMtkP23E,290527,1379,0,0
2025-11-27 03:49:31,dx4XsqUGm10,193362,18104,0,1352
2025-11-27 03:49:31,SnCG-_lf74w,804303,21456,0,1021
2025-11-27 03:49:31,vQ_NFqtGDgo,131153,22408,0,871
2025-11-27 03:49:31,4Xt_hR0KNvY,157789,12360,0,2322
2025-11-27 03:49:31,eWetBwa4vVI,33755,2368,0,137
2025-11-27 03:49:31,tLBq_jH5FDI,76278,1277,0,139
2025-11-27 03:49:31,vQpF9mIiYFU,11293,278,0,22
2025-11-27 03:49:31,OWpLhNyqeqg,75263,4756,0,426
2025-11-27 03:49:31,NIGA89HGTBU,1484080,25082,0,1005
2025-11-27 03:49:31,Am2ElEWNvTY,38112,2548,0,161
2025-11-27 03:49:31,D8gbtByJSI8,77207,369,0,2
2025-11-27 03:49:31,gYEhRoknpZQ,108118,943,0,168
2025-11-27 03:49:31,C3jcxlsPYLE,182237,9273,0,56
2025-11-27 03:49:31,6oS55kztPlE,16800,980,0,29
2025-11-27 03:49:31,55xYiuSAp5c,297491,4577,0,18
2025-11-27 03:49:31,ZXrcsNlbtgs,105009,911,0,0
2025-11-27 03:49:31,KC0-vIj7piY,216001,17979,0,225
2025-11-27 03:49:31,BFaHdJVDmXY,65513,4034,0,171
2025-11-27 03:49:31,nbzmTUB-FCs,20956,1304,0,192
2025-11-27 03:49:31,f8aS4qwuO7k,146397,8560,0,73
2025-11-27 03:49:31,9XNqe5r8xHI,434698,6064,0,26
2025-11-27 03:49:31,oVwGURkvEq4,144374,1767,0,660
2025-11-27 03:49:31,UFozBQrnmII,793024,25330,0,423
2025-11-27 03:49:31,6kWw9Nn4dIY,125512,5960,0,345
2025-11-27 03:49:31,AfKzB2lXo7I,2926,282,0,23
2025-11-27 03:49:31,KO6gxf8vXJQ,228918,526,0,1
2025-11-27 03:49:31,CO0MSU3fqAQ,11117,1851,0,109
2025-11-27 03:49:31,IftQ9zQ06-0,133417,1968,0,273
2025-11-27 03:49:31,YMxjZF3gtoM,291780,13839,0,788
2025-11-27 03:49:31,XtTT5XdZVpw,116081,4602,0,217
2025-11-27 03:49:31,WGyadbTx8bs,346369,12425,0,1039
2025-11-27 03:49:31,DyINvuS9P34,153241,2149,0,49
2025-11-27 03:49:31,rOZV4RZrA3A,202966,2081,0,6
2025-11-27 03:49:31,1wRkbauiGU8,90136,2305,0,145
2025-11-27 03:49:31,m0HhR1k9JEw,87643,197,0,5
2025-11-27 03:49:31,HQdJ8dMeCHM,117986,711,0,1530
2025-11-27 03:49:31,Zvh5BE2Guik,252220,10734,0,193
2025-11-27 03:49:31,L6tkKvVCs0Y,334772,13190,0,582
2025-11-27 03:49:31,ineS6XL0vc8,71789,1925,0,72
2025-11-27 03:49:31,Caa-UHhl8Gw,86570,2575,0,201
2025-11-27 03:49:31,SdVBuVm_Sw8,,699,0,0
2025-11-27 03:49:31,cBPtIHuFa_o,93620,3647,0,377
2025-11-27 03:49:31,qFdZAyr_xmw,174427,4643,0,649
2025-11-27 03:49:31,-dfR8iYqwK4,197631,3435,0,491
2025-11-27 03:49:31,KDC-EOsNzAg,156676,22713,0,598
2025-11-27 03:49:31,ex7ieF2B09A,238861,3794,0,194
2025-11-27 03:49:31,7SoVjT-0Rhw,29907,1791,0,259
2025-11-27 03:49:31,ES9oYbzYCh8,210496,37715,0,1358
2025-11-27 03:49:31,dmBAMwBBxoM,151546,4516,0,376
2025-11-27 03:49:31,aHKMl9HVqZQ,133696,4154,0,334
2025-11-27 03:49:31,cl-BT6bDxEI,120271,3329,0,191
2025-11-27 03:49:31,iKVcCmyqoik,105479,5808,0,220
2025-11-27 03:49:31,GxXpkps21Kc,303936,13045,0,229
2025-11-27 03:49:31,PwaldW6SXwE,24791,2443,0,227
2025-11-27 03:49:31,SWdjfMIkQCg,157688,2193,0,164
2025-11-27 03:49:31,BsyEN86cR0U,239191,7331,0,74
2025-11-27 03:49:31,oWv2PwrJkTM,211714,11056,0,100
2025-11-27 03:49:31,WsLcF1ojgFU,45083,2916,0,413
2025-11-27 03:49:31,MarWse2JmWU,288076,3292,0,24
2025-11-27 03:49:31,LcpCd9VXGjE,333705,1573,0,0
2025-11-27 03:49:31,STXcQAmoLPU,133298,1366,0,1
2025-11-27 03:49:31,ayjRv2g2UqY,821901,20080,0,807
2025-11-27 03:49:31,kCnD_dMyJ3M,84582,2633,0,0
2025-11-27 03:49:31,JrI4_jUZe98,366635,62350,0,2086
2025-11-27 03:49:31,x_RYZsOfpKY,12040756,290888,0,17686
2025-11-27 03:49:31,Kc7TkgWiWrc,26645,929,0,34
2025-11-27 03:49:31,0-74AHbFWic,153970,11749,0,626
2025-11-27 03:49:31,7gDl4S3wB14,498427,8387,0,822
2025-11-27 03:49:31,WVVv8Uyok_U,63362,3544,0,683
2025-11-27 03:49:31,8j4RM-bBYvA,25036,1248,0,448
2025-11-27 03:49:31,vpXtzSpyV_8,4464116,21144,0,1072
2025-11-27 03:49:31,3rGi2kiSzkA,48411,2586,0,109
2025-11-27 03:49:31,TAL-HXKac80,3406199,76322,0,2570
2025-11-27 03:49:31,Iz7mRKij2ao,7758,529,0,21
2025-11-27 03:49:31,yRhin7unPeI,176129,5157,0,466
2025-11-27 03:49:31,fiSsGbfus6I,296490,2069,0,1242
2025-11-27 03:49:31,Bj6tJxDPzoY,183416,8931,0,276
2025-11-27 03:49:31,nzbbL07maKA,113190,6220,0,258
2025-11-27 03:49:31,6hIKI8RZ1ys,419503,6926,0,18
2025-11-27 03:49:31,BDxXPvOdz50,157255,2428,0,641
2025-11-27 03:49:31,xZFWSWcQ3As,109540,1225,0,78
2025-11-27 03:49:31,uQc-pW3QLuI,7024217,126091,0,5183
2025-11-27 03:49:31,qUgLxkENl6c,90767,6154,0,314
2025-11-27 03:49:31,Pzqzy2ZIcLI,171003,9446,0,48
2025-11-27 03:49:31,uOZRP1-dvhA,229712,2332,0,172
2025-11-27 03:49:31,HIE0fSPuvLY,167545,811,0,20
2025-11-27 03:49:31,kux5GmbZhVg,13522,860,0,19
2025-11-27 03:49:31,IcWvUlwcKAI,9607,1906,0,149
2025-11-27 03:49:31,hcJEQXJIALo,20769,3189,0,517
2025-11-27 03:49:31,S0UEqkus7FA,284250,11751,0,175
2025-11-27 03:49:31,4l9Ni3tjbwM,1064535,12104,0,125
2025-11-27 03:49:31,ScutqxM3z_s,183070,8103,0,461
2025-11-27 03:49:31,h09ng9lTOEM,168497,1509,0,8
2025-11-27 03:49:31,04-csl0RRJc,55643,1052,0,268
2025-11-27 03:49:31,HP8qpxRpIW8,706386,30436,0,960
2025-11-27 03:49:31,G7eh40XgTiw,84633,1178,0,168
2025-11-27 03:49:31,gSXQd_5ht0E,938674,23106,0,1039
2025-11-27 03:49:31,5ftlnz91DaM,162121,9896,0,488
2025-11-27 03:49:31,tXJJhKobuas,191681,2623,0,147
2025-11-27 03:49:31,x15pDRtzYno,134232,1623,0,194
2025-11-27 03:49:31,dCmNVtLsYzA,197459,9692,0,551
2025-11-27 03:49:31,IW_KV5nqWRI,42093,226,0,11
2025-11-27 03:49:31,3-caLm2c1XI,113279,3620,0,464
2025-11-27 03:49:31,OeMmb--HE6k,153298,4211,0,50
2025-11-27 03:49:31,j6TnwWfuf-I,95382,2071,0,115
2025-11-27 03:49:31,dqMImJF-rgA,134411,3953,0,339
2025-11-27 03:49:31,xjUPVppl1DI,567341,10204,0,430
2025-11-27 03:49:31,P0OLVEm0pfM,66072,194,0,0
2025-11-27 03:49:31,2NKK6Mg27XI,225187,14788,0,472
2025-11-27 03:49:31,llAI08UYyAw,2777257,347159,0,10712
2025-11-27 03:49:31,vIUORnIS_ug,312797,13363,0,1019
2025-11-27 03:49:31,0GICIe0Tgf8,13168,942,0,29
2025-11-25 14:41:54,_6xcFXlJcX8,97196,1069,0,35
2025-11-25 14:41:54,7SoVjT-0Rhw,16666,1427,0,202
2025-11-25 14:41:54,dqMImJF-rgA,83542,3131,0,283
2025-11-25 14:41:54,nbzmTUB-FCs,15191,1201,0,188
2025-11-25 14:41:54,xZFWSWcQ3As,95913,1112,0,71
2025-11-25 14:41:54,ygIwtR2txaw,204793,8818,0,236
2025-11-25 14:41:54,-3TOkp_6gRQ,475248,9112,0,74
2025-11-25 14:41:54,SWdjfMIkQCg,115247,1852,0,135
2025-11-25 14:41:54,lUHLwBOY04I,126728,13984,0,294
2025-11-25 14:41:54,HIE0fSPuvLY,167428,812,0,19
2025-11-25 14:41:54,4l9Ni3tjbwM,1055503,11989,0,117
2025-11-25 14:41:54,GxXpkps21Kc,292580,12833,0,196
2025-11-25 14:41:54,fiG_T-0zFT8,422943,28815,0,1415
2025-11-25 14:41:54,IcWvUlwcKAI,7500,1652,0,134
2025-11-25 14:41:54,qIXl45sU0wk,112122,2690,0,21
2025-11-25 14:41:54,599nhYHHvQo,103477,846,0,0
2025-11-25 14:41:54,ayjRv2g2UqY,445241,18407,0,775
2025-11-25 14:41:54,6hIKI8RZ1ys,418686,6935,0,16
2025-11-25 14:41:54,S3Q33-4q1xo,87067,1097,0,77
2025-11-25 14:41:54,4-6IONBWRMQ,98805,1560,0,32
2025-11-25 14:41:54,tk9FDjJd6zM,24961,536,0,59
2025-11-25 14:41:54,uOZRP1-dvhA,171658,1781,0,149
2025-11-25 14:41:54,DOmdfYIPBXE,298464,2804,0,84
2025-11-25 14:41:54,QebVV6D641k,213593,1130,0,744
2025-11-25 14:41:54,4Ddbjkyy2C0,118931,840,0,0
2025-11-25 14:41:54,YMxjZF3gtoM,181643,10601,0,649
2025-11-25 14:41:54,s5dFrPwvbHY,109428,22900,0,1329
2025-11-25 14:41:54,W3eUZa56o0s,196446,3591,0,1412
2025-11-25 14:41:54,0-74AHbFWic,130849,11090,0,619
2025-11-25 14:41:54,gYEhRoknpZQ,89604,872,0,161
2025-11-25 14:41:54,5ftlnz91DaM,116325,8096,0,424
2025-11-25 14:41:54,4Xt_hR0KNvY,70491,8315,0,1659
2025-11-25 14:41:54,oVwGURkvEq4,132632,1699,0,647
2025-11-25 14:41:54,kCnD_dMyJ3M,53933,2317,0,0
2025-11-25 14:41:54,taSKSaq5qh8,239470,4047,0,32
2025-11-25 14:41:54,KSha-fc5EhA,92769,524,0,0
2025-11-25 14:41:54,DG4ax7ec64o,527727,6364,0,293
2025-11-25 14:41:54,uQc-pW3QLuI,6644360,121605,0,5111
2025-11-25 14:41:54,81QYAxvO3Ik,136353,16861,0,1095
2025-11-25 14:41:54,PJyQaQosJpk,68550,803,0,3
2025-11-25 14:41:54,U7wDhVWgd5w,52481,1090,0,6
2025-11-25 14:41:54,6mP-mEHEQcw,127552,7669,0,1108
2025-11-25 14:41:54,AmQXv7Pyqvw,71932,935,0,9
2025-11-25 14:41:54,LUQ28DBF7EU,147205,3702,0,305
2025-11-25 14:41:54,zLfnSXg0jKg,85799,2548,0,119
2025-11-25 14:41:54,m0HhR1k9JEw,87598,198,0,4
2025-11-25 14:41:54,Yy2ZovGi-Uk,342055,9248,0,136
2025-11-25 14:41:54,wUGh03rLZbY,99965,3375,0,247
2025-11-25 14:41:54,24VDsNgWNfw,79603,423,0,1
2025-11-25 14:41:54,UfVkyXaTGcs,143312,4107,0,88
2025-11-25 14:41:54,vMg1KAFAKiY,821684,151082,0,8250
2025-11-25 14:41:54,XtTT5XdZVpw,76293,4002,0,193
2025-11-25 14:41:54,cVL4bRjA6X0,265280,30898,0,1175
2025-11-25 14:41:54,tPMkWfK6N-E,91321,9217,0,466
2025-11-25 14:41:54,h09ng9lTOEM,167858,1507,0,6
2025-11-25 14:41:54,oLY17RG3OMI,225289,4190,0,258
2025-11-25 14:41:54,sgi_eji-ysM,263541,5358,0,64
2025-11-25 14:41:54,kuetvJE_C_U,149604,3951,0,66
2025-11-25 14:41:54,yRhin7unPeI,135856,4448,0,446
2025-11-25 14:41:54,qJvjFBhQ6vQ,115677,1811,0,54
2025-11-25 14:41:54,BDxXPvOdz50,120654,2065,0,543
2025-11-25 14:41:54,ZXrcsNlbtgs,104921,914,0,0
2025-11-25 14:41:54,dhzVHS8C_nc,82133,485,0,0
2025-11-25 14:41:54,IZ9kqxCDvAs,589215,27326,0,1837
2025-11-25 14:41:54,UF4n5zmzx9A,170441,4464,0,245
2025-11-25 14:41:54,zupf7Kwx6v4,131226,2660,0,172
2025-11-25 14:41:54,vpXtzSpyV_8,436447,15883,0,780
2025-11-25 14:41:54,dx4XsqUGm10,112544,15379,0,1186
2025-11-25 14:41:54,xcqjxAXsbHU,484435,25852,0,1141
2025-11-25 14:41:54,ex7ieF2B09A,150240,2617,0,140
2025-11-25 14:41:54,HP8qpxRpIW8,244302,17547,0,783
2025-11-25 14:41:54,OWpLhNyqeqg,37533,3718,0,385
2025-11-25 14:41:54,BT4XRgmCjjQ,205158,,0,25
2025-11-25 14:41:54,-dfR8iYqwK4,147733,2921,0,448
2025-11-25 14:41:54,tmVYOETfA10,27349,2603,0,74
2025-11-25 14:41:54,llAI08UYyAw,1723094,296858,0,9929
2025-11-25 14:41:54,l57EJ_eLsIc,101339,1130,0,483
2025-11-25 14:41:54,IW14wQJKSC4,83728,3834,0,145
2025-11-25 14:41:54,PtSwg--FueA,71945,847,0,305
2025-11-25 14:41:54,oslNxV_8Q2c,243584,10391,0,114
2025-11-25 14:41:54,TVqEwvbZP30,1250969,84761,0,6954
2025-11-25 14:41:54,G_3xr5desOo,28596,1588,0,71
2025-11-25 14:41:54,6L7xTio0QyY,62549,4818,0,481
2025-11-25 14:41:54,NED7nev2ywQ,35522963,1299009,0,124402
2025-11-25 14:41:54,KDC-EOsNzAg,95708,17236,0,506
2025-11-25 14:41:54,JUYQapYmw74,119864,1402,0,3
2025-11-25 14:41:54,Pzqzy2ZIcLI,166665,9300,0,43
2025-11-25 14:41:54,f8aS4qwuO7k,141707,8434,0,68
2025-11-25 14:41:54,xuL1CDdhsOg,210766,2083,0,1
2025-11-25 14:41:54,9XNqe5r8xHI,418391,5929,0,23
2025-11-25 14:41:54,8j4RM-bBYvA,11255,1061,0,347
2025-11-25 14:41:54,fiSsGbfus6I,78141,1089,0,728
2025-11-25 14:41:54,nDeKfR5iBxY,712085,34096,0,1338
2025-11-25 14:41:54,yxXNIzrfPNQ,73466,5479,0,757
2025-11-25 14:41:54,TAL-HXKac80,2325902,65140,0,2095
2025-11-25 14:41:54,L6tkKvVCs0Y,148951,10908,0,538
2025-11-25 14:41:54,IftQ9zQ06-0,63867,1190,0,155
2025-11-25 14:41:54,MRYXsF2lblY,138361,16102,0,886
2025-11-25 14:41:54,G36amiUCkXU,183785,20472,0,3608
2025-11-25 14:41:54,ANU0lVGfWyo,235957,25962,0,2060
2025-11-25 14:41:54,gSXQd_5ht0E,378457,20866,0,989
2025-11-25 14:41:54,UFozBQrnmII,758051,24859,0,404
2025-11-25 14:41:54,SdVBuVm_Sw8,94560,700,0,0
2025-11-25 14:41:54,7bqePXphj2g,130047,12781,0,1182
2025-11-25 14:41:54,k1yXf4L5bnc,93315,2406,0,143
2025-11-25 14:41:54,x_RYZsOfpKY,7969518,224794,0,14738
2025-11-25 14:41:54,2HwsSTLuA8A,135435,3994,0,451
2025-11-25 14:41:54,QRTGKxrKBPM,373845,36355,0,967
2025-11-25 14:41:54,VXsWwTTgt78,248395,11714,0,73
2025-11-25 14:41:54,I9U5JRfZ4bA,26268,827,0,138
2025-11-25 14:41:54,VhzqSrscVP8,116675,5236,0,379
2025-11-25 14:41:54,QJpTBz916MI,936506,102143,0,2799
2025-11-25 14:41:54,FFXSoSl_lGg,90064,4484,0,169
2025-11-25 14:41:54,hXKJ0gHYQ6E,48237,267,0,17
2025-11-25 14:41:54,snH3HQSF7Ew,219595,3712,0,670
2025-11-25 14:41:54,KO6gxf8vXJQ,228719,527,0,1
2025-11-25 14:41:54,dCmNVtLsYzA,160478,8379,0,465
2025-11-25 14:41:54,x15pDRtzYno,69981,1157,0,165
2025-11-25 14:41:54,koeM_jz4CdM,292119,12156,0,1303
2025-11-25 14:41:54,WsLcF1ojgFU,29320,2492,0,356
2025-11-25 14:41:54,dolefeooLzc,275542,4886,0,322
2025-11-25 14:41:54,Aj8AmqTQkAs,81449,1019,0,55
2025-11-25 14:41:54,3rGi2kiSzkA,18506,1542,0,86
2025-11-25 14:41:54,7gDl4S3wB14,422980,7671,0,745
2025-11-25 14:41:54,j-4AHlLg9XA,,105,0,0
2025-11-25 14:41:54,04-csl0RRJc,49688,1011,0,248
2025-11-25 14:41:54,MarWse2JmWU,286460,3299,0,24
2025-11-25 14:41:54,jRgzfKDTI7g,406632,10639,0,329
2025-11-25 14:41:54,4oml768wFnk,32039,2964,0,154
2025-11-25 20:32:18,qJvjFBhQ6vQ,137607,1991,0,57
2025-11-25 20:32:18,aHKMl9HVqZQ,40846,2209,0,219
2025-11-25 20:32:18,4Ddbjkyy2C0,119254,840,0,0
2025-11-25 20:32:18,miySB69T1xw,76038,4879,0,237
2025-11-25 20:32:18,GxXpkps21Kc,298431,12989,0,220
2025-11-25 20:32:18,x_RYZsOfpKY,9696176,240043,0,15492
2025-11-25 20:32:18,TVqEwvbZP30,1421865,89925,0,7502
2025-11-25 20:32:18,W3eUZa56o0s,204716,3702,0,1442
2025-11-25 20:32:18,SWdjfMIkQCg,131494,2019,0,146
2025-11-25 20:32:18,L6tkKvVCs0Y,161555,11662,0,549
2025-11-25 20:32:18,4l9Ni3tjbwM,1058963,12024,0,121
2025-11-25 20:32:18,KO6gxf8vXJQ,228777,527,0,1
2025-11-25 20:32:18,81QYAxvO3Ik,151528,17565,0,1130
2025-11-25 20:32:18,snH3HQSF7Ew,227118,3812,0,681
2025-11-25 20:32:18,HQdJ8dMeCHM,42134,442,0,551
2025-11-25 20:32:18,tk9FDjJd6zM,27024,574,0,65
2025-11-25 20:32:18,kCnD_dMyJ3M,60270,2378,0,0
2025-11-25 20:32:18,I9U5JRfZ4bA,27979,868,0,142
2025-11-25 20:32:18,AmQXv7Pyqvw,72314,937,0,9
2025-11-25 20:32:18,8j4RM-bBYvA,13379,1120,0,371
2025-11-25 20:32:18,l57EJ_eLsIc,116561,1286,0,520
2025-11-25 20:32:18,GJMOK14mB2c,48685,1842,0,115
2025-11-25 20:32:18,fiG_T-0zFT8,439648,29152,0,1422
2025-11-25 20:32:18,G_3xr5desOo,40052,2033,0,90
2025-11-25 20:32:18,QRTGKxrKBPM,395873,37107,0,973
2025-11-25 20:32:18,ZXrcsNlbtgs,104940,913,0,0
2025-11-25 20:32:18,DG4ax7ec64o,554731,6706,0,304
2025-11-25 20:32:18,vpXtzSpyV_8,1345127,17036,0,842
2025-11-25 20:32:18,7SoVjT-0Rhw,19277,1552,0,224
2025-11-25 20:32:18,lUHLwBOY04I,133820,14582,0,302
2025-11-25 20:32:18,yxXNIzrfPNQ,79698,5641,0,772
2025-11-25 20:32:18,7gDl4S3wB14,448972,8006,0,788
2025-11-25 20:32:18,BT4XRgmCjjQ,207193,,0,28
2025-11-25 20:32:18,VXsWwTTgt78,250230,11753,0,73
2025-11-25 20:32:18,ANU0lVGfWyo,280368,27761,0,2143
2025-11-25 20:32:18,NED7nev2ywQ,36056393,1303992,0,125059
2025-11-25 20:32:18,HP8qpxRpIW8,317123,19478,0,805
2025-11-25 20:32:18,_6xcFXlJcX8,100157,1107,0,35
2025-11-25 20:32:18,Aj8AmqTQkAs,84799,1065,0,55
2025-11-25 20:32:18,k1yXf4L5bnc,100708,2569,0,149
2025-11-25 20:32:18,nDeKfR5iBxY,728203,34897,0,1356
2025-11-25 20:32:18,oslNxV_8Q2c,244780,10427,0,117
2025-11-25 20:32:18,sgi_eji-ysM,265775,5379,0,65
2025-11-25 20:32:18,6hIKI8RZ1ys,418916,6932,0,18
2025-11-25 20:32:18,dolefeooLzc,298105,5144,0,331
2025-11-25 20:32:18,xZFWSWcQ3As,99382,1150,0,76
2025-11-25 20:32:18,2HwsSTLuA8A,137021,4028,0,454
2025-11-25 20:32:18,oLY17RG3OMI,240422,4431,0,265
2025-11-25 20:32:18,gYEhRoknpZQ,94950,901,0,166
2025-11-25 20:32:18,IZ9kqxCDvAs,614271,27948,0,1869
2025-11-25 20:32:18,j6TnwWfuf-I,20701,913,0,67
2025-11-25 20:32:18,4Xt_hR0KNvY,84970,9362,0,1839
2025-11-25 20:32:18,4oml768wFnk,34644,3041,0,157
2025-11-25 20:32:18,599nhYHHvQo,,845,0,0
2025-11-25 20:32:18,iKVcCmyqoik,34466,3906,0,164
2025-11-25 20:32:18,eHmQ_b0LkUA,150773,51983,0,2784
2025-11-25 20:32:18,WGyadbTx8bs,191026,8366,0,823
2025-11-25 20:32:18,UF4n5zmzx9A,184617,4745,0,254
2025-11-25 20:32:18,4-6IONBWRMQ,101334,1607,0,32
2025-11-25 20:32:18,IcWvUlwcKAI,7983,1734,0,136
2025-11-25 20:32:18,9XNqe5r8xHI,422245,5955,0,23
2025-11-25 20:32:18,G36amiUCkXU,222840,22450,0,3945
2025-11-25 20:32:18,MarWse2JmWU,286970,3299,0,24
2025-11-25 20:32:18,nbzmTUB-FCs,15999,1213,0,189
2025-11-25 20:32:18,oVwGURkvEq4,134429,1721,0,647
2025-11-25 20:32:18,zLfnSXg0jKg,94400,2758,0,126
2025-11-25 20:32:18,DOmdfYIPBXE,314722,2946,0,86
2025-11-25 20:32:18,vMg1KAFAKiY,864105,155044,0,8404
2025-11-25 20:32:18,PJyQaQosJpk,70519,820,0,7
2025-11-25 20:32:18,QJpTBz916MI,960425,103486,0,2827
2025-11-25 20:32:18,cl-BT6bDxEI,69799,2556,0,161
2025-11-25 20:32:18,FFXSoSl_lGg,95571,4624,0,172
2025-11-25 20:32:18,x15pDRtzYno,96680,1419,0,180
2025-11-25 20:32:18,tmVYOETfA10,33149,2880,0,79
2025-11-25 20:32:18,cVL4bRjA6X0,297107,32840,0,1214
2025-11-25 20:32:18,fiSsGbfus6I,134430,1475,0,973
2025-11-25 20:32:18,wUGh03rLZbY,107011,3541,0,255
2025-11-25 20:32:18,BDxXPvOdz50,133341,2247,0,605
2025-11-25 20:32:18,h09ng9lTOEM,167995,1509,0,8
2025-11-25 20:32:18,a72dN8ZWPWg,50194,2005,0,1325
2025-11-25 20:32:18,-3TOkp_6gRQ,479807,9158,0,82
2025-11-25 20:32:18,3rGi2kiSzkA,22600,1814,0,95
2025-11-25 20:32:18,5ftlnz91DaM,125860,8671,0,443
2025-11-25 20:32:18,-dfR8iYqwK4,164754,3152,0,464
2025-11-25 20:32:18,PtSwg--FueA,89895,1001,0,324
2025-11-25 20:32:18,dCmNVtLsYzA,168457,8728,0,505
2025-11-25 20:32:18,MRYXsF2lblY,156658,16871,0,926
2025-11-25 20:32:18,hXKJ0gHYQ6E,48404,266,0,18
2025-11-25 20:32:18,m0HhR1k9JEw,87611,198,0,4
2025-11-25 20:32:18,VhzqSrscVP8,128003,5642,0,399
2025-11-25 20:32:18,kuetvJE_C_U,150082,3959,0,67
2025-11-25 20:32:18,xcqjxAXsbHU,497717,26132,0,1150
2025-11-25 20:32:18,tXJJhKobuas,72991,1463,0,114
2025-11-25 20:32:18,TAL-HXKac80,2670482,69960,0,2292
2025-11-25 20:32:18,XILnJKGc0yo,44944,10832,0,2013
2025-11-25 20:32:18,QebVV6D641k,217036,1152,0,752
2025-11-25 20:32:18,JUYQapYmw74,120188,1403,0,3
2025-11-25 20:32:18,z-aco1hi0Iw,58295,1138,0,209
2025-11-25 20:32:18,ygIwtR2txaw,228798,9619,0,243
2025-11-25 20:32:18,Yy2ZovGi-Uk,344218,9292,0,138
2025-11-25 20:32:18,WsLcF1ojgFU,32764,2640,0,369
2025-11-25 20:32:18,xjUPVppl1DI,104182,4304,0,209
2025-11-25 20:32:18,LUQ28DBF7EU,151506,3759,0,308
2025-11-25 20:32:18,G7eh40XgTiw,39932,893,0,119
2025-11-25 20:32:18,2NKK6Mg27XI,98345,9510,0,371
2025-11-25 20:32:18,SdVBuVm_Sw8,,700,0,0
2025-11-25 20:32:18,xuL1CDdhsOg,211041,2082,0,1
2025-11-25 20:32:18,tPMkWfK6N-E,95144,9408,0,471
2025-11-25 20:32:18,ex7ieF2B09A,169957,2892,0,160
2025-11-25 20:32:18,24VDsNgWNfw,79982,424,0,1
2025-11-25 20:32:18,KDC-EOsNzAg,111005,18791,0,532
2025-11-25 20:32:18,uOZRP1-dvhA,187984,1985,0,163
2025-11-25 20:32:18,UfVkyXaTGcs,160912,4574,0,98
2025-11-25 20:32:18,U7wDhVWgd5w,53416,1099,0,6
2025-11-25 20:32:18,Pzqzy2ZIcLI,168213,9352,0,44
2025-11-25 20:32:18,7bqePXphj2g,160191,14658,0,1309
2025-11-25 20:32:18,jRgzfKDTI7g,428052,10998,0,336
2025-11-25 20:32:18,dx4XsqUGm10,130049,16379,0,1236
2025-11-25 20:32:18,6mP-mEHEQcw,162057,8586,0,1206
2025-11-25 20:32:18,IW_KV5nqWRI,39177,222,0,4
2025-11-25 20:32:18,SnCG-_lf74w,116749,8469,0,565
2025-11-25 20:32:18,04-csl0RRJc,51630,1025,0,255
2025-11-25 20:32:18,IftQ9zQ06-0,72105,1389,0,175
2025-11-25 20:32:18,YMxjZF3gtoM,207566,11782,0,694
2025-11-25 20:32:18,OWpLhNyqeqg,44696,4049,0,395
2025-11-25 20:32:18,gSXQd_5ht0E,414833,21395,0,1004
2025-11-25 20:32:18,taSKSaq5qh8,244319,4082,0,36
2025-11-25 20:32:18,uQc-pW3QLuI,6719640,122551,0,5125
2025-11-25 20:32:18,LxMaia85m5Y,89995,2712,0,114
2025-11-25 20:32:18,IW14wQJKSC4,86588,3885,0,145
2025-11-25 20:32:18,dhzVHS8C_nc,82142,484,0,0
2025-11-25 20:32:18,ayjRv2g2UqY,486971,18881,0,781
2025-11-25 20:32:18,S3Q33-4q1xo,93207,1170,0,79
2025-11-25 20:32:18,XtTT5XdZVpw,99024,4293,0,204
2025-11-25 20:32:18,KSha-fc5EhA,92948,524,0,0
2025-11-25 20:32:18,zupf7Kwx6v4,134680,2700,0,174
2025-11-25 20:32:18,koeM_jz4CdM,327860,13222,0,1387
2025-11-25 20:32:18,yRhin7unPeI,146942,4690,0,451
2025-11-25 20:32:18,s5dFrPwvbHY,132521,25799,0,1389
2025-11-25 20:32:18,j-4AHlLg9XA,,105,0,0
2025-11-25 20:32:18,qIXl45sU0wk,114867,2737,0,24
2025-11-25 20:32:18,BNWYJZp2CbQ,43120,416,0,11
2025-11-25 20:32:18,XZ1FhU9XeEc,86196,1432,0,209
2025-11-25 20:32:18,UFozBQrnmII,766125,24988,0,410
2025-11-25 20:32:18,dqMImJF-rgA,102360,3597,0,313
2025-11-25 20:32:18,6L7xTio0QyY,65391,4898,0,483
2025-11-25 20:32:18,llAI08UYyAw,1880129,305234,0,10062
2025-11-25 20:32:18,0-74AHbFWic,135094,11259,0,620
2025-11-25 20:32:18,f8aS4qwuO7k,143750,8496,0,69
2025-11-25 20:32:18,HIE0fSPuvLY,167453,811,0,19
2025-11-25 23:46:12,6hIKI8RZ1ys,419058,6931,0,18
2025-11-25 23:46:12,yxXNIzrfPNQ,83524,5749,0,785
2025-11-25 23:46:12,dx4XsqUGm10,144096,16862,0,1272
2025-11-25 23:46:12,LUQ28DBF7EU,153890,3777,0,310
2025-11-25 23:46:12,m0HhR1k9JEw,87616,198,0,4
2025-11-25 23:46:12,Aj8AmqTQkAs,88035,1087,0,56
2025-11-25 23:46:12,FFXSoSl_lGg,100366,4735,0,173
2025-11-25 23:46:12,e0okJjgNTl0,288655,2703,0,4
2025-11-25 23:46:12,tmVYOETfA10,36083,3024,0,82
2025-11-25 23:46:12,z-aco1hi0Iw,102453,1425,0,239
2025-11-25 23:46:12,AmQXv7Pyqvw,72488,936,0,10
2025-11-25 23:46:12,24VDsNgWNfw,80159,425,0,1
2025-11-25 23:46:12,iKVcCmyqoik,58036,4852,0,190
2025-11-25 23:46:12,fiG_T-0zFT8,451633,29408,0,1426
2025-11-25 23:46:12,gYEhRoknpZQ,97742,905,0,166
2025-11-25 23:46:12,hXKJ0gHYQ6E,48459,265,0,18
2025-11-25 23:46:12,UF4n5zmzx9A,192218,4854,0,261
2025-11-25 23:46:12,Gth1zEFH2TM,34817,1329,0,33
2025-11-25 23:46:12,4l9Ni3tjbwM,1061385,12048,0,121
2025-11-25 23:46:12,jWFQ3A1Dtdg,32715,5491,0,620
2025-11-25 23:46:12,qEGsMTo-adg,12389,1482,0,175
2025-11-25 23:46:12,2HwsSTLuA8A,138440,4061,0,454
2025-11-25 23:46:12,fiSsGbfus6I,171916,1666,0,1074
2025-11-25 23:46:12,MRYXsF2lblY,165642,17163,0,940
2025-11-25 23:46:12,4-6IONBWRMQ,102930,1627,0,33
2025-11-25 23:46:12,ZXrcsNlbtgs,104953,912,0,0
2025-11-25 23:46:12,wUGh03rLZbY,111534,3608,0,256
2025-11-25 23:46:12,04-csl0RRJc,52994,1025,0,257
2025-11-25 23:46:12,tPMkWfK6N-E,97989,9522,0,473
2025-11-25 23:46:12,DG4ax7ec64o,575093,6955,0,309
2025-11-25 23:46:12,xuL1CDdhsOg,211103,2080,0,1
2025-11-25 23:46:12,lUHLwBOY04I,139246,15011,0,307
2025-11-25 23:46:12,U7wDhVWgd5w,53872,1092,0,6
2025-11-25 23:46:12,WGyadbTx8bs,222731,9477,0,880
2025-11-25 23:46:12,j6TnwWfuf-I,42829,1424,0,88
2025-11-25 23:46:12,ST05E_5kn2E,125610,3061,0,254
2025-11-25 23:46:12,XZ1FhU9XeEc,104118,1579,0,216
2025-11-25 23:46:12,j-4AHlLg9XA,,104,0,0
2025-11-25 23:46:12,HQdJ8dMeCHM,68297,556,0,1053
2025-11-25 23:46:12,PtSwg--FueA,106832,1121,0,346
2025-11-25 23:46:12,ITQYMtkP23E,287960,1385,0,0
2025-11-25 23:46:12,Yy2ZovGi-Uk,345671,9308,0,139
2025-11-25 23:46:12,UFozBQrnmII,771636,25069,0,414
2025-11-25 23:46:12,gSXQd_5ht0E,464604,21778,0,1020
2025-11-25 23:46:12,9XNqe5r8xHI,424854,5979,0,26
2025-11-25 23:46:12,VXsWwTTgt78,251530,11776,0,73
2025-11-25 23:46:12,x15pDRtzYno,109151,1448,0,183
2025-11-25 23:46:12,HIE0fSPuvLY,167487,810,0,19
2025-11-25 23:46:12,G_3xr5desOo,56998,2373,0,97
2025-11-25 23:46:12,ayjRv2g2UqY,533774,19181,0,791
2025-11-25 23:46:12,cl-BT6bDxEI,90504,2908,0,180
2025-11-25 23:46:12,3rGi2kiSzkA,29545,2069,0,100
2025-11-25 23:46:12,uOZRP1-dvhA,200304,2074,0,166
2025-11-25 23:46:12,GxXpkps21Kc,302783,12943,0,224
2025-11-25 23:46:12,9SaAfQ6eACQ,38910,803,0,179
2025-11-25 23:46:12,oVwGURkvEq4,136347,1730,0,650
2025-11-25 23:46:12,QJpTBz916MI,977886,104273,0,2837
2025-11-25 23:46:12,dhzVHS8C_nc,82146,481,0,0
2025-11-25 23:46:12,cBPtIHuFa_o,43964,2458,0,312
2025-11-25 23:46:12,sgi_eji-ysM,267137,5381,0,65
2025-11-25 23:46:12,NIGA89HGTBU,33206,11123,0,662
2025-11-25 23:46:12,snH3HQSF7Ew,231317,3854,0,684
2025-11-25 23:46:12,-dfR8iYqwK4,175644,3238,0,472
2025-11-25 23:46:12,MarWse2JmWU,287254,3299,0,24
2025-11-25 23:46:12,nbzmTUB-FCs,16680,1240,0,190
2025-11-25 23:46:12,PJyQaQosJpk,71623,831,0,11
2025-11-25 23:46:12,599nhYHHvQo,,840,0,0
2025-11-25 23:46:12,4Xt_hR0KNvY,103827,10157,0,1949
2025-11-25 23:46:12,L6tkKvVCs0Y,170453,11962,0,559
2025-11-25 23:46:12,TAL-HXKac80,2816196,70734,0,2341
2025-11-25 23:46:12,xcqjxAXsbHU,508909,26343,0,1158
2025-11-25 23:46:12,I9U5JRfZ4bA,29338,890,0,147
2025-11-25 23:46:12,6mP-mEHEQcw,179504,8961,0,1249
2025-11-25 23:46:12,-3TOkp_6gRQ,482560,9171,0,83
2025-11-25 23:46:12,W3eUZa56o0s,209436,3740,0,1456
2025-11-25 23:46:12,kCnD_dMyJ3M,64092,2442,0,0
2025-11-25 23:46:12,2NKK6Mg27XI,139775,11473,0,416
2025-11-25 23:46:12,7SoVjT-0Rhw,21757,1639,0,235
2025-11-25 23:46:12,f8aS4qwuO7k,145197,8459,0,69
2025-11-25 23:46:12,nDeKfR5iBxY,746935,35592,0,1368
2025-11-25 23:46:12,8j4RM-bBYvA,14719,1170,0,386
2025-11-25 23:46:12,IW14wQJKSC4,88769,3922,0,146
2025-11-25 23:46:12,6kWw9Nn4dIY,46472,3884,0,217
2025-11-25 23:46:12,uQc-pW3QLuI,6761869,123067,0,5133
2025-11-25 23:46:12,BT4XRgmCjjQ,208490,,0,28
2025-11-25 23:46:12,BsyEN86cR0U,198456,6679,0,46
2025-11-25 23:46:12,qIXl45sU0wk,116440,2748,0,24
2025-11-25 23:46:12,QebVV6D641k,219745,1158,0,755
2025-11-25 23:46:12,zLfnSXg0jKg,101234,2851,0,130
2025-11-25 23:46:12,x_RYZsOfpKY,10058484,247272,0,15902
2025-11-25 23:46:12,miySB69T1xw,174633,8108,0,355
2025-11-25 23:46:12,oslNxV_8Q2c,245694,10441,0,117
2025-11-25 23:46:12,XtTT5XdZVpw,104397,4368,0,212
2025-11-25 23:46:12,7gDl4S3wB14,463234,8085,0,795
2025-11-25 23:46:12,h09ng9lTOEM,168077,1509,0,8
2025-11-25 23:46:12,l57EJ_eLsIc,127444,1364,0,546
2025-11-25 23:46:12,KSha-fc5EhA,92969,522,0,0
2025-11-25 23:46:12,Pzqzy2ZIcLI,169034,9344,0,46
2025-11-25 23:46:12,D8gbtByJSI8,75134,371,0,1
2025-11-25 23:46:12,S3Q33-4q1xo,98723,1205,0,79
2025-11-25 23:46:12,JUYQapYmw74,120293,1401,0,3
2025-11-25 23:46:12,vpXtzSpyV_8,1621272,17520,0,859
2025-11-25 23:46:12,IcWvUlwcKAI,8400,1789,0,141
2025-11-25 23:46:12,ex7ieF2B09A,180935,3052,0,166
2025-11-25 23:46:12,qJvjFBhQ6vQ,148876,2066,0,59
2025-11-25 23:46:12,7bqePXphj2g,190802,16063,0,1409
2025-11-25 23:46:12,yRhin7unPeI,155234,4792,0,453
2025-11-25 23:46:12,IZ9kqxCDvAs,641907,28614,0,1903
2025-11-25 23:46:12,KO6gxf8vXJQ,228833,526,0,1
2025-11-25 23:46:12,GJMOK14mB2c,75098,2280,0,132
2025-11-25 23:46:12,xjUPVppl1DI,201754,6342,0,294
2025-11-25 23:46:12,dqMImJF-rgA,111564,3661,0,320
2025-11-25 23:46:12,LxMaia85m5Y,128856,3124,0,140
2025-11-25 23:46:12,NED7nev2ywQ,36461061,1308068,0,125436
2025-11-25 23:46:12,s5dFrPwvbHY,146838,26926,0,1409
2025-11-25 23:46:12,_6xcFXlJcX8,102291,1134,0,35
2025-11-25 23:46:12,81QYAxvO3Ik,158496,17798,0,1140
2025-11-25 23:46:12,oLY17RG3OMI,248779,4536,0,269
2025-11-25 23:46:12,4oml768wFnk,36161,3075,0,158
2025-11-25 23:46:12,ygIwtR2txaw,243760,9901,0,245
2025-11-25 23:46:12,kuetvJE_C_U,150416,3961,0,66
2025-11-25 23:46:12,dCmNVtLsYzA,173439,8950,0,519
2025-11-25 23:46:12,a72dN8ZWPWg,84005,2449,0,1613
2025-11-25 23:46:12,VhzqSrscVP8,134836,5775,0,402
2025-11-25 23:46:12,jRgzfKDTI7g,437779,11144,0,340
2025-11-25 23:46:12,WsLcF1ojgFU,35613,2704,0,387
2025-11-25 23:46:12,zupf7Kwx6v4,136104,2722,0,174
2025-11-25 23:46:12,aHKMl9HVqZQ,75713,3094,0,286
2025-11-25 23:46:12,YMxjZF3gtoM,233670,12472,0,729
2025-11-25 23:46:12,SdVBuVm_Sw8,,700,0,0
2025-11-25 23:46:12,koeM_jz4CdM,343528,13607,0,1414
2025-11-25 23:46:12,KDC-EOsNzAg,119195,19638,0,546
2025-11-25 23:46:12,BDxXPvOdz50,139349,2284,0,611
2025-11-25 23:46:12,HP8qpxRpIW8,349261,20792,0,831
2025-11-25 23:46:12,j-8vLi2sMg0,15195,3526,0,62
2025-11-25 23:46:12,TVqEwvbZP30,1487858,92449,0,7822
2025-11-25 23:46:12,tk9FDjJd6zM,29256,612,0,69
2025-11-25 23:46:12,dolefeooLzc,311818,5276,0,335
2025-11-25 23:46:12,4Ddbjkyy2C0,119373,837,0,0
2025-11-25 23:46:12,xZFWSWcQ3As,101277,1165,0,76
2025-11-25 23:46:12,6L7xTio0QyY,69862,4960,0,483
2025-11-25 23:46:12,tXJJhKobuas,108157,1808,0,125
2025-11-25 23:46:12,G7eh40XgTiw,58980,1007,0,138
2025-11-25 23:46:12,eHmQ_b0LkUA,209261,63125,0,2922
2025-11-25 23:46:12,XILnJKGc0yo,88250,15416,0,2727
2025-11-25 23:46:12,0-74AHbFWic,138797,11399,0,622
2025-11-25 23:46:12,taSKSaq5qh8,246915,4076,0,37
2025-11-25 23:46:12,cVL4bRjA6X0,314360,33119,0,1232
2025-11-25 23:46:12,u66QoyjtANg,146863,1098,0,0
2025-11-25 23:46:12,llAI08UYyAw,1973965,310731,0,10173
2025-11-25 23:46:12,DOmdfYIPBXE,322029,2964,0,86
2025-11-25 23:46:12,SWdjfMIkQCg,139761,2074,0,153
2025-11-25 23:46:12,G36amiUCkXU,260037,23668,0,4185
2025-11-25 23:46:12,vMg1KAFAKiY,893323,157947,0,8517
2025-11-25 23:46:12,BNWYJZp2CbQ,45377,426,0,16
2025-11-25 23:46:12,5ftlnz91DaM,134622,9013,0,454
2025-11-25 23:46:12,ANU0lVGfWyo,303320,28484,0,2170
2025-11-25 23:46:12,IW_KV5nqWRI,40428,221,0,6
2025-11-25 23:46:12,SnCG-_lf74w,257235,12999,0,759
2025-11-25 23:46:12,Gln8wDtITJ4,21912,1588,0,154
2025-11-25 23:46:12,IftQ9zQ06-0,88458,1599,0,211
2025-11-25 23:46:12,QRTGKxrKBPM,410166,37654,0,982
2025-11-25 23:46:12,OWpLhNyqeqg,51667,4268,0,410
2025-11-25 23:46:12,UfVkyXaTGcs,174030,4748,0,98
2025-11-25 23:46:12,k1yXf4L5bnc,104784,2617,0,150
2025-11-25 23:46:12,ScutqxM3z_s,51311,4818,0,305
2025-11-26 17:54:14,MarWse2JmWU,287810,3295,0,24
2025-11-26 17:54:14,zLfnSXg0jKg,111231,3036,0,135
2025-11-26 17:54:14,dmBAMwBBxoM,114611,3938,0,357
2025-11-26 17:54:14,ST05E_5kn2E,210409,4155,0,302
2025-11-26 17:54:14,kCnD_dMyJ3M,76125,2551,0,0
2025-11-26 17:54:14,Gln8wDtITJ4,32454,2309,0,192
2025-11-26 17:54:14,sgi_eji-ysM,270531,5422,0,67
2025-11-26 17:54:14,Rc8f268ueOE,146361,1591,0,377
2025-11-26 17:54:14,KSha-fc5EhA,93089,521,0,0
2025-11-26 17:54:14,v55qDr_jJFA,11871,1207,0,82
2025-11-26 17:54:14,GxXpkps21Kc,302438,13018,0,227
2025-11-26 17:54:14,fiG_T-0zFT8,488495,30052,0,1432
2025-11-26 17:54:14,OWpLhNyqeqg,66408,4583,0,422
2025-11-26 17:54:14,4l9Ni3tjbwM,1060660,12073,0,124
2025-11-26 17:54:14,6mP-mEHEQcw,222623,9887,0,1328
2025-11-26 17:54:14,SWdjfMIkQCg,151312,2151,0,161
2025-11-26 17:54:14,UF4n5zmzx9A,206520,5058,0,265
2025-11-26 17:54:14,fCDvm0Y3qkw,286983,15244,0,169
2025-11-26 17:54:14,W3eUZa56o0s,217667,3821,0,1492
2025-11-26 17:54:14,XtTT5XdZVpw,111566,4539,0,217
2025-11-26 17:54:14,xx3ZTvOhNoM,214484,7951,0,68
2025-11-26 17:54:14,cVL4bRjA6X0,375056,35775,0,1297
2025-11-26 17:54:14,miySB69T1xw,349972,11363,0,443
2025-11-26 17:54:14,x_RYZsOfpKY,11241912,277489,0,17214
2025-11-26 17:54:14,4Ddbjkyy2C0,119575,836,0,0
2025-11-26 17:54:14,tXJJhKobuas,168978,2431,0,145
2025-11-26 17:54:14,lUHLwBOY04I,154165,15987,0,321
2025-11-26 17:54:14,Zvh5BE2Guik,251639,10759,0,188
2025-11-26 17:54:14,j6TnwWfuf-I,83518,1952,0,111
2025-11-26 17:54:14,IcWvUlwcKAI,9120,1861,0,144
2025-11-26 17:54:14,SnCG-_lf74w,601477,18762,0,937
2025-11-26 17:54:14,cl-BT6bDxEI,113355,3225,0,186
2025-11-26 17:54:14,dhzVHS8C_nc,82162,480,0,1
2025-11-26 17:54:14,4Xt_hR0KNvY,136226,11497,0,2179
2025-11-26 17:54:14,LUQ28DBF7EU,159787,3855,0,317
2025-11-26 17:54:14,ITQYMtkP23E,290269,1383,0,0
2025-11-26 17:54:14,a72dN8ZWPWg,128820,2954,0,1746
2025-11-26 17:54:14,tmVYOETfA10,48316,3326,0,88
2025-11-26 17:54:14,XILnJKGc0yo,174488,18942,0,3325
2025-11-26 17:54:14,9SaAfQ6eACQ,69441,1018,0,209
2025-11-26 17:54:14,gYEhRoknpZQ,105732,932,0,169
2025-11-26 17:54:14,xuL1CDdhsOg,211230,2078,0,1
2025-11-26 17:54:14,oVwGURkvEq4,141441,1752,0,654
2025-11-26 17:54:14,u66QoyjtANg,141280,1099,0,0
2025-11-26 17:54:14,WsLcF1ojgFU,41174,2824,0,406
2025-11-26 17:54:14,l57EJ_eLsIc,157934,1506,0,585
2025-11-26 17:54:14,81QYAxvO3Ik,179404,18712,0,1189
2025-11-26 17:54:14,aHKMl9HVqZQ,118115,3865,0,330
2025-11-26 17:54:14,TVqEwvbZP30,3437832,101014,0,8998
2025-11-26 17:54:14,CvGT2o7-_ZA,80354,1532,0,9
2025-11-26 17:54:14,cBPtIHuFa_o,82299,3389,0,364
2025-11-26 17:54:14,vQpF9mIiYFU,6425,220,0,22
2025-11-26 17:54:14,kSmHmdAnDYc,54885,2846,0,443
2025-11-26 17:54:14,eWetBwa4vVI,26175,2039,0,123
2025-11-26 17:54:14,HP8qpxRpIW8,571827,27058,0,913
2025-11-26 17:54:14,QebVV6D641k,227380,1192,0,779
2025-11-26 17:54:14,6kWw9Nn4dIY,102322,5384,0,324
2025-11-26 17:54:14,Gth1zEFH2TM,89489,1949,0,50
2025-11-26 17:54:14,YMxjZF3gtoM,268843,13277,0,767
2025-11-26 17:54:14,U7wDhVWgd5w,51976,1097,0,6
2025-11-26 17:54:14,GJMOK14mB2c,102165,2614,0,139
2025-11-26 17:54:14,zupf7Kwx6v4,140788,2758,0,174
2025-11-26 17:54:14,j-4AHlLg9XA,,104,0,0
2025-11-26 17:54:14,8j4RM-bBYvA,21171,1216,0,426
2025-11-26 17:54:14,ZXrcsNlbtgs,104991,912,0,0
2025-11-26 17:54:14,xcqjxAXsbHU,542704,26845,0,1183
2025-11-26 17:54:14,vpXtzSpyV_8,3614394,20238,0,1028
2025-11-26 17:54:14,BFaHdJVDmXY,39635,3124,0,136
2025-11-26 17:54:14,qIXl45sU0wk,119307,2780,0,25
2025-11-26 17:54:14,Kc7TkgWiWrc,15343,701,0,30
2025-11-26 17:54:14,m0HhR1k9JEw,87633,198,0,5
2025-11-26 17:54:14,k1yXf4L5bnc,111020,2702,0,150
2025-11-26 17:54:14,dx4XsqUGm10,171796,17568,0,1327
2025-11-26 17:54:14,XZ1FhU9XeEc,130554,1825,0,240
2025-11-26 17:54:14,taSKSaq5qh8,249609,4102,0,38
2025-11-26 17:54:14,hn17tmdaAzQ,680882,6421,0,94
2025-11-26 17:54:14,4-6IONBWRMQ,106500,1682,0,33
2025-11-26 17:54:14,JrI4_jUZe98,275892,52529,0,1948
2025-11-26 17:54:14,S3Q33-4q1xo,106523,1258,0,82
2025-11-26 17:54:14,Yy2ZovGi-Uk,348347,9354,0,142
2025-11-26 17:54:14,JUYQapYmw74,120714,1402,0,3
2025-11-26 17:54:14,yxXNIzrfPNQ,96194,5977,0,808
2025-11-26 17:54:14,QRTGKxrKBPM,453206,38848,0,992
2025-11-26 17:54:14,2NKK6Mg27XI,201684,14088,0,459
2025-11-26 17:54:14,HQdJ8dMeCHM,108370,688,0,1521
2025-11-26 17:54:14,JkKNqaEl9Aw,102745,17202,0,1614
2025-11-26 17:54:14,PwaldW6SXwE,19969,2241,0,209
2025-11-26 17:54:14,dolefeooLzc,348911,5603,0,364
2025-11-26 17:54:14,BT4XRgmCjjQ,211316,,0,34
2025-11-26 17:54:14,Pzqzy2ZIcLI,170058,9416,0,46
2025-11-26 17:54:14,jRgzfKDTI7g,458055,11483,0,345
2025-11-26 17:54:14,MRYXsF2lblY,189647,18099,0,995
2025-11-26 17:54:14,I9U5JRfZ4bA,31331,913,0,149
2025-11-26 17:54:14,G7eh40XgTiw,75853,1132,0,152
2025-11-26 17:54:14,IftQ9zQ06-0,114106,1824,0,252
2025-11-26 17:54:14,BM13CSsDrV8,5792,322,0,0
2025-11-26 17:54:14,ex7ieF2B09A,216128,3532,0,186
2025-11-26 17:54:14,599nhYHHvQo,,839,0,0
2025-11-26 17:54:14,qJvjFBhQ6vQ,172002,2191,0,63
2025-11-26 17:54:14,7bqePXphj2g,233144,17302,0,1495
2025-11-26 17:54:14,wUGh03rLZbY,118728,3728,0,256
2025-11-26 17:54:14,kux5GmbZhVg,7420,609,0,13
2025-11-26 17:54:14,vIUORnIS_ug,273461,12703,0,975
2025-11-26 17:54:14,BsyEN86cR0U,231796,7270,0,71
2025-11-26 17:54:14,ygIwtR2txaw,270045,10460,0,253
2025-11-26 17:54:14,FFXSoSl_lGg,110343,4886,0,174
2025-11-26 17:54:14,Aj8AmqTQkAs,93206,1126,0,59
2025-11-26 17:54:14,DSPV0RT3BJI,73787,,0,
2025-11-26 17:54:14,gSXQd_5ht0E,638945,22519,0,1029
2025-11-26 17:54:14,CZP11p3DklQ,53585,2375,0,113
2025-11-26 17:54:14,f8aS4qwuO7k,144987,8539,0,71
2025-11-26 17:54:14,ANU0lVGfWyo,390535,31841,0,2286
2025-11-26 17:54:14,QJpTBz916MI,1019079,105670,0,2874
2025-11-26 17:54:14,BNWYJZp2CbQ,47604,443,0,22
2025-11-26 17:54:14,IW14wQJKSC4,95138,4006,0,148
2025-11-26 17:54:14,jWFQ3A1Dtdg,215508,10880,0,1116
2025-11-26 17:54:14,llAI08UYyAw,2531913,337448,0,10587
2025-11-26 17:54:14,_6xcFXlJcX8,107235,1186,0,35
2025-11-26 17:54:14,dCmNVtLsYzA,190626,9495,0,544
2025-11-26 17:54:14,IZ9kqxCDvAs,706996,29706,0,1961
2025-11-26 17:54:14,vQ_NFqtGDgo,84103,16932,0,724
2025-11-26 17:54:14,4oml768wFnk,40800,3154,0,160
2025-11-26 17:54:14,tk9FDjJd6zM,33167,653,0,75
2025-11-26 17:54:14,eHmQ_b0LkUA,379208,86282,0,3211
2025-11-26 17:54:14,kuetvJE_C_U,150367,3971,0,66
2025-11-26 17:54:14,dIPZHyTBFz0,64670,1273,0,176
2025-11-26 17:54:14,04-csl0RRJc,54569,1044,0,263
2025-11-26 17:54:14,5ftlnz91DaM,152672,9598,0,480
2025-11-26 17:54:14,UFozBQrnmII,785239,25235,0,420
2025-11-26 17:54:14,6ixvIIIxwlk,104154,1068,0,0
2025-11-26 17:54:14,j-8vLi2sMg0,48019,5504,0,78
2025-11-26 17:54:14,nbzmTUB-FCs,19215,1284,0,191
2025-11-26 17:54:14,G_3xr5desOo,82885,2789,0,106
2025-11-26 17:54:14,yRhin7unPeI,167951,5001,0,460
2025-11-26 17:54:14,ayjRv2g2UqY,718020,19682,0,800
2025-11-26 17:54:14,PtSwg--FueA,136626,1241,0,372
2025-11-26 17:54:14,2HwsSTLuA8A,141262,4101,0,456
2025-11-26 17:54:14,AmQXv7Pyqvw,72661,938,0,10
2025-11-26 17:54:14,dqMImJF-rgA,122760,3857,0,335
2025-11-26 17:54:14,uQc-pW3QLuI,6950607,125233,0,5158
2025-11-26 17:54:14,NkHjY_EaCgY,94434,1564,0,96
2025-11-26 17:54:14,Em805jfRVXs,139668,3207,0,413
2025-11-26 17:54:14,55xYiuSAp5c,284818,4504,0,12
2025-11-26 17:54:14,PJyQaQosJpk,74861,849,0,14
2025-11-26 17:54:14,xjUPVppl1DI,452329,9073,0,392
2025-11-26 17:54:14,xZFWSWcQ3As,107441,1206,0,78
2025-11-26 17:54:14,HIE0fSPuvLY,167513,811,0,20
2025-11-26 17:54:14,D8gbtByJSI8,77133,373,0,2
2025-11-26 17:54:14,oLY17RG3OMI,269971,4797,0,276
2025-11-26 17:54:14,9XNqe5r8xHI,431417,6033,0,26
2025-11-26 17:54:14,vMg1KAFAKiY,992000,167832,0,8966
2025-11-26 17:54:14,DG4ax7ec64o,622749,7412,0,318
2025-11-26 17:54:14,LxMaia85m5Y,174919,3616,0,164
2025-11-26 17:54:14,-3TOkp_6gRQ,487151,9232,0,88
2025-11-26 17:54:14,hXKJ0gHYQ6E,48641,266,0,19
2025-11-26 17:54:14,oslNxV_8Q2c,247548,10484,0,117
2025-11-26 17:54:14,b9z3Iaz5Zrc,50833,3857,0,252
2025-11-26 17:54:14,uOZRP1-dvhA,221508,2258,0,171
2025-11-26 17:54:14,x15pDRtzYno,121209,1562,0,192
2025-11-26 17:54:14,G36amiUCkXU,342862,25417,0,4565
2025-11-26 17:54:14,UfVkyXaTGcs,193039,5036,0,103
2025-11-26 17:54:14,snH3HQSF7Ew,240241,3925,0,693
2025-11-26 17:54:14,A3Ki9cI9T9w,89548,2114,0,541
2025-11-26 17:54:14,6hIKI8RZ1ys,419354,6928,0,18
2025-11-26 17:54:14,nDeKfR5iBxY,798307,37816,0,1413
2025-11-26 17:54:14,DOmdfYIPBXE,331183,3053,0,87
2025-11-26 17:54:14,VhzqSrscVP8,144375,5951,0,406
2025-11-26 17:54:14,e0okJjgNTl0,292312,2711,0,6
2025-11-26 17:54:14,3rGi2kiSzkA,40741,2358,0,105
2025-11-26 17:54:14,P0OLVEm0pfM,65945,194,0,0
2025-11-26 17:54:14,fiSsGbfus6I,252175,1927,0,1172
2025-11-26 17:54:14,koeM_jz4CdM,367999,14272,0,1456
2025-11-26 17:54:14,7SoVjT-0Rhw,26810,1739,0,248
2025-11-26 17:54:14,KO6gxf8vXJQ,228891,526,0,1
2025-11-26 17:54:14,NED7nev2ywQ,38041497,1328047,0,128764
2025-11-26 17:54:14,KDC-EOsNzAg,142835,21634,0,583
2025-11-26 17:54:14,IW_KV5nqWRI,41690,225,0,9
2025-11-26 17:54:14,NIGA89HGTBU,1016974,19873,0,914
2025-11-26 17:54:14,BDxXPvOdz50,152883,2389,0,632
2025-11-26 17:54:14,Caa-UHhl8Gw,44396,1804,0,162
2025-11-26 17:54:14,z-aco1hi0Iw,143009,1664,0,256
2025-11-26 17:54:14,ScutqxM3z_s,122055,6783,0,402
2025-11-26 17:54:14,TAL-HXKac80,3207955,74081,0,2474
2025-11-26 17:54:14,7gDl4S3wB14,483649,8276,0,813
2025-11-26 17:54:14,0-74AHbFWic,147673,11584,0,626
2025-11-26 17:54:14,SdVBuVm_Sw8,,699,0,0
2025-11-26 17:54:14,WGyadbTx8bs,291238,11173,0,990
2025-11-26 17:54:14,iKVcCmyqoik,87720,5503,0,208
2025-11-26 17:54:14,24VDsNgWNfw,80645,425,0,1
2025-11-26 17:54:14,qFdZAyr_xmw,71973,2909,0,448
2025-11-26 17:54:14,b1OwvLh8HnU,9299,244,0,7
2025-11-26 17:54:14,I52yC34Ji2k,139539,25415,0,1120
2025-11-26 17:54:14,VXsWwTTgt78,254712,11843,0,73
2025-11-26 17:54:14,-dfR8iYqwK4,190925,3376,0,483
2025-11-26 17:54:14,qEGsMTo-adg,20101,1729,0,208
2025-11-26 17:54:14,s5dFrPwvbHY,177235,29161,0,1456
2025-11-26 17:54:14,tPMkWfK6N-E,105435,9869,0,494
2025-11-26 17:54:14,0GICIe0Tgf8,8793,775,0,28
2025-11-26 17:54:14,L6tkKvVCs0Y,268910,12803,0,572
2025-11-26 17:54:14,6oS55kztPlE,10302,823,0,24
2025-11-26 17:54:14,6L7xTio0QyY,78556,5073,0,491
2025-11-26 17:54:14,h09ng9lTOEM,168323,1511,0,8
2025-11-27 08:32:16,04-csl0RRJc,55856,1052,0,269
2025-11-27 08:32:16,XZ1FhU9XeEc,142302,1940,0,248
2025-11-27 08:32:16,QJpTBz916MI,1059863,107101,0,2896
2025-11-27 08:32:16,VXsWwTTgt78,256803,11881,0,73
2025-11-27 08:32:16,eHmQ_b0LkUA,429239,91620,0,3247
2025-11-27 08:32:16,xx3ZTvOhNoM,222000,8030,0,81
2025-11-27 08:32:16,xjUPVppl1DI,582414,10336,0,434
2025-11-27 08:32:16,lUHLwBOY04I,165922,16731,0,337
2025-11-27 08:32:16,ayjRv2g2UqY,826384,20136,0,809
2025-11-27 08:32:16,dqMImJF-rgA,134767,3977,0,341
2025-11-27 08:32:16,6ixvIIIxwlk,104538,1064,0,0
2025-11-27 08:32:16,vpXtzSpyV_8,4599316,21524,0,1085
2025-11-27 08:32:16,FFXSoSl_lGg,119223,5027,0,177
2025-11-27 08:32:16,24VDsNgWNfw,81071,428,0,1
2025-11-27 08:32:16,F2B4VITJfb0,87785,1948,0,247
2025-11-27 08:32:16,hn17tmdaAzQ,696567,6489,0,104
2025-11-27 08:32:16,k1yXf4L5bnc,114762,2767,0,153
2025-11-27 08:32:16,cBPtIHuFa_o,94551,3676,0,378
2025-11-27 08:32:16,BNWYJZp2CbQ,48410,450,0,22
2025-11-27 08:32:16,hcJEQXJIALo,22561,3443,0,531
2025-11-27 08:32:16,KDC-EOsNzAg,158903,22893,0,600
2025-11-27 08:32:16,StcmgD_0aRI,121767,9685,0,2446
2025-11-27 08:32:16,xZFWSWcQ3As,109740,1227,0,78
2025-11-27 08:32:16,-3TOkp_6gRQ,490332,9259,0,88
2025-11-27 08:32:16,tPMkWfK6N-E,111190,10073,0,505
2025-11-27 08:32:16,PJyQaQosJpk,75847,845,0,15
2025-11-27 08:32:16,KC0-vIj7piY,225183,18309,0,236
2025-11-27 08:32:16,I9U5JRfZ4bA,33213,943,0,152
2025-11-27 08:32:16,WGyadbTx8bs,349947,12484,0,1042
2025-11-27 08:32:16,eLCjlEYBN3U,300520,12986,0,990
2025-11-27 08:32:16,TAL-HXKac80,3522216,77347,0,2615
2025-11-27 08:32:16,tdYPGxusaYs,22890,2210,0,134
2025-11-27 08:32:16,miySB69T1xw,447495,12586,0,471
2025-11-27 08:32:16,VhzqSrscVP8,150356,6044,0,412
2025-11-27 08:32:16,OWpLhNyqeqg,76371,4785,0,427
2025-11-27 08:32:16,IZ9kqxCDvAs,775136,31004,0,2029
2025-11-27 08:32:16,G7eh40XgTiw,85170,1183,0,170
2025-11-27 08:32:16,SzFd7Tmq7pU,178964,9666,0,36
2025-11-27 08:32:16,P0OLVEm0pfM,66075,194,0,0
2025-11-27 08:32:16,a72dN8ZWPWg,143541,3216,0,1790
2025-11-27 08:32:16,tk9FDjJd6zM,36939,697,0,78
2025-11-27 08:32:16,vQ_NFqtGDgo,141645,23683,0,905
2025-11-27 08:32:16,2HwsSTLuA8A,143276,4129,0,458
2025-11-27 08:32:16,ScutqxM3z_s,186580,8197,0,464
2025-11-27 08:32:16,hXKJ0gHYQ6E,48780,266,0,20
2025-11-27 08:32:16,CO0MSU3fqAQ,12138,2000,0,115
2025-11-27 08:32:16,BM13CSsDrV8,11218,482,0,0
2025-11-27 08:32:16,j6TnwWfuf-I,96405,2090,0,116
2025-11-27 08:32:16,tmVYOETfA10,57466,3596,0,89
2025-11-27 08:32:16,PwaldW6SXwE,25575,2483,0,231
2025-11-27 08:32:16,tXJJhKobuas,194637,2667,0,148
2025-11-27 08:32:16,w32-xwPxDFk,13398,1055,0,55
2025-11-27 08:32:16,fiG_T-0zFT8,522845,30681,0,1440
2025-11-27 08:32:16,MarWse2JmWU,288142,3292,0,24
2025-11-27 08:32:16,4Xt_hR0KNvY,159829,12512,0,2346
2025-11-27 08:32:16,CvGT2o7-_ZA,80348,1535,0,12
2025-11-27 08:32:16,dx4XsqUGm10,195158,18172,0,1352
2025-11-27 08:32:16,kuetvJE_C_U,150838,3976,0,66
2025-11-27 08:32:16,w0ZQp2CmHHw,110630,2040,0,197
2025-11-27 08:32:16,G36amiUCkXU,411834,27360,0,5096
2025-11-27 08:32:16,x_RYZsOfpKY,12196813,295118,0,17727
2025-11-27 08:32:16,qFdZAyr_xmw,180871,4771,0,657
2025-11-27 08:32:16,KO6gxf8vXJQ,228922,526,0,1
2025-11-27 08:32:16,BT4XRgmCjjQ,214233,,0,35
2025-11-27 08:32:16,oWv2PwrJkTM,216771,11214,0,109
2025-11-27 08:32:16,ST05E_5kn2E,243792,4620,0,320
2025-11-27 08:32:16,b1OwvLh8HnU,16080,347,0,8
2025-11-27 08:32:16,iKVcCmyqoik,107330,5838,0,222
2025-11-27 08:32:16,wUGh03rLZbY,123357,3795,0,258
2025-11-27 08:32:16,gYEhRoknpZQ,108463,945,0,168
2025-11-27 08:32:16,xcqjxAXsbHU,575094,27384,0,1191
2025-11-27 08:32:16,ex7ieF2B09A,242244,3821,0,194
2025-11-27 08:32:16,DOmdfYIPBXE,339243,3095,0,87
2025-11-27 08:32:16,Yy2ZovGi-Uk,350743,9378,0,144
2025-11-27 08:32:16,nzbbL07maKA,117967,6461,0,266
2025-11-27 08:32:16,vIUORnIS_ug,322547,13607,0,1032
2025-11-27 08:32:16,jRgzfKDTI7g,472983,11695,0,349
2025-11-27 08:32:16,1wRkbauiGU8,93248,2370,0,149
2025-11-27 08:32:16,7gDl4S3wB14,498973,8406,0,824
2025-11-27 08:32:16,Pzqzy2ZIcLI,171154,9449,0,48
2025-11-27 08:32:16,x15pDRtzYno,134525,1627,0,194
2025-11-27 08:32:16,ZXrcsNlbtgs,105022,911,0,0
2025-11-27 08:32:16,yRhin7unPeI,176932,5173,0,466
2025-11-27 08:32:16,f8aS4qwuO7k,146533,8562,0,73
2025-11-27 08:32:16,QRTGKxrKBPM,490556,40019,0,1010
2025-11-27 08:32:16,ineS6XL0vc8,76904,2064,0,78
2025-11-27 08:32:16,GJMOK14mB2c,111120,2726,0,143
2025-11-27 08:32:16,qEGsMTo-adg,23230,1820,0,220
2025-11-27 08:32:16,zupf7Kwx6v4,144036,2795,0,176
2025-11-27 08:32:16,cl-BT6bDxEI,120860,3340,0,191
2025-11-27 08:32:16,81QYAxvO3Ik,193313,19223,0,1210
2025-11-27 08:32:16,SnCG-_lf74w,829756,21774,0,1031
2025-11-27 08:32:16,nDeKfR5iBxY,850005,39739,0,1437
2025-11-27 08:32:16,5-o_tvuKSfM,41126,3185,0,137
2025-11-27 08:32:16,dIPZHyTBFz0,179801,2064,0,255
2025-11-27 08:32:16,JrI4_jUZe98,380299,64013,0,2121
2025-11-27 08:32:16,4l9Ni3tjbwM,1065112,12111,0,125
2025-11-27 08:32:16,9XNqe5r8xHI,435376,6066,0,27
2025-11-27 08:32:16,Aj8AmqTQkAs,97727,1167,0,59
2025-11-27 08:32:16,aHKMl9HVqZQ,135092,4191,0,334
2025-11-27 08:32:16,NIGA89HGTBU,1553450,27072,0,1013
2025-11-27 08:32:16,gSXQd_5ht0E,1006316,23196,0,1040
2025-11-27 08:32:16,9jrVtT2nPgQ,24502,3958,0,96
2025-11-27 08:32:16,HQdJ8dMeCHM,118912,711,0,1533
2025-11-27 08:32:16,STXcQAmoLPU,133410,1367,0,1
2025-11-27 08:32:16,4Ddbjkyy2C0,119635,836,0,0
2025-11-27 08:32:16,IW14wQJKSC4,101264,4095,0,148
2025-11-27 08:32:16,AmQXv7Pyqvw,72785,940,0,10
2025-11-27 08:32:16,UFozBQrnmII,794494,25352,0,424
2025-11-27 08:32:16,NUSpibeVoO0,6336,467,0,33
2025-11-27 08:32:16,pzLTGAwn0a4,37151,5789,0,447
2025-11-27 08:32:16,5ftlnz91DaM,163134,9929,0,488
2025-11-27 08:32:16,Em805jfRVXs,252989,4789,0,562
2025-11-27 08:32:16,j-8vLi2sMg0,67977,6586,0,83
2025-11-27 08:32:16,e0okJjgNTl0,292812,2709,0,6
2025-11-27 08:32:16,CZP11p3DklQ,88897,3205,0,134
2025-11-27 08:32:16,vQpF9mIiYFU,12047,295,0,22
2025-11-27 08:32:16,Kc7TkgWiWrc,27534,961,0,36
2025-11-27 08:32:16,UF4n5zmzx9A,218262,5185,0,268
2025-11-27 08:32:16,ygIwtR2txaw,286683,10827,0,258
2025-11-27 08:32:16,koeM_jz4CdM,385736,14674,0,1476
2025-11-27 08:32:16,PtSwg--FueA,152579,1292,0,376
2025-11-27 08:32:16,taSKSaq5qh8,251709,4108,0,38
2025-11-27 08:32:16,ANU0lVGfWyo,449836,33973,0,2352
2025-11-27 08:32:16,G_3xr5desOo,104133,3147,0,117
2025-11-27 08:32:16,DSPV0RT3BJI,81210,,0,
2025-11-27 08:32:16,eWetBwa4vVI,34173,2393,0,138
2025-11-27 08:32:16,JUYQapYmw74,120973,1399,0,3
2025-11-27 08:32:16,6L7xTio0QyY,101679,5151,0,497
2025-11-27 08:32:16,599nhYHHvQo,,838,0,0
2025-11-27 08:32:16,jWFQ3A1Dtdg,288341,12250,0,1252
2025-11-27 08:32:16,_o05ucPBD7g,69608,1362,0,70
2025-11-27 08:32:16,Lj1Qi3-zQgg,18996,3784,0,138
2025-11-27 08:32:16,WsLcF1ojgFU,45477,2928,0,415
2025-11-27 08:32:16,IcWvUlwcKAI,9667,1915,0,149
2025-11-27 08:32:16,U7wDhVWgd5w,52056,1098,0,7
2025-11-27 08:32:16,0GICIe0Tgf8,13890,981,0,30
2025-11-27 08:32:16,yxXNIzrfPNQ,104866,6123,0,821
2025-11-27 08:32:16,Am2ElEWNvTY,44619,2918,0,167
2025-11-27 08:32:16,Caa-UHhl8Gw,88901,2642,0,202
2025-11-27 08:32:16,2NKK6Mg27XI,229010,14949,0,474
2025-11-27 08:32:16,oslNxV_8Q2c,248800,10514,0,118
2025-11-27 08:32:16,dhzVHS8C_nc,82181,480,0,1
2025-11-27 08:32:16,DG4ax7ec64o,668881,7941,0,329
2025-11-27 08:32:16,QebVV6D641k,232367,1210,0,787
2025-11-27 08:32:16,YMxjZF3gtoM,294158,13902,0,792
2025-11-27 08:32:16,fiSsGbfus6I,304664,2098,0,1251
2025-11-27 08:32:16,3-caLm2c1XI,120520,3773,0,478
2025-11-27 08:32:16,cVL4bRjA6X0,410961,36940,0,1333
2025-11-27 08:32:16,rOZV4RZrA3A,203437,2088,0,7
2025-11-27 08:32:16,S3Q33-4q1xo,111021,1294,0,84
2025-11-27 08:32:16,dolefeooLzc,379963,5857,0,374
2025-11-27 08:32:16,nbzmTUB-FCs,21176,1309,0,192
2025-11-27 08:32:16,W3eUZa56o0s,223205,3873,0,1507
2025-11-27 08:32:16,C3jcxlsPYLE,189777,9505,0,68
2025-11-27 08:32:16,6oS55kztPlE,17561,1026,0,30
2025-11-27 08:32:16,LxMaia85m5Y,196454,3810,0,170
2025-11-27 08:32:16,HIE0fSPuvLY,167548,811,0,20
2025-11-27 08:32:16,55xYiuSAp5c,299464,4581,0,19
2025-11-27 08:32:16,Gth1zEFH2TM,101263,2095,0,50
2025-11-27 08:32:16,2j2jXv6Juxc,129135,2034,0,77
2025-11-27 08:32:16,kCnD_dMyJ3M,85566,2653,0,0
2025-11-27 08:32:16,oLY17RG3OMI,286146,5006,0,283
2025-11-27 08:32:16,sgi_eji-ysM,272849,5434,0,67
2025-11-27 08:32:16,BDxXPvOdz50,158014,2440,0,640
2025-11-27 08:32:16,A3Ki9cI9T9w,101511,2305,0,586
2025-11-27 08:32:16,uQc-pW3QLuI,7053351,126376,0,5186
2025-11-27 08:32:16,3rGi2kiSzkA,49110,2610,0,109
2025-11-27 08:32:16,6hIKI8RZ1ys,419542,6925,0,18
2025-11-27 08:32:16,Bj6tJxDPzoY,195833,9412,0,285
2025-11-27 08:32:16,kux5GmbZhVg,14116,912,0,19
2025-11-27 08:32:16,6mP-mEHEQcw,253895,10398,0,1373
2025-11-27 08:32:16,L6tkKvVCs0Y,349325,13286,0,584
2025-11-27 08:32:16,T8w3L1rS3o4,47575,3210,0,90
2025-11-27 08:32:16,LUQ28DBF7EU,163119,3905,0,319
2025-11-27 08:32:16,oVwGURkvEq4,144701,1768,0,660
2025-11-27 08:32:16,AfKzB2lXo7I,4654,473,0,36
2025-11-27 08:32:16,fCDvm0Y3qkw,298581,15448,0,182
2025-11-27 08:32:16,Iz7mRKij2ao,8461,576,0,24
2025-11-27 08:32:16,IW_KV5nqWRI,42143,226,0,11
2025-11-27 08:32:16,uOZRP1-dvhA,230565,2342,0,172
2025-11-27 08:32:16,s5dFrPwvbHY,202083,30910,0,1476
2025-11-27 08:32:16,NED7nev2ywQ,39319474,1343653,0,131194
2025-11-27 08:32:16,S0UEqkus7FA,294559,12045,0,205
2025-11-27 08:32:16,9SaAfQ6eACQ,75844,1066,0,209
2025-11-27 08:32:16,TVqEwvbZP30,7902954,106846,0,10478
2025-11-27 08:32:16,bZ2eyQcJ49o,142115,2556,0,361
2025-11-27 08:32:16,DyINvuS9P34,157771,2316,0,49
2025-11-27 08:32:16,vMg1KAFAKiY,1049892,173102,0,9221
2025-11-27 08:32:16,xuL1CDdhsOg,211307,2076,0,1
2025-11-27 08:32:16,jvrrjeAYtzs,76161,232,0,0
2025-11-27 08:32:16,z-aco1hi0Iw,152186,1724,0,258
2025-11-27 08:32:16,IrxoY7JdJY0,122994,,0,32
2025-11-27 08:32:16,6kWw9Nn4dIY,127789,6031,0,349
2025-11-27 08:32:16,m0HhR1k9JEw,87645,196,0,5
2025-11-27 08:32:16,IftQ9zQ06-0,134988,1974,0,275
2025-11-27 08:32:16,qUgLxkENl6c,93296,6526,0,321
2025-11-27 08:32:16,qJvjFBhQ6vQ,185098,2282,0,69
2025-11-27 08:32:16,SdVBuVm_Sw8,,699,0,0
2025-11-27 08:32:16,u66QoyjtANg,141307,1096,0,0
2025-11-27 08:32:16,j-4AHlLg9XA,,104,0,0
2025-11-27 08:32:16,zLfnSXg0jKg,117393,3130,0,135
2025-11-27 08:32:16,_6xcFXlJcX8,110351,1213,0,35
2025-11-27 08:32:16,Gln8wDtITJ4,39680,2670,0,214
2025-11-27 08:32:16,tLBq_jH5FDI,84908,1423,0,147
2025-11-27 08:32:16,KSha-fc5EhA,93160,520,0,0
2025-11-27 08:32:16,HP8qpxRpIW8,741395,31756,0,968
2025-11-27 08:32:16,Rc8f268ueOE,205616,1830,0,420
2025-11-27 08:32:16,0-74AHbFWic,154576,11769,0,626
2025-11-27 08:32:16,l57EJ_eLsIc,180348,1573,0,606
2025-11-27 08:32:16,LcpCd9VXGjE,333873,1573,0,0
2025-11-27 08:32:16,OeMmb--HE6k,162823,4415,0,58
2025-11-27 08:32:16,OEcTbxi57lE,13919,3124,0,125
2025-11-27 08:32:16,VWg0218G38c,89216,1077,0,194
2025-11-27 08:32:16,ES9oYbzYCh8,307626,47274,0,1540
2025-11-27 08:32:16,8gAg9uDn2Oo,287740,11392,0,453
2025-11-27 08:32:16,llAI08UYyAw,2901796,352168,0,10777
2025-11-27 08:32:16,D8gbtByJSI8,77211,369,0,2
2025-11-27 08:32:16,BFaHdJVDmXY,66951,4103,0,176
2025-11-27 08:32:16,NkHjY_EaCgY,113422,1729,0,105
2025-11-27 08:32:16,MRYXsF2lblY,206701,18656,0,1022
2025-11-27 08:32:16,SWdjfMIkQCg,158128,2194,0,164
2025-11-27 08:32:16,UfVkyXaTGcs,204229,5196,0,105
2025-11-27 08:32:16,h09ng9lTOEM,168513,1509,0,8
2025-11-27 08:32:16,snH3HQSF7Ew,244796,3959,0,702
2025-11-27 08:32:16,7SoVjT-0Rhw,30315,1801,0,264
2025-11-27 08:32:16,8j4RM-bBYvA,25792,1257,0,455
2025-11-27 08:32:16,I52yC34Ji2k,273027,39632,0,1522
2025-11-27 08:32:16,dCmNVtLsYzA,199229,9758,0,552
2025-11-27 08:32:16,BsyEN86cR0U,239630,7345,0,74
2025-11-27 08:32:16,kSmHmdAnDYc,206582,6225,0,785
2025-11-27 08:32:16,4oml768wFnk,44294,3209,0,162
2025-11-27 08:32:16,qIXl45sU0wk,121842,2807,0,26
2025-11-27 08:32:16,XtTT5XdZVpw,116458,4609,0,217
2025-11-27 08:32:16,XILnJKGc0yo,217990,20022,0,3548
2025-11-27 08:32:16,-dfR8iYqwK4,197970,3441,0,492
2025-11-27 08:32:16,4-6IONBWRMQ,108520,1708,0,33
2025-11-27 08:32:16,7bqePXphj2g,257092,18081,0,1552
2025-11-27 08:32:16,JkKNqaEl9Aw,305608,20236,0,1805
2025-11-27 08:32:16,WVVv8Uyok_U,78312,4087,0,719
2025-11-27 08:32:16,dmBAMwBBxoM,154203,4579,0,379
2025-11-27 08:32:16,v55qDr_jJFA,24836,1735,0,109
2025-11-27 08:32:16,GxXpkps21Kc,304142,13051,0,230
2025-11-27 08:32:16,ITQYMtkP23E,290537,1378,0,0
2025-11-27 08:32:16,BiiDN0zgJ2Q,95260,722,0,0
2025-11-27 08:32:16,b9z3Iaz5Zrc,102727,5791,0,303
2025-11-27 08:32:16,Zvh5BE2Guik,252873,10746,0,194
2025-11-25 01:44:52,fiG_T-0zFT8,397660,28305,0,1405
2025-11-25 01:44:52,jRgzfKDTI7g,378479,10182,0,322
2025-11-25 01:44:52,oVwGURkvEq4,126546,1663,0,639
2025-11-25 01:44:52,6mP-mEHEQcw,88171,6338,0,935
2025-11-25 01:44:52,HIE0fSPuvLY,167545,812,0,19
2025-11-25 01:44:52,tmVYOETfA10,17709,2067,0,64
2025-11-25 01:44:52,vpXtzSpyV_8,125378,10789,0,595
2025-11-25 01:44:52,2HwsSTLuA8A,133080,3916,0,444
2025-11-25 01:44:52,OWpLhNyqeqg,21596,3036,0,338
2025-11-25 01:44:52,G36amiUCkXU,95266,16221,0,2958
2025-11-25 01:44:52,W3eUZa56o0s,189009,3493,0,1368
2025-11-25 01:44:52,dCmNVtLsYzA,128594,7147,0,410
2025-11-25 01:44:52,MRYXsF2lblY,94287,13466,0,749
2025-11-25 01:44:52,VXsWwTTgt78,252697,11619,0,70
2025-11-25 01:44:52,Aj8AmqTQkAs,76576,954,0,53
2025-11-25 01:44:52,QebVV6D641k,197449,1064,0,705
2025-11-25 01:44:52,VhzqSrscVP8,90455,4605,0,336
2025-11-25 01:44:52,IftQ9zQ06-0,38434,927,0,114
2025-11-25 01:44:52,NED7nev2ywQ,33822732,1278005,0,121577
2025-11-25 01:44:52,dx4XsqUGm10,67720,12413,0,1035
2025-11-25 01:44:52,IcWvUlwcKAI,6355,1500,0,123
2025-11-25 01:44:52,-3TOkp_6gRQ,461121,8969,0,63
2025-11-25 01:44:52,DOmdfYIPBXE,287990,2719,0,83
2025-11-25 01:44:52,5ftlnz91DaM,99722,7305,0,403
2025-11-25 01:44:52,_6xcFXlJcX8,86971,964,0,32
2025-11-25 01:44:52,UFozBQrnmII,756092,24645,0,393
2025-11-25 01:44:52,24VDsNgWNfw,78840,421,0,1
2025-11-25 01:44:52,AmQXv7Pyqvw,71373,935,0,8
2025-11-25 01:44:52,nDeKfR5iBxY,678703,32729,0,1314
2025-11-25 01:44:52,UF4n5zmzx9A,154084,4147,0,237
2025-11-25 01:44:52,vMg1KAFAKiY,676264,135589,0,7693
2025-11-25 01:44:52,k1yXf4L5bnc,80053,2199,0,138
2025-11-25 01:44:52,KO6gxf8vXJQ,228940,527,0,1
2025-11-25 01:44:52,SdVBuVm_Sw8,94613,701,0,0
2025-11-25 01:44:52,JUYQapYmw74,119222,1400,0,2
2025-11-25 01:44:52,uOZRP1-dvhA,145943,1542,0,134
2025-11-25 01:44:52,dqMImJF-rgA,70799,2792,0,270
2025-11-25 01:44:52,L6tkKvVCs0Y,41629,8886,0,483
2025-11-25 01:44:52,h09ng9lTOEM,166321,1503,0,6
2025-11-25 01:44:52,qJvjFBhQ6vQ,72943,1499,0,44
2025-11-25 01:44:52,m0HhR1k9JEw,87470,199,0,4
2025-11-25 01:44:52,4oml768wFnk,27170,2848,0,153
2025-11-25 01:44:52,0-74AHbFWic,122307,10770,0,612
2025-11-25 01:44:52,kCnD_dMyJ3M,42784,2129,0,0
2025-11-25 01:44:52,4Xt_hR0KNvY,41123,6509,0,1381
2025-11-25 01:44:52,hXKJ0gHYQ6E,47958,268,0,17
2025-11-25 01:44:52,lUHLwBOY04I,111577,12657,0,280
2025-11-25 01:44:52,llAI08UYyAw,946777,223322,0,8572
2025-11-25 01:44:52,4-6IONBWRMQ,92838,1512,0,31
2025-11-25 01:44:52,MarWse2JmWU,296563,3303,0,20
2025-11-25 01:44:52,x15pDRtzYno,53890,1001,0,152
2025-11-25 01:44:52,7gDl4S3wB14,403091,7446,0,742
2025-11-25 01:44:52,LUQ28DBF7EU,131048,3538,0,296
2025-11-25 01:44:52,gSXQd_5ht0E,322971,20118,0,968
2025-11-25 01:44:52,-dfR8iYqwK4,107966,2512,0,411
2025-11-25 01:44:52,kuetvJE_C_U,154313,3930,0,66
2025-11-25 01:44:52,tPMkWfK6N-E,84377,8776,0,452
2025-11-25 01:44:52,TAL-HXKac80,1058717,45785,0,1631
2025-11-25 01:44:52,6L7xTio0QyY,35803,4658,0,467
2025-11-25 01:44:52,oLY17RG3OMI,199195,3803,0,243
2025-11-25 01:44:52,snH3HQSF7Ew,209414,3603,0,665
2025-11-25 01:44:52,ygIwtR2txaw,147470,7414,0,222
2025-11-25 01:44:52,4l9Ni3tjbwM,1062052,11940,0,115
2025-11-25 01:44:52,UfVkyXaTGcs,79451,3161,0,68
2025-11-25 01:44:52,Yy2ZovGi-Uk,340453,9192,0,132
2025-11-25 01:44:52,yRhin7unPeI,105006,3890,0,417
2025-11-25 01:44:52,QJpTBz916MI,898198,100435,0,2773
2025-11-25 01:44:52,SWdjfMIkQCg,66790,1467,0,116
2025-11-25 01:44:52,S3Q33-4q1xo,67160,957,0,73
2025-11-25 01:44:52,koeM_jz4CdM,225145,10291,0,1117
2025-11-25 01:44:52,qIXl45sU0wk,108302,2625,0,19
2025-11-25 01:44:52,sgi_eji-ysM,259215,5308,0,63
2025-11-25 01:44:52,yxXNIzrfPNQ,61498,5202,0,711
2025-11-25 01:44:52,I9U5JRfZ4bA,23996,789,0,133
2025-11-25 01:44:52,KDC-EOsNzAg,62505,13394,0,415
2025-11-25 01:44:52,tk9FDjJd6zM,20894,487,0,55
2025-11-25 01:44:52,uQc-pW3QLuI,6313575,117805,0,5049
2025-11-25 01:44:52,xuL1CDdhsOg,218021,2081,0,0
2025-11-25 01:44:52,Pzqzy2ZIcLI,166023,9134,0,35
2025-11-25 01:44:52,oslNxV_8Q2c,248077,10338,0,112
2025-11-25 01:44:52,599nhYHHvQo,102818,844,0,0
2025-11-25 01:44:52,ANU0lVGfWyo,120753,18275,0,1578
2025-11-25 01:44:52,zupf7Kwx6v4,126228,2596,0,171
2025-11-25 01:44:52,BT4XRgmCjjQ,202068,,0,22
2025-11-25 01:44:52,xcqjxAXsbHU,463392,25485,0,1130
2025-11-25 01:44:52,DG4ax7ec64o,487361,5953,0,285
2025-11-25 01:44:52,8j4RM-bBYvA,7209,893,0,285
2025-11-25 01:44:52,wUGh03rLZbY,87566,3157,0,240
2025-11-25 01:44:52,WsLcF1ojgFU,21250,2155,0,304
2025-11-25 01:44:52,nbzmTUB-FCs,13751,1162,0,186
2025-11-25 01:44:52,KSha-fc5EhA,92553,525,0,0
2025-11-25 01:44:52,TVqEwvbZP30,493413,68694,0,5612
2025-11-25 01:44:52,ayjRv2g2UqY,333251,17765,0,758
2025-11-25 01:44:52,QRTGKxrKBPM,339471,35294,0,956
2025-11-25 01:44:52,f8aS4qwuO7k,133725,8184,0,65
2025-11-25 01:44:52,IW14wQJKSC4,78937,3742,0,143
2025-11-25 01:44:52,9XNqe5r8xHI,415504,5879,0,23
2025-11-25 01:44:52,IZ9kqxCDvAs,550342,26513,0,1802
2025-11-25 01:44:52,ZXrcsNlbtgs,104982,915,0,0
2025-11-25 01:44:52,04-csl0RRJc,41787,935,0,214
2025-11-25 01:44:52,YMxjZF3gtoM,109914,8278,0,538
2025-11-25 01:44:52,x_RYZsOfpKY,3978409,166084,0,11811
2025-11-25 01:44:52,81QYAxvO3Ik,95322,14195,0,932
2025-11-25 01:44:52,ex7ieF2B09A,106938,2080,0,111
2025-11-25 01:44:52,gYEhRoknpZQ,59197,725,0,148
2025-11-25 01:44:52,xZFWSWcQ3As,83452,1012,0,63
2025-11-25 01:44:52,6hIKI8RZ1ys,429009,6942,0,16
2025-11-25 01:44:52,dhzVHS8C_nc,82180,486,0,0
2025-11-25 01:44:52,FFXSoSl_lGg,80051,4259,0,167
2025-11-25 01:44:52,XtTT5XdZVpw,48568,3328,0,168
2025-11-25 01:44:52,dolefeooLzc,236286,4559,0,311
2025-11-24 18:46:43,9XNqe5r8xHI,402086,5820,0,20
2025-11-24 18:46:43,LUQ28DBF7EU,90504,2893,0,255
2025-11-24 18:46:43,VXsWwTTgt78,246855,11584,0,67
2025-11-24 18:46:43,oslNxV_8Q2c,242134,10338,0,115
2025-11-24 18:46:43,xcqjxAXsbHU,437240,24943,0,1116
2025-11-24 18:46:43,sgi_eji-ysM,254297,5274,0,62
2025-11-24 18:46:43,yxXNIzrfPNQ,45855,4641,0,656
2025-11-24 18:46:43,m0HhR1k9JEw,87221,200,0,3
2025-11-24 18:46:43,tmVYOETfA10,12350,1632,0,57
2025-11-24 18:46:43,I9U5JRfZ4bA,19601,688,0,114
2025-11-24 18:46:43,4oml768wFnk,21135,2560,0,144
2025-11-24 18:46:43,UFozBQrnmII,725520,24402,0,368
2025-11-24 18:46:43,QRTGKxrKBPM,304195,33587,0,924
2025-11-24 18:46:43,h09ng9lTOEM,169897,1513,0,6
2025-11-24 18:46:43,nDeKfR5iBxY,630822,31009,0,1263
2025-11-24 18:46:43,Aj8AmqTQkAs,62214,794,0,47
2025-11-24 18:46:43,ex7ieF2B09A,54644,1282,0,64
2025-11-24 18:46:43,FFXSoSl_lGg,58121,3680,0,155
2025-11-24 18:46:43,zupf7Kwx6v4,117736,2485,0,169
2025-11-24 18:46:43,kuetvJE_C_U,152763,3930,0,65
2025-11-24 18:46:43,HIE0fSPuvLY,167367,819,0,17
2025-11-24 18:46:43,7gDl4S3wB14,361452,7154,0,703
2025-11-24 18:46:43,-3TOkp_6gRQ,414473,8580,0,38
2025-11-24 18:46:43,DOmdfYIPBXE,268107,2617,0,82
2025-11-24 18:46:43,llAI08UYyAw,394170,128682,0,6387
2025-11-24 18:46:43,5ftlnz91DaM,81380,6345,0,370
2025-11-24 18:46:43,oLY17RG3OMI,165296,3258,0,221
2025-11-24 18:46:43,24VDsNgWNfw,76379,416,0,1
2025-11-24 18:46:43,QebVV6D641k,169460,932,0,629
2025-11-24 18:46:43,IW14wQJKSC4,72622,3594,0,143
2025-11-24 18:46:43,vMg1KAFAKiY,483225,110728,0,6669
2025-11-24 18:46:43,lUHLwBOY04I,93403,11125,0,257
2025-11-24 18:46:43,qIXl45sU0wk,80445,2421,0,11
2025-11-24 18:46:43,UF4n5zmzx9A,130772,3780,0,220
2025-11-24 18:46:43,MarWse2JmWU,296563,3301,0,13
2025-11-24 18:46:43,gSXQd_5ht0E,253094,18725,0,935
2025-11-24 18:46:43,_6xcFXlJcX8,71509,839,0,27
2025-11-24 18:46:43,4l9Ni3tjbwM,1050237,11874,0,110
2025-11-24 18:46:43,xZFWSWcQ3As,65205,845,0,57
2025-11-24 18:46:43,IZ9kqxCDvAs,498773,25210,0,1731
2025-11-24 18:46:43,nbzmTUB-FCs,11903,1107,0,179
2025-11-24 18:46:43,uOZRP1-dvhA,112542,1314,0,118
2025-11-24 18:46:43,SdVBuVm_Sw8,93787,702,0,0
2025-11-24 18:46:43,fiG_T-0zFT8,369944,27539,0,1393
2025-11-24 18:46:43,ayjRv2g2UqY,246801,16197,0,723
2025-11-24 18:46:43,kCnD_dMyJ3M,31646,1835,0,0
2025-11-24 18:46:43,0-74AHbFWic,108190,10115,0,588
2025-11-24 18:46:43,snH3HQSF7Ew,191445,3450,0,635
2025-11-24 18:46:43,KO6gxf8vXJQ,227465,529,0,1
2025-11-24 18:46:43,QJpTBz916MI,837861,96815,0,2706
2025-11-24 18:46:43,tPMkWfK6N-E,71969,8188,0,436
2025-11-24 18:46:43,IcWvUlwcKAI,3401,1070,0,95
2025-11-24 18:46:43,dCmNVtLsYzA,98395,5935,0,356
2025-11-24 18:46:43,Yy2ZovGi-Uk,334835,9137,0,125
2025-11-24 18:46:43,uQc-pW3QLuI,6017482,114370,0,4967
2025-11-24 18:46:43,dolefeooLzc,185659,3994,0,282
2025-11-24 18:46:43,dhzVHS8C_nc,82119,489,0,0
2025-11-24 18:46:43,tk9FDjJd6zM,14005,368,0,45
2025-11-24 18:46:43,JUYQapYmw74,102611,1382,0,1
2025-11-24 18:46:43,jRgzfKDTI7g,332192,9459,0,309
2025-11-24 18:46:43,NED7nev2ywQ,32573948,1263750,0,120456
2025-11-24 18:46:43,W3eUZa56o0s,176683,3379,0,1313
2025-11-24 18:46:43,oVwGURkvEq4,113154,1568,0,615
2025-11-24 18:46:43,wUGh03rLZbY,57704,2498,0,200
2025-11-24 18:46:43,ZXrcsNlbtgs,104708,922,0,0
2025-11-24 18:46:43,2HwsSTLuA8A,121997,3740,0,433
2025-11-24 18:46:43,4-6IONBWRMQ,80660,1396,0,30
2025-11-24 18:46:43,DG4ax7ec64o,398685,5094,0,254
2025-11-24 18:46:43,IftQ9zQ06-0,11367,491,0,72
2025-11-24 18:46:43,KSha-fc5EhA,90707,522,0,0
2025-11-24 18:46:43,6hIKI8RZ1ys,429009,6959,0,16
2025-11-24 18:46:43,hXKJ0gHYQ6E,47185,269,0,17
2025-11-24 18:46:43,BT4XRgmCjjQ,197302,,0,19
2025-11-24 18:46:43,6L7xTio0QyY,24194,4408,0,444
2025-11-26 03:53:45,l57EJ_eLsIc,137613,1394,0,557
2025-11-26 03:53:45,JUYQapYmw74,120407,1402,0,3
2025-11-26 03:53:45,A3Ki9cI9T9w,53256,1497,0,360
2025-11-26 03:53:45,f8aS4qwuO7k,146515,8482,0,70
2025-11-26 03:53:45,dqMImJF-rgA,113056,3661,0,320
2025-11-26 03:53:45,kCnD_dMyJ3M,67299,2470,0,0
2025-11-26 03:53:45,jRgzfKDTI7g,444693,11203,0,340
2025-11-26 03:53:45,j-8vLi2sMg0,29202,4269,0,68
2025-11-26 03:53:45,4Ddbjkyy2C0,119500,838,0,0
2025-11-26 03:53:45,Gth1zEFH2TM,65268,1566,0,47
2025-11-26 03:53:45,dx4XsqUGm10,154471,17060,0,1285
2025-11-26 03:53:45,dolefeooLzc,326924,5375,0,342
2025-11-26 03:53:45,KO6gxf8vXJQ,228855,526,0,1
2025-11-26 03:53:45,XtTT5XdZVpw,107082,4414,0,212
2025-11-26 03:53:45,nbzmTUB-FCs,17250,1250,0,191
2025-11-26 03:53:45,wUGh03rLZbY,114746,3644,0,256
2025-11-26 03:53:45,aHKMl9HVqZQ,98760,3393,0,305
2025-11-26 03:53:45,24VDsNgWNfw,80328,425,0,1
2025-11-26 03:53:45,SWdjfMIkQCg,144773,2102,0,154
2025-11-26 03:53:45,QRTGKxrKBPM,422163,37949,0,985
2025-11-26 03:53:45,ygIwtR2txaw,254431,10048,0,246
2025-11-26 03:53:45,xuL1CDdhsOg,211152,2080,0,1
2025-11-26 03:53:45,OWpLhNyqeqg,58124,4369,0,415
2025-11-26 03:53:45,KDC-EOsNzAg,129273,20311,0,556
2025-11-26 03:53:45,6ixvIIIxwlk,102601,1063,0,0
2025-11-26 03:53:45,7SoVjT-0Rhw,23797,1685,0,242
2025-11-26 03:53:45,G36amiUCkXU,289020,24162,0,4286
2025-11-26 03:53:45,SnCG-_lf74w,407418,14932,0,819
2025-11-26 03:53:45,-3TOkp_6gRQ,484113,9198,0,84
2025-11-26 03:53:45,7gDl4S3wB14,466561,8096,0,795
2025-11-26 03:53:45,NkHjY_EaCgY,62333,1215,0,89
2025-11-26 03:53:45,6hIKI8RZ1ys,419153,6930,0,18
2025-11-26 03:53:45,Aj8AmqTQkAs,90262,1100,0,58
2025-11-26 03:53:45,UF4n5zmzx9A,198058,4899,0,262
2025-11-26 03:53:45,oLY17RG3OMI,256193,4612,0,271
2025-11-26 03:53:45,hn17tmdaAzQ,637932,6145,0,54
2025-11-26 03:53:45,6kWw9Nn4dIY,76214,4559,0,277
2025-11-26 03:53:45,9XNqe5r8xHI,427470,6003,0,26
2025-11-26 03:53:45,8j4RM-bBYvA,16189,1188,0,397
2025-11-26 03:53:45,YMxjZF3gtoM,252192,12788,0,743
2025-11-26 03:53:45,j6TnwWfuf-I,63535,1606,0,98
2025-11-26 03:53:45,PwaldW6SXwE,13292,1705,0,159
2025-11-26 03:53:45,ex7ieF2B09A,192342,3180,0,172
2025-11-26 03:53:45,_6xcFXlJcX8,103858,1142,0,35
2025-11-26 03:53:45,LxMaia85m5Y,150223,3317,0,150
2025-11-26 03:53:45,fiG_T-0zFT8,462659,29592,0,1427
2025-11-26 03:53:45,0-74AHbFWic,142410,11453,0,623
2025-11-26 03:53:45,BT4XRgmCjjQ,209715,,0,32
2025-11-26 03:53:45,oVwGURkvEq4,139118,1739,0,652
2025-11-26 03:53:45,BNWYJZp2CbQ,46422,429,0,20
2025-11-26 03:53:45,x15pDRtzYno,110712,1456,0,184
2025-11-26 03:53:45,I9U5JRfZ4bA,30189,893,0,148
2025-11-26 03:53:45,yRhin7unPeI,161233,4846,0,454
2025-11-26 03:53:45,qIXl45sU0wk,117680,2761,0,24
2025-11-26 03:53:45,U7wDhVWgd5w,51650,1093,0,6
2025-11-26 03:53:45,oslNxV_8Q2c,246447,10452,0,117
2025-11-26 03:53:45,-dfR8iYqwK4,183177,3291,0,477
2025-11-26 03:53:45,JrI4_jUZe98,117857,28621,0,1428
2025-11-26 03:53:45,UfVkyXaTGcs,181849,4836,0,100
2025-11-26 03:53:45,Gln8wDtITJ4,26032,1800,0,161
2025-11-26 03:53:45,4l9Ni3tjbwM,1063239,12058,0,122
2025-11-26 03:53:45,HP8qpxRpIW8,403074,22542,0,859
2025-11-26 03:53:45,DSPV0RT3BJI,64121,,0,
2025-11-26 03:53:45,G_3xr5desOo,69270,2494,0,99
2025-11-26 03:53:45,eWetBwa4vVI,17491,1564,0,106
2025-11-26 03:53:45,taSKSaq5qh8,248671,4081,0,37
2025-11-26 03:53:45,tXJJhKobuas,132341,1994,0,132
2025-11-26 03:53:45,u66QoyjtANg,146863,1100,0,0
2025-11-26 03:53:45,b9z3Iaz5Zrc,16872,2127,0,185
2025-11-26 03:53:45,ANU0lVGfWyo,325896,29564,0,2210
2025-11-26 03:53:45,vIUORnIS_ug,91666,8441,0,728
2025-11-26 03:53:45,KSha-fc5EhA,93024,521,0,0
2025-11-26 03:53:45,ITQYMtkP23E,289381,1385,0,0
2025-11-26 03:53:45,QJpTBz916MI,992508,104683,0,2846
2025-11-26 03:53:45,cVL4bRjA6X0,336350,33942,0,1256
2025-11-26 03:53:45,e0okJjgNTl0,290647,2704,0,5
2025-11-26 03:53:45,81QYAxvO3Ik,165355,18057,0,1149
2025-11-26 03:53:45,gYEhRoknpZQ,101167,914,0,168
2025-11-26 03:53:45,lUHLwBOY04I,145406,15343,0,309
2025-11-26 03:53:45,vpXtzSpyV_8,2331488,18393,0,935
2025-11-26 03:53:45,hXKJ0gHYQ6E,48521,265,0,19
2025-11-26 03:53:45,uQc-pW3QLuI,6826235,123855,0,5148
2025-11-26 03:53:45,HQdJ8dMeCHM,89060,614,0,1263
2025-11-26 03:53:45,fCDvm0Y3qkw,259347,14292,0,113
2025-11-26 03:53:45,599nhYHHvQo,,840,0,0
2025-11-26 03:53:45,tmVYOETfA10,39313,3111,0,86
2025-11-26 03:53:45,xZFWSWcQ3As,103199,1171,0,76
2025-11-26 03:53:45,W3eUZa56o0s,210981,3745,0,1458
2025-11-26 03:53:45,2HwsSTLuA8A,139848,4078,0,455
2025-11-26 03:53:45,vMg1KAFAKiY,931078,161962,0,8698
2025-11-26 03:53:45,xx3ZTvOhNoM,195160,7590,0,40
2025-11-26 03:53:45,IW14wQJKSC4,90986,3937,0,146
2025-11-26 03:53:45,xcqjxAXsbHU,519724,26473,0,1168
2025-11-26 03:53:45,z-aco1hi0Iw,122607,1520,0,250
2025-11-26 03:53:45,2NKK6Mg27XI,169681,12534,0,428
2025-11-26 03:53:45,s5dFrPwvbHY,159365,27647,0,1426
2025-11-26 03:53:45,gSXQd_5ht0E,509210,21919,0,1022
2025-11-26 03:53:45,HIE0fSPuvLY,167492,810,0,20
2025-11-26 03:53:45,ScutqxM3z_s,87346,5627,0,346
2025-11-26 03:53:45,BDxXPvOdz50,143973,2307,0,613
2025-11-26 03:53:45,dhzVHS8C_nc,82156,480,0,0
2025-11-26 03:53:45,sgi_eji-ysM,268135,5390,0,66
2025-11-26 03:53:45,NIGA89HGTBU,56060,14329,0,765
2025-11-26 03:53:45,Yy2ZovGi-Uk,346808,9320,0,139
2025-11-26 03:53:45,FFXSoSl_lGg,104756,4778,0,173
2025-11-26 03:53:45,IcWvUlwcKAI,8709,1811,0,142
2025-11-26 03:53:45,TAL-HXKac80,2970542,72240,0,2398
2025-11-26 03:53:45,GxXpkps21Kc,300429,12967,0,227
2025-11-26 03:53:45,tPMkWfK6N-E,100508,9614,0,482
2025-11-26 03:53:45,4oml768wFnk,37283,3087,0,159
2025-11-26 03:53:45,koeM_jz4CdM,353007,13725,0,1422
2025-11-26 03:53:45,XZ1FhU9XeEc,115932,1656,0,221
2025-11-26 03:53:45,VXsWwTTgt78,252806,11795,0,73
2025-11-26 03:53:45,cl-BT6bDxEI,103447,3018,0,181
2025-11-26 03:53:45,cBPtIHuFa_o,64057,2811,0,337
2025-11-26 03:53:45,jWFQ3A1Dtdg,127821,8148,0,908
2025-11-26 03:53:45,uOZRP1-dvhA,208503,2108,0,165
2025-11-26 03:53:45,6mP-mEHEQcw,192685,9176,0,1273
2025-11-26 03:53:45,4-6IONBWRMQ,104216,1641,0,33
2025-11-26 03:53:45,tk9FDjJd6zM,31146,618,0,72
2025-11-26 03:53:45,LUQ28DBF7EU,155962,3795,0,312
2025-11-26 03:53:45,ayjRv2g2UqY,592967,19323,0,793
2025-11-26 03:53:45,PJyQaQosJpk,73124,839,0,12
2025-11-26 03:53:45,ZXrcsNlbtgs,104964,912,0,0
2025-11-26 03:53:45,qJvjFBhQ6vQ,160289,2102,0,61
2025-11-26 03:53:45,ST05E_5kn2E,165132,3427,0,272
2025-11-26 03:53:45,m0HhR1k9JEw,87624,198,0,4
2025-11-26 03:53:45,zLfnSXg0jKg,105568,2898,0,130
2025-11-26 03:53:45,I52yC34Ji2k,16937,7067,0,483
2025-11-26 03:53:45,04-csl0RRJc,53514,1031,0,258
2025-11-26 03:53:45,G7eh40XgTiw,63949,1020,0,140
2025-11-26 03:53:45,WsLcF1ojgFU,37915,2742,0,393
2025-11-26 03:53:45,IftQ9zQ06-0,100420,1690,0,226
2025-11-26 03:53:45,Zvh5BE2Guik,239150,10444,0,117
2025-11-26 03:53:45,snH3HQSF7Ew,234776,3867,0,684
2025-11-26 03:53:45,xjUPVppl1DI,313761,7382,0,330
2025-11-26 03:53:45,dmBAMwBBxoM,61363,2687,0,292
2025-11-26 03:53:45,AmQXv7Pyqvw,72522,937,0,10
2025-11-26 03:53:45,h09ng9lTOEM,168243,1510,0,8
2025-11-26 03:53:45,GJMOK14mB2c,90273,2401,0,137
2025-11-26 03:53:45,MRYXsF2lblY,173646,17427,0,955
2025-11-26 03:53:45,iKVcCmyqoik,72584,5130,0,199
2025-11-26 03:53:45,miySB69T1xw,247157,8979,0,382
2025-11-26 03:53:45,BsyEN86cR0U,219412,6922,0,56
2025-11-26 03:53:45,IW_KV5nqWRI,40991,220,0,6
2025-11-26 03:53:45,fiSsGbfus6I,206732,1784,0,1120
2025-11-26 03:53:45,5ftlnz91DaM,142110,9210,0,467
2025-11-26 03:53:45,S3Q33-4q1xo,102754,1221,0,79
2025-11-26 03:53:45,P0OLVEm0pfM,65470,193,0,0
2025-11-26 03:53:45,L6tkKvVCs0Y,195301,12243,0,562
2025-11-26 03:53:45,WGyadbTx8bs,253555,10049,0,910
2025-11-26 03:53:45,DOmdfYIPBXE,322989,2968,0,86
2025-11-26 03:53:45,XILnJKGc0yo,124581,16625,0,2961
2025-11-26 03:53:45,qEGsMTo-adg,16897,1585,0,190
2025-11-26 03:53:45,9SaAfQ6eACQ,55364,868,0,201
2025-11-26 03:53:45,llAI08UYyAw,2133098,320021,0,10309
2025-11-26 03:53:45,x_RYZsOfpKY,10402756,256853,0,16403
2025-11-26 03:53:45,yxXNIzrfPNQ,87020,5814,0,787
2025-11-26 03:53:45,7bqePXphj2g,212094,16509,0,1453
2025-11-26 03:53:45,VhzqSrscVP8,138971,5822,0,403
2025-11-26 03:53:45,6L7xTio0QyY,73318,4986,0,484
2025-11-26 03:53:45,IZ9kqxCDvAs,666454,28925,0,1923
2025-11-26 03:53:45,3rGi2kiSzkA,35719,2171,0,104
2025-11-26 03:53:45,j-4AHlLg9XA,,104,0,0
2025-11-26 03:53:45,zupf7Kwx6v4,137651,2732,0,174
2025-11-26 03:53:45,TVqEwvbZP30,2339574,95109,0,8324
2025-11-26 03:53:45,UFozBQrnmII,776487,25123,0,416
2025-11-26 03:53:45,kuetvJE_C_U,150649,3964,0,66
2025-11-26 03:53:45,DG4ax7ec64o,595483,7046,0,309
2025-11-26 03:53:45,QebVV6D641k,222209,1166,0,755
2025-11-26 03:53:45,MarWse2JmWU,287435,3298,0,24
2025-11-26 03:53:45,PtSwg--FueA,123157,1176,0,358
2025-11-26 03:53:45,dCmNVtLsYzA,180648,9163,0,527
2025-11-26 03:53:45,nDeKfR5iBxY,766906,36202,0,1377
2025-11-26 03:53:45,eHmQ_b0LkUA,274588,73372,0,3043
2025-11-26 03:53:45,a72dN8ZWPWg,109080,2508,0,1670
2025-11-26 03:53:45,4Xt_hR0KNvY,119598,10613,0,1998
2025-11-26 03:53:45,SdVBuVm_Sw8,,700,0,0
2025-11-26 03:53:45,NED7nev2ywQ,36925150,1314396,0,126810
2025-11-26 03:53:45,Pzqzy2ZIcLI,168828,9361,0,46
2025-11-26 03:53:45,k1yXf4L5bnc,107575,2640,0,150
2025-11-26 03:53:45,D8gbtByJSI8,76844,373,0,1
2025-11-27 22:32:04,C3jcxlsPYLE,211332,9983,0,85
2025-11-27 22:32:04,BT4XRgmCjjQ,216483,,0,35
2025-11-27 22:32:04,koeM_jz4CdM,397978,15009,0,1488
2025-11-27 22:32:04,DSPV0RT3BJI,83332,,0,
2025-11-27 22:32:04,KSha-fc5EhA,93112,520,0,0
2025-11-27 22:32:04,NUSpibeVoO0,31270,1037,0,98
2025-11-27 22:32:04,WT1LFvt07Gw,58237,1509,0,50
2025-11-27 22:32:04,ckKFtSlZ5Lw,83858,1300,0,331
2025-11-27 22:32:04,NIGA89HGTBU,3089905,28772,0,1063
2025-11-27 22:32:04,vQ_NFqtGDgo,178725,27769,0,1017
2025-11-27 22:32:04,dCmNVtLsYzA,203643,9923,0,559
2025-11-27 22:32:04,0-74AHbFWic,160907,11896,0,624
2025-11-27 22:32:04,9SaAfQ6eACQ,78470,1085,0,211
2025-11-27 22:32:04,3-caLm2c1XI,152626,4420,0,532
2025-11-27 22:32:04,CvGT2o7-_ZA,80847,1539,0,12
2025-11-27 22:32:04,sgi_eji-ysM,274226,5450,0,67
2025-11-27 22:32:04,CXcBo03He2A,36510,4357,0,209
2025-11-27 22:32:04,7gDl4S3wB14,512281,8518,0,830
2025-11-27 22:32:04,dmBAMwBBxoM,171546,4880,0,390
2025-11-27 22:32:04,j6TnwWfuf-I,102205,2170,0,116
2025-11-27 22:32:04,iBD9LX2ZdDQ,81766,188,0,0
2025-11-27 22:32:04,LUQ28DBF7EU,164843,3922,0,320
2025-11-27 22:32:04,FFXSoSl_lGg,126530,5128,0,177
2025-11-27 22:32:04,b9z3Iaz5Zrc,139562,7006,0,331
2025-11-27 22:32:04,KO6gxf8vXJQ,229033,527,0,1
2025-11-27 22:32:04,VWg0218G38c,125737,1538,0,273
2025-11-27 22:32:04,MarWse2JmWU,288453,3292,0,25
2025-11-27 22:32:04,9XNqe5r8xHI,438033,6096,0,28
2025-11-27 22:32:04,v55qDr_jJFA,30734,1950,0,123
2025-11-27 22:32:04,AfKzB2lXo7I,21081,922,0,53
2025-11-27 22:32:04,o3PX7EjBjvg,84819,3568,0,358
2025-11-27 22:32:04,Nxq6nJJVx5A,127219,6248,0,217
2025-11-27 22:32:04,4Xt_hR0KNvY,175447,13107,0,2453
2025-11-27 22:32:04,Yy2ZovGi-Uk,352451,9398,0,145
2025-11-27 22:32:04,iKVcCmyqoik,119677,6019,0,228
2025-11-27 22:32:04,tXJJhKobuas,214208,2904,0,157
2025-11-27 22:32:04,vIUORnIS_ug,342708,13953,0,1053
2025-11-27 22:32:04,dolefeooLzc,402572,6056,0,382
2025-11-27 22:32:04,CO0MSU3fqAQ,18247,2424,0,136
2025-11-27 22:32:04,8gAg9uDn2Oo,414922,13953,0,510
2025-11-27 22:32:04,snH3HQSF7Ew,247824,3999,0,702
2025-11-27 22:32:04,5ftlnz91DaM,170384,10112,0,493
2025-11-27 22:32:04,YMxjZF3gtoM,305587,14194,0,802
2025-11-27 22:32:04,rOZV4RZrA3A,205241,2084,0,9
2025-11-27 22:32:04,UfVkyXaTGcs,211455,5316,0,106
2025-11-27 22:32:04,nbzmTUB-FCs,23213,1334,0,194
2025-11-27 22:32:04,e0okJjgNTl0,293119,2708,0,7
2025-11-27 22:32:04,UiHPfikroWg,38136,736,0,284
2025-11-27 22:32:04,Em805jfRVXs,292992,5200,0,608
2025-11-27 22:32:04,OoLflKFs7YY,108524,2982,0,286
2025-11-27 22:32:04,ex7ieF2B09A,259687,4052,0,199
2025-11-27 22:32:04,IcWvUlwcKAI,10084,1942,0,151
2025-11-27 22:32:04,3rGi2kiSzkA,54311,2783,0,114
2025-11-27 22:32:04,6L7xTio0QyY,109718,5229,0,505
2025-11-27 22:32:04,xx3ZTvOhNoM,226415,8081,0,90
2025-11-27 22:32:04,BsyEN86cR0U,242466,7410,0,75
2025-11-27 22:32:04,tLBq_jH5FDI,126254,1874,0,181
2025-11-27 22:32:04,kCnD_dMyJ3M,95763,2728,0,0
2025-11-27 22:32:04,5UBc2gXGwKc,21124,296,0,9
2025-11-27 22:32:04,8B2XU-fUS58,91861,2434,0,371
2025-11-27 22:32:04,NkHjY_EaCgY,121904,1809,0,107
2025-11-27 22:32:04,Rc8f268ueOE,231534,1920,0,432
2025-11-27 22:32:04,8j4RM-bBYvA,28149,1284,0,475
2025-11-27 22:32:04,599nhYHHvQo,,836,0,0
2025-11-27 22:32:04,wUGh03rLZbY,126545,3841,0,258
2025-11-27 22:32:04,ygIwtR2txaw,298381,11156,0,261
2025-11-27 22:32:04,yxXNIzrfPNQ,116093,6248,0,834
2025-11-27 22:32:04,OWGd9sHxpvs,112529,3159,0,94
2025-11-27 22:32:04,P0OLVEm0pfM,66098,194,0,0
2025-11-27 22:32:04,lUHLwBOY04I,174235,17178,0,347
2025-11-27 22:32:04,WGyadbTx8bs,379968,13211,0,1070
2025-11-27 22:32:04,-DkSyDEQloM,65170,,0,2
2025-11-27 22:32:04,oVwGURkvEq4,145826,1771,0,661
2025-11-27 22:32:04,QJpTBz916MI,1100963,108449,0,2913
2025-11-27 22:32:04,1wRkbauiGU8,104493,2522,0,151
2025-11-27 22:32:04,UF4n5zmzx9A,230000,5399,0,273
2025-11-27 22:32:04,m0HhR1k9JEw,87608,196,0,5
2025-11-27 22:32:04,6-9ej0ztMUA,62381,607,0,56
2025-11-27 22:32:04,S3Q33-4q1xo,113729,1321,0,84
2025-11-27 22:32:04,u66QoyjtANg,141334,1096,0,0
2025-11-27 22:32:04,G_oNwC_PjfU,93028,3014,0,350
2025-11-27 22:32:04,6kWw9Nn4dIY,137226,6289,0,362
2025-11-27 22:32:04,OWpLhNyqeqg,85469,4896,0,431
2025-11-27 22:32:04,PJyQaQosJpk,76192,847,0,15
2025-11-27 22:32:04,7SoVjT-0Rhw,32930,1854,0,269
2025-11-27 22:32:04,STXcQAmoLPU,133827,1365,0,1
2025-11-27 22:32:04,nzbbL07maKA,145045,7174,0,275
2025-11-27 22:32:04,24VDsNgWNfw,81448,429,0,1
2025-11-27 22:32:04,oWv2PwrJkTM,229064,11468,0,117
2025-11-27 22:32:04,taSKSaq5qh8,252971,4116,0,38
2025-11-27 22:32:04,7rd5CtM7oiY,125123,499,0,1
2025-11-27 22:32:04,llAI08UYyAw,3186810,360107,0,10901
2025-11-27 22:32:04,Kc7TkgWiWrc,38533,1147,0,43
2025-11-27 22:32:04,bZ2eyQcJ49o,184009,2852,0,391
2025-11-27 22:32:04,IW_KV5nqWRI,42384,226,0,11
2025-11-27 22:32:04,cBPtIHuFa_o,101011,3854,0,389
2025-11-27 22:32:04,JUYQapYmw74,120867,1399,0,3
2025-11-27 22:32:04,zLfnSXg0jKg,120992,3179,0,137
2025-11-27 22:32:04,l57EJ_eLsIc,187614,1613,0,619
2025-11-27 22:32:04,OeMmb--HE6k,196886,4948,0,72
2025-11-27 22:32:04,vpXtzSpyV_8,4619030,22270,0,1108
2025-11-27 22:32:04,dIPZHyTBFz0,201456,2185,0,266
2025-11-27 22:32:04,_o05ucPBD7g,95093,1599,0,86
2025-11-27 22:32:04,qEGsMTo-adg,25387,1885,0,230
2025-11-27 22:32:04,qIXl45sU0wk,123471,2830,0,27
2025-11-27 22:32:04,NED7nev2ywQ,40089228,1352821,0,132463
2025-11-27 22:32:04,G7eh40XgTiw,92011,1223,0,175
2025-11-27 22:32:04,eLCjlEYBN3U,452849,16448,0,1127
2025-11-27 22:32:04,-3TOkp_6gRQ,491959,9290,0,89
2025-11-27 22:32:04,aHKMl9HVqZQ,143189,4391,0,341
2025-11-27 22:32:04,GJMOK14mB2c,114368,2773,0,143
2025-11-27 22:32:04,-dfR8iYqwK4,201746,3483,0,494
2025-11-27 22:32:04,hcJEQXJIALo,52680,3969,0,579
2025-11-27 22:32:04,Gln8wDtITJ4,44659,2892,0,229
2025-11-27 22:32:04,IrxoY7JdJY0,147157,,0,50
2025-11-27 22:32:04,XtTT5XdZVpw,120289,4687,0,217
2025-11-27 22:32:04,oLY17RG3OMI,297469,5197,0,287
2025-11-27 22:32:04,vQpF9mIiYFU,22357,334,0,22
2025-11-27 22:32:04,4-6IONBWRMQ,110293,1735,0,33
2025-11-27 22:32:04,7bqePXphj2g,272038,18531,0,1588
2025-11-27 22:32:04,b1OwvLh8HnU,24982,415,0,8
2025-11-27 22:32:04,Zvh5BE2Guik,255253,10785,0,195
2025-11-27 22:32:04,U7wDhVWgd5w,52087,1097,0,7
2025-11-27 22:32:04,I52yC34Ji2k,329991,45256,0,1709
2025-11-27 22:32:04,D8gbtByJSI8,77243,369,0,2
2025-11-27 22:32:04,jWFQ3A1Dtdg,331617,13074,0,1334
2025-11-27 22:32:04,ScutqxM3z_s,210678,8720,0,492
2025-11-27 22:32:04,6hIKI8RZ1ys,419576,6922,0,18
2025-11-27 22:32:04,w32-xwPxDFk,21627,1300,0,60
2025-11-27 22:32:04,fiSsGbfus6I,340360,2242,0,1287
2025-11-27 22:32:04,cl-BT6bDxEI,124131,3401,0,195
2025-11-27 22:32:04,GVeRDFqNT40,23480,282,0,11
2025-11-27 22:32:04,A3Ki9cI9T9w,109299,2388,0,607
2025-11-27 22:32:04,Lj1Qi3-zQgg,34136,5155,0,154
2025-11-27 22:32:04,vMg1KAFAKiY,1073178,175446,0,9352
2025-11-27 22:32:04,XZ1FhU9XeEc,148583,2012,0,249
2025-11-27 22:32:04,Gth1zEFH2TM,106660,2162,0,52
2025-11-27 22:32:04,_6xcFXlJcX8,113275,1244,0,36
2025-11-27 22:32:04,j-8vLi2sMg0,78849,7126,0,87
2025-11-27 22:32:04,6mP-mEHEQcw,275021,10962,0,1408
2025-11-27 22:32:04,dx4XsqUGm10,215262,18627,0,1375
2025-11-27 22:32:04,S0UEqkus7FA,325308,12556,0,252
2025-11-27 22:32:04,Am2ElEWNvTY,83631,4264,0,232
2025-11-27 22:32:04,ES9oYbzYCh8,593189,64399,0,1953
2025-11-27 22:32:04,OEcTbxi57lE,21067,4214,0,148
2025-11-27 22:32:04,uQc-pW3QLuI,7119358,127109,0,5199
2025-11-27 22:32:04,tmVYOETfA10,68496,3828,0,92
2025-11-27 22:32:04,IW14wQJKSC4,107740,4177,0,150
2025-11-27 22:32:04,WVVv8Uyok_U,141282,5511,0,824
2025-11-27 22:32:04,XILnJKGc0yo,255200,20704,0,3721
2025-11-27 22:32:04,CZP11p3DklQ,117873,3687,0,148
2025-11-27 22:32:04,SnCG-_lf74w,966501,23835,0,1120
2025-11-27 22:32:04,xuL1CDdhsOg,211040,2075,0,1
2025-11-27 22:32:04,h09ng9lTOEM,168217,1509,0,8
2025-11-27 22:32:04,LcpCd9VXGjE,334527,1566,0,0
2025-11-27 22:32:04,ineS6XL0vc8,109910,2601,0,95
2025-11-27 22:32:04,IftQ9zQ06-0,708062,2105,0,294
2025-11-27 22:32:04,ST05E_5kn2E,263817,4978,0,334
2025-11-27 22:32:04,w0ZQp2CmHHw,166994,2717,0,240
2025-11-27 22:32:04,MRYXsF2lblY,223742,19135,0,1054
2025-11-27 22:32:04,2HwsSTLuA8A,144425,4147,0,458
2025-11-27 22:32:04,F2B4VITJfb0,115733,2361,0,453
2025-11-27 22:32:04,hn17tmdaAzQ,703183,6528,0,109
2025-11-27 22:32:04,x_RYZsOfpKY,13151111,305459,0,18100
2025-11-27 22:32:04,xjUPVppl1DI,653415,11185,0,468
2025-11-27 22:32:04,Iz7mRKij2ao,11753,693,0,27
2025-11-27 22:32:04,9jrVtT2nPgQ,41720,4906,0,107
2025-11-27 22:32:04,4Ddbjkyy2C0,119656,836,0,0
2025-11-27 22:32:04,PtSwg--FueA,159417,1339,0,377
2025-11-27 22:32:04,pzLTGAwn0a4,47933,6895,0,475
2025-11-27 22:32:04,E7so8IVX1qQ,85866,132,0,5
2025-11-27 22:32:04,StcmgD_0aRI,165804,12246,0,2727
2025-11-27 22:32:04,5-o_tvuKSfM,66452,4305,0,163
2025-11-27 22:32:04,k1yXf4L5bnc,116765,2812,0,153
2025-11-27 22:32:04,OfuHlytx3rQ,15112,215,0,9
2025-11-27 22:32:04,Caa-UHhl8Gw,95966,2747,0,206
2025-11-27 22:32:04,VhzqSrscVP8,154072,6107,0,419
2025-11-27 22:32:04,SzFd7Tmq7pU,188368,9796,0,54
2025-11-27 22:32:04,yRhin7unPeI,182297,5320,0,466
2025-11-27 22:32:04,5m86CgLR0Fg,57012,5125,0,197
2025-11-27 22:32:04,miySB69T1xw,498964,13388,0,484
2025-11-27 22:32:04,wEKNPc0cm9Y,11641,547,0,
2025-11-27 22:32:04,TAL-HXKac80,3633902,78360,0,2656
2025-11-27 22:32:04,4_l1VyTNzrs,79636,2291,0,1320
2025-11-27 22:32:04,hQwjPcq63JM,48848,749,0,8
2025-11-27 22:32:04,z-aco1hi0Iw,159908,1755,0,260
2025-11-27 22:32:04,6yMFwpzbQCY,394914,4167,0,255
2025-11-27 22:32:04,jRgzfKDTI7g,485626,11915,0,351
2025-11-27 22:32:04,WsLcF1ojgFU,48975,2992,0,426
2025-11-27 22:32:04,Pzqzy2ZIcLI,171544,9476,0,48
2025-11-27 22:32:04,T8w3L1rS3o4,81581,4930,0,121
2025-11-27 22:32:04,jvrrjeAYtzs,76269,229,0,0
2025-11-27 22:32:04,81QYAxvO3Ik,207445,19647,0,1235
2025-11-27 22:32:04,DyINvuS9P34,240537,2981,0,53
2025-11-27 22:32:04,R-ZKjAqlquA,123076,612,0,26
2025-11-27 22:32:04,ANU0lVGfWyo,506855,35184,0,2410
2025-11-27 22:32:04,SdVBuVm_Sw8,,699,0,0
2025-11-27 22:32:04,BDxXPvOdz50,161895,2460,0,644
2025-11-27 22:32:04,n7pO7F_kP0k,117125,15857,0,576
2025-11-27 22:32:04,qJvjFBhQ6vQ,191648,2346,0,73
2025-11-27 22:32:04,6oS55kztPlE,24346,1146,0,33
2025-11-27 22:32:04,AmQXv7Pyqvw,72588,940,0,10
2025-11-27 22:32:04,PwaldW6SXwE,28185,2593,0,237
2025-11-27 22:32:04,JkKNqaEl9Aw,475393,21368,0,1921
2025-11-27 22:32:04,4oml768wFnk,48683,3264,0,163
2025-11-27 22:32:04,HP8qpxRpIW8,962055,35659,0,1008
2025-11-27 22:32:04,a72dN8ZWPWg,154491,3453,0,1818
2025-11-27 22:32:04,fiG_T-0zFT8,558901,31219,0,1449
2025-11-27 22:32:04,4l9Ni3tjbwM,1067571,12132,0,125
2025-11-27 22:32:04,kuetvJE_C_U,150949,3979,0,66
2025-11-27 22:32:04,DG4ax7ec64o,705672,8608,0,352
2025-11-27 22:32:04,xcqjxAXsbHU,608595,27808,0,1198
2025-11-27 22:32:04,sEe1U-vDP5k,64632,2677,0,228
2025-11-27 22:32:04,BM13CSsDrV8,15563,532,0,0
2025-11-27 22:32:04,Z3CtHc6TEj8,81121,818,0,522
2025-11-27 22:32:04,tPMkWfK6N-E,116243,10262,0,517
2025-11-27 22:32:04,cVL4bRjA6X0,438385,37645,0,1345
2025-11-27 22:32:04,6ixvIIIxwlk,104577,1062,0,0
2025-11-27 22:32:04,kSmHmdAnDYc,250751,7076,0,861
2025-11-27 22:32:04,ayjRv2g2UqY,917770,20472,0,814
2025-11-27 22:32:04,BNWYJZp2CbQ,48754,453,0,22
2025-11-27 22:32:04,VXsWwTTgt78,257907,11905,0,72
2025-11-27 22:32:04,Aj8AmqTQkAs,101079,1194,0,59
2025-11-27 22:32:04,G36amiUCkXU,485592,28933,0,5669
2025-11-27 22:32:04,ZOEZ_cRIkhY,52693,12902,0,916
2025-11-27 22:32:04,GxXpkps21Kc,305059,13076,0,231
2025-11-27 22:32:04,BiiDN0zgJ2Q,95958,730,0,0
2025-11-27 22:32:04,f8aS4qwuO7k,147377,8598,0,73
2025-11-27 22:32:04,55xYiuSAp5c,305448,4602,0,19
2025-11-27 22:32:04,y7XtQu1z9hw,39617,662,0,112
2025-11-27 22:32:04,SWdjfMIkQCg,162735,2224,0,164
2025-11-27 22:32:04,I9U5JRfZ4bA,35163,974,0,153
2025-11-27 22:32:04,hXKJ0gHYQ6E,48830,266,0,21
2025-11-27 22:32:04,_Vs1T6KpK5g,76988,1155,0,7
2025-11-27 22:32:04,uOZRP1-dvhA,235352,2392,0,173
2025-11-27 22:32:04,UFozBQrnmII,797829,25440,0,424
2025-11-27 22:32:04,oslNxV_8Q2c,242031,10535,0,118
2025-11-27 22:32:04,Bj6tJxDPzoY,260095,11482,0,315
2025-11-27 22:32:04,ITQYMtkP23E,290631,1371,0,0
2025-11-27 22:32:04,W3eUZa56o0s,229880,3943,0,1524
2025-11-27 22:32:04,KDC-EOsNzAg,171521,23883,0,605
2025-11-27 22:32:04,s5dFrPwvbHY,222356,32081,0,1487
2025-11-27 22:32:04,zupf7Kwx6v4,146665,2825,0,177
2025-11-27 22:32:04,x15pDRtzYno,147437,1724,0,198
2025-11-27 22:32:04,2j2jXv6Juxc,245395,2910,0,108
2025-11-27 22:32:04,HIE0fSPuvLY,167523,811,0,20
2025-11-27 22:32:04,IZ9kqxCDvAs,840132,32196,0,2081
2025-11-27 22:32:04,L6tkKvVCs0Y,442940,13593,0,589
2025-11-27 22:32:04,F3C87lOmZBM,92109,12550,0,1405
2025-11-27 22:32:04,LxMaia85m5Y,209068,3947,0,174
2025-11-27 22:32:04,NDommbpC80U,182239,2165,0,252
2025-11-27 22:32:04,nDeKfR5iBxY,884174,41113,0,1469
2025-11-27 22:32:04,5eHGs7lX09s,135819,1422,0,1167
2025-11-27 22:32:04,tdYPGxusaYs,35476,2773,0,152
2025-11-27 22:32:04,G_3xr5desOo,116476,3396,0,131
2025-11-27 22:32:04,tGwT5DAU6-s,73849,1354,0,20
2025-11-27 22:32:04,dqMImJF-rgA,143028,4090,0,341
2025-11-27 22:32:04,gSXQd_5ht0E,1225026,23954,0,1050
2025-11-27 22:32:04,eHmQ_b0LkUA,460642,94155,0,3271
2025-11-27 22:32:04,QRTGKxrKBPM,534182,41066,0,1026
2025-11-27 22:32:04,JrI4_jUZe98,431306,70564,0,2195
2025-11-27 22:32:04,DOmdfYIPBXE,347657,3156,0,88
2025-11-27 22:32:04,dhzVHS8C_nc,82094,480,0,2
2025-11-27 22:32:04,FuGOa47BBqg,42190,1219,0,15
2025-11-27 22:32:04,j-4AHlLg9XA,,104,0,0
2025-11-27 22:32:04,0GICIe0Tgf8,20324,1102,0,32
2025-11-27 22:32:04,qRUIGsTq-kU,24140,2516,0,231
2025-11-27 22:32:04,ZXrcsNlbtgs,105024,912,0,0
2025-11-27 22:32:04,qFdZAyr_xmw,206246,5171,0,694
2025-11-27 22:32:04,QebVV6D641k,235422,1226,0,794
2025-11-27 22:32:04,KC0-vIj7piY,243077,19090,0,282
2025-11-27 22:32:04,eWetBwa4vVI,37509,2531,0,146
2025-11-27 22:32:04,oYKdO-eEHg4,31462,986,0,188
2025-11-27 22:32:04,04-csl0RRJc,56577,1055,0,269
2025-11-27 22:32:04,xZFWSWcQ3As,112958,1248,0,80
2025-11-27 22:32:04,HQdJ8dMeCHM,121358,718,0,1543
2025-11-27 22:32:04,TVqEwvbZP30,10713176,111352,0,11448
2025-11-27 22:32:04,qUgLxkENl6c,132717,7872,0,364
2025-11-27 22:32:04,2NKK6Mg27XI,244123,15473,0,491
2025-11-27 22:32:04,BFaHdJVDmXY,71771,4247,0,185
2025-11-27 22:32:04,kux5GmbZhVg,23743,1075,0,20
2025-11-27 22:32:04,gYEhRoknpZQ,109791,952,0,168
2025-11-27 22:32:04,fCDvm0Y3qkw,304884,15628,0,196
2025-11-27 22:32:04,SMAnw64aTXc,60039,2077,0,925
2025-11-27 22:32:04,b29J1g4yWcs,85398,2841,0,244
2025-11-27 22:32:04,tk9FDjJd6zM,39626,719,0,91
2025-11-27 00:40:36,VhzqSrscVP8,148909,6029,0,408
2025-11-27 00:40:36,UfVkyXaTGcs,200726,5155,0,105
2025-11-27 00:40:36,LxMaia85m5Y,189785,3734,0,168
2025-11-27 00:40:36,tLBq_jH5FDI,54124,1173,0,128
2025-11-27 00:40:36,KO6gxf8vXJQ,228907,526,0,1
2025-11-27 00:40:36,8j4RM-bBYvA,23800,1244,0,447
2025-11-27 00:40:36,G36amiUCkXU,390561,26922,0,4968
2025-11-27 00:40:36,UFozBQrnmII,791042,25309,0,423
2025-11-27 00:40:36,PwaldW6SXwE,23551,2400,0,223
2025-11-27 00:40:36,G7eh40XgTiw,84050,1177,0,168
2025-11-27 00:40:36,BM13CSsDrV8,9913,451,0,0
2025-11-27 00:40:36,8gAg9uDn2Oo,217080,10104,0,419
2025-11-27 00:40:36,BT4XRgmCjjQ,213191,,0,34
2025-11-27 00:40:36,qJvjFBhQ6vQ,179901,2261,0,67
2025-11-27 00:40:36,uOZRP1-dvhA,228367,2325,0,172
2025-11-27 00:40:36,Yy2ZovGi-Uk,349940,9372,0,144
2025-11-27 00:40:36,PJyQaQosJpk,75439,847,0,15
2025-11-27 00:40:36,fiSsGbfus6I,283597,2041,0,1226
2025-11-27 00:40:36,s5dFrPwvbHY,193290,30397,0,1473
2025-11-27 00:40:36,2HwsSTLuA8A,142439,4117,0,457
2025-11-27 00:40:36,xuL1CDdhsOg,211285,2077,0,1
2025-11-27 00:40:36,oWv2PwrJkTM,201621,10823,0,91
2025-11-27 00:40:36,WGyadbTx8bs,331555,12211,0,1032
2025-11-27 00:40:36,JrI4_jUZe98,347931,60710,0,2060
2025-11-27 00:40:36,KC0-vIj7piY,200065,17492,0,193
2025-11-27 00:40:36,fCDvm0Y3qkw,298841,15391,0,179
2025-11-27 00:40:36,04-csl0RRJc,55499,1052,0,268
2025-11-27 00:40:36,SnCG-_lf74w,751918,21050,0,1011
2025-11-27 00:40:36,IW14wQJKSC4,99149,4067,0,148
2025-11-27 00:40:36,BsyEN86cR0U,238464,7324,0,74
2025-11-27 00:40:36,9SaAfQ6eACQ,74385,1059,0,210
2025-11-27 00:40:36,hcJEQXJIALo,15576,3006,0,492
2025-11-27 00:40:36,FFXSoSl_lGg,116308,5000,0,177
2025-11-27 00:40:36,9XNqe5r8xHI,433832,6060,0,26
2025-11-27 00:40:36,tPMkWfK6N-E,109339,9996,0,502
2025-11-27 00:40:36,vIUORnIS_ug,301227,13125,0,1007
2025-11-27 00:40:36,koeM_jz4CdM,381748,14586,0,1472
2025-11-27 00:40:36,BNWYJZp2CbQ,48193,448,0,22
2025-11-27 00:40:36,qUgLxkENl6c,88612,6128,0,310
2025-11-27 00:40:36,xcqjxAXsbHU,563969,27195,0,1190
2025-11-27 00:40:36,dmBAMwBBxoM,144492,4464,0,376
2025-11-27 00:40:36,_o05ucPBD7g,65737,1270,0,66
2025-11-27 00:40:36,F2B4VITJfb0,70879,1740,0,153
2025-11-27 00:40:36,rOZV4RZrA3A,201387,2078,0,6
2025-11-27 00:40:36,oLY17RG3OMI,280747,4937,0,283
2025-11-27 00:40:36,Rc8f268ueOE,187431,1786,0,411
2025-11-27 00:40:36,4-6IONBWRMQ,107908,1700,0,33
2025-11-27 00:40:36,STXcQAmoLPU,136072,1365,0,1
2025-11-27 00:40:36,L6tkKvVCs0Y,318097,13123,0,581
2025-11-27 00:40:36,U7wDhVWgd5w,52049,1098,0,7
2025-11-27 00:40:36,ANU0lVGfWyo,423381,32903,0,2322
2025-11-27 00:40:36,z-aco1hi0Iw,149901,1712,0,258
2025-11-27 00:40:36,hXKJ0gHYQ6E,48728,266,0,20
2025-11-27 00:40:36,WVVv8Uyok_U,39311,3061,0,617
2025-11-27 00:40:36,yRhin7unPeI,174196,5136,0,466
2025-11-27 00:40:36,Zvh5BE2Guik,256169,10723,0,192
2025-11-27 00:40:36,G_3xr5desOo,98421,3085,0,115
2025-11-27 00:40:36,tXJJhKobuas,186712,2584,0,147
2025-11-27 00:40:36,vQpF9mIiYFU,10449,274,0,22
2025-11-27 00:40:36,W3eUZa56o0s,222575,3864,0,1506
2025-11-27 00:40:36,UF4n5zmzx9A,215184,5161,0,268
2025-11-27 00:40:36,Lj1Qi3-zQgg,10310,3002,0,119
2025-11-27 00:40:36,6oS55kztPlE,15542,965,0,27
2025-11-27 00:40:36,tmVYOETfA10,54717,3499,0,89
2025-11-27 00:40:36,7SoVjT-0Rhw,29142,1783,0,259
2025-11-27 00:40:36,IZ9kqxCDvAs,754331,30749,0,2010
2025-11-27 00:40:36,BDxXPvOdz50,156496,2425,0,642
2025-11-27 00:40:36,7bqePXphj2g,248800,17907,0,1539
2025-11-27 00:40:36,l57EJ_eLsIc,172792,1549,0,597
2025-11-27 00:40:36,A3Ki9cI9T9w,98645,2257,0,571
2025-11-27 00:40:36,v55qDr_jJFA,20836,1643,0,105
2025-11-27 00:40:36,NkHjY_EaCgY,109331,1701,0,105
2025-11-27 00:40:36,2j2jXv6Juxc,107856,1865,0,68
2025-11-27 00:40:36,k1yXf4L5bnc,113778,2753,0,152
2025-11-27 00:40:36,ES9oYbzYCh8,100258,24886,0,1059
2025-11-27 00:40:36,fiG_T-0zFT8,511435,30467,0,1439
2025-11-27 00:40:36,CvGT2o7-_ZA,82286,1534,0,12
2025-11-27 00:40:36,QebVV6D641k,230514,1204,0,785
2025-11-27 00:40:36,oVwGURkvEq4,143518,1767,0,659
2025-11-27 00:40:36,5-o_tvuKSfM,26408,2621,0,121
2025-11-27 00:40:36,vMg1KAFAKiY,1022694,170992,0,9125
2025-11-27 00:40:36,eWetBwa4vVI,32200,2340,0,136
2025-11-27 00:40:36,cl-BT6bDxEI,118446,3313,0,190
2025-11-27 00:40:36,I52yC34Ji2k,220417,34513,0,1398
2025-11-27 00:40:36,XILnJKGc0yo,206330,19728,0,3482
2025-11-27 00:40:36,llAI08UYyAw,2676947,343334,0,10658
2025-11-27 00:40:36,TVqEwvbZP30,6932236,104196,0,9909
2025-11-27 00:40:36,NED7nev2ywQ,38620679,1334640,0,129317
2025-11-27 00:40:36,vQ_NFqtGDgo,116081,21060,0,842
2025-11-27 00:40:36,Caa-UHhl8Gw,80461,2520,0,197
2025-11-27 00:40:36,nbzmTUB-FCs,20595,1301,0,191
2025-11-27 00:40:36,ITQYMtkP23E,290534,1380,0,0
2025-11-27 00:40:36,Pzqzy2ZIcLI,170832,9441,0,48
2025-11-27 00:40:36,j6TnwWfuf-I,92795,2060,0,115
2025-11-27 00:40:36,dx4XsqUGm10,188103,18039,0,1349
2025-11-27 00:40:36,OWpLhNyqeqg,72834,4736,0,426
2025-11-27 00:40:36,JUYQapYmw74,120881,1400,0,3
2025-11-27 00:40:36,eLCjlEYBN3U,274239,11975,0,958
2025-11-27 00:40:36,cBPtIHuFa_o,91191,3611,0,377
2025-11-27 00:40:36,HP8qpxRpIW8,668342,29432,0,946
2025-11-27 00:40:36,x15pDRtzYno,133906,1621,0,194
2025-11-27 00:40:36,oslNxV_8Q2c,248400,10506,0,118
2025-11-27 00:40:36,PtSwg--FueA,145239,1274,0,375
2025-11-27 00:40:36,dhzVHS8C_nc,82167,480,0,1
2025-11-27 00:40:36,qFdZAyr_xmw,157611,4503,0,636
2025-11-27 00:40:36,81QYAxvO3Ik,187390,18999,0,1204
2025-11-27 00:40:36,-dfR8iYqwK4,196583,3429,0,491
2025-11-27 00:40:36,lUHLwBOY04I,161308,16470,0,333
2025-11-27 00:40:36,MarWse2JmWU,288051,3292,0,24
2025-11-27 00:40:36,xjUPVppl1DI,534036,10019,0,426
2025-11-27 00:40:36,6mP-mEHEQcw,244772,10256,0,1357
2025-11-27 00:40:36,YMxjZF3gtoM,286143,13771,0,788
2025-11-27 00:40:36,a72dN8ZWPWg,142334,3169,0,1784
2025-11-27 00:40:36,GxXpkps21Kc,303662,13046,0,228
2025-11-27 00:40:36,SWdjfMIkQCg,156413,2189,0,164
2025-11-27 00:40:36,sgi_eji-ysM,272055,5429,0,67
2025-11-27 00:40:36,ST05E_5kn2E,235830,4511,0,319
2025-11-27 00:40:36,6ixvIIIxwlk,104383,1065,0,0
2025-11-27 00:40:36,u66QoyjtANg,141334,1096,0,0
2025-11-27 00:40:36,DyINvuS9P34,150183,2140,0,48
2025-11-27 00:40:36,LUQ28DBF7EU,162049,3895,0,319
2025-11-27 00:40:36,IcWvUlwcKAI,9482,1900,0,148
2025-11-27 00:40:36,nDeKfR5iBxY,829175,39028,0,1427
2025-11-27 00:40:36,24VDsNgWNfw,80928,428,0,1
2025-11-27 00:40:36,XtTT5XdZVpw,115283,4600,0,217
2025-11-27 00:40:36,h09ng9lTOEM,168435,1511,0,8
2025-11-27 00:40:36,QRTGKxrKBPM,479595,39711,0,1010
2025-11-27 00:40:36,3-caLm2c1XI,93418,3432,0,448
2025-11-27 00:40:36,KSha-fc5EhA,93142,520,0,0
2025-11-27 00:40:36,S3Q33-4q1xo,109689,1286,0,83
2025-11-27 00:40:36,zupf7Kwx6v4,143255,2787,0,175
2025-11-27 00:40:36,miySB69T1xw,433330,12372,0,468
2025-11-27 00:40:36,MRYXsF2lblY,200182,18433,0,1015
2025-11-27 00:40:36,dqMImJF-rgA,134052,3953,0,339
2025-11-27 00:40:36,w0ZQp2CmHHw,69541,1704,0,175
2025-11-27 00:40:36,TAL-HXKac80,3306400,75217,0,2528
2025-11-27 00:40:36,4oml768wFnk,43419,3200,0,162
2025-11-27 00:40:36,qEGsMTo-adg,22257,1794,0,217
2025-11-27 00:40:36,-3TOkp_6gRQ,489223,9252,0,88
2025-11-27 00:40:36,aHKMl9HVqZQ,130691,4125,0,333
2025-11-27 00:40:36,snH3HQSF7Ew,243855,3954,0,697
2025-11-27 00:40:36,kuetvJE_C_U,150674,3975,0,66
2025-11-27 00:40:36,dIPZHyTBFz0,154261,1930,0,246
2025-11-27 00:40:36,tk9FDjJd6zM,35638,690,0,77
2025-11-27 00:40:36,VXsWwTTgt78,256160,11869,0,73
2025-11-27 00:40:36,DOmdfYIPBXE,338739,3083,0,87
2025-11-27 00:40:36,Am2ElEWNvTY,22208,2156,0,151
2025-11-27 00:40:36,yxXNIzrfPNQ,102292,6083,0,818
2025-11-27 00:40:36,dCmNVtLsYzA,194980,9628,0,548
2025-11-27 00:40:36,CO0MSU3fqAQ,8343,1753,0,107
2025-11-27 00:40:36,VWg0218G38c,22736,554,0,98
2025-11-27 00:40:36,2NKK6Mg27XI,218390,14621,0,468
2025-11-27 00:40:36,P0OLVEm0pfM,66036,194,0,0
2025-11-27 00:40:36,0GICIe0Tgf8,12084,904,0,29
2025-11-27 00:40:36,m0HhR1k9JEw,87642,197,0,5
2025-11-27 00:40:36,ZXrcsNlbtgs,104998,911,0,0
2025-11-27 00:40:36,KDC-EOsNzAg,152406,22474,0,589
2025-11-27 00:40:36,j-4AHlLg9XA,,104,0,0
2025-11-27 00:40:36,XZ1FhU9XeEc,139093,1906,0,245
2025-11-27 00:40:36,gYEhRoknpZQ,107486,939,0,168
2025-11-27 00:40:36,xx3ZTvOhNoM,222543,8003,0,80
2025-11-27 00:40:36,Gln8wDtITJ4,37614,2602,0,205
2025-11-27 00:40:36,_6xcFXlJcX8,109254,1201,0,35
2025-11-27 00:40:36,QJpTBz916MI,1047125,106676,0,2893
2025-11-27 00:40:36,cVL4bRjA6X0,393114,36381,0,1318
2025-11-27 00:40:36,iKVcCmyqoik,100408,5778,0,218
2025-11-27 00:40:36,Gth1zEFH2TM,98768,2067,0,52
2025-11-27 00:40:36,GJMOK14mB2c,109191,2704,0,142
2025-11-27 00:40:36,SdVBuVm_Sw8,,699,0,0
2025-11-27 00:40:36,55xYiuSAp5c,298274,4565,0,18
2025-11-27 00:40:36,ScutqxM3z_s,169905,7977,0,456
2025-11-27 00:40:36,ayjRv2g2UqY,798282,20029,0,806
2025-11-27 00:40:36,4Ddbjkyy2C0,119597,836,0,0
2025-11-27 00:40:36,6kWw9Nn4dIY,120515,5887,0,342
2025-11-27 00:40:36,jWFQ3A1Dtdg,261319,11895,0,1222
2025-11-27 00:40:36,w32-xwPxDFk,8742,910,0,48
2025-11-27 00:40:36,hn17tmdaAzQ,694519,6477,0,104
2025-11-27 00:40:36,Aj8AmqTQkAs,96092,1162,0,59
2025-11-27 00:40:36,599nhYHHvQo,,839,0,0
2025-11-27 00:40:36,f8aS4qwuO7k,146011,8569,0,71
2025-11-27 00:40:36,nzbbL07maKA,101171,6059,0,256
2025-11-27 00:40:36,LcpCd9VXGjE,332983,1574,0,0
2025-11-27 00:40:36,b1OwvLh8HnU,14512,314,0,7
2025-11-27 00:40:36,jRgzfKDTI7g,468109,11654,0,348
2025-11-27 00:40:36,1wRkbauiGU8,80591,2246,0,139
2025-11-27 00:40:36,DG4ax7ec64o,655182,7833,0,327
2025-11-27 00:40:36,4l9Ni3tjbwM,1063473,12098,0,125
2025-11-27 00:40:36,7gDl4S3wB14,497883,8385,0,822
2025-11-27 00:40:36,Iz7mRKij2ao,6138,509,0,20
2025-11-27 00:40:36,D8gbtByJSI8,77207,369,0,2
2025-11-27 00:40:36,kSmHmdAnDYc,170407,5669,0,738
2025-11-27 00:40:36,CZP11p3DklQ,80916,3009,0,130
2025-11-27 00:40:36,StcmgD_0aRI,50421,8316,0,2289
2025-11-27 00:40:36,j-8vLi2sMg0,62389,6342,0,83
2025-11-27 00:40:36,x_RYZsOfpKY,11834987,287125,0,17521
2025-11-27 00:40:36,taSKSaq5qh8,251106,4107,0,38
2025-11-27 00:40:36,JkKNqaEl9Aw,262113,19272,0,1750
2025-11-27 00:40:36,HIE0fSPuvLY,167536,811,0,20
2025-11-27 00:40:36,BFaHdJVDmXY,61490,3938,0,168
2025-11-27 00:40:36,ygIwtR2txaw,281772,10738,0,258
2025-11-27 00:40:36,0-74AHbFWic,152373,11727,0,627
2025-11-27 00:40:36,NIGA89HGTBU,1172441,23085,0,977
2025-11-27 00:40:36,ineS6XL0vc8,54218,1773,0,71
2025-11-27 00:40:36,uQc-pW3QLuI,6999705,125844,0,5177
2025-11-27 00:40:36,4Xt_hR0KNvY,151998,12216,0,2312
2025-11-27 00:40:36,HQdJ8dMeCHM,116039,706,0,1522
2025-11-27 00:40:36,gSXQd_5ht0E,824096,23042,0,1037
2025-11-27 00:40:36,e0okJjgNTl0,292867,2708,0,6
2025-11-27 00:40:36,AmQXv7Pyqvw,72708,940,0,10
2025-11-27 00:40:36,eHmQ_b0LkUA,399919,88566,0,3235
2025-11-27 00:40:36,ex7ieF2B09A,232745,3755,0,193
2025-11-27 00:40:36,3rGi2kiSzkA,46115,2558,0,108
2025-11-27 00:40:36,5ftlnz91DaM,159724,9854,0,487
2025-11-27 00:40:36,6L7xTio0QyY,81632,5119,0,496
2025-11-27 00:40:36,Kc7TkgWiWrc,25153,908,0,34
2025-11-27 00:40:36,Em805jfRVXs,225147,4498,0,531
2025-11-27 00:40:36,zLfnSXg0jKg,115616,3106,0,134
2025-11-27 00:40:36,T8w3L1rS3o4,31164,2537,0,77
2025-11-27 00:40:36,IW_KV5nqWRI,41975,226,0,11
2025-11-27 00:40:36,qIXl45sU0wk,120775,2797,0,26
2025-11-27 00:40:36,6hIKI8RZ1ys,419482,6926,0,18
2025-11-27 00:40:36,b9z3Iaz5Zrc,84515,5420,0,298
2025-11-27 00:40:36,kux5GmbZhVg,12410,837,0,18
2025-11-27 00:40:36,I9U5JRfZ4bA,32699,933,0,152
2025-11-27 00:40:36,vpXtzSpyV_8,4348529,20839,0,1059
2025-11-27 00:40:36,bZ2eyQcJ49o,104072,2287,0,340
2025-11-27 00:40:36,kCnD_dMyJ3M,82675,2620,0,0
2025-11-27 00:40:36,dolefeooLzc,367600,5777,0,372
2025-11-27 00:40:36,DSPV0RT3BJI,79483,,0,
2025-11-27 00:40:36,wUGh03rLZbY,122229,3783,0,258
2025-11-27 00:40:36,Bj6tJxDPzoY,149902,8420,0,263
2025-11-27 00:40:36,xZFWSWcQ3As,109060,1221,0,78
2025-11-27 00:40:36,IftQ9zQ06-0,129022,1947,0,269
2025-11-27 00:40:36,WsLcF1ojgFU,44171,2904,0,412
2025-11-27 15:32:37,oLY17RG3OMI,290689,5075,0,285
2025-11-27 15:32:37,dCmNVtLsYzA,200993,9830,0,555
2025-11-27 15:32:37,tGwT5DAU6-s,42123,893,0,10
2025-11-27 15:32:37,SWdjfMIkQCg,159996,2213,0,164
2025-11-27 15:32:37,z-aco1hi0Iw,155468,1735,0,260
2025-11-27 15:32:37,v55qDr_jJFA,27497,1801,0,111
2025-11-27 15:32:37,-dfR8iYqwK4,199766,3464,0,492
2025-11-27 15:32:37,G7eh40XgTiw,87404,1198,0,175
2025-11-27 15:32:37,VXsWwTTgt78,257230,11895,0,73
2025-11-27 15:32:37,KC0-vIj7piY,234957,18771,0,252
2025-11-27 15:32:37,FFXSoSl_lGg,122452,5065,0,177
2025-11-27 15:32:37,jRgzfKDTI7g,477554,11793,0,350
2025-11-27 15:32:37,j-8vLi2sMg0,73074,6813,0,86
2025-11-27 15:32:37,WVVv8Uyok_U,114320,4903,0,778
2025-11-27 15:32:37,UFozBQrnmII,794447,25396,0,424
2025-11-27 15:32:37,Bj6tJxDPzoY,227286,10452,0,295
2025-11-27 15:32:37,HP8qpxRpIW8,852666,33661,0,992
2025-11-27 15:32:37,qEGsMTo-adg,24308,1844,0,227
2025-11-27 15:32:37,_Vs1T6KpK5g,74885,1157,0,6
2025-11-27 15:32:37,ANU0lVGfWyo,479146,34631,0,2380
2025-11-27 15:32:37,oWv2PwrJkTM,223315,11445,0,113
2025-11-27 15:32:37,MRYXsF2lblY,214333,18877,0,1041
2025-11-27 15:32:37,rOZV4RZrA3A,204537,2089,0,8
2025-11-27 15:32:37,KSha-fc5EhA,93092,520,0,0
2025-11-27 15:32:37,KO6gxf8vXJQ,229001,526,0,1
2025-11-27 15:32:37,7gDl4S3wB14,502656,8430,0,825
2025-11-27 15:32:37,SdVBuVm_Sw8,,699,0,0
2025-11-27 15:32:37,5-o_tvuKSfM,51134,3538,0,146
2025-11-27 15:32:37,6oS55kztPlE,21247,1080,0,32
2025-11-27 15:32:37,CZP11p3DklQ,103590,3426,0,140
2025-11-27 15:32:37,j-4AHlLg9XA,,104,0,0
2025-11-27 15:32:37,SzFd7Tmq7pU,184540,9806,0,47
2025-11-27 15:32:37,Yy2ZovGi-Uk,351402,9389,0,145
2025-11-27 15:32:37,NkHjY_EaCgY,117192,1767,0,105
2025-11-27 15:32:37,LcpCd9VXGjE,334275,1572,0,0
2025-11-27 15:32:37,Caa-UHhl8Gw,93675,2706,0,203
2025-11-27 15:32:37,D8gbtByJSI8,77228,368,0,2
2025-11-27 15:32:37,BDxXPvOdz50,160435,2456,0,643
2025-11-27 15:32:37,miySB69T1xw,463691,12899,0,477
2025-11-27 15:32:37,4-6IONBWRMQ,109360,1717,0,33
2025-11-27 15:32:37,IZ9kqxCDvAs,801617,31355,0,2052
2025-11-27 15:32:37,8j4RM-bBYvA,27146,1268,0,467
2025-11-27 15:32:37,JrI4_jUZe98,402708,66823,0,2157
2025-11-27 15:32:37,cBPtIHuFa_o,98065,3777,0,385
2025-11-27 15:32:37,CXcBo03He2A,20224,2905,0,157
2025-11-27 15:32:37,Zvh5BE2Guik,254098,10768,0,195
2025-11-27 15:32:37,bZ2eyQcJ49o,165998,2684,0,380
2025-11-27 15:32:37,WsLcF1ojgFU,47098,2956,0,418
2025-11-27 15:32:37,b1OwvLh8HnU,21341,382,0,8
2025-11-27 15:32:37,9XNqe5r8xHI,436357,6080,0,27
2025-11-27 15:32:37,2j2jXv6Juxc,160391,2276,0,81
2025-11-27 15:32:37,3rGi2kiSzkA,51352,2667,0,110
2025-11-27 15:32:37,NUSpibeVoO0,18656,776,0,69
2025-11-27 15:32:37,zLfnSXg0jKg,118975,3154,0,136
2025-11-27 15:32:37,6mP-mEHEQcw,262562,10633,0,1393
2025-11-27 15:32:37,vQpF9mIiYFU,18179,310,0,22
2025-11-27 15:32:37,nbzmTUB-FCs,22107,1312,0,193
2025-11-27 15:32:37,599nhYHHvQo,,836,0,0
2025-11-27 15:32:37,vpXtzSpyV_8,4609466,21952,0,1095
2025-11-27 15:32:37,l57EJ_eLsIc,184551,1591,0,614
2025-11-27 15:32:37,KDC-EOsNzAg,164672,23396,0,602
2025-11-27 15:32:37,iBD9LX2ZdDQ,81464,189,0,0
2025-11-27 15:32:37,nDeKfR5iBxY,863991,40374,0,1456
2025-11-27 15:32:37,JUYQapYmw74,121012,1400,0,3
2025-11-27 15:32:37,koeM_jz4CdM,390235,14808,0,1481
2025-11-27 15:32:37,0GICIe0Tgf8,17391,1041,0,30
2025-11-27 15:32:37,s5dFrPwvbHY,211123,31461,0,1482
2025-11-27 15:32:37,OeMmb--HE6k,179914,4699,0,63
2025-11-27 15:32:37,zupf7Kwx6v4,145014,2809,0,176
2025-11-27 15:32:37,BNWYJZp2CbQ,48612,451,0,22
2025-11-27 15:32:37,5ftlnz91DaM,166197,10003,0,490
2025-11-27 15:32:37,DOmdfYIPBXE,341158,3113,0,87
2025-11-27 15:32:37,OWGd9sHxpvs,66467,2192,0,77
2025-11-27 15:32:37,qUgLxkENl6c,104029,6885,0,333
2025-11-27 15:32:37,BsyEN86cR0U,240672,7369,0,74
2025-11-27 15:32:37,_o05ucPBD7g,79046,1428,0,73
2025-11-27 15:32:37,4oml768wFnk,46420,3231,0,162
2025-11-27 15:32:37,_6xcFXlJcX8,111756,1228,0,36
2025-11-27 15:32:37,5UBc2gXGwKc,15950,275,0,9
2025-11-27 15:32:37,vMg1KAFAKiY,1060949,174227,0,9288
2025-11-27 15:32:37,TVqEwvbZP30,9359699,109197,0,10918
2025-11-27 15:32:37,w0ZQp2CmHHw,132849,2307,0,212
2025-11-27 15:32:37,ayjRv2g2UqY,870137,20232,0,812
2025-11-27 15:32:37,F2B4VITJfb0,100238,2163,0,354
2025-11-27 15:32:37,ITQYMtkP23E,290579,1375,0,0
2025-11-27 15:32:37,tPMkWfK6N-E,113502,10175,0,512
2025-11-27 15:32:37,IrxoY7JdJY0,135752,,0,43
2025-11-27 15:32:37,6hIKI8RZ1ys,419508,6924,0,18
2025-11-27 15:32:37,f8aS4qwuO7k,146891,8577,0,73
2025-11-27 15:32:37,k1yXf4L5bnc,115623,2790,0,153
2025-11-27 15:32:37,tmVYOETfA10,63057,3680,0,90
2025-11-27 15:32:37,NDommbpC80U,142469,1769,0,217
2025-11-27 15:32:37,kCnD_dMyJ3M,90380,2681,0,0
2025-11-27 15:32:37,xjUPVppl1DI,616063,10730,0,452
2025-11-27 15:32:37,LxMaia85m5Y,201543,3856,0,171
2025-11-27 15:32:37,BFaHdJVDmXY,69549,4185,0,182
2025-11-27 15:32:37,OEcTbxi57lE,17137,3540,0,138
2025-11-27 15:32:37,A3Ki9cI9T9w,106468,2365,0,598
2025-11-27 15:32:37,-3TOkp_6gRQ,490777,9271,0,88
2025-11-27 15:32:37,9SaAfQ6eACQ,77119,1079,0,210
2025-11-27 15:32:37,XZ1FhU9XeEc,145362,1982,0,248
2025-11-27 15:32:37,kux5GmbZhVg,19165,982,0,20
2025-11-27 15:32:37,QRTGKxrKBPM,510433,40329,0,1014
2025-11-27 15:32:37,XtTT5XdZVpw,117951,4645,0,217
2025-11-27 15:32:37,WGyadbTx8bs,357766,12734,0,1048
2025-11-27 15:32:37,fiG_T-0zFT8,538722,30893,0,1446
2025-11-27 15:32:37,PwaldW6SXwE,26729,2539,0,233
2025-11-27 15:32:37,taSKSaq5qh8,252274,4113,0,38
2025-11-27 15:32:37,hn17tmdaAzQ,699729,6514,0,107
2025-11-27 15:32:37,T8w3L1rS3o4,59064,3873,0,101
2025-11-27 15:32:37,cl-BT6bDxEI,122607,3371,0,193
2025-11-27 15:32:37,tk9FDjJd6zM,38220,702,0,83
2025-11-27 15:32:37,eHmQ_b0LkUA,448097,93105,0,3263
2025-11-27 15:32:37,HIE0fSPuvLY,167513,810,0,20
2025-11-27 15:32:37,IW_KV5nqWRI,42225,226,0,11
2025-11-27 15:32:37,dIPZHyTBFz0,196346,2157,0,261
2025-11-27 15:32:37,GJMOK14mB2c,112741,2750,0,143
2025-11-27 15:32:37,G36amiUCkXU,446113,27948,0,5290
2025-11-27 15:32:37,NED7nev2ywQ,39861572,1348604,0,131773
2025-11-27 15:32:37,hcJEQXJIALo,29555,3726,0,563
2025-11-27 15:32:37,W3eUZa56o0s,225112,3895,0,1517
2025-11-27 15:32:37,Rc8f268ueOE,218682,1883,0,428
2025-11-27 15:32:37,dmBAMwBBxoM,163070,4720,0,385
2025-11-27 15:32:37,lUHLwBOY04I,169433,16911,0,343
2025-11-27 15:32:37,QebVV6D641k,233913,1214,0,793
2025-11-27 15:32:37,GxXpkps21Kc,304539,13061,0,230
2025-11-27 15:32:37,BiiDN0zgJ2Q,95716,725,0,0
2025-11-27 15:32:37,eWetBwa4vVI,35659,2454,0,140
2025-11-27 15:32:37,7bqePXphj2g,263893,18256,0,1567
2025-11-27 15:32:37,8gAg9uDn2Oo,342501,12642,0,482
2025-11-27 15:32:37,m0HhR1k9JEw,87649,196,0,5
2025-11-27 15:32:37,tLBq_jH5FDI,106351,1629,0,167
2025-11-27 15:32:37,24VDsNgWNfw,81187,428,0,1
2025-11-27 15:32:37,qJvjFBhQ6vQ,187610,2315,0,72
2025-11-27 15:32:37,vIUORnIS_ug,334077,13817,0,1042
2025-11-27 15:32:37,xx3ZTvOhNoM,223988,8052,0,87
2025-11-27 15:32:37,FuGOa47BBqg,32962,1160,0,15
2025-11-27 15:32:37,x15pDRtzYno,136954,1650,0,194
2025-11-27 15:32:37,xZFWSWcQ3As,111226,1240,0,78
2025-11-27 15:32:37,aHKMl9HVqZQ,138713,4275,0,337
2025-11-27 15:32:37,TAL-HXKac80,3589072,78009,0,2638
2025-11-27 15:32:37,7SoVjT-0Rhw,31599,1824,0,267
2025-11-27 15:32:37,2NKK6Mg27XI,236049,15188,0,486
2025-11-27 15:32:37,OoLflKFs7YY,61490,2103,0,220
2025-11-27 15:32:37,C3jcxlsPYLE,200727,9814,0,81
2025-11-27 15:32:37,2HwsSTLuA8A,143760,4139,0,458
2025-11-27 15:32:37,qFdZAyr_xmw,196173,4992,0,676
2025-11-27 15:32:37,tXJJhKobuas,205228,2792,0,152
2025-11-27 15:32:37,j6TnwWfuf-I,99053,2118,0,116
2025-11-27 15:32:37,I9U5JRfZ4bA,33746,954,0,152
2025-11-27 15:32:37,Iz7mRKij2ao,10053,630,0,27
2025-11-27 15:32:37,CvGT2o7-_ZA,80591,1537,0,12
2025-11-27 15:32:37,UfVkyXaTGcs,207720,5249,0,106
2025-11-27 15:32:37,ScutqxM3z_s,196689,8375,0,477
2025-11-27 15:32:37,XILnJKGc0yo,236804,20356,0,3640
2025-11-27 15:32:37,hXKJ0gHYQ6E,48812,266,0,21
2025-11-27 15:32:37,b9z3Iaz5Zrc,118803,6180,0,308
2025-11-27 15:32:37,1wRkbauiGU8,99834,2471,0,150
2025-11-27 15:32:37,qRUIGsTq-kU,18859,2228,0,212
2025-11-27 15:32:37,CO0MSU3fqAQ,14941,2191,0,128
2025-11-27 15:32:37,ZXrcsNlbtgs,105018,912,0,0
2025-11-27 15:32:37,gSXQd_5ht0E,1100051,23439,0,1042
2025-11-27 15:32:37,DyINvuS9P34,183128,2480,0,50
2025-11-27 15:32:37,llAI08UYyAw,3058348,356841,0,10859
2025-11-27 15:32:37,h09ng9lTOEM,168546,1509,0,8
2025-11-27 15:32:37,x_RYZsOfpKY,12652985,300465,0,17936
2025-11-27 15:32:37,kSmHmdAnDYc,231196,6679,0,819
2025-11-27 15:32:37,snH3HQSF7Ew,246155,3980,0,702
2025-11-27 15:32:37,HQdJ8dMeCHM,120272,715,0,1536
2025-11-27 15:32:37,nzbbL07maKA,130601,6778,0,271
2025-11-27 15:32:37,ineS6XL0vc8,94460,2337,0,86
2025-11-27 15:32:37,dhzVHS8C_nc,82183,480,0,2
2025-11-27 15:32:37,P0OLVEm0pfM,66087,194,0,0
2025-11-27 15:32:37,OWpLhNyqeqg,80879,4826,0,427
2025-11-27 15:32:37,Pzqzy2ZIcLI,171287,9458,0,48
2025-11-27 15:32:37,jWFQ3A1Dtdg,306336,12693,0,1292
2025-11-27 15:32:37,iKVcCmyqoik,111871,5899,0,223
2025-11-27 15:32:37,wUGh03rLZbY,124354,3809,0,258
2025-11-27 15:32:37,fCDvm0Y3qkw,301129,15513,0,187
2025-11-27 15:32:37,StcmgD_0aRI,142795,10807,0,2585
2025-11-27 15:32:37,OfuHlytx3rQ,12667,205,0,9
2025-11-27 15:32:37,G_3xr5desOo,108693,3221,0,122
2025-11-27 15:32:37,6ixvIIIxwlk,104554,1063,0,0
2025-11-27 15:32:37,Gln8wDtITJ4,42022,2757,0,221
2025-11-27 15:32:37,IW14wQJKSC4,104193,4129,0,149
2025-11-27 15:32:37,AmQXv7Pyqvw,72802,940,0,10
2025-11-27 15:32:37,VWg0218G38c,113005,1316,0,231
2025-11-27 15:32:37,IftQ9zQ06-0,138260,2005,0,276
2025-11-27 15:32:37,S3Q33-4q1xo,112116,1301,0,84
2025-11-27 15:32:37,I52yC34Ji2k,299165,42215,0,1605
2025-11-27 15:32:37,3-caLm2c1XI,136881,4078,0,511
2025-11-27 15:32:37,Gth1zEFH2TM,103994,2132,0,50
2025-11-27 15:32:37,IcWvUlwcKAI,9841,1922,0,150
2025-11-27 15:32:37,NIGA89HGTBU,2361451,27897,0,1026
2025-11-27 15:32:37,LUQ28DBF7EU,164046,3912,0,320
2025-11-27 15:32:37,u66QoyjtANg,141317,1096,0,0
2025-11-27 15:32:37,U7wDhVWgd5w,52072,1097,0,7
2025-11-27 15:32:37,AfKzB2lXo7I,13396,681,0,47
2025-11-27 15:32:37,Lj1Qi3-zQgg,25280,4294,0,141
2025-11-27 15:32:37,4Ddbjkyy2C0,119650,836,0,0
2025-11-27 15:32:37,ST05E_5kn2E,252848,4785,0,324
2025-11-27 15:32:37,vQ_NFqtGDgo,158545,25340,0,951
2025-11-27 15:32:37,dx4XsqUGm10,204289,18314,0,1359
2025-11-27 15:32:37,UF4n5zmzx9A,221739,5265,0,270
2025-11-27 15:32:37,qIXl45sU0wk,122509,2816,0,27
2025-11-27 15:32:37,sgi_eji-ysM,273366,5442,0,67
2025-11-27 15:32:37,xcqjxAXsbHU,590321,27549,0,1193
2025-11-27 15:32:37,e0okJjgNTl0,292978,2708,0,6
2025-11-27 15:32:37,4l9Ni3tjbwM,1065890,12118,0,125
2025-11-27 15:32:37,cVL4bRjA6X0,424397,37304,0,1341
2025-11-27 15:32:37,JkKNqaEl9Aw,346567,20792,0,1864
2025-11-27 15:32:37,L6tkKvVCs0Y,422240,13414,0,589
2025-11-27 15:32:37,5eHGs7lX09s,86308,1098,0,977
2025-11-27 15:32:37,PtSwg--FueA,155977,1321,0,378
2025-11-27 15:32:37,yRhin7unPeI,179218,5230,0,466
2025-11-27 15:32:37,xuL1CDdhsOg,211316,2075,0,1
2025-11-27 15:32:37,DG4ax7ec64o,681997,8174,0,339
2025-11-27 15:32:37,tdYPGxusaYs,28774,2458,0,139
2025-11-27 15:32:37,ygIwtR2txaw,291473,10948,0,260
2025-11-27 15:32:37,VhzqSrscVP8,151700,6066,0,416
2025-11-27 15:32:37,jvrrjeAYtzs,76213,232,0,0
2025-11-27 15:32:37,oslNxV_8Q2c,241564,10524,0,118
2025-11-27 15:32:37,4Xt_hR0KNvY,167380,12791,0,2383
2025-11-27 15:32:37,SnCG-_lf74w,885908,22630,0,1072
2025-11-27 15:32:37,ex7ieF2B09A,249558,3928,0,196
2025-11-27 15:32:37,Em805jfRVXs,273176,4996,0,586
2025-11-27 15:32:37,6L7xTio0QyY,107317,5185,0,500
2025-11-27 15:32:37,55xYiuSAp5c,302340,4590,0,19
2025-11-27 15:32:37,oVwGURkvEq4,145251,1768,0,661
2025-11-27 15:32:37,fiSsGbfus6I,322199,2172,0,1270
2025-11-27 15:32:37,gYEhRoknpZQ,109131,949,0,168
2025-11-27 15:32:37,dolefeooLzc,388483,5941,0,375
2025-11-27 15:32:37,DSPV0RT3BJI,82152,,0,
2025-11-27 15:32:37,MarWse2JmWU,288267,3292,0,25
2025-11-27 15:32:37,w32-xwPxDFk,16875,1165,0,58
2025-11-27 15:32:37,uOZRP1-dvhA,232957,2373,0,172
2025-11-27 15:32:37,uQc-pW3QLuI,7086163,126765,0,5190
2025-11-27 15:32:37,kuetvJE_C_U,150954,3977,0,66
2025-11-27 15:32:37,0-74AHbFWic,157410,11814,0,623
2025-11-27 15:32:37,6kWw9Nn4dIY,131965,6134,0,355
2025-11-27 15:32:37,PJyQaQosJpk,76049,846,0,15
2025-11-27 15:32:37,yxXNIzrfPNQ,110685,6172,0,828
2025-11-27 15:32:37,BM13CSsDrV8,13240,502,0,0
2025-11-27 15:32:37,YMxjZF3gtoM,298889,14036,0,797
2025-11-27 15:32:37,BT4XRgmCjjQ,215152,,0,35
2025-11-27 15:32:37,Aj8AmqTQkAs,99146,1180,0,59
2025-11-27 15:32:37,a72dN8ZWPWg,146766,3267,0,1793
2025-11-27 15:32:37,04-csl0RRJc,56207,1054,0,269
2025-11-27 15:32:37,9jrVtT2nPgQ,33078,4450,0,103
2025-11-27 15:32:37,QJpTBz916MI,1075012,107458,0,2898
2025-11-27 15:32:37,Am2ElEWNvTY,60596,3500,0,191
2025-11-27 15:32:37,STXcQAmoLPU,133675,1367,0,1
2025-11-27 15:32:37,Kc7TkgWiWrc,33226,1034,0,40
2025-11-27 15:32:37,S0UEqkus7FA,311342,12380,0,240
2025-11-27 15:32:37,81QYAxvO3Ik,199702,19457,0,1225
2025-11-27 15:32:37,dqMImJF-rgA,136649,3992,0,341
2025-11-27 15:32:37,eLCjlEYBN3U,348283,13954,0,1013
2025-11-27 15:32:37,ES9oYbzYCh8,427760,56911,0,1771
2025-11-27 15:32:37,pzLTGAwn0a4,43041,6356,0,459
2025-11-24 15:57:00,DG4ax7ec64o,364717,4741,0,240
2025-11-24 15:57:00,2HwsSTLuA8A,116956,3632,0,424
2025-11-24 15:57:00,wUGh03rLZbY,40478,2056,0,178
2025-11-24 15:57:00,sgi_eji-ysM,250375,5230,0,61
2025-11-24 15:57:00,UFozBQrnmII,709742,24168,0,351
2025-11-24 15:57:00,24VDsNgWNfw,69742,401,0,1
2025-11-24 15:57:00,oVwGURkvEq4,108986,1529,0,601
2025-11-24 15:57:00,IftQ9zQ06-0,8883,298,0,37
2025-11-24 15:57:00,kCnD_dMyJ3M,25794,1686,0,0
2025-11-24 15:57:00,5ftlnz91DaM,73187,5888,0,360
2025-11-24 15:57:00,_6xcFXlJcX8,62486,752,0,23
2025-11-24 15:57:00,kuetvJE_C_U,152175,3922,0,65
2025-11-24 15:57:00,QJpTBz916MI,815900,95390,0,2688
2025-11-24 15:57:00,9XNqe5r8xHI,395123,5761,0,19
2025-11-24 15:57:00,oLY17RG3OMI,149981,3015,0,209
2025-11-24 15:57:00,6hIKI8RZ1ys,429009,6962,0,15
2025-11-24 15:57:00,QRTGKxrKBPM,290511,32849,0,919
2025-11-24 15:57:00,tk9FDjJd6zM,11212,305,0,36
2025-11-24 15:57:00,IZ9kqxCDvAs,484142,24887,0,1724
2025-11-24 15:57:00,oslNxV_8Q2c,238769,10273,0,112
2025-11-24 15:57:00,xZFWSWcQ3As,52093,711,0,53
2025-11-24 15:57:00,h09ng9lTOEM,168457,1505,0,3
2025-11-24 15:57:00,ayjRv2g2UqY,227620,15432,0,708
2025-11-24 15:57:00,0-74AHbFWic,103071,9830,0,579
2025-11-24 15:57:00,BT4XRgmCjjQ,195013,,0,18
2025-11-24 15:57:00,Yy2ZovGi-Uk,332187,9107,0,122
2025-11-24 15:57:00,4-6IONBWRMQ,74050,1320,0,30
2025-11-24 15:57:00,IcWvUlwcKAI,2174,825,0,71
2025-11-24 15:57:00,uQc-pW3QLuI,5889969,112625,0,4925
2025-11-24 15:57:00,Aj8AmqTQkAs,57615,730,0,44
2025-11-24 15:57:00,LUQ28DBF7EU,59854,2416,0,221
2025-11-24 15:57:00,IW14wQJKSC4,70236,3545,0,143
2025-11-24 15:57:00,4oml768wFnk,17950,2392,0,142
2025-11-24 15:57:00,yxXNIzrfPNQ,38199,4285,0,617
2025-11-24 15:57:00,dolefeooLzc,163030,3723,0,258
2025-11-24 15:57:00,jRgzfKDTI7g,307659,9033,0,302
2025-11-24 15:57:00,NED7nev2ywQ,32168901,1259887,0,120174
2025-11-24 15:57:00,dhzVHS8C_nc,82108,489,0,0
2025-11-24 15:57:00,tmVYOETfA10,10025,1468,0,54
2025-11-24 15:57:00,dCmNVtLsYzA,86547,5467,0,342
2025-11-24 15:57:00,lUHLwBOY04I,84643,10548,0,244
2025-11-24 15:57:00,I9U5JRfZ4bA,18191,649,0,107
2025-11-24 15:57:00,DOmdfYIPBXE,249879,2514,0,82
2025-11-24 15:57:00,6L7xTio0QyY,20544,4284,0,436
2025-11-24 15:57:00,FFXSoSl_lGg,50440,3422,0,151
2025-11-24 15:57:00,gSXQd_5ht0E,229922,17904,0,916
2025-11-24 15:57:00,vMg1KAFAKiY,379510,97074,0,6063
2025-11-24 15:57:00,uOZRP1-dvhA,93261,1152,0,105
2025-11-24 15:57:00,tPMkWfK6N-E,66802,7899,0,434
2025-11-24 15:57:00,4l9Ni3tjbwM,1045689,11824,0,107
2025-11-24 15:57:00,nbzmTUB-FCs,11202,1078,0,179
2025-11-24 15:57:00,fiG_T-0zFT8,359783,27264,0,1391
2025-11-24 15:57:00,ZXrcsNlbtgs,104625,922,0,0
2025-11-24 15:57:00,W3eUZa56o0s,170255,3275,0,1275
2025-11-24 15:57:00,zupf7Kwx6v4,112385,2426,0,169
2025-11-24 15:57:00,nDeKfR5iBxY,619413,30579,0,1244
2025-11-24 15:57:00,xcqjxAXsbHU,427906,24751,0,1108
2025-11-24 15:57:00,VXsWwTTgt78,243839,11507,0,64
2025-11-24 15:57:00,QebVV6D641k,150069,839,0,573
2025-11-24 15:57:00,snH3HQSF7Ew,181490,3340,0,619
2025-11-24 15:57:00,UF4n5zmzx9A,118878,3560,0,216
2025-11-24 15:57:00,HIE0fSPuvLY,167319,819,0,15
2025-11-24 15:57:00,llAI08UYyAw,181894,87116,0,5127
2025-11-24 15:57:00,7gDl4S3wB14,341628,6894,0,685
2025-11-26 16:34:08,XILnJKGc0yo,170299,18785,0,3306
2025-11-26 16:34:08,4-6IONBWRMQ,106288,1678,0,33
2025-11-26 16:34:08,I52yC34Ji2k,125712,23840,0,1081
2025-11-26 16:34:08,Em805jfRVXs,122705,2872,0,381
2025-11-26 16:34:08,3rGi2kiSzkA,40332,2343,0,105
2025-11-26 16:34:08,hXKJ0gHYQ6E,48619,266,0,19
2025-11-26 16:34:08,aHKMl9HVqZQ,116592,3810,0,330
2025-11-26 16:34:08,2NKK6Mg27XI,199169,13974,0,459
2025-11-26 16:34:08,IftQ9zQ06-0,113102,1811,0,251
2025-11-26 16:34:08,nbzmTUB-FCs,18976,1279,0,191
2025-11-26 16:34:08,6mP-mEHEQcw,217148,9791,0,1318
2025-11-26 16:34:08,HIE0fSPuvLY,167513,811,0,20
2025-11-26 16:34:08,QRTGKxrKBPM,449477,38755,0,990
2025-11-26 16:34:08,sgi_eji-ysM,270331,5418,0,66
2025-11-26 16:34:08,G7eh40XgTiw,73429,1114,0,149
2025-11-26 16:34:08,xZFWSWcQ3As,107125,1203,0,78
2025-11-26 16:34:08,HP8qpxRpIW8,551919,26646,0,906
2025-11-26 16:34:08,kux5GmbZhVg,6664,565,0,13
2025-11-26 16:34:08,lUHLwBOY04I,153164,15920,0,321
2025-11-26 16:34:08,DG4ax7ec64o,619047,7356,0,318
2025-11-26 16:34:08,dqMImJF-rgA,119599,3812,0,330
2025-11-26 16:34:08,4l9Ni3tjbwM,1060325,12072,0,123
2025-11-26 16:34:08,6hIKI8RZ1ys,419318,6929,0,18
2025-11-26 16:34:08,taSKSaq5qh8,249367,4098,0,38
2025-11-26 16:34:08,cBPtIHuFa_o,80827,3339,0,363
2025-11-26 16:34:08,BDxXPvOdz50,152224,2382,0,629
2025-11-26 16:34:08,nDeKfR5iBxY,794503,37641,0,1410
2025-11-26 16:34:08,VXsWwTTgt78,254531,11837,0,73
2025-11-26 16:34:08,hn17tmdaAzQ,678742,6407,0,93
2025-11-26 16:34:08,JrI4_jUZe98,261365,50376,0,1903
2025-11-26 16:34:08,xjUPVppl1DI,440474,8906,0,386
2025-11-26 16:34:08,eWetBwa4vVI,25564,1983,0,121
2025-11-26 16:34:08,SdVBuVm_Sw8,,699,0,0
2025-11-26 16:34:08,eHmQ_b0LkUA,374949,85897,0,3209
2025-11-26 16:34:08,IZ9kqxCDvAs,702010,29609,0,1952
2025-11-26 16:34:08,vQ_NFqtGDgo,78727,16274,0,701
2025-11-26 16:34:08,MRYXsF2lblY,187781,18029,0,992
2025-11-26 16:34:08,04-csl0RRJc,54480,1043,0,262
2025-11-26 16:34:08,L6tkKvVCs0Y,266429,12756,0,572
2025-11-26 16:34:08,JkKNqaEl9Aw,98353,16810,0,1585
2025-11-26 16:34:08,x_RYZsOfpKY,11145174,275973,0,17157
2025-11-26 16:34:08,vIUORnIS_ug,267039,12584,0,967
2025-11-26 16:34:08,qFdZAyr_xmw,52813,2381,0,390
2025-11-26 16:34:08,4oml768wFnk,40369,3140,0,160
2025-11-26 16:34:08,vQpF9mIiYFU,5678,206,0,22
2025-11-26 16:34:08,x15pDRtzYno,118184,1531,0,189
2025-11-26 16:34:08,j6TnwWfuf-I,81515,1922,0,111
2025-11-26 16:34:08,oslNxV_8Q2c,247382,10481,0,117
2025-11-26 16:34:08,qIXl45sU0wk,119079,2777,0,25
2025-11-26 16:34:08,kuetvJE_C_U,150962,3971,0,66
2025-11-26 16:34:08,G36amiUCkXU,337274,25287,0,4541
2025-11-26 16:34:08,MarWse2JmWU,287770,3296,0,24
2025-11-26 16:34:08,I9U5JRfZ4bA,31183,908,0,148
2025-11-26 16:34:08,s5dFrPwvbHY,174970,28979,0,1453
2025-11-26 16:34:08,BNWYJZp2CbQ,47426,442,0,22
2025-11-26 16:34:08,oVwGURkvEq4,141230,1750,0,654
2025-11-26 16:34:08,Aj8AmqTQkAs,92883,1119,0,58
2025-11-26 16:34:08,6ixvIIIxwlk,104119,1068,0,0
2025-11-26 16:34:08,u66QoyjtANg,141270,1099,0,0
2025-11-26 16:34:08,BT4XRgmCjjQ,211038,,0,34
2025-11-26 16:34:08,vMg1KAFAKiY,987190,167336,0,8930
2025-11-26 16:34:08,U7wDhVWgd5w,51976,1097,0,6
2025-11-26 16:34:08,b1OwvLh8HnU,8455,226,0,7
2025-11-26 16:34:08,P0OLVEm0pfM,65933,194,0,0
2025-11-26 16:34:08,BsyEN86cR0U,230663,7229,0,69
2025-11-26 16:34:08,Kc7TkgWiWrc,13654,654,0,29
2025-11-26 16:34:08,0-74AHbFWic,147087,11570,0,626
2025-11-26 16:34:08,IcWvUlwcKAI,9083,1855,0,144
2025-11-26 16:34:08,CvGT2o7-_ZA,79959,1529,0,8
2025-11-26 16:34:08,NED7nev2ywQ,37938346,1327185,0,128629
2025-11-26 16:34:08,dhzVHS8C_nc,82162,480,0,1
2025-11-26 16:34:08,QebVV6D641k,226880,1187,0,775
2025-11-26 16:34:08,XZ1FhU9XeEc,129052,1804,0,240
2025-11-26 16:34:08,Zvh5BE2Guik,250654,10745,0,186
2025-11-26 16:34:08,gSXQd_5ht0E,633403,22419,0,1026
2025-11-26 16:34:08,ST05E_5kn2E,205080,4046,0,297
2025-11-26 16:34:08,WsLcF1ojgFU,40872,2818,0,404
2025-11-26 16:34:08,koeM_jz4CdM,365202,14191,0,1455
2025-11-26 16:34:08,Rc8f268ueOE,140318,1547,0,372
2025-11-26 16:34:08,dmBAMwBBxoM,111183,3848,0,353
2025-11-26 16:34:08,uQc-pW3QLuI,6941380,125109,0,5156
2025-11-26 16:34:08,IW14wQJKSC4,94660,3995,0,148
2025-11-26 16:34:08,jRgzfKDTI7g,455798,11442,0,344
2025-11-26 16:34:08,ZXrcsNlbtgs,104991,912,0,0
2025-11-26 16:34:08,TVqEwvbZP30,3255597,100507,0,8933
2025-11-26 16:34:08,AmQXv7Pyqvw,72625,938,0,10
2025-11-26 16:34:08,ex7ieF2B09A,213261,3484,0,186
2025-11-26 16:34:08,ANU0lVGfWyo,384137,31692,0,2283
2025-11-26 16:34:08,e0okJjgNTl0,292219,2711,0,6
2025-11-26 16:34:08,W3eUZa56o0s,216138,3809,0,1484
2025-11-26 16:34:08,HQdJ8dMeCHM,106829,684,0,1495
2025-11-26 16:34:08,GxXpkps21Kc,302278,13017,0,227
2025-11-26 16:34:08,wUGh03rLZbY,118042,3711,0,258
2025-11-26 16:34:08,zupf7Kwx6v4,140312,2755,0,174
2025-11-26 16:34:08,gYEhRoknpZQ,105400,929,0,169
2025-11-26 16:34:08,UFozBQrnmII,784281,25218,0,420
2025-11-26 16:34:08,xcqjxAXsbHU,540236,26788,0,1180
2025-11-26 16:34:08,4Xt_hR0KNvY,134279,11393,0,2164
2025-11-26 16:34:08,snH3HQSF7Ew,239428,3914,0,693
2025-11-26 16:34:08,KO6gxf8vXJQ,228886,526,0,1
2025-11-26 16:34:08,7gDl4S3wB14,479452,8242,0,809
2025-11-26 16:34:08,qEGsMTo-adg,19832,1721,0,208
2025-11-26 16:34:08,xuL1CDdhsOg,211230,2078,0,1
2025-11-26 16:34:08,ITQYMtkP23E,290220,1383,0,0
2025-11-26 16:34:08,NkHjY_EaCgY,91540,1526,0,93
2025-11-26 16:34:08,BFaHdJVDmXY,34089,2862,0,124
2025-11-26 16:34:08,DSPV0RT3BJI,73148,,0,
2025-11-26 16:34:08,Yy2ZovGi-Uk,348107,9354,0,139
2025-11-26 16:34:08,v55qDr_jJFA,11071,1150,0,78
2025-11-26 16:34:08,599nhYHHvQo,,839,0,0
2025-11-26 16:34:08,SWdjfMIkQCg,150402,2144,0,159
2025-11-26 16:34:08,GJMOK14mB2c,100909,2588,0,139
2025-11-26 16:34:08,tmVYOETfA10,47336,3307,0,88
2025-11-26 16:34:08,miySB69T1xw,330035,10978,0,433
2025-11-26 16:34:08,ScutqxM3z_s,118907,6644,0,399
2025-11-26 16:34:08,cl-BT6bDxEI,112358,3192,0,184
2025-11-26 16:34:08,0GICIe0Tgf8,8215,741,0,25
2025-11-26 16:34:08,TAL-HXKac80,3192567,73961,0,2467
2025-11-26 16:34:08,IW_KV5nqWRI,41623,225,0,8
2025-11-26 16:34:08,l57EJ_eLsIc,155845,1492,0,582
2025-11-26 16:34:08,UF4n5zmzx9A,204878,5029,0,265
2025-11-26 16:34:08,kCnD_dMyJ3M,75127,2535,0,0
2025-11-26 16:34:08,dolefeooLzc,345867,5577,0,362
2025-11-26 16:34:08,llAI08UYyAw,2506734,336723,0,10576
2025-11-26 16:34:08,yRhin7unPeI,167273,4976,0,459
2025-11-26 16:34:08,LUQ28DBF7EU,159333,3850,0,316
2025-11-26 16:34:08,xx3ZTvOhNoM,213307,7927,0,66
2025-11-26 16:34:08,XtTT5XdZVpw,110960,4517,0,216
2025-11-26 16:34:08,6L7xTio0QyY,78108,5057,0,487
2025-11-26 16:34:08,4Ddbjkyy2C0,119564,836,0,0
2025-11-26 16:34:08,cVL4bRjA6X0,371734,35651,0,1296
2025-11-26 16:34:08,z-aco1hi0Iw,141490,1656,0,256
2025-11-26 16:34:08,ygIwtR2txaw,268055,10405,0,251
2025-11-26 16:34:08,vpXtzSpyV_8,3570956,20123,0,1024
2025-11-26 16:34:08,h09ng9lTOEM,168323,1511,0,8
2025-11-26 16:34:08,Gln8wDtITJ4,31626,2242,0,188
2025-11-26 16:34:08,PtSwg--FueA,135760,1236,0,370
2025-11-26 16:34:08,PwaldW6SXwE,19530,2209,0,208
2025-11-26 16:34:08,2HwsSTLuA8A,141131,4096,0,456
2025-11-26 16:34:08,VhzqSrscVP8,143661,5927,0,406
2025-11-26 16:34:08,KDC-EOsNzAg,141191,21495,0,579
2025-11-26 16:34:08,f8aS4qwuO7k,144822,8533,0,71
2025-11-26 16:34:08,dx4XsqUGm10,169871,17515,0,1325
2025-11-26 16:34:08,yxXNIzrfPNQ,95088,5947,0,803
2025-11-26 16:34:08,5ftlnz91DaM,151625,9560,0,479
2025-11-26 16:34:08,-dfR8iYqwK4,189900,3365,0,483
2025-11-26 16:34:08,55xYiuSAp5c,282040,4479,0,11
2025-11-26 16:34:08,Gth1zEFH2TM,87322,1921,0,50
2025-11-26 16:34:08,LxMaia85m5Y,172254,3583,0,159
2025-11-26 16:34:08,fiSsGbfus6I,248336,1906,0,1162
2025-11-26 16:34:08,BM13CSsDrV8,5199,292,0,0
2025-11-26 16:34:08,b9z3Iaz5Zrc,47342,3644,0,248
2025-11-26 16:34:08,oLY17RG3OMI,268104,4776,0,275
2025-11-26 16:34:08,Pzqzy2ZIcLI,169928,9412,0,46
2025-11-26 16:34:08,9SaAfQ6eACQ,68330,1005,0,207
2025-11-26 16:34:08,QJpTBz916MI,1014957,105511,0,2870
2025-11-26 16:34:08,8j4RM-bBYvA,21006,1212,0,424
2025-11-26 16:34:08,7SoVjT-0Rhw,26468,1728,0,246
2025-11-26 16:34:08,fiG_T-0zFT8,485076,29992,0,1431
2025-11-26 16:34:08,KSha-fc5EhA,93085,521,0,0
2025-11-26 16:34:08,m0HhR1k9JEw,87631,198,0,5
2025-11-26 16:34:08,j-8vLi2sMg0,46148,5373,0,78
2025-11-26 16:34:08,D8gbtByJSI8,77122,373,0,2
2025-11-26 16:34:08,tk9FDjJd6zM,32885,650,0,74
2025-11-26 16:34:08,9XNqe5r8xHI,431027,6032,0,26
2025-11-26 16:34:08,fCDvm0Y3qkw,284903,15176,0,163
2025-11-26 16:34:08,6kWw9Nn4dIY,100307,5325,0,319
2025-11-26 16:34:08,j-4AHlLg9XA,,104,0,0
2025-11-26 16:34:08,jWFQ3A1Dtdg,206368,10680,0,1103
2025-11-26 16:34:08,CZP11p3DklQ,48656,2241,0,111
2025-11-26 16:34:08,JUYQapYmw74,120679,1403,0,3
2025-11-26 16:34:08,24VDsNgWNfw,80645,425,0,1
2025-11-26 16:34:08,OWpLhNyqeqg,65686,4564,0,421
2025-11-26 16:34:08,iKVcCmyqoik,84488,5454,0,207
2025-11-26 16:34:08,81QYAxvO3Ik,177811,18656,0,1186
2025-11-26 16:34:08,UfVkyXaTGcs,192123,5015,0,103
2025-11-26 16:34:08,NIGA89HGTBU,1013863,18860,0,883
2025-11-26 16:34:08,k1yXf4L5bnc,110574,2692,0,150
2025-11-26 16:34:08,PJyQaQosJpk,74765,850,0,14
2025-11-26 16:34:08,FFXSoSl_lGg,109633,4872,0,174
2025-11-26 16:34:08,a72dN8ZWPWg,124442,2879,0,1739
2025-11-26 16:34:08,7bqePXphj2g,231024,17206,0,1489
2025-11-26 16:34:08,G_3xr5desOo,81531,2753,0,106
2025-11-26 16:34:08,tPMkWfK6N-E,104932,9847,0,494
2025-11-26 16:34:08,SnCG-_lf74w,577825,18239,0,924
2025-11-26 16:34:08,-3TOkp_6gRQ,486832,9227,0,88
2025-11-26 16:34:08,A3Ki9cI9T9w,88015,2078,0,530
2025-11-26 16:34:08,S3Q33-4q1xo,106158,1254,0,82
2025-11-26 16:34:08,uOZRP1-dvhA,220343,2238,0,172
2025-11-26 16:34:08,WGyadbTx8bs,282206,10932,0,974
2025-11-26 16:34:08,tXJJhKobuas,165954,2392,0,144
2025-11-26 16:34:08,YMxjZF3gtoM,267280,13226,0,764
2025-11-26 16:34:08,_6xcFXlJcX8,106860,1183,0,35
2025-11-26 16:34:08,DOmdfYIPBXE,329051,3038,0,87
2025-11-26 16:34:08,qJvjFBhQ6vQ,170476,2178,0,63
2025-11-26 16:34:08,zLfnSXg0jKg,110604,3016,0,135
2025-11-26 16:34:08,ayjRv2g2UqY,708693,19622,0,800
2025-11-26 16:34:08,dCmNVtLsYzA,190152,9478,0,540
2025-11-26 16:34:08,6oS55kztPlE,9413,784,0,23
2025-11-27 06:31:32,OeMmb--HE6k,158866,4294,0,53
2025-11-27 06:31:32,fiG_T-0zFT8,521135,30618,0,1439
2025-11-27 06:31:32,ex7ieF2B09A,241139,3811,0,194
2025-11-27 06:31:32,NkHjY_EaCgY,113056,1718,0,105
2025-11-27 06:31:32,eLCjlEYBN3U,291377,12236,0,967
2025-11-27 06:31:32,PwaldW6SXwE,25277,2465,0,228
2025-11-27 06:31:32,LcpCd9VXGjE,333812,1573,0,0
2025-11-27 06:31:32,8j4RM-bBYvA,25493,1250,0,448
2025-11-27 06:31:32,tk9FDjJd6zM,36798,694,0,78
2025-11-27 06:31:32,UF4n5zmzx9A,217933,5179,0,268
2025-11-27 06:31:32,5-o_tvuKSfM,39391,3052,0,129
2025-11-27 06:31:32,qUgLxkENl6c,91079,6210,0,317
2025-11-27 06:31:32,4-6IONBWRMQ,108421,1706,0,33
2025-11-27 06:31:32,BFaHdJVDmXY,66420,4075,0,172
2025-11-27 06:31:32,Pzqzy2ZIcLI,171107,9448,0,48
2025-11-27 06:31:32,G36amiUCkXU,408449,27194,0,5053
2025-11-27 06:31:32,_o05ucPBD7g,67538,1288,0,67
2025-11-27 06:31:32,qFdZAyr_xmw,178101,4699,0,652
2025-11-27 06:31:32,z-aco1hi0Iw,151729,1720,0,258
2025-11-27 06:31:32,xZFWSWcQ3As,109627,1226,0,78
2025-11-27 06:31:32,GxXpkps21Kc,304053,13048,0,229
2025-11-27 06:31:32,oLY17RG3OMI,285527,4995,0,283
2025-11-27 06:31:32,JUYQapYmw74,120961,1400,0,3
2025-11-27 06:31:32,1wRkbauiGU8,91830,2322,0,146
2025-11-27 06:31:32,JrI4_jUZe98,375079,63340,0,2102
2025-11-27 06:31:32,Iz7mRKij2ao,8161,554,0,23
2025-11-27 06:31:32,m0HhR1k9JEw,87645,196,0,5
2025-11-27 06:31:32,dhzVHS8C_nc,82175,480,0,1
2025-11-27 06:31:32,IcWvUlwcKAI,9637,1906,0,149
2025-11-27 06:31:32,AfKzB2lXo7I,3654,345,0,29
2025-11-27 06:31:32,zLfnSXg0jKg,117175,3126,0,135
2025-11-27 06:31:32,IW_KV5nqWRI,42142,226,0,11
2025-11-27 06:31:32,nDeKfR5iBxY,847733,39590,0,1433
2025-11-27 06:31:32,dIPZHyTBFz0,174007,2028,0,255
2025-11-27 06:31:32,I9U5JRfZ4bA,33093,937,0,152
2025-11-27 06:31:32,JkKNqaEl9Aw,297795,19987,0,1780
2025-11-27 06:31:32,DSPV0RT3BJI,81015,,0,
2025-11-27 06:31:32,UfVkyXaTGcs,203617,5176,0,105
2025-11-27 06:31:32,fCDvm0Y3qkw,298078,15432,0,180
2025-11-27 06:31:32,tXJJhKobuas,193185,2639,0,147
2025-11-27 06:31:32,x_RYZsOfpKY,12139671,293418,0,17741
2025-11-27 06:31:32,G7eh40XgTiw,84753,1179,0,169
2025-11-27 06:31:32,eHmQ_b0LkUA,421978,90947,0,3244
2025-11-27 06:31:32,YMxjZF3gtoM,293286,13864,0,790
2025-11-27 06:31:32,VhzqSrscVP8,150136,6042,0,409
2025-11-27 06:31:32,cBPtIHuFa_o,94152,3656,0,378
2025-11-27 06:31:32,7SoVjT-0Rhw,30134,1797,0,261
2025-11-27 06:31:32,2HwsSTLuA8A,143167,4128,0,457
2025-11-27 06:31:32,ineS6XL0vc8,74390,1961,0,73
2025-11-27 06:31:32,Caa-UHhl8Gw,87883,2596,0,200
2025-11-27 06:31:32,6hIKI8RZ1ys,419531,6925,0,18
2025-11-27 06:31:32,U7wDhVWgd5w,52034,1098,0,7
2025-11-27 06:31:32,0-74AHbFWic,154318,11752,0,626
2025-11-27 06:31:32,-dfR8iYqwK4,197786,3436,0,491
2025-11-27 06:31:32,PJyQaQosJpk,75729,845,0,15
2025-11-27 06:31:32,jWFQ3A1Dtdg,286628,12214,0,1249
2025-11-27 06:31:32,k1yXf4L5bnc,114636,2766,0,152
2025-11-27 06:31:32,BiiDN0zgJ2Q,95040,723,0,0
2025-11-27 06:31:32,a72dN8ZWPWg,143031,3185,0,1789
2025-11-27 06:31:32,8gAg9uDn2Oo,277988,10934,0,443
2025-11-27 06:31:32,ayjRv2g2UqY,824783,20100,0,808
2025-11-27 06:31:32,j6TnwWfuf-I,95953,2078,0,115
2025-11-27 06:31:32,C3jcxlsPYLE,186729,9399,0,63
2025-11-27 06:31:32,FFXSoSl_lGg,118882,5012,0,177
2025-11-27 06:31:32,PtSwg--FueA,151853,1294,0,376
2025-11-27 06:31:32,Yy2ZovGi-Uk,350590,9375,0,144
2025-11-27 06:31:32,uOZRP1-dvhA,230152,2338,0,172
2025-11-27 06:31:32,MRYXsF2lblY,205905,18601,0,1019
2025-11-27 06:31:32,DG4ax7ec64o,667281,7903,0,328
2025-11-27 06:31:32,aHKMl9HVqZQ,134455,4167,0,334
2025-11-27 06:31:32,LxMaia85m5Y,195207,3781,0,169
2025-11-27 06:31:32,MarWse2JmWU,288137,3292,0,24
2025-11-27 06:31:32,7gDl4S3wB14,498561,8391,0,822
2025-11-27 06:31:32,IZ9kqxCDvAs,772758,30916,0,2026
2025-11-27 06:31:32,IW14wQJKSC4,100993,4080,0,148
2025-11-27 06:31:32,NIGA89HGTBU,1535119,25964,0,1010
2025-11-27 06:31:32,w0ZQp2CmHHw,105466,1973,0,194
2025-11-27 06:31:32,OWpLhNyqeqg,75794,4763,0,427
2025-11-27 06:31:32,sgi_eji-ysM,272728,5433,0,67
2025-11-27 06:31:32,tPMkWfK6N-E,110876,10041,0,505
2025-11-27 06:31:32,hcJEQXJIALo,21663,3271,0,523
2025-11-27 06:31:32,rOZV4RZrA3A,203212,2088,0,6
2025-11-27 06:31:32,l57EJ_eLsIc,179128,1568,0,604
2025-11-27 06:31:32,2NKK6Mg27XI,227519,14858,0,472
2025-11-27 06:31:32,Zvh5BE2Guik,252584,10741,0,194
2025-11-27 06:31:32,SdVBuVm_Sw8,,699,0,0
2025-11-27 06:31:32,snH3HQSF7Ew,244693,3957,0,701
2025-11-27 06:31:32,S3Q33-4q1xo,110894,1292,0,84
2025-11-27 06:31:32,A3Ki9cI9T9w,100691,2284,0,581
2025-11-27 06:31:32,G_3xr5desOo,103460,3126,0,116
2025-11-27 06:31:32,W3eUZa56o0s,223000,3867,0,1506
2025-11-27 06:31:32,KO6gxf8vXJQ,228922,526,0,1
2025-11-27 06:31:32,qJvjFBhQ6vQ,184547,2277,0,68
2025-11-27 06:31:32,xx3ZTvOhNoM,221577,8024,0,81
2025-11-27 06:31:32,oVwGURkvEq4,144587,1767,0,660
2025-11-27 06:31:32,StcmgD_0aRI,118049,9228,0,2392
2025-11-27 06:31:32,BM13CSsDrV8,10928,476,0,0
2025-11-27 06:31:32,WVVv8Uyok_U,72437,3699,0,695
2025-11-27 06:31:32,QJpTBz916MI,1058065,106966,0,2894
2025-11-27 06:31:32,04-csl0RRJc,55789,1052,0,269
2025-11-27 06:31:32,ST05E_5kn2E,242744,4584,0,320
2025-11-27 06:31:32,SWdjfMIkQCg,157968,2194,0,164
2025-11-27 06:31:32,yxXNIzrfPNQ,104354,6097,0,819
2025-11-27 06:31:32,Gth1zEFH2TM,100939,2084,0,50
2025-11-27 06:31:32,6mP-mEHEQcw,252532,10373,0,1371
2025-11-27 06:31:32,eWetBwa4vVI,33987,2380,0,138
2025-11-27 06:31:32,24VDsNgWNfw,81055,428,0,1
2025-11-27 06:31:32,6ixvIIIxwlk,104513,1064,0,0
2025-11-27 06:31:32,w32-xwPxDFk,12850,1006,0,52
2025-11-27 06:31:32,ScutqxM3z_s,184925,8143,0,464
2025-11-27 06:31:32,kux5GmbZhVg,13791,870,0,19
2025-11-27 06:31:32,fiSsGbfus6I,302032,2074,0,1246
2025-11-27 06:31:32,55xYiuSAp5c,298709,4579,0,19
2025-11-27 06:31:32,jvrrjeAYtzs,76146,232,0,0
2025-11-27 06:31:32,kSmHmdAnDYc,202549,6038,0,768
2025-11-27 06:31:32,QebVV6D641k,232167,1209,0,787
2025-11-27 06:31:32,BsyEN86cR0U,239440,7339,0,74
2025-11-27 06:31:32,WsLcF1ojgFU,45288,2921,0,414
2025-11-27 06:31:32,iKVcCmyqoik,106725,5820,0,223
2025-11-27 06:31:32,cl-BT6bDxEI,120596,3332,0,191
2025-11-27 06:31:32,llAI08UYyAw,2851163,350205,0,10753
2025-11-27 06:31:32,XtTT5XdZVpw,116272,4606,0,217
2025-11-27 06:31:32,wUGh03rLZbY,123187,3793,0,259
2025-11-27 06:31:32,u66QoyjtANg,141307,1096,0,0
2025-11-27 06:31:32,3-caLm2c1XI,117576,3686,0,468
2025-11-27 06:31:32,L6tkKvVCs0Y,346318,13231,0,583
2025-11-27 06:31:32,VXsWwTTgt78,256803,11881,0,73
2025-11-27 06:31:32,ITQYMtkP23E,290535,1378,0,0
2025-11-27 06:31:32,TVqEwvbZP30,7702905,106233,0,10389
2025-11-27 06:31:32,hXKJ0gHYQ6E,48766,266,0,20
2025-11-27 06:31:32,NED7nev2ywQ,39178246,1341629,0,131011
2025-11-27 06:31:32,CvGT2o7-_ZA,80260,1535,0,12
2025-11-27 06:31:32,DOmdfYIPBXE,338969,3084,0,87
2025-11-27 06:31:32,b1OwvLh8HnU,15569,325,0,7
2025-11-27 06:31:32,tmVYOETfA10,56771,3560,0,89
2025-11-27 06:31:32,HQdJ8dMeCHM,118627,711,0,1532
2025-11-27 06:31:32,4l9Ni3tjbwM,1064915,12107,0,125
2025-11-27 06:31:32,taSKSaq5qh8,251451,4107,0,38
2025-11-27 06:31:32,xcqjxAXsbHU,573325,27318,0,1191
2025-11-27 06:31:32,pzLTGAwn0a4,36400,5593,0,443
2025-11-27 06:31:32,Bj6tJxDPzoY,191053,9090,0,282
2025-11-27 06:31:32,AmQXv7Pyqvw,72775,940,0,10
2025-11-27 06:31:32,6L7xTio0QyY,101134,5137,0,497
2025-11-27 06:31:32,QRTGKxrKBPM,488844,39890,0,1010
2025-11-27 06:31:32,vIUORnIS_ug,318441,13509,0,1029
2025-11-27 06:31:32,vMg1KAFAKiY,1045363,172752,0,9202
2025-11-27 06:31:32,LUQ28DBF7EU,162974,3901,0,319
2025-11-27 06:31:32,nzbbL07maKA,115465,6285,0,260
2025-11-27 06:31:32,STXcQAmoLPU,133365,1367,0,1
2025-11-27 06:31:32,Kc7TkgWiWrc,26961,940,0,35
2025-11-27 06:31:32,yRhin7unPeI,176588,5162,0,466
2025-11-27 06:31:32,F2B4VITJfb0,85972,1901,0,231
2025-11-27 06:31:32,kuetvJE_C_U,150838,3976,0,66
2025-11-27 06:31:32,cVL4bRjA6X0,407500,36819,0,1333
2025-11-27 06:31:32,CZP11p3DklQ,87564,3114,0,134
2025-11-27 06:31:32,bZ2eyQcJ49o,137788,2458,0,354
2025-11-27 06:31:32,-3TOkp_6gRQ,490198,9255,0,88
2025-11-27 06:31:32,BT4XRgmCjjQ,214094,,0,35
2025-11-27 06:31:32,I52yC34Ji2k,265225,38609,0,1511
2025-11-27 06:31:32,oWv2PwrJkTM,214656,11157,0,108
2025-11-27 06:31:32,HP8qpxRpIW8,726130,31128,0,966
2025-11-27 06:31:32,2j2jXv6Juxc,124544,1920,0,74
2025-11-27 06:31:32,dqMImJF-rgA,134480,3955,0,339
2025-11-27 06:31:32,DyINvuS9P34,153628,2170,0,49
2025-11-27 06:31:32,xjUPVppl1DI,577042,10261,0,432
2025-11-27 06:31:32,CO0MSU3fqAQ,11694,1898,0,111
2025-11-27 06:31:32,Aj8AmqTQkAs,97546,1165,0,59
2025-11-27 06:31:32,ZXrcsNlbtgs,105019,911,0,0
2025-11-27 06:31:32,XZ1FhU9XeEc,142005,1931,0,248
2025-11-27 06:31:32,j-4AHlLg9XA,,104,0,0
2025-11-27 06:31:32,BNWYJZp2CbQ,48359,450,0,22
2025-11-27 06:31:32,4Ddbjkyy2C0,119634,836,0,0
2025-11-27 06:31:32,zupf7Kwx6v4,143930,2792,0,175
2025-11-27 06:31:32,qEGsMTo-adg,23103,1810,0,219
2025-11-27 06:31:32,4oml768wFnk,44060,3203,0,162
2025-11-27 06:31:32,6kWw9Nn4dIY,126958,5993,0,350
2025-11-27 06:31:32,KC0-vIj7piY,222541,18158,0,231
2025-11-27 06:31:32,7bqePXphj2g,256212,18029,0,1550
2025-11-27 06:31:32,9SaAfQ6eACQ,75702,1064,0,209
2025-11-27 06:31:32,tdYPGxusaYs,20950,2054,0,131
2025-11-27 06:31:32,kCnD_dMyJ3M,85030,2636,0,0
2025-11-27 06:31:32,BDxXPvOdz50,157542,2433,0,640
2025-11-27 06:31:32,ES9oYbzYCh8,274836,43566,0,1462
2025-11-27 06:31:32,uQc-pW3QLuI,7042590,126261,0,5185
2025-11-27 06:31:32,T8w3L1rS3o4,45466,3025,0,88
2025-11-27 06:31:32,Rc8f268ueOE,203644,1820,0,417
2025-11-27 06:31:32,dx4XsqUGm10,194196,18117,0,1352
2025-11-27 06:31:32,4Xt_hR0KNvY,159066,12419,0,2330
2025-11-27 06:31:32,gYEhRoknpZQ,108303,945,0,168
2025-11-27 06:31:32,s5dFrPwvbHY,201243,30772,0,1475
2025-11-27 06:31:32,b9z3Iaz5Zrc,101051,5663,0,302
2025-11-27 06:31:32,S0UEqkus7FA,290307,11910,0,191
2025-11-27 06:31:32,HIE0fSPuvLY,167545,811,0,20
2025-11-27 06:31:32,Em805jfRVXs,249231,4726,0,556
2025-11-27 06:31:32,XILnJKGc0yo,215609,19882,0,3513
2025-11-27 06:31:32,UFozBQrnmII,793930,25339,0,423
2025-11-27 06:31:32,SnCG-_lf74w,821450,21587,0,1025
2025-11-27 06:31:32,h09ng9lTOEM,168488,1509,0,8
2025-11-27 06:31:32,81QYAxvO3Ik,192495,19174,0,1208
2025-11-27 06:31:32,9XNqe5r8xHI,435109,6064,0,26
2025-11-27 06:31:32,dolefeooLzc,378609,5841,0,373
2025-11-27 06:31:32,oslNxV_8Q2c,248731,10511,0,118
2025-11-27 06:31:32,GJMOK14mB2c,110837,2723,0,142
2025-11-27 06:31:32,9jrVtT2nPgQ,22872,3748,0,94
2025-11-27 06:31:32,x15pDRtzYno,134233,1623,0,194
2025-11-27 06:31:32,xuL1CDdhsOg,211307,2077,0,1
2025-11-27 06:31:32,Am2ElEWNvTY,41917,2679,0,162
2025-11-27 06:31:32,WGyadbTx8bs,349043,12455,0,1041
2025-11-27 06:31:32,hn17tmdaAzQ,695998,6488,0,104
2025-11-27 06:31:32,dCmNVtLsYzA,198497,9734,0,552
2025-11-27 06:31:32,KDC-EOsNzAg,158110,22811,0,599
2025-11-27 06:31:32,vpXtzSpyV_8,4596647,21384,0,1081
2025-11-27 06:31:32,VWg0218G38c,80620,931,0,179
2025-11-27 06:31:32,6oS55kztPlE,17201,997,0,30
2025-11-27 06:31:32,TAL-HXKac80,3484727,77012,0,2598
2025-11-27 06:31:32,e0okJjgNTl0,292783,2708,0,6
2025-11-27 06:31:32,599nhYHHvQo,,838,0,0
2025-11-27 06:31:32,tLBq_jH5FDI,81176,1330,0,142
2025-11-27 06:31:32,koeM_jz4CdM,384903,14639,0,1474
2025-11-27 06:31:32,IftQ9zQ06-0,134258,1971,0,274
2025-11-27 06:31:32,j-8vLi2sMg0,67251,6507,0,83
2025-11-27 06:31:32,P0OLVEm0pfM,66069,194,0,0
2025-11-27 06:31:32,0GICIe0Tgf8,13530,957,0,30
2025-11-27 06:31:32,qIXl45sU0wk,121698,2805,0,26
2025-11-27 06:31:32,vQpF9mIiYFU,11561,278,0,22
2025-11-27 06:31:32,dmBAMwBBxoM,153016,4532,0,377
2025-11-27 06:31:32,5ftlnz91DaM,162738,9907,0,488
2025-11-27 06:31:32,ANU0lVGfWyo,444109,33747,0,2351
2025-11-27 06:31:32,miySB69T1xw,445029,12496,0,469
2025-11-27 06:31:32,Lj1Qi3-zQgg,17689,3563,0,134
2025-11-27 06:31:32,f8aS4qwuO7k,146452,8561,0,73
2025-11-27 06:31:32,Gln8wDtITJ4,39412,2646,0,212
2025-11-27 06:31:32,3rGi2kiSzkA,48805,2597,0,109
2025-11-27 06:31:32,ygIwtR2txaw,286013,10798,0,258
2025-11-27 06:31:32,vQ_NFqtGDgo,137529,23089,0,891
2025-11-27 06:31:32,v55qDr_jJFA,24156,1699,0,108
2025-11-27 06:31:32,KSha-fc5EhA,93159,520,0,0
2025-11-27 06:31:32,_6xcFXlJcX8,110183,1207,0,35
2025-11-27 06:31:32,D8gbtByJSI8,77210,369,0,2
2025-11-27 06:31:32,jRgzfKDTI7g,472351,11677,0,348
2025-11-27 06:31:32,gSXQd_5ht0E,987762,23123,0,1039
2025-11-27 06:31:32,lUHLwBOY04I,165355,16689,0,336
2025-11-27 06:31:32,nbzmTUB-FCs,21032,1305,0,192
2025-11-25 12:41:26,uOZRP1-dvhA,166084,1733,0,144
2025-11-25 12:41:26,MarWse2JmWU,286230,3301,0,23
2025-11-25 12:41:26,nbzmTUB-FCs,14950,1197,0,188
2025-11-25 12:41:26,sgi_eji-ysM,262725,5349,0,63
2025-11-25 12:41:26,_6xcFXlJcX8,95436,1049,0,35
2025-11-25 12:41:26,7bqePXphj2g,118721,12255,0,1150
2025-11-25 12:41:26,f8aS4qwuO7k,140990,8402,0,68
2025-11-25 12:41:26,jRgzfKDTI7g,400573,10514,0,327
2025-11-25 12:41:26,xZFWSWcQ3As,93912,1095,0,70
2025-11-25 12:41:26,QebVV6D641k,211747,1122,0,742
2025-11-25 12:41:26,taSKSaq5qh8,237452,4031,0,30
2025-11-25 12:41:26,yxXNIzrfPNQ,71293,5429,0,748
2025-11-25 12:41:26,6L7xTio0QyY,60086,4790,0,473
2025-11-25 12:41:26,gSXQd_5ht0E,372067,20699,0,986
2025-11-25 12:41:26,m0HhR1k9JEw,87592,198,0,4
2025-11-25 12:41:26,KSha-fc5EhA,92769,524,0,0
2025-11-25 12:41:26,k1yXf4L5bnc,91471,2376,0,143
2025-11-25 12:41:26,KDC-EOsNzAg,90444,16609,0,496
2025-11-25 12:41:26,UF4n5zmzx9A,167129,4378,0,246
2025-11-25 12:41:26,oVwGURkvEq4,131730,1696,0,646
2025-11-25 12:41:26,zupf7Kwx6v4,130236,2645,0,172
2025-11-25 12:41:26,qIXl45sU0wk,111079,2684,0,20
2025-11-25 12:41:26,4oml768wFnk,31246,2952,0,153
2025-11-25 12:41:26,XtTT5XdZVpw,72656,3901,0,191
2025-11-25 12:41:26,koeM_jz4CdM,281777,11831,0,1274
2025-11-25 12:41:26,4-6IONBWRMQ,97568,1552,0,32
2025-11-25 12:41:26,lUHLwBOY04I,123857,13784,0,289
2025-11-25 12:41:26,PJyQaQosJpk,67652,801,0,2
2025-11-25 12:41:26,dolefeooLzc,268878,4815,0,319
2025-11-25 12:41:26,Yy2ZovGi-Uk,341385,9233,0,136
2025-11-25 12:41:26,6mP-mEHEQcw,120012,7436,0,1087
2025-11-25 12:41:26,2HwsSTLuA8A,134812,3982,0,450
2025-11-25 12:41:26,qJvjFBhQ6vQ,111027,1774,0,53
2025-11-25 12:41:26,tmVYOETfA10,25657,2535,0,72
2025-11-25 12:41:26,QJpTBz916MI,930902,101836,0,2798
2025-11-25 12:41:26,h09ng9lTOEM,167751,1507,0,6
2025-11-25 12:41:26,ANU0lVGfWyo,221547,25294,0,2027
2025-11-25 12:41:26,snH3HQSF7Ew,216876,3691,0,669
2025-11-25 12:41:26,SdVBuVm_Sw8,94529,700,0,0
2025-11-25 12:41:26,SWdjfMIkQCg,108622,1800,0,134
2025-11-25 12:41:26,G36amiUCkXU,169692,19839,0,3499
2025-11-25 12:41:26,llAI08UYyAw,1645277,291944,0,9826
2025-11-25 12:41:26,6hIKI8RZ1ys,418587,6936,0,16
2025-11-25 12:41:26,kuetvJE_C_U,149401,3948,0,66
2025-11-25 12:41:26,8j4RM-bBYvA,10614,1029,0,332
2025-11-25 12:41:26,nDeKfR5iBxY,707364,33891,0,1337
2025-11-25 12:41:26,0-74AHbFWic,129421,11023,0,617
2025-11-25 12:41:26,-3TOkp_6gRQ,472898,9093,0,74
2025-11-25 12:41:26,G_3xr5desOo,25071,1491,0,67
2025-11-25 12:41:26,IZ9kqxCDvAs,581840,27161,0,1829
2025-11-25 12:41:26,kCnD_dMyJ3M,51932,2294,0,0
2025-11-25 12:41:26,4Ddbjkyy2C0,118833,840,0,0
2025-11-25 12:41:26,cVL4bRjA6X0,253158,30140,0,1147
2025-11-25 12:41:26,IftQ9zQ06-0,61022,1160,0,153
2025-11-25 12:41:26,7SoVjT-0Rhw,15642,1387,0,199
2025-11-25 12:41:26,VXsWwTTgt78,247774,11695,0,73
2025-11-25 12:41:26,S3Q33-4q1xo,83982,1071,0,77
2025-11-25 12:41:26,dqMImJF-rgA,81460,3070,0,281
2025-11-25 12:41:26,5ftlnz91DaM,112990,7927,0,422
2025-11-25 12:41:26,AmQXv7Pyqvw,71839,935,0,9
2025-11-25 12:41:26,j-4AHlLg9XA,,106,0,0
2025-11-25 12:41:26,x_RYZsOfpKY,7854624,218916,0,14391
2025-11-25 12:41:26,HP8qpxRpIW8,220465,16888,0,772
2025-11-25 12:41:26,ayjRv2g2UqY,424829,18298,0,774
2025-11-25 12:41:26,81QYAxvO3Ik,130049,16550,0,1084
2025-11-25 12:41:26,3rGi2kiSzkA,16839,1479,0,86
2025-11-25 12:41:26,l57EJ_eLsIc,95951,1078,0,473
2025-11-25 12:41:26,BDxXPvOdz50,112766,2006,0,525
2025-11-25 12:41:26,uQc-pW3QLuI,6612245,121232,0,5107
2025-11-25 12:41:26,IcWvUlwcKAI,7348,1626,0,132
2025-11-25 12:41:26,Pzqzy2ZIcLI,165885,9267,0,43
2025-11-25 12:41:26,ZXrcsNlbtgs,104921,914,0,0
2025-11-25 12:41:26,7gDl4S3wB14,419410,7640,0,740
2025-11-25 12:41:26,24VDsNgWNfw,79443,423,0,1
2025-11-25 12:41:26,TVqEwvbZP30,1211272,82708,0,6750
2025-11-25 12:41:26,fiSsGbfus6I,55974,890,0,579
2025-11-25 12:41:26,KO6gxf8vXJQ,228695,527,0,1
2025-11-25 12:41:26,yRhin7unPeI,131209,4362,0,442
2025-11-25 12:41:26,dx4XsqUGm10,106123,15012,0,1172
2025-11-25 12:41:26,OWpLhNyqeqg,35239,3623,0,381
2025-11-25 12:41:26,vMg1KAFAKiY,812983,149770,0,8212
2025-11-25 12:41:26,LUQ28DBF7EU,145434,3676,0,304
2025-11-25 12:41:26,DOmdfYIPBXE,296625,2783,0,84
2025-11-25 12:41:26,UFozBQrnmII,755129,24830,0,402
2025-11-25 12:41:26,9XNqe5r8xHI,416999,5916,0,23
2025-11-25 12:41:26,DG4ax7ec64o,519782,6256,0,290
2025-11-25 12:41:26,ygIwtR2txaw,195358,8549,0,235
2025-11-25 12:41:26,Aj8AmqTQkAs,80223,1005,0,55
2025-11-25 12:41:26,MRYXsF2lblY,131308,15747,0,881
2025-11-25 12:41:26,GxXpkps21Kc,289767,12772,0,191
2025-11-25 12:41:26,HIE0fSPuvLY,167415,812,0,19
2025-11-25 12:41:26,4Xt_hR0KNvY,66144,8056,0,1604
2025-11-25 12:41:26,UfVkyXaTGcs,137043,3983,0,85
2025-11-25 12:41:26,oslNxV_8Q2c,243162,10384,0,113
2025-11-25 12:41:26,I9U5JRfZ4bA,25864,817,0,138
2025-11-25 12:41:26,TAL-HXKac80,2270021,64334,0,2077
2025-11-25 12:41:26,gYEhRoknpZQ,86357,856,0,161
2025-11-25 12:41:26,599nhYHHvQo,103394,846,0,0
2025-11-25 12:41:26,IW14wQJKSC4,82757,3815,0,145
2025-11-25 12:41:26,ex7ieF2B09A,142292,2534,0,133
2025-11-25 12:41:26,fiG_T-0zFT8,418501,28720,0,1414
2025-11-25 12:41:26,x15pDRtzYno,67391,1130,0,162
2025-11-25 12:41:26,NED7nev2ywQ,35243102,1296999,0,124076
2025-11-25 12:41:26,VhzqSrscVP8,113872,5145,0,372
2025-11-25 12:41:26,QRTGKxrKBPM,367773,36171,0,967
2025-11-25 12:41:26,U7wDhVWgd5w,49525,1080,0,3
2025-11-25 12:41:26,tPMkWfK6N-E,89906,9145,0,463
2025-11-25 12:41:26,YMxjZF3gtoM,173001,10252,0,629
2025-11-25 12:41:26,BT4XRgmCjjQ,204354,,0,23
2025-11-25 12:41:26,dhzVHS8C_nc,82133,485,0,0
2025-11-25 12:41:26,oLY17RG3OMI,219560,4089,0,254
2025-11-25 12:41:26,tk9FDjJd6zM,24182,529,0,59
2025-11-25 12:41:26,WsLcF1ojgFU,28269,2446,0,350
2025-11-25 12:41:26,s5dFrPwvbHY,102055,21956,0,1293
2025-11-25 12:41:26,xuL1CDdhsOg,210694,2084,0,1
2025-11-25 12:41:26,W3eUZa56o0s,194993,3580,0,1394
2025-11-25 12:41:26,dCmNVtLsYzA,157449,8279,0,460
2025-11-25 12:41:26,JUYQapYmw74,119723,1404,0,3
2025-11-25 12:41:26,04-csl0RRJc,48837,998,0,241
2025-11-25 12:41:26,FFXSoSl_lGg,88498,4449,0,169
2025-11-25 12:41:26,L6tkKvVCs0Y,146083,10634,0,534
2025-11-25 12:41:26,xcqjxAXsbHU,480479,25788,0,1138
2025-11-25 12:41:26,wUGh03rLZbY,98070,3340,0,247
2025-11-25 12:41:26,-dfR8iYqwK4,141508,2849,0,444
2025-11-25 12:41:26,zLfnSXg0jKg,81856,2462,0,114
2025-11-25 12:41:26,vpXtzSpyV_8,259013,15439,0,771
2025-11-25 12:41:26,hXKJ0gHYQ6E,48193,267,0,17
2025-11-25 12:41:26,4l9Ni3tjbwM,1054240,11981,0,117
2025-11-27 16:20:50,FFXSoSl_lGg,122764,5069,0,177
2025-11-27 16:20:50,nDeKfR5iBxY,865897,40448,0,1456
2025-11-27 16:20:50,IftQ9zQ06-0,138646,2008,0,277
2025-11-27 16:20:50,NUSpibeVoO0,19509,820,0,72
2025-11-27 16:20:50,vIUORnIS_ug,335067,13831,0,1043
2025-11-27 16:20:50,BDxXPvOdz50,160583,2456,0,643
2025-11-27 16:20:50,Lj1Qi3-zQgg,25874,4370,0,143
2025-11-27 16:20:50,IZ9kqxCDvAs,804503,31402,0,2053
2025-11-27 16:20:50,NIGA89HGTBU,2431247,27975,0,1027
2025-11-27 16:20:50,fiG_T-0zFT8,540329,30930,0,1446
2025-11-27 16:20:50,HIE0fSPuvLY,167514,811,0,20
2025-11-27 16:20:50,4Xt_hR0KNvY,168231,12819,0,2385
2025-11-27 16:20:50,8gAg9uDn2Oo,347836,12817,0,485
2025-11-27 16:20:50,4Ddbjkyy2C0,119650,836,0,0
2025-11-27 16:20:50,cl-BT6bDxEI,122798,3376,0,193
2025-11-27 16:20:50,A3Ki9cI9T9w,106838,2366,0,601
2025-11-27 16:20:50,Yy2ZovGi-Uk,351509,9390,0,145
2025-11-27 16:20:50,iBD9LX2ZdDQ,81600,189,0,0
2025-11-27 16:20:50,G36amiUCkXU,449632,28018,0,5319
2025-11-27 16:20:50,5UBc2gXGwKc,16587,276,0,9
2025-11-27 16:20:50,UFozBQrnmII,794737,25400,0,424
2025-11-27 16:20:50,DSPV0RT3BJI,82263,,0,
2025-11-27 16:20:50,gSXQd_5ht0E,1102462,23474,0,1042
2025-11-27 16:20:50,QebVV6D641k,234118,1215,0,793
2025-11-27 16:20:50,oWv2PwrJkTM,223867,11461,0,113
2025-11-27 16:20:50,eHmQ_b0LkUA,449500,93216,0,3265
2025-11-27 16:20:50,tPMkWfK6N-E,113751,10184,0,512
2025-11-27 16:20:50,kSmHmdAnDYc,233393,6724,0,820
2025-11-27 16:20:50,ayjRv2g2UqY,874036,20247,0,812
2025-11-27 16:20:50,BM13CSsDrV8,13410,504,0,0
2025-11-27 16:20:50,-3TOkp_6gRQ,490878,9272,0,88
2025-11-27 16:20:50,_o05ucPBD7g,79682,1447,0,73
2025-11-27 16:20:50,qRUIGsTq-kU,19289,2251,0,212
2025-11-27 16:20:50,fiSsGbfus6I,324149,2181,0,1272
2025-11-27 16:20:50,taSKSaq5qh8,252361,4114,0,38
2025-11-27 16:20:50,5ftlnz91DaM,166598,10015,0,490
2025-11-27 16:20:50,cBPtIHuFa_o,98347,3783,0,385
2025-11-27 16:20:50,Gln8wDtITJ4,42240,2763,0,221
2025-11-27 16:20:50,yxXNIzrfPNQ,110990,6180,0,829
2025-11-27 16:20:50,SdVBuVm_Sw8,,699,0,0
2025-11-27 16:20:50,AfKzB2lXo7I,14027,693,0,48
2025-11-27 16:20:50,jWFQ3A1Dtdg,309730,12731,0,1299
2025-11-27 16:20:50,ex7ieF2B09A,250661,3942,0,196
2025-11-27 16:20:50,WVVv8Uyok_U,115785,4954,0,781
2025-11-27 16:20:50,T8w3L1rS3o4,60318,3977,0,102
2025-11-27 16:20:50,tmVYOETfA10,63527,3696,0,90
2025-11-27 16:20:50,P0OLVEm0pfM,66094,194,0,0
2025-11-27 16:20:50,9SaAfQ6eACQ,77299,1079,0,210
2025-11-27 16:20:50,S3Q33-4q1xo,112374,1302,0,84
2025-11-27 16:20:50,h09ng9lTOEM,168546,1509,0,8
2025-11-27 16:20:50,dolefeooLzc,389867,5950,0,375
2025-11-27 16:20:50,ST05E_5kn2E,253851,4805,0,325
2025-11-27 16:20:50,Caa-UHhl8Gw,93938,2712,0,203
2025-11-27 16:20:50,GJMOK14mB2c,112932,2749,0,143
2025-11-27 16:20:50,tLBq_jH5FDI,108354,1649,0,167
2025-11-27 16:20:50,SzFd7Tmq7pU,184978,9815,0,48
2025-11-27 16:20:50,uOZRP1-dvhA,233240,2374,0,172
2025-11-27 16:20:50,k1yXf4L5bnc,115779,2795,0,153
2025-11-27 16:20:50,FuGOa47BBqg,34034,1164,0,15
2025-11-27 16:20:50,AmQXv7Pyqvw,72574,940,0,10
2025-11-27 16:20:50,CO0MSU3fqAQ,15234,2209,0,128
2025-11-27 16:20:50,2NKK6Mg27XI,236766,15214,0,486
2025-11-27 16:20:50,sgi_eji-ysM,273446,5443,0,67
2025-11-27 16:20:50,Rc8f268ueOE,220152,1887,0,428
2025-11-27 16:20:50,b9z3Iaz5Zrc,120776,6240,0,311
2025-11-27 16:20:50,Gth1zEFH2TM,104318,2135,0,50
2025-11-27 16:20:50,XILnJKGc0yo,238521,20383,0,3646
2025-11-27 16:20:50,OWGd9sHxpvs,73392,2292,0,79
2025-11-27 16:20:50,TVqEwvbZP30,9486252,109419,0,10953
2025-11-27 16:20:50,XZ1FhU9XeEc,145702,1982,0,248
2025-11-27 16:20:50,OEcTbxi57lE,17440,3583,0,138
2025-11-27 16:20:50,hXKJ0gHYQ6E,48812,266,0,21
2025-11-27 16:20:50,0GICIe0Tgf8,17677,1047,0,30
2025-11-27 16:20:50,W3eUZa56o0s,225377,3897,0,1517
2025-11-27 16:20:50,5eHGs7lX09s,92205,1134,0,1016
2025-11-27 16:20:50,Iz7mRKij2ao,10183,635,0,27
2025-11-27 16:20:50,eLCjlEYBN3U,353339,14321,0,1024
2025-11-27 16:20:50,jRgzfKDTI7g,478199,11809,0,351
2025-11-27 16:20:50,55xYiuSAp5c,302624,4590,0,19
2025-11-27 16:20:50,TAL-HXKac80,3595788,78067,0,2639
2025-11-27 16:20:50,ITQYMtkP23E,290605,1375,0,0
2025-11-27 16:20:50,w32-xwPxDFk,17165,1176,0,58
2025-11-27 16:20:50,zupf7Kwx6v4,145158,2810,0,176
2025-11-27 16:20:50,WGyadbTx8bs,359429,12770,0,1049
2025-11-27 16:20:50,f8aS4qwuO7k,146932,8579,0,73
2025-11-27 16:20:50,I52yC34Ji2k,302129,42502,0,1619
2025-11-27 16:20:50,oLY17RG3OMI,291331,5085,0,286
2025-11-27 16:20:50,BsyEN86cR0U,240780,7373,0,74
2025-11-27 16:20:50,j-4AHlLg9XA,,104,0,0
2025-11-27 16:20:50,XtTT5XdZVpw,118161,4649,0,217
2025-11-27 16:20:50,kuetvJE_C_U,150954,3977,0,66
2025-11-27 16:20:50,S0UEqkus7FA,312907,12409,0,240
2025-11-27 16:20:50,6kWw9Nn4dIY,132506,6151,0,355
2025-11-27 16:20:50,6oS55kztPlE,21508,1086,0,32
2025-11-27 16:20:50,BNWYJZp2CbQ,48628,451,0,22
2025-11-27 16:20:50,nbzmTUB-FCs,22206,1317,0,193
2025-11-27 16:20:50,dqMImJF-rgA,136881,4008,0,341
2025-11-27 16:20:50,3rGi2kiSzkA,51536,2673,0,111
2025-11-27 16:20:50,JrI4_jUZe98,405364,67163,0,2160
2025-11-27 16:20:50,qIXl45sU0wk,122605,2817,0,27
2025-11-27 16:20:50,ANU0lVGfWyo,481830,34690,0,2383
2025-11-27 16:20:50,UF4n5zmzx9A,222518,5272,0,270
2025-11-27 16:20:50,tdYPGxusaYs,29362,2478,0,139
2025-11-27 16:20:50,aHKMl9HVqZQ,139100,4282,0,337
2025-11-27 16:20:50,vQpF9mIiYFU,18587,310,0,22
2025-11-27 16:20:50,qJvjFBhQ6vQ,187940,2316,0,72
2025-11-27 16:20:50,hcJEQXJIALo,30170,3745,0,564
2025-11-27 16:20:50,NED7nev2ywQ,39894406,1349042,0,131863
2025-11-27 16:20:50,QJpTBz916MI,1076699,107550,0,2901
2025-11-27 16:20:50,I9U5JRfZ4bA,33815,954,0,152
2025-11-27 16:20:50,_Vs1T6KpK5g,75202,1157,0,6
2025-11-27 16:20:50,Aj8AmqTQkAs,99284,1181,0,59
2025-11-27 16:20:50,vpXtzSpyV_8,4610653,21989,0,1096
2025-11-27 16:20:50,KDC-EOsNzAg,165484,23442,0,602
2025-11-27 16:20:50,4-6IONBWRMQ,109454,1717,0,33
2025-11-27 16:20:50,koeM_jz4CdM,390855,14827,0,1481
2025-11-27 16:20:50,CvGT2o7-_ZA,80616,1537,0,12
2025-11-27 16:20:50,PwaldW6SXwE,26859,2544,0,234
2025-11-27 16:20:50,4oml768wFnk,46597,3234,0,162
2025-11-27 16:20:50,qUgLxkENl6c,105085,7048,0,334
2025-11-27 16:20:50,x15pDRtzYno,137372,1653,0,194
2025-11-27 16:20:50,CZP11p3DklQ,105038,3457,0,142
2025-11-27 16:20:50,C3jcxlsPYLE,201733,9843,0,81
2025-11-27 16:20:50,lUHLwBOY04I,169829,16932,0,343
2025-11-27 16:20:50,nzbbL07maKA,131804,6839,0,271
2025-11-27 16:20:50,u66QoyjtANg,141317,1096,0,0
2025-11-27 16:20:50,dCmNVtLsYzA,201180,9836,0,555
2025-11-27 16:20:50,6mP-mEHEQcw,263780,10672,0,1395
2025-11-27 16:20:50,fCDvm0Y3qkw,301361,15518,0,189
2025-11-27 16:20:50,STXcQAmoLPU,133708,1367,0,1
2025-11-27 16:20:50,uQc-pW3QLuI,7090273,126800,0,5192
2025-11-27 16:20:50,OfuHlytx3rQ,13017,208,0,9
2025-11-27 16:20:50,ineS6XL0vc8,95881,2369,0,88
2025-11-27 16:20:50,v55qDr_jJFA,27687,1806,0,111
2025-11-27 16:20:50,QRTGKxrKBPM,512563,40375,0,1014
2025-11-27 16:20:50,2j2jXv6Juxc,163995,2357,0,83
2025-11-27 16:20:50,7bqePXphj2g,264661,18278,0,1569
2025-11-27 16:20:50,vMg1KAFAKiY,1062276,174365,0,9297
2025-11-27 16:20:50,dIPZHyTBFz0,197706,2159,0,262
2025-11-27 16:20:50,BiiDN0zgJ2Q,95748,727,0,0
2025-11-27 16:20:50,ygIwtR2txaw,292122,10974,0,259
2025-11-27 16:20:50,a72dN8ZWPWg,147109,3290,0,1794
2025-11-27 16:20:50,7SoVjT-0Rhw,31713,1825,0,267
2025-11-27 16:20:50,LxMaia85m5Y,201976,3862,0,171
2025-11-27 16:20:50,dhzVHS8C_nc,82089,480,0,2
2025-11-27 16:20:50,vQ_NFqtGDgo,160220,25546,0,955
2025-11-27 16:20:50,L6tkKvVCs0Y,426364,13440,0,588
2025-11-27 16:20:50,Kc7TkgWiWrc,33704,1041,0,40
2025-11-27 16:20:50,xcqjxAXsbHU,591669,27569,0,1195
2025-11-27 16:20:50,IW_KV5nqWRI,42293,226,0,11
2025-11-27 16:20:50,ES9oYbzYCh8,444430,57729,0,1791
2025-11-27 16:20:50,LcpCd9VXGjE,334307,1572,0,0
2025-11-27 16:20:50,IcWvUlwcKAI,9858,1922,0,150
2025-11-27 16:20:50,dmBAMwBBxoM,163943,4734,0,385
2025-11-27 16:20:50,CXcBo03He2A,21656,3060,0,161
2025-11-27 16:20:50,OoLflKFs7YY,67110,2223,0,231
2025-11-27 16:20:50,jvrrjeAYtzs,76223,232,0,0
2025-11-27 16:20:50,ZXrcsNlbtgs,105018,912,0,0
2025-11-27 16:20:50,zLfnSXg0jKg,119134,3160,0,136
2025-11-27 16:20:50,l57EJ_eLsIc,184880,1591,0,614
2025-11-27 16:20:50,81QYAxvO3Ik,200425,19487,0,1226
2025-11-27 16:20:50,KO6gxf8vXJQ,228998,526,0,1
2025-11-27 16:20:50,G7eh40XgTiw,87657,1200,0,175
2025-11-27 16:20:50,2HwsSTLuA8A,143811,4139,0,458
2025-11-27 16:20:50,9jrVtT2nPgQ,33823,4515,0,103
2025-11-27 16:20:50,04-csl0RRJc,56268,1054,0,269
2025-11-27 16:20:50,xjUPVppl1DI,619458,10769,0,454
2025-11-27 16:20:50,xx3ZTvOhNoM,224243,8054,0,88
2025-11-27 16:20:50,HP8qpxRpIW8,863259,33854,0,992
2025-11-27 16:20:50,OWpLhNyqeqg,81249,4832,0,427
2025-11-27 16:20:50,tXJJhKobuas,206339,2802,0,154
2025-11-27 16:20:50,D8gbtByJSI8,77228,368,0,2
2025-11-27 16:20:50,w0ZQp2CmHHw,135376,2346,0,213
2025-11-27 16:20:50,6hIKI8RZ1ys,419510,6924,0,18
2025-11-27 16:20:50,JUYQapYmw74,120785,1400,0,3
2025-11-27 16:20:50,b1OwvLh8HnU,21728,384,0,8
2025-11-27 16:20:50,ScutqxM3z_s,197468,8393,0,479
2025-11-27 16:20:50,DOmdfYIPBXE,341407,3117,0,87
2025-11-27 16:20:50,gYEhRoknpZQ,109190,949,0,168
2025-11-27 16:20:50,NDommbpC80U,146407,1812,0,219
2025-11-27 16:20:50,F2B4VITJfb0,101423,2177,0,365
2025-11-27 16:20:50,YMxjZF3gtoM,299514,14046,0,799
2025-11-27 16:20:50,6L7xTio0QyY,107575,5189,0,500
2025-11-27 16:20:50,Zvh5BE2Guik,254229,10773,0,195
2025-11-27 16:20:50,PtSwg--FueA,156313,1322,0,378
2025-11-27 16:20:50,StcmgD_0aRI,144966,10935,0,2596
2025-11-27 16:20:50,snH3HQSF7Ew,246316,3982,0,702
2025-11-27 16:20:50,5-o_tvuKSfM,52006,3598,0,147
2025-11-27 16:20:50,BT4XRgmCjjQ,215294,,0,35
2025-11-27 16:20:50,e0okJjgNTl0,292996,2708,0,6
2025-11-27 16:20:50,-dfR8iYqwK4,200015,3467,0,492
2025-11-27 16:20:50,3-caLm2c1XI,138161,4095,0,512
2025-11-27 16:20:50,KSha-fc5EhA,93092,520,0,0
2025-11-27 16:20:50,7gDl4S3wB14,503054,8437,0,827
2025-11-27 16:20:50,_6xcFXlJcX8,111950,1230,0,36
2025-11-27 16:20:50,NkHjY_EaCgY,117796,1770,0,105
2025-11-27 16:20:50,j6TnwWfuf-I,99343,2126,0,116
2025-11-27 16:20:50,OeMmb--HE6k,181769,4735,0,65
2025-11-27 16:20:50,oVwGURkvEq4,145309,1768,0,661
2025-11-27 16:20:50,IrxoY7JdJY0,136993,,0,44
2025-11-27 16:20:50,tk9FDjJd6zM,38348,705,0,83
2025-11-27 16:20:50,eWetBwa4vVI,35871,2459,0,140
2025-11-27 16:20:50,SnCG-_lf74w,894405,22759,0,1074
2025-11-27 16:20:50,s5dFrPwvbHY,212259,31526,0,1485
2025-11-27 16:20:50,LUQ28DBF7EU,164133,3914,0,320
2025-11-27 16:20:50,599nhYHHvQo,,836,0,0
2025-11-27 16:20:50,IW14wQJKSC4,104497,4132,0,149
2025-11-27 16:20:50,U7wDhVWgd5w,52081,1097,0,7
2025-11-27 16:20:50,dx4XsqUGm10,205173,18339,0,1359
2025-11-27 16:20:50,cVL4bRjA6X0,426009,37335,0,1342
2025-11-27 16:20:50,kCnD_dMyJ3M,90810,2689,0,0
2025-11-27 16:20:50,iKVcCmyqoik,112490,5909,0,223
2025-11-27 16:20:50,MarWse2JmWU,288267,3292,0,25
2025-11-27 16:20:50,kux5GmbZhVg,19534,988,0,20
2025-11-27 16:20:50,GxXpkps21Kc,304589,13062,0,230
2025-11-27 16:20:50,qFdZAyr_xmw,197295,5011,0,678
2025-11-27 16:20:50,Pzqzy2ZIcLI,171300,9459,0,48
2025-11-27 16:20:50,miySB69T1xw,466310,12949,0,480
2025-11-27 16:20:50,m0HhR1k9JEw,87649,196,0,5
2025-11-27 16:20:50,8j4RM-bBYvA,27245,1269,0,467
2025-11-27 16:20:50,xuL1CDdhsOg,211331,2075,0,1
2025-11-27 16:20:50,VWg0218G38c,114385,1335,0,232
2025-11-27 16:20:50,PJyQaQosJpk,76049,846,0,15
2025-11-27 16:20:50,Am2ElEWNvTY,62056,3567,0,195
2025-11-27 16:20:50,KC0-vIj7piY,235873,18831,0,254
2025-11-27 16:20:50,6ixvIIIxwlk,104559,1062,0,0
2025-11-27 16:20:50,j-8vLi2sMg0,73539,6836,0,86
2025-11-27 16:20:50,VhzqSrscVP8,151857,6071,0,416
2025-11-27 16:20:50,VXsWwTTgt78,257283,11896,0,73
2025-11-27 16:20:50,4l9Ni3tjbwM,1066069,12119,0,125
2025-11-27 16:20:50,bZ2eyQcJ49o,168045,2708,0,381
2025-11-27 16:20:50,hn17tmdaAzQ,700020,6515,0,107
2025-11-27 16:20:50,WsLcF1ojgFU,47276,2958,0,418
2025-11-27 16:20:50,MRYXsF2lblY,215312,18901,0,1044
2025-11-27 16:20:50,SWdjfMIkQCg,160327,2214,0,164
2025-11-27 16:20:50,UfVkyXaTGcs,208001,5256,0,106
2025-11-27 16:20:50,24VDsNgWNfw,81235,428,0,1
2025-11-27 16:20:50,1wRkbauiGU8,100543,2483,0,150
2025-11-27 16:20:50,qEGsMTo-adg,24426,1847,0,228
2025-11-27 16:20:50,DyINvuS9P34,185041,2541,0,50
2025-11-27 16:20:50,pzLTGAwn0a4,43561,6384,0,460
2025-11-27 16:20:50,BFaHdJVDmXY,69775,4192,0,182
2025-11-27 16:20:50,rOZV4RZrA3A,204651,2090,0,8
2025-11-27 16:20:50,G_3xr5desOo,109207,3225,0,123
2025-11-27 16:20:50,llAI08UYyAw,3072038,357164,0,10865
2025-11-27 16:20:50,DG4ax7ec64o,683915,8195,0,339
2025-11-27 16:20:50,Em805jfRVXs,275122,5014,0,588
2025-11-27 16:20:50,x_RYZsOfpKY,12708101,300973,0,17965
2025-11-27 16:20:50,oslNxV_8Q2c,241613,10524,0,118
2025-11-27 16:20:50,Bj6tJxDPzoY,230880,10563,0,299
2025-11-27 16:20:50,tGwT5DAU6-s,46667,936,0,12
2025-11-27 16:20:50,wUGh03rLZbY,124470,3809,0,258
2025-11-27 16:20:50,z-aco1hi0Iw,155935,1737,0,260
2025-11-27 16:20:50,HQdJ8dMeCHM,120431,715,0,1537
2025-11-27 16:20:50,yRhin7unPeI,179466,5240,0,466
2025-11-27 16:20:50,JkKNqaEl9Aw,360386,20854,0,1869
2025-11-27 16:20:50,xZFWSWcQ3As,111432,1242,0,79
2025-11-27 16:20:50,9XNqe5r8xHI,436514,6082,0,27
2025-11-27 16:20:50,0-74AHbFWic,157732,11821,0,623
2025-11-28 04:15:50,7SoVjT-0Rhw,34263,1867,0,270
2025-11-28 04:15:50,fiSsGbfus6I,356348,2283,0,1296
2025-11-28 04:15:50,G36amiUCkXU,522100,29495,0,5799
2025-11-28 04:15:50,WGyadbTx8bs,400969,13512,0,1071
2025-11-28 04:15:50,qJvjFBhQ6vQ,196013,2369,0,73
2025-11-28 04:15:50,dCmNVtLsYzA,207052,9996,0,562
2025-11-28 04:15:50,3rGi2kiSzkA,58666,2839,0,116
2025-11-28 04:15:50,l57EJ_eLsIc,190694,1626,0,623
2025-11-28 04:15:50,dIPZHyTBFz0,203893,2192,0,271
2025-11-28 04:15:50,KSha-fc5EhA,93142,520,0,0
2025-11-28 04:15:50,Kc7TkgWiWrc,41471,1190,0,43
2025-11-28 04:15:50,taSKSaq5qh8,253238,4117,0,38
2025-11-28 04:15:50,zupf7Kwx6v4,147507,2829,0,177
2025-11-28 04:15:50,s5dFrPwvbHY,232597,32493,0,1488
2025-11-28 04:15:50,eLCjlEYBN3U,475090,16602,0,1140
2025-11-28 04:15:50,4-6IONBWRMQ,110816,1735,0,33
2025-11-28 04:15:50,-3TOkp_6gRQ,492889,9296,0,90
2025-11-28 04:15:50,kux5GmbZhVg,25688,1097,0,21
2025-11-28 04:15:50,hQwjPcq63JM,42174,751,0,9
2025-11-28 04:15:50,ZOEZ_cRIkhY,169463,18270,0,1272
2025-11-28 04:15:50,_6xcFXlJcX8,113962,1251,0,36
2025-11-28 04:15:50,tLBq_jH5FDI,137001,1929,0,186
2025-11-28 04:15:50,HQdJ8dMeCHM,121972,719,0,1544
2025-11-28 04:15:50,0-74AHbFWic,164144,11931,0,625
2025-11-28 04:15:50,n7pO7F_kP0k,149661,17809,0,611
2025-11-28 04:15:50,5UBc2gXGwKc,23360,300,0,9
2025-11-28 04:15:50,JUYQapYmw74,120908,1398,0,3
2025-11-28 04:15:50,vIUORnIS_ug,350204,14097,0,1067
2025-11-28 04:15:50,SnCG-_lf74w,1034343,24421,0,1148
2025-11-28 04:15:50,4oml768wFnk,50017,3281,0,163
2025-11-28 04:15:50,snH3HQSF7Ew,248484,4006,0,700
2025-11-28 04:15:50,MarWse2JmWU,288581,3293,0,25
2025-11-28 04:15:50,OfuHlytx3rQ,15781,218,0,9
2025-11-28 04:15:50,7rd5CtM7oiY,126905,502,0,1
2025-11-28 04:15:50,XtTT5XdZVpw,121630,4696,0,217
2025-11-28 04:15:50,qFdZAyr_xmw,212664,5237,0,698
2025-11-28 04:15:50,w32-xwPxDFk,24762,1358,0,60
2025-11-28 04:15:50,BNWYJZp2CbQ,48899,453,0,22
2025-11-28 04:15:50,tPMkWfK6N-E,118409,10319,0,520
2025-11-28 04:15:50,b29J1g4yWcs,103974,3080,0,260
2025-11-28 04:15:50,QebVV6D641k,236542,1235,0,776
2025-11-28 04:15:50,uQc-pW3QLuI,7152143,127400,0,5204
2025-11-28 04:15:50,u6nhdi1pJWI,15461,1325,0,63
2025-11-28 04:15:50,llAI08UYyAw,3343521,370060,0,11092
2025-11-28 04:15:50,6yMFwpzbQCY,446145,4332,0,262
2025-11-28 04:15:50,b1OwvLh8HnU,27198,425,0,8
2025-11-28 04:15:50,wEKNPc0cm9Y,19539,678,0,
2025-11-28 04:15:50,TAL-HXKac80,3675364,78875,0,2678
2025-11-28 04:15:50,SMAnw64aTXc,145742,2622,0,1153
2025-11-28 04:15:50,cVL4bRjA6X0,451228,37924,0,1348
2025-11-28 04:15:50,8B2XU-fUS58,299080,3731,0,567
2025-11-28 04:15:50,SzFd7Tmq7pU,184624,9820,0,54
2025-11-28 04:15:50,ITQYMtkP23E,290651,1369,0,0
2025-11-28 04:15:50,4l9Ni3tjbwM,1068950,12141,0,125
2025-11-28 04:15:50,CvGT2o7-_ZA,81003,1541,0,12
2025-11-28 04:15:50,KC0-vIj7piY,245778,19291,0,290
2025-11-28 04:15:50,NUSpibeVoO0,35420,1078,0,101
2025-11-28 04:15:50,4Xt_hR0KNvY,183444,13316,0,2489
2025-11-28 04:15:50,6-9ej0ztMUA,108805,771,0,61
2025-11-28 04:15:50,G_3xr5desOo,125651,3479,0,135
2025-11-28 04:15:50,AfKzB2lXo7I,26656,1005,0,55
2025-11-28 04:15:50,jvrrjeAYtzs,76267,229,0,0
2025-11-28 04:15:50,e0okJjgNTl0,293261,2708,0,7
2025-11-28 04:15:50,dqMImJF-rgA,144061,4091,0,341
2025-11-28 04:15:50,uGM14iCUu0w,109551,1027,0,475
2025-11-28 04:15:50,PwaldW6SXwE,29603,2634,0,240
2025-11-28 04:15:50,vQ_NFqtGDgo,199193,29535,0,1064
2025-11-28 04:15:50,04-csl0RRJc,56761,1056,0,269
2025-11-28 04:15:50,rOZV4RZrA3A,205264,2083,0,9
2025-11-28 04:15:50,8j4RM-bBYvA,33578,1289,0,479
2025-11-28 04:15:50,gYEhRoknpZQ,110396,951,0,163
2025-11-28 04:15:50,oLY17RG3OMI,302732,5255,0,288
2025-11-28 04:15:50,fiG_T-0zFT8,573436,31418,0,1450
2025-11-28 04:15:50,WsLcF1ojgFU,50856,3020,0,430
2025-11-28 04:15:50,tGwT5DAU6-s,85801,1483,0,24
2025-11-28 04:15:50,b9z3Iaz5Zrc,161274,7350,0,335
2025-11-28 04:15:50,24VDsNgWNfw,81536,429,0,1
2025-11-28 04:15:50,kuetvJE_C_U,151095,3980,0,66
2025-11-28 04:15:50,Caa-UHhl8Gw,97571,2768,0,207
2025-11-28 04:15:50,h09ng9lTOEM,168274,1509,0,8
2025-11-28 04:15:50,8gAg9uDn2Oo,437918,14231,0,511
2025-11-28 04:15:50,UfVkyXaTGcs,214593,5346,0,105
2025-11-28 04:15:50,yxXNIzrfPNQ,119375,6280,0,838
2025-11-28 04:15:50,F3C87lOmZBM,207964,17553,0,1688
2025-11-28 04:15:50,j6TnwWfuf-I,104064,2191,0,116
2025-11-28 04:15:50,XILnJKGc0yo,268785,20880,0,3752
2025-11-28 04:15:50,hcJEQXJIALo,124422,4071,0,587
2025-11-28 04:15:50,I52yC34Ji2k,361987,47899,0,1770
2025-11-28 04:15:50,L6tkKvVCs0Y,498031,13689,0,591
2025-11-28 04:15:50,dhzVHS8C_nc,82104,479,0,2
2025-11-28 04:15:50,kSmHmdAnDYc,265016,7242,0,870
2025-11-28 04:15:50,jRgzfKDTI7g,489919,11965,0,351
2025-11-28 04:15:50,Bj6tJxDPzoY,276296,11750,0,321
2025-11-28 04:15:50,LUQ28DBF7EU,165363,3926,0,319
2025-11-28 04:15:50,HP8qpxRpIW8,1038523,37491,0,1026
2025-11-28 04:15:50,nbzmTUB-FCs,23921,1340,0,194
2025-11-28 04:15:50,CZP11p3DklQ,124231,3767,0,150
2025-11-28 04:15:50,LcpCd9VXGjE,334434,1564,0,0
2025-11-28 04:15:50,G7eh40XgTiw,93351,1228,0,175
2025-11-28 04:15:50,-DkSyDEQloM,93154,,0,6
2025-11-28 04:15:50,VhzqSrscVP8,155513,6122,0,421
2025-11-28 04:15:50,nzbbL07maKA,151072,7250,0,277
2025-11-28 04:15:50,ex7ieF2B09A,268434,4132,0,202
2025-11-28 04:15:50,vQpF9mIiYFU,23975,345,0,22
2025-11-28 04:15:50,yRhin7unPeI,184780,5361,0,467
2025-11-28 04:15:50,VXsWwTTgt78,258644,11916,0,72
2025-11-28 04:15:50,hXKJ0gHYQ6E,48884,266,0,21
2025-11-28 04:15:50,x15pDRtzYno,149248,1725,0,198
2025-11-28 04:15:50,qEGsMTo-adg,26601,1902,0,237
2025-11-28 04:15:50,cl-BT6bDxEI,125059,3414,0,195
2025-11-28 04:15:50,TVqEwvbZP30,11686961,113068,0,11814
2025-11-28 04:15:50,bZ2eyQcJ49o,189635,2887,0,392
2025-11-28 04:15:50,xx3ZTvOhNoM,227931,8087,0,89
2025-11-28 04:15:50,81QYAxvO3Ik,213137,19792,0,1242
2025-11-28 04:15:50,-dfR8iYqwK4,202517,3486,0,493
2025-11-28 04:15:50,hn17tmdaAzQ,705919,6538,0,110
2025-11-28 04:15:50,PJyQaQosJpk,76478,848,0,15
2025-11-28 04:15:50,Zvh5BE2Guik,256043,10790,0,196
2025-11-28 04:15:50,F2B4VITJfb0,127297,2461,0,510
2025-11-28 04:15:50,fCDvm0Y3qkw,307605,15675,0,199
2025-11-28 04:15:50,MRYXsF2lblY,230236,19278,0,1058
2025-11-28 04:15:50,_Vs1T6KpK5g,74946,1156,0,9
2025-11-28 04:15:50,Nxq6nJJVx5A,220524,7795,0,265
2025-11-28 04:15:50,5-o_tvuKSfM,81895,4687,0,172
2025-11-28 04:15:50,7bqePXphj2g,280846,18690,0,1606
2025-11-28 04:15:50,ANU0lVGfWyo,526278,35744,0,2426
2025-11-28 04:15:50,D8gbtByJSI8,77258,369,0,2
2025-11-28 04:15:50,Iz7mRKij2ao,12973,708,0,27
2025-11-28 04:15:50,qUgLxkENl6c,137174,7899,0,365
2025-11-28 04:15:50,2c_b4Q2LIeA,56099,629,0,149
2025-11-28 04:15:50,iBD9LX2ZdDQ,81739,188,0,0
2025-11-28 04:15:50,DG4ax7ec64o,734803,8840,0,359
2025-11-28 04:15:50,BM13CSsDrV8,16946,549,0,0
2025-11-28 04:15:50,YMxjZF3gtoM,311625,14291,0,816
2025-11-28 04:15:50,vMg1KAFAKiY,1086313,176541,0,9394
2025-11-28 04:15:50,5ftlnz91DaM,173683,10177,0,493
2025-11-28 04:15:50,tk9FDjJd6zM,41107,725,0,94
2025-11-28 04:15:50,STXcQAmoLPU,133863,1365,0,1
2025-11-28 04:15:50,tdYPGxusaYs,42519,2876,0,156
2025-11-28 04:15:50,dmBAMwBBxoM,178471,4944,0,394
2025-11-28 04:15:50,miySB69T1xw,509732,13503,0,487
2025-11-28 04:15:50,a72dN8ZWPWg,156455,3458,0,1820
2025-11-28 04:15:50,iKVcCmyqoik,128094,6077,0,230
2025-11-28 04:15:50,ZXrcsNlbtgs,105029,912,0,0
2025-11-28 04:15:50,WVVv8Uyok_U,160965,5691,0,833
2025-11-28 04:15:50,U7wDhVWgd5w,52107,1097,0,7
2025-11-28 04:15:50,xZFWSWcQ3As,113786,1250,0,80
2025-11-28 04:15:50,dx4XsqUGm10,227042,18796,0,1383
2025-11-28 04:15:50,IW14wQJKSC4,110794,4199,0,150
2025-11-28 04:15:50,xjUPVppl1DI,691852,11467,0,487
2025-11-28 04:15:50,YH_PW-Y7LF0,54510,1808,0,97
2025-11-28 04:15:50,kCnD_dMyJ3M,99116,2750,0,0
2025-11-28 04:15:50,I9U5JRfZ4bA,36033,991,0,154
2025-11-28 04:15:50,eWetBwa4vVI,39046,2576,0,150
2025-11-28 04:15:50,Z3CtHc6TEj8,121921,1042,0,571
2025-11-28 04:15:50,6oS55kztPlE,25944,1183,0,33
2025-11-28 04:15:50,QRTGKxrKBPM,550089,41383,0,1028
2025-11-28 04:15:50,IW_KV5nqWRI,42511,226,0,11
2025-11-28 04:15:50,6ixvIIIxwlk,104614,1061,0,0
2025-11-28 04:15:50,GVeRDFqNT40,25252,292,0,11
2025-11-28 04:15:50,6kWw9Nn4dIY,141949,6353,0,371
2025-11-28 04:15:50,6hIKI8RZ1ys,419625,6918,0,18
2025-11-28 04:15:50,55xYiuSAp5c,306604,4607,0,20
2025-11-28 04:15:50,JrI4_jUZe98,456323,72916,0,2218
2025-11-28 04:15:50,lUHLwBOY04I,180021,17379,0,349
2025-11-28 04:15:50,NED7nev2ywQ,40458578,1361465,0,133538
2025-11-28 04:15:50,W3eUZa56o0s,231532,3954,0,1528
2025-11-28 04:15:50,BiiDN0zgJ2Q,96155,732,0,0
2025-11-28 04:15:50,UiHPfikroWg,71691,895,0,303
2025-11-28 04:15:50,v55qDr_jJFA,35295,2025,0,130
2025-11-28 04:15:50,BFaHdJVDmXY,73352,4282,0,188
2025-11-28 04:15:50,3-caLm2c1XI,163374,4534,0,538
2025-11-28 04:15:50,StcmgD_0aRI,218808,12748,0,2784
2025-11-28 04:15:50,DOmdfYIPBXE,348546,3158,0,88
2025-11-28 04:15:50,PtSwg--FueA,163943,1354,0,378
2025-11-28 04:15:50,Em805jfRVXs,312776,5385,0,615
2025-11-28 04:15:50,4_l1VyTNzrs,105729,2424,0,1457
2025-11-28 04:15:50,9XNqe5r8xHI,438985,6110,0,28
2025-11-28 04:15:50,G_oNwC_PjfU,117793,3308,0,372
2025-11-28 04:15:50,y7XtQu1z9hw,84040,932,0,148
2025-11-28 04:15:50,Pzqzy2ZIcLI,171807,9482,0,49
2025-11-28 04:15:50,xcqjxAXsbHU,623810,27987,0,1203
2025-11-28 04:15:50,OWpLhNyqeqg,90419,4939,0,430
2025-11-28 04:15:50,ygIwtR2txaw,302715,11228,0,261
2025-11-28 04:15:50,DyINvuS9P34,249119,3005,0,53
2025-11-28 04:15:50,zLfnSXg0jKg,122523,3195,0,137
2025-11-28 04:15:50,x_RYZsOfpKY,13537532,310286,0,18279
2025-11-28 04:15:50,ckKFtSlZ5Lw,125134,1512,0,344
2025-11-28 04:15:50,Yy2ZovGi-Uk,353243,9407,0,145
2025-11-28 04:15:50,Gln8wDtITJ4,47190,2987,0,233
2025-11-28 04:15:50,GJMOK14mB2c,115186,2782,0,143
2025-11-28 04:15:50,u66QoyjtANg,141365,1094,0,0
2025-11-28 04:15:50,Am2ElEWNvTY,101114,4582,0,240
2025-11-28 04:15:50,NIGA89HGTBU,3700985,29471,0,1075
2025-11-28 04:15:50,koeM_jz4CdM,401805,15082,0,1488
2025-11-28 04:15:50,6mP-mEHEQcw,283201,11116,0,1425
2025-11-28 04:15:50,ScutqxM3z_s,226126,8874,0,501
2025-11-28 04:15:50,BDxXPvOdz50,162495,2463,0,644
2025-11-28 04:15:50,j-4AHlLg9XA,,104,0,0
2025-11-28 04:15:50,pzLTGAwn0a4,54590,7180,0,486
2025-11-28 04:15:50,dolefeooLzc,415836,6154,0,387
2025-11-28 04:15:50,ST05E_5kn2E,270047,5031,0,336
2025-11-28 04:15:50,P0OLVEm0pfM,66106,194,0,0
2025-11-28 04:15:50,BsyEN86cR0U,243529,7415,0,77
2025-11-28 04:15:50,JkKNqaEl9Aw,606769,22076,0,1947
2025-11-28 04:15:50,w0ZQp2CmHHw,194819,2904,0,256
2025-11-28 04:15:50,OWGd9sHxpvs,127947,3402,0,98
2025-11-28 04:15:50,oYKdO-eEHg4,66514,1278,0,233
2025-11-28 04:15:50,VWg0218G38c,137448,1612,0,281
2025-11-28 04:15:50,eHmQ_b0LkUA,479117,96370,0,3292
2025-11-28 04:15:50,OeMmb--HE6k,203760,5041,0,73
2025-11-28 04:15:50,m0HhR1k9JEw,87611,196,0,5
2025-11-28 04:15:50,Gth1zEFH2TM,107771,2173,0,52
2025-11-28 04:15:50,qRUIGsTq-kU,28282,2606,0,238
2025-11-28 04:15:50,oWv2PwrJkTM,228393,11528,0,119
2025-11-28 04:15:50,9SaAfQ6eACQ,79443,1090,0,211
2025-11-28 04:15:50,cBPtIHuFa_o,103708,3901,0,384
2025-11-28 04:15:50,A3Ki9cI9T9w,110549,2396,0,609
2025-11-28 04:15:50,5oKKmCT-_4s,22859,1855,0,156
2025-11-28 04:15:50,OoLflKFs7YY,130008,3216,0,316
2025-11-28 04:15:50,oVwGURkvEq4,146686,1774,0,661
2025-11-28 04:15:50,OEcTbxi57lE,25573,4554,0,152
2025-11-28 04:15:50,IftQ9zQ06-0,1263152,2147,0,296
2025-11-28 04:15:50,UF4n5zmzx9A,236361,5450,0,273
2025-11-28 04:15:50,1wRkbauiGU8,106567,2550,0,151
2025-11-28 04:15:50,XZ1FhU9XeEc,150594,2024,0,249
2025-11-28 04:15:50,599nhYHHvQo,,835,0,0
2025-11-28 04:15:50,IZ9kqxCDvAs,878452,32694,0,2109
2025-11-28 04:15:50,BT4XRgmCjjQ,217465,,0,35
2025-11-28 04:15:50,JoqhTXkGVVk,30651,1197,0,267
2025-11-28 04:15:50,GxXpkps21Kc,305508,13087,0,232
2025-11-28 04:15:50,S0UEqkus7FA,327824,12642,0,265
2025-11-28 04:15:50,2j2jXv6Juxc,254654,2935,0,108
2025-11-28 04:15:50,_o05ucPBD7g,97674,1604,0,86
2025-11-28 04:15:50,Rc8f268ueOE,241153,1944,0,436
2025-11-28 04:15:50,k1yXf4L5bnc,117350,2821,0,153
2025-11-28 04:15:50,tmVYOETfA10,71549,3897,0,92
2025-11-28 04:15:50,0GICIe0Tgf8,21523,1120,0,32
2025-11-28 04:15:50,IrxoY7JdJY0,152079,,0,52
2025-11-28 04:15:50,j-8vLi2sMg0,83475,7330,0,85
2025-11-28 04:15:50,CXcBo03He2A,46301,4812,0,230
2025-11-28 04:15:50,5m86CgLR0Fg,101163,6251,0,231
2025-11-28 04:15:50,z-aco1hi0Iw,162201,1761,0,260
2025-11-28 04:15:50,jWFQ3A1Dtdg,360810,13393,0,1355
2025-11-28 04:15:50,7gDl4S3wB14,514789,8519,0,830
2025-11-28 04:15:50,R-ZKjAqlquA,125490,615,0,27
2025-11-28 04:15:50,qIXl45sU0wk,124289,2838,0,27
2025-11-28 04:15:50,vpXtzSpyV_8,4679802,22614,0,1113
2025-11-28 04:15:50,HIE0fSPuvLY,167550,811,0,20
2025-11-28 04:15:50,6L7xTio0QyY,116161,5240,0,505
2025-11-28 04:15:50,Aj8AmqTQkAs,102859,1204,0,60
2025-11-28 04:15:50,ES9oYbzYCh8,700081,69251,0,2074
2025-11-28 04:15:50,FuGOa47BBqg,47926,1255,0,15
2025-11-28 04:15:50,nDeKfR5iBxY,908290,41788,0,1480
2025-11-28 04:15:50,uOZRP1-dvhA,236881,2401,0,174
2025-11-28 04:15:50,SdVBuVm_Sw8,,698,0,0
2025-11-28 04:15:50,tXJJhKobuas,220856,2943,0,159
2025-11-28 04:15:50,Lj1Qi3-zQgg,40286,5457,0,162
2025-11-28 04:15:50,sgi_eji-ysM,274694,5453,0,67
2025-11-28 04:15:50,9jrVtT2nPgQ,47546,5128,0,107
2025-11-28 04:15:50,LxMaia85m5Y,215604,3986,0,174
2025-11-28 04:15:50,wUGh03rLZbY,127837,3852,0,258
2025-11-28 04:15:50,ZjN51G8c5-k,61227,742,0,27
2025-11-28 04:15:50,aHKMl9HVqZQ,146887,4433,0,341
2025-11-28 04:15:50,f8aS4qwuO7k,147873,8609,0,73
2025-11-28 04:15:50,NkHjY_EaCgY,124950,1826,0,108
2025-11-28 04:15:50,o3PX7EjBjvg,128918,4122,0,411
2025-11-28 04:15:50,SWdjfMIkQCg,164874,2234,0,164
2025-11-28 04:15:50,NDommbpC80U,204756,2307,0,264
2025-11-28 04:15:50,QJpTBz916MI,1121195,108946,0,2927
2025-11-28 04:15:50,IcWvUlwcKAI,10253,1950,0,151
2025-11-28 04:15:50,CO0MSU3fqAQ,20765,2494,0,140
2025-11-28 04:15:50,sEe1U-vDP5k,100198,3180,0,253
2025-11-28 04:15:50,E7so8IVX1qQ,87728,135,0,6
2025-11-28 04:15:50,5eHGs7lX09s,166127,1545,0,1207
2025-11-28 04:15:50,FFXSoSl_lGg,130423,5161,0,177
2025-11-28 04:15:50,oslNxV_8Q2c,242452,10539,0,118
2025-11-28 04:15:50,2NKK6Mg27XI,262525,15674,0,492
2025-11-28 04:15:50,xuL1CDdhsOg,211052,2075,0,1
2025-11-28 04:15:50,T8w3L1rS3o4,97784,5324,0,128
2025-11-28 04:15:50,mdI6LWIe8Og,9887,775,0,55
2025-11-28 04:15:50,KDC-EOsNzAg,177723,24232,0,612
2025-11-28 04:15:50,DSPV0RT3BJI,84158,,0,
2025-11-28 04:15:50,ayjRv2g2UqY,967085,20588,0,815
2025-11-28 04:15:50,ineS6XL0vc8,118618,2682,0,96
2025-11-28 04:15:50,WT1LFvt07Gw,98642,1932,0,57
2025-11-28 04:15:50,C3jcxlsPYLE,214177,10065,0,86
2025-11-28 04:15:50,KO6gxf8vXJQ,229069,527,0,1
2025-11-28 04:15:50,AmQXv7Pyqvw,72605,940,0,10
2025-11-28 04:15:50,gSXQd_5ht0E,1459693,24129,0,1056
2025-11-28 04:15:50,4Ddbjkyy2C0,119675,836,0,0
2025-11-28 04:15:50,UFozBQrnmII,800782,25463,0,426
2025-11-28 04:15:50,2HwsSTLuA8A,145294,4161,0,458
2025-11-28 04:15:50,S3Q33-4q1xo,115068,1327,0,79
2025-11-26 05:42:09,MRYXsF2lblY,175328,17496,0,959
2025-11-26 05:42:09,PJyQaQosJpk,73509,842,0,12
2025-11-26 05:42:09,gSXQd_5ht0E,521762,21940,0,1022
2025-11-26 05:42:09,XILnJKGc0yo,127296,16740,0,2981
2025-11-26 05:42:09,ITQYMtkP23E,289470,1385,0,0
2025-11-26 05:42:09,NkHjY_EaCgY,65821,1232,0,89
2025-11-26 05:42:09,x_RYZsOfpKY,10481543,259961,0,16536
2025-11-26 05:42:09,dx4XsqUGm10,154606,17077,0,1286
2025-11-26 05:42:09,GxXpkps21Kc,300708,12972,0,227
2025-11-26 05:42:09,zupf7Kwx6v4,138099,2735,0,174
2025-11-26 05:42:09,DSPV0RT3BJI,65659,,0,
2025-11-26 05:42:09,P0OLVEm0pfM,65620,193,0,0
2025-11-26 05:42:09,S3Q33-4q1xo,103089,1223,0,79
2025-11-26 05:42:09,jWFQ3A1Dtdg,142166,8346,0,926
2025-11-26 05:42:09,LxMaia85m5Y,153081,3375,0,153
2025-11-26 05:42:09,uQc-pW3QLuI,6849914,124106,0,5150
2025-11-26 05:42:09,IZ9kqxCDvAs,668778,28958,0,1924
2025-11-26 05:42:09,QebVV6D641k,222689,1166,0,755
2025-11-26 05:42:09,Aj8AmqTQkAs,90504,1104,0,58
2025-11-26 05:42:09,0-74AHbFWic,142776,11458,0,623
2025-11-26 05:42:09,s5dFrPwvbHY,160874,27757,0,1426
2025-11-26 05:42:09,dhzVHS8C_nc,82155,480,0,0
2025-11-26 05:42:09,XtTT5XdZVpw,107424,4420,0,213
2025-11-26 05:42:09,b9z3Iaz5Zrc,19831,2229,0,191
2025-11-26 05:42:09,Yy2ZovGi-Uk,347068,9326,0,139
2025-11-26 05:42:09,NED7nev2ywQ,37086372,1317014,0,127522
2025-11-26 05:42:09,6L7xTio0QyY,74205,4988,0,484
2025-11-26 05:42:09,BNWYJZp2CbQ,46563,431,0,21
2025-11-26 05:42:09,e0okJjgNTl0,290711,2706,0,5
2025-11-26 05:42:09,NIGA89HGTBU,60660,15096,0,782
2025-11-26 05:42:09,SWdjfMIkQCg,145315,2103,0,154
2025-11-26 05:42:09,ex7ieF2B09A,194803,3201,0,173
2025-11-26 05:42:09,QRTGKxrKBPM,423945,37989,0,985
2025-11-26 05:42:09,G_3xr5desOo,70174,2506,0,100
2025-11-26 05:42:09,TVqEwvbZP30,2459474,95926,0,8401
2025-11-26 05:42:09,dCmNVtLsYzA,181954,9228,0,531
2025-11-26 05:42:09,TAL-HXKac80,3036417,72731,0,2413
2025-11-26 05:42:09,kuetvJE_C_U,150648,3964,0,66
2025-11-26 05:42:09,G7eh40XgTiw,64238,1023,0,140
2025-11-26 05:42:09,3rGi2kiSzkA,36287,2185,0,104
2025-11-26 05:42:09,f8aS4qwuO7k,143561,8492,0,70
2025-11-26 05:42:09,dolefeooLzc,329776,5383,0,345
2025-11-26 05:42:09,wUGh03rLZbY,115020,3645,0,256
2025-11-26 05:42:09,h09ng9lTOEM,168195,1510,0,8
2025-11-26 05:42:09,9XNqe5r8xHI,427982,6004,0,26
2025-11-26 05:42:09,04-csl0RRJc,53626,1031,0,258
2025-11-26 05:42:09,2NKK6Mg27XI,174650,12745,0,436
2025-11-26 05:42:09,W3eUZa56o0s,211096,3746,0,1459
2025-11-26 05:42:09,tXJJhKobuas,136714,2030,0,134
2025-11-26 05:42:09,4Ddbjkyy2C0,119530,839,0,0
2025-11-26 05:42:09,Pzqzy2ZIcLI,169019,9368,0,46
2025-11-26 05:42:09,nbzmTUB-FCs,17346,1251,0,191
2025-11-26 05:42:09,qJvjFBhQ6vQ,161985,2109,0,61
2025-11-26 05:42:09,YMxjZF3gtoM,254583,12843,0,749
2025-11-26 05:42:09,qEGsMTo-adg,17152,1598,0,191
2025-11-26 05:42:09,x15pDRtzYno,110723,1457,0,184
2025-11-26 05:42:09,I9U5JRfZ4bA,30234,895,0,148
2025-11-26 05:42:09,U7wDhVWgd5w,51724,1094,0,6
2025-11-26 05:42:09,kCnD_dMyJ3M,67613,2474,0,0
2025-11-26 05:42:09,cBPtIHuFa_o,66051,2860,0,338
2025-11-26 05:42:09,sgi_eji-ysM,268586,5390,0,66
2025-11-26 05:42:09,iKVcCmyqoik,73950,5155,0,199
2025-11-26 05:42:09,yRhin7unPeI,161647,4853,0,454
2025-11-26 05:42:09,oVwGURkvEq4,139454,1739,0,652
2025-11-26 05:42:09,IcWvUlwcKAI,8774,1813,0,142
2025-11-26 05:42:09,KSha-fc5EhA,93030,521,0,0
2025-11-26 05:42:09,vIUORnIS_ug,147749,9691,0,813
2025-11-26 05:42:09,6ixvIIIxwlk,103133,1068,0,0
2025-11-26 05:42:09,7SoVjT-0Rhw,24107,1687,0,242
2025-11-26 05:42:09,DG4ax7ec64o,597688,7059,0,311
2025-11-26 05:42:09,qIXl45sU0wk,117523,2766,0,24
2025-11-26 05:42:09,IW_KV5nqWRI,41093,221,0,6
2025-11-26 05:42:09,UFozBQrnmII,777635,25130,0,416
2025-11-26 05:42:09,24VDsNgWNfw,80328,425,0,1
2025-11-26 05:42:09,5ftlnz91DaM,143249,9230,0,468
2025-11-26 05:42:09,IW14wQJKSC4,91268,3941,0,146
2025-11-26 05:42:09,oslNxV_8Q2c,246486,10453,0,117
2025-11-26 05:42:09,8j4RM-bBYvA,17014,1190,0,397
2025-11-26 05:42:09,BDxXPvOdz50,144634,2311,0,614
2025-11-26 05:42:09,XZ1FhU9XeEc,117697,1665,0,228
2025-11-26 05:42:09,taSKSaq5qh8,247395,4083,0,37
2025-11-26 05:42:09,uOZRP1-dvhA,209348,2118,0,165
2025-11-26 05:42:09,jRgzfKDTI7g,445500,11216,0,340
2025-11-26 05:42:09,k1yXf4L5bnc,107818,2642,0,150
2025-11-26 05:42:09,eHmQ_b0LkUA,297490,76668,0,3083
2025-11-26 05:42:09,hn17tmdaAzQ,645702,6185,0,56
2025-11-26 05:42:09,ayjRv2g2UqY,605045,19338,0,793
2025-11-26 05:42:09,j-8vLi2sMg0,31167,4374,0,69
2025-11-26 05:42:09,gYEhRoknpZQ,101852,917,0,168
2025-11-26 05:42:09,ygIwtR2txaw,255402,10066,0,246
2025-11-26 05:42:09,aHKMl9HVqZQ,101135,3432,0,308
2025-11-26 05:42:09,UfVkyXaTGcs,182731,4847,0,101
2025-11-26 05:42:09,zLfnSXg0jKg,105941,2901,0,130
2025-11-26 05:42:09,hXKJ0gHYQ6E,48558,265,0,19
2025-11-26 05:42:09,HIE0fSPuvLY,167502,810,0,20
2025-11-26 05:42:09,9SaAfQ6eACQ,56783,875,0,201
2025-11-26 05:42:09,xuL1CDdhsOg,211183,2080,0,1
2025-11-26 05:42:09,WGyadbTx8bs,256604,10088,0,915
2025-11-26 05:42:09,j-4AHlLg9XA,,104,0,0
2025-11-26 05:42:09,xZFWSWcQ3As,103448,1174,0,77
2025-11-26 05:42:09,vMg1KAFAKiY,941769,162976,0,8746
2025-11-26 05:42:09,6mP-mEHEQcw,195030,9215,0,1278
2025-11-26 05:42:09,LUQ28DBF7EU,156314,3800,0,312
2025-11-26 05:42:09,JUYQapYmw74,120407,1402,0,3
2025-11-26 05:42:09,fCDvm0Y3qkw,263682,14455,0,119
2025-11-26 05:42:09,oLY17RG3OMI,257497,4620,0,272
2025-11-26 05:42:09,ZXrcsNlbtgs,104977,912,0,0
2025-11-26 05:42:09,tk9FDjJd6zM,31319,620,0,72
2025-11-26 05:42:09,cVL4bRjA6X0,341338,34248,0,1264
2025-11-26 05:42:09,BT4XRgmCjjQ,209946,,0,33
2025-11-26 05:42:09,cl-BT6bDxEI,104572,3029,0,181
2025-11-26 05:42:09,yxXNIzrfPNQ,86880,5817,0,787
2025-11-26 05:42:09,xcqjxAXsbHU,521102,26489,0,1168
2025-11-26 05:42:09,KO6gxf8vXJQ,228864,526,0,1
2025-11-26 05:42:09,tPMkWfK6N-E,100831,9640,0,482
2025-11-26 05:42:09,_6xcFXlJcX8,103997,1142,0,35
2025-11-26 05:42:09,Zvh5BE2Guik,240975,10523,0,134
2025-11-26 05:42:09,CZP11p3DklQ,9147,819,0,64
2025-11-26 05:42:09,xjUPVppl1DI,332703,7512,0,332
2025-11-26 05:42:09,JrI4_jUZe98,138349,30878,0,1481
2025-11-26 05:42:09,ANU0lVGfWyo,333068,29933,0,2214
2025-11-26 05:42:09,PtSwg--FueA,125317,1181,0,359
2025-11-26 05:42:09,-3TOkp_6gRQ,484542,9201,0,84
2025-11-26 05:42:09,D8gbtByJSI8,76863,373,0,1
2025-11-26 05:42:09,KDC-EOsNzAg,130738,20437,0,559
2025-11-26 05:42:09,u66QoyjtANg,141104,1100,0,0
2025-11-26 05:42:09,L6tkKvVCs0Y,198775,12323,0,563
2025-11-26 05:42:09,miySB69T1xw,253982,9070,0,386
2025-11-26 05:42:09,a72dN8ZWPWg,109351,2523,0,1683
2025-11-26 05:42:09,FFXSoSl_lGg,105161,4781,0,173
2025-11-26 05:42:09,HQdJ8dMeCHM,92241,620,0,1312
2025-11-26 05:42:09,llAI08UYyAw,2203645,323692,0,10347
2025-11-26 05:42:09,PwaldW6SXwE,14402,1824,0,169
2025-11-26 05:42:09,HP8qpxRpIW8,416868,23122,0,865
2025-11-26 05:42:09,tmVYOETfA10,39668,3125,0,86
2025-11-26 05:42:09,4oml768wFnk,37358,3088,0,159
2025-11-26 05:42:09,IftQ9zQ06-0,102070,1705,0,226
2025-11-26 05:42:09,UF4n5zmzx9A,198776,4909,0,262
2025-11-26 05:42:09,SdVBuVm_Sw8,,700,0,0
2025-11-26 05:42:09,eWetBwa4vVI,18605,1603,0,107
2025-11-26 05:42:09,ST05E_5kn2E,170949,3466,0,273
2025-11-26 05:42:09,I52yC34Ji2k,33192,9728,0,611
2025-11-26 05:42:09,DOmdfYIPBXE,323048,2969,0,86
2025-11-26 05:42:09,A3Ki9cI9T9w,56760,1547,0,376
2025-11-26 05:42:09,MarWse2JmWU,287458,3296,0,24
2025-11-26 05:42:09,fiSsGbfus6I,213072,1793,0,1132
2025-11-26 05:42:09,VhzqSrscVP8,139460,5831,0,403
2025-11-26 05:42:09,lUHLwBOY04I,146473,15431,0,311
2025-11-26 05:42:09,ScutqxM3z_s,90538,5727,0,350
2025-11-26 05:42:09,fiG_T-0zFT8,464244,29629,0,1427
2025-11-26 05:42:09,dmBAMwBBxoM,66161,2777,0,297
2025-11-26 05:42:09,GJMOK14mB2c,91681,2410,0,137
2025-11-26 05:42:09,OWpLhNyqeqg,58859,4384,0,417
2025-11-26 05:42:09,koeM_jz4CdM,353292,13744,0,1422
2025-11-26 05:42:09,BsyEN86cR0U,221284,6965,0,59
2025-11-26 05:42:09,4-6IONBWRMQ,104394,1646,0,33
2025-11-26 05:42:09,AmQXv7Pyqvw,72522,937,0,10
2025-11-26 05:42:09,Gth1zEFH2TM,68225,1598,0,47
2025-11-26 05:42:09,7gDl4S3wB14,466760,8099,0,795
2025-11-26 05:42:09,2HwsSTLuA8A,140119,4080,0,455
2025-11-26 05:42:09,-dfR8iYqwK4,183768,3296,0,478
2025-11-26 05:42:09,z-aco1hi0Iw,124152,1528,0,250
2025-11-26 05:42:09,599nhYHHvQo,,840,0,0
2025-11-26 05:42:09,6hIKI8RZ1ys,419162,6930,0,18
2025-11-26 05:42:09,G36amiUCkXU,292098,24213,0,4295
2025-11-26 05:42:09,dqMImJF-rgA,112952,3663,0,320
2025-11-26 05:42:09,l57EJ_eLsIc,139376,1413,0,560
2025-11-26 05:42:09,VXsWwTTgt78,253097,11799,0,73
2025-11-26 05:42:09,4l9Ni3tjbwM,1063792,12059,0,122
2025-11-26 05:42:09,Gln8wDtITJ4,26578,1822,0,161
2025-11-26 05:42:09,4Xt_hR0KNvY,121451,10705,0,2006
2025-11-26 05:42:09,m0HhR1k9JEw,87628,198,0,4
2025-11-26 05:42:09,WsLcF1ojgFU,38164,2746,0,393
2025-11-26 05:42:09,xx3ZTvOhNoM,197928,7661,0,41
2025-11-26 05:42:09,j6TnwWfuf-I,65935,1626,0,98
2025-11-26 05:42:09,vpXtzSpyV_8,2541663,18727,0,985
2025-11-26 05:42:09,7bqePXphj2g,215434,16553,0,1455
2025-11-26 05:42:09,81QYAxvO3Ik,167009,18139,0,1154
2025-11-26 05:42:09,snH3HQSF7Ew,235126,3869,0,684
2025-11-26 05:42:09,SnCG-_lf74w,430423,15153,0,824
2025-11-26 05:42:09,6kWw9Nn4dIY,79983,4651,0,285
2025-11-26 05:42:09,nDeKfR5iBxY,770325,36373,0,1380
2025-11-26 05:42:09,QJpTBz916MI,994675,104749,0,2847
2025-11-27 12:34:42,lUHLwBOY04I,168039,16834,0,339
2025-11-27 12:34:42,I52yC34Ji2k,289126,41201,0,1570
2025-11-27 12:34:42,F2B4VITJfb0,94396,2072,0,300
2025-11-27 12:34:42,8gAg9uDn2Oo,320309,12080,0,470
2025-11-27 12:34:42,dolefeooLzc,384120,5890,0,374
2025-11-27 12:34:42,vpXtzSpyV_8,4605344,21773,0,1091
2025-11-27 12:34:42,S0UEqkus7FA,304288,12258,0,228
2025-11-27 12:34:42,9jrVtT2nPgQ,29860,4260,0,99
2025-11-27 12:34:42,HIE0fSPuvLY,167551,811,0,20
2025-11-27 12:34:42,7bqePXphj2g,261018,18180,0,1561
2025-11-27 12:34:42,WVVv8Uyok_U,101282,4605,0,756
2025-11-27 12:34:42,CvGT2o7-_ZA,80491,1536,0,12
2025-11-27 12:34:42,BM13CSsDrV8,12500,496,0,0
2025-11-27 12:34:42,04-csl0RRJc,56037,1050,0,269
2025-11-27 12:34:42,DG4ax7ec64o,676421,8063,0,333
2025-11-27 12:34:42,6hIKI8RZ1ys,419546,6925,0,18
2025-11-27 12:34:42,PtSwg--FueA,154427,1309,0,376
2025-11-27 12:34:42,ST05E_5kn2E,248194,4711,0,322
2025-11-27 12:34:42,eLCjlEYBN3U,335511,13462,0,1001
2025-11-27 12:34:42,BDxXPvOdz50,159630,2449,0,641
2025-11-27 12:34:42,BsyEN86cR0U,240157,7359,0,74
2025-11-27 12:34:42,SWdjfMIkQCg,158909,2200,0,164
2025-11-27 12:34:42,b9z3Iaz5Zrc,112069,5963,0,307
2025-11-27 12:34:42,4-6IONBWRMQ,108972,1714,0,33
2025-11-27 12:34:42,Gln8wDtITJ4,41049,2714,0,219
2025-11-27 12:34:42,h09ng9lTOEM,168530,1509,0,8
2025-11-27 12:34:42,5-o_tvuKSfM,47560,3411,0,144
2025-11-27 12:34:42,SdVBuVm_Sw8,,699,0,0
2025-11-27 12:34:42,NED7nev2ywQ,39619553,1346969,0,131525
2025-11-27 12:34:42,QRTGKxrKBPM,503703,40206,0,1013
2025-11-27 12:34:42,NDommbpC80U,123196,1610,0,196
2025-11-27 12:34:42,f8aS4qwuO7k,146745,8571,0,73
2025-11-27 12:34:42,tk9FDjJd6zM,37694,698,0,79
2025-11-27 12:34:42,IftQ9zQ06-0,136762,1989,0,275
2025-11-27 12:34:42,vQpF9mIiYFU,16668,305,0,22
2025-11-27 12:34:42,G36amiUCkXU,433847,27691,0,5209
2025-11-27 12:34:42,-dfR8iYqwK4,198866,3451,0,492
2025-11-27 12:34:42,-3TOkp_6gRQ,490839,9268,0,88
2025-11-27 12:34:42,nzbbL07maKA,125833,6619,0,270
2025-11-27 12:34:42,qFdZAyr_xmw,189973,4911,0,668
2025-11-27 12:34:42,G_3xr5desOo,107111,3194,0,121
2025-11-27 12:34:42,XILnJKGc0yo,230288,20225,0,3589
2025-11-27 12:34:42,2HwsSTLuA8A,143601,4132,0,458
2025-11-27 12:34:42,CZP11p3DklQ,97794,3342,0,139
2025-11-27 12:34:42,yRhin7unPeI,178141,5193,0,466
2025-11-27 12:34:42,xx3ZTvOhNoM,223144,8042,0,86
2025-11-27 12:34:42,hn17tmdaAzQ,698285,6503,0,107
2025-11-27 12:34:42,ayjRv2g2UqY,845371,20181,0,811
2025-11-27 12:34:42,wUGh03rLZbY,123897,3801,0,258
2025-11-27 12:34:42,dIPZHyTBFz0,189711,2098,0,259
2025-11-27 12:34:42,6ixvIIIxwlk,104546,1063,0,0
2025-11-27 12:34:42,55xYiuSAp5c,301150,4586,0,19
2025-11-27 12:34:42,eWetBwa4vVI,34976,2432,0,139
2025-11-27 12:34:42,w0ZQp2CmHHw,123905,2195,0,205
2025-11-27 12:34:42,81QYAxvO3Ik,196789,19361,0,1222
2025-11-27 12:34:42,SzFd7Tmq7pU,182773,9766,0,45
2025-11-27 12:34:42,vIUORnIS_ug,329532,13750,0,1037
2025-11-27 12:34:42,tmVYOETfA10,61143,3639,0,89
2025-11-27 12:34:42,zupf7Kwx6v4,144533,2801,0,176
2025-11-27 12:34:42,uQc-pW3QLuI,7072718,126618,0,5189
2025-11-27 12:34:42,snH3HQSF7Ew,245350,3969,0,702
2025-11-27 12:34:42,U7wDhVWgd5w,52060,1097,0,7
2025-11-27 12:34:42,s5dFrPwvbHY,207341,31209,0,1481
2025-11-27 12:34:42,UFozBQrnmII,795940,25378,0,423
2025-11-27 12:34:42,ES9oYbzYCh8,378530,53402,0,1680
2025-11-27 12:34:42,G7eh40XgTiw,86645,1193,0,173
2025-11-27 12:34:42,5eHGs7lX09s,56217,864,0,770
2025-11-27 12:34:42,koeM_jz4CdM,388039,14743,0,1478
2025-11-27 12:34:42,tXJJhKobuas,200295,2734,0,152
2025-11-27 12:34:42,ITQYMtkP23E,290566,1375,0,0
2025-11-27 12:34:42,7gDl4S3wB14,501427,8418,0,825
2025-11-27 12:34:42,I9U5JRfZ4bA,33466,947,0,152
2025-11-27 12:34:42,CXcBo03He2A,15680,2367,0,137
2025-11-27 12:34:42,z-aco1hi0Iw,154116,1731,0,260
2025-11-27 12:34:42,4Ddbjkyy2C0,119648,836,0,0
2025-11-27 12:34:42,xZFWSWcQ3As,110306,1232,0,78
2025-11-27 12:34:42,Lj1Qi3-zQgg,22873,4054,0,139
2025-11-27 12:34:42,l57EJ_eLsIc,183086,1584,0,610
2025-11-27 12:34:42,NIGA89HGTBU,1876240,27528,0,1022
2025-11-27 12:34:42,cl-BT6bDxEI,121940,3362,0,192
2025-11-27 12:34:42,AfKzB2lXo7I,10689,620,0,46
2025-11-27 12:34:42,KSha-fc5EhA,93164,520,0,0
2025-11-27 12:34:42,w32-xwPxDFk,15404,1121,0,58
2025-11-27 12:34:42,BT4XRgmCjjQ,214737,,0,35
2025-11-27 12:34:42,XZ1FhU9XeEc,143854,1958,0,248
2025-11-27 12:34:42,5ftlnz91DaM,164899,9966,0,488
2025-11-27 12:34:42,9SaAfQ6eACQ,76506,1072,0,209
2025-11-27 12:34:42,T8w3L1rS3o4,54342,3590,0,99
2025-11-27 12:34:42,7SoVjT-0Rhw,31104,1813,0,265
2025-11-27 12:34:42,D8gbtByJSI8,77224,369,0,2
2025-11-27 12:34:42,zLfnSXg0jKg,118155,3144,0,136
2025-11-27 12:34:42,qJvjFBhQ6vQ,186432,2297,0,72
2025-11-27 12:34:42,CO0MSU3fqAQ,14012,2116,0,124
2025-11-27 12:34:42,KC0-vIj7piY,231345,18597,0,246
2025-11-27 12:34:42,6oS55kztPlE,19990,1059,0,31
2025-11-27 12:34:42,miySB69T1xw,456229,12731,0,476
2025-11-27 12:34:42,jRgzfKDTI7g,475236,11728,0,349
2025-11-27 12:34:42,kCnD_dMyJ3M,88589,2670,0,0
2025-11-27 12:34:42,xuL1CDdhsOg,211316,2075,0,1
2025-11-27 12:34:42,BNWYJZp2CbQ,48523,450,0,22
2025-11-27 12:34:42,yxXNIzrfPNQ,108763,6151,0,824
2025-11-27 12:34:42,oVwGURkvEq4,144978,1768,0,661
2025-11-27 12:34:42,hXKJ0gHYQ6E,48778,266,0,20
2025-11-27 12:34:42,nbzmTUB-FCs,21705,1309,0,193
2025-11-27 12:34:42,UfVkyXaTGcs,206284,5228,0,105
2025-11-27 12:34:42,A3Ki9cI9T9w,104792,2344,0,591
2025-11-27 12:34:42,9XNqe5r8xHI,436063,6075,0,27
2025-11-27 12:34:42,TVqEwvbZP30,8813631,108212,0,10724
2025-11-27 12:34:42,QJpTBz916MI,1069143,107296,0,2895
2025-11-27 12:34:42,fiG_T-0zFT8,532859,30807,0,1443
2025-11-27 12:34:42,dhzVHS8C_nc,82183,480,0,2
2025-11-27 12:34:42,IcWvUlwcKAI,9754,1919,0,150
2025-11-27 12:34:42,llAI08UYyAw,2997221,355341,0,10835
2025-11-27 12:34:42,4l9Ni3tjbwM,1065795,12115,0,125
2025-11-27 12:34:42,fCDvm0Y3qkw,299976,15479,0,184
2025-11-27 12:34:42,fiSsGbfus6I,314599,2142,0,1263
2025-11-27 12:34:42,LUQ28DBF7EU,163673,3908,0,320
2025-11-27 12:34:42,oslNxV_8Q2c,248954,10520,0,118
2025-11-27 12:34:42,qRUIGsTq-kU,17464,2137,0,206
2025-11-27 12:34:42,jWFQ3A1Dtdg,296474,12446,0,1268
2025-11-27 12:34:42,C3jcxlsPYLE,196050,9682,0,77
2025-11-27 12:34:42,_o05ucPBD7g,77309,1391,0,72
2025-11-27 12:34:42,kuetvJE_C_U,150901,3977,0,66
2025-11-27 12:34:42,1wRkbauiGU8,97353,2434,0,150
2025-11-27 12:34:42,nDeKfR5iBxY,857602,40087,0,1448
2025-11-27 12:34:42,JrI4_jUZe98,393225,65541,0,2140
2025-11-27 12:34:42,0GICIe0Tgf8,16277,1018,0,30
2025-11-27 12:34:42,BFaHdJVDmXY,68403,4151,0,178
2025-11-27 12:34:42,KO6gxf8vXJQ,228933,526,0,1
2025-11-27 12:34:42,j6TnwWfuf-I,97862,2099,0,116
2025-11-27 12:34:42,2NKK6Mg27XI,233072,15087,0,480
2025-11-27 12:34:42,rOZV4RZrA3A,204090,2091,0,8
2025-11-27 12:34:42,pzLTGAwn0a4,40705,6179,0,453
2025-11-27 12:34:42,cBPtIHuFa_o,96416,3731,0,380
2025-11-27 12:34:42,tPMkWfK6N-E,112557,10130,0,507
2025-11-27 12:34:42,FFXSoSl_lGg,121235,5053,0,177
2025-11-27 12:34:42,4oml768wFnk,45769,3224,0,162
2025-11-27 12:34:42,VWg0218G38c,106163,1229,0,217
2025-11-27 12:34:42,ineS6XL0vc8,87294,2231,0,83
2025-11-27 12:34:42,KDC-EOsNzAg,161937,23179,0,600
2025-11-27 12:34:42,P0OLVEm0pfM,66082,194,0,0
2025-11-27 12:34:42,hcJEQXJIALo,27044,3630,0,550
2025-11-27 12:34:42,3rGi2kiSzkA,50498,2640,0,110
2025-11-27 12:34:42,LcpCd9VXGjE,334102,1571,0,0
2025-11-27 12:34:42,VXsWwTTgt78,257162,11889,0,73
2025-11-27 12:34:42,MRYXsF2lblY,210861,18785,0,1036
2025-11-27 12:34:42,oWv2PwrJkTM,220751,11370,0,113
2025-11-27 12:34:42,WGyadbTx8bs,353277,12592,0,1044
2025-11-27 12:34:42,uOZRP1-dvhA,231909,2362,0,172
2025-11-27 12:34:42,HP8qpxRpIW8,808899,32925,0,987
2025-11-27 12:34:42,v55qDr_jJFA,26503,1780,0,111
2025-11-27 12:34:42,xjUPVppl1DI,600256,10567,0,446
2025-11-27 12:34:42,DOmdfYIPBXE,340525,3106,0,87
2025-11-27 12:34:42,IZ9kqxCDvAs,791473,31186,0,2048
2025-11-27 12:34:42,k1yXf4L5bnc,115250,2778,0,153
2025-11-27 12:34:42,b1OwvLh8HnU,19827,370,0,8
2025-11-27 12:34:42,0-74AHbFWic,156331,11792,0,626
2025-11-27 12:34:42,iKVcCmyqoik,109668,5860,0,223
2025-11-27 12:34:42,gSXQd_5ht0E,1083289,23306,0,1041
2025-11-27 12:34:42,IW_KV5nqWRI,42222,226,0,11
2025-11-27 12:34:42,qUgLxkENl6c,101043,6691,0,328
2025-11-27 12:34:42,MarWse2JmWU,288186,3292,0,24
2025-11-27 12:34:42,QebVV6D641k,233277,1212,0,792
2025-11-27 12:34:42,tdYPGxusaYs,26787,2368,0,137
2025-11-27 12:34:42,IrxoY7JdJY0,130281,,0,40
2025-11-27 12:34:42,Pzqzy2ZIcLI,171313,9452,0,48
2025-11-27 12:34:42,tLBq_jH5FDI,98190,1535,0,160
2025-11-27 12:34:42,j-4AHlLg9XA,,104,0,0
2025-11-27 12:34:42,24VDsNgWNfw,81152,428,0,1
2025-11-27 12:34:42,u66QoyjtANg,141312,1096,0,0
2025-11-27 12:34:42,Rc8f268ueOE,212887,1855,0,426
2025-11-27 12:34:42,6L7xTio0QyY,106593,5167,0,498
2025-11-27 12:34:42,6kWw9Nn4dIY,130073,6081,0,352
2025-11-27 12:34:42,x15pDRtzYno,136024,1635,0,194
2025-11-27 12:34:42,GxXpkps21Kc,304371,13056,0,230
2025-11-27 12:34:42,HQdJ8dMeCHM,119743,714,0,1533
2025-11-27 12:34:42,aHKMl9HVqZQ,137127,4241,0,335
2025-11-27 12:34:42,dx4XsqUGm10,201071,18250,0,1357
2025-11-27 12:34:42,6mP-mEHEQcw,258009,10513,0,1383
2025-11-27 12:34:42,WsLcF1ojgFU,46470,2942,0,416
2025-11-27 12:34:42,XtTT5XdZVpw,117237,4626,0,217
2025-11-27 12:34:42,jvrrjeAYtzs,76195,232,0,0
2025-11-27 12:34:42,5UBc2gXGwKc,13235,267,0,9
2025-11-27 12:34:42,x_RYZsOfpKY,12450185,298332,0,17877
2025-11-27 12:34:42,m0HhR1k9JEw,87646,196,0,5
2025-11-27 12:34:42,vMg1KAFAKiY,1056892,173750,0,9275
2025-11-27 12:34:42,Yy2ZovGi-Uk,351167,9384,0,145
2025-11-27 12:34:42,a72dN8ZWPWg,145948,3245,0,1792
2025-11-27 12:34:42,kux5GmbZhVg,17569,950,0,20
2025-11-27 12:34:42,vQ_NFqtGDgo,152018,24648,0,934
2025-11-27 12:34:42,VhzqSrscVP8,151128,6054,0,415
2025-11-27 12:34:42,4Xt_hR0KNvY,164310,12692,0,2368
2025-11-27 12:34:42,8j4RM-bBYvA,26667,1262,0,464
2025-11-27 12:34:42,Kc7TkgWiWrc,31460,1001,0,38
2025-11-27 12:34:42,2j2jXv6Juxc,152055,2149,0,79
2025-11-27 12:34:42,sgi_eji-ysM,273240,5439,0,67
2025-11-27 12:34:42,e0okJjgNTl0,292920,2709,0,6
2025-11-27 12:34:42,taSKSaq5qh8,252046,4110,0,38
2025-11-27 12:34:42,3-caLm2c1XI,130336,3961,0,498
2025-11-27 12:34:42,GJMOK14mB2c,112023,2740,0,143
2025-11-27 12:34:42,dCmNVtLsYzA,200568,9813,0,554
2025-11-27 12:34:42,oLY17RG3OMI,288323,5041,0,285
2025-11-27 12:34:42,dqMImJF-rgA,136116,3981,0,341
2025-11-27 12:34:42,NkHjY_EaCgY,115130,1744,0,105
2025-11-27 12:34:42,dmBAMwBBxoM,159329,4651,0,383
2025-11-27 12:34:42,ANU0lVGfWyo,467490,34387,0,2372
2025-11-27 12:34:42,L6tkKvVCs0Y,383550,13357,0,587
2025-11-27 12:34:42,599nhYHHvQo,,837,0,0
2025-11-27 12:34:42,_6xcFXlJcX8,111131,1225,0,36
2025-11-27 12:34:42,AmQXv7Pyqvw,72801,940,0,10
2025-11-27 12:34:42,Em805jfRVXs,263983,4926,0,578
2025-11-27 12:34:42,OWpLhNyqeqg,79353,4810,0,427
2025-11-27 12:34:42,OeMmb--HE6k,172917,4571,0,62
2025-11-27 12:34:42,PwaldW6SXwE,26278,2520,0,232
2025-11-27 12:34:42,ex7ieF2B09A,245585,3878,0,195
2025-11-27 12:34:42,kSmHmdAnDYc,221648,6466,0,806
2025-11-27 12:34:42,SnCG-_lf74w,858882,22190,0,1050
2025-11-27 12:34:42,Iz7mRKij2ao,9462,612,0,22
2025-11-27 12:34:42,qIXl45sU0wk,122225,2810,0,27
2025-11-27 12:34:42,Bj6tJxDPzoY,213336,9963,0,290
2025-11-27 12:34:42,gYEhRoknpZQ,108805,946,0,168
2025-11-27 12:34:42,qEGsMTo-adg,23901,1834,0,223
2025-11-27 12:34:42,DSPV0RT3BJI,81742,,0,
2025-11-27 12:34:42,ScutqxM3z_s,192750,8308,0,472
2025-11-27 12:34:42,Caa-UHhl8Gw,92362,2681,0,203
2025-11-27 12:34:42,JkKNqaEl9Aw,316259,20578,0,1841
2025-11-27 12:34:42,STXcQAmoLPU,133615,1367,0,1
2025-11-27 12:34:42,eHmQ_b0LkUA,441843,92601,0,3256
2025-11-27 12:34:42,BiiDN0zgJ2Q,95578,724,0,0
2025-11-27 12:34:42,IW14wQJKSC4,102997,4109,0,149
2025-11-27 12:34:42,j-8vLi2sMg0,71211,6709,0,86
2025-11-27 12:34:42,JUYQapYmw74,121009,1400,0,3
2025-11-27 12:34:42,YMxjZF3gtoM,296722,13975,0,796
2025-11-27 12:34:42,bZ2eyQcJ49o,156771,2612,0,373
2025-11-27 12:34:42,OEcTbxi57lE,15991,3388,0,134
2025-11-27 12:34:42,PJyQaQosJpk,75986,845,0,15
2025-11-27 12:34:42,cVL4bRjA6X0,419000,37142,0,1337
2025-11-27 12:34:42,ZXrcsNlbtgs,105024,912,0,0
2025-11-27 12:34:42,Am2ElEWNvTY,54493,3261,0,183
2025-11-27 12:34:42,UF4n5zmzx9A,219759,5208,0,269
2025-11-27 12:34:42,NUSpibeVoO0,14977,642,0,58
2025-11-27 12:34:42,Zvh5BE2Guik,253542,10754,0,194
2025-11-27 12:34:42,TAL-HXKac80,3566811,77769,0,2632
2025-11-27 12:34:42,ygIwtR2txaw,288856,10871,0,258
2025-11-27 12:34:42,Gth1zEFH2TM,102689,2118,0,50
2025-11-27 12:34:42,DyINvuS9P34,178123,2400,0,49
2025-11-27 12:34:42,LxMaia85m5Y,199737,3838,0,171
2025-11-27 12:34:42,W3eUZa56o0s,224412,3885,0,1515
2025-11-27 12:34:42,Aj8AmqTQkAs,98455,1177,0,59
2025-11-27 12:34:42,xcqjxAXsbHU,584547,27471,0,1193
2025-11-27 12:34:42,S3Q33-4q1xo,111657,1300,0,84
2025-11-27 12:34:42,StcmgD_0aRI,135665,10353,0,2530
2025-11-26 23:45:24,Aj8AmqTQkAs,95655,1156,0,59
2025-11-26 23:45:24,Kc7TkgWiWrc,24486,894,0,34
2025-11-26 23:45:24,qFdZAyr_xmw,150009,4405,0,624
2025-11-26 23:45:24,MarWse2JmWU,288017,3292,0,24
2025-11-26 23:45:24,2HwsSTLuA8A,142235,4119,0,457
2025-11-26 23:45:24,G7eh40XgTiw,83520,1176,0,166
2025-11-26 23:45:24,6oS55kztPlE,14939,949,0,27
2025-11-26 23:45:24,IZ9kqxCDvAs,747082,30631,0,2006
2025-11-26 23:45:24,ygIwtR2txaw,280571,10708,0,258
2025-11-26 23:45:24,hcJEQXJIALo,12304,2844,0,458
2025-11-26 23:45:24,55xYiuSAp5c,297065,4557,0,18
2025-11-26 23:45:24,eLCjlEYBN3U,259874,11849,0,954
2025-11-26 23:45:24,CZP11p3DklQ,78443,2955,0,126
2025-11-26 23:45:24,BT4XRgmCjjQ,212854,,0,34
2025-11-26 23:45:24,h09ng9lTOEM,168391,1511,0,8
2025-11-26 23:45:24,IcWvUlwcKAI,9431,1896,0,146
2025-11-26 23:45:24,HP8qpxRpIW8,657458,29110,0,943
2025-11-26 23:45:24,ST05E_5kn2E,233483,4486,0,318
2025-11-26 23:45:24,Iz7mRKij2ao,5292,474,0,18
2025-11-26 23:45:24,qEGsMTo-adg,21897,1783,0,217
2025-11-26 23:45:24,-3TOkp_6gRQ,488975,9249,0,88
2025-11-26 23:45:24,SWdjfMIkQCg,155815,2186,0,164
2025-11-26 23:45:24,Pzqzy2ZIcLI,170730,9437,0,47
2025-11-26 23:45:24,cVL4bRjA6X0,390560,36306,0,1317
2025-11-26 23:45:24,kuetvJE_C_U,150649,3975,0,66
2025-11-26 23:45:24,4-6IONBWRMQ,107776,1698,0,33
2025-11-26 23:45:24,l57EJ_eLsIc,171135,1543,0,596
2025-11-26 23:45:24,VXsWwTTgt78,255957,11861,0,73
2025-11-26 23:45:24,ScutqxM3z_s,162856,7895,0,453
2025-11-26 23:45:24,nDeKfR5iBxY,824170,38854,0,1427
2025-11-26 23:45:24,5-o_tvuKSfM,21597,2477,0,118
2025-11-26 23:45:24,P0OLVEm0pfM,66016,194,0,0
2025-11-26 23:45:24,x_RYZsOfpKY,11752832,285755,0,17463
2025-11-26 23:45:24,ex7ieF2B09A,230551,3723,0,192
2025-11-26 23:45:24,dhzVHS8C_nc,82167,480,0,1
2025-11-26 23:45:24,gSXQd_5ht0E,798946,22999,0,1037
2025-11-26 23:45:24,qUgLxkENl6c,86213,6107,0,309
2025-11-26 23:45:24,BDxXPvOdz50,156178,2423,0,640
2025-11-26 23:45:24,Am2ElEWNvTY,16982,1816,0,138
2025-11-26 23:45:24,BNWYJZp2CbQ,48143,448,0,22
2025-11-26 23:45:24,b1OwvLh8HnU,14034,305,0,7
2025-11-26 23:45:24,tLBq_jH5FDI,45880,1090,0,119
2025-11-26 23:45:24,FFXSoSl_lGg,115429,4989,0,177
2025-11-26 23:45:24,Zvh5BE2Guik,255822,10716,0,191
2025-11-26 23:45:24,miySB69T1xw,427961,12323,0,467
2025-11-26 23:45:24,yxXNIzrfPNQ,101556,6073,0,816
2025-11-26 23:45:24,dIPZHyTBFz0,147233,1873,0,244
2025-11-26 23:45:24,SdVBuVm_Sw8,,699,0,0
2025-11-26 23:45:24,fiSsGbfus6I,278649,2022,0,1216
2025-11-26 23:45:24,snH3HQSF7Ew,243576,3951,0,694
2025-11-26 23:45:24,QebVV6D641k,230065,1201,0,785
2025-11-26 23:45:24,vMg1KAFAKiY,1017969,170541,0,9106
2025-11-26 23:45:24,JkKNqaEl9Aw,243131,19050,0,1731
2025-11-26 23:45:24,Em805jfRVXs,218263,4400,0,521
2025-11-26 23:45:24,vpXtzSpyV_8,4194316,20741,0,1055
2025-11-26 23:45:24,KO6gxf8vXJQ,228907,526,0,1
2025-11-26 23:45:24,iKVcCmyqoik,98050,5752,0,214
2025-11-26 23:45:24,koeM_jz4CdM,380418,14559,0,1471
2025-11-26 23:45:24,tPMkWfK6N-E,108746,9977,0,501
2025-11-26 23:45:24,eWetBwa4vVI,31526,2321,0,136
2025-11-26 23:45:24,2j2jXv6Juxc,104939,1858,0,67
2025-11-26 23:45:24,Rc8f268ueOE,181954,1771,0,412
2025-11-26 23:45:24,WsLcF1ojgFU,43684,2899,0,411
2025-11-26 23:45:24,tXJJhKobuas,184597,2571,0,147
2025-11-26 23:45:24,llAI08UYyAw,2653166,342263,0,10645
2025-11-26 23:45:24,nzbbL07maKA,94539,5944,0,254
2025-11-26 23:45:24,Gln8wDtITJ4,37081,2573,0,204
2025-11-26 23:45:24,ITQYMtkP23E,290528,1380,0,0
2025-11-26 23:45:24,j6TnwWfuf-I,91785,2052,0,115
2025-11-26 23:45:24,UF4n5zmzx9A,214262,5155,0,268
2025-11-26 23:45:24,SnCG-_lf74w,731208,20817,0,1005
2025-11-26 23:45:24,9XNqe5r8xHI,433569,6061,0,26
2025-11-26 23:45:24,NkHjY_EaCgY,108104,1681,0,103
2025-11-26 23:45:24,j-8vLi2sMg0,60584,6265,0,83
2025-11-26 23:45:24,3-caLm2c1XI,83399,3289,0,434
2025-11-26 23:45:24,uQc-pW3QLuI,6993337,125752,0,5174
2025-11-26 23:45:24,4Ddbjkyy2C0,119596,836,0,0
2025-11-26 23:45:24,0GICIe0Tgf8,11699,873,0,28
2025-11-26 23:45:24,8gAg9uDn2Oo,189905,9666,0,403
2025-11-26 23:45:24,L6tkKvVCs0Y,300126,13082,0,581
2025-11-26 23:45:24,lUHLwBOY04I,160292,16398,0,331
2025-11-26 23:45:24,6ixvIIIxwlk,104344,1066,0,0
2025-11-26 23:45:24,81QYAxvO3Ik,186306,18951,0,1204
2025-11-26 23:45:24,5ftlnz91DaM,158827,9825,0,486
2025-11-26 23:45:24,hXKJ0gHYQ6E,48723,266,0,20
2025-11-26 23:45:24,BsyEN86cR0U,237853,7322,0,74
2025-11-26 23:45:24,cBPtIHuFa_o,90112,3594,0,377
2025-11-26 23:45:24,GxXpkps21Kc,303522,13043,0,228
2025-11-26 23:45:24,f8aS4qwuO7k,145870,8566,0,71
2025-11-26 23:45:24,0-74AHbFWic,151612,11710,0,625
2025-11-26 23:45:24,7SoVjT-0Rhw,28821,1780,0,258
2025-11-26 23:45:24,IW_KV5nqWRI,41958,226,0,11
2025-11-26 23:45:24,bZ2eyQcJ49o,86388,2161,0,329
2025-11-26 23:45:24,PwaldW6SXwE,23017,2384,0,222
2025-11-26 23:45:24,tmVYOETfA10,54114,3484,0,89
2025-11-26 23:45:24,vIUORnIS_ug,297467,13044,0,999
2025-11-26 23:45:24,-dfR8iYqwK4,196067,3425,0,491
2025-11-26 23:45:24,StcmgD_0aRI,40431,7799,0,2210
2025-11-26 23:45:24,nbzmTUB-FCs,20452,1299,0,191
2025-11-26 23:45:24,6L7xTio0QyY,81061,5117,0,496
2025-11-26 23:45:24,w32-xwPxDFk,7493,837,0,48
2025-11-26 23:45:24,VhzqSrscVP8,148450,6027,0,408
2025-11-26 23:45:24,u66QoyjtANg,141322,1096,0,0
2025-11-26 23:45:24,dolefeooLzc,364908,5756,0,370
2025-11-26 23:45:24,7bqePXphj2g,246154,17834,0,1537
2025-11-26 23:45:24,STXcQAmoLPU,136072,1365,0,1
2025-11-26 23:45:24,24VDsNgWNfw,80858,428,0,1
2025-11-26 23:45:24,dCmNVtLsYzA,194344,9602,0,547
2025-11-26 23:45:24,x15pDRtzYno,133571,1619,0,194
2025-11-26 23:45:24,6mP-mEHEQcw,242819,10217,0,1355
2025-11-26 23:45:24,HQdJ8dMeCHM,115255,706,0,1535
2025-11-26 23:45:24,s5dFrPwvbHY,190718,30235,0,1468
2025-11-26 23:45:24,XILnJKGc0yo,202290,19649,0,3447
2025-11-26 23:45:24,LxMaia85m5Y,188011,3721,0,168
2025-11-26 23:45:24,4oml768wFnk,43157,3197,0,162
2025-11-26 23:45:24,xjUPVppl1DI,520220,9907,0,423
2025-11-26 23:45:24,w0ZQp2CmHHw,59074,1584,0,164
2025-11-26 23:45:24,kCnD_dMyJ3M,81954,2614,0,0
2025-11-26 23:45:24,ineS6XL0vc8,45041,1638,0,68
2025-11-26 23:45:24,A3Ki9cI9T9w,97826,2241,0,566
2025-11-26 23:45:24,04-csl0RRJc,55380,1051,0,266
2025-11-26 23:45:24,W3eUZa56o0s,222230,3861,0,1506
2025-11-26 23:45:24,ANU0lVGfWyo,419484,32746,0,2318
2025-11-26 23:45:24,WGyadbTx8bs,326422,12065,0,1026
2025-11-26 23:45:24,4l9Ni3tjbwM,1063109,12095,0,125
2025-11-26 23:45:24,U7wDhVWgd5w,52039,1098,0,7
2025-11-26 23:45:24,JUYQapYmw74,120814,1400,0,3
2025-11-26 23:45:24,KDC-EOsNzAg,150963,22350,0,589
2025-11-26 23:45:24,T8w3L1rS3o4,25926,2332,0,67
2025-11-26 23:45:24,dx4XsqUGm10,185591,18005,0,1346
2025-11-26 23:45:24,8j4RM-bBYvA,22626,1240,0,445
2025-11-26 23:45:24,GJMOK14mB2c,108527,2696,0,142
2025-11-26 23:45:24,TAL-HXKac80,3291242,74790,0,2520
2025-11-26 23:45:24,DyINvuS9P34,146276,2133,0,48
2025-11-26 23:45:24,UFozBQrnmII,790307,25299,0,422
2025-11-26 23:45:24,xx3ZTvOhNoM,221465,7994,0,77
2025-11-26 23:45:24,rOZV4RZrA3A,199746,2077,0,6
2025-11-26 23:45:24,WVVv8Uyok_U,29774,2630,0,558
2025-11-26 23:45:24,G36amiUCkXU,383217,26765,0,4918
2025-11-26 23:45:24,ayjRv2g2UqY,787014,19991,0,806
2025-11-26 23:45:24,oVwGURkvEq4,143148,1764,0,659
2025-11-26 23:45:24,IftQ9zQ06-0,126949,1934,0,268
2025-11-26 23:45:24,F2B4VITJfb0,66824,1683,0,116
2025-11-26 23:45:24,7gDl4S3wB14,497233,8384,0,821
2025-11-26 23:45:24,Gth1zEFH2TM,97963,2063,0,52
2025-11-26 23:45:24,DG4ax7ec64o,650021,7796,0,327
2025-11-26 23:45:24,xZFWSWcQ3As,108863,1219,0,78
2025-11-26 23:45:24,DSPV0RT3BJI,78710,,0,
2025-11-26 23:45:24,9SaAfQ6eACQ,73894,1055,0,210
2025-11-26 23:45:24,tk9FDjJd6zM,35222,689,0,77
2025-11-26 23:45:24,AmQXv7Pyqvw,72706,940,0,10
2025-11-26 23:45:24,aHKMl9HVqZQ,129087,4106,0,333
2025-11-26 23:45:24,v55qDr_jJFA,19141,1595,0,104
2025-11-26 23:45:24,CO0MSU3fqAQ,7229,1662,0,98
2025-11-26 23:45:24,QRTGKxrKBPM,476130,39649,0,1009
2025-11-26 23:45:24,G_3xr5desOo,95778,3054,0,113
2025-11-26 23:45:24,3rGi2kiSzkA,45047,2540,0,107
2025-11-26 23:45:24,BM13CSsDrV8,9496,445,0,0
2025-11-26 23:45:24,LcpCd9VXGjE,320541,1575,0,0
2025-11-26 23:45:24,b9z3Iaz5Zrc,78489,5249,0,293
2025-11-26 23:45:24,qIXl45sU0wk,120547,2795,0,26
2025-11-26 23:45:24,hn17tmdaAzQ,692986,6478,0,103
2025-11-26 23:45:24,OWpLhNyqeqg,71806,4721,0,426
2025-11-26 23:45:24,2NKK6Mg27XI,216070,14540,0,468
2025-11-26 23:45:24,xuL1CDdhsOg,211285,2077,0,1
2025-11-26 23:45:24,I52yC34Ji2k,210791,33372,0,1366
2025-11-26 23:45:24,6kWw9Nn4dIY,117997,5834,0,339
2025-11-26 23:45:24,HIE0fSPuvLY,167524,811,0,20
2025-11-26 23:45:24,oLY17RG3OMI,279475,4928,0,282
2025-11-26 23:45:24,XtTT5XdZVpw,114883,4595,0,217
2025-11-26 23:45:24,PtSwg--FueA,143725,1270,0,374
2025-11-26 23:45:24,kux5GmbZhVg,11887,817,0,18
2025-11-26 23:45:24,uOZRP1-dvhA,227707,2318,0,172
2025-11-26 23:45:24,fiG_T-0zFT8,508579,30421,0,1438
2025-11-26 23:45:24,LUQ28DBF7EU,161798,3892,0,319
2025-11-26 23:45:24,6hIKI8RZ1ys,419424,6927,0,18
2025-11-26 23:45:24,IW14wQJKSC4,98517,4062,0,148
2025-11-26 23:45:24,YMxjZF3gtoM,283492,13724,0,786
2025-11-26 23:45:24,QJpTBz916MI,1043578,106585,0,2891
2025-11-26 23:45:24,1wRkbauiGU8,75689,2210,0,136
2025-11-26 23:45:24,TVqEwvbZP30,6116744,103687,0,9729
2025-11-26 23:45:24,BFaHdJVDmXY,59742,3885,0,165
2025-11-26 23:45:24,JrI4_jUZe98,339832,59982,0,2054
2025-11-26 23:45:24,zupf7Kwx6v4,143006,2786,0,175
2025-11-26 23:45:24,vQpF9mIiYFU,10118,269,0,22
2025-11-26 23:45:24,_o05ucPBD7g,63964,1261,0,66
2025-11-26 23:45:24,qJvjFBhQ6vQ,178719,2248,0,67
2025-11-26 23:45:24,D8gbtByJSI8,77162,370,0,2
2025-11-26 23:45:24,wUGh03rLZbY,121813,3780,0,258
2025-11-26 23:45:24,Caa-UHhl8Gw,77181,2485,0,196
2025-11-26 23:45:24,4Xt_hR0KNvY,149471,12151,0,2297
2025-11-26 23:45:24,PJyQaQosJpk,75344,847,0,15
2025-11-26 23:45:24,oWv2PwrJkTM,184017,10705,0,83
2025-11-26 23:45:24,gYEhRoknpZQ,107312,938,0,168
2025-11-26 23:45:24,yRhin7unPeI,173350,5125,0,466
2025-11-26 23:45:24,Bj6tJxDPzoY,132964,8047,0,252
2025-11-26 23:45:24,oslNxV_8Q2c,248277,10504,0,118
2025-11-26 23:45:24,vQ_NFqtGDgo,111459,20504,0,832
2025-11-26 23:45:24,KC0-vIj7piY,193894,17226,0,186
2025-11-26 23:45:24,UfVkyXaTGcs,199593,5146,0,104
2025-11-26 23:45:24,cl-BT6bDxEI,117857,3302,0,190
2025-11-26 23:45:24,_6xcFXlJcX8,109045,1197,0,35
2025-11-26 23:45:24,S3Q33-4q1xo,109205,1281,0,82
2025-11-26 23:45:24,dqMImJF-rgA,133682,3952,0,339
2025-11-26 23:45:24,jWFQ3A1Dtdg,254664,11733,0,1212
2025-11-26 23:45:24,fCDvm0Y3qkw,297690,15365,0,178
2025-11-26 23:45:24,Yy2ZovGi-Uk,349741,9367,0,144
2025-11-26 23:45:24,k1yXf4L5bnc,113504,2746,0,152
2025-11-26 23:45:24,NED7nev2ywQ,38531568,1333458,0,129258
2025-11-26 23:45:24,KSha-fc5EhA,93119,520,0,0
2025-11-26 23:45:24,j-4AHlLg9XA,,104,0,0
2025-11-26 23:45:24,eHmQ_b0LkUA,396789,88130,0,3228
2025-11-26 23:45:24,kSmHmdAnDYc,157971,5506,0,739
2025-11-26 23:45:24,jRgzfKDTI7g,467316,11636,0,348
2025-11-26 23:45:24,599nhYHHvQo,,839,0,0
2025-11-26 23:45:24,DOmdfYIPBXE,338532,3083,0,87
2025-11-26 23:45:24,sgi_eji-ysM,271875,5429,0,67
2025-11-26 23:45:24,CvGT2o7-_ZA,82089,1534,0,12
2025-11-26 23:45:24,I9U5JRfZ4bA,32540,932,0,152
2025-11-26 23:45:24,z-aco1hi0Iw,149171,1701,0,257
2025-11-26 23:45:24,MRYXsF2lblY,198564,18387,0,1014
2025-11-26 23:45:24,a72dN8ZWPWg,140707,3164,0,1783
2025-11-26 23:45:24,zLfnSXg0jKg,115035,3094,0,134
2025-11-26 23:45:24,dmBAMwBBxoM,140400,4437,0,376
2025-11-26 23:45:24,NIGA89HGTBU,1048945,22694,0,973
2025-11-26 23:45:24,XZ1FhU9XeEc,138228,1901,0,245
2025-11-26 23:45:24,e0okJjgNTl0,292803,2708,0,6
2025-11-26 23:45:24,xcqjxAXsbHU,561025,27161,0,1190
2025-11-26 23:45:24,ZXrcsNlbtgs,104998,911,0,0
2025-11-26 23:45:24,m0HhR1k9JEw,87642,198,0,5
2025-11-26 23:45:24,taSKSaq5qh8,250694,4107,0,38
2025-11-28 03:28:18,vQ_NFqtGDgo,197669,29408,0,1061
2025-11-28 03:28:18,fiG_T-0zFT8,572575,31413,0,1450
2025-11-28 03:28:18,IW14wQJKSC4,110619,4197,0,150
2025-11-28 03:28:18,LcpCd9VXGjE,334433,1564,0,0
2025-11-28 03:28:18,3-caLm2c1XI,162854,4530,0,538
2025-11-28 03:28:18,_Vs1T6KpK5g,74850,1156,0,9
2025-11-28 03:28:18,CO0MSU3fqAQ,20682,2490,0,138
2025-11-28 03:28:18,a72dN8ZWPWg,156441,3458,0,1820
2025-11-28 03:28:18,dqMImJF-rgA,144038,4091,0,341
2025-11-28 03:28:18,x15pDRtzYno,149248,1725,0,198
2025-11-28 03:28:18,DOmdfYIPBXE,348523,3158,0,88
2025-11-28 03:28:18,MarWse2JmWU,288548,3292,0,25
2025-11-28 03:28:18,h09ng9lTOEM,168282,1509,0,8
2025-11-28 03:28:18,w0ZQp2CmHHw,192909,2895,0,256
2025-11-28 03:28:18,u66QoyjtANg,141360,1094,0,0
2025-11-28 03:28:18,55xYiuSAp5c,306478,4607,0,19
2025-11-28 03:28:18,dx4XsqUGm10,226540,18793,0,1383
2025-11-28 03:28:18,0-74AHbFWic,163857,11929,0,625
2025-11-28 03:28:18,Bj6tJxDPzoY,275462,11740,0,321
2025-11-28 03:28:18,WT1LFvt07Gw,96249,1903,0,56
2025-11-28 03:28:18,mdI6LWIe8Og,9697,768,0,53
2025-11-28 03:28:18,PJyQaQosJpk,76462,847,0,15
2025-11-28 03:28:18,S0UEqkus7FA,327148,12642,0,265
2025-11-28 03:28:18,U7wDhVWgd5w,52109,1097,0,7
2025-11-28 03:28:18,qEGsMTo-adg,26536,1901,0,237
2025-11-28 03:28:18,HQdJ8dMeCHM,121827,719,0,1544
2025-11-28 03:28:18,7bqePXphj2g,280215,18686,0,1604
2025-11-28 03:28:18,s5dFrPwvbHY,231906,32471,0,1488
2025-11-28 03:28:18,b1OwvLh8HnU,27127,423,0,8
2025-11-28 03:28:18,vpXtzSpyV_8,4678838,22570,0,1113
2025-11-28 03:28:18,Caa-UHhl8Gw,97470,2768,0,207
2025-11-28 03:28:18,4Xt_hR0KNvY,182717,13302,0,2488
2025-11-28 03:28:18,Lj1Qi3-zQgg,39924,5442,0,162
2025-11-28 03:28:18,xx3ZTvOhNoM,227833,8087,0,89
2025-11-28 03:28:18,HP8qpxRpIW8,1031626,37284,0,1025
2025-11-28 03:28:18,6-9ej0ztMUA,106465,764,0,61
2025-11-28 03:28:18,S3Q33-4q1xo,115014,1327,0,79
2025-11-28 03:28:18,Pzqzy2ZIcLI,171773,9482,0,49
2025-11-28 03:28:18,ex7ieF2B09A,267798,4127,0,202
2025-11-28 03:28:18,PwaldW6SXwE,29488,2629,0,239
2025-11-28 03:28:18,dIPZHyTBFz0,203584,2192,0,271
2025-11-28 03:28:18,b9z3Iaz5Zrc,160224,7342,0,335
2025-11-28 03:28:18,E7so8IVX1qQ,87659,135,0,6
2025-11-28 03:28:18,kCnD_dMyJ3M,98911,2749,0,0
2025-11-28 03:28:18,f8aS4qwuO7k,147822,8608,0,73
2025-11-28 03:28:18,qUgLxkENl6c,137108,7899,0,365
2025-11-28 03:28:18,9jrVtT2nPgQ,47225,5119,0,107
2025-11-28 03:28:18,v55qDr_jJFA,34838,2024,0,130
2025-11-28 03:28:18,yRhin7unPeI,184644,5359,0,467
2025-11-28 03:28:18,sgi_eji-ysM,274653,5453,0,67
2025-11-28 03:28:18,NDommbpC80U,203362,2307,0,264
2025-11-28 03:28:18,kSmHmdAnDYc,264208,7235,0,869
2025-11-28 03:28:18,8gAg9uDn2Oo,436796,14214,0,511
2025-11-28 03:28:18,qRUIGsTq-kU,28091,2603,0,238
2025-11-28 03:28:18,snH3HQSF7Ew,248451,4006,0,700
2025-11-28 03:28:18,eHmQ_b0LkUA,475606,96161,0,3288
2025-11-28 03:28:18,ITQYMtkP23E,290655,1369,0,0
2025-11-28 03:28:18,2NKK6Mg27XI,256643,15656,0,491
2025-11-28 03:28:18,6ixvIIIxwlk,104588,1061,0,0
2025-11-28 03:28:18,GxXpkps21Kc,305467,13087,0,232
2025-11-28 03:28:18,5m86CgLR0Fg,99137,6210,0,229
2025-11-28 03:28:18,G36amiUCkXU,520204,29474,0,5795
2025-11-28 03:28:18,FuGOa47BBqg,47350,1251,0,15
2025-11-28 03:28:18,7gDl4S3wB14,514742,8519,0,830
2025-11-28 03:28:18,l57EJ_eLsIc,190444,1626,0,623
2025-11-28 03:28:18,6L7xTio0QyY,115966,5240,0,505
2025-11-28 03:28:18,WGyadbTx8bs,399646,13504,0,1071
2025-11-28 03:28:18,AfKzB2lXo7I,26363,999,0,55
2025-11-28 03:28:18,rOZV4RZrA3A,205240,2083,0,9
2025-11-28 03:28:18,BT4XRgmCjjQ,217388,,0,35
2025-11-28 03:28:18,MRYXsF2lblY,229946,19271,0,1058
2025-11-28 03:28:18,6yMFwpzbQCY,444531,4328,0,262
2025-11-28 03:28:18,Nxq6nJJVx5A,216345,7748,0,265
2025-11-28 03:28:18,VXsWwTTgt78,258573,11915,0,72
2025-11-28 03:28:18,tPMkWfK6N-E,118297,10315,0,520
2025-11-28 03:28:18,uOZRP1-dvhA,236764,2401,0,174
2025-11-28 03:28:18,Em805jfRVXs,310968,5375,0,614
2025-11-28 03:28:18,SdVBuVm_Sw8,,698,0,0
2025-11-28 03:28:18,oslNxV_8Q2c,242409,10539,0,118
2025-11-28 03:28:18,VWg0218G38c,136983,1611,0,278
2025-11-28 03:28:18,w32-xwPxDFk,24619,1357,0,60
2025-11-28 03:28:18,QebVV6D641k,236438,1235,0,776
2025-11-28 03:28:18,wEKNPc0cm9Y,19318,673,0,
2025-11-28 03:28:18,hn17tmdaAzQ,705768,6538,0,110
2025-11-28 03:28:18,xZFWSWcQ3As,113714,1250,0,80
2025-11-28 03:28:18,sEe1U-vDP5k,98709,3168,0,251
2025-11-28 03:28:18,CXcBo03He2A,45660,4779,0,228
2025-11-28 03:28:18,yxXNIzrfPNQ,119212,6279,0,837
2025-11-28 03:28:18,JrI4_jUZe98,453950,72738,0,2218
2025-11-28 03:28:18,TVqEwvbZP30,11602093,112925,0,11769
2025-11-28 03:28:18,uQc-pW3QLuI,7147104,127371,0,5203
2025-11-28 03:28:18,j6TnwWfuf-I,103949,2191,0,116
2025-11-28 03:28:18,dolefeooLzc,414479,6148,0,387
2025-11-28 03:28:18,zupf7Kwx6v4,147468,2829,0,177
2025-11-28 03:28:18,Z3CtHc6TEj8,119403,1036,0,570
2025-11-28 03:28:18,-DkSyDEQloM,92809,,0,6
2025-11-28 03:28:18,ScutqxM3z_s,225578,8870,0,501
2025-11-28 03:28:18,gSXQd_5ht0E,1434117,24123,0,1054
2025-11-28 03:28:18,STXcQAmoLPU,133863,1365,0,1
2025-11-28 03:28:18,xcqjxAXsbHU,622975,27981,0,1202
2025-11-28 03:28:18,wUGh03rLZbY,127788,3852,0,258
2025-11-28 03:28:18,2HwsSTLuA8A,145242,4160,0,458
2025-11-28 03:28:18,QJpTBz916MI,1119918,108916,0,2927
2025-11-28 03:28:18,BiiDN0zgJ2Q,96137,732,0,0
2025-11-28 03:28:18,6oS55kztPlE,25843,1180,0,33
2025-11-28 03:28:18,z-aco1hi0Iw,162123,1761,0,260
2025-11-28 03:28:18,pzLTGAwn0a4,54271,7165,0,486
2025-11-28 03:28:18,qIXl45sU0wk,124210,2838,0,27
2025-11-28 03:28:18,_6xcFXlJcX8,113898,1251,0,36
2025-11-28 03:28:18,Zvh5BE2Guik,255986,10789,0,196
2025-11-28 03:28:18,5eHGs7lX09s,163924,1540,0,1204
2025-11-28 03:28:18,uGM14iCUu0w,103828,1009,0,472
2025-11-28 03:28:18,o3PX7EjBjvg,126789,4105,0,409
2025-11-28 03:28:18,Rc8f268ueOE,240440,1942,0,436
2025-11-28 03:28:18,-3TOkp_6gRQ,492807,9296,0,90
2025-11-28 03:28:18,XtTT5XdZVpw,121540,4696,0,217
2025-11-28 03:28:18,OfuHlytx3rQ,15727,218,0,9
2025-11-28 03:28:18,LUQ28DBF7EU,165350,3926,0,319
2025-11-28 03:28:18,SnCG-_lf74w,1029015,24397,0,1147
2025-11-28 03:28:18,F3C87lOmZBM,201409,17266,0,1679
2025-11-28 03:28:18,ES9oYbzYCh8,689503,68782,0,2061
2025-11-28 03:28:18,UfVkyXaTGcs,214401,5345,0,105
2025-11-28 03:28:18,Kc7TkgWiWrc,41336,1190,0,43
2025-11-28 03:28:18,5-o_tvuKSfM,81255,4675,0,172
2025-11-28 03:28:18,OWpLhNyqeqg,90124,4939,0,430
2025-11-28 03:28:18,I52yC34Ji2k,358707,47692,0,1768
2025-11-28 03:28:18,5UBc2gXGwKc,23187,300,0,9
2025-11-28 03:28:18,IftQ9zQ06-0,1251379,2146,0,296
2025-11-28 03:28:18,vMg1KAFAKiY,1084615,176443,0,9392
2025-11-28 03:28:18,iKVcCmyqoik,127584,6074,0,230
2025-11-28 03:28:18,taSKSaq5qh8,253238,4117,0,38
2025-11-28 03:28:18,dmBAMwBBxoM,178131,4941,0,394
2025-11-28 03:28:18,KDC-EOsNzAg,177159,24205,0,611
2025-11-28 03:28:18,kuetvJE_C_U,151095,3980,0,66
2025-11-28 03:28:18,3rGi2kiSzkA,58431,2837,0,115
2025-11-28 03:28:18,oYKdO-eEHg4,65224,1274,0,233
2025-11-28 03:28:18,hcJEQXJIALo,118799,4067,0,587
2025-11-28 03:28:18,ayjRv2g2UqY,962541,20582,0,815
2025-11-28 03:28:18,HIE0fSPuvLY,167550,811,0,20
2025-11-28 03:28:18,NED7nev2ywQ,40398390,1360333,0,133302
2025-11-28 03:28:18,YH_PW-Y7LF0,52698,1781,0,97
2025-11-28 03:28:18,iBD9LX2ZdDQ,81739,188,0,0
2025-11-28 03:28:18,6mP-mEHEQcw,282513,11100,0,1425
2025-11-28 03:28:18,2c_b4Q2LIeA,54834,627,0,148
2025-11-28 03:28:18,8j4RM-bBYvA,33339,1289,0,479
2025-11-28 03:28:18,llAI08UYyAw,3321150,368889,0,11071
2025-11-28 03:28:18,DG4ax7ec64o,733573,8826,0,359
2025-11-28 03:28:18,tLBq_jH5FDI,136410,1925,0,186
2025-11-28 03:28:18,kux5GmbZhVg,25603,1097,0,21
2025-11-28 03:28:18,nzbbL07maKA,150807,7246,0,277
2025-11-28 03:28:18,OoLflKFs7YY,128732,3204,0,313
2025-11-28 03:28:18,KSha-fc5EhA,93135,520,0,0
2025-11-28 03:28:18,_o05ucPBD7g,97674,1604,0,86
2025-11-28 03:28:18,vIUORnIS_ug,349413,14079,0,1065
2025-11-28 03:28:18,Gth1zEFH2TM,107709,2173,0,52
2025-11-28 03:28:18,ZjN51G8c5-k,60055,738,0,27
2025-11-28 03:28:18,u6nhdi1pJWI,14929,1305,0,62
2025-11-28 03:28:18,oWv2PwrJkTM,228148,11523,0,119
2025-11-28 03:28:18,jvrrjeAYtzs,76281,229,0,0
2025-11-28 03:28:18,5oKKmCT-_4s,21629,1831,0,152
2025-11-28 03:28:18,zLfnSXg0jKg,122424,3194,0,137
2025-11-28 03:28:18,k1yXf4L5bnc,117312,2820,0,153
2025-11-28 03:28:18,miySB69T1xw,509191,13502,0,486
2025-11-28 03:28:18,WVVv8Uyok_U,160076,5687,0,833
2025-11-28 03:28:18,R-ZKjAqlquA,125441,615,0,27
2025-11-28 03:28:18,BFaHdJVDmXY,73265,4278,0,188
2025-11-28 03:28:18,NUSpibeVoO0,35295,1077,0,101
2025-11-28 03:28:18,DyINvuS9P34,248883,3004,0,53
2025-11-28 03:28:18,dhzVHS8C_nc,82104,479,0,2
2025-11-28 03:28:18,-dfR8iYqwK4,202517,3486,0,493
2025-11-28 03:28:18,6hIKI8RZ1ys,419625,6918,0,18
2025-11-28 03:28:18,oLY17RG3OMI,302292,5247,0,288
2025-11-28 03:28:18,koeM_jz4CdM,401599,15079,0,1490
2025-11-28 03:28:18,jRgzfKDTI7g,489648,11963,0,351
2025-11-28 03:28:18,qFdZAyr_xmw,212278,5235,0,698
2025-11-28 03:28:18,Am2ElEWNvTY,100161,4568,0,239
2025-11-28 03:28:18,lUHLwBOY04I,179398,17364,0,349
2025-11-28 03:28:18,tmVYOETfA10,71374,3884,0,92
2025-11-28 03:28:18,x_RYZsOfpKY,13493226,309781,0,18244
2025-11-28 03:28:18,G_oNwC_PjfU,116649,3295,0,372
2025-11-28 03:28:18,j-4AHlLg9XA,,104,0,0
2025-11-28 03:28:18,Aj8AmqTQkAs,102778,1203,0,59
2025-11-28 03:28:18,TAL-HXKac80,3668575,78817,0,2675
2025-11-28 03:28:18,ckKFtSlZ5Lw,123773,1507,0,344
2025-11-28 03:28:18,D8gbtByJSI8,77258,369,0,2
2025-11-28 03:28:18,nbzmTUB-FCs,23921,1340,0,194
2025-11-28 03:28:18,tk9FDjJd6zM,41006,725,0,93
2025-11-28 03:28:18,7SoVjT-0Rhw,34176,1867,0,270
2025-11-28 03:28:18,JkKNqaEl9Aw,597876,22011,0,1945
2025-11-28 03:28:18,eWetBwa4vVI,38961,2575,0,150
2025-11-28 03:28:18,BM13CSsDrV8,16865,549,0,0
2025-11-28 03:28:18,n7pO7F_kP0k,147849,17680,0,610
2025-11-28 03:28:18,SMAnw64aTXc,143155,2609,0,1150
2025-11-28 03:28:18,4Ddbjkyy2C0,119675,836,0,0
2025-11-28 03:28:18,VhzqSrscVP8,155429,6121,0,421
2025-11-28 03:28:18,StcmgD_0aRI,203521,12712,0,2779
2025-11-28 03:28:18,CZP11p3DklQ,123929,3765,0,150
2025-11-28 03:28:18,Iz7mRKij2ao,12911,708,0,27
2025-11-28 03:28:18,ineS6XL0vc8,118232,2681,0,96
2025-11-28 03:28:18,6kWw9Nn4dIY,141656,6351,0,371
2025-11-28 03:28:18,1wRkbauiGU8,106402,2548,0,151
2025-11-28 03:28:18,ST05E_5kn2E,269659,5029,0,336
2025-11-28 03:28:18,xuL1CDdhsOg,211053,2075,0,1
2025-11-28 03:28:18,tGwT5DAU6-s,84927,1474,0,24
2025-11-28 03:28:18,hXKJ0gHYQ6E,48886,266,0,21
2025-11-28 03:28:18,BDxXPvOdz50,162509,2463,0,644
2025-11-28 03:28:18,L6tkKvVCs0Y,491062,13676,0,591
2025-11-28 03:28:18,cVL4bRjA6X0,449537,37891,0,1349
2025-11-28 03:28:18,qJvjFBhQ6vQ,195292,2369,0,73
2025-11-28 03:28:18,vQpF9mIiYFU,23912,345,0,22
2025-11-28 03:28:18,WsLcF1ojgFU,50751,3020,0,430
2025-11-28 03:28:18,NkHjY_EaCgY,124786,1826,0,108
2025-11-28 03:28:18,UiHPfikroWg,70238,893,0,303
2025-11-28 03:28:18,SWdjfMIkQCg,164725,2234,0,164
2025-11-28 03:28:18,ANU0lVGfWyo,524298,35671,0,2425
2025-11-28 03:28:18,A3Ki9cI9T9w,110451,2394,0,609
2025-11-28 03:28:18,W3eUZa56o0s,231493,3953,0,1528
2025-11-28 03:28:18,YMxjZF3gtoM,311212,14287,0,816
2025-11-28 03:28:18,KO6gxf8vXJQ,229069,527,0,1
2025-11-28 03:28:18,GJMOK14mB2c,115123,2781,0,143
2025-11-28 03:28:18,hQwjPcq63JM,42155,751,0,9
2025-11-28 03:28:18,BsyEN86cR0U,243467,7419,0,77
2025-11-28 03:28:18,QRTGKxrKBPM,549040,41371,0,1028
2025-11-28 03:28:18,xjUPVppl1DI,688990,11454,0,487
2025-11-28 03:28:18,04-csl0RRJc,56761,1056,0,269
2025-11-28 03:28:18,j-8vLi2sMg0,83119,7319,0,85
2025-11-28 03:28:18,m0HhR1k9JEw,87611,196,0,5
2025-11-28 03:28:18,599nhYHHvQo,,835,0,0
2025-11-28 03:28:18,2j2jXv6Juxc,254475,2932,0,108
2025-11-28 03:28:18,5ftlnz91DaM,173400,10170,0,493
2025-11-28 03:28:18,IrxoY7JdJY0,151667,,0,52
2025-11-28 03:28:18,XZ1FhU9XeEc,150443,2024,0,249
2025-11-28 03:28:18,IW_KV5nqWRI,42435,226,0,11
2025-11-28 03:28:18,9XNqe5r8xHI,438899,6107,0,28
2025-11-28 03:28:18,F2B4VITJfb0,126695,2453,0,506
2025-11-28 03:28:18,81QYAxvO3Ik,212633,19778,0,1242
2025-11-28 03:28:18,UF4n5zmzx9A,235959,5447,0,273
2025-11-28 03:28:18,4-6IONBWRMQ,110782,1735,0,33
2025-11-28 03:28:18,dCmNVtLsYzA,206808,9990,0,561
2025-11-28 03:28:18,XILnJKGc0yo,268142,20877,0,3752
2025-11-28 03:28:18,IZ9kqxCDvAs,876833,32672,0,2106
2025-11-28 03:28:18,fCDvm0Y3qkw,307399,15672,0,199
2025-11-28 03:28:18,Yy2ZovGi-Uk,353167,9407,0,145
2025-11-28 03:28:18,nDeKfR5iBxY,906300,41750,0,1480
2025-11-28 03:28:18,cl-BT6bDxEI,125006,3414,0,195
2025-11-28 03:28:18,eLCjlEYBN3U,474624,16597,0,1139
2025-11-28 03:28:18,NIGA89HGTBU,3646976,29405,0,1075
2025-11-28 03:28:18,24VDsNgWNfw,81534,429,0,1
2025-11-28 03:28:18,JoqhTXkGVVk,28778,1168,0,264
2025-11-28 03:28:18,OWGd9sHxpvs,126869,3379,0,98
2025-11-28 03:28:18,OEcTbxi57lE,25326,4539,0,151
2025-11-28 03:28:18,e0okJjgNTl0,293243,2708,0,7
2025-11-28 03:28:18,UFozBQrnmII,800486,25461,0,426
2025-11-28 03:28:18,DSPV0RT3BJI,84106,,0,
2025-11-28 03:28:18,ygIwtR2txaw,302462,11223,0,261
2025-11-28 03:28:18,bZ2eyQcJ49o,189414,2886,0,392
2025-11-28 03:28:18,aHKMl9HVqZQ,146694,4430,0,341
2025-11-28 03:28:18,cBPtIHuFa_o,103585,3897,0,384
2025-11-28 03:28:18,G7eh40XgTiw,93317,1228,0,175
2025-11-28 03:28:18,0GICIe0Tgf8,21435,1117,0,32
2025-11-28 03:28:18,FFXSoSl_lGg,130234,5161,0,177
2025-11-28 03:28:18,4_l1VyTNzrs,105525,2420,0,1456
2025-11-28 03:28:18,y7XtQu1z9hw,81349,921,0,146
2025-11-28 03:28:18,fiSsGbfus6I,354944,2279,0,1296
2025-11-28 03:28:18,JUYQapYmw74,120908,1398,0,3
2025-11-28 03:28:18,PtSwg--FueA,163500,1354,0,378
2025-11-28 03:28:18,AmQXv7Pyqvw,72605,940,0,10
2025-11-28 03:28:18,tXJJhKobuas,220389,2942,0,159
2025-11-28 03:28:18,4l9Ni3tjbwM,1068849,12140,0,125
2025-11-28 03:28:18,C3jcxlsPYLE,213624,10060,0,86
2025-11-28 03:28:18,BNWYJZp2CbQ,48847,453,0,22
2025-11-28 03:28:18,gYEhRoknpZQ,110344,951,0,163
2025-11-28 03:28:18,SzFd7Tmq7pU,184498,9819,0,54
2025-11-28 03:28:18,tdYPGxusaYs,42277,2873,0,155
2025-11-28 03:28:18,I9U5JRfZ4bA,36015,991,0,154
2025-11-28 03:28:18,9SaAfQ6eACQ,79402,1090,0,211
2025-11-28 03:28:18,CvGT2o7-_ZA,80983,1540,0,12
2025-11-28 03:28:18,OeMmb--HE6k,203038,5037,0,73
2025-11-28 03:28:18,ZXrcsNlbtgs,105028,912,0,0
2025-11-28 03:28:18,T8w3L1rS3o4,97002,5301,0,128
2025-11-28 03:28:18,8B2XU-fUS58,290177,3678,0,561
2025-11-28 03:28:18,G_3xr5desOo,125358,3477,0,135
2025-11-28 03:28:18,GVeRDFqNT40,25168,290,0,11
2025-11-28 03:28:18,Gln8wDtITJ4,47073,2985,0,233
2025-11-28 03:28:18,P0OLVEm0pfM,66104,194,0,0
2025-11-28 03:28:18,jWFQ3A1Dtdg,355594,13376,0,1355
2025-11-28 03:28:18,KC0-vIj7piY,245269,19275,0,289
2025-11-28 03:28:18,ZOEZ_cRIkhY,166183,18153,0,1264
2025-11-28 03:28:18,LxMaia85m5Y,215307,3982,0,174
2025-11-28 03:28:18,7rd5CtM7oiY,126830,501,0,1
2025-11-28 03:28:18,IcWvUlwcKAI,10241,1950,0,151
2025-11-28 03:28:18,oVwGURkvEq4,146640,1774,0,661
2025-11-28 03:28:18,b29J1g4yWcs,102960,3073,0,259
2025-11-28 03:28:18,4oml768wFnk,49961,3281,0,163
2025-11-26 08:33:18,e0okJjgNTl0,291025,2706,0,5
2025-11-26 08:33:18,Pzqzy2ZIcLI,169231,9378,0,46
2025-11-26 08:33:18,fiG_T-0zFT8,466671,29719,0,1427
2025-11-26 08:33:18,vpXtzSpyV_8,2753213,19137,0,990
2025-11-26 08:33:18,599nhYHHvQo,,840,0,0
2025-11-26 08:33:18,KO6gxf8vXJQ,228865,526,0,1
2025-11-26 08:33:18,koeM_jz4CdM,354887,13826,0,1429
2025-11-26 08:33:18,Gln8wDtITJ4,27144,1910,0,166
2025-11-26 08:33:18,7SoVjT-0Rhw,24519,1691,0,243
2025-11-26 08:33:18,uOZRP1-dvhA,211288,2144,0,167
2025-11-26 08:33:18,3rGi2kiSzkA,36830,2233,0,104
2025-11-26 08:33:18,ScutqxM3z_s,96089,6012,0,360
2025-11-26 08:33:18,TVqEwvbZP30,2478768,97041,0,8517
2025-11-26 08:33:18,vMg1KAFAKiY,953625,164349,0,8819
2025-11-26 08:33:18,-3TOkp_6gRQ,484955,9209,0,85
2025-11-26 08:33:18,HP8qpxRpIW8,436635,24132,0,874
2025-11-26 08:33:18,DG4ax7ec64o,600778,7104,0,313
2025-11-26 08:33:18,DSPV0RT3BJI,67609,,0,
2025-11-26 08:33:18,iKVcCmyqoik,75187,5234,0,203
2025-11-26 08:33:18,G36amiUCkXU,296809,24492,0,4352
2025-11-26 08:33:18,s5dFrPwvbHY,162734,28032,0,1433
2025-11-26 08:33:18,dhzVHS8C_nc,82158,480,0,0
2025-11-26 08:33:18,PwaldW6SXwE,15825,1975,0,182
2025-11-26 08:33:18,P0OLVEm0pfM,65841,193,0,0
2025-11-26 08:33:18,gSXQd_5ht0E,539273,22063,0,1023
2025-11-26 08:33:18,6L7xTio0QyY,75386,5008,0,483
2025-11-26 08:33:18,xuL1CDdhsOg,211159,2080,0,1
2025-11-26 08:33:18,x_RYZsOfpKY,10582633,264686,0,16689
2025-11-26 08:33:18,qIXl45sU0wk,117901,2769,0,24
2025-11-26 08:33:18,W3eUZa56o0s,211691,3770,0,1464
2025-11-26 08:33:18,6mP-mEHEQcw,198116,9300,0,1287
2025-11-26 08:33:18,LxMaia85m5Y,157844,3450,0,153
2025-11-26 08:33:18,yxXNIzrfPNQ,87673,5857,0,788
2025-11-26 08:33:18,u66QoyjtANg,141130,1100,0,0
2025-11-26 08:33:18,tXJJhKobuas,141133,2101,0,137
2025-11-26 08:33:18,zLfnSXg0jKg,106504,2919,0,130
2025-11-26 08:33:18,NED7nev2ywQ,37290140,1320293,0,127826
2025-11-26 08:33:18,dx4XsqUGm10,156156,17191,0,1300
2025-11-26 08:33:18,PtSwg--FueA,127511,1195,0,361
2025-11-26 08:33:18,qJvjFBhQ6vQ,163935,2131,0,62
2025-11-26 08:33:18,xZFWSWcQ3As,103950,1180,0,78
2025-11-26 08:33:18,QebVV6D641k,223241,1168,0,756
2025-11-26 08:33:18,z-aco1hi0Iw,126859,1570,0,252
2025-11-26 08:33:18,SWdjfMIkQCg,145869,2110,0,156
2025-11-26 08:33:18,7gDl4S3wB14,468061,8144,0,796
2025-11-26 08:33:18,x15pDRtzYno,111472,1478,0,185
2025-11-26 08:33:18,5ftlnz91DaM,144374,9305,0,469
2025-11-26 08:33:18,kCnD_dMyJ3M,68240,2493,0,0
2025-11-26 08:33:18,4Ddbjkyy2C0,119543,838,0,0
2025-11-26 08:33:18,GxXpkps21Kc,301082,12984,0,227
2025-11-26 08:33:18,taSKSaq5qh8,247872,4086,0,38
2025-11-26 08:33:18,81QYAxvO3Ik,168628,18262,0,1164
2025-11-26 08:33:18,cl-BT6bDxEI,106161,3091,0,182
2025-11-26 08:33:18,l57EJ_eLsIc,142844,1435,0,565
2025-11-26 08:33:18,UFozBQrnmII,779018,25147,0,418
2025-11-26 08:33:18,AmQXv7Pyqvw,72556,937,0,10
2025-11-26 08:33:18,UfVkyXaTGcs,184344,4900,0,101
2025-11-26 08:33:18,qEGsMTo-adg,17637,1636,0,198
2025-11-26 08:33:18,OWpLhNyqeqg,59846,4441,0,418
2025-11-26 08:33:18,BDxXPvOdz50,146056,2333,0,617
2025-11-26 08:33:18,HQdJ8dMeCHM,95214,639,0,1373
2025-11-26 08:33:18,uQc-pW3QLuI,6877721,124375,0,5146
2025-11-26 08:33:18,6hIKI8RZ1ys,419172,6929,0,18
2025-11-26 08:33:18,vIUORnIS_ug,191475,11063,0,893
2025-11-26 08:33:18,IftQ9zQ06-0,104336,1736,0,230
2025-11-26 08:33:18,llAI08UYyAw,2296153,328512,0,10432
2025-11-26 08:33:18,b9z3Iaz5Zrc,23660,2801,0,215
2025-11-26 08:33:18,I52yC34Ji2k,52863,13695,0,751
2025-11-26 08:33:18,TAL-HXKac80,3105759,73226,0,2435
2025-11-26 08:33:18,ayjRv2g2UqY,621744,19409,0,793
2025-11-26 08:33:18,tPMkWfK6N-E,101312,9681,0,485
2025-11-26 08:33:18,A3Ki9cI9T9w,63555,1778,0,436
2025-11-26 08:33:18,nbzmTUB-FCs,17431,1261,0,191
2025-11-26 08:33:18,ST05E_5kn2E,175984,3571,0,276
2025-11-26 08:33:18,G7eh40XgTiw,65862,1057,0,140
2025-11-26 08:33:18,L6tkKvVCs0Y,204147,12435,0,567
2025-11-26 08:33:18,DOmdfYIPBXE,323582,2986,0,86
2025-11-26 08:33:18,IW14wQJKSC4,91570,3951,0,147
2025-11-26 08:33:18,7bqePXphj2g,217831,16716,0,1466
2025-11-26 08:33:18,4-6IONBWRMQ,104602,1653,0,33
2025-11-26 08:33:18,dmBAMwBBxoM,72497,3127,0,315
2025-11-26 08:33:18,m0HhR1k9JEw,87628,198,0,4
2025-11-26 08:33:18,f8aS4qwuO7k,143869,8503,0,71
2025-11-26 08:33:18,fCDvm0Y3qkw,269133,14729,0,136
2025-11-26 08:33:18,fiSsGbfus6I,219550,1822,0,1135
2025-11-26 08:33:18,miySB69T1xw,265037,9551,0,395
2025-11-26 08:33:18,tk9FDjJd6zM,31466,625,0,72
2025-11-26 08:33:18,U7wDhVWgd5w,51865,1094,0,6
2025-11-26 08:33:18,xjUPVppl1DI,352386,7833,0,341
2025-11-26 08:33:18,VXsWwTTgt78,253376,11807,0,73
2025-11-26 08:33:18,oslNxV_8Q2c,246670,10453,0,117
2025-11-26 08:33:18,4l9Ni3tjbwM,1064213,12064,0,122
2025-11-26 08:33:18,9XNqe5r8xHI,428527,6006,0,26
2025-11-26 08:33:18,_6xcFXlJcX8,104368,1150,0,35
2025-11-26 08:33:18,CZP11p3DklQ,13720,1341,0,74
2025-11-26 08:33:18,k1yXf4L5bnc,108210,2654,0,150
2025-11-26 08:33:18,h09ng9lTOEM,168195,1510,0,8
2025-11-26 08:33:18,dqMImJF-rgA,113519,3709,0,320
2025-11-26 08:33:18,2NKK6Mg27XI,179670,13114,0,444
2025-11-26 08:33:18,04-csl0RRJc,53851,1036,0,258
2025-11-26 08:33:18,24VDsNgWNfw,80413,425,0,1
2025-11-26 08:33:18,MarWse2JmWU,287492,3296,0,24
2025-11-26 08:33:18,lUHLwBOY04I,147849,15566,0,316
2025-11-26 08:33:18,jWFQ3A1Dtdg,150771,8767,0,956
2025-11-26 08:33:18,XILnJKGc0yo,132583,17547,0,3072
2025-11-26 08:33:18,MRYXsF2lblY,177018,17598,0,967
2025-11-26 08:33:18,IW_KV5nqWRI,41208,222,0,7
2025-11-26 08:33:18,XtTT5XdZVpw,107954,4440,0,213
2025-11-26 08:33:18,a72dN8ZWPWg,111018,2643,0,1709
2025-11-26 08:33:18,PJyQaQosJpk,73825,847,0,13
2025-11-26 08:33:18,ZXrcsNlbtgs,104982,912,0,0
2025-11-26 08:33:18,zupf7Kwx6v4,138386,2740,0,174
2025-11-26 08:33:18,wUGh03rLZbY,115468,3659,0,257
2025-11-26 08:33:18,GJMOK14mB2c,93296,2468,0,138
2025-11-26 08:33:18,WGyadbTx8bs,259129,10186,0,924
2025-11-26 08:33:18,nDeKfR5iBxY,774513,36614,0,1387
2025-11-26 08:33:18,KSha-fc5EhA,93036,521,0,0
2025-11-26 08:33:18,BNWYJZp2CbQ,46708,432,0,22
2025-11-26 08:33:18,IZ9kqxCDvAs,671890,29106,0,1929
2025-11-26 08:33:18,BT4XRgmCjjQ,210220,,0,33
2025-11-26 08:33:18,cVL4bRjA6X0,349581,34714,0,1279
2025-11-26 08:33:18,Zvh5BE2Guik,243003,10615,0,160
2025-11-26 08:33:18,vQ_NFqtGDgo,40094,11012,0,541
2025-11-26 08:33:18,NIGA89HGTBU,284209,16341,0,814
2025-11-26 08:33:18,Yy2ZovGi-Uk,347355,9334,0,139
2025-11-26 08:33:18,j6TnwWfuf-I,68560,1720,0,99
2025-11-26 08:33:18,SnCG-_lf74w,453566,15779,0,844
2025-11-26 08:33:18,sgi_eji-ysM,268971,5399,0,66
2025-11-26 08:33:18,dCmNVtLsYzA,185394,9329,0,532
2025-11-26 08:33:18,KDC-EOsNzAg,132183,20638,0,565
2025-11-26 08:33:18,oVwGURkvEq4,139810,1739,0,652
2025-11-26 08:33:18,ANU0lVGfWyo,342576,30499,0,2234
2025-11-26 08:33:18,Gth1zEFH2TM,71787,1699,0,48
2025-11-26 08:33:18,JrI4_jUZe98,160696,36056,0,1615
2025-11-26 08:33:18,aHKMl9HVqZQ,103999,3534,0,315
2025-11-26 08:33:18,ygIwtR2txaw,257078,10130,0,246
2025-11-26 08:33:18,JUYQapYmw74,120446,1402,0,3
2025-11-26 08:33:18,QJpTBz916MI,998884,104951,0,2851
2025-11-26 08:33:18,eHmQ_b0LkUA,327778,80780,0,3134
2025-11-26 08:33:18,ex7ieF2B09A,197547,3251,0,173
2025-11-26 08:33:18,tmVYOETfA10,40390,3178,0,86
2025-11-26 08:33:18,xcqjxAXsbHU,523323,26564,0,1172
2025-11-26 08:33:18,JkKNqaEl9Aw,61910,13730,0,1381
2025-11-26 08:33:18,6ixvIIIxwlk,103722,1070,0,0
2025-11-26 08:33:18,VhzqSrscVP8,140183,5863,0,405
2025-11-26 08:33:18,D8gbtByJSI8,76989,372,0,1
2025-11-26 08:33:18,IcWvUlwcKAI,8816,1826,0,144
2025-11-26 08:33:18,G_3xr5desOo,71758,2579,0,101
2025-11-26 08:33:18,hXKJ0gHYQ6E,48570,266,0,19
2025-11-26 08:33:18,xx3ZTvOhNoM,202445,7755,0,52
2025-11-26 08:33:18,-dfR8iYqwK4,184562,3298,0,479
2025-11-26 08:33:18,8j4RM-bBYvA,19140,1195,0,410
2025-11-26 08:33:18,YMxjZF3gtoM,256882,12921,0,756
2025-11-26 08:33:18,ITQYMtkP23E,289716,1385,0,0
2025-11-26 08:33:18,4oml768wFnk,37637,3109,0,159
2025-11-26 08:33:18,dolefeooLzc,332413,5410,0,348
2025-11-26 08:33:18,oLY17RG3OMI,258807,4643,0,274
2025-11-26 08:33:18,BsyEN86cR0U,223581,7077,0,62
2025-11-26 08:33:18,cBPtIHuFa_o,68623,3005,0,346
2025-11-26 08:33:18,0-74AHbFWic,143222,11483,0,623
2025-11-26 08:33:18,4Xt_hR0KNvY,123571,10875,0,2056
2025-11-26 08:33:18,SdVBuVm_Sw8,,700,0,0
2025-11-26 08:33:18,XZ1FhU9XeEc,119563,1688,0,230
2025-11-26 08:33:18,QRTGKxrKBPM,426449,38213,0,987
2025-11-26 08:33:18,9SaAfQ6eACQ,58710,914,0,205
2025-11-26 08:33:18,2HwsSTLuA8A,140327,4085,0,455
2025-11-26 08:33:18,kuetvJE_C_U,150715,3965,0,66
2025-11-26 08:33:18,FFXSoSl_lGg,105675,4812,0,173
2025-11-26 08:33:18,snH3HQSF7Ew,235556,3874,0,685
2025-11-26 08:33:18,I9U5JRfZ4bA,30335,902,0,148
2025-11-26 08:33:18,NkHjY_EaCgY,69549,1345,0,94
2025-11-26 08:33:18,LUQ28DBF7EU,156714,3817,0,315
2025-11-26 08:33:18,UF4n5zmzx9A,199464,4923,0,262
2025-11-26 08:33:18,S3Q33-4q1xo,103466,1224,0,79
2025-11-26 08:33:18,Aj8AmqTQkAs,90847,1106,0,58
2025-11-26 08:33:18,6kWw9Nn4dIY,84043,4836,0,293
2025-11-26 08:33:18,jRgzfKDTI7g,446786,11256,0,342
2025-11-26 08:33:18,hn17tmdaAzQ,654354,6263,0,70
2025-11-26 08:33:18,j-4AHlLg9XA,,104,0,0
2025-11-26 08:33:18,HIE0fSPuvLY,167505,810,0,20
2025-11-26 08:33:18,yRhin7unPeI,162376,4882,0,455
2025-11-26 08:33:18,j-8vLi2sMg0,33645,4699,0,69
2025-11-26 08:33:18,WsLcF1ojgFU,38507,2764,0,396
2025-11-26 08:33:18,eWetBwa4vVI,19639,1697,0,109
2025-11-26 08:33:18,gYEhRoknpZQ,102572,922,0,169
2025-11-25 16:34:35,3rGi2kiSzkA,19631,1594,0,87
2025-11-25 16:34:35,vpXtzSpyV_8,1023449,16275,0,802
2025-11-25 16:34:35,6L7xTio0QyY,63266,4837,0,481
2025-11-25 16:34:35,AmQXv7Pyqvw,72004,936,0,9
2025-11-25 16:34:35,HIE0fSPuvLY,167428,812,0,19
2025-11-25 16:34:35,dx4XsqUGm10,118158,15629,0,1199
2025-11-25 16:34:35,llAI08UYyAw,1777253,299594,0,9982
2025-11-25 16:34:35,24VDsNgWNfw,79733,423,0,1
2025-11-25 16:34:35,dqMImJF-rgA,86075,3276,0,291
2025-11-25 16:34:35,GxXpkps21Kc,294438,12870,0,201
2025-11-25 16:34:35,0-74AHbFWic,132072,11126,0,620
2025-11-25 16:34:35,SdVBuVm_Sw8,,700,0,0
2025-11-25 16:34:35,qIXl45sU0wk,112984,2707,0,21
2025-11-25 16:34:35,fiG_T-0zFT8,427079,28899,0,1416
2025-11-25 16:34:35,VhzqSrscVP8,119283,5353,0,383
2025-11-25 16:34:35,S3Q33-4q1xo,89126,1119,0,77
2025-11-25 16:34:35,2HwsSTLuA8A,135921,4004,0,451
2025-11-25 16:34:35,ygIwtR2txaw,211790,9021,0,238
2025-11-25 16:34:35,wUGh03rLZbY,101352,3412,0,248
2025-11-25 16:34:35,JUYQapYmw74,119963,1402,0,3
2025-11-25 16:34:35,PJyQaQosJpk,69197,808,0,4
2025-11-25 16:34:35,Aj8AmqTQkAs,82411,1029,0,55
2025-11-25 16:34:35,81QYAxvO3Ik,141150,17095,0,1108
2025-11-25 16:34:35,cVL4bRjA6X0,275271,31500,0,1186
2025-11-25 16:34:35,xuL1CDdhsOg,210850,2083,0,1
2025-11-25 16:34:35,YMxjZF3gtoM,189171,10900,0,653
2025-11-25 16:34:35,4-6IONBWRMQ,99570,1572,0,32
2025-11-25 16:34:35,koeM_jz4CdM,300908,12454,0,1323
2025-11-25 16:34:35,QebVV6D641k,214789,1138,0,750
2025-11-25 16:34:35,599nhYHHvQo,,846,0,0
2025-11-25 16:34:35,uOZRP1-dvhA,176078,1826,0,152
2025-11-25 16:34:35,IW14wQJKSC4,84512,3843,0,145
2025-11-25 16:34:35,nbzmTUB-FCs,15413,1205,0,188
2025-11-25 16:34:35,7bqePXphj2g,139043,13184,0,1216
2025-11-25 16:34:35,kCnD_dMyJ3M,55588,2335,0,0
2025-11-25 16:34:35,XZ1FhU9XeEc,54993,1051,0,170
2025-11-25 16:34:35,dolefeooLzc,282491,4969,0,326
2025-11-25 16:34:35,zLfnSXg0jKg,88463,2593,0,120
2025-11-25 16:34:35,QRTGKxrKBPM,379823,36534,0,970
2025-11-25 16:34:35,7SoVjT-0Rhw,17334,1455,0,207
2025-11-25 16:34:35,xcqjxAXsbHU,487551,25921,0,1141
2025-11-25 16:34:35,UF4n5zmzx9A,174453,4539,0,250
2025-11-25 16:34:35,IZ9kqxCDvAs,595294,27453,0,1844
2025-11-25 16:34:35,ZXrcsNlbtgs,104933,914,0,0
2025-11-25 16:34:35,h09ng9lTOEM,167872,1507,0,7
2025-11-25 16:34:35,DG4ax7ec64o,535928,6457,0,297
2025-11-25 16:34:35,UFozBQrnmII,760372,24905,0,407
2025-11-25 16:34:35,ANU0lVGfWyo,248120,26551,0,2084
2025-11-25 16:34:35,PtSwg--FueA,77732,890,0,309
2025-11-25 16:34:35,W3eUZa56o0s,197762,3618,0,1417
2025-11-25 16:34:35,s5dFrPwvbHY,116106,23858,0,1351
2025-11-25 16:34:35,QJpTBz916MI,941987,102451,0,2810
2025-11-25 16:34:35,taSKSaq5qh8,241069,4058,0,34
2025-11-25 16:34:35,4oml768wFnk,32711,2987,0,155
2025-11-25 16:34:35,UfVkyXaTGcs,147861,4227,0,92
2025-11-25 16:34:35,BT4XRgmCjjQ,205857,,0,25
2025-11-25 16:34:35,nDeKfR5iBxY,716142,34310,0,1342
2025-11-25 16:34:35,fiSsGbfus6I,97476,1221,0,813
2025-11-25 16:34:35,FFXSoSl_lGg,91404,4511,0,170
2025-11-25 16:34:35,l57EJ_eLsIc,105361,1176,0,492
2025-11-25 16:34:35,eHmQ_b0LkUA,72679,35294,0,2480
2025-11-25 16:34:35,BDxXPvOdz50,124762,2106,0,558
2025-11-25 16:34:35,x15pDRtzYno,73025,1243,0,168
2025-11-25 16:34:35,8j4RM-bBYvA,11948,1083,0,356
2025-11-25 16:34:35,vMg1KAFAKiY,833915,152234,0,8286
2025-11-25 16:34:35,LUQ28DBF7EU,148541,3724,0,305
2025-11-25 16:34:35,KSha-fc5EhA,92872,524,0,0
2025-11-25 16:34:35,04-csl0RRJc,50298,1014,0,251
2025-11-25 16:34:35,TVqEwvbZP30,1283061,86478,0,7127
2025-11-25 16:34:35,zupf7Kwx6v4,132110,2670,0,173
2025-11-25 16:34:35,_6xcFXlJcX8,98382,1075,0,35
2025-11-25 16:34:35,Pzqzy2ZIcLI,167117,9316,0,44
2025-11-25 16:34:35,oslNxV_8Q2c,243952,10407,0,115
2025-11-25 16:34:35,SWdjfMIkQCg,120262,1900,0,139
2025-11-25 16:34:35,gYEhRoknpZQ,90957,882,0,162
2025-11-25 16:34:35,L6tkKvVCs0Y,154154,11133,0,543
2025-11-25 16:34:35,dCmNVtLsYzA,162838,8464,0,468
2025-11-25 16:34:35,5ftlnz91DaM,119160,8229,0,424
2025-11-25 16:34:35,U7wDhVWgd5w,52809,1092,0,6
2025-11-25 16:34:35,tPMkWfK6N-E,92409,9274,0,466
2025-11-25 16:34:35,Yy2ZovGi-Uk,342546,9264,0,136
2025-11-25 16:34:35,I9U5JRfZ4bA,26636,833,0,139
2025-11-25 16:34:35,9XNqe5r8xHI,419569,5936,0,23
2025-11-25 16:34:35,uQc-pW3QLuI,6671606,121922,0,5115
2025-11-25 16:34:35,IftQ9zQ06-0,65643,1218,0,162
2025-11-25 16:34:35,KO6gxf8vXJQ,228743,527,0,1
2025-11-25 16:34:35,yxXNIzrfPNQ,74993,5513,0,764
2025-11-25 16:34:35,G_3xr5desOo,31259,1685,0,75
2025-11-25 16:34:35,WGyadbTx8bs,135550,6676,0,720
2025-11-25 16:34:35,iKVcCmyqoik,11103,1986,0,75
2025-11-25 16:34:35,HP8qpxRpIW8,265148,18112,0,786
2025-11-25 16:34:35,snH3HQSF7Ew,221545,3747,0,673
2025-11-25 16:34:35,yRhin7unPeI,138864,4513,0,446
2025-11-25 16:34:35,6mP-mEHEQcw,134777,7927,0,1130
2025-11-25 16:34:35,6hIKI8RZ1ys,418755,6936,0,16
2025-11-25 16:34:35,tmVYOETfA10,28862,2669,0,74
2025-11-25 16:34:35,oVwGURkvEq4,133209,1707,0,647
2025-11-25 16:34:35,sgi_eji-ysM,264254,5364,0,65
2025-11-25 16:34:35,lUHLwBOY04I,128696,14158,0,296
2025-11-25 16:34:35,ex7ieF2B09A,157149,2714,0,145
2025-11-25 16:34:35,kuetvJE_C_U,149772,3953,0,66
2025-11-25 16:34:35,KDC-EOsNzAg,100844,17785,0,513
2025-11-25 16:34:35,IcWvUlwcKAI,7645,1678,0,136
2025-11-25 16:34:35,VXsWwTTgt78,248921,11726,0,73
2025-11-25 16:34:35,OWpLhNyqeqg,39417,3797,0,388
2025-11-25 16:34:35,NED7nev2ywQ,35738767,1300474,0,124608
2025-11-25 16:34:35,4l9Ni3tjbwM,1056673,11995,0,117
2025-11-25 16:34:35,gSXQd_5ht0E,384690,21005,0,990
2025-11-25 16:34:35,WsLcF1ojgFU,30289,2535,0,364
2025-11-25 16:34:35,TAL-HXKac80,2374168,66143,0,2125
2025-11-25 16:34:35,XtTT5XdZVpw,79013,4077,0,195
2025-11-25 16:34:35,7gDl4S3wB14,426636,7763,0,750
2025-11-25 16:34:35,jRgzfKDTI7g,411630,10740,0,332
2025-11-25 16:34:35,oLY17RG3OMI,230313,4268,0,260
2025-11-25 16:34:35,tk9FDjJd6zM,25584,547,0,61
2025-11-25 16:34:35,MRYXsF2lblY,144062,16378,0,899
2025-11-25 16:34:35,qJvjFBhQ6vQ,119591,1861,0,55
2025-11-25 16:34:35,hXKJ0gHYQ6E,48284,267,0,17
2025-11-25 16:34:35,dhzVHS8C_nc,82136,485,0,0
2025-11-25 16:34:35,j-4AHlLg9XA,,105,0,0
2025-11-25 16:34:35,-3TOkp_6gRQ,476793,9124,0,76
2025-11-25 16:34:35,DOmdfYIPBXE,300620,2845,0,85
2025-11-25 16:34:35,x_RYZsOfpKY,8120675,230117,0,15008
2025-11-25 16:34:35,f8aS4qwuO7k,142373,8452,0,68
2025-11-25 16:34:35,-dfR8iYqwK4,152326,2977,0,452
2025-11-25 16:34:35,MarWse2JmWU,286609,3299,0,24
2025-11-25 16:34:35,4Xt_hR0KNvY,74452,8538,0,1699
2025-11-25 16:34:35,ayjRv2g2UqY,452043,18518,0,781
2025-11-25 16:34:35,xZFWSWcQ3As,97149,1118,0,71
2025-11-25 16:34:35,4Ddbjkyy2C0,118966,839,0,0
2025-11-25 16:34:35,G36amiUCkXU,195936,20928,0,3692
2025-11-25 16:34:35,k1yXf4L5bnc,94962,2444,0,145
2025-11-25 16:34:35,m0HhR1k9JEw,87607,198,0,4
2025-11-28 06:18:06,Rc8f268ueOE,242305,1946,0,437
2025-11-28 06:18:06,xx3ZTvOhNoM,228128,8089,0,89
2025-11-28 06:18:06,llAI08UYyAw,3400159,372660,0,11128
2025-11-28 06:18:06,F3C87lOmZBM,215204,18207,0,1725
2025-11-28 06:18:06,kuetvJE_C_U,151123,3981,0,66
2025-11-28 06:18:06,vMg1KAFAKiY,1088714,176787,0,9397
2025-11-28 06:18:06,hcJEQXJIALo,126297,4080,0,587
2025-11-28 06:18:06,-3TOkp_6gRQ,493010,9297,0,90
2025-11-28 06:18:06,4_l1VyTNzrs,105932,2431,0,1457
2025-11-28 06:18:06,GVeRDFqNT40,25389,293,0,11
2025-11-28 06:18:06,qUgLxkENl6c,137287,7915,0,366
2025-11-28 06:18:06,5ftlnz91DaM,174032,10180,0,493
2025-11-28 06:18:06,-dfR8iYqwK4,202583,3486,0,493
2025-11-28 06:18:06,snH3HQSF7Ew,248509,4006,0,700
2025-11-28 06:18:06,VXsWwTTgt78,258733,11916,0,72
2025-11-28 06:18:06,WT1LFvt07Gw,101745,1983,0,58
2025-11-28 06:18:06,Iz7mRKij2ao,13073,713,0,27
2025-11-28 06:18:06,IcWvUlwcKAI,10278,1951,0,151
2025-11-28 06:18:06,VWg0218G38c,138058,1620,0,281
2025-11-28 06:18:06,6kWw9Nn4dIY,142304,6358,0,371
2025-11-28 06:18:06,BM13CSsDrV8,17023,551,0,0
2025-11-28 06:18:06,Caa-UHhl8Gw,97769,2769,0,207
2025-11-28 06:18:06,WVVv8Uyok_U,162104,5704,0,832
2025-11-28 06:18:06,7gDl4S3wB14,514792,8519,0,830
2025-11-28 06:18:06,w32-xwPxDFk,24904,1359,0,62
2025-11-28 06:18:06,Nxq6nJJVx5A,225698,7913,0,268
2025-11-28 06:18:06,CvGT2o7-_ZA,81010,1541,0,12
2025-11-28 06:18:06,CZP11p3DklQ,124740,3782,0,150
2025-11-28 06:18:06,oslNxV_8Q2c,242528,10544,0,118
2025-11-28 06:18:06,IftQ9zQ06-0,1275493,2147,0,296
2025-11-28 06:18:06,iBD9LX2ZdDQ,81751,188,0,0
2025-11-28 06:18:06,w0ZQp2CmHHw,197356,2922,0,257
2025-11-28 06:18:06,y7XtQu1z9hw,86916,957,0,149
2025-11-28 06:18:06,VhzqSrscVP8,155623,6124,0,421
2025-11-28 06:18:06,XZ1FhU9XeEc,150820,2025,0,249
2025-11-28 06:18:06,R-ZKjAqlquA,125536,615,0,27
2025-11-28 06:18:06,e0okJjgNTl0,293276,2708,0,7
2025-11-28 06:18:06,ZjN51G8c5-k,62832,767,0,27
2025-11-28 06:18:06,BDxXPvOdz50,162509,2463,0,644
2025-11-28 06:18:06,uOZRP1-dvhA,237032,2401,0,174
2025-11-28 06:18:06,NkHjY_EaCgY,125120,1827,0,108
2025-11-28 06:18:06,PwaldW6SXwE,29771,2647,0,240
2025-11-28 06:18:06,lUHLwBOY04I,189564,17409,0,350
2025-11-28 06:18:06,vQpF9mIiYFU,24061,347,0,22
2025-11-28 06:18:06,MRYXsF2lblY,231246,19301,0,1060
2025-11-28 06:18:06,UiHPfikroWg,73542,911,0,304
2025-11-28 06:18:06,C3jcxlsPYLE,215161,10081,0,86
2025-11-28 06:18:06,bZ2eyQcJ49o,189903,2890,0,392
2025-11-28 06:18:06,LxMaia85m5Y,215974,3994,0,174
2025-11-28 06:18:06,F2B4VITJfb0,128262,2466,0,513
2025-11-28 06:18:06,ineS6XL0vc8,119028,2688,0,96
2025-11-28 06:18:06,0GICIe0Tgf8,21663,1123,0,32
2025-11-28 06:18:06,tmVYOETfA10,71992,3911,0,92
2025-11-28 06:18:06,o3PX7EjBjvg,131864,4158,0,411
2025-11-28 06:18:06,nzbbL07maKA,151438,7260,0,277
2025-11-28 06:18:06,KO6gxf8vXJQ,229077,527,0,1
2025-11-28 06:18:06,5m86CgLR0Fg,103366,6335,0,232
2025-11-28 06:18:06,Am2ElEWNvTY,102894,4620,0,243
2025-11-28 06:18:06,l57EJ_eLsIc,191061,1625,0,624
2025-11-28 06:18:06,u66QoyjtANg,141365,1094,0,0
2025-11-28 06:18:06,4-6IONBWRMQ,110870,1736,0,33
2025-11-28 06:18:06,sEe1U-vDP5k,102466,3231,0,255
2025-11-28 06:18:06,7rd5CtM7oiY,126988,502,0,1
2025-11-28 06:18:06,UfVkyXaTGcs,214827,5352,0,105
2025-11-28 06:18:06,9XNqe5r8xHI,439184,6113,0,28
2025-11-28 06:18:06,8j4RM-bBYvA,33855,1289,0,479
2025-11-28 06:18:06,SnCG-_lf74w,1041023,24457,0,1151
2025-11-28 06:18:06,4Xt_hR0KNvY,186257,13356,0,2492
2025-11-28 06:18:06,Zvh5BE2Guik,256186,10793,0,196
2025-11-28 06:18:06,WGyadbTx8bs,402234,13520,0,1072
2025-11-28 06:18:06,Yy2ZovGi-Uk,353345,9407,0,145
2025-11-28 06:18:06,CXcBo03He2A,47429,4898,0,231
2025-11-28 06:18:06,gYEhRoknpZQ,110481,951,0,163
2025-11-28 06:18:06,JrI4_jUZe98,460015,73258,0,2227
2025-11-28 06:18:06,24VDsNgWNfw,81570,430,0,1
2025-11-28 06:18:06,S3Q33-4q1xo,115143,1327,0,79
2025-11-28 06:18:06,oWv2PwrJkTM,228850,11542,0,119
2025-11-28 06:18:06,1wRkbauiGU8,106711,2552,0,151
2025-11-28 06:18:06,G7eh40XgTiw,93389,1229,0,175
2025-11-28 06:18:06,dqMImJF-rgA,144086,4094,0,341
2025-11-28 06:18:06,D8gbtByJSI8,77261,369,0,2
2025-11-28 06:18:06,cVL4bRjA6X0,454275,37998,0,1349
2025-11-28 06:18:06,u6nhdi1pJWI,16225,1368,0,64
2025-11-28 06:18:06,qRUIGsTq-kU,28484,2612,0,239
2025-11-28 06:18:06,b1OwvLh8HnU,27355,427,0,8
2025-11-28 06:18:06,ANU0lVGfWyo,530898,35888,0,2433
2025-11-28 06:18:06,2j2jXv6Juxc,254897,2940,0,108
2025-11-28 06:18:06,E7so8IVX1qQ,87849,136,0,6
2025-11-28 06:18:06,oVwGURkvEq4,146738,1774,0,661
2025-11-28 06:18:06,dmBAMwBBxoM,178909,4951,0,394
2025-11-28 06:18:06,Z3CtHc6TEj8,125482,1057,0,574
2025-11-28 06:18:06,04-csl0RRJc,56816,1056,0,269
2025-11-28 06:18:06,NUSpibeVoO0,35601,1078,0,102
2025-11-28 06:18:06,ScutqxM3z_s,226822,8886,0,502
2025-11-28 06:18:06,2NKK6Mg27XI,276578,15705,0,492
2025-11-28 06:18:06,nbzmTUB-FCs,24037,1340,0,194
2025-11-28 06:18:06,wEKNPc0cm9Y,19685,681,0,
2025-11-28 06:18:06,4oml768wFnk,50132,3285,0,163
2025-11-28 06:18:06,DOmdfYIPBXE,348546,3158,0,88
2025-11-28 06:18:06,KC0-vIj7piY,246557,19307,0,291
2025-11-28 06:18:06,Gln8wDtITJ4,47398,2993,0,233
2025-11-28 06:18:06,5-o_tvuKSfM,82831,4730,0,173
2025-11-28 06:18:06,x15pDRtzYno,149317,1724,0,198
2025-11-28 06:18:06,0-74AHbFWic,164362,11934,0,625
2025-11-28 06:18:06,fCDvm0Y3qkw,307842,15679,0,199
2025-11-28 06:18:06,Pzqzy2ZIcLI,171869,9483,0,49
2025-11-28 06:18:06,SWdjfMIkQCg,165012,2234,0,164
2025-11-28 06:18:06,Lj1Qi3-zQgg,40926,5483,0,162
2025-11-28 06:18:06,GxXpkps21Kc,305574,13087,0,232
2025-11-28 06:18:06,LUQ28DBF7EU,165446,3927,0,319
2025-11-28 06:18:06,koeM_jz4CdM,402105,15090,0,1488
2025-11-28 06:18:06,MarWse2JmWU,288581,3293,0,25
2025-11-28 06:18:06,dCmNVtLsYzA,207395,10007,0,562
2025-11-28 06:18:06,j-8vLi2sMg0,83957,7342,0,85
2025-11-28 06:18:06,kCnD_dMyJ3M,99415,2751,0,0
2025-11-28 06:18:06,OfuHlytx3rQ,15842,219,0,9
2025-11-28 06:18:06,6-9ej0ztMUA,112185,787,0,61
2025-11-28 06:18:06,sgi_eji-ysM,274762,5453,0,67
2025-11-28 06:18:06,55xYiuSAp5c,306881,4607,0,20
2025-11-28 06:18:06,fiSsGbfus6I,358334,2286,0,1297
2025-11-28 06:18:06,qFdZAyr_xmw,213325,5244,0,699
2025-11-28 06:18:06,SzFd7Tmq7pU,184852,9824,0,55
2025-11-28 06:18:06,h09ng9lTOEM,168295,1509,0,8
2025-11-28 06:18:06,zLfnSXg0jKg,122622,3196,0,137
2025-11-28 06:18:06,LcpCd9VXGjE,334462,1564,0,0
2025-11-28 06:18:06,hn17tmdaAzQ,706188,6539,0,110
2025-11-28 06:18:06,I52yC34Ji2k,366188,48440,0,1782
2025-11-28 06:18:06,tk9FDjJd6zM,41227,725,0,95
2025-11-28 06:18:06,KDC-EOsNzAg,178461,24282,0,613
2025-11-28 06:18:06,TVqEwvbZP30,11796510,113459,0,11988
2025-11-28 06:18:06,UFozBQrnmII,801309,25465,0,427
2025-11-28 06:18:06,8B2XU-fUS58,312204,3866,0,575
2025-11-28 06:18:06,DyINvuS9P34,249253,3006,0,53
2025-11-28 06:18:06,vQ_NFqtGDgo,201762,29836,0,1071
2025-11-28 06:18:06,m0HhR1k9JEw,87611,196,0,5
2025-11-28 06:18:06,HP8qpxRpIW8,1053223,37943,0,1028
2025-11-28 06:18:06,XILnJKGc0yo,269508,20894,0,3758
2025-11-28 06:18:06,2c_b4Q2LIeA,57664,642,0,149
2025-11-28 06:18:06,f8aS4qwuO7k,147950,8612,0,73
2025-11-28 06:18:06,81QYAxvO3Ik,213915,19823,0,1242
2025-11-28 06:18:06,T8w3L1rS3o4,98509,5362,0,129
2025-11-28 06:18:06,P0OLVEm0pfM,66106,194,0,0
2025-11-28 06:18:06,CO0MSU3fqAQ,20892,2501,0,140
2025-11-28 06:18:06,pzLTGAwn0a4,54864,7197,0,486
2025-11-28 06:18:06,_o05ucPBD7g,97786,1606,0,86
2025-11-28 06:18:06,aHKMl9HVqZQ,147149,4438,0,343
2025-11-28 06:18:06,5oKKmCT-_4s,24471,1908,0,157
2025-11-28 06:18:06,hXKJ0gHYQ6E,48889,266,0,22
2025-11-28 06:18:06,ygIwtR2txaw,303128,11233,0,261
2025-11-28 06:18:06,S0UEqkus7FA,328912,12664,0,266
2025-11-28 06:18:06,Em805jfRVXs,314926,5408,0,615
2025-11-28 06:18:06,ZOEZ_cRIkhY,174132,18642,0,1285
2025-11-28 06:18:06,GJMOK14mB2c,115260,2783,0,143
2025-11-28 06:18:06,BiiDN0zgJ2Q,96169,731,0,0
2025-11-28 06:18:06,JoqhTXkGVVk,33066,1246,0,272
2025-11-28 06:18:06,SdVBuVm_Sw8,,698,0,0
2025-11-28 06:18:06,6yMFwpzbQCY,448303,4344,0,262
2025-11-28 06:18:06,ckKFtSlZ5Lw,127297,1525,0,345
2025-11-28 06:18:06,uQc-pW3QLuI,7162239,127485,0,5205
2025-11-28 06:18:06,nDeKfR5iBxY,910958,41895,0,1487
2025-11-28 06:18:06,uGM14iCUu0w,116675,1075,0,488
2025-11-28 06:18:06,OoLflKFs7YY,131860,3251,0,321
2025-11-28 06:18:06,IW14wQJKSC4,110974,4203,0,150
2025-11-28 06:18:06,ST05E_5kn2E,270715,5032,0,336
2025-11-28 06:18:06,ex7ieF2B09A,269602,4135,0,203
2025-11-28 06:18:06,UF4n5zmzx9A,236927,5452,0,274
2025-11-28 06:18:06,BFaHdJVDmXY,73494,4288,0,189
2025-11-28 06:18:06,tdYPGxusaYs,42915,2889,0,156
2025-11-28 06:18:06,NED7nev2ywQ,40578822,1363914,0,133734
2025-11-28 06:18:06,xZFWSWcQ3As,113870,1251,0,80
2025-11-28 06:18:06,DSPV0RT3BJI,84240,,0,
2025-11-28 06:18:06,7SoVjT-0Rhw,34396,1869,0,271
2025-11-28 06:18:06,YMxjZF3gtoM,312126,14299,0,817
2025-11-28 06:18:06,oYKdO-eEHg4,68219,1293,0,237
2025-11-28 06:18:06,KSha-fc5EhA,93142,520,0,0
2025-11-28 06:18:06,jRgzfKDTI7g,490352,11970,0,351
2025-11-28 06:18:06,b29J1g4yWcs,105005,3096,0,260
2025-11-28 06:18:06,x_RYZsOfpKY,13595276,311383,0,18299
2025-11-28 06:18:06,Aj8AmqTQkAs,102963,1204,0,60
2025-11-28 06:18:06,_Vs1T6KpK5g,75084,1157,0,9
2025-11-28 06:18:06,W3eUZa56o0s,231593,3956,0,1528
2025-11-28 06:18:06,qEGsMTo-adg,26680,1904,0,237
2025-11-28 06:18:06,dhzVHS8C_nc,82107,478,0,2
2025-11-28 06:18:06,ayjRv2g2UqY,972340,20594,0,815
2025-11-28 06:18:06,cl-BT6bDxEI,125120,3414,0,195
2025-11-28 06:18:06,PJyQaQosJpk,76478,848,0,15
2025-11-28 06:18:06,eHmQ_b0LkUA,485481,96883,0,3295
2025-11-28 06:18:06,dx4XsqUGm10,227550,18815,0,1383
2025-11-28 06:18:06,BsyEN86cR0U,243591,7417,0,77
2025-11-28 06:18:06,dolefeooLzc,417673,6160,0,387
2025-11-28 06:18:06,iKVcCmyqoik,128770,6080,0,230
2025-11-28 06:18:06,gSXQd_5ht0E,1493281,24140,0,1056
2025-11-28 06:18:06,ITQYMtkP23E,290659,1369,0,0
2025-11-28 06:18:06,6mP-mEHEQcw,284656,11137,0,1426
2025-11-28 06:18:06,QJpTBz916MI,1122959,109015,0,2927
2025-11-28 06:18:06,A3Ki9cI9T9w,110656,2400,0,610
2025-11-28 06:18:06,BT4XRgmCjjQ,217589,,0,35
2025-11-28 06:18:06,miySB69T1xw,510393,13512,0,487
2025-11-28 06:18:06,IrxoY7JdJY0,153021,,0,52
2025-11-28 06:18:06,HQdJ8dMeCHM,122064,719,0,1543
2025-11-28 06:18:06,eLCjlEYBN3U,475665,16629,0,1141
2025-11-28 06:18:06,hQwjPcq63JM,42194,751,0,9
2025-11-28 06:18:06,StcmgD_0aRI,236936,12789,0,2788
2025-11-28 06:18:06,8gAg9uDn2Oo,439410,14261,0,511
2025-11-28 06:18:06,xuL1CDdhsOg,211053,2075,0,1
2025-11-28 06:18:06,IW_KV5nqWRI,42511,226,0,11
2025-11-28 06:18:06,kux5GmbZhVg,25816,1105,0,21
2025-11-28 06:18:06,PtSwg--FueA,164439,1356,0,379
2025-11-28 06:18:06,wUGh03rLZbY,127916,3854,0,258
2025-11-28 06:18:06,eWetBwa4vVI,39198,2580,0,150
2025-11-28 06:18:06,tXJJhKobuas,221502,2949,0,159
2025-11-28 06:18:06,ZXrcsNlbtgs,105029,912,0,0
2025-11-28 06:18:06,kSmHmdAnDYc,266181,7253,0,870
2025-11-28 06:18:06,oLY17RG3OMI,303352,5262,0,289
2025-11-28 06:18:06,G_3xr5desOo,125954,3485,0,135
2025-11-28 06:18:06,6hIKI8RZ1ys,419646,6918,0,18
2025-11-28 06:18:06,dIPZHyTBFz0,204070,2196,0,271
2025-11-28 06:18:06,Gth1zEFH2TM,107879,2173,0,52
2025-11-28 06:18:06,FuGOa47BBqg,48542,1259,0,15
2025-11-28 06:18:06,zupf7Kwx6v4,147585,2830,0,177
2025-11-28 06:18:06,taSKSaq5qh8,253322,4118,0,38
2025-11-28 06:18:06,fiG_T-0zFT8,574877,31439,0,1452
2025-11-28 06:18:06,HIE0fSPuvLY,167552,811,0,20
2025-11-28 06:18:06,IZ9kqxCDvAs,880344,32716,0,2111
2025-11-28 06:18:06,b9z3Iaz5Zrc,162547,7374,0,338
2025-11-28 06:18:06,qIXl45sU0wk,124391,2839,0,27
2025-11-28 06:18:06,JUYQapYmw74,120916,1398,0,3
2025-11-28 06:18:06,z-aco1hi0Iw,162337,1762,0,260
2025-11-28 06:18:06,3-caLm2c1XI,164224,4548,0,539
2025-11-28 06:18:06,4Ddbjkyy2C0,119681,836,0,0
2025-11-28 06:18:06,AmQXv7Pyqvw,72612,940,0,10
2025-11-28 06:18:06,qJvjFBhQ6vQ,196549,2370,0,73
2025-11-28 06:18:06,jWFQ3A1Dtdg,372597,13410,0,1356
2025-11-28 06:18:06,a72dN8ZWPWg,156493,3459,0,1820
2025-11-28 06:18:06,QRTGKxrKBPM,551476,41403,0,1028
2025-11-28 06:18:06,j-4AHlLg9XA,,104,0,0
2025-11-28 06:18:06,Kc7TkgWiWrc,41667,1198,0,45
2025-11-28 06:18:06,OWGd9sHxpvs,129531,3423,0,98
2025-11-28 06:18:06,SMAnw64aTXc,148576,2666,0,1163
2025-11-28 06:18:06,6ixvIIIxwlk,104629,1061,0,0
2025-11-28 06:18:06,vpXtzSpyV_8,4681785,22720,0,1117
2025-11-28 06:18:06,tLBq_jH5FDI,137687,1932,0,186
2025-11-28 06:18:06,OEcTbxi57lE,25792,4580,0,152
2025-11-28 06:18:06,599nhYHHvQo,,835,0,0
2025-11-28 06:18:06,XtTT5XdZVpw,121716,4699,0,217
2025-11-28 06:18:06,QebVV6D641k,236675,1235,0,776
2025-11-28 06:18:06,4l9Ni3tjbwM,1069093,12141,0,125
2025-11-28 06:18:06,k1yXf4L5bnc,117405,2824,0,153
2025-11-28 06:18:06,FFXSoSl_lGg,130697,5164,0,177
2025-11-28 06:18:06,AfKzB2lXo7I,26979,1011,0,56
2025-11-28 06:18:06,vIUORnIS_ug,351980,14130,0,1070
2025-11-28 06:18:06,jvrrjeAYtzs,76267,229,0,0
2025-11-28 06:18:06,yRhin7unPeI,184980,5363,0,467
2025-11-28 06:18:06,n7pO7F_kP0k,152387,18059,0,614
2025-11-28 06:18:06,G36amiUCkXU,524495,29529,0,5805
2025-11-28 06:18:06,mdI6LWIe8Og,10252,796,0,56
2025-11-28 06:18:06,BNWYJZp2CbQ,48907,453,0,22
2025-11-28 06:18:06,JkKNqaEl9Aw,614639,22228,0,1951
2025-11-28 06:18:06,OeMmb--HE6k,204856,5048,0,73
2025-11-28 06:18:06,6oS55kztPlE,26101,1192,0,33
2025-11-28 06:18:06,5UBc2gXGwKc,23569,302,0,9
2025-11-28 06:18:06,tPMkWfK6N-E,118572,10328,0,520
2025-11-28 06:18:06,TAL-HXKac80,3689098,78997,0,2691
2025-11-28 06:18:06,v55qDr_jJFA,35523,2031,0,130
2025-11-28 06:18:06,STXcQAmoLPU,133882,1365,0,1
2025-11-28 06:18:06,-DkSyDEQloM,93616,,0,7
2025-11-28 06:18:06,xjUPVppl1DI,695884,11500,0,487
2025-11-28 06:18:06,NDommbpC80U,206641,2317,0,267
2025-11-28 06:18:06,U7wDhVWgd5w,52121,1097,0,7
2025-11-28 06:18:06,WsLcF1ojgFU,50982,3021,0,430
2025-11-28 06:18:06,cBPtIHuFa_o,103894,3907,0,384
2025-11-28 06:18:06,NIGA89HGTBU,3749887,29646,0,1079
2025-11-28 06:18:06,ES9oYbzYCh8,717066,70337,0,2091
2025-11-28 06:18:06,yxXNIzrfPNQ,119614,6282,0,838
2025-11-28 06:18:06,7bqePXphj2g,281638,18705,0,1608
2025-11-28 06:18:06,_6xcFXlJcX8,114121,1251,0,36
2025-11-28 06:18:06,2HwsSTLuA8A,145387,4164,0,458
2025-11-28 06:18:06,G_oNwC_PjfU,119230,3341,0,373
2025-11-28 06:18:06,5eHGs7lX09s,169610,1563,0,1216
2025-11-28 06:18:06,L6tkKvVCs0Y,507683,13704,0,591
2025-11-28 06:18:06,9SaAfQ6eACQ,79510,1090,0,211
2025-11-28 06:18:06,tGwT5DAU6-s,87200,1497,0,24
2025-11-28 06:18:06,j6TnwWfuf-I,104283,2194,0,116
2025-11-28 06:18:06,YH_PW-Y7LF0,56730,1833,0,97
2025-11-28 06:18:06,s5dFrPwvbHY,233509,32528,0,1488
2025-11-28 06:18:06,rOZV4RZrA3A,205281,2082,0,9
2025-11-28 06:18:06,6L7xTio0QyY,116616,5242,0,505
2025-11-28 06:18:06,3rGi2kiSzkA,59106,2847,0,116
2025-11-28 06:18:06,Bj6tJxDPzoY,277672,11758,0,322
2025-11-28 06:18:06,9jrVtT2nPgQ,48118,5150,0,107
2025-11-28 06:18:06,OWpLhNyqeqg,90833,4941,0,430
2025-11-28 06:18:06,DG4ax7ec64o,736291,8861,0,361
2025-11-28 06:18:06,I9U5JRfZ4bA,36033,991,0,154
2025-11-28 06:18:06,xcqjxAXsbHU,625411,28008,0,1203
2025-11-27 23:20:11,4oml768wFnk,49012,3271,0,163
2025-11-27 23:20:11,SnCG-_lf74w,978463,24000,0,1126
2025-11-27 23:20:11,9XNqe5r8xHI,438221,6100,0,28
2025-11-27 23:20:11,7rd5CtM7oiY,125626,499,0,1
2025-11-27 23:20:11,tdYPGxusaYs,37040,2811,0,152
2025-11-27 23:20:11,NDommbpC80U,186819,2206,0,255
2025-11-27 23:20:11,6-9ej0ztMUA,71634,639,0,60
2025-11-27 23:20:11,5ftlnz91DaM,170902,10126,0,493
2025-11-27 23:20:11,Gln8wDtITJ4,45183,2919,0,230
2025-11-27 23:20:11,wUGh03rLZbY,126798,3844,0,258
2025-11-27 23:20:11,JUYQapYmw74,120879,1398,0,3
2025-11-27 23:20:11,UiHPfikroWg,47380,807,0,299
2025-11-27 23:20:11,dx4XsqUGm10,217903,18684,0,1378
2025-11-27 23:20:11,llAI08UYyAw,3203287,361156,0,10919
2025-11-27 23:20:11,ES9oYbzYCh8,616250,65295,0,1974
2025-11-27 23:20:11,CZP11p3DklQ,119245,3715,0,149
2025-11-27 23:20:11,G36amiUCkXU,493702,29099,0,5699
2025-11-27 23:20:11,WT1LFvt07Gw,66639,1635,0,52
2025-11-27 23:20:11,S3Q33-4q1xo,113998,1326,0,84
2025-11-27 23:20:11,XtTT5XdZVpw,120612,4692,0,217
2025-11-27 23:20:11,0-74AHbFWic,161441,11904,0,624
2025-11-27 23:20:11,yRhin7unPeI,182786,5329,0,467
2025-11-27 23:20:11,Pzqzy2ZIcLI,171582,9477,0,48
2025-11-27 23:20:11,SdVBuVm_Sw8,,698,0,0
2025-11-27 23:20:11,BNWYJZp2CbQ,48754,453,0,22
2025-11-27 23:20:11,oLY17RG3OMI,298455,5214,0,288
2025-11-27 23:20:11,JkKNqaEl9Aw,497851,21491,0,1923
2025-11-27 23:20:11,AmQXv7Pyqvw,72595,940,0,10
2025-11-27 23:20:11,FFXSoSl_lGg,127243,5136,0,177
2025-11-27 23:20:11,BM13CSsDrV8,15865,534,0,0
2025-11-27 23:20:11,FuGOa47BBqg,43229,1231,0,15
2025-11-27 23:20:11,Gth1zEFH2TM,106885,2165,0,52
2025-11-27 23:20:11,kCnD_dMyJ3M,96380,2734,0,0
2025-11-27 23:20:11,HQdJ8dMeCHM,121476,718,0,1543
2025-11-27 23:20:11,xx3ZTvOhNoM,226778,8082,0,90
2025-11-27 23:20:11,mdI6LWIe8Og,5509,651,0,43
2025-11-27 23:20:11,nDeKfR5iBxY,888128,41240,0,1470
2025-11-27 23:20:11,Caa-UHhl8Gw,96312,2753,0,206
2025-11-27 23:20:11,XILnJKGc0yo,257909,20751,0,3732
2025-11-27 23:20:11,Am2ElEWNvTY,87273,4336,0,235
2025-11-27 23:20:11,b29J1g4yWcs,89632,2912,0,250
2025-11-27 23:20:11,iKVcCmyqoik,121084,6036,0,228
2025-11-27 23:20:11,b1OwvLh8HnU,24982,417,0,8
2025-11-27 23:20:11,6oS55kztPlE,24721,1153,0,33
2025-11-27 23:20:11,ckKFtSlZ5Lw,95565,1367,0,334
2025-11-27 23:20:11,Iz7mRKij2ao,12061,697,0,27
2025-11-27 23:20:11,zupf7Kwx6v4,146840,2825,0,177
2025-11-27 23:20:11,ZjN51G8c5-k,26009,610,0,21
2025-11-27 23:20:11,SzFd7Tmq7pU,188861,9800,0,54
2025-11-27 23:20:11,2NKK6Mg27XI,245544,15508,0,491
2025-11-27 23:20:11,6yMFwpzbQCY,411087,4232,0,256
2025-11-27 23:20:11,NED7nev2ywQ,40129300,1353813,0,132577
2025-11-27 23:20:11,6hIKI8RZ1ys,419602,6921,0,18
2025-11-27 23:20:11,ayjRv2g2UqY,924753,20502,0,814
2025-11-27 23:20:11,C3jcxlsPYLE,212536,9996,0,85
2025-11-27 23:20:11,x_RYZsOfpKY,13216550,306239,0,18118
2025-11-27 23:20:11,F3C87lOmZBM,113485,13685,0,1479
2025-11-27 23:20:11,4Xt_hR0KNvY,176958,13176,0,2462
2025-11-27 23:20:11,W3eUZa56o0s,230457,3945,0,1525
2025-11-27 23:20:11,j-4AHlLg9XA,,104,0,0
2025-11-27 23:20:11,qIXl45sU0wk,123581,2834,0,27
2025-11-27 23:20:11,PwaldW6SXwE,28481,2604,0,237
2025-11-27 23:20:11,u66QoyjtANg,141334,1096,0,0
2025-11-27 23:20:11,BiiDN0zgJ2Q,95987,731,0,0
2025-11-27 23:20:11,w32-xwPxDFk,22391,1320,0,60
2025-11-27 23:20:11,0GICIe0Tgf8,20575,1106,0,32
2025-11-27 23:20:11,6L7xTio0QyY,110078,5233,0,505
2025-11-27 23:20:11,aHKMl9HVqZQ,144006,4401,0,341
2025-11-27 23:20:11,VWg0218G38c,128222,1554,0,274
2025-11-27 23:20:11,tLBq_jH5FDI,128710,1904,0,184
2025-11-27 23:20:11,bZ2eyQcJ49o,185329,2859,0,391
2025-11-27 23:20:11,8B2XU-fUS58,124486,2914,0,426
2025-11-27 23:20:11,OeMmb--HE6k,198411,4969,0,72
2025-11-27 23:20:11,UF4n5zmzx9A,231425,5418,0,272
2025-11-27 23:20:11,qFdZAyr_xmw,207550,5190,0,695
2025-11-27 23:20:11,3rGi2kiSzkA,55057,2798,0,114
2025-11-27 23:20:11,kux5GmbZhVg,24172,1081,0,20
2025-11-27 23:20:11,oWv2PwrJkTM,229873,11482,0,118
2025-11-27 23:20:11,ST05E_5kn2E,265128,4994,0,335
2025-11-27 23:20:11,MarWse2JmWU,288482,3292,0,25
2025-11-27 23:20:11,dolefeooLzc,404595,6082,0,382
2025-11-27 23:20:11,y7XtQu1z9hw,47995,734,0,124
2025-11-27 23:20:11,VhzqSrscVP8,154401,6110,0,419
2025-11-27 23:20:11,OEcTbxi57lE,22154,4310,0,150
2025-11-27 23:20:11,hXKJ0gHYQ6E,48859,266,0,21
2025-11-27 23:20:11,Lj1Qi3-zQgg,35477,5225,0,156
2025-11-27 23:20:11,ZXrcsNlbtgs,105024,912,0,0
2025-11-27 23:20:11,TVqEwvbZP30,10868569,111653,0,11534
2025-11-27 23:20:11,HIE0fSPuvLY,167533,811,0,20
2025-11-27 23:20:11,IW_KV5nqWRI,42382,226,0,11
2025-11-27 23:20:11,4Ddbjkyy2C0,119657,836,0,0
2025-11-27 23:20:11,4-6IONBWRMQ,110373,1735,0,33
2025-11-27 23:20:11,dmBAMwBBxoM,172941,4897,0,391
2025-11-27 23:20:11,qEGsMTo-adg,25658,1893,0,234
2025-11-27 23:20:11,U7wDhVWgd5w,52097,1097,0,7
2025-11-27 23:20:11,j-8vLi2sMg0,79775,7179,0,86
2025-11-27 23:20:11,wEKNPc0cm9Y,13703,586,0,
2025-11-27 23:20:11,tGwT5DAU6-s,76471,1383,0,20
2025-11-27 23:20:11,o3PX7EjBjvg,95193,3748,0,372
2025-11-27 23:20:11,Aj8AmqTQkAs,101430,1198,0,59
2025-11-27 23:20:11,jvrrjeAYtzs,76275,229,0,0
2025-11-27 23:20:11,WGyadbTx8bs,383351,13296,0,1071
2025-11-27 23:20:11,sgi_eji-ysM,274308,5451,0,67
2025-11-27 23:20:11,NkHjY_EaCgY,122699,1814,0,107
2025-11-27 23:20:11,fiSsGbfus6I,342999,2246,0,1287
2025-11-27 23:20:11,tk9FDjJd6zM,39897,720,0,91
2025-11-27 23:20:11,7bqePXphj2g,273542,18573,0,1593
2025-11-27 23:20:11,6mP-mEHEQcw,276304,10985,0,1414
2025-11-27 23:20:11,KC0-vIj7piY,244216,19130,0,284
2025-11-27 23:20:11,vMg1KAFAKiY,1075182,175641,0,9359
2025-11-27 23:20:11,cVL4bRjA6X0,440244,37691,0,1345
2025-11-27 23:20:11,nzbbL07maKA,146367,7203,0,276
2025-11-27 23:20:11,XZ1FhU9XeEc,148977,2015,0,249
2025-11-27 23:20:11,KDC-EOsNzAg,172557,23954,0,606
2025-11-27 23:20:11,NIGA89HGTBU,3231954,28895,0,1066
2025-11-27 23:20:11,G_3xr5desOo,118595,3425,0,131
2025-11-27 23:20:11,I9U5JRfZ4bA,35317,981,0,154
2025-11-27 23:20:11,4_l1VyTNzrs,85362,2337,0,1344
2025-11-27 23:20:11,G_oNwC_PjfU,99782,3102,0,356
2025-11-27 23:20:11,b9z3Iaz5Zrc,143368,7113,0,331
2025-11-27 23:20:11,SWdjfMIkQCg,163112,2227,0,164
2025-11-27 23:20:11,7gDl4S3wB14,513286,8519,0,830
2025-11-27 23:20:11,xuL1CDdhsOg,211040,2075,0,1
2025-11-27 23:20:11,gSXQd_5ht0E,1249342,24008,0,1052
2025-11-27 23:20:11,9SaAfQ6eACQ,78666,1087,0,211
2025-11-27 23:20:11,ZOEZ_cRIkhY,75134,15000,0,1047
2025-11-27 23:20:11,kSmHmdAnDYc,253729,7112,0,864
2025-11-27 23:20:11,CvGT2o7-_ZA,80894,1539,0,12
2025-11-27 23:20:11,DyINvuS9P34,244835,2997,0,53
2025-11-27 23:20:11,s5dFrPwvbHY,224288,32182,0,1487
2025-11-27 23:20:11,9jrVtT2nPgQ,42877,4955,0,107
2025-11-27 23:20:11,eHmQ_b0LkUA,462567,94478,0,3275
2025-11-27 23:20:11,xZFWSWcQ3As,113159,1248,0,80
2025-11-27 23:20:11,G7eh40XgTiw,92465,1224,0,175
2025-11-27 23:20:11,BT4XRgmCjjQ,216662,,0,35
2025-11-27 23:20:11,YMxjZF3gtoM,306622,14233,0,805
2025-11-27 23:20:11,TAL-HXKac80,3638899,78426,0,2658
2025-11-27 23:20:11,taSKSaq5qh8,253017,4117,0,38
2025-11-27 23:20:11,CXcBo03He2A,38318,4454,0,215
2025-11-27 23:20:11,24VDsNgWNfw,81476,429,0,1
2025-11-27 23:20:11,BFaHdJVDmXY,72115,4255,0,186
2025-11-27 23:20:11,m0HhR1k9JEw,87608,196,0,5
2025-11-27 23:20:11,oYKdO-eEHg4,39058,1076,0,204
2025-11-27 23:20:11,-DkSyDEQloM,88894,,0,3
2025-11-27 23:20:11,k1yXf4L5bnc,116893,2815,0,153
2025-11-27 23:20:11,rOZV4RZrA3A,205285,2083,0,9
2025-11-27 23:20:11,Kc7TkgWiWrc,39158,1164,0,43
2025-11-27 23:20:11,pzLTGAwn0a4,49621,6980,0,479
2025-11-27 23:20:11,xcqjxAXsbHU,611501,27852,0,1199
2025-11-27 23:20:11,vQ_NFqtGDgo,181806,28130,0,1024
2025-11-27 23:20:11,yxXNIzrfPNQ,116700,6254,0,834
2025-11-27 23:20:11,2HwsSTLuA8A,144556,4148,0,458
2025-11-27 23:20:11,sEe1U-vDP5k,72136,2818,0,236
2025-11-27 23:20:11,gYEhRoknpZQ,109879,952,0,168
2025-11-27 23:20:11,ex7ieF2B09A,261183,4063,0,199
2025-11-27 23:20:11,uOZRP1-dvhA,235672,2396,0,174
2025-11-27 23:20:11,n7pO7F_kP0k,125328,16382,0,590
2025-11-27 23:20:11,LxMaia85m5Y,210646,3958,0,174
2025-11-27 23:20:11,QRTGKxrKBPM,537599,41149,0,1026
2025-11-27 23:20:11,UFozBQrnmII,798291,25442,0,424
2025-11-27 23:20:11,R-ZKjAqlquA,124013,613,0,26
2025-11-27 23:20:11,h09ng9lTOEM,168232,1509,0,8
2025-11-27 23:20:11,jWFQ3A1Dtdg,335481,13156,0,1338
2025-11-27 23:20:11,oVwGURkvEq4,145942,1771,0,661
2025-11-27 23:20:11,4l9Ni3tjbwM,1067881,12133,0,125
2025-11-27 23:20:11,MRYXsF2lblY,224980,19166,0,1058
2025-11-27 23:20:11,VXsWwTTgt78,258019,11906,0,72
2025-11-27 23:20:11,1wRkbauiGU8,104701,2530,0,151
2025-11-27 23:20:11,Rc8f268ueOE,233167,1925,0,432
2025-11-27 23:20:11,ygIwtR2txaw,299212,11178,0,261
2025-11-27 23:20:11,v55qDr_jJFA,31638,1976,0,124
2025-11-27 23:20:11,55xYiuSAp5c,305659,4604,0,19
2025-11-27 23:20:11,04-csl0RRJc,56623,1056,0,269
2025-11-27 23:20:11,lUHLwBOY04I,175130,17226,0,349
2025-11-27 23:20:11,A3Ki9cI9T9w,109624,2390,0,608
2025-11-27 23:20:11,DG4ax7ec64o,711888,8687,0,353
2025-11-27 23:20:11,e0okJjgNTl0,293162,2708,0,7
2025-11-27 23:20:11,xjUPVppl1DI,659345,11244,0,473
2025-11-27 23:20:11,qJvjFBhQ6vQ,192263,2352,0,73
2025-11-27 23:20:11,jRgzfKDTI7g,486375,11929,0,351
2025-11-27 23:20:11,iBD9LX2ZdDQ,81783,188,0,0
2025-11-27 23:20:11,_6xcFXlJcX8,113406,1247,0,36
2025-11-27 23:20:11,Zvh5BE2Guik,255482,10786,0,195
2025-11-27 23:20:11,CO0MSU3fqAQ,18822,2447,0,136
2025-11-27 23:20:11,uQc-pW3QLuI,7123756,127163,0,5199
2025-11-27 23:20:11,qRUIGsTq-kU,25042,2540,0,233
2025-11-27 23:20:11,vIUORnIS_ug,343835,13979,0,1056
2025-11-27 23:20:11,eLCjlEYBN3U,462010,16523,0,1135
2025-11-27 23:20:11,fiG_T-0zFT8,561860,31279,0,1450
2025-11-27 23:20:11,x15pDRtzYno,148208,1724,0,198
2025-11-27 23:20:11,l57EJ_eLsIc,188075,1616,0,619
2025-11-27 23:20:11,tXJJhKobuas,215402,2912,0,159
2025-11-27 23:20:11,tmVYOETfA10,69115,3839,0,92
2025-11-27 23:20:11,7SoVjT-0Rhw,33225,1856,0,269
2025-11-27 23:20:11,IZ9kqxCDvAs,847612,32351,0,2084
2025-11-27 23:20:11,5eHGs7lX09s,141157,1445,0,1179
2025-11-27 23:20:11,UfVkyXaTGcs,212099,5321,0,106
2025-11-27 23:20:11,StcmgD_0aRI,169305,12376,0,2736
2025-11-27 23:20:11,JrI4_jUZe98,435601,71088,0,2205
2025-11-27 23:20:11,SMAnw64aTXc,83465,2267,0,1010
2025-11-27 23:20:11,PtSwg--FueA,159946,1341,0,377
2025-11-27 23:20:11,5-o_tvuKSfM,69734,4405,0,168
2025-11-27 23:20:11,dCmNVtLsYzA,204354,9938,0,559
2025-11-27 23:20:11,qUgLxkENl6c,134693,7884,0,365
2025-11-27 23:20:11,S0UEqkus7FA,326763,12577,0,254
2025-11-27 23:20:11,_o05ucPBD7g,96368,1603,0,86
2025-11-27 23:20:11,PJyQaQosJpk,76295,847,0,15
2025-11-27 23:20:11,WsLcF1ojgFU,49397,3000,0,428
2025-11-27 23:20:11,3-caLm2c1XI,154784,4452,0,534
2025-11-27 23:20:11,a72dN8ZWPWg,155462,3455,0,1820
2025-11-27 23:20:11,D8gbtByJSI8,77244,369,0,2
2025-11-27 23:20:11,Nxq6nJJVx5A,145820,6785,0,236
2025-11-27 23:20:11,cBPtIHuFa_o,101577,3867,0,389
2025-11-27 23:20:11,IftQ9zQ06-0,790520,2116,0,296
2025-11-27 23:20:11,2j2jXv6Juxc,249902,2915,0,108
2025-11-27 23:20:11,I52yC34Ji2k,335953,45739,0,1718
2025-11-27 23:20:11,6ixvIIIxwlk,104577,1062,0,0
2025-11-27 23:20:11,KSha-fc5EhA,93127,520,0,0
2025-11-27 23:20:11,Bj6tJxDPzoY,263770,11564,0,313
2025-11-27 23:20:11,koeM_jz4CdM,398833,15033,0,1488
2025-11-27 23:20:11,ineS6XL0vc8,111744,2626,0,95
2025-11-27 23:20:11,hn17tmdaAzQ,703712,6529,0,109
2025-11-27 23:20:11,f8aS4qwuO7k,147459,8601,0,73
2025-11-27 23:20:11,OWGd9sHxpvs,116657,3221,0,95
2025-11-27 23:20:11,IW14wQJKSC4,108325,4183,0,150
2025-11-27 23:20:11,snH3HQSF7Ew,247970,4003,0,700
2025-11-27 23:20:11,fCDvm0Y3qkw,305393,15642,0,198
2025-11-27 23:20:11,w0ZQp2CmHHw,171986,2769,0,244
2025-11-27 23:20:11,ScutqxM3z_s,214159,8767,0,496
2025-11-27 23:20:11,8gAg9uDn2Oo,420635,14042,0,512
2025-11-27 23:20:11,vQpF9mIiYFU,22749,341,0,22
2025-11-27 23:20:11,tPMkWfK6N-E,116635,10277,0,517
2025-11-27 23:20:11,miySB69T1xw,501780,13427,0,484
2025-11-27 23:20:11,_Vs1T6KpK5g,77203,1155,0,8
2025-11-27 23:20:11,dqMImJF-rgA,143484,4090,0,341
2025-11-27 23:20:11,Em805jfRVXs,296560,5244,0,609
2025-11-27 23:20:11,E7so8IVX1qQ,86360,134,0,5
2025-11-27 23:20:11,IrxoY7JdJY0,148239,,0,51
2025-11-27 23:20:11,STXcQAmoLPU,133846,1365,0,1
2025-11-27 23:20:11,8j4RM-bBYvA,28462,1287,0,475
2025-11-27 23:20:11,5m86CgLR0Fg,68317,5509,0,204
2025-11-27 23:20:11,F2B4VITJfb0,118044,2384,0,469
2025-11-27 23:20:11,hcJEQXJIALo,60273,4002,0,583
2025-11-27 23:20:11,BDxXPvOdz50,162038,2460,0,644
2025-11-27 23:20:11,-dfR8iYqwK4,201935,3483,0,493
2025-11-27 23:20:11,cl-BT6bDxEI,124323,3403,0,195
2025-11-27 23:20:11,OoLflKFs7YY,113714,3045,0,295
2025-11-27 23:20:11,z-aco1hi0Iw,160433,1757,0,260
2025-11-27 23:20:11,GVeRDFqNT40,23959,284,0,11
2025-11-27 23:20:11,DOmdfYIPBXE,348084,3158,0,88
2025-11-27 23:20:11,Yy2ZovGi-Uk,352610,9400,0,145
2025-11-27 23:20:11,P0OLVEm0pfM,66098,194,0,0
2025-11-27 23:20:11,6kWw9Nn4dIY,138006,6305,0,364
2025-11-27 23:20:11,GJMOK14mB2c,114547,2775,0,143
2025-11-27 23:20:11,599nhYHHvQo,,836,0,0
2025-11-27 23:20:11,zLfnSXg0jKg,121262,3183,0,137
2025-11-27 23:20:11,GxXpkps21Kc,305137,13077,0,231
2025-11-27 23:20:11,kuetvJE_C_U,151006,3980,0,66
2025-11-27 23:20:11,HP8qpxRpIW8,976604,35977,0,1009
2025-11-27 23:20:11,ANU0lVGfWyo,509996,35276,0,2413
2025-11-27 23:20:11,-3TOkp_6gRQ,492104,9290,0,89
2025-11-27 23:20:11,dIPZHyTBFz0,201976,2190,0,266
2025-11-27 23:20:11,IcWvUlwcKAI,10125,1943,0,151
2025-11-27 23:20:11,vpXtzSpyV_8,4620379,22318,0,1108
2025-11-27 23:20:11,5UBc2gXGwKc,21606,297,0,9
2025-11-27 23:20:11,WVVv8Uyok_U,145842,5563,0,827
2025-11-27 23:20:11,ITQYMtkP23E,290640,1370,0,0
2025-11-27 23:20:11,NUSpibeVoO0,32338,1049,0,98
2025-11-27 23:20:11,81QYAxvO3Ik,208378,19672,0,1237
2025-11-27 23:20:11,Z3CtHc6TEj8,89689,879,0,539
2025-11-27 23:20:11,L6tkKvVCs0Y,448794,13613,0,589
2025-11-27 23:20:11,QebVV6D641k,235590,1227,0,794
2025-11-27 23:20:11,eWetBwa4vVI,37842,2542,0,147
2025-11-27 23:20:11,dhzVHS8C_nc,82095,480,0,2
2025-11-27 23:20:11,LUQ28DBF7EU,164952,3921,0,320
2025-11-27 23:20:11,OWpLhNyqeqg,86250,4905,0,430
2025-11-27 23:20:11,LcpCd9VXGjE,334555,1566,0,0
2025-11-27 23:20:11,OfuHlytx3rQ,15258,217,0,9
2025-11-27 23:20:11,KO6gxf8vXJQ,229033,527,0,1
2025-11-27 23:20:11,oslNxV_8Q2c,242095,10536,0,118
2025-11-27 23:20:11,QJpTBz916MI,1105343,108560,0,2917
2025-11-27 23:20:11,hQwjPcq63JM,48848,751,0,8
2025-11-27 23:20:11,AfKzB2lXo7I,22384,952,0,53
2025-11-27 23:20:11,DSPV0RT3BJI,83521,,0,
2025-11-27 23:20:11,nbzmTUB-FCs,23385,1338,0,194
2025-11-27 23:20:11,T8w3L1rS3o4,85557,5020,0,123
2025-11-27 23:20:11,BsyEN86cR0U,242716,7412,0,75
2025-11-27 23:20:11,j6TnwWfuf-I,102519,2176,0,116
2025-11-26 00:43:35,MRYXsF2lblY,167880,17248,0,942
2025-11-26 00:43:35,vpXtzSpyV_8,1865649,17729,0,866
2025-11-26 00:43:35,iKVcCmyqoik,63184,4995,0,195
2025-11-26 00:43:35,BsyEN86cR0U,207540,6780,0,50
2025-11-26 00:43:35,f8aS4qwuO7k,145522,8468,0,69
2025-11-26 00:43:35,s5dFrPwvbHY,150442,27204,0,1411
2025-11-26 00:43:35,taSKSaq5qh8,247394,4077,0,37
2025-11-26 00:43:35,xuL1CDdhsOg,211138,2080,0,1
2025-11-26 00:43:35,ZXrcsNlbtgs,104954,912,0,0
2025-11-26 00:43:35,llAI08UYyAw,2003496,312983,0,10203
2025-11-26 00:43:35,dhzVHS8C_nc,82148,480,0,0
2025-11-26 00:43:35,BNWYJZp2CbQ,45774,426,0,20
2025-11-26 00:43:35,QRTGKxrKBPM,413387,37762,0,981
2025-11-26 00:43:35,ITQYMtkP23E,288467,1386,0,0
2025-11-26 00:43:35,tXJJhKobuas,115313,1876,0,129
2025-11-26 00:43:35,MarWse2JmWU,287322,3299,0,24
2025-11-26 00:43:35,ST05E_5kn2E,138168,3217,0,265
2025-11-26 00:43:35,G7eh40XgTiw,61336,1016,0,139
2025-11-26 00:43:35,VhzqSrscVP8,136240,5792,0,403
2025-11-26 00:43:35,LxMaia85m5Y,136523,3202,0,143
2025-11-26 00:43:35,gYEhRoknpZQ,98529,908,0,167
2025-11-26 00:43:35,A3Ki9cI9T9w,35859,1318,0,316
2025-11-26 00:43:35,oLY17RG3OMI,250830,4568,0,270
2025-11-26 00:43:35,xjUPVppl1DI,231617,6743,0,308
2025-11-26 00:43:35,lUHLwBOY04I,140791,15113,0,309
2025-11-26 00:43:35,TVqEwvbZP30,1839047,93256,0,7922
2025-11-26 00:43:35,D8gbtByJSI8,76544,373,0,1
2025-11-26 00:43:35,xZFWSWcQ3As,101739,1165,0,76
2025-11-26 00:43:35,dolefeooLzc,315781,5319,0,337
2025-11-26 00:43:35,6L7xTio0QyY,70132,4974,0,483
2025-11-26 00:43:35,m0HhR1k9JEw,87616,198,0,4
2025-11-26 00:43:35,zLfnSXg0jKg,102766,2869,0,130
2025-11-26 00:43:35,tmVYOETfA10,36933,3060,0,83
2025-11-26 00:43:35,xcqjxAXsbHU,512207,26387,0,1164
2025-11-26 00:43:35,j-4AHlLg9XA,,104,0,0
2025-11-26 00:43:35,W3eUZa56o0s,210128,3742,0,1457
2025-11-26 00:43:35,fiG_T-0zFT8,454803,29469,0,1427
2025-11-26 00:43:35,tPMkWfK6N-E,98774,9554,0,476
2025-11-26 00:43:35,ScutqxM3z_s,61767,5234,0,330
2025-11-26 00:43:35,2NKK6Mg27XI,148907,11862,0,422
2025-11-26 00:43:35,j6TnwWfuf-I,50018,1515,0,92
2025-11-26 00:43:35,dCmNVtLsYzA,175208,9003,0,520
2025-11-26 00:43:35,DSPV0RT3BJI,39585,,0,
2025-11-26 00:43:35,oVwGURkvEq4,137102,1736,0,650
2025-11-26 00:43:35,gSXQd_5ht0E,476942,21832,0,1020
2025-11-26 00:43:35,uOZRP1-dvhA,202799,2085,0,165
2025-11-26 00:43:35,HQdJ8dMeCHM,74257,572,0,1121
2025-11-26 00:43:35,ANU0lVGfWyo,309087,28787,0,2179
2025-11-26 00:43:35,l57EJ_eLsIc,130187,1376,0,547
2025-11-26 00:43:35,4-6IONBWRMQ,103270,1634,0,33
2025-11-26 00:43:35,UF4n5zmzx9A,194010,4873,0,261
2025-11-26 00:43:35,4Xt_hR0KNvY,108743,10340,0,1973
2025-11-26 00:43:35,KDC-EOsNzAg,120951,19893,0,553
2025-11-26 00:43:35,Aj8AmqTQkAs,88761,1093,0,57
2025-11-26 00:43:35,cVL4bRjA6X0,321301,33337,0,1237
2025-11-26 00:43:35,IftQ9zQ06-0,92088,1626,0,217
2025-11-26 00:43:35,4oml768wFnk,36587,3084,0,158
2025-11-26 00:43:35,IW14wQJKSC4,89435,3929,0,146
2025-11-26 00:43:35,DOmdfYIPBXE,322582,2966,0,86
2025-11-26 00:43:35,Pzqzy2ZIcLI,169345,9349,0,46
2025-11-26 00:43:35,j-8vLi2sMg0,18263,3849,0,67
2025-11-26 00:43:35,8j4RM-bBYvA,15054,1179,0,388
2025-11-26 00:43:35,9SaAfQ6eACQ,44909,829,0,194
2025-11-26 00:43:35,599nhYHHvQo,,840,0,0
2025-11-26 00:43:35,WsLcF1ojgFU,36421,2719,0,389
2025-11-26 00:43:35,JrI4_jUZe98,57862,20592,0,1171
2025-11-26 00:43:35,HP8qpxRpIW8,367155,21277,0,834
2025-11-26 00:43:35,zupf7Kwx6v4,136551,2729,0,174
2025-11-26 00:43:35,_6xcFXlJcX8,102747,1137,0,35
2025-11-26 00:43:35,miySB69T1xw,200549,8504,0,369
2025-11-26 00:43:35,vMg1KAFAKiY,902176,159048,0,8570
2025-11-26 00:43:35,ygIwtR2txaw,246997,9954,0,246
2025-11-26 00:43:35,jRgzfKDTI7g,439955,11164,0,340
2025-11-26 00:43:35,sgi_eji-ysM,267405,5384,0,65
2025-11-26 00:43:35,jWFQ3A1Dtdg,58425,6552,0,728
2025-11-26 00:43:35,XZ1FhU9XeEc,108437,1610,0,218
2025-11-26 00:43:35,04-csl0RRJc,53240,1028,0,258
2025-11-26 00:43:35,z-aco1hi0Iw,109660,1463,0,243
2025-11-26 00:43:35,qEGsMTo-adg,13931,1525,0,180
2025-11-26 00:43:35,ayjRv2g2UqY,550250,19237,0,791
2025-11-26 00:43:35,BT4XRgmCjjQ,208832,,0,30
2025-11-26 00:43:35,G_3xr5desOo,61122,2440,0,98
2025-11-26 00:43:35,S3Q33-4q1xo,100050,1214,0,79
2025-11-26 00:43:35,KSha-fc5EhA,92969,522,0,0
2025-11-26 00:43:35,5ftlnz91DaM,136736,9094,0,460
2025-11-26 00:43:35,7SoVjT-0Rhw,22426,1655,0,236
2025-11-26 00:43:35,QebVV6D641k,220487,1163,0,755
2025-11-26 00:43:35,JUYQapYmw74,120342,1402,0,3
2025-11-26 00:43:35,k1yXf4L5bnc,105661,2626,0,150
2025-11-26 00:43:35,SnCG-_lf74w,297188,13789,0,786
2025-11-26 00:43:35,4Ddbjkyy2C0,119436,837,0,0
2025-11-26 00:43:35,-dfR8iYqwK4,178332,3262,0,475
2025-11-26 00:43:35,9XNqe5r8xHI,425321,5986,0,26
2025-11-26 00:43:35,0-74AHbFWic,139897,11431,0,623
2025-11-26 00:43:35,XtTT5XdZVpw,105377,4386,0,212
2025-11-26 00:43:35,4l9Ni3tjbwM,1061941,12053,0,122
2025-11-26 00:43:35,yxXNIzrfPNQ,84622,5784,0,787
2025-11-26 00:43:35,PtSwg--FueA,111283,1147,0,352
2025-11-26 00:43:35,GxXpkps21Kc,303535,12954,0,224
2025-11-26 00:43:35,yRhin7unPeI,157227,4810,0,454
2025-11-26 00:43:35,wUGh03rLZbY,112577,3627,0,256
2025-11-26 00:43:35,GJMOK14mB2c,80428,2324,0,134
2025-11-26 00:43:35,IW_KV5nqWRI,40616,221,0,6
2025-11-26 00:43:35,Gth1zEFH2TM,45047,1444,0,39
2025-11-26 00:43:35,U7wDhVWgd5w,53973,1093,0,6
2025-11-26 00:43:35,cl-BT6bDxEI,94943,2956,0,180
2025-11-26 00:43:35,x15pDRtzYno,110036,1450,0,184
2025-11-26 00:43:35,VXsWwTTgt78,251943,11781,0,73
2025-11-26 00:43:35,u66QoyjtANg,146863,1098,0,0
2025-11-26 00:43:35,eWetBwa4vVI,10395,1352,0,97
2025-11-26 00:43:35,x_RYZsOfpKY,10151468,249787,0,16086
2025-11-26 00:43:35,KO6gxf8vXJQ,228846,526,0,1
2025-11-26 00:43:35,XILnJKGc0yo,99546,16048,0,2847
2025-11-26 00:43:35,OWpLhNyqeqg,53775,4320,0,413
2025-11-26 00:43:35,h09ng9lTOEM,168110,1509,0,8
2025-11-26 00:43:35,e0okJjgNTl0,289569,2704,0,4
2025-11-26 00:43:35,snH3HQSF7Ew,232439,3861,0,685
2025-11-26 00:43:35,nbzmTUB-FCs,16853,1243,0,190
2025-11-26 00:43:35,vIUORnIS_ug,5156,2966,0,289
2025-11-26 00:43:35,LUQ28DBF7EU,154481,3785,0,310
2025-11-26 00:43:35,BDxXPvOdz50,141792,2294,0,612
2025-11-26 00:43:35,NkHjY_EaCgY,36001,1094,0,84
2025-11-26 00:43:35,tk9FDjJd6zM,29829,616,0,70
2025-11-26 00:43:35,TAL-HXKac80,2847639,71126,0,2357
2025-11-26 00:43:35,oslNxV_8Q2c,245924,10447,0,117
2025-11-26 00:43:35,AmQXv7Pyqvw,72516,936,0,10
2025-11-26 00:43:35,ex7ieF2B09A,183947,3084,0,167
2025-11-26 00:43:35,uQc-pW3QLuI,6775070,123266,0,5135
2025-11-26 00:43:35,6mP-mEHEQcw,184688,9021,0,1259
2025-11-26 00:43:35,I9U5JRfZ4bA,29633,892,0,148
2025-11-26 00:43:35,6kWw9Nn4dIY,54090,4155,0,246
2025-11-26 00:43:35,cBPtIHuFa_o,50373,2630,0,322
2025-11-26 00:43:35,FFXSoSl_lGg,101888,4760,0,173
2025-11-26 00:43:35,aHKMl9HVqZQ,83671,3216,0,295
2025-11-26 00:43:35,7bqePXphj2g,199113,16263,0,1429
2025-11-26 00:43:35,7gDl4S3wB14,464916,8085,0,795
2025-11-26 00:43:35,PJyQaQosJpk,71996,835,0,12
2025-11-26 00:43:35,dqMImJF-rgA,112313,3659,0,320
2025-11-26 00:43:35,eHmQ_b0LkUA,224260,65909,0,2955
2025-11-26 00:43:35,qJvjFBhQ6vQ,152006,2082,0,60
2025-11-26 00:43:35,fiSsGbfus6I,181294,1704,0,1093
2025-11-26 00:43:35,QJpTBz916MI,982550,104408,0,2842
2025-11-26 00:43:35,Yy2ZovGi-Uk,345995,9310,0,139
2025-11-26 00:43:35,hXKJ0gHYQ6E,48509,265,0,18
2025-11-26 00:43:35,IcWvUlwcKAI,8497,1798,0,141
2025-11-26 00:43:35,koeM_jz4CdM,346617,13660,0,1417
2025-11-26 00:43:35,kCnD_dMyJ3M,64999,2451,0,0
2025-11-26 00:43:35,3rGi2kiSzkA,31623,2113,0,101
2025-11-26 00:43:35,DG4ax7ec64o,581548,6996,0,309
2025-11-26 00:43:35,YMxjZF3gtoM,239772,12612,0,735
2025-11-26 00:43:35,SWdjfMIkQCg,141211,2084,0,154
2025-11-26 00:43:35,HIE0fSPuvLY,167492,810,0,20
2025-11-26 00:43:35,nDeKfR5iBxY,752192,35798,0,1371
2025-11-26 00:43:35,NIGA89HGTBU,38916,12276,0,696
2025-11-26 00:43:35,dx4XsqUGm10,147344,16966,0,1277
2025-11-26 00:43:35,IZ9kqxCDvAs,649119,28756,0,1909
2025-11-26 00:43:35,UFozBQrnmII,773048,25085,0,415
2025-11-26 00:43:35,6hIKI8RZ1ys,419089,6931,0,18
2025-11-26 00:43:35,Gln8wDtITJ4,23064,1673,0,157
2025-11-26 00:43:35,kuetvJE_C_U,150477,3962,0,66
2025-11-26 00:43:35,qIXl45sU0wk,116728,2752,0,24
2025-11-26 00:43:35,dmBAMwBBxoM,37091,2287,0,269
2025-11-26 00:43:35,G36amiUCkXU,268346,23877,0,4226
2025-11-26 00:43:35,SdVBuVm_Sw8,,700,0,0
2025-11-26 00:43:35,UfVkyXaTGcs,176688,4792,0,98
2025-11-26 00:43:35,a72dN8ZWPWg,105347,2482,0,1651
2025-11-26 00:43:35,-3TOkp_6gRQ,483164,9181,0,84
2025-11-26 00:43:35,NED7nev2ywQ,36591143,1309545,0,125566
2025-11-26 00:43:35,24VDsNgWNfw,80196,425,0,1
2025-11-26 00:43:35,81QYAxvO3Ik,160398,17867,0,1140
2025-11-26 00:43:35,L6tkKvVCs0Y,172087,12061,0,559
2025-11-26 00:43:35,2HwsSTLuA8A,138852,4068,0,455
2025-11-26 00:43:35,WGyadbTx8bs,231543,9731,0,889
2025-11-25 17:56:30,DOmdfYIPBXE,304395,2870,0,85
2025-11-25 17:56:30,UfVkyXaTGcs,151638,4333,0,93
2025-11-25 17:56:30,x_RYZsOfpKY,8579740,233536,0,15205
2025-11-25 17:56:30,ex7ieF2B09A,161456,2778,0,148
2025-11-25 17:56:30,HP8qpxRpIW8,282086,18542,0,790
2025-11-25 17:56:30,llAI08UYyAw,1815825,301226,0,10010
2025-11-25 17:56:30,TVqEwvbZP30,1309878,87630,0,7247
2025-11-25 17:56:30,9XNqe5r8xHI,420485,5941,0,23
2025-11-25 17:56:30,3rGi2kiSzkA,20436,1645,0,91
2025-11-25 17:56:30,dhzVHS8C_nc,82142,484,0,0
2025-11-25 17:56:30,IcWvUlwcKAI,7741,1692,0,136
2025-11-25 17:56:30,qIXl45sU0wk,113622,2716,0,24
2025-11-25 17:56:30,wUGh03rLZbY,102914,3450,0,249
2025-11-25 17:56:30,k1yXf4L5bnc,96133,2493,0,148
2025-11-25 17:56:30,KDC-EOsNzAg,104295,18132,0,523
2025-11-25 17:56:30,nbzmTUB-FCs,15571,1209,0,189
2025-11-25 17:56:30,eHmQ_b0LkUA,99939,40794,0,2602
2025-11-25 17:56:30,VhzqSrscVP8,121578,5454,0,390
2025-11-25 17:56:30,oslNxV_8Q2c,244211,10411,0,116
2025-11-25 17:56:30,gSXQd_5ht0E,389513,21121,0,994
2025-11-25 17:56:30,IW14wQJKSC4,85111,3854,0,145
2025-11-25 17:56:30,l57EJ_eLsIc,109182,1207,0,500
2025-11-25 17:56:30,G36amiUCkXU,203294,21310,0,3761
2025-11-25 17:56:30,4oml768wFnk,33182,3011,0,156
2025-11-25 17:56:30,SWdjfMIkQCg,123595,1939,0,142
2025-11-25 17:56:30,6mP-mEHEQcw,142764,8139,0,1157
2025-11-25 17:56:30,7bqePXphj2g,144544,13573,0,1240
2025-11-25 17:56:30,BT4XRgmCjjQ,206233,,0,25
2025-11-25 17:56:30,cVL4bRjA6X0,282803,31918,0,1194
2025-11-25 17:56:30,7gDl4S3wB14,432688,7850,0,761
2025-11-25 17:56:30,z-aco1hi0Iw,15597,653,0,136
2025-11-25 17:56:30,NED7nev2ywQ,35823209,1301565,0,124767
2025-11-25 17:56:30,IftQ9zQ06-0,67160,1258,0,164
2025-11-25 17:56:30,QebVV6D641k,215460,1144,0,750
2025-11-25 17:56:30,yRhin7unPeI,141199,4568,0,445
2025-11-25 17:56:30,tk9FDjJd6zM,26004,554,0,62
2025-11-25 17:56:30,vMg1KAFAKiY,842270,153129,0,8341
2025-11-25 17:56:30,-dfR8iYqwK4,155629,3032,0,456
2025-11-25 17:56:30,gYEhRoknpZQ,92112,888,0,162
2025-11-25 17:56:30,5ftlnz91DaM,121083,8354,0,428
2025-11-25 17:56:30,L6tkKvVCs0Y,155958,11343,0,545
2025-11-25 17:56:30,YMxjZF3gtoM,194861,11148,0,661
2025-11-25 17:56:30,-3TOkp_6gRQ,477729,9133,0,77
2025-11-25 17:56:30,XZ1FhU9XeEc,67092,1195,0,184
2025-11-25 17:56:30,KO6gxf8vXJQ,228750,526,0,1
2025-11-25 17:56:30,ZXrcsNlbtgs,104933,914,0,0
2025-11-25 17:56:30,0-74AHbFWic,132937,11161,0,620
2025-11-25 17:56:30,vpXtzSpyV_8,1241746,16527,0,818
2025-11-25 17:56:30,8j4RM-bBYvA,12407,1092,0,358
2025-11-25 17:56:30,snH3HQSF7Ew,223173,3765,0,674
2025-11-25 17:56:30,zupf7Kwx6v4,132963,2679,0,174
2025-11-25 17:56:30,04-csl0RRJc,50720,1020,0,254
2025-11-25 17:56:30,IW_KV5nqWRI,31435,215,0,2
2025-11-25 17:56:30,2HwsSTLuA8A,136216,4015,0,452
2025-11-25 17:56:30,24VDsNgWNfw,79807,424,0,1
2025-11-25 17:56:30,U7wDhVWgd5w,52987,1096,0,6
2025-11-25 17:56:30,taSKSaq5qh8,241948,4063,0,35
2025-11-25 17:56:30,PtSwg--FueA,81254,925,0,312
2025-11-25 17:56:30,sgi_eji-ysM,264690,5370,0,65
2025-11-25 17:56:30,UF4n5zmzx9A,177421,4612,0,253
2025-11-25 17:56:30,yxXNIzrfPNQ,76403,5553,0,765
2025-11-25 17:56:30,MarWse2JmWU,286743,3299,0,24
2025-11-25 17:56:30,81QYAxvO3Ik,144684,17294,0,1116
2025-11-25 17:56:30,s5dFrPwvbHY,121292,24550,0,1359
2025-11-25 17:56:30,7SoVjT-0Rhw,17907,1481,0,211
2025-11-25 17:56:30,UFozBQrnmII,762102,24931,0,408
2025-11-25 17:56:30,tPMkWfK6N-E,93202,9316,0,468
2025-11-25 17:56:30,tXJJhKobuas,43781,1026,0,91
2025-11-25 17:56:30,HIE0fSPuvLY,167446,812,0,19
2025-11-25 17:56:30,Pzqzy2ZIcLI,167460,9326,0,44
2025-11-25 17:56:30,nDeKfR5iBxY,719723,34471,0,1349
2025-11-25 17:56:30,WGyadbTx8bs,151625,7409,0,754
2025-11-25 17:56:30,4l9Ni3tjbwM,1057327,12005,0,117
2025-11-25 17:56:30,oLY17RG3OMI,233979,4321,0,262
2025-11-25 17:56:30,JUYQapYmw74,120046,1402,0,3
2025-11-25 17:56:30,VXsWwTTgt78,249347,11737,0,73
2025-11-25 17:56:30,4-6IONBWRMQ,100092,1582,0,32
2025-11-25 17:56:30,FFXSoSl_lGg,92561,4548,0,169
2025-11-25 17:56:30,xZFWSWcQ3As,97785,1130,0,73
2025-11-25 17:56:30,kuetvJE_C_U,149861,3954,0,67
2025-11-25 17:56:30,hXKJ0gHYQ6E,48322,266,0,17
2025-11-25 17:56:30,koeM_jz4CdM,308329,12723,0,1340
2025-11-25 17:56:30,BDxXPvOdz50,127261,2151,0,582
2025-11-25 17:56:30,kCnD_dMyJ3M,57074,2347,0,0
2025-11-25 17:56:30,fiG_T-0zFT8,430376,28979,0,1417
2025-11-25 17:56:30,G_3xr5desOo,33455,1758,0,79
2025-11-25 17:56:30,XtTT5XdZVpw,81095,4161,0,196
2025-11-25 17:56:30,599nhYHHvQo,,846,0,0
2025-11-25 17:56:30,4Xt_hR0KNvY,77044,8726,0,1739
2025-11-25 17:56:30,DG4ax7ec64o,541564,6539,0,301
2025-11-25 17:56:30,AmQXv7Pyqvw,72072,936,0,9
2025-11-25 17:56:30,6hIKI8RZ1ys,418818,6934,0,16
2025-11-25 17:56:30,BNWYJZp2CbQ,32934,386,0,8
2025-11-25 17:56:30,oVwGURkvEq4,133619,1716,0,647
2025-11-25 17:56:30,xuL1CDdhsOg,210874,2083,0,1
2025-11-25 17:56:30,fiSsGbfus6I,108388,1295,0,866
2025-11-25 17:56:30,ANU0lVGfWyo,257524,26959,0,2112
2025-11-25 17:56:30,cl-BT6bDxEI,45368,2065,0,136
2025-11-25 17:56:30,qJvjFBhQ6vQ,123221,1907,0,56
2025-11-25 17:56:30,QRTGKxrKBPM,384032,36710,0,971
2025-11-25 17:56:30,dCmNVtLsYzA,164346,8553,0,489
2025-11-25 17:56:30,h09ng9lTOEM,167909,1509,0,8
2025-11-25 17:56:30,Yy2ZovGi-Uk,342966,9272,0,136
2025-11-25 17:56:30,jRgzfKDTI7g,416280,10838,0,332
2025-11-25 17:56:30,TAL-HXKac80,2423350,67926,0,2202
2025-11-25 17:56:30,LUQ28DBF7EU,149556,3736,0,309
2025-11-25 17:56:30,OWpLhNyqeqg,40829,3871,0,390
2025-11-25 17:56:30,iKVcCmyqoik,18025,2649,0,114
2025-11-25 17:56:30,lUHLwBOY04I,130165,14282,0,299
2025-11-25 17:56:30,WsLcF1ojgFU,31136,2561,0,367
2025-11-25 17:56:30,uQc-pW3QLuI,6688385,122131,0,5118
2025-11-25 17:56:30,ygIwtR2txaw,216504,9222,0,240
2025-11-25 17:56:30,dx4XsqUGm10,121606,15870,0,1212
2025-11-25 17:56:30,xjUPVppl1DI,39837,2188,0,118
2025-11-25 17:56:30,zLfnSXg0jKg,90216,2640,0,122
2025-11-25 17:56:30,QJpTBz916MI,946784,102782,0,2817
2025-11-25 17:56:30,m0HhR1k9JEw,87609,198,0,4
2025-11-25 17:56:30,xcqjxAXsbHU,490420,25988,0,1142
2025-11-25 17:56:30,4Ddbjkyy2C0,119011,838,0,0
2025-11-25 17:56:30,IZ9kqxCDvAs,600505,27603,0,1851
2025-11-25 17:56:30,MRYXsF2lblY,148519,16566,0,908
2025-11-25 17:56:30,_6xcFXlJcX8,98932,1085,0,35
2025-11-25 17:56:30,dolefeooLzc,287311,5029,0,329
2025-11-25 17:56:30,PJyQaQosJpk,69674,810,0,5
2025-11-25 17:56:30,tmVYOETfA10,29968,2734,0,74
2025-11-25 17:56:30,SdVBuVm_Sw8,,700,0,0
2025-11-25 17:56:30,I9U5JRfZ4bA,26994,845,0,140
2025-11-25 17:56:30,x15pDRtzYno,79109,1324,0,173
2025-11-25 17:56:30,ayjRv2g2UqY,456430,18609,0,781
2025-11-25 17:56:30,S3Q33-4q1xo,90125,1134,0,77
2025-11-25 17:56:30,KSha-fc5EhA,92898,524,0,0
2025-11-25 17:56:30,dqMImJF-rgA,90671,3405,0,302
2025-11-25 17:56:30,f8aS4qwuO7k,142806,8467,0,68
2025-11-25 17:56:30,j-4AHlLg9XA,,105,0,0
2025-11-25 17:56:30,Aj8AmqTQkAs,83091,1036,0,55
2025-11-25 17:56:30,GxXpkps21Kc,295603,12908,0,205
2025-11-25 17:56:30,uOZRP1-dvhA,179320,1876,0,156
2025-11-25 17:56:30,6L7xTio0QyY,63903,4858,0,482
2025-11-25 17:56:30,W3eUZa56o0s,199210,3647,0,1425
2025-11-25 15:58:55,4-6IONBWRMQ,99365,1568,0,32
2025-11-25 15:58:55,k1yXf4L5bnc,94465,2425,0,144
2025-11-25 15:58:55,xuL1CDdhsOg,210835,2083,0,1
2025-11-25 15:58:55,f8aS4qwuO7k,142167,8446,0,68
2025-11-25 15:58:55,W3eUZa56o0s,197339,3612,0,1416
2025-11-25 15:58:55,sgi_eji-ysM,264063,5363,0,64
2025-11-25 15:58:55,81QYAxvO3Ik,139676,17034,0,1106
2025-11-25 15:58:55,4oml768wFnk,32500,2980,0,154
2025-11-25 15:58:55,4l9Ni3tjbwM,1056307,11992,0,117
2025-11-25 15:58:55,2HwsSTLuA8A,135776,3997,0,451
2025-11-25 15:58:55,zupf7Kwx6v4,131829,2666,0,173
2025-11-25 15:58:55,24VDsNgWNfw,79683,423,0,1
2025-11-25 15:58:55,lUHLwBOY04I,128071,14111,0,295
2025-11-25 15:58:55,jRgzfKDTI7g,410133,10698,0,331
2025-11-25 15:58:55,tmVYOETfA10,28437,2644,0,74
2025-11-25 15:58:55,tPMkWfK6N-E,92057,9255,0,466
2025-11-25 15:58:55,UF4n5zmzx9A,173205,4516,0,249
2025-11-25 15:58:55,WGyadbTx8bs,130344,6414,0,713
2025-11-25 15:58:55,L6tkKvVCs0Y,153155,11043,0,542
2025-11-25 15:58:55,MRYXsF2lblY,142501,16293,0,893
2025-11-25 15:58:55,I9U5JRfZ4bA,26509,831,0,138
2025-11-25 15:58:55,ANU0lVGfWyo,244438,26361,0,2075
2025-11-25 15:58:55,4Ddbjkyy2C0,118956,839,0,0
2025-11-25 15:58:55,U7wDhVWgd5w,52725,1091,0,6
2025-11-25 15:58:55,IZ9kqxCDvAs,593524,27408,0,1841
2025-11-25 15:58:55,gSXQd_5ht0E,382768,20950,0,990
2025-11-25 15:58:55,hXKJ0gHYQ6E,48266,267,0,17
2025-11-25 15:58:55,dolefeooLzc,280083,4932,0,325
2025-11-25 15:58:55,QRTGKxrKBPM,377809,36474,0,968
2025-11-25 15:58:55,HIE0fSPuvLY,167428,812,0,19
2025-11-25 15:58:55,fiSsGbfus6I,91716,1181,0,791
2025-11-25 15:58:55,DG4ax7ec64o,533320,6420,0,295
2025-11-25 15:58:55,oslNxV_8Q2c,243847,10403,0,115
2025-11-25 15:58:55,VhzqSrscVP8,118363,5306,0,380
2025-11-25 15:58:55,gYEhRoknpZQ,90462,878,0,162
2025-11-25 15:58:55,TAL-HXKac80,2358035,65691,0,2103
2025-11-25 15:58:55,dhzVHS8C_nc,82134,485,0,0
2025-11-25 15:58:55,KDC-EOsNzAg,99087,17611,0,510
2025-11-25 15:58:55,Yy2ZovGi-Uk,342375,9259,0,136
2025-11-25 15:58:55,599nhYHHvQo,,846,0,0
2025-11-25 15:58:55,uQc-pW3QLuI,6662582,121824,0,5113
2025-11-25 15:58:55,8j4RM-bBYvA,11757,1077,0,352
2025-11-25 15:58:55,FFXSoSl_lGg,90968,4499,0,170
2025-11-25 15:58:55,_6xcFXlJcX8,98068,1072,0,35
2025-11-25 15:58:55,OWpLhNyqeqg,38804,3770,0,388
2025-11-25 15:58:55,-dfR8iYqwK4,151063,2953,0,450
2025-11-25 15:58:55,UfVkyXaTGcs,146448,4186,0,90
2025-11-25 15:58:55,qIXl45sU0wk,112726,2701,0,21
2025-11-25 15:58:55,IftQ9zQ06-0,65027,1208,0,161
2025-11-25 15:58:55,taSKSaq5qh8,240623,4055,0,34
2025-11-25 15:58:55,yxXNIzrfPNQ,74603,5497,0,763
2025-11-25 15:58:55,Aj8AmqTQkAs,82165,1027,0,55
2025-11-25 15:58:55,j-4AHlLg9XA,,105,0,0
2025-11-25 15:58:55,fiG_T-0zFT8,425765,28871,0,1416
2025-11-25 15:58:55,m0HhR1k9JEw,87598,198,0,4
2025-11-25 15:58:55,MarWse2JmWU,286560,3299,0,24
2025-11-25 15:58:55,9XNqe5r8xHI,419230,5933,0,23
2025-11-25 15:58:55,xcqjxAXsbHU,486520,25898,0,1141
2025-11-25 15:58:55,yRhin7unPeI,137970,4495,0,446
2025-11-25 15:58:55,6L7xTio0QyY,63024,4826,0,481
2025-11-25 15:58:55,Pzqzy2ZIcLI,166992,9312,0,43
2025-11-25 15:58:55,ayjRv2g2UqY,450498,18475,0,779
2025-11-25 15:58:55,vpXtzSpyV_8,856316,16155,0,791
2025-11-25 15:58:55,xZFWSWcQ3As,96859,1114,0,71
2025-11-25 15:58:55,0-74AHbFWic,131701,11117,0,620
2025-11-25 15:58:55,JUYQapYmw74,119943,1402,0,3
2025-11-25 15:58:55,BDxXPvOdz50,123625,2087,0,547
2025-11-25 15:58:55,S3Q33-4q1xo,88575,1114,0,77
2025-11-25 15:58:55,G_3xr5desOo,30433,1653,0,74
2025-11-25 15:58:55,uOZRP1-dvhA,174534,1817,0,152
2025-11-25 15:58:55,7SoVjT-0Rhw,17174,1440,0,205
2025-11-25 15:58:55,-3TOkp_6gRQ,476346,9123,0,75
2025-11-25 15:58:55,h09ng9lTOEM,167872,1507,0,7
2025-11-25 15:58:55,dCmNVtLsYzA,162164,8443,0,468
2025-11-25 15:58:55,wUGh03rLZbY,100942,3397,0,247
2025-11-25 15:58:55,6mP-mEHEQcw,132258,7830,0,1119
2025-11-25 15:58:55,ygIwtR2txaw,209908,8945,0,238
2025-11-25 15:58:55,s5dFrPwvbHY,113761,23563,0,1342
2025-11-25 15:58:55,x_RYZsOfpKY,8067436,228524,0,14926
2025-11-25 15:58:55,DOmdfYIPBXE,299742,2826,0,84
2025-11-25 15:58:55,YMxjZF3gtoM,186952,10807,0,650
2025-11-25 15:58:55,G36amiUCkXU,192302,20781,0,3666
2025-11-25 15:58:55,dx4XsqUGm10,116235,15552,0,1198
2025-11-25 15:58:55,ZXrcsNlbtgs,104933,914,0,0
2025-11-25 15:58:55,XtTT5XdZVpw,78272,4050,0,194
2025-11-25 15:58:55,SdVBuVm_Sw8,,700,0,0
2025-11-25 15:58:55,GxXpkps21Kc,293932,12855,0,200
2025-11-25 15:58:55,PJyQaQosJpk,69007,806,0,4
2025-11-25 15:58:55,PtSwg--FueA,76202,878,0,308
2025-11-25 15:58:55,zLfnSXg0jKg,87743,2574,0,120
2025-11-25 15:58:55,4Xt_hR0KNvY,73146,8466,0,1684
2025-11-25 15:58:55,llAI08UYyAw,1761323,298876,0,9972
2025-11-25 15:58:55,KSha-fc5EhA,92862,524,0,0
2025-11-25 15:58:55,cVL4bRjA6X0,272392,31305,0,1184
2025-11-25 15:58:55,TVqEwvbZP30,1273054,85975,0,7067
2025-11-25 15:58:55,tk9FDjJd6zM,25427,544,0,60
2025-11-25 15:58:55,5ftlnz91DaM,118223,8197,0,424
2025-11-25 15:58:55,BT4XRgmCjjQ,205649,,0,25
2025-11-25 15:58:55,HP8qpxRpIW8,258762,17913,0,785
2025-11-25 15:58:55,NED7nev2ywQ,35680228,1300021,0,124549
2025-11-25 15:58:55,AmQXv7Pyqvw,71979,936,0,9
2025-11-25 15:58:55,ex7ieF2B09A,155085,2684,0,143
2025-11-25 15:58:55,LUQ28DBF7EU,148168,3715,0,305
2025-11-25 15:58:55,UFozBQrnmII,759646,24892,0,407
2025-11-25 15:58:55,vMg1KAFAKiY,830067,151846,0,8273
2025-11-25 15:58:55,QJpTBz916MI,940207,102332,0,2807
2025-11-25 15:58:55,6hIKI8RZ1ys,418733,6935,0,16
2025-11-25 15:58:55,VXsWwTTgt78,248762,11721,0,73
2025-11-25 15:58:55,KO6gxf8vXJQ,228736,527,0,1
2025-11-25 15:58:55,x15pDRtzYno,71863,1210,0,167
2025-11-25 15:58:55,nDeKfR5iBxY,714814,34242,0,1341
2025-11-25 15:58:55,kCnD_dMyJ3M,55093,2326,0,0
2025-11-25 15:58:55,dqMImJF-rgA,85102,3205,0,287
2025-11-25 15:58:55,QebVV6D641k,214418,1136,0,749
2025-11-25 15:58:55,oLY17RG3OMI,228866,4248,0,259
2025-11-25 15:58:55,IW14wQJKSC4,84269,3842,0,145
2025-11-25 15:58:55,kuetvJE_C_U,149716,3953,0,66
2025-11-25 15:58:55,qJvjFBhQ6vQ,118358,1848,0,55
2025-11-25 15:58:55,7gDl4S3wB14,425231,7720,0,747
2025-11-25 15:58:55,IcWvUlwcKAI,7595,1674,0,136
2025-11-25 15:58:55,7bqePXphj2g,136368,13054,0,1203
2025-11-25 15:58:55,snH3HQSF7Ew,220929,3734,0,670
2025-11-25 15:58:55,oVwGURkvEq4,133052,1706,0,647
2025-11-25 15:58:55,koeM_jz4CdM,298371,12341,0,1319
2025-11-25 15:58:55,l57EJ_eLsIc,103928,1162,0,487
2025-11-25 15:58:55,nbzmTUB-FCs,15342,1204,0,188
2025-11-25 15:58:55,04-csl0RRJc,50120,1014,0,251
2025-11-25 15:58:55,WsLcF1ojgFU,30011,2519,0,360
2025-11-25 15:58:55,3rGi2kiSzkA,19284,1581,0,87
2025-11-25 15:58:55,iKVcCmyqoik,8449,1698,0,64
2025-11-25 15:58:55,eHmQ_b0LkUA,57145,32154,0,2421
2025-11-25 15:58:55,SWdjfMIkQCg,118907,1883,0,136
2025-11-26 18:43:01,taSKSaq5qh8,249739,4104,0,38
2025-11-26 18:43:01,8j4RM-bBYvA,21314,1218,0,426
2025-11-26 18:43:01,4l9Ni3tjbwM,1060867,12076,0,124
2025-11-26 18:43:01,Pzqzy2ZIcLI,170142,9416,0,47
2025-11-26 18:43:01,04-csl0RRJc,54622,1044,0,263
2025-11-26 18:43:01,DOmdfYIPBXE,332515,3063,0,87
2025-11-26 18:43:01,TAL-HXKac80,3216576,74168,0,2475
2025-11-26 18:43:01,koeM_jz4CdM,369646,14316,0,1457
2025-11-26 18:43:01,nDeKfR5iBxY,800745,37921,0,1414
2025-11-26 18:43:01,x15pDRtzYno,123385,1581,0,192
2025-11-26 18:43:01,b1OwvLh8HnU,9809,252,0,7
2025-11-26 18:43:01,gYEhRoknpZQ,105946,932,0,169
2025-11-26 18:43:01,TVqEwvbZP30,3618746,101334,0,9045
2025-11-26 18:43:01,6kWw9Nn4dIY,103495,5440,0,328
2025-11-26 18:43:01,XtTT5XdZVpw,111972,4552,0,217
2025-11-26 18:43:01,VXsWwTTgt78,254836,11844,0,73
2025-11-26 18:43:01,Zvh5BE2Guik,252176,10772,0,188
2025-11-26 18:43:01,yRhin7unPeI,168323,5021,0,461
2025-11-26 18:43:01,ScutqxM3z_s,124283,6913,0,410
2025-11-26 18:43:01,wUGh03rLZbY,119160,3732,0,256
2025-11-26 18:43:01,A3Ki9cI9T9w,90448,2139,0,552
2025-11-26 18:43:01,3rGi2kiSzkA,41018,2370,0,106
2025-11-26 18:43:01,qIXl45sU0wk,119415,2781,0,25
2025-11-26 18:43:01,f8aS4qwuO7k,145070,8541,0,71
2025-11-26 18:43:01,kux5GmbZhVg,7839,635,0,13
2025-11-26 18:43:01,Em805jfRVXs,149180,3453,0,437
2025-11-26 18:43:01,LUQ28DBF7EU,160080,3861,0,317
2025-11-26 18:43:01,81QYAxvO3Ik,180314,18737,0,1189
2025-11-26 18:43:01,iKVcCmyqoik,88696,5533,0,208
2025-11-26 18:43:01,4oml768wFnk,41054,3157,0,160
2025-11-26 18:43:01,FFXSoSl_lGg,110768,4898,0,174
2025-11-26 18:43:01,WsLcF1ojgFU,41375,2836,0,407
2025-11-26 18:43:01,SWdjfMIkQCg,151940,2157,0,161
2025-11-26 18:43:01,oVwGURkvEq4,141584,1753,0,654
2025-11-26 18:43:01,P0OLVEm0pfM,65956,194,0,0
2025-11-26 18:43:01,qJvjFBhQ6vQ,172807,2195,0,63
2025-11-26 18:43:01,55xYiuSAp5c,286401,4518,0,14
2025-11-26 18:43:01,vQpF9mIiYFU,6863,237,0,22
2025-11-26 18:43:01,oslNxV_8Q2c,247629,10488,0,117
2025-11-26 18:43:01,zupf7Kwx6v4,141097,2762,0,174
2025-11-26 18:43:01,qUgLxkENl6c,28237,3872,0,236
2025-11-26 18:43:01,IcWvUlwcKAI,9147,1863,0,145
2025-11-26 18:43:01,5ftlnz91DaM,153363,9637,0,482
2025-11-26 18:43:01,JkKNqaEl9Aw,105413,17462,0,1638
2025-11-26 18:43:01,7bqePXphj2g,234207,17372,0,1502
2025-11-26 18:43:01,BM13CSsDrV8,6260,337,0,0
2025-11-26 18:43:01,2j2jXv6Juxc,32856,918,0,32
2025-11-26 18:43:01,Rc8f268ueOE,149743,1628,0,379
2025-11-26 18:43:01,ITQYMtkP23E,290293,1383,0,0
2025-11-26 18:43:01,2HwsSTLuA8A,141350,4104,0,456
2025-11-26 18:43:01,6L7xTio0QyY,78833,5079,0,491
2025-11-26 18:43:01,BT4XRgmCjjQ,211470,,0,34
2025-11-26 18:43:01,IftQ9zQ06-0,114757,1834,0,254
2025-11-26 18:43:01,tXJJhKobuas,170672,2452,0,145
2025-11-26 18:43:01,UfVkyXaTGcs,193705,5052,0,104
2025-11-26 18:43:01,4Ddbjkyy2C0,119575,836,0,0
2025-11-26 18:43:01,24VDsNgWNfw,80713,426,0,1
2025-11-26 18:43:01,KDC-EOsNzAg,143756,21718,0,583
2025-11-26 18:43:01,NIGA89HGTBU,1018658,20341,0,923
2025-11-26 18:43:01,yxXNIzrfPNQ,96808,5982,0,809
2025-11-26 18:43:01,DG4ax7ec64o,624896,7459,0,319
2025-11-26 18:43:01,hXKJ0gHYQ6E,48641,266,0,19
2025-11-26 18:43:01,kCnD_dMyJ3M,76745,2561,0,0
2025-11-26 18:43:01,tmVYOETfA10,48890,3348,0,88
2025-11-26 18:43:01,PJyQaQosJpk,74926,849,0,15
2025-11-26 18:43:01,eWetBwa4vVI,26564,2077,0,125
2025-11-26 18:43:01,j-4AHlLg9XA,,104,0,0
2025-11-26 18:43:01,ex7ieF2B09A,217707,3561,0,187
2025-11-26 18:43:01,z-aco1hi0Iw,143843,1670,0,256
2025-11-26 18:43:01,UFozBQrnmII,785751,25243,0,420
2025-11-26 18:43:01,7gDl4S3wB14,486352,8302,0,813
2025-11-26 18:43:01,AmQXv7Pyqvw,72663,938,0,10
2025-11-26 18:43:01,BFaHdJVDmXY,42422,3277,0,144
2025-11-26 18:43:01,L6tkKvVCs0Y,270110,12835,0,572
2025-11-26 18:43:01,GxXpkps21Kc,302544,13022,0,227
2025-11-26 18:43:01,dx4XsqUGm10,173086,17612,0,1331
2025-11-26 18:43:01,I9U5JRfZ4bA,31447,917,0,150
2025-11-26 18:43:01,jWFQ3A1Dtdg,219780,10995,0,1127
2025-11-26 18:43:01,Caa-UHhl8Gw,49298,1958,0,169
2025-11-26 18:43:01,tPMkWfK6N-E,105743,9880,0,495
2025-11-26 18:43:01,GJMOK14mB2c,103146,2628,0,139
2025-11-26 18:43:01,HIE0fSPuvLY,167513,811,0,20
2025-11-26 18:43:01,Aj8AmqTQkAs,93380,1128,0,59
2025-11-26 18:43:01,U7wDhVWgd5w,51992,1097,0,6
2025-11-26 18:43:01,HP8qpxRpIW8,581530,27310,0,915
2025-11-26 18:43:01,6mP-mEHEQcw,225783,9948,0,1334
2025-11-26 18:43:01,IZ9kqxCDvAs,710375,29802,0,1964
2025-11-26 18:43:01,cVL4bRjA6X0,376744,35854,0,1298
2025-11-26 18:43:01,YMxjZF3gtoM,269714,13318,0,767
2025-11-26 18:43:01,vMg1KAFAKiY,994543,168151,0,8983
2025-11-26 18:43:01,XZ1FhU9XeEc,131364,1838,0,242
2025-11-26 18:43:01,DyINvuS9P34,43815,1194,0,37
2025-11-26 18:43:01,xuL1CDdhsOg,211230,2078,0,1
2025-11-26 18:43:01,KO6gxf8vXJQ,228891,526,0,1
2025-11-26 18:43:01,0-74AHbFWic,148083,11599,0,626
2025-11-26 18:43:01,fCDvm0Y3qkw,288266,15286,0,171
2025-11-26 18:43:01,miySB69T1xw,364418,11549,0,447
2025-11-26 18:43:01,jRgzfKDTI7g,459505,11508,0,345
2025-11-26 18:43:01,S3Q33-4q1xo,106691,1262,0,82
2025-11-26 18:43:01,kSmHmdAnDYc,68707,3350,0,497
2025-11-26 18:43:01,cl-BT6bDxEI,114028,3243,0,187
2025-11-26 18:43:01,j-8vLi2sMg0,49226,5573,0,78
2025-11-26 18:43:01,a72dN8ZWPWg,130954,3007,0,1755
2025-11-26 18:43:01,G7eh40XgTiw,77069,1146,0,159
2025-11-26 18:43:01,tk9FDjJd6zM,33305,656,0,76
2025-11-26 18:43:01,UF4n5zmzx9A,207600,5079,0,266
2025-11-26 18:43:01,h09ng9lTOEM,168323,1511,0,8
2025-11-26 18:43:01,ANU0lVGfWyo,394272,31937,0,2289
2025-11-26 18:43:01,j6TnwWfuf-I,84752,1966,0,111
2025-11-26 18:43:01,qEGsMTo-adg,20226,1734,0,211
2025-11-26 18:43:01,e0okJjgNTl0,292373,2711,0,6
2025-11-26 18:43:01,LxMaia85m5Y,176588,3636,0,166
2025-11-26 18:43:01,I52yC34Ji2k,146703,26598,0,1154
2025-11-26 18:43:01,CvGT2o7-_ZA,80575,1532,0,9
2025-11-26 18:43:01,WGyadbTx8bs,296770,11267,0,994
2025-11-26 18:43:01,IW_KV5nqWRI,41723,225,0,9
2025-11-26 18:43:01,xcqjxAXsbHU,544511,26875,0,1183
2025-11-26 18:43:01,kuetvJE_C_U,150398,3972,0,66
2025-11-26 18:43:01,nzbbL07maKA,28842,3542,0,187
2025-11-26 18:43:01,PwaldW6SXwE,20184,2262,0,210
2025-11-26 18:43:01,NkHjY_EaCgY,96252,1586,0,99
2025-11-26 18:43:01,_6xcFXlJcX8,107412,1186,0,35
2025-11-26 18:43:01,cBPtIHuFa_o,83055,3419,0,366
2025-11-26 18:43:01,m0HhR1k9JEw,87633,198,0,5
2025-11-26 18:43:01,CZP11p3DklQ,56766,2463,0,116
2025-11-26 18:43:01,6hIKI8RZ1ys,419357,6928,0,18
2025-11-26 18:43:01,uOZRP1-dvhA,222177,2273,0,171
2025-11-26 18:43:01,SnCG-_lf74w,617016,19064,0,952
2025-11-26 18:43:01,QJpTBz916MI,1021762,105801,0,2874
2025-11-26 18:43:01,JrI4_jUZe98,284159,53741,0,1965
2025-11-26 18:43:01,vIUORnIS_ug,276202,12780,0,976
2025-11-26 18:43:01,lUHLwBOY04I,154715,16033,0,321
2025-11-26 18:43:01,BNWYJZp2CbQ,47675,443,0,22
2025-11-26 18:43:01,dqMImJF-rgA,124410,3881,0,336
2025-11-26 18:43:01,dCmNVtLsYzA,190947,9507,0,544
2025-11-26 18:43:01,dmBAMwBBxoM,116650,4002,0,363
2025-11-26 18:43:01,dhzVHS8C_nc,82164,480,0,1
2025-11-26 18:43:01,k1yXf4L5bnc,111377,2709,0,150
2025-11-26 18:43:01,ygIwtR2txaw,271332,10497,0,254
2025-11-26 18:43:01,nbzmTUB-FCs,19354,1285,0,191
2025-11-26 18:43:01,G36amiUCkXU,345884,25535,0,4589
2025-11-26 18:43:01,vQ_NFqtGDgo,86741,17433,0,738
2025-11-26 18:43:01,6oS55kztPlE,10784,842,0,24
2025-11-26 18:43:01,ST05E_5kn2E,213639,4216,0,306
2025-11-26 18:43:01,fiG_T-0zFT8,490731,30089,0,1434
2025-11-26 18:43:01,7SoVjT-0Rhw,27022,1742,0,251
2025-11-26 18:43:01,l57EJ_eLsIc,159169,1516,0,585
2025-11-26 18:43:01,ZXrcsNlbtgs,104993,911,0,0
2025-11-26 18:43:01,xjUPVppl1DI,459103,9175,0,395
2025-11-26 18:43:01,Kc7TkgWiWrc,16486,732,0,30
2025-11-26 18:43:01,s5dFrPwvbHY,178505,29271,0,1457
2025-11-26 18:43:01,4Xt_hR0KNvY,137236,11556,0,2192
2025-11-26 18:43:01,MRYXsF2lblY,190818,18117,0,997
2025-11-26 18:43:01,xx3ZTvOhNoM,215103,7963,0,70
2025-11-26 18:43:01,fiSsGbfus6I,254438,1936,0,1179
2025-11-26 18:43:01,dIPZHyTBFz0,80452,1399,0,192
2025-11-26 18:43:01,BDxXPvOdz50,153259,2398,0,632
2025-11-26 18:43:01,u66QoyjtANg,141282,1099,0,0
2025-11-26 18:43:01,-3TOkp_6gRQ,487353,9234,0,88
2025-11-26 18:43:01,KSha-fc5EhA,93085,521,0,0
2025-11-26 18:43:01,599nhYHHvQo,,839,0,0
2025-11-26 18:43:01,XILnJKGc0yo,177130,19056,0,3337
2025-11-26 18:43:01,QRTGKxrKBPM,455422,38927,0,993
2025-11-26 18:43:01,MarWse2JmWU,287817,3295,0,24
2025-11-26 18:43:01,sgi_eji-ysM,270673,5422,0,67
2025-11-26 18:43:01,b9z3Iaz5Zrc,53404,3983,0,255
2025-11-26 18:43:01,ayjRv2g2UqY,724633,19727,0,802
2025-11-26 18:43:01,NED7nev2ywQ,38100690,1328624,0,128801
2025-11-26 18:43:01,0GICIe0Tgf8,9151,797,0,28
2025-11-26 18:43:01,gSXQd_5ht0E,641949,22572,0,1029
2025-11-26 18:43:01,9SaAfQ6eACQ,70023,1024,0,209
2025-11-26 18:43:01,6ixvIIIxwlk,104173,1068,0,0
2025-11-26 18:43:01,W3eUZa56o0s,218522,3828,0,1496
2025-11-26 18:43:01,xZFWSWcQ3As,107585,1207,0,78
2025-11-26 18:43:01,snH3HQSF7Ew,240695,3929,0,694
2025-11-26 18:43:01,Gln8wDtITJ4,32927,2359,0,194
2025-11-26 18:43:01,4-6IONBWRMQ,106626,1685,0,33
2025-11-26 18:43:01,VhzqSrscVP8,144834,5963,0,407
2025-11-26 18:43:01,Yy2ZovGi-Uk,348491,9357,0,142
2025-11-26 18:43:01,uQc-pW3QLuI,6955787,125288,0,5158
2025-11-26 18:43:01,dolefeooLzc,350804,5631,0,365
2025-11-26 18:43:01,IW14wQJKSC4,95469,4011,0,148
2025-11-26 18:43:01,DSPV0RT3BJI,74172,,0,
2025-11-26 18:43:01,PtSwg--FueA,137208,1245,0,371
2025-11-26 18:43:01,x_RYZsOfpKY,11304395,278453,0,17246
2025-11-26 18:43:01,hn17tmdaAzQ,682120,6432,0,96
2025-11-26 18:43:01,qFdZAyr_xmw,82980,3210,0,480
2025-11-26 18:43:01,D8gbtByJSI8,77140,372,0,2
2025-11-26 18:43:01,G_3xr5desOo,83743,2814,0,107
2025-11-26 18:43:01,OWpLhNyqeqg,66870,4592,0,422
2025-11-26 18:43:01,-dfR8iYqwK4,191495,3383,0,484
2025-11-26 18:43:01,llAI08UYyAw,2545090,337929,0,10596
2025-11-26 18:43:01,oLY17RG3OMI,271200,4816,0,277
2025-11-26 18:43:01,2NKK6Mg27XI,203080,14140,0,462
2025-11-26 18:43:01,v55qDr_jJFA,12287,1250,0,85
2025-11-26 18:43:01,HQdJ8dMeCHM,109121,697,0,1524
2025-11-26 18:43:01,eHmQ_b0LkUA,381520,86525,0,3213
2025-11-26 18:43:01,1wRkbauiGU8,30791,1376,0,89
2025-11-26 18:43:01,vpXtzSpyV_8,3639216,20299,0,1030
2025-11-26 18:43:01,SdVBuVm_Sw8,,699,0,0
2025-11-26 18:43:01,QebVV6D641k,227707,1192,0,780
2025-11-26 18:43:01,9XNqe5r8xHI,431672,6035,0,26
2025-11-26 18:43:01,JUYQapYmw74,120750,1401,0,3
2025-11-26 18:43:01,BsyEN86cR0U,232574,7297,0,71
2025-11-26 18:43:01,zLfnSXg0jKg,111570,3046,0,136
2025-11-26 18:43:01,aHKMl9HVqZQ,118954,3910,0,331
2025-11-26 18:43:01,Gth1zEFH2TM,90697,1970,0,50
2025-11-25 02:40:25,SWdjfMIkQCg,78619,1515,0,123
2025-11-25 02:40:25,x15pDRtzYno,54425,1005,0,152
2025-11-25 02:40:25,fiG_T-0zFT8,400204,28341,0,1406
2025-11-25 02:40:25,dhzVHS8C_nc,82190,486,0,0
2025-11-25 02:40:25,4l9Ni3tjbwM,1049789,11946,0,115
2025-11-25 02:40:25,I9U5JRfZ4bA,24380,790,0,133
2025-11-25 02:40:25,qIXl45sU0wk,109527,2632,0,19
2025-11-25 02:40:25,LUQ28DBF7EU,134616,3552,0,297
2025-11-25 02:40:25,qJvjFBhQ6vQ,81136,1543,0,47
2025-11-25 02:40:25,0-74AHbFWic,123924,10795,0,618
2025-11-25 02:40:25,nbzmTUB-FCs,13932,1162,0,186
2025-11-25 02:40:25,UfVkyXaTGcs,91598,3269,0,71
2025-11-25 02:40:25,hXKJ0gHYQ6E,48010,268,0,17
2025-11-25 02:40:25,2HwsSTLuA8A,131770,3924,0,446
2025-11-25 02:40:25,4Xt_hR0KNvY,46203,6665,0,1398
2025-11-25 02:40:25,uOZRP1-dvhA,147945,1547,0,134
2025-11-25 02:40:25,zLfnSXg0jKg,64604,2127,0,105
2025-11-25 02:40:25,JUYQapYmw74,119354,1400,0,2
2025-11-25 02:40:25,24VDsNgWNfw,78887,421,0,1
2025-11-25 02:40:25,yRhin7unPeI,110559,3938,0,420
2025-11-25 02:40:25,xcqjxAXsbHU,465777,25509,0,1132
2025-11-25 02:40:25,kuetvJE_C_U,148760,3931,0,66
2025-11-25 02:40:25,tmVYOETfA10,18426,2118,0,64
2025-11-25 02:40:25,XtTT5XdZVpw,53796,3377,0,171
2025-11-25 02:40:25,Pzqzy2ZIcLI,166931,9156,0,39
2025-11-25 02:40:25,nDeKfR5iBxY,684205,32904,0,1315
2025-11-25 02:40:25,wUGh03rLZbY,89790,3170,0,240
2025-11-25 02:40:25,DG4ax7ec64o,493024,5975,0,285
2025-11-25 02:40:25,ayjRv2g2UqY,339382,17815,0,761
2025-11-25 02:40:25,Aj8AmqTQkAs,76302,960,0,54
2025-11-25 02:40:25,HIE0fSPuvLY,167545,812,0,19
2025-11-25 02:40:25,IftQ9zQ06-0,42198,935,0,115
2025-11-25 02:40:25,k1yXf4L5bnc,82497,2215,0,139
2025-11-25 02:40:25,gYEhRoknpZQ,64833,752,0,152
2025-11-25 02:40:25,s5dFrPwvbHY,66590,17033,0,1167
2025-11-25 02:40:25,oLY17RG3OMI,203057,3842,0,246
2025-11-25 02:40:25,DOmdfYIPBXE,287729,2720,0,83
2025-11-25 02:40:25,h09ng9lTOEM,166668,1506,0,6
2025-11-25 02:40:25,TVqEwvbZP30,1035982,70550,0,5778
2025-11-25 02:40:25,tk9FDjJd6zM,21519,488,0,56
2025-11-25 02:40:25,S3Q33-4q1xo,71500,973,0,74
2025-11-25 02:40:25,x_RYZsOfpKY,5304779,174144,0,12228
2025-11-25 02:40:25,FFXSoSl_lGg,81749,4271,0,167
2025-11-25 02:40:25,koeM_jz4CdM,236551,10427,0,1144
2025-11-25 02:40:25,oslNxV_8Q2c,241404,10344,0,112
2025-11-25 02:40:25,-dfR8iYqwK4,116319,2552,0,412
2025-11-25 02:40:25,KSha-fc5EhA,92622,524,0,0
2025-11-25 02:40:25,-3TOkp_6gRQ,463531,8989,0,64
2025-11-25 02:40:25,IcWvUlwcKAI,6571,1514,0,124
2025-11-25 02:40:25,Yy2ZovGi-Uk,340988,9199,0,132
2025-11-25 02:40:25,tPMkWfK6N-E,85248,8813,0,454
2025-11-25 02:40:25,vpXtzSpyV_8,141377,11497,0,622
2025-11-25 02:40:25,ygIwtR2txaw,157199,7537,0,226
2025-11-25 02:40:25,dx4XsqUGm10,75269,12630,0,1050
2025-11-25 02:40:25,6L7xTio0QyY,51746,4663,0,468
2025-11-25 02:40:25,TAL-HXKac80,1260123,49660,0,1710
2025-11-25 02:40:25,7gDl4S3wB14,403579,7447,0,743
2025-11-25 02:40:25,AmQXv7Pyqvw,71474,935,0,8
2025-11-25 02:40:25,599nhYHHvQo,102984,845,0,0
2025-11-25 02:40:25,VhzqSrscVP8,95794,4664,0,339
2025-11-25 02:40:25,4oml768wFnk,27578,2855,0,153
2025-11-25 02:40:25,VXsWwTTgt78,253312,11631,0,70
2025-11-25 02:40:25,6mP-mEHEQcw,93022,6451,0,962
2025-11-25 02:40:25,dqMImJF-rgA,71283,2795,0,271
2025-11-25 02:40:25,xuL1CDdhsOg,218021,2081,0,0
2025-11-25 02:40:25,sgi_eji-ysM,259741,5317,0,63
2025-11-25 02:40:25,YMxjZF3gtoM,124751,8610,0,553
2025-11-25 02:40:25,ANU0lVGfWyo,134231,19444,0,1652
2025-11-25 02:40:25,ex7ieF2B09A,113441,2140,0,112
2025-11-25 02:40:25,QJpTBz916MI,904290,100608,0,2777
2025-11-25 02:40:25,7bqePXphj2g,45069,7456,0,898
2025-11-25 02:40:25,BT4XRgmCjjQ,202137,,0,22
2025-11-25 02:40:25,IZ9kqxCDvAs,555846,26571,0,1806
2025-11-25 02:40:25,MarWse2JmWU,296563,3303,0,20
2025-11-25 02:40:25,NED7nev2ywQ,34007436,1280175,0,121756
2025-11-25 02:40:25,dolefeooLzc,242484,4602,0,313
2025-11-25 02:40:25,ZXrcsNlbtgs,105010,915,0,0
2025-11-25 02:40:25,WsLcF1ojgFU,23094,2186,0,307
2025-11-25 02:40:25,6hIKI8RZ1ys,418290,6942,0,16
2025-11-25 02:40:25,81QYAxvO3Ik,101858,14523,0,954
2025-11-25 02:40:25,llAI08UYyAw,1028359,233164,0,8773
2025-11-25 02:40:25,4-6IONBWRMQ,92847,1513,0,31
2025-11-25 02:40:25,KDC-EOsNzAg,68341,13839,0,437
2025-11-25 02:40:25,_6xcFXlJcX8,88252,969,0,32
2025-11-25 02:40:25,UFozBQrnmII,758794,24663,0,393
2025-11-25 02:40:25,OWpLhNyqeqg,24382,3101,0,345
2025-11-25 02:40:25,MRYXsF2lblY,102141,13780,0,761
2025-11-25 02:40:25,G36amiUCkXU,109296,16575,0,3025
2025-11-25 02:40:25,l57EJ_eLsIc,51169,748,0,309
2025-11-25 02:40:25,snH3HQSF7Ew,210667,3608,0,666
2025-11-25 02:40:25,f8aS4qwuO7k,135209,8214,0,65
2025-11-25 02:40:25,SdVBuVm_Sw8,94642,701,0,0
2025-11-25 02:40:25,04-csl0RRJc,43371,946,0,215
2025-11-25 02:40:25,oVwGURkvEq4,127896,1668,0,639
2025-11-25 02:40:25,yxXNIzrfPNQ,62709,5223,0,717
2025-11-25 02:40:25,zupf7Kwx6v4,126864,2602,0,171
2025-11-25 02:40:25,xZFWSWcQ3As,85110,1022,0,63
2025-11-25 02:40:25,L6tkKvVCs0Y,122809,9115,0,492
2025-11-25 02:40:25,UF4n5zmzx9A,156488,4165,0,237
2025-11-25 02:40:25,W3eUZa56o0s,189439,3495,0,1368
2025-11-25 02:40:25,uQc-pW3QLuI,6353598,118306,0,5061
2025-11-25 02:40:25,9XNqe5r8xHI,410683,5882,0,23
2025-11-25 02:40:25,QebVV6D641k,199776,1070,0,706
2025-11-25 02:40:25,5ftlnz91DaM,101424,7377,0,405
2025-11-25 02:40:25,KO6gxf8vXJQ,228966,526,0,1
2025-11-25 02:40:25,gSXQd_5ht0E,336221,20151,0,968
2025-11-25 02:40:25,dCmNVtLsYzA,132299,7278,0,419
2025-11-25 02:40:25,vMg1KAFAKiY,697284,137971,0,7771
2025-11-25 02:40:25,jRgzfKDTI7g,382006,10196,0,323
2025-11-25 02:40:25,QRTGKxrKBPM,342710,35362,0,956
2025-11-25 02:40:25,IW14wQJKSC4,79607,3748,0,143
2025-11-25 02:40:25,8j4RM-bBYvA,7827,904,0,286
2025-11-25 02:40:25,lUHLwBOY04I,113704,12810,0,282
2025-11-25 02:40:25,GxXpkps21Kc,258442,12193,0,134
2025-11-25 02:40:25,kCnD_dMyJ3M,43941,2141,0,0
2025-11-25 02:40:25,m0HhR1k9JEw,87474,199,0,4
2025-11-26 04:30:56,KDC-EOsNzAg,129927,20358,0,557
2025-11-26 04:30:56,e0okJjgNTl0,290581,2704,0,5
2025-11-26 04:30:56,xZFWSWcQ3As,103339,1172,0,77
2025-11-26 04:30:56,HQdJ8dMeCHM,90319,617,0,1281
2025-11-26 04:30:56,fiG_T-0zFT8,463183,29604,0,1427
2025-11-26 04:30:56,NkHjY_EaCgY,63835,1223,0,89
2025-11-26 04:30:56,koeM_jz4CdM,352722,13735,0,1423
2025-11-26 04:30:56,snH3HQSF7Ew,234939,3867,0,684
2025-11-26 04:30:56,QJpTBz916MI,993319,104712,0,2847
2025-11-26 04:30:56,ayjRv2g2UqY,597051,19329,0,793
2025-11-26 04:30:56,Yy2ZovGi-Uk,346917,9322,0,139
2025-11-26 04:30:56,fiSsGbfus6I,209456,1786,0,1124
2025-11-26 04:30:56,SnCG-_lf74w,417938,15021,0,819
2025-11-26 04:30:56,ygIwtR2txaw,255030,10057,0,246
2025-11-26 04:30:56,j6TnwWfuf-I,64542,1614,0,98
2025-11-26 04:30:56,XtTT5XdZVpw,107244,4418,0,212
2025-11-26 04:30:56,m0HhR1k9JEw,87624,198,0,4
2025-11-26 04:30:56,kuetvJE_C_U,150648,3964,0,66
2025-11-26 04:30:56,2HwsSTLuA8A,139969,4079,0,455
2025-11-26 04:30:56,KO6gxf8vXJQ,228855,526,0,1
2025-11-26 04:30:56,JUYQapYmw74,120407,1402,0,3
2025-11-26 04:30:56,Gth1zEFH2TM,66546,1578,0,47
2025-11-26 04:30:56,2NKK6Mg27XI,171573,12623,0,430
2025-11-26 04:30:56,jRgzfKDTI7g,444967,11209,0,340
2025-11-26 04:30:56,7SoVjT-0Rhw,23942,1685,0,242
2025-11-26 04:30:56,hn17tmdaAzQ,641008,6162,0,54
2025-11-26 04:30:56,nbzmTUB-FCs,17301,1251,0,191
2025-11-26 04:30:56,PtSwg--FueA,124124,1178,0,358
2025-11-26 04:30:56,DG4ax7ec64o,596376,7051,0,310
2025-11-26 04:30:56,VXsWwTTgt78,252944,11796,0,73
2025-11-26 04:30:56,x15pDRtzYno,110712,1456,0,184
2025-11-26 04:30:56,GJMOK14mB2c,90915,2405,0,137
2025-11-26 04:30:56,dhzVHS8C_nc,82155,480,0,0
2025-11-26 04:30:56,U7wDhVWgd5w,51679,1094,0,6
2025-11-26 04:30:56,D8gbtByJSI8,76850,373,0,1
2025-11-26 04:30:56,IcWvUlwcKAI,8709,1811,0,142
2025-11-26 04:30:56,gSXQd_5ht0E,514220,21926,0,1022
2025-11-26 04:30:56,ANU0lVGfWyo,328465,29699,0,2210
2025-11-26 04:30:56,BT4XRgmCjjQ,209817,,0,32
2025-11-26 04:30:56,GxXpkps21Kc,300550,12969,0,227
2025-11-26 04:30:56,lUHLwBOY04I,145731,15376,0,310
2025-11-26 04:30:56,OWpLhNyqeqg,58406,4372,0,415
2025-11-26 04:30:56,I52yC34Ji2k,22034,8077,0,526
2025-11-26 04:30:56,Pzqzy2ZIcLI,168903,9364,0,46
2025-11-26 04:30:56,s5dFrPwvbHY,160048,27695,0,1426
2025-11-26 04:30:56,G7eh40XgTiw,64079,1020,0,140
2025-11-26 04:30:56,oslNxV_8Q2c,246387,10452,0,117
2025-11-26 04:30:56,TVqEwvbZP30,2434089,95424,0,8352
2025-11-26 04:30:56,SWdjfMIkQCg,145019,2102,0,154
2025-11-26 04:30:56,yRhin7unPeI,161515,4846,0,454
2025-11-26 04:30:56,llAI08UYyAw,2156460,321345,0,10322
2025-11-26 04:30:56,G36amiUCkXU,290314,24177,0,4289
2025-11-26 04:30:56,MarWse2JmWU,287443,3298,0,24
2025-11-26 04:30:56,z-aco1hi0Iw,123278,1525,0,250
2025-11-26 04:30:56,zLfnSXg0jKg,105769,2900,0,130
2025-11-26 04:30:56,5ftlnz91DaM,142572,9220,0,467
2025-11-26 04:30:56,WsLcF1ojgFU,38037,2743,0,393
2025-11-26 04:30:56,0-74AHbFWic,142574,11454,0,623
2025-11-26 04:30:56,tXJJhKobuas,134266,2008,0,134
2025-11-26 04:30:56,ST05E_5kn2E,167393,3443,0,273
2025-11-26 04:30:56,l57EJ_eLsIc,138271,1400,0,557
2025-11-26 04:30:56,xjUPVppl1DI,322355,7434,0,329
2025-11-26 04:30:56,dmBAMwBBxoM,63593,2710,0,296
2025-11-26 04:30:56,4l9Ni3tjbwM,1063574,12058,0,122
2025-11-26 04:30:56,tk9FDjJd6zM,31232,618,0,72
2025-11-26 04:30:56,xcqjxAXsbHU,520302,26479,0,1168
2025-11-26 04:30:56,dx4XsqUGm10,154166,17067,0,1285
2025-11-26 04:30:56,xuL1CDdhsOg,211145,2080,0,1
2025-11-26 04:30:56,dCmNVtLsYzA,181121,9192,0,528
2025-11-26 04:30:56,sgi_eji-ysM,268135,5390,0,66
2025-11-26 04:30:56,KSha-fc5EhA,93020,521,0,0
2025-11-26 04:30:56,dqMImJF-rgA,112897,3662,0,320
2025-11-26 04:30:56,6hIKI8RZ1ys,419159,6930,0,18
2025-11-26 04:30:56,9XNqe5r8xHI,427695,6004,0,26
2025-11-26 04:30:56,W3eUZa56o0s,211026,3745,0,1458
2025-11-26 04:30:56,6ixvIIIxwlk,102766,1066,0,0
2025-11-26 04:30:56,LUQ28DBF7EU,156121,3797,0,312
2025-11-26 04:30:56,WGyadbTx8bs,255106,10065,0,912
2025-11-26 04:30:56,7gDl4S3wB14,466651,8097,0,795
2025-11-26 04:30:56,QRTGKxrKBPM,422910,37969,0,985
2025-11-26 04:30:56,f8aS4qwuO7k,143396,8485,0,70
2025-11-26 04:30:56,S3Q33-4q1xo,102897,1222,0,79
2025-11-26 04:30:56,L6tkKvVCs0Y,196615,12275,0,563
2025-11-26 04:30:56,qEGsMTo-adg,17020,1588,0,190
2025-11-26 04:30:56,LxMaia85m5Y,151214,3339,0,153
2025-11-26 04:30:56,kCnD_dMyJ3M,67354,2471,0,0
2025-11-26 04:30:56,UF4n5zmzx9A,198334,4904,0,262
2025-11-26 04:30:56,4-6IONBWRMQ,104281,1644,0,33
2025-11-26 04:30:56,BsyEN86cR0U,220262,6939,0,57
2025-11-26 04:30:56,u66QoyjtANg,146863,1100,0,0
2025-11-26 04:30:56,aHKMl9HVqZQ,99740,3412,0,306
2025-11-26 04:30:56,81QYAxvO3Ik,165963,18087,0,1151
2025-11-26 04:30:56,BDxXPvOdz50,144241,2308,0,614
2025-11-26 04:30:56,NED7nev2ywQ,36984888,1315309,0,127101
2025-11-26 04:30:56,UFozBQrnmII,776944,25127,0,416
2025-11-26 04:30:56,ITQYMtkP23E,289419,1385,0,0
2025-11-26 04:30:56,DSPV0RT3BJI,64792,,0,
2025-11-26 04:30:56,Aj8AmqTQkAs,90394,1101,0,58
2025-11-26 04:30:56,NIGA89HGTBU,57856,14601,0,768
2025-11-26 04:30:56,SdVBuVm_Sw8,,700,0,0
2025-11-26 04:30:56,zupf7Kwx6v4,137727,2735,0,174
2025-11-26 04:30:56,qJvjFBhQ6vQ,161027,2104,0,61
2025-11-26 04:30:56,6L7xTio0QyY,73536,4987,0,484
2025-11-26 04:30:56,UfVkyXaTGcs,182220,4841,0,101
2025-11-26 04:30:56,MRYXsF2lblY,174392,17454,0,957
2025-11-26 04:30:56,TAL-HXKac80,2995553,72430,0,2403
2025-11-26 04:30:56,599nhYHHvQo,,840,0,0
2025-11-26 04:30:56,04-csl0RRJc,53566,1031,0,258
2025-11-26 04:30:56,vIUORnIS_ug,114543,8984,0,760
2025-11-26 04:30:56,9SaAfQ6eACQ,55998,872,0,201
2025-11-26 04:30:56,-3TOkp_6gRQ,484291,9200,0,84
2025-11-26 04:30:56,nDeKfR5iBxY,768271,36258,0,1378
2025-11-26 04:30:56,eHmQ_b0LkUA,282477,74559,0,3056
2025-11-26 04:30:56,yxXNIzrfPNQ,87176,5815,0,787
2025-11-26 04:30:56,k1yXf4L5bnc,107627,2640,0,150
2025-11-26 04:30:56,HP8qpxRpIW8,407968,22751,0,862
2025-11-26 04:30:56,IftQ9zQ06-0,101122,1693,0,226
2025-11-26 04:30:56,vpXtzSpyV_8,2356456,18514,0,951
2025-11-26 04:30:56,eWetBwa4vVI,18042,1586,0,106
2025-11-26 04:30:56,XILnJKGc0yo,125825,16666,0,2967
2025-11-26 04:30:56,a72dN8ZWPWg,109185,2513,0,1679
2025-11-26 04:30:56,oVwGURkvEq4,139272,1739,0,652
2025-11-26 04:30:56,h09ng9lTOEM,168243,1510,0,8
2025-11-26 04:30:56,fCDvm0Y3qkw,261451,14358,0,116
2025-11-26 04:30:56,dolefeooLzc,328102,5380,0,344
2025-11-26 04:30:56,IW_KV5nqWRI,41025,220,0,6
2025-11-26 04:30:56,_6xcFXlJcX8,103953,1142,0,35
2025-11-26 04:30:56,vMg1KAFAKiY,935456,162367,0,8719
2025-11-26 04:30:56,6kWw9Nn4dIY,77959,4592,0,281
2025-11-26 04:30:56,b9z3Iaz5Zrc,18180,2158,0,188
2025-11-26 04:30:56,uOZRP1-dvhA,208946,2110,0,165
2025-11-26 04:30:56,tPMkWfK6N-E,100631,9623,0,482
2025-11-26 04:30:56,PJyQaQosJpk,73260,841,0,12
2025-11-26 04:30:56,x_RYZsOfpKY,10440939,257980,0,16444
2025-11-26 04:30:56,ex7ieF2B09A,193167,3187,0,172
2025-11-26 04:30:56,Gln8wDtITJ4,26236,1808,0,161
2025-11-26 04:30:56,oLY17RG3OMI,256644,4616,0,271
2025-11-26 04:30:56,P0OLVEm0pfM,65522,193,0,0
2025-11-26 04:30:56,cBPtIHuFa_o,64894,2838,0,338
2025-11-26 04:30:56,-dfR8iYqwK4,183467,3293,0,478
2025-11-26 04:30:56,IW14wQJKSC4,91119,3940,0,146
2025-11-26 04:30:56,taSKSaq5qh8,248797,4082,0,37
2025-11-26 04:30:56,Zvh5BE2Guik,240975,10475,0,125
2025-11-26 04:30:56,PwaldW6SXwE,13721,1751,0,162
2025-11-26 04:30:56,4Ddbjkyy2C0,119511,838,0,0
2025-11-26 04:30:56,6mP-mEHEQcw,193539,9194,0,1275
2025-11-26 04:30:56,XZ1FhU9XeEc,116675,1658,0,227
2025-11-26 04:30:56,FFXSoSl_lGg,104949,4780,0,173
2025-11-26 04:30:56,BNWYJZp2CbQ,46477,430,0,21
2025-11-26 04:30:56,cVL4bRjA6X0,337755,34043,0,1261
2025-11-26 04:30:56,G_3xr5desOo,69684,2499,0,99
2025-11-26 04:30:56,qIXl45sU0wk,117805,2762,0,24
2025-11-26 04:30:56,xx3ZTvOhNoM,196232,7614,0,41
2025-11-26 04:30:56,uQc-pW3QLuI,6836091,123967,0,5150
2025-11-26 04:30:56,j-8vLi2sMg0,30067,4312,0,68
2025-11-26 04:30:56,j-4AHlLg9XA,,104,0,0
2025-11-26 04:30:56,VhzqSrscVP8,139183,5824,0,403
2025-11-26 04:30:56,gYEhRoknpZQ,101345,915,0,168
2025-11-26 04:30:56,hXKJ0gHYQ6E,48521,265,0,19
2025-11-26 04:30:56,wUGh03rLZbY,114895,3645,0,256
2025-11-26 04:30:56,HIE0fSPuvLY,167502,810,0,20
2025-11-26 04:30:56,tmVYOETfA10,39518,3115,0,86
2025-11-26 04:30:56,QebVV6D641k,222434,1166,0,755
2025-11-26 04:30:56,8j4RM-bBYvA,16275,1189,0,397
2025-11-26 04:30:56,cl-BT6bDxEI,103890,3025,0,181
2025-11-26 04:30:56,24VDsNgWNfw,80328,425,0,1
2025-11-26 04:30:56,A3Ki9cI9T9w,54892,1511,0,363
2025-11-26 04:30:56,jWFQ3A1Dtdg,134065,8243,0,914
2025-11-26 04:30:56,4Xt_hR0KNvY,120291,10650,0,2002
2025-11-26 04:30:56,YMxjZF3gtoM,253267,12808,0,748
2025-11-26 04:30:56,7bqePXphj2g,214286,16525,0,1454
2025-11-26 04:30:56,DOmdfYIPBXE,323011,2968,0,86
2025-11-26 04:30:56,ScutqxM3z_s,88498,5668,0,349
2025-11-26 04:30:56,3rGi2kiSzkA,35951,2176,0,104
2025-11-26 04:30:56,AmQXv7Pyqvw,72522,937,0,10
2025-11-26 04:30:56,ZXrcsNlbtgs,104964,912,0,0
2025-11-26 04:30:56,miySB69T1xw,250323,9020,0,383
2025-11-26 04:30:56,4oml768wFnk,37307,3087,0,159
2025-11-26 04:30:56,iKVcCmyqoik,73078,5137,0,199
2025-11-26 04:30:56,I9U5JRfZ4bA,30202,894,0,148
2025-11-26 04:30:56,IZ9kqxCDvAs,667451,28944,0,1923
2025-11-26 04:30:56,JrI4_jUZe98,126866,29478,0,1450
2025-11-25 07:39:00,k1yXf4L5bnc,86481,2291,0,142
2025-11-25 07:39:00,ayjRv2g2UqY,357786,17996,0,765
2025-11-25 07:39:00,tmVYOETfA10,20308,2273,0,67
2025-11-25 07:39:00,hXKJ0gHYQ6E,48100,268,0,17
2025-11-25 07:39:00,7bqePXphj2g,74153,9957,0,1012
2025-11-25 07:39:00,SdVBuVm_Sw8,94481,700,0,0
2025-11-25 07:39:00,MarWse2JmWU,285772,3302,0,22
2025-11-25 07:39:00,VXsWwTTgt78,246555,11664,0,71
2025-11-25 07:39:00,FFXSoSl_lGg,84150,4331,0,168
2025-11-25 07:39:00,nDeKfR5iBxY,696993,33375,0,1332
2025-11-25 07:39:00,oVwGURkvEq4,129868,1681,0,643
2025-11-25 07:39:00,LUQ28DBF7EU,139543,3609,0,299
2025-11-25 07:39:00,ANU0lVGfWyo,180429,23077,0,1895
2025-11-25 07:39:00,QRTGKxrKBPM,349044,35601,0,960
2025-11-25 07:39:00,S3Q33-4q1xo,77138,1010,0,75
2025-11-25 07:39:00,6hIKI8RZ1ys,418418,6940,0,16
2025-11-25 07:39:00,WsLcF1ojgFU,25365,2285,0,316
2025-11-25 07:39:00,xuL1CDdhsOg,210525,2083,0,0
2025-11-25 07:39:00,x15pDRtzYno,55233,1040,0,154
2025-11-25 07:39:00,KDC-EOsNzAg,79415,14958,0,460
2025-11-25 07:39:00,xcqjxAXsbHU,470348,25609,0,1134
2025-11-25 07:39:00,IcWvUlwcKAI,6920,1561,0,125
2025-11-25 07:39:00,j-4AHlLg9XA,,106,0,0
2025-11-25 07:39:00,sgi_eji-ysM,261150,5328,0,63
2025-11-25 07:39:00,vpXtzSpyV_8,180261,13791,0,703
2025-11-25 07:39:00,dCmNVtLsYzA,145265,7874,0,444
2025-11-25 07:39:00,lUHLwBOY04I,118489,13325,0,284
2025-11-25 07:39:00,DOmdfYIPBXE,288131,2741,0,83
2025-11-25 07:39:00,taSKSaq5qh8,230833,3967,0,26
2025-11-25 07:39:00,_6xcFXlJcX8,90704,998,0,32
2025-11-25 07:39:00,L6tkKvVCs0Y,138153,9855,0,513
2025-11-25 07:39:00,UFozBQrnmII,749590,24718,0,395
2025-11-25 07:39:00,jRgzfKDTI7g,388895,10289,0,324
2025-11-25 07:39:00,uOZRP1-dvhA,153334,1605,0,137
2025-11-25 07:39:00,nbzmTUB-FCs,14205,1173,0,186
2025-11-25 07:39:00,KSha-fc5EhA,92636,524,0,0
2025-11-25 07:39:00,XtTT5XdZVpw,60992,3600,0,180
2025-11-25 07:39:00,DG4ax7ec64o,503849,6050,0,285
2025-11-25 07:39:00,Pzqzy2ZIcLI,164291,9208,0,40
2025-11-25 07:39:00,wUGh03rLZbY,93176,3240,0,243
2025-11-25 07:39:00,qJvjFBhQ6vQ,98243,1640,0,50
2025-11-25 07:39:00,4-6IONBWRMQ,94511,1525,0,31
2025-11-25 07:39:00,dhzVHS8C_nc,82130,486,0,0
2025-11-25 07:39:00,ZXrcsNlbtgs,104907,914,0,0
2025-11-25 07:39:00,G36amiUCkXU,130253,17733,0,3170
2025-11-25 07:39:00,7gDl4S3wB14,404971,7525,0,743
2025-11-25 07:39:00,dolefeooLzc,257102,4683,0,315
2025-11-25 07:39:00,s5dFrPwvbHY,82706,19068,0,1233
2025-11-25 07:39:00,599nhYHHvQo,103199,846,0,0
2025-11-25 07:39:00,koeM_jz4CdM,253901,10972,0,1192
2025-11-25 07:39:00,NED7nev2ywQ,34756273,1289886,0,123377
2025-11-25 07:39:00,uQc-pW3QLuI,6512342,120071,0,5094
2025-11-25 07:39:00,9XNqe5r8xHI,413788,5901,0,23
2025-11-25 07:39:00,-3TOkp_6gRQ,468884,9035,0,67
2025-11-25 07:39:00,fiG_T-0zFT8,406225,28501,0,1409
2025-11-25 07:39:00,gSXQd_5ht0E,355336,20325,0,972
2025-11-25 07:39:00,W3eUZa56o0s,189928,3530,0,1381
2025-11-25 07:39:00,6mP-mEHEQcw,105376,6878,0,1016
2025-11-25 07:39:00,AmQXv7Pyqvw,71633,935,0,9
2025-11-25 07:39:00,4l9Ni3tjbwM,1051974,11963,0,118
2025-11-25 07:39:00,5ftlnz91DaM,106537,7567,0,409
2025-11-25 07:39:00,JUYQapYmw74,119371,1402,0,2
2025-11-25 07:39:00,-dfR8iYqwK4,126062,2682,0,424
2025-11-25 07:39:00,UF4n5zmzx9A,160817,4226,0,242
2025-11-25 07:39:00,xZFWSWcQ3As,88803,1053,0,65
2025-11-25 07:39:00,2HwsSTLuA8A,133556,3954,0,447
2025-11-25 07:39:00,zLfnSXg0jKg,72147,2262,0,108
2025-11-25 07:39:00,dx4XsqUGm10,84172,13547,0,1091
2025-11-25 07:39:00,QJpTBz916MI,914640,101125,0,2785
2025-11-25 07:39:00,TVqEwvbZP30,1125042,76408,0,6201
2025-11-25 07:39:00,YMxjZF3gtoM,150295,9402,0,577
2025-11-25 07:39:00,GxXpkps21Kc,280001,12545,0,160
2025-11-25 07:39:00,8j4RM-bBYvA,8548,938,0,300
2025-11-25 07:39:00,4Xt_hR0KNvY,53990,7154,0,1453
2025-11-25 07:39:00,ex7ieF2B09A,128500,2314,0,122
2025-11-25 07:39:00,tk9FDjJd6zM,22393,505,0,59
2025-11-25 07:39:00,tPMkWfK6N-E,87060,8954,0,459
2025-11-25 07:39:00,04-csl0RRJc,46011,968,0,237
2025-11-25 07:39:00,BT4XRgmCjjQ,203116,,0,23
2025-11-25 07:39:00,yRhin7unPeI,120117,4126,0,429
2025-11-25 07:39:00,snH3HQSF7Ew,212524,3632,0,667
2025-11-25 07:39:00,Yy2ZovGi-Uk,339973,9209,0,135
2025-11-25 07:39:00,0-74AHbFWic,126072,10864,0,618
2025-11-25 07:39:00,zupf7Kwx6v4,128295,2620,0,172
2025-11-25 07:39:00,llAI08UYyAw,1388781,270673,0,9476
2025-11-25 07:39:00,Aj8AmqTQkAs,78077,971,0,54
2025-11-25 07:39:00,TAL-HXKac80,1989544,60500,0,1985
2025-11-25 07:39:00,yxXNIzrfPNQ,64046,5280,0,728
2025-11-25 07:39:00,m0HhR1k9JEw,87573,198,0,4
2025-11-25 07:39:00,81QYAxvO3Ik,116216,15486,0,1012
2025-11-25 07:39:00,oLY17RG3OMI,210683,3936,0,250
2025-11-25 07:39:00,l57EJ_eLsIc,70678,919,0,417
2025-11-25 07:39:00,IW14wQJKSC4,80668,3762,0,143
2025-11-25 07:39:00,HIE0fSPuvLY,167404,812,0,19
2025-11-25 07:39:00,UfVkyXaTGcs,112609,3602,0,78
2025-11-25 07:39:00,OWpLhNyqeqg,28525,3293,0,363
2025-11-25 07:39:00,ygIwtR2txaw,174886,7952,0,234
2025-11-25 07:39:00,4Ddbjkyy2C0,118430,840,0,0
2025-11-25 07:39:00,oslNxV_8Q2c,242339,10362,0,112
2025-11-25 07:39:00,IZ9kqxCDvAs,563469,26744,0,1808
2025-11-25 07:39:00,h09ng9lTOEM,167522,1506,0,6
2025-11-25 07:39:00,cVL4bRjA6X0,204540,26756,0,1062
2025-11-25 07:39:00,PJyQaQosJpk,64694,790,0,0
2025-11-25 07:39:00,f8aS4qwuO7k,138872,8320,0,65
2025-11-25 07:39:00,KO6gxf8vXJQ,228641,527,0,1
2025-11-25 07:39:00,vMg1KAFAKiY,772102,145839,0,8068
2025-11-25 07:39:00,24VDsNgWNfw,79209,423,0,1
2025-11-25 07:39:00,gYEhRoknpZQ,77484,815,0,155
2025-11-25 07:39:00,SWdjfMIkQCg,92335,1652,0,126
2025-11-25 07:39:00,VhzqSrscVP8,104500,4889,0,352
2025-11-25 07:39:00,dqMImJF-rgA,72127,2931,0,276
2025-11-25 07:39:00,IftQ9zQ06-0,48915,1048,0,134
2025-11-25 07:39:00,x_RYZsOfpKY,6762519,200528,0,13488
2025-11-25 07:39:00,qIXl45sU0wk,108950,2656,0,20
2025-11-25 07:39:00,MRYXsF2lblY,116056,14676,0,803
2025-11-25 07:39:00,6L7xTio0QyY,54468,4709,0,469
2025-11-25 07:39:00,kCnD_dMyJ3M,46324,2206,0,0
2025-11-25 07:39:00,4oml768wFnk,28256,2893,0,153
2025-11-25 07:39:00,kuetvJE_C_U,149064,3937,0,66
2025-11-25 07:39:00,QebVV6D641k,205389,1094,0,724
2025-11-25 07:39:00,I9U5JRfZ4bA,24854,797,0,137
2025-11-26 02:42:42,h09ng9lTOEM,168197,1509,0,8
2025-11-26 02:42:42,l57EJ_eLsIc,135849,1392,0,554
2025-11-26 02:42:42,8j4RM-bBYvA,15953,1188,0,396
2025-11-26 02:42:42,zupf7Kwx6v4,137399,2732,0,174
2025-11-26 02:42:42,Zvh5BE2Guik,208098,10408,0,111
2025-11-26 02:42:42,qIXl45sU0wk,117426,2758,0,24
2025-11-26 02:42:42,9XNqe5r8xHI,426825,5998,0,26
2025-11-26 02:42:42,dqMImJF-rgA,112960,3661,0,320
2025-11-26 02:42:42,LxMaia85m5Y,147461,3284,0,149
2025-11-26 02:42:42,ex7ieF2B09A,189706,3145,0,170
2025-11-26 02:42:42,xcqjxAXsbHU,518066,26449,0,1167
2025-11-26 02:42:42,cBPtIHuFa_o,61497,2777,0,335
2025-11-26 02:42:42,IW14wQJKSC4,90657,3935,0,146
2025-11-26 02:42:42,XILnJKGc0yo,120647,16535,0,2953
2025-11-26 02:42:42,4-6IONBWRMQ,104006,1639,0,33
2025-11-26 02:42:42,qEGsMTo-adg,16373,1570,0,190
2025-11-26 02:42:42,llAI08UYyAw,2089191,317471,0,10274
2025-11-26 02:42:42,taSKSaq5qh8,248292,4080,0,37
2025-11-26 02:42:42,UfVkyXaTGcs,181412,4825,0,98
2025-11-26 02:42:42,IW_KV5nqWRI,40915,220,0,6
2025-11-26 02:42:42,KSha-fc5EhA,93028,521,0,0
2025-11-26 02:42:42,MarWse2JmWU,287433,3298,0,24
2025-11-26 02:42:42,xuL1CDdhsOg,211152,2080,0,1
2025-11-26 02:42:42,oVwGURkvEq4,138695,1739,0,651
2025-11-26 02:42:42,HP8qpxRpIW8,393054,22139,0,848
2025-11-26 02:42:42,WGyadbTx8bs,248878,9998,0,908
2025-11-26 02:42:42,j6TnwWfuf-I,60743,1583,0,97
2025-11-26 02:42:42,dhzVHS8C_nc,82155,480,0,0
2025-11-26 02:42:42,k1yXf4L5bnc,107153,2635,0,150
2025-11-26 02:42:42,Gth1zEFH2TM,61271,1539,0,47
2025-11-26 02:42:42,G_3xr5desOo,67754,2487,0,99
2025-11-26 02:42:42,_6xcFXlJcX8,103613,1142,0,35
2025-11-26 02:42:42,QJpTBz916MI,990358,104599,0,2844
2025-11-26 02:42:42,dx4XsqUGm10,153152,17046,0,1284
2025-11-26 02:42:42,BDxXPvOdz50,143303,2302,0,613
2025-11-26 02:42:42,YMxjZF3gtoM,250054,12762,0,741
2025-11-26 02:42:42,Pzqzy2ZIcLI,169822,9356,0,46
2025-11-26 02:42:42,IftQ9zQ06-0,98631,1676,0,222
2025-11-26 02:42:42,xx3ZTvOhNoM,182978,7548,0,39
2025-11-26 02:42:42,cl-BT6bDxEI,101675,2999,0,181
2025-11-26 02:42:42,L6tkKvVCs0Y,188633,12189,0,562
2025-11-26 02:42:42,j-8vLi2sMg0,27030,4154,0,68
2025-11-26 02:42:42,x15pDRtzYno,110648,1454,0,184
2025-11-26 02:42:42,4oml768wFnk,37156,3085,0,159
2025-11-26 02:42:42,PJyQaQosJpk,72825,839,0,12
2025-11-26 02:42:42,NED7nev2ywQ,36792219,1312609,0,126154
2025-11-26 02:42:42,ANU0lVGfWyo,320632,29308,0,2199
2025-11-26 02:42:42,tPMkWfK6N-E,100148,9599,0,481
2025-11-26 02:42:42,6hIKI8RZ1ys,419133,6931,0,18
2025-11-26 02:42:42,9SaAfQ6eACQ,53308,859,0,200
2025-11-26 02:42:42,vpXtzSpyV_8,2200202,18172,0,878
2025-11-26 02:42:42,IcWvUlwcKAI,8703,1809,0,142
2025-11-26 02:42:42,DOmdfYIPBXE,322974,2967,0,86
2025-11-26 02:42:42,lUHLwBOY04I,144209,15270,0,309
2025-11-26 02:42:42,4Xt_hR0KNvY,117257,10531,0,1994
2025-11-26 02:42:42,PwaldW6SXwE,12207,1635,0,153
2025-11-26 02:42:42,uOZRP1-dvhA,207247,2102,0,165
2025-11-26 02:42:42,S3Q33-4q1xo,102351,1221,0,79
2025-11-26 02:42:42,sgi_eji-ysM,267405,5389,0,65
2025-11-26 02:42:42,-dfR8iYqwK4,182088,3284,0,477
2025-11-26 02:42:42,G7eh40XgTiw,63603,1020,0,139
2025-11-26 02:42:42,PtSwg--FueA,120509,1170,0,356
2025-11-26 02:42:42,6ixvIIIxwlk,87920,1064,0,0
2025-11-26 02:42:42,G36amiUCkXU,287463,24096,0,4273
2025-11-26 02:42:42,b9z3Iaz5Zrc,12278,2046,0,184
2025-11-26 02:42:42,fiSsGbfus6I,199794,1765,0,1113
2025-11-26 02:42:42,vMg1KAFAKiY,924328,161050,0,8675
2025-11-26 02:42:42,UF4n5zmzx9A,197078,4894,0,262
2025-11-26 02:42:42,aHKMl9HVqZQ,95478,3347,0,304
2025-11-26 02:42:42,wUGh03rLZbY,114282,3643,0,256
2025-11-26 02:42:42,0-74AHbFWic,141924,11449,0,623
2025-11-26 02:42:42,SWdjfMIkQCg,144034,2099,0,154
2025-11-26 02:42:42,xjUPVppl1DI,292742,7234,0,323
2025-11-26 02:42:42,BT4XRgmCjjQ,209451,,0,31
2025-11-26 02:42:42,tXJJhKobuas,128003,1964,0,132
2025-11-26 02:42:42,Gln8wDtITJ4,25404,1772,0,160
2025-11-26 02:42:42,oslNxV_8Q2c,246296,10452,0,117
2025-11-26 02:42:42,kuetvJE_C_U,150603,3963,0,66
2025-11-26 02:42:42,24VDsNgWNfw,80301,425,0,1
2025-11-26 02:42:42,nbzmTUB-FCs,17118,1245,0,190
2025-11-26 02:42:42,JrI4_jUZe98,98854,26503,0,1378
2025-11-26 02:42:42,VXsWwTTgt78,252640,11794,0,73
2025-11-26 02:42:42,SnCG-_lf74w,379663,14679,0,811
2025-11-26 02:42:42,s5dFrPwvbHY,157199,27534,0,1421
2025-11-26 02:42:42,VhzqSrscVP8,138561,5818,0,403
2025-11-26 02:42:42,DG4ax7ec64o,593039,7038,0,309
2025-11-26 02:42:42,snH3HQSF7Ew,234336,3865,0,683
2025-11-26 02:42:42,iKVcCmyqoik,70642,5101,0,198
2025-11-26 02:42:42,2HwsSTLuA8A,139546,4076,0,455
2025-11-26 02:42:42,f8aS4qwuO7k,146227,8479,0,70
2025-11-26 02:42:42,BsyEN86cR0U,217171,6899,0,56
2025-11-26 02:42:42,miySB69T1xw,238154,8876,0,382
2025-11-26 02:42:42,e0okJjgNTl0,290432,2703,0,5
2025-11-26 02:42:42,I9U5JRfZ4bA,30109,893,0,148
2025-11-26 02:42:42,yxXNIzrfPNQ,86553,5813,0,787
2025-11-26 02:42:42,XtTT5XdZVpw,106965,4408,0,212
2025-11-26 02:42:42,ITQYMtkP23E,289332,1385,0,0
2025-11-26 02:42:42,QebVV6D641k,221776,1164,0,755
2025-11-26 02:42:42,xZFWSWcQ3As,102777,1169,0,77
2025-11-26 02:42:42,GxXpkps21Kc,304582,12960,0,226
2025-11-26 02:42:42,z-aco1hi0Iw,120318,1506,0,247
2025-11-26 02:42:42,jRgzfKDTI7g,443571,11198,0,340
2025-11-26 02:42:42,LUQ28DBF7EU,155606,3793,0,311
2025-11-26 02:42:42,FFXSoSl_lGg,104306,4775,0,173
2025-11-26 02:42:42,m0HhR1k9JEw,87624,198,0,4
2025-11-26 02:42:42,DSPV0RT3BJI,62503,,0,
2025-11-26 02:42:42,A3Ki9cI9T9w,49105,1454,0,350
2025-11-26 02:42:42,GJMOK14mB2c,88479,2377,0,137
2025-11-26 02:42:42,MRYXsF2lblY,172311,17382,0,949
2025-11-26 02:42:42,oLY17RG3OMI,254748,4601,0,271
2025-11-26 02:42:42,81QYAxvO3Ik,163947,17999,0,1147
2025-11-26 02:42:42,ygIwtR2txaw,252766,10029,0,246
2025-11-26 02:42:42,OWpLhNyqeqg,57406,4359,0,415
2025-11-26 02:42:42,6mP-mEHEQcw,190610,9138,0,1270
2025-11-26 02:42:42,fiG_T-0zFT8,460808,29552,0,1427
2025-11-26 02:42:42,fCDvm0Y3qkw,253499,14204,0,107
2025-11-26 02:42:42,UFozBQrnmII,775284,25112,0,416
2025-11-26 02:42:42,NkHjY_EaCgY,56390,1199,0,89
2025-11-26 02:42:42,zLfnSXg0jKg,105048,2889,0,130
2025-11-26 02:42:42,cVL4bRjA6X0,331535,33735,0,1251
2025-11-26 02:42:42,7SoVjT-0Rhw,23516,1679,0,241
2025-11-26 02:42:42,ScutqxM3z_s,82975,5547,0,344
2025-11-26 02:42:42,hXKJ0gHYQ6E,48521,265,0,19
2025-11-26 02:42:42,hn17tmdaAzQ,629509,6109,0,50
2025-11-26 02:42:42,QRTGKxrKBPM,420097,37908,0,984
2025-11-26 02:42:42,j-4AHlLg9XA,,104,0,0
2025-11-26 02:42:42,JUYQapYmw74,120418,1402,0,3
2025-11-26 02:42:42,vIUORnIS_ug,47595,7011,0,615
2025-11-26 02:42:42,7gDl4S3wB14,466331,8094,0,795
2025-11-26 02:42:42,AmQXv7Pyqvw,72516,937,0,10
2025-11-26 02:42:42,P0OLVEm0pfM,64322,194,0,0
2025-11-26 02:42:42,-3TOkp_6gRQ,483664,9192,0,84
2025-11-26 02:42:42,yRhin7unPeI,160410,4837,0,454
2025-11-26 02:42:42,4Ddbjkyy2C0,119459,838,0,0
2025-11-26 02:42:42,x_RYZsOfpKY,10312718,254563,0,16284
2025-11-26 02:42:42,6L7xTio0QyY,73016,4983,0,483
2025-11-26 02:42:42,u66QoyjtANg,146863,1100,0,0
2025-11-26 02:42:42,4l9Ni3tjbwM,1062990,12057,0,122
2025-11-26 02:42:42,HQdJ8dMeCHM,85429,601,0,1218
2025-11-26 02:42:42,BNWYJZp2CbQ,46278,428,0,20
2025-11-26 02:42:42,dmBAMwBBxoM,54626,2619,0,289
2025-11-26 02:42:42,tk9FDjJd6zM,30897,618,0,71
2025-11-26 02:42:42,nDeKfR5iBxY,763054,36096,0,1376
2025-11-26 02:42:42,6kWw9Nn4dIY,71465,4472,0,268
2025-11-26 02:42:42,ayjRv2g2UqY,581863,19297,0,793
2025-11-26 02:42:42,koeM_jz4CdM,351684,13712,0,1419
2025-11-26 02:42:42,W3eUZa56o0s,210869,3745,0,1458
2025-11-26 02:42:42,TAL-HXKac80,2928504,71860,0,2381
2025-11-26 02:42:42,Aj8AmqTQkAs,89899,1098,0,58
2025-11-26 02:42:42,KDC-EOsNzAg,127629,20208,0,556
2025-11-26 02:42:42,ZXrcsNlbtgs,104954,912,0,0
2025-11-26 02:42:42,D8gbtByJSI8,76803,373,0,1
2025-11-26 02:42:42,eHmQ_b0LkUA,258062,71038,0,3020
2025-11-26 02:42:42,eWetBwa4vVI,16049,1529,0,104
2025-11-26 02:42:42,5ftlnz91DaM,140865,9176,0,466
2025-11-26 02:42:42,uQc-pW3QLuI,6808219,123677,0,5144
2025-11-26 02:42:42,2NKK6Mg27XI,164837,12347,0,426
2025-11-26 02:42:42,gYEhRoknpZQ,100456,911,0,167
2025-11-26 02:42:42,Yy2ZovGi-Uk,346657,9319,0,139
2025-11-26 02:42:42,dCmNVtLsYzA,179193,9113,0,525
2025-11-26 02:42:42,kCnD_dMyJ3M,66746,2464,0,0
2025-11-26 02:42:42,XZ1FhU9XeEc,114074,1644,0,220
2025-11-26 02:42:42,dolefeooLzc,323776,5364,0,340
2025-11-26 02:42:42,qJvjFBhQ6vQ,158272,2101,0,61
2025-11-26 02:42:42,a72dN8ZWPWg,108822,2506,0,1666
2025-11-26 02:42:42,HIE0fSPuvLY,167492,810,0,20
2025-11-26 02:42:42,599nhYHHvQo,,840,0,0
2025-11-26 02:42:42,U7wDhVWgd5w,54201,1093,0,6
2025-11-26 02:42:42,tmVYOETfA10,38305,3095,0,85
2025-11-26 02:42:42,TVqEwvbZP30,2248445,94563,0,8183
2025-11-26 02:42:42,IZ9kqxCDvAs,663279,28895,0,1921
2025-11-26 02:42:42,ST05E_5kn2E,159035,3381,0,271
2025-11-26 02:42:42,7bqePXphj2g,209434,16462,0,1449
2025-11-26 02:42:42,KO6gxf8vXJQ,228855,526,0,1
2025-11-26 02:42:42,SdVBuVm_Sw8,,700,0,0
2025-11-26 02:42:42,3rGi2kiSzkA,35051,2161,0,104
2025-11-26 02:42:42,WsLcF1ojgFU,37864,2737,0,392
2025-11-26 02:42:42,04-csl0RRJc,53397,1028,0,258
2025-11-26 02:42:42,gSXQd_5ht0E,497180,21898,0,1022
2025-11-26 02:42:42,jWFQ3A1Dtdg,110780,7863,0,889
2025-11-26 02:42:42,NIGA89HGTBU,52094,13719,0,743
2025-11-24 12:00:08,IW14wQJKSC4,67235,3468,0,139
2025-11-24 12:00:08,oslNxV_8Q2c,232223,10133,0,106
2025-11-24 12:00:08,sgi_eji-ysM,243301,5152,0,55
2025-11-24 12:00:08,UFozBQrnmII,681371,23737,0,326
2025-11-24 12:00:08,QJpTBz916MI,788300,93480,0,2650
2025-11-24 12:00:08,dCmNVtLsYzA,64184,4621,0,274
2025-11-24 12:00:08,yxXNIzrfPNQ,25352,3676,0,538
2025-11-24 12:00:08,VXsWwTTgt78,238401,11368,0,62
2025-11-24 12:00:08,IZ9kqxCDvAs,460763,24497,0,1705
2025-11-24 12:00:08,5ftlnz91DaM,55733,4987,0,333
2025-11-24 12:00:08,vMg1KAFAKiY,200656,66713,0,4652
2025-11-24 12:00:08,UF4n5zmzx9A,99549,3205,0,200
2025-11-24 12:00:08,Yy2ZovGi-Uk,328367,9046,0,116
2025-11-24 12:00:08,snH3HQSF7Ew,162522,3120,0,581
2025-11-24 12:00:08,jRgzfKDTI7g,261062,8200,0,288
2025-11-24 12:00:08,oVwGURkvEq4,100701,1469,0,582
2025-11-24 12:00:08,QebVV6D641k,87425,587,0,443
2025-11-24 12:00:08,zupf7Kwx6v4,101896,2305,0,164
2025-11-24 12:00:08,I9U5JRfZ4bA,16185,591,0,97
2025-11-24 12:00:08,9XNqe5r8xHI,380793,5652,0,18
2025-11-24 12:00:08,BT4XRgmCjjQ,190832,,0,15
2025-11-24 12:00:08,2HwsSTLuA8A,104862,3444,0,404
2025-11-24 12:00:08,HIE0fSPuvLY,167207,819,0,13
2025-11-24 12:00:08,tmVYOETfA10,6245,1168,0,46
2025-11-24 12:00:08,nbzmTUB-FCs,9845,1022,0,172
2025-11-24 12:00:08,6L7xTio0QyY,17827,4082,0,423
2025-11-24 12:00:08,0-74AHbFWic,94088,9382,0,572
2025-11-24 12:00:08,QRTGKxrKBPM,272795,31927,0,905
2025-11-24 12:00:08,kCnD_dMyJ3M,17692,1436,0,0
2025-11-24 12:00:08,ayjRv2g2UqY,191808,14143,0,675
2025-11-24 12:00:08,ZXrcsNlbtgs,104404,922,0,0
2025-11-24 12:00:08,nDeKfR5iBxY,605695,30044,0,1230
2025-11-24 12:00:08,4oml768wFnk,12494,2072,0,126
2025-11-24 12:00:08,lUHLwBOY04I,74990,9549,0,227
2025-11-24 12:00:08,uQc-pW3QLuI,5655537,109593,0,4853
2025-11-24 12:00:08,tPMkWfK6N-E,58936,7403,0,409
2025-11-24 12:00:08,FFXSoSl_lGg,38826,3066,0,143
2025-11-24 12:00:08,fiG_T-0zFT8,348028,26930,0,1385
2025-11-24 12:00:08,dolefeooLzc,130468,3241,0,234
2025-11-24 12:00:08,DOmdfYIPBXE,218681,2327,0,78
2025-11-24 12:00:08,6hIKI8RZ1ys,429009,6958,0,15
2025-11-24 12:00:08,kuetvJE_C_U,150854,3897,0,63
2025-11-24 12:00:08,4l9Ni3tjbwM,1035403,11756,0,104
2025-11-24 12:00:08,W3eUZa56o0s,157627,3135,0,1238
2025-11-24 12:00:08,NED7nev2ywQ,31506280,1252918,0,119416
2025-11-24 12:00:08,dhzVHS8C_nc,82072,491,0,0
2025-11-24 12:00:08,oLY17RG3OMI,119890,2591,0,205
2025-11-24 12:00:08,xcqjxAXsbHU,415760,24504,0,1105
2025-11-24 12:00:08,gSXQd_5ht0E,190275,16434,0,880
2025-11-24 12:00:08,7gDl4S3wB14,305892,6496,0,656
2025-11-24 12:00:08,DG4ax7ec64o,316028,4213,0,224
2025-11-28 01:25:22,qEGsMTo-adg,26275,1900,0,237
2025-11-28 01:25:22,tdYPGxusaYs,40626,2857,0,155
2025-11-28 01:25:22,eHmQ_b0LkUA,469145,95486,0,3286
2025-11-28 01:25:22,hcJEQXJIALo,68074,4057,0,586
2025-11-28 01:25:22,CO0MSU3fqAQ,20119,2476,0,138
2025-11-28 01:25:22,dhzVHS8C_nc,82094,480,0,2
2025-11-28 01:25:22,LUQ28DBF7EU,165204,3924,0,320
2025-11-28 01:25:22,dmBAMwBBxoM,176429,4933,0,392
2025-11-28 01:25:22,SdVBuVm_Sw8,,698,0,0
2025-11-28 01:25:22,KSha-fc5EhA,93127,520,0,0
2025-11-28 01:25:22,9jrVtT2nPgQ,45381,5068,0,107
2025-11-28 01:25:22,j-4AHlLg9XA,,104,0,0
2025-11-28 01:25:22,WsLcF1ojgFU,50349,3014,0,430
2025-11-28 01:25:22,kuetvJE_C_U,151064,3979,0,66
2025-11-28 01:25:22,a72dN8ZWPWg,156338,3456,0,1820
2025-11-28 01:25:22,E7so8IVX1qQ,87247,135,0,6
2025-11-28 01:25:22,Nxq6nJJVx5A,194673,7544,0,254
2025-11-28 01:25:22,-3TOkp_6gRQ,492519,9294,0,89
2025-11-28 01:25:22,ScutqxM3z_s,222165,8843,0,499
2025-11-28 01:25:22,hQwjPcq63JM,48848,752,0,9
2025-11-28 01:25:22,cl-BT6bDxEI,124791,3412,0,195
2025-11-28 01:25:22,ayjRv2g2UqY,944277,20563,0,814
2025-11-28 01:25:22,PtSwg--FueA,161845,1346,0,378
2025-11-28 01:25:22,9XNqe5r8xHI,438600,6104,0,28
2025-11-28 01:25:22,ZXrcsNlbtgs,105027,912,0,0
2025-11-28 01:25:22,kSmHmdAnDYc,260525,7194,0,866
2025-11-28 01:25:22,WVVv8Uyok_U,155306,5656,0,830
2025-11-28 01:25:22,AmQXv7Pyqvw,72598,940,0,10
2025-11-28 01:25:22,vQ_NFqtGDgo,191326,28935,0,1050
2025-11-28 01:25:22,KO6gxf8vXJQ,229068,527,0,1
2025-11-28 01:25:22,5-o_tvuKSfM,77114,4589,0,172
2025-11-28 01:25:22,CXcBo03He2A,42771,4664,0,222
2025-11-28 01:25:22,KDC-EOsNzAg,175259,24115,0,608
2025-11-28 01:25:22,OoLflKFs7YY,123056,3147,0,308
2025-11-28 01:25:22,D8gbtByJSI8,77244,369,0,2
2025-11-28 01:25:22,xjUPVppl1DI,676901,11395,0,482
2025-11-28 01:25:22,vIUORnIS_ug,346933,14045,0,1061
2025-11-28 01:25:22,UFozBQrnmII,799541,25451,0,425
2025-11-28 01:25:22,55xYiuSAp5c,306040,4606,0,19
2025-11-28 01:25:22,jWFQ3A1Dtdg,345419,13311,0,1352
2025-11-28 01:25:22,F2B4VITJfb0,123519,2429,0,493
2025-11-28 01:25:22,4Ddbjkyy2C0,119662,836,0,0
2025-11-28 01:25:22,sgi_eji-ysM,274465,5451,0,67
2025-11-28 01:25:22,IW_KV5nqWRI,42443,226,0,11
2025-11-28 01:25:22,6yMFwpzbQCY,435305,4305,0,259
2025-11-28 01:25:22,Aj8AmqTQkAs,102304,1201,0,59
2025-11-28 01:25:22,z-aco1hi0Iw,161602,1760,0,260
2025-11-28 01:25:22,G_oNwC_PjfU,111282,3242,0,366
2025-11-28 01:25:22,QebVV6D641k,236089,1230,0,790
2025-11-28 01:25:22,jvrrjeAYtzs,76281,229,0,0
2025-11-28 01:25:22,2HwsSTLuA8A,144945,4156,0,458
2025-11-28 01:25:22,BDxXPvOdz50,162331,2463,0,644
2025-11-28 01:25:22,o3PX7EjBjvg,116248,4011,0,401
2025-11-28 01:25:22,ZOEZ_cRIkhY,140790,17594,0,1236
2025-11-28 01:25:22,NIGA89HGTBU,3503577,29198,0,1073
2025-11-28 01:25:22,ineS6XL0vc8,116234,2667,0,96
2025-11-28 01:25:22,PwaldW6SXwE,29095,2619,0,238
2025-11-28 01:25:22,Lj1Qi3-zQgg,38288,5380,0,156
2025-11-28 01:25:22,CvGT2o7-_ZA,80919,1539,0,12
2025-11-28 01:25:22,MarWse2JmWU,288548,3292,0,25
2025-11-28 01:25:22,FuGOa47BBqg,45569,1245,0,15
2025-11-28 01:25:22,TAL-HXKac80,3654068,78622,0,2668
2025-11-28 01:25:22,6L7xTio0QyY,115584,5238,0,505
2025-11-28 01:25:22,OfuHlytx3rQ,15535,218,0,9
2025-11-28 01:25:22,IftQ9zQ06-0,1074313,2139,0,296
2025-11-28 01:25:22,taSKSaq5qh8,253160,4117,0,38
2025-11-28 01:25:22,ANU0lVGfWyo,517817,35499,0,2418
2025-11-28 01:25:22,Bj6tJxDPzoY,271442,11687,0,320
2025-11-28 01:25:22,6kWw9Nn4dIY,140325,6339,0,368
2025-11-28 01:25:22,_Vs1T6KpK5g,77673,1156,0,9
2025-11-28 01:25:22,_6xcFXlJcX8,113734,1247,0,36
2025-11-28 01:25:22,NUSpibeVoO0,34432,1066,0,100
2025-11-28 01:25:22,ckKFtSlZ5Lw,115469,1472,0,339
2025-11-28 01:25:22,bZ2eyQcJ49o,188079,2878,0,391
2025-11-28 01:25:22,Kc7TkgWiWrc,40648,1182,0,43
2025-11-28 01:25:22,4_l1VyTNzrs,104363,2397,0,1399
2025-11-28 01:25:22,SnCG-_lf74w,1009180,24269,0,1135
2025-11-28 01:25:22,s5dFrPwvbHY,228862,32385,0,1488
2025-11-28 01:25:22,Gth1zEFH2TM,107363,2171,0,52
2025-11-28 01:25:22,eLCjlEYBN3U,472768,16574,0,1138
2025-11-28 01:25:22,nzbbL07maKA,149469,7237,0,276
2025-11-28 01:25:22,qUgLxkENl6c,136880,7890,0,365
2025-11-28 01:25:22,fiG_T-0zFT8,568619,31370,0,1450
2025-11-28 01:25:22,JrI4_jUZe98,446517,72122,0,2208
2025-11-28 01:25:22,5UBc2gXGwKc,22612,300,0,9
2025-11-28 01:25:22,LcpCd9VXGjE,334408,1565,0,0
2025-11-28 01:25:22,aHKMl9HVqZQ,145835,4422,0,341
2025-11-28 01:25:22,dIPZHyTBFz0,203026,2192,0,271
2025-11-28 01:25:22,snH3HQSF7Ew,248286,4006,0,700
2025-11-28 01:25:22,BFaHdJVDmXY,72818,4272,0,188
2025-11-28 01:25:22,Caa-UHhl8Gw,96969,2764,0,206
2025-11-28 01:25:22,kCnD_dMyJ3M,97991,2743,0,0
2025-11-28 01:25:22,zupf7Kwx6v4,147229,2826,0,177
2025-11-28 01:25:22,x15pDRtzYno,149081,1724,0,198
2025-11-28 01:25:22,TVqEwvbZP30,11348387,112395,0,11676
2025-11-28 01:25:22,T8w3L1rS3o4,93081,5225,0,127
2025-11-28 01:25:22,fCDvm0Y3qkw,306726,15662,0,199
2025-11-28 01:25:22,6mP-mEHEQcw,279801,11061,0,1423
2025-11-28 01:25:22,SzFd7Tmq7pU,184031,9808,0,54
2025-11-28 01:25:22,HIE0fSPuvLY,167532,811,0,20
2025-11-28 01:25:22,W3eUZa56o0s,231300,3951,0,1525
2025-11-28 01:25:22,I9U5JRfZ4bA,35779,991,0,154
2025-11-28 01:25:22,3-caLm2c1XI,159865,4511,0,537
2025-11-28 01:25:22,6ixvIIIxwlk,104588,1061,0,0
2025-11-28 01:25:22,UF4n5zmzx9A,234373,5436,0,273
2025-11-28 01:25:22,HQdJ8dMeCHM,121731,719,0,1544
2025-11-28 01:25:22,hn17tmdaAzQ,705015,6537,0,110
2025-11-28 01:25:22,w32-xwPxDFk,23959,1345,0,60
2025-11-28 01:25:22,C3jcxlsPYLE,211455,10030,0,86
2025-11-28 01:25:22,0GICIe0Tgf8,21118,1113,0,32
2025-11-28 01:25:22,iBD9LX2ZdDQ,81800,188,0,0
2025-11-28 01:25:22,6oS55kztPlE,25481,1169,0,33
2025-11-28 01:25:22,uGM14iCUu0w,75170,912,0,439
2025-11-28 01:25:22,h09ng9lTOEM,168232,1509,0,8
2025-11-28 01:25:22,b1OwvLh8HnU,26131,421,0,8
2025-11-28 01:25:22,cBPtIHuFa_o,102839,3890,0,384
2025-11-28 01:25:22,fiSsGbfus6I,350048,2263,0,1295
2025-11-28 01:25:22,b29J1g4yWcs,98644,3045,0,256
2025-11-28 01:25:22,w0ZQp2CmHHw,185016,2856,0,253
2025-11-28 01:25:22,KC0-vIj7piY,243147,19221,0,287
2025-11-28 01:25:22,qFdZAyr_xmw,210725,5218,0,696
2025-11-28 01:25:22,wEKNPc0cm9Y,17703,654,0,
2025-11-28 01:25:22,GVeRDFqNT40,24828,288,0,11
2025-11-28 01:25:22,kux5GmbZhVg,25123,1092,0,21
2025-11-28 01:25:22,oWv2PwrJkTM,231479,11506,0,119
2025-11-28 01:25:22,Am2ElEWNvTY,95891,4504,0,238
2025-11-28 01:25:22,BM13CSsDrV8,16541,547,0,0
2025-11-28 01:25:22,Gln8wDtITJ4,46372,2970,0,231
2025-11-28 01:25:22,tPMkWfK6N-E,117606,10300,0,518
2025-11-28 01:25:22,81QYAxvO3Ik,210804,19737,0,1242
2025-11-28 01:25:22,Em805jfRVXs,304909,5318,0,612
2025-11-28 01:25:22,nbzmTUB-FCs,23759,1340,0,194
2025-11-28 01:25:22,-dfR8iYqwK4,202348,3485,0,493
2025-11-28 01:25:22,QRTGKxrKBPM,544733,41313,0,1028
2025-11-28 01:25:22,DSPV0RT3BJI,83885,,0,
2025-11-28 01:25:22,Yy2ZovGi-Uk,352949,9405,0,145
2025-11-28 01:25:22,tGwT5DAU6-s,81948,1443,0,22
2025-11-28 01:25:22,n7pO7F_kP0k,140438,17232,0,605
2025-11-28 01:25:22,xZFWSWcQ3As,113530,1250,0,80
2025-11-28 01:25:22,l57EJ_eLsIc,189433,1623,0,621
2025-11-28 01:25:22,dx4XsqUGm10,223852,18771,0,1383
2025-11-28 01:25:22,4Xt_hR0KNvY,180522,13268,0,2484
2025-11-28 01:25:22,UiHPfikroWg,64070,867,0,296
2025-11-28 01:25:22,cVL4bRjA6X0,445358,37794,0,1346
2025-11-28 01:25:22,QJpTBz916MI,1114329,108799,0,2923
2025-11-28 01:25:22,BsyEN86cR0U,243230,7417,0,76
2025-11-28 01:25:22,Z3CtHc6TEj8,108907,990,0,565
2025-11-28 01:25:22,7rd5CtM7oiY,126503,500,0,1
2025-11-28 01:25:22,BiiDN0zgJ2Q,96044,731,0,0
2025-11-28 01:25:22,ygIwtR2txaw,301259,11211,0,261
2025-11-28 01:25:22,DG4ax7ec64o,726674,8781,0,357
2025-11-28 01:25:22,vMg1KAFAKiY,1080092,176113,0,9382
2025-11-28 01:25:22,6hIKI8RZ1ys,419625,6918,0,18
2025-11-28 01:25:22,xcqjxAXsbHU,618912,27936,0,1200
2025-11-28 01:25:22,JkKNqaEl9Aw,536598,21815,0,1941
2025-11-28 01:25:22,OEcTbxi57lE,24256,4485,0,151
2025-11-28 01:25:22,uQc-pW3QLuI,7135816,127285,0,5199
2025-11-28 01:25:22,f8aS4qwuO7k,147695,8607,0,73
2025-11-28 01:25:22,b9z3Iaz5Zrc,152897,7271,0,335
2025-11-28 01:25:22,NED7nev2ywQ,40245508,1357228,0,132847
2025-11-28 01:25:22,e0okJjgNTl0,293214,2708,0,7
2025-11-28 01:25:22,CZP11p3DklQ,122494,3753,0,150
2025-11-28 01:25:22,YH_PW-Y7LF0,43272,1668,0,96
2025-11-28 01:25:22,U7wDhVWgd5w,52096,1097,0,7
2025-11-28 01:25:22,8gAg9uDn2Oo,431449,14182,0,511
2025-11-28 01:25:22,koeM_jz4CdM,400607,15069,0,1490
2025-11-28 01:25:22,2c_b4Q2LIeA,46108,599,0,142
2025-11-28 01:25:22,tXJJhKobuas,218034,2929,0,159
2025-11-28 01:25:22,24VDsNgWNfw,81479,429,0,1
2025-11-28 01:25:22,eWetBwa4vVI,38596,2566,0,149
2025-11-28 01:25:22,2NKK6Mg27XI,249192,15601,0,491
2025-11-28 01:25:22,4oml768wFnk,49664,3277,0,163
2025-11-28 01:25:22,NkHjY_EaCgY,124202,1820,0,108
2025-11-28 01:25:22,3rGi2kiSzkA,57124,2820,0,114
2025-11-28 01:25:22,OWpLhNyqeqg,88755,4932,0,430
2025-11-28 01:25:22,5m86CgLR0Fg,89542,6079,0,224
2025-11-28 01:25:22,OWGd9sHxpvs,123284,3326,0,97
2025-11-28 01:25:22,vQpF9mIiYFU,23555,343,0,22
2025-11-28 01:25:22,LxMaia85m5Y,213792,3975,0,174
2025-11-28 01:25:22,dqMImJF-rgA,143976,4091,0,341
2025-11-28 01:25:22,oVwGURkvEq4,146381,1774,0,661
2025-11-28 01:25:22,XtTT5XdZVpw,121225,4695,0,217
2025-11-28 01:25:22,qJvjFBhQ6vQ,194143,2366,0,73
2025-11-28 01:25:22,vpXtzSpyV_8,4623912,22449,0,1108
2025-11-28 01:25:22,j6TnwWfuf-I,103393,2183,0,116
2025-11-28 01:25:22,j-8vLi2sMg0,82002,7273,0,85
2025-11-28 01:25:22,qIXl45sU0wk,123938,2838,0,27
2025-11-28 01:25:22,mdI6LWIe8Og,8317,730,0,47
2025-11-28 01:25:22,04-csl0RRJc,56759,1056,0,269
2025-11-28 01:25:22,AfKzB2lXo7I,25103,992,0,55
2025-11-28 01:25:22,Zvh5BE2Guik,255810,10791,0,195
2025-11-28 01:25:22,llAI08UYyAw,3256172,365434,0,10993
2025-11-28 01:25:22,G_3xr5desOo,123372,3464,0,133
2025-11-28 01:25:22,5oKKmCT-_4s,15241,1661,0,148
2025-11-28 01:25:22,nDeKfR5iBxY,898889,41548,0,1474
2025-11-28 01:25:22,S0UEqkus7FA,324833,12614,0,256
2025-11-28 01:25:22,YMxjZF3gtoM,309862,14267,0,805
2025-11-28 01:25:22,XZ1FhU9XeEc,149872,2022,0,249
2025-11-28 01:25:22,DOmdfYIPBXE,348476,3158,0,88
2025-11-28 01:25:22,Rc8f268ueOE,237308,1937,0,436
2025-11-28 01:25:22,A3Ki9cI9T9w,110120,2397,0,608
2025-11-28 01:25:22,xuL1CDdhsOg,211047,2075,0,1
2025-11-28 01:25:22,GxXpkps21Kc,305323,13085,0,232
2025-11-28 01:25:22,jRgzfKDTI7g,488343,11955,0,351
2025-11-28 01:25:22,GJMOK14mB2c,114905,2780,0,143
2025-11-28 01:25:22,k1yXf4L5bnc,117148,2820,0,153
2025-11-28 01:25:22,iKVcCmyqoik,125135,6066,0,228
2025-11-28 01:25:22,OeMmb--HE6k,200703,5015,0,73
2025-11-28 01:25:22,gYEhRoknpZQ,110126,951,0,163
2025-11-28 01:25:22,-DkSyDEQloM,90810,,0,5
2025-11-28 01:25:22,ZjN51G8c5-k,51564,711,0,26
2025-11-28 01:25:22,dCmNVtLsYzA,205876,9972,0,561
2025-11-28 01:25:22,v55qDr_jJFA,33877,2016,0,130
2025-11-28 01:25:22,MRYXsF2lblY,227940,19229,0,1057
2025-11-28 01:25:22,7SoVjT-0Rhw,33843,1863,0,269
2025-11-28 01:25:22,Iz7mRKij2ao,12623,703,0,27
2025-11-28 01:25:22,oslNxV_8Q2c,242296,10538,0,118
2025-11-28 01:25:22,SWdjfMIkQCg,164177,2231,0,164
2025-11-28 01:25:22,7gDl4S3wB14,514491,8518,0,830
2025-11-28 01:25:22,miySB69T1xw,506989,13485,0,486
2025-11-28 01:25:22,PJyQaQosJpk,76416,847,0,15
2025-11-28 01:25:22,zLfnSXg0jKg,122042,3189,0,137
2025-11-28 01:25:22,7bqePXphj2g,277713,18653,0,1602
2025-11-28 01:25:22,UfVkyXaTGcs,213629,5338,0,106
2025-11-28 01:25:22,tmVYOETfA10,70597,3869,0,92
2025-11-28 01:25:22,oYKdO-eEHg4,57948,1236,0,226
2025-11-28 01:25:22,8j4RM-bBYvA,31672,1289,0,478
2025-11-28 01:25:22,FFXSoSl_lGg,129194,5156,0,177
2025-11-28 01:25:22,HP8qpxRpIW8,1007723,36676,0,1019
2025-11-28 01:25:22,hXKJ0gHYQ6E,48867,266,0,21
2025-11-28 01:25:22,yxXNIzrfPNQ,118315,6273,0,836
2025-11-28 01:25:22,4-6IONBWRMQ,110639,1734,0,33
2025-11-28 01:25:22,4l9Ni3tjbwM,1068438,12138,0,125
2025-11-28 01:25:22,wUGh03rLZbY,127469,3850,0,258
2025-11-28 01:25:22,pzLTGAwn0a4,52916,7118,0,484
2025-11-28 01:25:22,IZ9kqxCDvAs,867667,32582,0,2100
2025-11-28 01:25:22,y7XtQu1z9hw,69629,875,0,145
2025-11-28 01:25:22,_o05ucPBD7g,97655,1603,0,86
2025-11-28 01:25:22,5ftlnz91DaM,172336,10160,0,493
2025-11-28 01:25:22,0-74AHbFWic,163094,11919,0,624
2025-11-28 01:25:22,VWg0218G38c,134192,1588,0,276
2025-11-28 01:25:22,BNWYJZp2CbQ,48860,453,0,22
2025-11-28 01:25:22,VhzqSrscVP8,155108,6120,0,419
2025-11-28 01:25:22,tLBq_jH5FDI,133920,1918,0,186
2025-11-28 01:25:22,8B2XU-fUS58,242541,3496,0,523
2025-11-28 01:25:22,5eHGs7lX09s,154257,1503,0,1192
2025-11-28 01:25:22,ITQYMtkP23E,290641,1369,0,0
2025-11-28 01:25:22,u66QoyjtANg,141347,1094,0,0
2025-11-28 01:25:22,m0HhR1k9JEw,87611,196,0,5
2025-11-28 01:25:22,JUYQapYmw74,120882,1398,0,3
2025-11-28 01:25:22,x_RYZsOfpKY,13372017,308300,0,18214
2025-11-28 01:25:22,ex7ieF2B09A,265222,4103,0,199
2025-11-28 01:25:22,rOZV4RZrA3A,205377,2083,0,9
2025-11-28 01:25:22,IcWvUlwcKAI,10214,1949,0,151
2025-11-28 01:25:22,xx3ZTvOhNoM,227521,8086,0,89
2025-11-28 01:25:22,R-ZKjAqlquA,125087,613,0,26
2025-11-28 01:25:22,sEe1U-vDP5k,90241,3074,0,249
2025-11-28 01:25:22,dolefeooLzc,410132,6126,0,382
2025-11-28 01:25:22,599nhYHHvQo,,835,0,0
2025-11-28 01:25:22,F3C87lOmZBM,154200,16024,0,1626
2025-11-28 01:25:22,lUHLwBOY04I,177509,17314,0,349
2025-11-28 01:25:22,DyINvuS9P34,248313,3003,0,53
2025-11-28 01:25:22,WGyadbTx8bs,393276,13435,0,1069
2025-11-28 01:25:22,I52yC34Ji2k,348853,46862,0,1746
2025-11-28 01:25:22,XILnJKGc0yo,265320,20851,0,3750
2025-11-28 01:25:22,oLY17RG3OMI,300778,5237,0,288
2025-11-28 01:25:22,tk9FDjJd6zM,40602,723,0,93
2025-11-28 01:25:22,6-9ej0ztMUA,94243,736,0,70
2025-11-28 01:25:22,S3Q33-4q1xo,114680,1326,0,79
2025-11-28 01:25:22,1wRkbauiGU8,105839,2541,0,151
2025-11-28 01:25:22,gSXQd_5ht0E,1336582,24094,0,1053
2025-11-28 01:25:22,IrxoY7JdJY0,149856,,0,52
2025-11-28 01:25:22,ES9oYbzYCh8,656579,67381,0,2030
2025-11-28 01:25:22,WT1LFvt07Gw,86908,1820,0,55
2025-11-28 01:25:22,qRUIGsTq-kU,27076,2590,0,236
2025-11-28 01:25:22,STXcQAmoLPU,133863,1365,0,1
2025-11-28 01:25:22,VXsWwTTgt78,258339,11912,0,72
2025-11-28 01:25:22,9SaAfQ6eACQ,79148,1088,0,211
2025-11-28 01:25:22,NDommbpC80U,197235,2272,0,263
2025-11-28 01:25:22,G7eh40XgTiw,93132,1226,0,175
2025-11-28 01:25:22,L6tkKvVCs0Y,479208,13646,0,590
2025-11-28 01:25:22,yRhin7unPeI,183946,5356,0,467
2025-11-28 01:25:22,P0OLVEm0pfM,66104,194,0,0
2025-11-28 01:25:22,BT4XRgmCjjQ,217119,,0,35
2025-11-28 01:25:22,2j2jXv6Juxc,253711,2926,0,108
2025-11-28 01:25:22,IW14wQJKSC4,109744,4193,0,150
2025-11-28 01:25:22,uOZRP1-dvhA,236392,2398,0,174
2025-11-28 01:25:22,SMAnw64aTXc,128213,2558,0,1124
2025-11-28 01:25:22,StcmgD_0aRI,176432,12624,0,2772
2025-11-28 01:25:22,G36amiUCkXU,510572,29385,0,5780
2025-11-28 01:25:22,Pzqzy2ZIcLI,171683,9480,0,49
2025-11-28 01:25:22,ST05E_5kn2E,267279,5017,0,336
2025-11-28 02:17:00,VXsWwTTgt78,258419,11912,0,72
2025-11-28 02:17:00,ST05E_5kn2E,268134,5023,0,336
2025-11-28 02:17:00,eWetBwa4vVI,38770,2572,0,149
2025-11-28 02:17:00,A3Ki9cI9T9w,110290,2393,0,608
2025-11-28 02:17:00,AfKzB2lXo7I,25775,996,0,55
2025-11-28 02:17:00,x15pDRtzYno,149195,1725,0,198
2025-11-28 02:17:00,b1OwvLh8HnU,26131,423,0,8
2025-11-28 02:17:00,STXcQAmoLPU,133863,1365,0,1
2025-11-28 02:17:00,_Vs1T6KpK5g,74645,1156,0,9
2025-11-28 02:17:00,dCmNVtLsYzA,206284,9982,0,561
2025-11-28 02:17:00,NED7nev2ywQ,40299428,1358584,0,132960
2025-11-28 02:17:00,Aj8AmqTQkAs,102545,1202,0,59
2025-11-28 02:17:00,7rd5CtM7oiY,126678,500,0,1
2025-11-28 02:17:00,k1yXf4L5bnc,117219,2820,0,153
2025-11-28 02:17:00,DOmdfYIPBXE,348514,3158,0,88
2025-11-28 02:17:00,BFaHdJVDmXY,73010,4275,0,188
2025-11-28 02:17:00,BDxXPvOdz50,162422,2463,0,644
2025-11-28 02:17:00,I52yC34Ji2k,353228,47277,0,1757
2025-11-28 02:17:00,UF4n5zmzx9A,235168,5441,0,273
2025-11-28 02:17:00,JkKNqaEl9Aw,555671,21907,0,1945
2025-11-28 02:17:00,6oS55kztPlE,25682,1174,0,33
2025-11-28 02:17:00,Yy2ZovGi-Uk,353043,9407,0,145
2025-11-28 02:17:00,iKVcCmyqoik,126381,6071,0,229
2025-11-28 02:17:00,dhzVHS8C_nc,82098,479,0,2
2025-11-28 02:17:00,pzLTGAwn0a4,53602,7141,0,486
2025-11-28 02:17:00,yxXNIzrfPNQ,118811,6277,0,837
2025-11-28 02:17:00,TVqEwvbZP30,11421892,112643,0,11712
2025-11-28 02:17:00,PwaldW6SXwE,29310,2625,0,239
2025-11-28 02:17:00,8B2XU-fUS58,269160,3590,0,541
2025-11-28 02:17:00,e0okJjgNTl0,293243,2708,0,7
2025-11-28 02:17:00,MRYXsF2lblY,228870,19245,0,1058
2025-11-28 02:17:00,XILnJKGc0yo,266435,20865,0,3749
2025-11-28 02:17:00,IftQ9zQ06-0,1174492,2142,0,296
2025-11-28 02:17:00,zupf7Kwx6v4,147368,2827,0,177
2025-11-28 02:17:00,SzFd7Tmq7pU,184265,9813,0,54
2025-11-28 02:17:00,KDC-EOsNzAg,176151,24165,0,611
2025-11-28 02:17:00,I9U5JRfZ4bA,35917,991,0,154
2025-11-28 02:17:00,UiHPfikroWg,67163,878,0,297
2025-11-28 02:17:00,zLfnSXg0jKg,122231,3192,0,137
2025-11-28 02:17:00,24VDsNgWNfw,81479,429,0,1
2025-11-28 02:17:00,b29J1g4yWcs,100840,3061,0,259
2025-11-28 02:17:00,StcmgD_0aRI,186007,12673,0,2776
2025-11-28 02:17:00,dolefeooLzc,412121,6137,0,386
2025-11-28 02:17:00,WsLcF1ojgFU,50477,3019,0,430
2025-11-28 02:17:00,0GICIe0Tgf8,21275,1115,0,32
2025-11-28 02:17:00,NkHjY_EaCgY,124505,1825,0,108
2025-11-28 02:17:00,NIGA89HGTBU,3537379,29280,0,1074
2025-11-28 02:17:00,G36amiUCkXU,515463,29441,0,5792
2025-11-28 02:17:00,9SaAfQ6eACQ,79267,1089,0,211
2025-11-28 02:17:00,NDommbpC80U,200276,2295,0,264
2025-11-28 02:17:00,qJvjFBhQ6vQ,194532,2367,0,73
2025-11-28 02:17:00,vQpF9mIiYFU,23736,345,0,22
2025-11-28 02:17:00,u66QoyjtANg,141347,1094,0,0
2025-11-28 02:17:00,Zvh5BE2Guik,255830,10793,0,195
2025-11-28 02:17:00,G_3xr5desOo,124445,3469,0,133
2025-11-28 02:17:00,GxXpkps21Kc,305384,13087,0,232
2025-11-28 02:17:00,taSKSaq5qh8,253206,4117,0,38
2025-11-28 02:17:00,cBPtIHuFa_o,103182,3895,0,384
2025-11-28 02:17:00,F3C87lOmZBM,178367,16672,0,1657
2025-11-28 02:17:00,koeM_jz4CdM,401035,15076,0,1490
2025-11-28 02:17:00,UFozBQrnmII,799953,25455,0,426
2025-11-28 02:17:00,x_RYZsOfpKY,13418251,308967,0,18227
2025-11-28 02:17:00,KC0-vIj7piY,244060,19242,0,287
2025-11-28 02:17:00,YMxjZF3gtoM,310453,14280,0,815
2025-11-28 02:17:00,7bqePXphj2g,278828,18675,0,1603
2025-11-28 02:17:00,Iz7mRKij2ao,12778,704,0,27
2025-11-28 02:17:00,tGwT5DAU6-s,83480,1456,0,23
2025-11-28 02:17:00,w32-xwPxDFk,24323,1354,0,60
2025-11-28 02:17:00,cl-BT6bDxEI,124885,3412,0,195
2025-11-28 02:17:00,n7pO7F_kP0k,144144,17449,0,607
2025-11-28 02:17:00,SnCG-_lf74w,1018719,24331,0,1137
2025-11-28 02:17:00,vMg1KAFAKiY,1081989,176267,0,9385
2025-11-28 02:17:00,f8aS4qwuO7k,147734,8607,0,73
2025-11-28 02:17:00,xZFWSWcQ3As,113643,1250,0,80
2025-11-28 02:17:00,vQ_NFqtGDgo,194210,29170,0,1055
2025-11-28 02:17:00,Rc8f268ueOE,238753,1940,0,436
2025-11-28 02:17:00,5UBc2gXGwKc,22914,300,0,9
2025-11-28 02:17:00,Z3CtHc6TEj8,114236,1011,0,569
2025-11-28 02:17:00,hXKJ0gHYQ6E,48853,266,0,21
2025-11-28 02:17:00,Gln8wDtITJ4,46705,2979,0,231
2025-11-28 02:17:00,tdYPGxusaYs,41558,2867,0,155
2025-11-28 02:17:00,Am2ElEWNvTY,98084,4539,0,239
2025-11-28 02:17:00,snH3HQSF7Ew,248376,4006,0,700
2025-11-28 02:17:00,a72dN8ZWPWg,156377,3456,0,1820
2025-11-28 02:17:00,SWdjfMIkQCg,164470,2231,0,164
2025-11-28 02:17:00,vpXtzSpyV_8,4625206,22504,0,1110
2025-11-28 02:17:00,8j4RM-bBYvA,32091,1289,0,479
2025-11-28 02:17:00,3rGi2kiSzkA,57773,2828,0,115
2025-11-28 02:17:00,PtSwg--FueA,162648,1348,0,378
2025-11-28 02:17:00,HP8qpxRpIW8,1017637,36952,0,1021
2025-11-28 02:17:00,UfVkyXaTGcs,213973,5342,0,106
2025-11-28 02:17:00,FuGOa47BBqg,46371,1249,0,15
2025-11-28 02:17:00,4-6IONBWRMQ,110705,1735,0,33
2025-11-28 02:17:00,BNWYJZp2CbQ,48854,453,0,22
2025-11-28 02:17:00,Pzqzy2ZIcLI,171730,9480,0,49
2025-11-28 02:17:00,ZXrcsNlbtgs,105026,912,0,0
2025-11-28 02:17:00,2c_b4Q2LIeA,50843,615,0,146
2025-11-28 02:17:00,Bj6tJxDPzoY,273437,11715,0,320
2025-11-28 02:17:00,gYEhRoknpZQ,110225,951,0,163
2025-11-28 02:17:00,Caa-UHhl8Gw,97221,2765,0,207
2025-11-28 02:17:00,qIXl45sU0wk,124101,2838,0,27
2025-11-28 02:17:00,6-9ej0ztMUA,100537,748,0,73
2025-11-28 02:17:00,hcJEQXJIALo,97781,4067,0,586
2025-11-28 02:17:00,BT4XRgmCjjQ,217261,,0,35
2025-11-28 02:17:00,qEGsMTo-adg,26428,1901,0,237
2025-11-28 02:17:00,3-caLm2c1XI,161430,4523,0,537
2025-11-28 02:17:00,j6TnwWfuf-I,103561,2187,0,116
2025-11-28 02:17:00,uOZRP1-dvhA,236619,2400,0,174
2025-11-28 02:17:00,oYKdO-eEHg4,61798,1254,0,230
2025-11-28 02:17:00,qRUIGsTq-kU,27643,2597,0,237
2025-11-28 02:17:00,hQwjPcq63JM,42143,752,0,9
2025-11-28 02:17:00,cVL4bRjA6X0,447084,37841,0,1348
2025-11-28 02:17:00,oWv2PwrJkTM,231977,11514,0,119
2025-11-28 02:17:00,fiG_T-0zFT8,570393,31396,0,1450
2025-11-28 02:17:00,mdI6LWIe8Og,9045,753,0,51
2025-11-28 02:17:00,vIUORnIS_ug,348166,14055,0,1064
2025-11-28 02:17:00,NUSpibeVoO0,34919,1071,0,101
2025-11-28 02:17:00,tk9FDjJd6zM,40808,723,0,92
2025-11-28 02:17:00,IW14wQJKSC4,110172,4195,0,150
2025-11-28 02:17:00,SMAnw64aTXc,136248,2591,0,1141
2025-11-28 02:17:00,8gAg9uDn2Oo,434415,14202,0,511
2025-11-28 02:17:00,QebVV6D641k,236251,1232,0,790
2025-11-28 02:17:00,VWg0218G38c,135161,1598,0,277
2025-11-28 02:17:00,bZ2eyQcJ49o,188818,2882,0,392
2025-11-28 02:17:00,LcpCd9VXGjE,334416,1564,0,0
2025-11-28 02:17:00,6L7xTio0QyY,115731,5239,0,505
2025-11-28 02:17:00,xjUPVppl1DI,682815,11428,0,484
2025-11-28 02:17:00,m0HhR1k9JEw,87611,196,0,5
2025-11-28 02:17:00,u6nhdi1pJWI,13354,1278,0,61
2025-11-28 02:17:00,CvGT2o7-_ZA,80956,1540,0,12
2025-11-28 02:17:00,9XNqe5r8xHI,438724,6105,0,28
2025-11-28 02:17:00,iBD9LX2ZdDQ,81739,188,0,0
2025-11-28 02:17:00,oLY17RG3OMI,301579,5240,0,288
2025-11-28 02:17:00,SdVBuVm_Sw8,,698,0,0
2025-11-28 02:17:00,qUgLxkENl6c,137189,7896,0,365
2025-11-28 02:17:00,7SoVjT-0Rhw,34003,1866,0,270
2025-11-28 02:17:00,6ixvIIIxwlk,104588,1061,0,0
2025-11-28 02:17:00,BsyEN86cR0U,243350,7419,0,77
2025-11-28 02:17:00,F2B4VITJfb0,125290,2447,0,502
2025-11-28 02:17:00,-3TOkp_6gRQ,492662,9295,0,89
2025-11-28 02:17:00,j-4AHlLg9XA,,104,0,0
2025-11-28 02:17:00,ayjRv2g2UqY,951941,20575,0,814
2025-11-28 02:17:00,T8w3L1rS3o4,95023,5270,0,127
2025-11-28 02:17:00,-DkSyDEQloM,91783,,0,5
2025-11-28 02:17:00,tXJJhKobuas,218750,2934,0,159
2025-11-28 02:17:00,WVVv8Uyok_U,157899,5671,0,831
2025-11-28 02:17:00,55xYiuSAp5c,306270,4606,0,19
2025-11-28 02:17:00,TAL-HXKac80,3659725,78703,0,2670
2025-11-28 02:17:00,5m86CgLR0Fg,94514,6145,0,225
2025-11-28 02:17:00,lUHLwBOY04I,178219,17333,0,349
2025-11-28 02:17:00,IrxoY7JdJY0,150712,,0,52
2025-11-28 02:17:00,4Ddbjkyy2C0,119672,836,0,0
2025-11-28 02:17:00,jRgzfKDTI7g,488983,11959,0,351
2025-11-28 02:17:00,4l9Ni3tjbwM,1068654,12140,0,125
2025-11-28 02:17:00,HQdJ8dMeCHM,121827,719,0,1544
2025-11-28 02:17:00,D8gbtByJSI8,77258,369,0,2
2025-11-28 02:17:00,KO6gxf8vXJQ,229069,527,0,1
2025-11-28 02:17:00,gSXQd_5ht0E,1380507,24112,0,1053
2025-11-28 02:17:00,R-ZKjAqlquA,125279,614,0,27
2025-11-28 02:17:00,7gDl4S3wB14,514620,8518,0,830
2025-11-28 02:17:00,oVwGURkvEq4,146514,1775,0,661
2025-11-28 02:17:00,599nhYHHvQo,,835,0,0
2025-11-28 02:17:00,oslNxV_8Q2c,242366,10538,0,118
2025-11-28 02:17:00,81QYAxvO3Ik,211675,19754,0,1242
2025-11-28 02:17:00,dqMImJF-rgA,144014,4091,0,341
2025-11-28 02:17:00,L6tkKvVCs0Y,485070,13664,0,591
2025-11-28 02:17:00,DG4ax7ec64o,730323,8806,0,359
2025-11-28 02:17:00,ES9oYbzYCh8,670887,68057,0,2048
2025-11-28 02:17:00,DSPV0RT3BJI,84000,,0,
2025-11-28 02:17:00,dIPZHyTBFz0,203280,2192,0,271
2025-11-28 02:17:00,y7XtQu1z9hw,75710,900,0,143
2025-11-28 02:17:00,aHKMl9HVqZQ,146220,4425,0,341
2025-11-28 02:17:00,CO0MSU3fqAQ,20443,2483,0,138
2025-11-28 02:17:00,9jrVtT2nPgQ,46278,5091,0,107
2025-11-28 02:17:00,WGyadbTx8bs,396647,13475,0,1069
2025-11-28 02:17:00,ineS6XL0vc8,117265,2674,0,96
2025-11-28 02:17:00,Gth1zEFH2TM,107546,2174,0,52
2025-11-28 02:17:00,VhzqSrscVP8,155266,6121,0,419
2025-11-28 02:17:00,xuL1CDdhsOg,211052,2075,0,1
2025-11-28 02:17:00,z-aco1hi0Iw,161886,1760,0,260
2025-11-28 02:17:00,tmVYOETfA10,71005,3877,0,92
2025-11-28 02:17:00,kux5GmbZhVg,25409,1093,0,21
2025-11-28 02:17:00,MarWse2JmWU,288548,3292,0,25
2025-11-28 02:17:00,h09ng9lTOEM,168281,1509,0,8
2025-11-28 02:17:00,kCnD_dMyJ3M,98472,2746,0,0
2025-11-28 02:17:00,OoLflKFs7YY,125832,3182,0,310
2025-11-28 02:17:00,OeMmb--HE6k,201720,5027,0,73
2025-11-28 02:17:00,E7so8IVX1qQ,87447,135,0,6
2025-11-28 02:17:00,jvrrjeAYtzs,76280,229,0,0
2025-11-28 02:17:00,G7eh40XgTiw,93227,1227,0,175
2025-11-28 02:17:00,kSmHmdAnDYc,262139,7216,0,869
2025-11-28 02:17:00,hn17tmdaAzQ,705389,6538,0,110
2025-11-28 02:17:00,uGM14iCUu0w,88096,963,0,470
2025-11-28 02:17:00,ITQYMtkP23E,290640,1370,0,0
2025-11-28 02:17:00,ex7ieF2B09A,266343,4117,0,201
2025-11-28 02:17:00,JUYQapYmw74,120883,1398,0,3
2025-11-28 02:17:00,P0OLVEm0pfM,66102,194,0,0
2025-11-28 02:17:00,dx4XsqUGm10,225302,18786,0,1383
2025-11-28 02:17:00,tLBq_jH5FDI,135251,1922,0,186
2025-11-28 02:17:00,_o05ucPBD7g,97623,1603,0,86
2025-11-28 02:17:00,eLCjlEYBN3U,473647,16585,0,1139
2025-11-28 02:17:00,BiiDN0zgJ2Q,96048,731,0,0
2025-11-28 02:17:00,PJyQaQosJpk,76444,847,0,15
2025-11-28 02:17:00,LUQ28DBF7EU,165280,3925,0,319
2025-11-28 02:17:00,o3PX7EjBjvg,121464,4068,0,403
2025-11-28 02:17:00,xx3ZTvOhNoM,227744,8087,0,89
2025-11-28 02:17:00,-dfR8iYqwK4,202435,3486,0,493
2025-11-28 02:17:00,YH_PW-Y7LF0,47721,1737,0,95
2025-11-28 02:17:00,Kc7TkgWiWrc,41013,1186,0,43
2025-11-28 02:17:00,S0UEqkus7FA,325917,12625,0,256
2025-11-28 02:17:00,LxMaia85m5Y,214495,3979,0,174
2025-11-28 02:17:00,1wRkbauiGU8,106092,2544,0,151
2025-11-28 02:17:00,llAI08UYyAw,3284794,366969,0,11034
2025-11-28 02:17:00,fiSsGbfus6I,352382,2269,0,1296
2025-11-28 02:17:00,b9z3Iaz5Zrc,157283,7300,0,335
2025-11-28 02:17:00,WT1LFvt07Gw,91403,1863,0,56
2025-11-28 02:17:00,ygIwtR2txaw,301862,11219,0,261
2025-11-28 02:17:00,yRhin7unPeI,184324,5359,0,467
2025-11-28 02:17:00,nzbbL07maKA,150246,7242,0,276
2025-11-28 02:17:00,2j2jXv6Juxc,254124,2928,0,108
2025-11-28 02:17:00,xcqjxAXsbHU,621113,27956,0,1201
2025-11-28 02:17:00,j-8vLi2sMg0,82423,7298,0,85
2025-11-28 02:17:00,2NKK6Mg27XI,250460,15631,0,491
2025-11-28 02:17:00,IZ9kqxCDvAs,872428,32631,0,2105
2025-11-28 02:17:00,nDeKfR5iBxY,902510,41645,0,1479
2025-11-28 02:17:00,FFXSoSl_lGg,129754,5160,0,177
2025-11-28 02:17:00,XZ1FhU9XeEc,150135,2023,0,249
2025-11-28 02:17:00,rOZV4RZrA3A,205404,2083,0,9
2025-11-28 02:17:00,5ftlnz91DaM,172807,10166,0,493
2025-11-28 02:17:00,OWpLhNyqeqg,89452,4938,0,430
2025-11-28 02:17:00,04-csl0RRJc,56761,1056,0,269
2025-11-28 02:17:00,4_l1VyTNzrs,104944,2407,0,1433
2025-11-28 02:17:00,CXcBo03He2A,44129,4717,0,226
2025-11-28 02:17:00,l57EJ_eLsIc,189885,1623,0,621
2025-11-28 02:17:00,eHmQ_b0LkUA,472029,95781,0,3286
2025-11-28 02:17:00,ScutqxM3z_s,224125,8863,0,500
2025-11-28 02:17:00,IcWvUlwcKAI,10231,1950,0,151
2025-11-28 02:17:00,Nxq6nJJVx5A,206204,7664,0,262
2025-11-28 02:17:00,v55qDr_jJFA,34506,2021,0,130
2025-11-28 02:17:00,nbzmTUB-FCs,23865,1340,0,194
2025-11-28 02:17:00,2HwsSTLuA8A,145070,4158,0,458
2025-11-28 02:17:00,OfuHlytx3rQ,15614,218,0,9
2025-11-28 02:17:00,wUGh03rLZbY,127578,3852,0,258
2025-11-28 02:17:00,sEe1U-vDP5k,94758,3134,0,250
2025-11-28 02:17:00,fCDvm0Y3qkw,307029,15667,0,199
2025-11-28 02:17:00,dmBAMwBBxoM,177336,4939,0,394
2025-11-28 02:17:00,CZP11p3DklQ,123259,3758,0,150
2025-11-28 02:17:00,miySB69T1xw,508143,13499,0,486
2025-11-28 02:17:00,5-o_tvuKSfM,79202,4638,0,172
2025-11-28 02:17:00,tPMkWfK6N-E,117871,10304,0,519
2025-11-28 02:17:00,KSha-fc5EhA,93131,520,0,0
2025-11-28 02:17:00,6yMFwpzbQCY,440042,4319,0,260
2025-11-28 02:17:00,_6xcFXlJcX8,113806,1249,0,36
2025-11-28 02:17:00,6kWw9Nn4dIY,140994,6345,0,369
2025-11-28 02:17:00,BM13CSsDrV8,16697,549,0,0
2025-11-28 02:17:00,4Xt_hR0KNvY,181585,13285,0,2486
2025-11-28 02:17:00,QJpTBz916MI,1116935,108863,0,2925
2025-11-28 02:17:00,wEKNPc0cm9Y,18649,666,0,
2025-11-28 02:17:00,Lj1Qi3-zQgg,39095,5409,0,156
2025-11-28 02:17:00,jWFQ3A1Dtdg,349034,13347,0,1354
2025-11-28 02:17:00,ANU0lVGfWyo,520680,35561,0,2422
2025-11-28 02:17:00,sgi_eji-ysM,274586,5452,0,67
2025-11-28 02:17:00,GVeRDFqNT40,25016,290,0,11
2025-11-28 02:17:00,W3eUZa56o0s,231405,3951,0,1526
2025-11-28 02:17:00,5oKKmCT-_4s,18482,1767,0,152
2025-11-28 02:17:00,ZOEZ_cRIkhY,154643,17934,0,1256
2025-11-28 02:17:00,qFdZAyr_xmw,211664,5225,0,697
2025-11-28 02:17:00,XtTT5XdZVpw,121373,4695,0,217
2025-11-28 02:17:00,ZjN51G8c5-k,56195,725,0,26
2025-11-28 02:17:00,s5dFrPwvbHY,230271,32423,0,1488
2025-11-28 02:17:00,DyINvuS9P34,248741,3003,0,53
2025-11-28 02:17:00,HIE0fSPuvLY,167533,811,0,20
2025-11-28 02:17:00,0-74AHbFWic,163418,11928,0,625
2025-11-28 02:17:00,AmQXv7Pyqvw,72605,940,0,10
2025-11-28 02:17:00,QRTGKxrKBPM,546770,41345,0,1028
2025-11-28 02:17:00,ckKFtSlZ5Lw,119895,1492,0,342
2025-11-28 02:17:00,uQc-pW3QLuI,7140498,127314,0,5199
2025-11-28 02:17:00,S3Q33-4q1xo,114851,1327,0,79
2025-11-28 02:17:00,kuetvJE_C_U,151064,3979,0,66
2025-11-28 02:17:00,IW_KV5nqWRI,42439,226,0,11
2025-11-28 02:17:00,U7wDhVWgd5w,52107,1097,0,7
2025-11-28 02:17:00,w0ZQp2CmHHw,188838,2873,0,256
2025-11-28 02:17:00,6mP-mEHEQcw,281159,11083,0,1425
2025-11-28 02:17:00,C3jcxlsPYLE,212525,10045,0,86
2025-11-28 02:17:00,JrI4_jUZe98,449898,72432,0,2216
2025-11-28 02:17:00,G_oNwC_PjfU,114060,3269,0,367
2025-11-28 02:17:00,6hIKI8RZ1ys,419625,6918,0,18
2025-11-28 02:17:00,OWGd9sHxpvs,125043,3351,0,97
2025-11-28 02:17:00,OEcTbxi57lE,24803,4514,0,151
2025-11-28 02:17:00,5eHGs7lX09s,158629,1520,0,1197
2025-11-28 02:17:00,4oml768wFnk,49801,3277,0,163
2025-11-28 02:17:00,Em805jfRVXs,307660,5344,0,612
2025-11-28 02:17:00,GJMOK14mB2c,115000,2780,0,143
2025-11-25 03:55:46,gSXQd_5ht0E,348372,20186,0,968
2025-11-25 03:55:46,GxXpkps21Kc,272140,12272,0,138
2025-11-25 03:55:46,UfVkyXaTGcs,100305,3352,0,74
2025-11-25 03:55:46,HIE0fSPuvLY,167561,812,0,19
2025-11-25 03:55:46,qIXl45sU0wk,107264,2638,0,20
2025-11-25 03:55:46,5ftlnz91DaM,103734,7426,0,406
2025-11-25 03:55:46,zupf7Kwx6v4,127544,2605,0,171
2025-11-25 03:55:46,x_RYZsOfpKY,6119479,182238,0,12632
2025-11-25 03:55:46,dCmNVtLsYzA,136690,7448,0,426
2025-11-25 03:55:46,TVqEwvbZP30,1080113,72324,0,5917
2025-11-25 03:55:46,-dfR8iYqwK4,121311,2569,0,414
2025-11-25 03:55:46,4l9Ni3tjbwM,1050730,11952,0,117
2025-11-25 03:55:46,WsLcF1ojgFU,24319,2209,0,309
2025-11-25 03:55:46,fiG_T-0zFT8,402670,28392,0,1407
2025-11-25 03:55:46,ex7ieF2B09A,119861,2205,0,117
2025-11-25 03:55:46,VhzqSrscVP8,99910,4728,0,342
2025-11-25 03:55:46,yxXNIzrfPNQ,63189,5227,0,719
2025-11-25 03:55:46,tk9FDjJd6zM,21938,493,0,57
2025-11-25 03:55:46,UF4n5zmzx9A,158411,4186,0,241
2025-11-25 03:55:46,G36amiUCkXU,119562,16827,0,3081
2025-11-25 03:55:46,snH3HQSF7Ew,211516,3612,0,666
2025-11-25 03:55:46,599nhYHHvQo,103088,846,0,0
2025-11-25 03:55:46,IZ9kqxCDvAs,560273,26619,0,1807
2025-11-25 03:55:46,S3Q33-4q1xo,74469,989,0,74
2025-11-25 03:55:46,L6tkKvVCs0Y,133820,9339,0,497
2025-11-25 03:55:46,8j4RM-bBYvA,8243,913,0,286
2025-11-25 03:55:46,xcqjxAXsbHU,467641,25530,0,1133
2025-11-25 03:55:46,QebVV6D641k,202141,1081,0,711
2025-11-25 03:55:46,IftQ9zQ06-0,44922,967,0,123
2025-11-25 03:55:46,tmVYOETfA10,19096,2162,0,65
2025-11-25 03:55:46,kuetvJE_C_U,148898,3934,0,66
2025-11-25 03:55:46,nDeKfR5iBxY,689843,33065,0,1317
2025-11-25 03:55:46,ZXrcsNlbtgs,105047,915,0,0
2025-11-25 03:55:46,vpXtzSpyV_8,156548,12233,0,650
2025-11-25 03:55:46,tPMkWfK6N-E,86062,8864,0,457
2025-11-25 03:55:46,Pzqzy2ZIcLI,162349,9172,0,39
2025-11-25 03:55:46,9XNqe5r8xHI,411811,5891,0,23
2025-11-25 03:55:46,I9U5JRfZ4bA,24632,791,0,133
2025-11-25 03:55:46,BT4XRgmCjjQ,202566,,0,22
2025-11-25 03:55:46,lUHLwBOY04I,115221,12942,0,283
2025-11-25 03:55:46,-3TOkp_6gRQ,465805,9009,0,65
2025-11-25 03:55:46,ygIwtR2txaw,165654,7611,0,228
2025-11-25 03:55:46,KSha-fc5EhA,92603,524,0,0
2025-11-25 03:55:46,dqMImJF-rgA,71544,2797,0,271
2025-11-25 03:55:46,MRYXsF2lblY,108522,14067,0,774
2025-11-25 03:55:46,YMxjZF3gtoM,136629,8873,0,565
2025-11-25 03:55:46,l57EJ_eLsIc,58404,780,0,329
2025-11-25 03:55:46,f8aS4qwuO7k,136585,8246,0,65
2025-11-25 03:55:46,UFozBQrnmII,745697,24680,0,393
2025-11-25 03:55:46,_6xcFXlJcX8,88976,973,0,32
2025-11-25 03:55:46,7bqePXphj2g,57041,7871,0,929
2025-11-25 03:55:46,SWdjfMIkQCg,86041,1544,0,124
2025-11-25 03:55:46,4Xt_hR0KNvY,49935,6788,0,1408
2025-11-25 03:55:46,IW14wQJKSC4,80154,3754,0,143
2025-11-25 03:55:46,ANU0lVGfWyo,150634,20567,0,1719
2025-11-25 03:55:46,24VDsNgWNfw,79009,422,0,1
2025-11-25 03:55:46,uQc-pW3QLuI,6402741,118869,0,5069
2025-11-25 03:55:46,TAL-HXKac80,1520603,53383,0,1779
2025-11-25 03:55:46,VXsWwTTgt78,254042,11642,0,71
2025-11-25 03:55:46,vMg1KAFAKiY,722398,140587,0,7871
2025-11-25 03:55:46,OWpLhNyqeqg,26390,3142,0,350
2025-11-25 03:55:46,6mP-mEHEQcw,97880,6588,0,978
2025-11-25 03:55:46,04-csl0RRJc,44554,954,0,225
2025-11-25 03:55:46,dhzVHS8C_nc,82123,486,0,0
2025-11-25 03:55:46,x15pDRtzYno,54722,1008,0,152
2025-11-25 03:55:46,JUYQapYmw74,119470,1401,0,2
2025-11-25 03:55:46,h09ng9lTOEM,167018,1506,0,6
2025-11-25 03:55:46,0-74AHbFWic,125059,10810,0,618
2025-11-25 03:55:46,qJvjFBhQ6vQ,89081,1576,0,47
2025-11-25 03:55:46,s5dFrPwvbHY,74405,17621,0,1187
2025-11-25 03:55:46,NED7nev2ywQ,34343186,1283003,0,122181
2025-11-25 03:55:46,W3eUZa56o0s,189712,3496,0,1368
2025-11-25 03:55:46,Aj8AmqTQkAs,77205,963,0,54
2025-11-25 03:55:46,k1yXf4L5bnc,84462,2228,0,141
2025-11-25 03:55:46,FFXSoSl_lGg,83029,4285,0,167
2025-11-25 03:55:46,DOmdfYIPBXE,287826,2718,0,83
2025-11-25 03:55:46,6L7xTio0QyY,53968,4665,0,468
2025-11-25 03:55:46,4-6IONBWRMQ,93614,1516,0,31
2025-11-25 03:55:46,jRgzfKDTI7g,385148,10218,0,323
2025-11-25 03:55:46,81QYAxvO3Ik,107999,14843,0,981
2025-11-25 03:55:46,DG4ax7ec64o,497706,5988,0,285
2025-11-25 03:55:46,xuL1CDdhsOg,210439,2082,0,0
2025-11-25 03:55:46,Yy2ZovGi-Uk,339112,9203,0,133
2025-11-25 03:55:46,7gDl4S3wB14,404096,7449,0,743
2025-11-25 03:55:46,xZFWSWcQ3As,86739,1030,0,63
2025-11-25 03:55:46,KDC-EOsNzAg,73389,14215,0,447
2025-11-25 03:55:46,uOZRP1-dvhA,149682,1560,0,136
2025-11-25 03:55:46,zLfnSXg0jKg,68547,2165,0,105
2025-11-25 03:55:46,MarWse2JmWU,296563,3302,0,21
2025-11-25 03:55:46,dx4XsqUGm10,79679,12766,0,1057
2025-11-25 03:55:46,QRTGKxrKBPM,345291,35428,0,959
2025-11-25 03:55:46,LUQ28DBF7EU,136957,3569,0,297
2025-11-25 03:55:46,ayjRv2g2UqY,344175,17859,0,762
2025-11-25 03:55:46,QJpTBz916MI,909684,100766,0,2778
2025-11-25 03:55:46,yRhin7unPeI,115054,3985,0,423
2025-11-25 03:55:46,wUGh03rLZbY,91607,3184,0,242
2025-11-25 03:55:46,nbzmTUB-FCs,13990,1163,0,186
2025-11-25 03:55:46,IcWvUlwcKAI,6753,1521,0,125
2025-11-25 03:55:46,kCnD_dMyJ3M,45077,2155,0,0
2025-11-25 03:55:46,hXKJ0gHYQ6E,48045,268,0,17
2025-11-25 03:55:46,m0HhR1k9JEw,87474,199,0,4
2025-11-25 03:55:46,2HwsSTLuA8A,132698,3937,0,446
2025-11-25 03:55:46,KO6gxf8vXJQ,228989,526,0,1
2025-11-25 03:55:46,koeM_jz4CdM,244659,10543,0,1158
2025-11-25 03:55:46,taSKSaq5qh8,222603,3915,0,22
2025-11-25 03:55:46,XtTT5XdZVpw,57220,3412,0,174
2025-11-25 03:55:46,4oml768wFnk,27896,2860,0,153
2025-11-25 03:55:46,AmQXv7Pyqvw,71528,935,0,8
2025-11-25 03:55:46,oslNxV_8Q2c,241772,10349,0,112
2025-11-25 03:55:46,SdVBuVm_Sw8,94657,700,0,0
2025-11-25 03:55:46,sgi_eji-ysM,260265,5324,0,63
2025-11-25 03:55:46,llAI08UYyAw,1139326,243931,0,8979
2025-11-25 03:55:46,4Ddbjkyy2C0,117076,838,0,0
2025-11-25 03:55:46,oVwGURkvEq4,128872,1672,0,640
2025-11-25 03:55:46,gYEhRoknpZQ,70380,778,0,154
2025-11-25 03:55:46,dolefeooLzc,248491,4637,0,313
2025-11-25 03:55:46,oLY17RG3OMI,205964,3871,0,246
2025-11-25 03:55:46,6hIKI8RZ1ys,418348,6942,0,16
2025-11-27 17:28:51,_Vs1T6KpK5g,75521,1162,0,6
2025-11-27 17:28:51,UF4n5zmzx9A,223557,5289,0,271
2025-11-27 17:28:51,IrxoY7JdJY0,138819,,0,45
2025-11-27 17:28:51,eWetBwa4vVI,36087,2469,0,141
2025-11-27 17:28:51,vIUORnIS_ug,336445,13859,0,1045
2025-11-27 17:28:51,BsyEN86cR0U,240999,7379,0,74
2025-11-27 17:28:51,snH3HQSF7Ew,246515,3983,0,702
2025-11-27 17:28:51,AmQXv7Pyqvw,72574,940,0,10
2025-11-27 17:28:51,TAL-HXKac80,3605216,78128,0,2644
2025-11-27 17:28:51,HQdJ8dMeCHM,120633,715,0,1537
2025-11-27 17:28:51,cl-BT6bDxEI,123016,3381,0,193
2025-11-27 17:28:51,Rc8f268ueOE,222024,1892,0,431
2025-11-27 17:28:51,uQc-pW3QLuI,7095278,126847,0,5194
2025-11-27 17:28:51,koeM_jz4CdM,391795,14856,0,1483
2025-11-27 17:28:51,qJvjFBhQ6vQ,188410,2323,0,72
2025-11-27 17:28:51,Kc7TkgWiWrc,34384,1053,0,40
2025-11-27 17:28:51,0-74AHbFWic,158129,11831,0,623
2025-11-27 17:28:51,04-csl0RRJc,56294,1054,0,269
2025-11-27 17:28:51,dhzVHS8C_nc,82183,480,0,2
2025-11-27 17:28:51,nDeKfR5iBxY,868345,40550,0,1456
2025-11-27 17:28:51,G_3xr5desOo,109577,3238,0,123
2025-11-27 17:28:51,GxXpkps21Kc,304666,13061,0,230
2025-11-27 17:28:51,tLBq_jH5FDI,110799,1697,0,168
2025-11-27 17:28:51,hcJEQXJIALo,30917,3782,0,567
2025-11-27 17:28:51,Lj1Qi3-zQgg,26868,4495,0,145
2025-11-27 17:28:51,BiiDN0zgJ2Q,95786,727,0,0
2025-11-27 17:28:51,vQpF9mIiYFU,19139,314,0,22
2025-11-27 17:28:51,qFdZAyr_xmw,198944,5037,0,683
2025-11-27 17:28:51,nbzmTUB-FCs,22330,1321,0,194
2025-11-27 17:28:51,NIGA89HGTBU,2514798,28112,0,1030
2025-11-27 17:28:51,LxMaia85m5Y,202752,3872,0,172
2025-11-27 17:28:51,gSXQd_5ht0E,1106076,23548,0,1045
2025-11-27 17:28:51,BDxXPvOdz50,160784,2457,0,643
2025-11-27 17:28:51,L6tkKvVCs0Y,430483,13464,0,588
2025-11-27 17:28:51,HIE0fSPuvLY,167515,811,0,20
2025-11-27 17:28:51,3-caLm2c1XI,139919,4143,0,515
2025-11-27 17:28:51,rOZV4RZrA3A,204767,2092,0,8
2025-11-27 17:28:51,zLfnSXg0jKg,119354,3160,0,136
2025-11-27 17:28:51,b9z3Iaz5Zrc,123576,6357,0,315
2025-11-27 17:28:51,24VDsNgWNfw,81201,428,0,1
2025-11-27 17:28:51,2NKK6Mg27XI,237812,15246,0,485
2025-11-27 17:28:51,m0HhR1k9JEw,87608,196,0,5
2025-11-27 17:28:51,yRhin7unPeI,179788,5252,0,464
2025-11-27 17:28:51,JkKNqaEl9Aw,379508,20939,0,1877
2025-11-27 17:28:51,6mP-mEHEQcw,265858,10738,0,1399
2025-11-27 17:28:51,Caa-UHhl8Gw,94275,2721,0,203
2025-11-27 17:28:51,iKVcCmyqoik,113354,5922,0,224
2025-11-27 17:28:51,KC0-vIj7piY,236885,18890,0,257
2025-11-27 17:28:51,dCmNVtLsYzA,201427,9848,0,555
2025-11-27 17:28:51,HP8qpxRpIW8,880135,34137,0,993
2025-11-27 17:28:51,z-aco1hi0Iw,156520,1738,0,260
2025-11-27 17:28:51,5ftlnz91DaM,167116,10031,0,491
2025-11-27 17:28:51,j-8vLi2sMg0,74168,6864,0,86
2025-11-27 17:28:51,T8w3L1rS3o4,62244,4125,0,102
2025-11-27 17:28:51,zupf7Kwx6v4,145357,2810,0,176
2025-11-27 17:28:51,XZ1FhU9XeEc,146182,1986,0,248
2025-11-27 17:28:51,OWpLhNyqeqg,81834,4837,0,427
2025-11-27 17:28:51,-3TOkp_6gRQ,491011,9273,0,88
2025-11-27 17:28:51,tXJJhKobuas,207640,2820,0,155
2025-11-27 17:28:51,BFaHdJVDmXY,70058,4199,0,182
2025-11-27 17:28:51,ygIwtR2txaw,293010,11001,0,259
2025-11-27 17:28:51,ST05E_5kn2E,255359,4845,0,326
2025-11-27 17:28:51,XtTT5XdZVpw,118436,4657,0,217
2025-11-27 17:28:51,MarWse2JmWU,288267,3292,0,25
2025-11-27 17:28:51,CO0MSU3fqAQ,15620,2251,0,128
2025-11-27 17:28:51,eLCjlEYBN3U,366976,14892,0,1046
2025-11-27 17:28:51,WVVv8Uyok_U,118015,5028,0,789
2025-11-27 17:28:51,IftQ9zQ06-0,139246,2012,0,280
2025-11-27 17:28:51,KDC-EOsNzAg,166498,23514,0,602
2025-11-27 17:28:51,jvrrjeAYtzs,76233,232,0,0
2025-11-27 17:28:51,BNWYJZp2CbQ,48655,451,0,22
2025-11-27 17:28:51,6ixvIIIxwlk,104560,1062,0,0
2025-11-27 17:28:51,vMg1KAFAKiY,1063984,174538,0,9303
2025-11-27 17:28:51,jWFQ3A1Dtdg,313474,12795,0,1305
2025-11-27 17:28:51,QRTGKxrKBPM,515261,40462,0,1014
2025-11-27 17:28:51,G7eh40XgTiw,88206,1205,0,175
2025-11-27 17:28:51,fCDvm0Y3qkw,301767,15536,0,191
2025-11-27 17:28:51,f8aS4qwuO7k,146990,8581,0,73
2025-11-27 17:28:51,3rGi2kiSzkA,51841,2682,0,112
2025-11-27 17:28:51,kCnD_dMyJ3M,91524,2697,0,0
2025-11-27 17:28:51,ayjRv2g2UqY,878654,20278,0,812
2025-11-27 17:28:51,OoLflKFs7YY,73262,2372,0,236
2025-11-27 17:28:51,IZ9kqxCDvAs,808339,31492,0,2056
2025-11-27 17:28:51,NkHjY_EaCgY,118445,1776,0,106
2025-11-27 17:28:51,oWv2PwrJkTM,224642,11485,0,113
2025-11-27 17:28:51,taSKSaq5qh8,252472,4115,0,38
2025-11-27 17:28:51,SzFd7Tmq7pU,185462,9828,0,49
2025-11-27 17:28:51,6yMFwpzbQCY,168049,2636,0,181
2025-11-27 17:28:51,S3Q33-4q1xo,112546,1302,0,84
2025-11-27 17:28:51,dolefeooLzc,391741,5968,0,376
2025-11-27 17:28:51,LcpCd9VXGjE,334354,1572,0,0
2025-11-27 17:28:51,uOZRP1-dvhA,233535,2377,0,172
2025-11-27 17:28:51,6hIKI8RZ1ys,419510,6924,0,18
2025-11-27 17:28:51,8j4RM-bBYvA,27431,1273,0,468
2025-11-27 17:28:51,tk9FDjJd6zM,38514,707,0,84
2025-11-27 17:28:51,tmVYOETfA10,64156,3706,0,90
2025-11-27 17:28:51,1wRkbauiGU8,101340,2492,0,151
2025-11-27 17:28:51,WGyadbTx8bs,362198,12833,0,1053
2025-11-27 17:28:51,SnCG-_lf74w,904962,22950,0,1079
2025-11-27 17:28:51,bZ2eyQcJ49o,170298,2747,0,384
2025-11-27 17:28:51,yxXNIzrfPNQ,111655,6191,0,829
2025-11-27 17:28:51,599nhYHHvQo,,836,0,0
2025-11-27 17:28:51,6oS55kztPlE,21938,1097,0,32
2025-11-27 17:28:51,k1yXf4L5bnc,115959,2799,0,153
2025-11-27 17:28:51,Gth1zEFH2TM,104673,2139,0,50
2025-11-27 17:28:51,Iz7mRKij2ao,10363,647,0,27
2025-11-27 17:28:51,Yy2ZovGi-Uk,351625,9393,0,145
2025-11-27 17:28:51,JUYQapYmw74,120792,1400,0,3
2025-11-27 17:28:51,7SoVjT-0Rhw,31884,1828,0,267
2025-11-27 17:28:51,qRUIGsTq-kU,19921,2296,0,217
2025-11-27 17:28:51,WsLcF1ojgFU,47491,2963,0,419
2025-11-27 17:28:51,xZFWSWcQ3As,111689,1242,0,79
2025-11-27 17:28:51,fiG_T-0zFT8,542693,30972,0,1446
2025-11-27 17:28:51,gYEhRoknpZQ,109291,949,0,168
2025-11-27 17:28:51,GJMOK14mB2c,113180,2755,0,143
2025-11-27 17:28:51,P0OLVEm0pfM,66095,194,0,0
2025-11-27 17:28:51,C3jcxlsPYLE,203241,9905,0,81
2025-11-27 17:28:51,MRYXsF2lblY,216598,18935,0,1047
2025-11-27 17:28:51,QJpTBz916MI,1079506,107691,0,2903
2025-11-27 17:28:51,OfuHlytx3rQ,13523,211,0,9
2025-11-27 17:28:51,STXcQAmoLPU,133729,1367,0,1
2025-11-27 17:28:51,4Xt_hR0KNvY,169217,12844,0,2389
2025-11-27 17:28:51,UFozBQrnmII,795213,25410,0,424
2025-11-27 17:28:51,9SaAfQ6eACQ,77487,1078,0,210
2025-11-27 17:28:51,W3eUZa56o0s,225909,3907,0,1518
2025-11-27 17:28:51,ANU0lVGfWyo,486001,34769,0,2398
2025-11-27 17:28:51,VhzqSrscVP8,152113,6077,0,417
2025-11-27 17:28:51,PwaldW6SXwE,27032,2548,0,235
2025-11-27 17:28:51,fiSsGbfus6I,326301,2192,0,1275
2025-11-27 17:28:51,FFXSoSl_lGg,123239,5076,0,177
2025-11-27 17:28:51,QebVV6D641k,234304,1215,0,793
2025-11-27 17:28:51,dIPZHyTBFz0,198918,2165,0,262
2025-11-27 17:28:51,PJyQaQosJpk,76049,846,0,15
2025-11-27 17:28:51,j-4AHlLg9XA,,104,0,0
2025-11-27 17:28:51,OWGd9sHxpvs,79904,2457,0,81
2025-11-27 17:28:51,IW_KV5nqWRI,42288,226,0,11
2025-11-27 17:28:51,ScutqxM3z_s,198698,8417,0,479
2025-11-27 17:28:51,kSmHmdAnDYc,236328,6792,0,823
2025-11-27 17:28:51,hn17tmdaAzQ,700382,6516,0,107
2025-11-27 17:28:51,NUSpibeVoO0,20816,878,0,80
2025-11-27 17:28:51,E7so8IVX1qQ,65050,122,0,2
2025-11-27 17:28:51,ineS6XL0vc8,97802,2419,0,88
2025-11-27 17:28:51,2j2jXv6Juxc,174208,2516,0,88
2025-11-27 17:28:51,xx3ZTvOhNoM,224461,8058,0,89
2025-11-27 17:28:51,DyINvuS9P34,191383,2642,0,50
2025-11-27 17:28:51,4Ddbjkyy2C0,119653,836,0,0
2025-11-27 17:28:51,Aj8AmqTQkAs,99452,1183,0,59
2025-11-27 17:28:51,iBD9LX2ZdDQ,81648,189,0,0
2025-11-27 17:28:51,UfVkyXaTGcs,208415,5264,0,105
2025-11-27 17:28:51,CXcBo03He2A,23730,3319,0,175
2025-11-27 17:28:51,TVqEwvbZP30,9727045,109717,0,11012
2025-11-27 17:28:51,eHmQ_b0LkUA,451472,93356,0,3265
2025-11-27 17:28:51,ex7ieF2B09A,252080,3956,0,197
2025-11-27 17:28:51,7bqePXphj2g,265668,18328,0,1570
2025-11-27 17:28:51,dqMImJF-rgA,137533,4024,0,341
2025-11-27 17:28:51,SWdjfMIkQCg,160728,2214,0,164
2025-11-27 17:28:51,StcmgD_0aRI,147690,11148,0,2611
2025-11-27 17:28:51,dmBAMwBBxoM,164864,4755,0,386
2025-11-27 17:28:51,l57EJ_eLsIc,185289,1595,0,615
2025-11-27 17:28:51,5-o_tvuKSfM,53598,3689,0,149
2025-11-27 17:28:51,9jrVtT2nPgQ,34888,4606,0,103
2025-11-27 17:28:51,dx4XsqUGm10,206354,18364,0,1364
2025-11-27 17:28:51,-dfR8iYqwK4,200254,3469,0,492
2025-11-27 17:28:51,LUQ28DBF7EU,164255,3916,0,320
2025-11-27 17:28:51,xjUPVppl1DI,624508,10819,0,456
2025-11-27 17:28:51,I52yC34Ji2k,306195,42888,0,1629
2025-11-27 17:28:51,VWg0218G38c,115989,1367,0,234
2025-11-27 17:28:51,v55qDr_jJFA,28024,1816,0,111
2025-11-27 17:28:51,nzbbL07maKA,133684,6914,0,271
2025-11-27 17:28:51,lUHLwBOY04I,170385,16962,0,344
2025-11-27 17:28:51,6L7xTio0QyY,107913,5204,0,500
2025-11-27 17:28:51,JrI4_jUZe98,408967,67726,0,2167
2025-11-27 17:28:51,DOmdfYIPBXE,342054,3123,0,87
2025-11-27 17:28:51,CZP11p3DklQ,106921,3502,0,142
2025-11-27 17:28:51,xcqjxAXsbHU,593966,27599,0,1196
2025-11-27 17:28:51,oLY17RG3OMI,292207,5100,0,287
2025-11-27 17:28:51,hQwjPcq63JM,48848,744,0,5
2025-11-27 17:28:51,Pzqzy2ZIcLI,171327,9461,0,48
2025-11-27 17:28:51,4oml768wFnk,46855,3237,0,162
2025-11-27 17:28:51,NDommbpC80U,151289,1878,0,227
2025-11-27 17:28:51,kux5GmbZhVg,20096,998,0,20
2025-11-27 17:28:51,KO6gxf8vXJQ,229001,526,0,1
2025-11-27 17:28:51,j6TnwWfuf-I,99767,2132,0,116
2025-11-27 17:28:51,b1OwvLh8HnU,22241,388,0,8
2025-11-27 17:28:51,qIXl45sU0wk,122755,2817,0,27
2025-11-27 17:28:51,4-6IONBWRMQ,109592,1718,0,33
2025-11-27 17:28:51,e0okJjgNTl0,293017,2708,0,6
2025-11-27 17:28:51,xuL1CDdhsOg,210998,2075,0,1
2025-11-27 17:28:51,IW14wQJKSC4,104936,4137,0,149
2025-11-27 17:28:51,hXKJ0gHYQ6E,48790,266,0,21
2025-11-27 17:28:51,cBPtIHuFa_o,98726,3789,0,385
2025-11-27 17:28:51,BT4XRgmCjjQ,215479,,0,35
2025-11-27 17:28:51,vpXtzSpyV_8,4612124,22038,0,1100
2025-11-27 17:28:51,DSPV0RT3BJI,82417,,0,
2025-11-27 17:28:51,Am2ElEWNvTY,64640,3659,0,203
2025-11-27 17:28:51,A3Ki9cI9T9w,107257,2371,0,602
2025-11-27 17:28:51,SdVBuVm_Sw8,,699,0,0
2025-11-27 17:28:51,OEcTbxi57lE,17781,3641,0,139
2025-11-27 17:28:51,8gAg9uDn2Oo,357615,13055,0,490
2025-11-27 17:28:51,miySB69T1xw,470390,13039,0,481
2025-11-27 17:28:51,a72dN8ZWPWg,147959,3316,0,1795
2025-11-27 17:28:51,U7wDhVWgd5w,52082,1097,0,7
2025-11-27 17:28:51,tPMkWfK6N-E,114129,10198,0,512
2025-11-27 17:28:51,u66QoyjtANg,141317,1096,0,0
2025-11-27 17:28:51,I9U5JRfZ4bA,33938,956,0,152
2025-11-27 17:28:51,kuetvJE_C_U,150855,3978,0,66
2025-11-27 17:28:51,S0UEqkus7FA,314819,12472,0,240
2025-11-27 17:28:51,wUGh03rLZbY,124723,3812,0,258
2025-11-27 17:28:51,Zvh5BE2Guik,254429,10775,0,195
2025-11-27 17:28:51,cVL4bRjA6X0,428047,37391,0,1343
2025-11-27 17:28:51,s5dFrPwvbHY,213804,31617,0,1484
2025-11-27 17:28:51,oslNxV_8Q2c,241670,10524,0,118
2025-11-27 17:28:51,AfKzB2lXo7I,14831,719,0,50
2025-11-27 17:28:51,_6xcFXlJcX8,112165,1232,0,36
2025-11-27 17:28:51,81QYAxvO3Ik,201552,19508,0,1230
2025-11-27 17:28:51,NED7nev2ywQ,39930244,1349584,0,131926
2025-11-27 17:28:51,Em805jfRVXs,277499,5048,0,588
2025-11-27 17:28:51,llAI08UYyAw,3091587,357590,0,10873
2025-11-27 17:28:51,jRgzfKDTI7g,479310,11832,0,351
2025-11-27 17:28:51,IcWvUlwcKAI,9887,1923,0,150
2025-11-27 17:28:51,5eHGs7lX09s,99359,1196,0,1080
2025-11-27 17:28:51,CvGT2o7-_ZA,80629,1538,0,12
2025-11-27 17:28:51,x_RYZsOfpKY,12777153,301702,0,17988
2025-11-27 17:28:51,oVwGURkvEq4,145371,1768,0,661
2025-11-27 17:28:51,F2B4VITJfb0,103244,2206,0,388
2025-11-27 17:28:51,aHKMl9HVqZQ,139608,4295,0,339
2025-11-27 17:28:51,FuGOa47BBqg,35384,1176,0,15
2025-11-27 17:28:51,D8gbtByJSI8,77228,368,0,2
2025-11-27 17:28:51,x15pDRtzYno,138314,1670,0,196
2025-11-27 17:28:51,Gln8wDtITJ4,42580,2776,0,221
2025-11-27 17:28:51,2HwsSTLuA8A,143900,4142,0,458
2025-11-27 17:28:51,tdYPGxusaYs,30069,2531,0,140
2025-11-27 17:28:51,KSha-fc5EhA,93104,520,0,0
2025-11-27 17:28:51,5UBc2gXGwKc,17396,278,0,9
2025-11-27 17:28:51,OeMmb--HE6k,183950,4781,0,66
2025-11-27 17:28:51,9XNqe5r8xHI,436740,6085,0,27
2025-11-27 17:28:51,PtSwg--FueA,156720,1324,0,378
2025-11-27 17:28:51,vQ_NFqtGDgo,162858,25871,0,969
2025-11-27 17:28:51,ZXrcsNlbtgs,105019,912,0,0
2025-11-27 17:28:51,ES9oYbzYCh8,467365,58883,0,1823
2025-11-27 17:28:51,YMxjZF3gtoM,300259,14066,0,801
2025-11-27 17:28:51,qEGsMTo-adg,24554,1853,0,230
2025-11-27 17:28:51,_o05ucPBD7g,81842,1495,0,74
2025-11-27 17:28:51,BM13CSsDrV8,13698,509,0,0
2025-11-27 17:28:51,XILnJKGc0yo,240642,20424,0,3655
2025-11-27 17:28:51,55xYiuSAp5c,303047,4591,0,19
2025-11-27 17:28:51,G36amiUCkXU,454202,28106,0,5380
2025-11-27 17:28:51,VXsWwTTgt78,257378,11896,0,74
2025-11-27 17:28:51,DG4ax7ec64o,686613,8245,0,341
2025-11-27 17:28:51,w0ZQp2CmHHw,139520,2407,0,215
2025-11-27 17:28:51,4l9Ni3tjbwM,1066264,12122,0,125
2025-11-27 17:28:51,0GICIe0Tgf8,18125,1057,0,30
2025-11-27 17:28:51,sgi_eji-ysM,273576,5444,0,67
2025-11-27 17:28:51,Bj6tJxDPzoY,235166,10740,0,299
2025-11-27 17:28:51,h09ng9lTOEM,168205,1509,0,8
2025-11-27 17:28:51,7gDl4S3wB14,503954,8454,0,827
2025-11-27 17:28:51,6kWw9Nn4dIY,133127,6166,0,357
2025-11-27 17:28:51,R-ZKjAqlquA,50611,555,0,14
2025-11-27 17:28:51,pzLTGAwn0a4,44183,6436,0,461
2025-11-27 17:28:51,w32-xwPxDFk,17735,1192,0,58
2025-11-27 17:28:51,tGwT5DAU6-s,50919,1002,0,14
2025-11-27 17:28:51,ITQYMtkP23E,290607,1375,0,0
2025-11-27 17:28:51,qUgLxkENl6c,108531,7272,0,341
2025-11-27 02:39:50,8j4RM-bBYvA,24698,1248,0,448
2025-11-27 02:39:50,e0okJjgNTl0,292899,2708,0,6
2025-11-27 02:39:50,BDxXPvOdz50,157023,2428,0,641
2025-11-27 02:39:50,z-aco1hi0Iw,151140,1717,0,258
2025-11-27 02:39:50,cBPtIHuFa_o,92905,3645,0,377
2025-11-27 02:39:50,Em805jfRVXs,238144,4628,0,541
2025-11-27 02:39:50,dx4XsqUGm10,192547,18086,0,1351
2025-11-27 02:39:50,SdVBuVm_Sw8,,699,0,0
2025-11-27 02:39:50,MRYXsF2lblY,203358,18525,0,1017
2025-11-27 02:39:50,dhzVHS8C_nc,82174,480,0,1
2025-11-27 02:39:50,JUYQapYmw74,120881,1400,0,3
2025-11-27 02:39:50,ES9oYbzYCh8,169239,34366,0,1290
2025-11-27 02:39:50,tk9FDjJd6zM,36416,694,0,78
2025-11-27 02:39:50,QJpTBz916MI,1053856,106842,0,2893
2025-11-27 02:39:50,ITQYMtkP23E,290596,1380,0,0
2025-11-27 02:39:50,zLfnSXg0jKg,116588,3116,0,134
2025-11-27 02:39:50,4l9Ni3tjbwM,1064261,12100,0,125
2025-11-27 02:39:50,PJyQaQosJpk,75624,846,0,15
2025-11-27 02:39:50,JkKNqaEl9Aw,284029,19593,0,1765
2025-11-27 02:39:50,fCDvm0Y3qkw,300863,15410,0,179
2025-11-27 02:39:50,8gAg9uDn2Oo,257655,10599,0,435
2025-11-27 02:39:50,JrI4_jUZe98,361850,61833,0,2077
2025-11-27 02:39:50,hXKJ0gHYQ6E,48728,266,0,20
2025-11-27 02:39:50,4Xt_hR0KNvY,156425,12327,0,2322
2025-11-27 02:39:50,snH3HQSF7Ew,244447,3957,0,701
2025-11-27 02:39:50,HP8qpxRpIW8,694088,30142,0,955
2025-11-27 02:39:50,tXJJhKobuas,190402,2613,0,147
2025-11-27 02:39:50,D8gbtByJSI8,77207,369,0,2
2025-11-27 02:39:50,3rGi2kiSzkA,47930,2578,0,109
2025-11-27 02:39:50,nbzmTUB-FCs,20899,1305,0,192
2025-11-27 02:39:50,04-csl0RRJc,55699,1052,0,268
2025-11-27 02:39:50,nDeKfR5iBxY,839400,39347,0,1433
2025-11-27 02:39:50,7gDl4S3wB14,498348,8386,0,822
2025-11-27 02:39:50,hcJEQXJIALo,19842,3150,0,513
2025-11-27 02:39:50,yRhin7unPeI,175639,5149,0,466
2025-11-27 02:39:50,BM13CSsDrV8,10605,464,0,0
2025-11-27 02:39:50,BT4XRgmCjjQ,213698,,0,34
2025-11-27 02:39:50,OeMmb--HE6k,146978,4162,0,47
2025-11-27 02:39:50,KDC-EOsNzAg,155580,22656,0,596
2025-11-27 02:39:50,ex7ieF2B09A,237028,3786,0,193
2025-11-27 02:39:50,taSKSaq5qh8,251106,4107,0,38
2025-11-27 02:39:50,rOZV4RZrA3A,202713,2081,0,6
2025-11-27 02:39:50,oWv2PwrJkTM,209236,11001,0,96
2025-11-27 02:39:50,6L7xTio0QyY,100060,5129,0,497
2025-11-27 02:39:50,5ftlnz91DaM,161485,9891,0,488
2025-11-27 02:39:50,KC0-vIj7piY,211761,17881,0,219
2025-11-27 02:39:50,A3Ki9cI9T9w,99600,2269,0,575
2025-11-27 02:39:50,IftQ9zQ06-0,132591,1963,0,273
2025-11-27 02:39:50,PtSwg--FueA,149004,1286,0,375
2025-11-27 02:39:50,_o05ucPBD7g,67049,1275,0,67
2025-11-27 02:39:50,KO6gxf8vXJQ,228907,526,0,1
2025-11-27 02:39:50,VWg0218G38c,51325,780,0,157
2025-11-27 02:39:50,wUGh03rLZbY,122816,3789,0,258
2025-11-27 02:39:50,xx3ZTvOhNoM,224084,8011,0,81
2025-11-27 02:39:50,BFaHdJVDmXY,64512,4019,0,171
2025-11-27 02:39:50,gYEhRoknpZQ,107904,942,0,168
2025-11-27 02:39:50,4oml768wFnk,43842,3201,0,162
2025-11-27 02:39:50,599nhYHHvQo,,839,0,0
2025-11-27 02:39:50,TAL-HXKac80,3370883,75975,0,2563
2025-11-27 02:39:50,Iz7mRKij2ao,7486,526,0,21
2025-11-27 02:39:50,IW14wQJKSC4,100350,4074,0,148
2025-11-27 02:39:50,ygIwtR2txaw,284126,10770,0,258
2025-11-27 02:39:50,Pzqzy2ZIcLI,170982,9447,0,48
2025-11-27 02:39:50,koeM_jz4CdM,383939,14622,0,1472
2025-11-27 02:39:50,ZXrcsNlbtgs,105009,911,0,0
2025-11-27 02:39:50,XZ1FhU9XeEc,140761,1923,0,247
2025-11-27 02:39:50,9XNqe5r8xHI,434419,6064,0,26
2025-11-27 02:39:50,DG4ax7ec64o,663561,7874,0,328
2025-11-27 02:39:50,vIUORnIS_ug,309019,13281,0,1013
2025-11-27 02:39:50,VhzqSrscVP8,149710,6035,0,408
2025-11-27 02:39:50,UF4n5zmzx9A,216824,5173,0,268
2025-11-27 02:39:50,jWFQ3A1Dtdg,272354,12132,0,1244
2025-11-27 02:39:50,u66QoyjtANg,141345,1096,0,0
2025-11-27 02:39:50,b9z3Iaz5Zrc,95448,5578,0,300
2025-11-27 02:39:50,NED7nev2ywQ,38819590,1337082,0,129630
2025-11-27 02:39:50,XILnJKGc0yo,213819,19804,0,3496
2025-11-27 02:39:50,G36amiUCkXU,401600,27085,0,5028
2025-11-27 02:39:50,C3jcxlsPYLE,178743,9229,0,52
2025-11-27 02:39:50,qEGsMTo-adg,22851,1803,0,218
2025-11-27 02:39:50,6oS55kztPlE,16529,976,0,29
2025-11-27 02:39:50,Gth1zEFH2TM,100183,2076,0,50
2025-11-27 02:39:50,uQc-pW3QLuI,7015332,126024,0,5179
2025-11-27 02:39:50,CZP11p3DklQ,85150,3066,0,133
2025-11-27 02:39:50,DSPV0RT3BJI,80403,,0,
2025-11-27 02:39:50,k1yXf4L5bnc,114301,2760,0,152
2025-11-27 02:39:50,iKVcCmyqoik,104212,5800,0,219
2025-11-27 02:39:50,nzbbL07maKA,110755,6192,0,257
2025-11-27 02:39:50,cVL4bRjA6X0,399263,36562,0,1322
2025-11-27 02:39:50,kSmHmdAnDYc,190851,5871,0,756
2025-11-27 02:39:50,XtTT5XdZVpw,115929,4601,0,217
2025-11-27 02:39:50,StcmgD_0aRI,109191,8865,0,2365
2025-11-27 02:39:50,eLCjlEYBN3U,287142,12068,0,961
2025-11-27 02:39:50,S0UEqkus7FA,279309,11684,0,160
2025-11-27 02:39:50,oVwGURkvEq4,144173,1767,0,660
2025-11-27 02:39:50,3-caLm2c1XI,108735,3584,0,457
2025-11-27 02:39:50,LxMaia85m5Y,192753,3756,0,169
2025-11-27 02:39:50,KSha-fc5EhA,93142,520,0,0
2025-11-27 02:39:50,I52yC34Ji2k,242049,36295,0,1447
2025-11-27 02:39:50,uOZRP1-dvhA,229365,2332,0,172
2025-11-27 02:39:50,PwaldW6SXwE,24641,2427,0,226
2025-11-27 02:39:50,Caa-UHhl8Gw,85262,2557,0,199
2025-11-27 02:39:50,dCmNVtLsYzA,196685,9673,0,549
2025-11-27 02:39:50,jRgzfKDTI7g,470097,11671,0,348
2025-11-27 02:39:50,a72dN8ZWPWg,143039,3178,0,1789
2025-11-27 02:39:50,tPMkWfK6N-E,110318,10010,0,504
2025-11-27 02:39:50,eWetBwa4vVI,33390,2365,0,137
2025-11-27 02:39:50,qJvjFBhQ6vQ,182057,2270,0,67
2025-11-27 02:39:50,l57EJ_eLsIc,176460,1561,0,601
2025-11-27 02:39:50,G_3xr5desOo,102160,3106,0,115
2025-11-27 02:39:50,dmBAMwBBxoM,150323,4503,0,376
2025-11-27 02:39:50,NIGA89HGTBU,1437894,24309,0,1004
2025-11-27 02:39:50,oslNxV_8Q2c,248591,10511,0,118
2025-11-27 02:39:50,ST05E_5kn2E,239346,4552,0,320
2025-11-27 02:39:50,7bqePXphj2g,253706,17982,0,1546
2025-11-27 02:39:50,h09ng9lTOEM,168465,1510,0,8
2025-11-27 02:39:50,MarWse2JmWU,288076,3292,0,24
2025-11-27 02:39:50,w32-xwPxDFk,11578,978,0,51
2025-11-27 02:39:50,kux5GmbZhVg,13312,857,0,19
2025-11-27 02:39:50,qFdZAyr_xmw,170497,4612,0,643
2025-11-27 02:39:50,dolefeooLzc,373269,5814,0,372
2025-11-27 02:39:50,vpXtzSpyV_8,4461969,21054,0,1065
2025-11-27 02:39:50,WGyadbTx8bs,342809,12386,0,1039
2025-11-27 02:39:50,ScutqxM3z_s,180517,8088,0,460
2025-11-27 02:39:50,6kWw9Nn4dIY,124156,5940,0,345
2025-11-27 02:39:50,W3eUZa56o0s,222912,3866,0,1506
2025-11-27 02:39:50,5-o_tvuKSfM,34911,2849,0,125
2025-11-27 02:39:50,CO0MSU3fqAQ,10790,1828,0,107
2025-11-27 02:39:50,UfVkyXaTGcs,202628,5165,0,105
2025-11-27 02:39:50,w0ZQp2CmHHw,91110,1824,0,185
2025-11-27 02:39:50,HQdJ8dMeCHM,117623,711,0,1529
2025-11-27 02:39:50,kuetvJE_C_U,150756,3976,0,66
2025-11-27 02:39:50,gSXQd_5ht0E,890261,23098,0,1039
2025-11-27 02:39:50,G7eh40XgTiw,84528,1179,0,168
2025-11-27 02:39:50,55xYiuSAp5c,296510,4573,0,18
2025-11-27 02:39:50,oLY17RG3OMI,283215,4970,0,283
2025-11-27 02:39:50,lUHLwBOY04I,163451,16577,0,335
2025-11-27 02:39:50,QRTGKxrKBPM,485125,39804,0,1010
2025-11-27 02:39:50,sgi_eji-ysM,272362,5431,0,67
2025-11-27 02:39:50,qIXl45sU0wk,121281,2802,0,26
2025-11-27 02:39:50,SnCG-_lf74w,792244,21362,0,1018
2025-11-27 02:39:50,NkHjY_EaCgY,111733,1710,0,105
2025-11-27 02:39:50,2HwsSTLuA8A,142855,4123,0,457
2025-11-27 02:39:50,ANU0lVGfWyo,432018,33237,0,2330
2025-11-27 02:39:50,CvGT2o7-_ZA,79932,1537,0,12
2025-11-27 02:39:50,I9U5JRfZ4bA,33020,935,0,152
2025-11-27 02:39:50,-3TOkp_6gRQ,489751,9253,0,88
2025-11-27 02:39:50,DyINvuS9P34,152870,2144,0,48
2025-11-27 02:39:50,FFXSoSl_lGg,118059,5008,0,177
2025-11-27 02:39:50,4-6IONBWRMQ,108187,1703,0,33
2025-11-27 02:39:50,LUQ28DBF7EU,162586,3899,0,319
2025-11-27 02:39:50,GxXpkps21Kc,303947,13050,0,229
2025-11-27 02:39:50,Am2ElEWNvTY,33688,2475,0,160
2025-11-27 02:39:50,1wRkbauiGU8,88211,2293,0,145
2025-11-27 02:39:50,SWdjfMIkQCg,157393,2191,0,164
2025-11-27 02:39:50,xuL1CDdhsOg,211301,2077,0,1
2025-11-27 02:39:50,L6tkKvVCs0Y,328592,13176,0,581
2025-11-27 02:39:50,Kc7TkgWiWrc,26367,922,0,34
2025-11-27 02:39:50,ayjRv2g2UqY,817109,20068,0,807
2025-11-27 02:39:50,bZ2eyQcJ49o,128788,2386,0,346
2025-11-27 02:39:50,ineS6XL0vc8,68430,1899,0,72
2025-11-27 02:39:50,pzLTGAwn0a4,32974,5407,0,435
2025-11-27 02:39:50,81QYAxvO3Ik,189969,19077,0,1207
2025-11-27 02:39:50,Yy2ZovGi-Uk,350311,9374,0,144
2025-11-27 02:39:50,-dfR8iYqwK4,197411,3435,0,491
2025-11-27 02:39:50,IcWvUlwcKAI,9597,1906,0,149
2025-11-27 02:39:50,Aj8AmqTQkAs,96973,1164,0,59
2025-11-27 02:39:50,IZ9kqxCDvAs,766743,30847,0,2024
2025-11-27 02:39:50,jvrrjeAYtzs,73290,232,0,0
2025-11-27 02:39:50,vQ_NFqtGDgo,126422,21973,0,860
2025-11-27 02:39:50,xjUPVppl1DI,558179,10164,0,429
2025-11-27 02:39:50,YMxjZF3gtoM,290659,13830,0,788
2025-11-27 02:39:50,6mP-mEHEQcw,248413,10312,0,1362
2025-11-27 02:39:50,AmQXv7Pyqvw,72761,940,0,10
2025-11-27 02:39:50,0GICIe0Tgf8,12860,936,0,29
2025-11-27 02:39:50,F2B4VITJfb0,79986,1842,0,199
2025-11-27 02:39:50,6hIKI8RZ1ys,419503,6926,0,18
2025-11-27 02:39:50,j-8vLi2sMg0,65367,6441,0,83
2025-11-27 02:39:50,cl-BT6bDxEI,120009,3326,0,191
2025-11-27 02:39:50,eHmQ_b0LkUA,408162,89432,0,3238
2025-11-27 02:39:50,x15pDRtzYno,134188,1622,0,194
2025-11-27 02:39:50,P0OLVEm0pfM,66072,194,0,0
2025-11-27 02:39:50,tLBq_jH5FDI,71313,1260,0,136
2025-11-27 02:39:50,TVqEwvbZP30,7050222,105086,0,10122
2025-11-27 02:39:50,kCnD_dMyJ3M,84160,2628,0,0
2025-11-27 02:39:50,HIE0fSPuvLY,167539,811,0,20
2025-11-27 02:39:50,tmVYOETfA10,55915,3536,0,89
2025-11-27 02:39:50,zupf7Kwx6v4,143691,2789,0,175
2025-11-27 02:39:50,s5dFrPwvbHY,198136,30594,0,1474
2025-11-27 02:39:50,9SaAfQ6eACQ,75235,1061,0,210
2025-11-27 02:39:50,24VDsNgWNfw,80982,428,0,1
2025-11-27 02:39:50,j6TnwWfuf-I,94780,2067,0,115
2025-11-27 02:39:50,WsLcF1ojgFU,44931,2914,0,413
2025-11-27 02:39:50,QebVV6D641k,231430,1208,0,785
2025-11-27 02:39:50,BsyEN86cR0U,238927,7329,0,74
2025-11-27 02:39:50,U7wDhVWgd5w,52063,1098,0,7
2025-11-27 02:39:50,fiG_T-0zFT8,517244,30546,0,1439
2025-11-27 02:39:50,xZFWSWcQ3As,109423,1224,0,78
2025-11-27 02:39:50,6ixvIIIxwlk,104436,1064,0,0
2025-11-27 02:39:50,Bj6tJxDPzoY,176299,8818,0,274
2025-11-27 02:39:50,m0HhR1k9JEw,87643,197,0,5
2025-11-27 02:39:50,aHKMl9HVqZQ,133132,4146,0,333
2025-11-27 02:39:50,0-74AHbFWic,153651,11741,0,627
2025-11-27 02:39:50,T8w3L1rS3o4,40145,2787,0,83
2025-11-27 02:39:50,Lj1Qi3-zQgg,14504,3311,0,124
2025-11-27 02:39:50,v55qDr_jJFA,23214,1665,0,107
2025-11-27 02:39:50,4Ddbjkyy2C0,119624,836,0,0
2025-11-27 02:39:50,fiSsGbfus6I,293781,2062,0,1236
2025-11-27 02:39:50,_6xcFXlJcX8,109782,1205,0,35
2025-11-27 02:39:50,miySB69T1xw,440896,12442,0,469
2025-11-27 02:39:50,S3Q33-4q1xo,110548,1287,0,83
2025-11-27 02:39:50,vMg1KAFAKiY,1032595,171753,0,9156
2025-11-27 02:39:50,qUgLxkENl6c,90531,6147,0,314
2025-11-27 02:39:50,DOmdfYIPBXE,338906,3083,0,87
2025-11-27 02:39:50,vQpF9mIiYFU,11075,276,0,22
2025-11-27 02:39:50,x_RYZsOfpKY,11968079,289714,0,17638
2025-11-27 02:39:50,STXcQAmoLPU,136072,1367,0,1
2025-11-27 02:39:50,hn17tmdaAzQ,697328,6484,0,104
2025-11-27 02:39:50,j-4AHlLg9XA,,104,0,0
2025-11-27 02:39:50,llAI08UYyAw,2740719,345833,0,10696
2025-11-27 02:39:50,WVVv8Uyok_U,58562,3459,0,675
2025-11-27 02:39:50,LcpCd9VXGjE,333581,1573,0,0
2025-11-27 02:39:50,Gln8wDtITJ4,38761,2625,0,208
2025-11-27 02:39:50,IW_KV5nqWRI,42093,226,0,11
2025-11-27 02:39:50,f8aS4qwuO7k,146288,8562,0,73
2025-11-27 02:39:50,7SoVjT-0Rhw,29708,1788,0,259
2025-11-27 02:39:50,Rc8f268ueOE,197030,1806,0,413
2025-11-27 02:39:50,dqMImJF-rgA,134318,3953,0,339
2025-11-27 02:39:50,yxXNIzrfPNQ,103832,6092,0,819
2025-11-27 02:39:50,GJMOK14mB2c,110176,2716,0,142
2025-11-27 02:39:50,OWpLhNyqeqg,74801,4751,0,426
2025-11-27 02:39:50,dIPZHyTBFz0,167725,1976,0,253
2025-11-27 02:39:50,b1OwvLh8HnU,15216,318,0,7
2025-11-27 02:39:50,xcqjxAXsbHU,569710,27256,0,1191
2025-11-27 02:39:50,2NKK6Mg27XI,223096,14743,0,472
2025-11-27 02:39:50,2j2jXv6Juxc,110237,1880,0,71
2025-11-27 02:39:50,Zvh5BE2Guik,256832,10730,0,192
2025-11-27 02:39:50,UFozBQrnmII,792562,25327,0,423
2025-11-27 02:39:50,VXsWwTTgt78,256540,11874,0,73
2025-11-27 02:39:50,BNWYJZp2CbQ,48325,451,0,22
2025-11-25 13:48:23,j-4AHlLg9XA,,106,0,0
2025-11-25 13:48:23,nDeKfR5iBxY,709706,34012,0,1337
2025-11-25 13:48:23,m0HhR1k9JEw,87598,198,0,4
2025-11-25 13:48:23,dx4XsqUGm10,109181,15236,0,1182
2025-11-25 13:48:23,Yy2ZovGi-Uk,341739,9238,0,136
2025-11-25 13:48:23,xuL1CDdhsOg,210730,2083,0,1
2025-11-25 13:48:23,zupf7Kwx6v4,130703,2653,0,172
2025-11-25 13:48:23,IZ9kqxCDvAs,585285,27256,0,1833
2025-11-25 13:48:23,6hIKI8RZ1ys,418632,6935,0,16
2025-11-25 13:48:23,DG4ax7ec64o,523955,6321,0,291
2025-11-25 13:48:23,YMxjZF3gtoM,177396,10456,0,642
2025-11-25 13:48:23,vMg1KAFAKiY,818394,150484,0,8231
2025-11-25 13:48:23,VhzqSrscVP8,115253,5203,0,379
2025-11-25 13:48:23,AmQXv7Pyqvw,71880,935,0,9
2025-11-25 13:48:23,_6xcFXlJcX8,96336,1064,0,35
2025-11-25 13:48:23,6L7xTio0QyY,62218,4805,0,481
2025-11-25 13:48:23,UfVkyXaTGcs,140011,4041,0,88
2025-11-25 13:48:23,KO6gxf8vXJQ,228708,527,0,1
2025-11-25 13:48:23,SdVBuVm_Sw8,94529,700,0,0
2025-11-25 13:48:23,qJvjFBhQ6vQ,113351,1795,0,53
2025-11-25 13:48:23,dCmNVtLsYzA,159147,8341,0,463
2025-11-25 13:48:23,l57EJ_eLsIc,98524,1111,0,478
2025-11-25 13:48:23,4oml768wFnk,31716,2960,0,154
2025-11-25 13:48:23,5ftlnz91DaM,114602,8037,0,423
2025-11-25 13:48:23,UFozBQrnmII,756469,24845,0,404
2025-11-25 13:48:23,QebVV6D641k,212659,1129,0,744
2025-11-25 13:48:23,S3Q33-4q1xo,85534,1089,0,77
2025-11-25 13:48:23,8j4RM-bBYvA,10923,1049,0,345
2025-11-25 13:48:23,TVqEwvbZP30,1230720,83870,0,6858
2025-11-25 13:48:23,x15pDRtzYno,68715,1145,0,164
2025-11-25 13:48:23,XtTT5XdZVpw,74332,3966,0,193
2025-11-25 13:48:23,uOZRP1-dvhA,168888,1755,0,147
2025-11-25 13:48:23,jRgzfKDTI7g,403373,10587,0,328
2025-11-25 13:48:23,tmVYOETfA10,26485,2580,0,73
2025-11-25 13:48:23,kuetvJE_C_U,149476,3952,0,66
2025-11-25 13:48:23,U7wDhVWgd5w,52213,1087,0,5
2025-11-25 13:48:23,fiSsGbfus6I,66309,1019,0,670
2025-11-25 13:48:23,DOmdfYIPBXE,297657,2797,0,84
2025-11-25 13:48:23,uQc-pW3QLuI,6629373,121461,0,5109
2025-11-25 13:48:23,7SoVjT-0Rhw,16097,1415,0,201
2025-11-25 13:48:23,G_3xr5desOo,26946,1545,0,68
2025-11-25 13:48:23,ANU0lVGfWyo,229789,25666,0,2041
2025-11-25 13:48:23,VXsWwTTgt78,248052,11709,0,73
2025-11-25 13:48:23,GxXpkps21Kc,291234,12804,0,195
2025-11-25 13:48:23,k1yXf4L5bnc,92386,2393,0,143
2025-11-25 13:48:23,LUQ28DBF7EU,146406,3687,0,305
2025-11-25 13:48:23,Pzqzy2ZIcLI,166180,9286,0,43
2025-11-25 13:48:23,0-74AHbFWic,130080,11060,0,619
2025-11-25 13:48:23,TAL-HXKac80,2301123,64794,0,2074
2025-11-25 13:48:23,7bqePXphj2g,124667,12574,0,1167
2025-11-25 13:48:23,wUGh03rLZbY,98869,3361,0,247
2025-11-25 13:48:23,KSha-fc5EhA,92769,524,0,0
2025-11-25 13:48:23,04-csl0RRJc,49209,1006,0,244
2025-11-25 13:48:23,lUHLwBOY04I,125079,13898,0,290
2025-11-25 13:48:23,qIXl45sU0wk,111572,2688,0,21
2025-11-25 13:48:23,BDxXPvOdz50,116894,2036,0,537
2025-11-25 13:48:23,7gDl4S3wB14,421270,7658,0,741
2025-11-25 13:48:23,HIE0fSPuvLY,167428,812,0,19
2025-11-25 13:48:23,81QYAxvO3Ik,133498,16722,0,1090
2025-11-25 13:48:23,IcWvUlwcKAI,7415,1645,0,134
2025-11-25 13:48:23,G36amiUCkXU,177002,20214,0,3569
2025-11-25 13:48:23,x_RYZsOfpKY,7911470,222178,0,14615
2025-11-25 13:48:23,tk9FDjJd6zM,24523,534,0,59
2025-11-25 13:48:23,yRhin7unPeI,133424,4418,0,445
2025-11-25 13:48:23,JUYQapYmw74,119786,1403,0,3
2025-11-25 13:48:23,dolefeooLzc,271932,4852,0,322
2025-11-25 13:48:23,IW14wQJKSC4,83250,3827,0,145
2025-11-25 13:48:23,4Ddbjkyy2C0,118879,840,0,0
2025-11-25 13:48:23,KDC-EOsNzAg,93296,16957,0,501
2025-11-25 13:48:23,ygIwtR2txaw,199463,8717,0,236
2025-11-25 13:48:23,fiG_T-0zFT8,420976,28773,0,1415
2025-11-25 13:48:23,6mP-mEHEQcw,123289,7578,0,1095
2025-11-25 13:48:23,QRTGKxrKBPM,370851,36272,0,967
2025-11-25 13:48:23,UF4n5zmzx9A,168696,4430,0,245
2025-11-25 13:48:23,h09ng9lTOEM,167818,1508,0,6
2025-11-25 13:48:23,-dfR8iYqwK4,144701,2897,0,446
2025-11-25 13:48:23,4Xt_hR0KNvY,68400,8218,0,1631
2025-11-25 13:48:23,snH3HQSF7Ew,218172,3705,0,669
2025-11-25 13:48:23,PtSwg--FueA,66474,823,0,304
2025-11-25 13:48:23,xZFWSWcQ3As,94956,1108,0,70
2025-11-25 13:48:23,I9U5JRfZ4bA,26039,822,0,138
2025-11-25 13:48:23,dhzVHS8C_nc,82134,485,0,0
2025-11-25 13:48:23,hXKJ0gHYQ6E,48204,267,0,17
2025-11-25 13:48:23,PJyQaQosJpk,68137,802,0,2
2025-11-25 13:48:23,nbzmTUB-FCs,15048,1198,0,188
2025-11-25 13:48:23,599nhYHHvQo,103434,846,0,0
2025-11-25 13:48:23,2HwsSTLuA8A,135085,3988,0,450
2025-11-25 13:48:23,ex7ieF2B09A,146433,2589,0,139
2025-11-25 13:48:23,koeM_jz4CdM,287164,12028,0,1292
2025-11-25 13:48:23,llAI08UYyAw,1687989,294773,0,9885
2025-11-25 13:48:23,HP8qpxRpIW8,234873,17267,0,778
2025-11-25 13:48:23,cVL4bRjA6X0,259837,30576,0,1164
2025-11-25 13:48:23,gSXQd_5ht0E,375621,20789,0,988
2025-11-25 13:48:23,OWpLhNyqeqg,36439,3676,0,384
2025-11-25 13:48:23,ayjRv2g2UqY,437345,18364,0,775
2025-11-25 13:48:23,4-6IONBWRMQ,98072,1556,0,32
2025-11-25 13:48:23,taSKSaq5qh8,238532,4040,0,31
2025-11-25 13:48:23,QJpTBz916MI,933852,102015,0,2799
2025-11-25 13:48:23,oLY17RG3OMI,222118,4149,0,254
2025-11-25 13:48:23,sgi_eji-ysM,263151,5353,0,64
2025-11-25 13:48:23,gYEhRoknpZQ,88078,869,0,161
2025-11-25 13:48:23,yxXNIzrfPNQ,72382,5458,0,755
2025-11-25 13:48:23,xcqjxAXsbHU,482386,25826,0,1140
2025-11-25 13:48:23,L6tkKvVCs0Y,148099,10785,0,536
2025-11-25 13:48:23,ZXrcsNlbtgs,104921,914,0,0
2025-11-25 13:48:23,MarWse2JmWU,286330,3300,0,24
2025-11-25 13:48:23,Aj8AmqTQkAs,80773,1015,0,55
2025-11-25 13:48:23,9XNqe5r8xHI,417650,5925,0,23
2025-11-25 13:48:23,W3eUZa56o0s,195800,3588,0,1406
2025-11-25 13:48:23,FFXSoSl_lGg,89301,4465,0,169
2025-11-25 13:48:23,kCnD_dMyJ3M,52937,2315,0,0
2025-11-25 13:48:23,24VDsNgWNfw,79533,423,0,1
2025-11-25 13:48:23,vpXtzSpyV_8,314879,15697,0,776
2025-11-25 13:48:23,-3TOkp_6gRQ,473773,9104,0,74
2025-11-25 13:48:23,oVwGURkvEq4,132160,1699,0,646
2025-11-25 13:48:23,SWdjfMIkQCg,111588,1836,0,135
2025-11-25 13:48:23,s5dFrPwvbHY,106426,22462,0,1313
2025-11-25 13:48:23,dqMImJF-rgA,82588,3102,0,281
2025-11-25 13:48:23,4l9Ni3tjbwM,1054815,11986,0,117
2025-11-25 13:48:23,WsLcF1ojgFU,28756,2477,0,353
2025-11-25 13:48:23,3rGi2kiSzkA,17672,1510,0,86
2025-11-25 13:48:23,f8aS4qwuO7k,141353,8419,0,68
2025-11-25 13:48:23,zLfnSXg0jKg,83654,2510,0,116
2025-11-25 13:48:23,NED7nev2ywQ,35404711,1298139,0,124205
2025-11-25 13:48:23,IftQ9zQ06-0,62272,1175,0,154
2025-11-25 13:48:23,MRYXsF2lblY,134974,15950,0,884
2025-11-25 13:48:23,tPMkWfK6N-E,90598,9184,0,464
2025-11-25 13:48:23,BT4XRgmCjjQ,204766,,0,23
2025-11-25 13:48:23,oslNxV_8Q2c,243363,10385,0,114
2025-11-24 20:31:27,QebVV6D641k,178088,971,0,660
2025-11-24 20:31:27,4oml768wFnk,22835,2633,0,146
2025-11-24 20:31:27,tmVYOETfA10,13970,1746,0,58
2025-11-24 20:31:27,DOmdfYIPBXE,276020,2679,0,82
2025-11-24 20:31:27,dqMImJF-rgA,37349,2409,0,234
2025-11-24 20:31:27,SdVBuVm_Sw8,94246,702,0,0
2025-11-24 20:31:27,IW14wQJKSC4,74143,3639,0,143
2025-11-24 20:31:27,oslNxV_8Q2c,244013,10360,0,115
2025-11-24 20:31:27,uQc-pW3QLuI,6089787,115386,0,4992
2025-11-24 20:31:27,tPMkWfK6N-E,75183,8380,0,444
2025-11-24 20:31:27,xZFWSWcQ3As,71569,895,0,61
2025-11-24 20:31:27,sgi_eji-ysM,256870,5300,0,63
2025-11-24 20:31:27,yRhin7unPeI,51604,2662,0,326
2025-11-24 20:31:27,ayjRv2g2UqY,264500,16735,0,740
2025-11-24 20:31:27,lUHLwBOY04I,97409,11548,0,263
2025-11-24 20:31:27,gSXQd_5ht0E,266491,19202,0,947
2025-11-24 20:31:27,5ftlnz91DaM,86142,6645,0,379
2025-11-24 20:31:27,IZ9kqxCDvAs,508669,25448,0,1740
2025-11-24 20:31:27,hXKJ0gHYQ6E,47563,269,0,17
2025-11-24 20:31:27,I9U5JRfZ4bA,20657,717,0,120
2025-11-24 20:31:27,DG4ax7ec64o,418092,5419,0,262
2025-11-24 20:31:27,6mP-mEHEQcw,34782,4249,0,612
2025-11-24 20:31:27,6hIKI8RZ1ys,429009,6957,0,16
2025-11-24 20:31:27,0-74AHbFWic,111587,10296,0,595
2025-11-24 20:31:27,wUGh03rLZbY,66788,2745,0,207
2025-11-24 20:31:27,JUYQapYmw74,117742,1390,0,1
2025-11-24 20:31:27,IcWvUlwcKAI,4175,1203,0,106
2025-11-24 20:31:27,kuetvJE_C_U,153159,3937,0,65
2025-11-24 20:31:27,kCnD_dMyJ3M,34325,1917,0,0
2025-11-24 20:31:27,qIXl45sU0wk,98154,2503,0,11
2025-11-24 20:31:27,AmQXv7Pyqvw,69542,934,0,6
2025-11-24 20:31:27,llAI08UYyAw,515095,152574,0,7010
2025-11-24 20:31:27,tk9FDjJd6zM,15647,406,0,48
2025-11-24 20:31:27,ygIwtR2txaw,58844,4557,0,178
2025-11-24 20:31:27,oVwGURkvEq4,116348,1596,0,623
2025-11-24 20:31:27,_6xcFXlJcX8,76132,881,0,31
2025-11-24 20:31:27,LUQ28DBF7EU,103437,3128,0,271
2025-11-24 20:31:27,IftQ9zQ06-0,17803,655,0,86
2025-11-24 20:31:27,9XNqe5r8xHI,406244,5847,0,21
2025-11-24 20:31:27,vMg1KAFAKiY,535996,118360,0,6953
2025-11-24 20:31:27,NED7nev2ywQ,32862423,1266586,0,120668
2025-11-24 20:31:27,k1yXf4L5bnc,47191,1718,0,120
2025-11-24 20:31:27,24VDsNgWNfw,77353,420,0,1
2025-11-24 20:31:27,fiG_T-0zFT8,376582,27760,0,1399
2025-11-24 20:31:27,UFozBQrnmII,735222,24509,0,373
2025-11-24 20:31:27,x_RYZsOfpKY,344129,81828,0,7465
2025-11-24 20:31:27,Aj8AmqTQkAs,66151,850,0,49
2025-11-24 20:31:27,VXsWwTTgt78,248417,11621,0,69
2025-11-24 20:31:27,nbzmTUB-FCs,12371,1124,0,180
2025-11-24 20:31:27,MarWse2JmWU,296563,3306,0,14
2025-11-24 20:31:27,xcqjxAXsbHU,443518,25084,0,1119
2025-11-24 20:31:27,FFXSoSl_lGg,63069,3849,0,154
2025-11-24 20:31:27,L6tkKvVCs0Y,19519,5617,0,391
2025-11-24 20:31:27,ANU0lVGfWyo,22856,9069,0,998
2025-11-24 20:31:27,nDeKfR5iBxY,639627,31409,0,1279
2025-11-24 20:31:27,ex7ieF2B09A,69228,1473,0,70
2025-11-24 20:31:27,dCmNVtLsYzA,105713,6261,0,376
2025-11-24 20:31:27,W3eUZa56o0s,180634,3429,0,1337
2025-11-24 20:31:27,Pzqzy2ZIcLI,157476,8938,0,22
2025-11-24 20:31:27,VhzqSrscVP8,30439,2989,0,224
2025-11-24 20:31:27,7gDl4S3wB14,375362,7311,0,720
2025-11-24 20:31:27,TVqEwvbZP30,202430,42685,0,3803
2025-11-24 20:31:27,ZXrcsNlbtgs,104763,920,0,0
2025-11-24 20:31:27,m0HhR1k9JEw,87334,200,0,4
2025-11-24 20:31:27,dolefeooLzc,198553,4145,0,284
2025-11-24 20:31:27,UF4n5zmzx9A,137166,3886,0,224
2025-11-24 20:31:27,81QYAxvO3Ik,32364,9518,0,686
2025-11-24 20:31:27,4l9Ni3tjbwM,1053814,11899,0,112
2025-11-24 20:31:27,h09ng9lTOEM,170755,1515,0,6
2025-11-24 20:31:27,KO6gxf8vXJQ,228762,531,0,1
2025-11-24 20:31:27,4-6IONBWRMQ,84445,1439,0,30
2025-11-24 20:31:27,BT4XRgmCjjQ,198657,,0,21
2025-11-24 20:31:27,oLY17RG3OMI,173906,3398,0,228
2025-11-24 20:31:27,vpXtzSpyV_8,25909,5836,0,392
2025-11-24 20:31:27,zupf7Kwx6v4,120095,2522,0,169
2025-11-24 20:31:27,QJpTBz916MI,851722,97810,0,2724
2025-11-24 20:31:27,snH3HQSF7Ew,197617,3509,0,641
2025-11-24 20:31:27,Yy2ZovGi-Uk,336701,9158,0,131
2025-11-24 20:31:27,6L7xTio0QyY,32208,4509,0,450
2025-11-24 20:31:27,2HwsSTLuA8A,125217,3798,0,437
2025-11-24 20:31:27,uOZRP1-dvhA,124919,1408,0,126
2025-11-24 20:31:27,yxXNIzrfPNQ,50249,4833,0,680
2025-11-24 20:31:27,jRgzfKDTI7g,347341,9717,0,314
2025-11-24 20:31:27,KSha-fc5EhA,91408,523,0,0
2025-11-24 20:31:27,dhzVHS8C_nc,82127,489,0,0
2025-11-24 20:31:27,HIE0fSPuvLY,167403,817,0,18
2025-11-24 20:31:27,QRTGKxrKBPM,313164,34077,0,929
2025-11-24 20:31:27,-3TOkp_6gRQ,450189,8730,0,51
2025-11-28 08:18:19,_6xcFXlJcX8,114224,1254,0,36
2025-11-28 08:18:19,2NKK6Mg27XI,283372,15779,0,493
2025-11-28 08:18:19,vQ_NFqtGDgo,204398,30177,0,1080
2025-11-28 08:18:19,tdYPGxusaYs,43380,2914,0,157
2025-11-28 08:18:19,UFozBQrnmII,801940,25468,0,427
2025-11-28 08:18:19,kux5GmbZhVg,26088,1129,0,21
2025-11-28 08:18:19,IW14wQJKSC4,111286,4213,0,150
2025-11-28 08:18:19,iBD9LX2ZdDQ,81754,188,0,0
2025-11-28 08:18:19,k1yXf4L5bnc,117438,2824,0,153
2025-11-28 08:18:19,6ixvIIIxwlk,104632,1061,0,0
2025-11-28 08:18:19,HIE0fSPuvLY,167552,811,0,20
2025-11-28 08:18:19,F3C87lOmZBM,223109,19012,0,1744
2025-11-28 08:18:19,DG4ax7ec64o,738148,8898,0,364
2025-11-28 08:18:19,IW_KV5nqWRI,42533,226,0,11
2025-11-28 08:18:19,nzbbL07maKA,152066,7295,0,277
2025-11-28 08:18:19,A3Ki9cI9T9w,110855,2406,0,611
2025-11-28 08:18:19,XZ1FhU9XeEc,151030,2029,0,249
2025-11-28 08:18:19,j-4AHlLg9XA,,104,0,0
2025-11-28 08:18:19,STXcQAmoLPU,133887,1365,0,1
2025-11-28 08:18:19,YMxjZF3gtoM,312531,14307,0,817
2025-11-28 08:18:19,S0UEqkus7FA,329765,12689,0,267
2025-11-28 08:18:19,FuGOa47BBqg,49279,1274,0,15
2025-11-28 08:18:19,2c_b4Q2LIeA,59604,664,0,158
2025-11-28 08:18:19,xjUPVppl1DI,699258,11542,0,491
2025-11-28 08:18:19,o3PX7EjBjvg,134214,4260,0,419
2025-11-28 08:18:19,bZ2eyQcJ49o,190241,2897,0,393
2025-11-28 08:18:19,qIXl45sU0wk,124495,2840,0,27
2025-11-28 08:18:19,Z3CtHc6TEj8,128390,1085,0,582
2025-11-28 08:18:19,MarWse2JmWU,288604,3293,0,25
2025-11-28 08:18:19,2j2jXv6Juxc,256577,2972,0,109
2025-11-28 08:18:19,9SaAfQ6eACQ,79596,1090,0,211
2025-11-28 08:18:19,TVqEwvbZP30,11896473,113900,0,12038
2025-11-28 08:18:19,wUGh03rLZbY,128030,3859,0,258
2025-11-28 08:18:19,U7wDhVWgd5w,52121,1097,0,7
2025-11-28 08:18:19,sEe1U-vDP5k,104425,3308,0,261
2025-11-28 08:18:19,eLCjlEYBN3U,478266,16820,0,1156
2025-11-28 08:18:19,hQwjPcq63JM,42204,750,0,9
2025-11-28 08:18:19,Iz7mRKij2ao,13189,717,0,27
2025-11-28 08:18:19,dx4XsqUGm10,228402,18869,0,1385
2025-11-28 08:18:19,UfVkyXaTGcs,215187,5366,0,105
2025-11-28 08:18:19,5oKKmCT-_4s,25667,2018,0,162
2025-11-28 08:18:19,VWg0218G38c,138741,1642,0,283
2025-11-28 08:18:19,tPMkWfK6N-E,118807,10348,0,520
2025-11-28 08:18:19,6hIKI8RZ1ys,419650,6918,0,18
2025-11-28 08:18:19,6L7xTio0QyY,117249,5249,0,505
2025-11-28 08:18:19,oVwGURkvEq4,146813,1774,0,662
2025-11-28 08:18:19,l57EJ_eLsIc,191579,1630,0,628
2025-11-28 08:18:19,uGM14iCUu0w,125718,1192,0,506
2025-11-28 08:18:19,BDxXPvOdz50,162734,2465,0,646
2025-11-28 08:18:19,ineS6XL0vc8,119502,2701,0,96
2025-11-28 08:18:19,qRUIGsTq-kU,28813,2634,0,240
2025-11-28 08:18:19,P0OLVEm0pfM,66108,194,0,0
2025-11-28 08:18:19,ITQYMtkP23E,290665,1369,0,0
2025-11-28 08:18:19,Yy2ZovGi-Uk,353450,9407,0,145
2025-11-28 08:18:19,tGwT5DAU6-s,88303,1531,0,24
2025-11-28 08:18:19,PJyQaQosJpk,76513,848,0,15
2025-11-28 08:18:19,6-9ej0ztMUA,115649,810,0,65
2025-11-28 08:18:19,qEGsMTo-adg,26756,1909,0,238
2025-11-28 08:18:19,0-74AHbFWic,164618,11941,0,626
2025-11-28 08:18:19,vpXtzSpyV_8,4683824,22812,0,1117
2025-11-28 08:18:19,5eHGs7lX09s,171855,1585,0,1229
2025-11-28 08:18:19,b1OwvLh8HnU,27735,435,0,8
2025-11-28 08:18:19,Pzqzy2ZIcLI,171901,9484,0,49
2025-11-28 08:18:19,dmBAMwBBxoM,179347,4970,0,394
2025-11-28 08:18:19,PtSwg--FueA,164770,1357,0,379
2025-11-28 08:18:19,Am2ElEWNvTY,105547,4696,0,244
2025-11-28 08:18:19,v55qDr_jJFA,35798,2041,0,130
2025-11-28 08:18:19,b29J1g4yWcs,106076,3138,0,261
2025-11-28 08:18:19,f8aS4qwuO7k,148004,8613,0,73
2025-11-28 08:18:19,G_3xr5desOo,126328,3501,0,135
2025-11-28 08:18:19,FFXSoSl_lGg,131037,5173,0,177
2025-11-28 08:18:19,w32-xwPxDFk,25082,1373,0,62
2025-11-28 08:18:19,zupf7Kwx6v4,147653,2833,0,177
2025-11-28 08:18:19,m0HhR1k9JEw,87611,196,0,5
2025-11-28 08:18:19,nbzmTUB-FCs,24124,1345,0,194
2025-11-28 08:18:19,S3Q33-4q1xo,115182,1329,0,80
2025-11-28 08:18:19,ST05E_5kn2E,271112,5047,0,337
2025-11-28 08:18:19,Caa-UHhl8Gw,97919,2780,0,207
2025-11-28 08:18:19,BsyEN86cR0U,243715,7424,0,77
2025-11-28 08:18:19,AfKzB2lXo7I,27405,1038,0,57
2025-11-28 08:18:19,Zvh5BE2Guik,256329,10794,0,196
2025-11-28 08:18:19,a72dN8ZWPWg,156712,3487,0,1821
2025-11-28 08:18:19,8gAg9uDn2Oo,441374,14330,0,511
2025-11-28 08:18:19,DOmdfYIPBXE,348734,3164,0,88
2025-11-28 08:18:19,NDommbpC80U,208823,2336,0,270
2025-11-28 08:18:19,tLBq_jH5FDI,138496,1942,0,187
2025-11-28 08:18:19,IftQ9zQ06-0,1284439,2152,0,296
2025-11-28 08:18:19,8B2XU-fUS58,327944,4096,0,594
2025-11-28 08:18:19,2HwsSTLuA8A,145489,4166,0,458
2025-11-28 08:18:19,3-caLm2c1XI,164972,4570,0,540
2025-11-28 08:18:19,e0okJjgNTl0,293286,2708,0,7
2025-11-28 08:18:19,hn17tmdaAzQ,706416,6540,0,111
2025-11-28 08:18:19,VXsWwTTgt78,258828,11919,0,72
2025-11-28 08:18:19,vMg1KAFAKiY,1090773,176965,0,9400
2025-11-28 08:18:19,cVL4bRjA6X0,457026,38077,0,1349
2025-11-28 08:18:19,4oml768wFnk,50302,3294,0,163
2025-11-28 08:18:19,I52yC34Ji2k,370973,48953,0,1793
2025-11-28 08:18:19,UiHPfikroWg,75513,930,0,310
2025-11-28 08:18:19,ScutqxM3z_s,227881,8921,0,502
2025-11-28 08:18:19,Kc7TkgWiWrc,42090,1224,0,45
2025-11-28 08:18:19,SdVBuVm_Sw8,,698,0,0
2025-11-28 08:18:19,W3eUZa56o0s,231791,3968,0,1529
2025-11-28 08:18:19,kuetvJE_C_U,151123,3981,0,66
2025-11-28 08:18:19,_o05ucPBD7g,98275,1619,0,89
2025-11-28 08:18:19,oLY17RG3OMI,303895,5277,0,289
2025-11-28 08:18:19,NED7nev2ywQ,40696352,1365910,0,133877
2025-11-28 08:18:19,4Xt_hR0KNvY,194533,13412,0,2509
2025-11-28 08:18:19,-dfR8iYqwK4,202634,3485,0,493
2025-11-28 08:18:19,j6TnwWfuf-I,104480,2194,0,116
2025-11-28 08:18:19,JoqhTXkGVVk,34654,1319,0,280
2025-11-28 08:18:19,ZjN51G8c5-k,65449,804,0,28
2025-11-28 08:18:19,rOZV4RZrA3A,205310,2081,0,9
2025-11-28 08:18:19,7rd5CtM7oiY,127040,504,0,1
2025-11-28 08:18:19,6oS55kztPlE,26359,1208,0,33
2025-11-28 08:18:19,AmQXv7Pyqvw,72617,940,0,10
2025-11-28 08:18:19,dIPZHyTBFz0,204320,2196,0,272
2025-11-28 08:18:19,h09ng9lTOEM,168311,1509,0,8
2025-11-28 08:18:19,G36amiUCkXU,527594,29666,0,5848
2025-11-28 08:18:19,4l9Ni3tjbwM,1069224,12143,0,125
2025-11-28 08:18:19,SnCG-_lf74w,1045829,24552,0,1153
2025-11-28 08:18:19,OoLflKFs7YY,133534,3300,0,321
2025-11-28 08:18:19,T8w3L1rS3o4,99255,5410,0,129
2025-11-28 08:18:19,dolefeooLzc,418953,6172,0,389
2025-11-28 08:18:19,xuL1CDdhsOg,211058,2075,0,1
2025-11-28 08:18:19,KSha-fc5EhA,93147,520,0,0
2025-11-28 08:18:19,hXKJ0gHYQ6E,48889,266,0,22
2025-11-28 08:18:19,ZOEZ_cRIkhY,179951,19879,0,1335
2025-11-28 08:18:19,4Ddbjkyy2C0,119681,836,0,0
2025-11-28 08:18:19,WVVv8Uyok_U,163279,5743,0,835
2025-11-28 08:18:19,sgi_eji-ysM,274857,5456,0,67
2025-11-28 08:18:19,qUgLxkENl6c,137805,8018,0,367
2025-11-28 08:18:19,IZ9kqxCDvAs,882538,32817,0,2119
2025-11-28 08:18:19,1wRkbauiGU8,106940,2556,0,151
2025-11-28 08:18:19,Nxq6nJJVx5A,231548,8227,0,275
2025-11-28 08:18:19,s5dFrPwvbHY,234185,32595,0,1488
2025-11-28 08:18:19,taSKSaq5qh8,253322,4118,0,38
2025-11-28 08:18:19,xcqjxAXsbHU,627071,28046,0,1203
2025-11-28 08:18:19,4-6IONBWRMQ,110931,1738,0,33
2025-11-28 08:18:19,tXJJhKobuas,221917,2954,0,159
2025-11-28 08:18:19,JrI4_jUZe98,462841,73616,0,2231
2025-11-28 08:18:19,CO0MSU3fqAQ,21089,2520,0,141
2025-11-28 08:18:19,Em805jfRVXs,316497,5439,0,618
2025-11-28 08:18:19,GVeRDFqNT40,25760,299,0,11
2025-11-28 08:18:19,kSmHmdAnDYc,267359,7289,0,875
2025-11-28 08:18:19,5m86CgLR0Fg,105882,6575,0,237
2025-11-28 08:18:19,yRhin7unPeI,185202,5373,0,467
2025-11-28 08:18:19,BT4XRgmCjjQ,217703,,0,35
2025-11-28 08:18:19,UF4n5zmzx9A,237327,5459,0,274
2025-11-28 08:18:19,9XNqe5r8xHI,439331,6113,0,28
2025-11-28 08:18:19,BFaHdJVDmXY,73653,4294,0,189
2025-11-28 08:18:19,ygIwtR2txaw,303491,11246,0,261
2025-11-28 08:18:19,Lj1Qi3-zQgg,41359,5535,0,162
2025-11-28 08:18:19,u6nhdi1pJWI,17180,1468,0,70
2025-11-28 08:18:19,JUYQapYmw74,120920,1398,0,3
2025-11-28 08:18:19,fiG_T-0zFT8,576339,31474,0,1453
2025-11-28 08:18:19,BiiDN0zgJ2Q,96173,731,0,0
2025-11-28 08:18:19,dqMImJF-rgA,144224,4100,0,341
2025-11-28 08:18:19,jvrrjeAYtzs,76275,229,0,0
2025-11-28 08:18:19,WT1LFvt07Gw,106091,2078,0,60
2025-11-28 08:18:19,xx3ZTvOhNoM,228284,8092,0,89
2025-11-28 08:18:19,kCnD_dMyJ3M,99775,2765,0,0
2025-11-28 08:18:19,OeMmb--HE6k,205659,5066,0,73
2025-11-28 08:18:19,SzFd7Tmq7pU,185037,9829,0,55
2025-11-28 08:18:19,qJvjFBhQ6vQ,196955,2372,0,73
2025-11-28 08:18:19,dCmNVtLsYzA,207868,10021,0,563
2025-11-28 08:18:19,Bj6tJxDPzoY,278834,11813,0,324
2025-11-28 08:18:19,z-aco1hi0Iw,162530,1767,0,260
2025-11-28 08:18:19,zLfnSXg0jKg,122763,3200,0,137
2025-11-28 08:18:19,5-o_tvuKSfM,83895,4785,0,175
2025-11-28 08:18:19,WGyadbTx8bs,402930,13541,0,1073
2025-11-28 08:18:19,ES9oYbzYCh8,731831,71417,0,2120
2025-11-28 08:18:19,lUHLwBOY04I,199969,17485,0,350
2025-11-28 08:18:19,QJpTBz916MI,1124764,109128,0,2932
2025-11-28 08:18:19,CZP11p3DklQ,125474,3814,0,150
2025-11-28 08:18:19,Gth1zEFH2TM,107978,2175,0,52
2025-11-28 08:18:19,jRgzfKDTI7g,490725,11972,0,351
2025-11-28 08:18:19,7bqePXphj2g,282502,18727,0,1609
2025-11-28 08:18:19,24VDsNgWNfw,81582,429,0,1
2025-11-28 08:18:19,XILnJKGc0yo,270938,20950,0,3779
2025-11-28 08:18:19,hcJEQXJIALo,126765,4109,0,591
2025-11-28 08:18:19,-DkSyDEQloM,94018,,0,7
2025-11-28 08:18:19,snH3HQSF7Ew,248570,4005,0,700
2025-11-28 08:18:19,OfuHlytx3rQ,15928,220,0,9
2025-11-28 08:18:19,n7pO7F_kP0k,154467,18361,0,620
2025-11-28 08:18:19,6mP-mEHEQcw,286021,11168,0,1426
2025-11-28 08:18:19,PwaldW6SXwE,29959,2653,0,240
2025-11-28 08:18:19,vQpF9mIiYFU,24358,349,0,22
2025-11-28 08:18:19,oWv2PwrJkTM,229214,11551,0,119
2025-11-28 08:18:19,R-ZKjAqlquA,125572,615,0,27
2025-11-28 08:18:19,QebVV6D641k,236758,1235,0,776
2025-11-28 08:18:19,xZFWSWcQ3As,113947,1251,0,80
2025-11-28 08:18:19,x15pDRtzYno,149500,1728,0,198
2025-11-28 08:18:19,CvGT2o7-_ZA,81051,1542,0,12
2025-11-28 08:18:19,55xYiuSAp5c,307089,4607,0,20
2025-11-28 08:18:19,oYKdO-eEHg4,69959,1328,0,243
2025-11-28 08:18:19,0GICIe0Tgf8,21814,1138,0,32
2025-11-28 08:18:19,KO6gxf8vXJQ,229082,527,0,1
2025-11-28 08:18:19,eHmQ_b0LkUA,490917,97295,0,3296
2025-11-28 08:18:19,pzLTGAwn0a4,55107,7236,0,487
2025-11-28 08:18:19,tk9FDjJd6zM,41304,725,0,95
2025-11-28 08:18:19,KDC-EOsNzAg,179022,24326,0,614
2025-11-28 08:18:19,_Vs1T6KpK5g,75247,1157,0,9
2025-11-28 08:18:19,u66QoyjtANg,141370,1094,0,0
2025-11-28 08:18:19,vIUORnIS_ug,353668,14158,0,1073
2025-11-28 08:18:19,GxXpkps21Kc,305642,13089,0,232
2025-11-28 08:18:19,MRYXsF2lblY,231831,19341,0,1063
2025-11-28 08:18:19,ckKFtSlZ5Lw,129232,1565,0,348
2025-11-28 08:18:19,-3TOkp_6gRQ,493120,9297,0,90
2025-11-28 08:18:19,SWdjfMIkQCg,165119,2236,0,164
2025-11-28 08:18:19,DyINvuS9P34,250741,3061,0,53
2025-11-28 08:18:19,koeM_jz4CdM,402556,15108,0,1488
2025-11-28 08:18:19,ANU0lVGfWyo,535112,36064,0,2441
2025-11-28 08:18:19,eWetBwa4vVI,39335,2587,0,150
2025-11-28 08:18:19,ZXrcsNlbtgs,105031,912,0,0
2025-11-28 08:18:19,I9U5JRfZ4bA,36114,993,0,155
2025-11-28 08:18:19,StcmgD_0aRI,238381,12911,0,2804
2025-11-28 08:18:19,OEcTbxi57lE,26123,4645,0,153
2025-11-28 08:18:19,BM13CSsDrV8,17148,560,0,0
2025-11-28 08:18:19,4_l1VyTNzrs,106931,2542,0,1474
2025-11-28 08:18:19,llAI08UYyAw,3446379,374884,0,11155
2025-11-28 08:18:19,C3jcxlsPYLE,216005,10101,0,87
2025-11-28 08:18:19,04-csl0RRJc,56835,1058,0,269
2025-11-28 08:18:19,gSXQd_5ht0E,1504077,24228,0,1056
2025-11-28 08:18:19,8j4RM-bBYvA,34401,1292,0,483
2025-11-28 08:18:19,BNWYJZp2CbQ,48923,453,0,22
2025-11-28 08:18:19,L6tkKvVCs0Y,509228,13727,0,597
2025-11-28 08:18:19,E7so8IVX1qQ,87940,136,0,6
2025-11-28 08:18:19,9jrVtT2nPgQ,48778,5200,0,107
2025-11-28 08:18:19,F2B4VITJfb0,128995,2484,0,517
2025-11-28 08:18:19,WsLcF1ojgFU,51113,3021,0,431
2025-11-28 08:18:19,TAL-HXKac80,3699288,79079,0,2691
2025-11-28 08:18:19,gYEhRoknpZQ,110602,949,0,163
2025-11-28 08:18:19,81QYAxvO3Ik,214607,19864,0,1246
2025-11-28 08:18:19,nDeKfR5iBxY,913285,42000,0,1489
2025-11-28 08:18:19,D8gbtByJSI8,77261,366,0,2
2025-11-28 08:18:19,G7eh40XgTiw,93656,1235,0,175
2025-11-28 08:18:19,IcWvUlwcKAI,10293,1953,0,151
2025-11-28 08:18:19,ayjRv2g2UqY,976227,20619,0,815
2025-11-28 08:18:19,uOZRP1-dvhA,237217,2403,0,174
2025-11-28 08:18:19,IrxoY7JdJY0,153638,,0,53
2025-11-28 08:18:19,HQdJ8dMeCHM,122132,720,0,1543
2025-11-28 08:18:19,mdI6LWIe8Og,10672,827,0,59
2025-11-28 08:18:19,OWpLhNyqeqg,91366,4956,0,431
2025-11-28 08:18:19,wEKNPc0cm9Y,19889,699,0,
2025-11-28 08:18:19,cBPtIHuFa_o,104116,3919,0,384
2025-11-28 08:18:19,3rGi2kiSzkA,59618,2860,0,116
2025-11-28 08:18:19,5ftlnz91DaM,174264,10187,0,494
2025-11-28 08:18:19,iKVcCmyqoik,129228,6086,0,230
2025-11-28 08:18:19,6yMFwpzbQCY,450110,4363,0,263
2025-11-28 08:18:19,aHKMl9HVqZQ,147441,4445,0,343
2025-11-28 08:18:19,j-8vLi2sMg0,84364,7377,0,85
2025-11-28 08:18:19,jWFQ3A1Dtdg,378961,13430,0,1357
2025-11-28 08:18:19,Gln8wDtITJ4,47562,3010,0,234
2025-11-28 08:18:19,y7XtQu1z9hw,91321,1007,0,152
2025-11-28 08:18:19,cl-BT6bDxEI,125212,3417,0,195
2025-11-28 08:18:19,7SoVjT-0Rhw,34580,1872,0,271
2025-11-28 08:18:19,YH_PW-Y7LF0,58879,1924,0,99
2025-11-28 08:18:19,Aj8AmqTQkAs,103099,1205,0,60
2025-11-28 08:18:19,599nhYHHvQo,,834,0,0
2025-11-28 08:18:19,LxMaia85m5Y,216526,4004,0,174
2025-11-28 08:18:19,G_oNwC_PjfU,120473,3389,0,374
2025-11-28 08:18:19,JkKNqaEl9Aw,638626,22354,0,1961
2025-11-28 08:18:19,fCDvm0Y3qkw,308157,15693,0,201
2025-11-28 08:18:19,uQc-pW3QLuI,7170471,127554,0,5206
2025-11-28 08:18:19,CXcBo03He2A,48401,5054,0,237
2025-11-28 08:18:19,fiSsGbfus6I,359791,2293,0,1298
2025-11-28 08:18:19,6kWw9Nn4dIY,142581,6367,0,371
2025-11-28 08:18:19,dhzVHS8C_nc,82107,478,0,2
2025-11-28 08:18:19,GJMOK14mB2c,115335,2786,0,143
2025-11-28 08:18:19,QRTGKxrKBPM,552943,41499,0,1028
2025-11-28 08:18:19,ex7ieF2B09A,270394,4149,0,203
2025-11-28 08:18:19,5UBc2gXGwKc,23867,304,0,9
2025-11-28 08:18:19,VhzqSrscVP8,155783,6131,0,421
2025-11-28 08:18:19,OWGd9sHxpvs,130895,3464,0,98
2025-11-28 08:18:19,KC0-vIj7piY,247150,19352,0,292
2025-11-28 08:18:19,LcpCd9VXGjE,334464,1564,0,0
2025-11-28 08:18:19,Rc8f268ueOE,242992,1948,0,437
2025-11-28 08:18:19,NIGA89HGTBU,3789805,29814,0,1082
2025-11-28 08:18:19,miySB69T1xw,511265,13530,0,487
2025-11-28 08:18:19,XtTT5XdZVpw,121860,4705,0,217
2025-11-28 08:18:19,b9z3Iaz5Zrc,163694,7448,0,339
2025-11-28 08:18:19,oslNxV_8Q2c,242586,10544,0,118
2025-11-28 08:18:19,7gDl4S3wB14,515145,8535,0,830
2025-11-28 08:18:19,DSPV0RT3BJI,84318,,0,
2025-11-28 08:18:19,NUSpibeVoO0,35863,1088,0,104
2025-11-28 08:18:19,SMAnw64aTXc,152655,2793,0,1203
2025-11-28 08:18:19,w0ZQp2CmHHw,199574,2947,0,260
2025-11-28 08:18:19,x_RYZsOfpKY,13643602,312481,0,18325
2025-11-28 08:18:19,LUQ28DBF7EU,165465,3927,0,319
2025-11-28 08:18:19,tmVYOETfA10,72555,3936,0,92
2025-11-28 08:18:19,qFdZAyr_xmw,213852,5258,0,701
2025-11-28 08:18:19,NkHjY_EaCgY,125221,1834,0,108
2025-11-28 08:18:19,yxXNIzrfPNQ,120042,6293,0,838
2025-11-28 08:18:19,HP8qpxRpIW8,1067786,38545,0,1028
2025-11-24 14:42:47,7gDl4S3wB14,331644,6791,0,672
2025-11-24 14:42:47,nbzmTUB-FCs,10792,1065,0,177
2025-11-24 14:42:47,W3eUZa56o0s,166716,3239,0,1267
2025-11-24 14:42:47,h09ng9lTOEM,167371,1501,0,3
2025-11-24 14:42:47,nDeKfR5iBxY,614758,30394,0,1237
2025-11-24 14:42:47,6L7xTio0QyY,19736,4230,0,431
2025-11-24 14:42:47,UF4n5zmzx9A,113211,3459,0,210
2025-11-24 14:42:47,IW14wQJKSC4,69373,3522,0,142
2025-11-24 14:42:47,vMg1KAFAKiY,322593,88922,0,5680
2025-11-24 14:42:47,I9U5JRfZ4bA,17474,632,0,105
2025-11-24 14:42:47,4oml768wFnk,16570,2308,0,137
2025-11-24 14:42:47,4-6IONBWRMQ,68777,1289,0,30
2025-11-24 14:42:47,xZFWSWcQ3As,42188,649,0,47
2025-11-24 14:42:47,tPMkWfK6N-E,64428,7773,0,427
2025-11-24 14:42:47,HIE0fSPuvLY,167285,820,0,15
2025-11-24 14:42:47,4l9Ni3tjbwM,1042959,11807,0,107
2025-11-24 14:42:47,ayjRv2g2UqY,217244,15054,0,698
2025-11-24 14:42:47,UFozBQrnmII,701287,24058,0,346
2025-11-24 14:42:47,QJpTBz916MI,807485,94780,0,2678
2025-11-24 14:42:47,sgi_eji-ysM,248455,5214,0,59
2025-11-24 14:42:47,yxXNIzrfPNQ,34527,4131,0,596
2025-11-24 14:42:47,lUHLwBOY04I,81365,10160,0,239
2025-11-24 14:42:47,uQc-pW3QLuI,5819693,111809,0,4906
2025-11-24 14:42:47,QebVV6D641k,135969,792,0,546
2025-11-24 14:42:47,DG4ax7ec64o,349141,4592,0,232
2025-11-24 14:42:47,BT4XRgmCjjQ,193722,,0,17
2025-11-24 14:42:47,Aj8AmqTQkAs,54343,704,0,44
2025-11-24 14:42:47,gSXQd_5ht0E,218952,17502,0,904
2025-11-24 14:42:47,QRTGKxrKBPM,284686,32549,0,914
2025-11-24 14:42:47,zupf7Kwx6v4,109390,2396,0,167
2025-11-24 14:42:47,DOmdfYIPBXE,241336,2448,0,81
2025-11-24 14:42:47,xcqjxAXsbHU,424118,24666,0,1108
2025-11-24 14:42:47,0-74AHbFWic,100249,9733,0,577
2025-11-24 14:42:47,tmVYOETfA10,8802,1389,0,52
2025-11-24 14:42:47,2HwsSTLuA8A,113963,3577,0,423
2025-11-24 14:42:47,snH3HQSF7Ew,176362,3278,0,609
2025-11-24 14:42:47,uOZRP1-dvhA,80390,1083,0,101
2025-11-24 14:42:47,oLY17RG3OMI,140865,2887,0,209
2025-11-24 14:42:47,9XNqe5r8xHI,391149,5736,0,18
2025-11-24 14:42:47,ZXrcsNlbtgs,104576,922,0,0
2025-11-24 14:42:47,_6xcFXlJcX8,55717,702,0,18
2025-11-24 14:42:47,kCnD_dMyJ3M,23363,1609,0,0
2025-11-24 14:42:47,fiG_T-0zFT8,355864,27171,0,1388
2025-11-24 14:42:47,IZ9kqxCDvAs,477512,24779,0,1719
2025-11-24 14:42:47,Yy2ZovGi-Uk,330837,9083,0,122
2025-11-24 14:42:47,dCmNVtLsYzA,80619,5265,0,328
2025-11-24 14:42:47,NED7nev2ywQ,31882624,1257896,0,119933
2025-11-24 14:42:47,LUQ28DBF7EU,36539,2122,0,206
2025-11-24 14:42:47,6hIKI8RZ1ys,429009,6963,0,15
2025-11-24 14:42:47,oVwGURkvEq4,106715,1514,0,596
2025-11-24 14:42:47,oslNxV_8Q2c,236867,10245,0,112
2025-11-24 14:42:47,dhzVHS8C_nc,82105,490,0,0
2025-11-24 14:42:47,FFXSoSl_lGg,46785,3335,0,150
2025-11-24 14:42:47,kuetvJE_C_U,151790,3916,0,63
2025-11-24 14:42:47,jRgzfKDTI7g,293668,8833,0,299
2025-11-24 14:42:47,VXsWwTTgt78,242211,11468,0,63
2025-11-24 14:42:47,5ftlnz91DaM,68014,5679,0,354
2025-11-24 14:42:47,dolefeooLzc,152217,3587,0,256
2025-11-28 07:19:05,ST05E_5kn2E,270937,5040,0,336
2025-11-28 07:19:05,vpXtzSpyV_8,4682936,22769,0,1117
2025-11-28 07:19:05,taSKSaq5qh8,253322,4118,0,38
2025-11-28 07:19:05,DyINvuS9P34,249498,3032,0,53
2025-11-28 07:19:05,6kWw9Nn4dIY,142433,6360,0,371
2025-11-28 07:19:05,qJvjFBhQ6vQ,196739,2370,0,73
2025-11-28 07:19:05,kCnD_dMyJ3M,99596,2757,0,0
2025-11-28 07:19:05,WT1LFvt07Gw,103887,2031,0,58
2025-11-28 07:19:05,oWv2PwrJkTM,229050,11545,0,119
2025-11-28 07:19:05,FFXSoSl_lGg,130844,5166,0,177
2025-11-28 07:19:05,k1yXf4L5bnc,117432,2824,0,153
2025-11-28 07:19:05,z-aco1hi0Iw,162386,1765,0,260
2025-11-28 07:19:05,nbzmTUB-FCs,24079,1343,0,194
2025-11-28 07:19:05,4Xt_hR0KNvY,190903,13375,0,2497
2025-11-28 07:19:05,DG4ax7ec64o,737132,8876,0,362
2025-11-28 07:19:05,IW_KV5nqWRI,42529,226,0,11
2025-11-28 07:19:05,xx3ZTvOhNoM,228219,8090,0,89
2025-11-28 07:19:05,x_RYZsOfpKY,13619673,311907,0,18310
2025-11-28 07:19:05,MarWse2JmWU,288581,3293,0,25
2025-11-28 07:19:05,j6TnwWfuf-I,104380,2194,0,116
2025-11-28 07:19:05,CO0MSU3fqAQ,20968,2510,0,141
2025-11-28 07:19:05,UfVkyXaTGcs,214989,5359,0,105
2025-11-28 07:19:05,G7eh40XgTiw,93460,1230,0,175
2025-11-28 07:19:05,f8aS4qwuO7k,147971,8613,0,73
2025-11-28 07:19:05,CXcBo03He2A,47832,4964,0,233
2025-11-28 07:19:05,SMAnw64aTXc,149863,2730,0,1177
2025-11-28 07:19:05,24VDsNgWNfw,81582,429,0,1
2025-11-28 07:19:05,6ixvIIIxwlk,104629,1061,0,0
2025-11-28 07:19:05,StcmgD_0aRI,237734,12830,0,2792
2025-11-28 07:19:05,YMxjZF3gtoM,312303,14302,0,817
2025-11-28 07:19:05,Caa-UHhl8Gw,97823,2775,0,207
2025-11-28 07:19:05,LxMaia85m5Y,216238,3997,0,174
2025-11-28 07:19:05,DSPV0RT3BJI,84282,,0,
2025-11-28 07:19:05,ZjN51G8c5-k,63973,786,0,27
2025-11-28 07:19:05,8j4RM-bBYvA,34135,1291,0,479
2025-11-28 07:19:05,ygIwtR2txaw,303277,11238,0,261
2025-11-28 07:19:05,miySB69T1xw,510665,13515,0,487
2025-11-28 07:19:05,ScutqxM3z_s,227303,8900,0,502
2025-11-28 07:19:05,6yMFwpzbQCY,449134,4353,0,262
2025-11-28 07:19:05,zLfnSXg0jKg,122692,3199,0,137
2025-11-28 07:19:05,j-8vLi2sMg0,84131,7354,0,85
2025-11-28 07:19:05,Kc7TkgWiWrc,41816,1207,0,45
2025-11-28 07:19:05,5eHGs7lX09s,170763,1571,0,1223
2025-11-28 07:19:05,gSXQd_5ht0E,1501035,24170,0,1056
2025-11-28 07:19:05,OeMmb--HE6k,205318,5058,0,73
2025-11-28 07:19:05,tXJJhKobuas,221739,2950,0,159
2025-11-28 07:19:05,dIPZHyTBFz0,204179,2197,0,272
2025-11-28 07:19:05,j-4AHlLg9XA,,104,0,0
2025-11-28 07:19:05,6L7xTio0QyY,116912,5248,0,505
2025-11-28 07:19:05,lUHLwBOY04I,196239,17436,0,350
2025-11-28 07:19:05,7gDl4S3wB14,514922,8525,0,830
2025-11-28 07:19:05,SnCG-_lf74w,1043021,24505,0,1152
2025-11-28 07:19:05,4-6IONBWRMQ,110890,1737,0,33
2025-11-28 07:19:05,SWdjfMIkQCg,165047,2235,0,164
2025-11-28 07:19:05,fCDvm0Y3qkw,308014,15685,0,201
2025-11-28 07:19:05,qEGsMTo-adg,26709,1906,0,237
2025-11-28 07:19:05,v55qDr_jJFA,35639,2038,0,130
2025-11-28 07:19:05,81QYAxvO3Ik,214273,19839,0,1245
2025-11-28 07:19:05,fiSsGbfus6I,359115,2290,0,1298
2025-11-28 07:19:05,o3PX7EjBjvg,132790,4202,0,413
2025-11-28 07:19:05,4l9Ni3tjbwM,1069159,12144,0,125
2025-11-28 07:19:05,NkHjY_EaCgY,125162,1831,0,108
2025-11-28 07:19:05,ZXrcsNlbtgs,105031,912,0,0
2025-11-28 07:19:05,L6tkKvVCs0Y,508673,13711,0,591
2025-11-28 07:19:05,yxXNIzrfPNQ,119785,6287,0,837
2025-11-28 07:19:05,rOZV4RZrA3A,205295,2081,0,9
2025-11-28 07:19:05,F2B4VITJfb0,128644,2472,0,515
2025-11-28 07:19:05,PwaldW6SXwE,29862,2651,0,240
2025-11-28 07:19:05,IcWvUlwcKAI,10281,1951,0,151
2025-11-28 07:19:05,Bj6tJxDPzoY,278141,11786,0,322
2025-11-28 07:19:05,iBD9LX2ZdDQ,81753,188,0,0
2025-11-28 07:19:05,9SaAfQ6eACQ,79510,1090,0,211
2025-11-28 07:19:05,OfuHlytx3rQ,15842,219,0,9
2025-11-28 07:19:05,vMg1KAFAKiY,1089907,176880,0,9398
2025-11-28 07:19:05,STXcQAmoLPU,133884,1365,0,1
2025-11-28 07:19:05,m0HhR1k9JEw,87611,196,0,5
2025-11-28 07:19:05,hQwjPcq63JM,42200,750,0,9
2025-11-28 07:19:05,dCmNVtLsYzA,207684,10015,0,563
2025-11-28 07:19:05,e0okJjgNTl0,293286,2708,0,7
2025-11-28 07:19:05,hXKJ0gHYQ6E,48889,266,0,22
2025-11-28 07:19:05,hcJEQXJIALo,126472,4089,0,589
2025-11-28 07:19:05,ES9oYbzYCh8,724423,70865,0,2103
2025-11-28 07:19:05,tdYPGxusaYs,43106,2897,0,157
2025-11-28 07:19:05,w32-xwPxDFk,24969,1365,0,62
2025-11-28 07:19:05,zupf7Kwx6v4,147618,2831,0,177
2025-11-28 07:19:05,Iz7mRKij2ao,13121,713,0,27
2025-11-28 07:19:05,jWFQ3A1Dtdg,376589,13419,0,1356
2025-11-28 07:19:05,S0UEqkus7FA,329359,12674,0,267
2025-11-28 07:19:05,2NKK6Mg27XI,279909,15729,0,492
2025-11-28 07:19:05,WGyadbTx8bs,402616,13527,0,1073
2025-11-28 07:19:05,dqMImJF-rgA,144107,4096,0,341
2025-11-28 07:19:05,2HwsSTLuA8A,145441,4165,0,458
2025-11-28 07:19:05,2c_b4Q2LIeA,58577,654,0,154
2025-11-28 07:19:05,OEcTbxi57lE,25966,4606,0,152
2025-11-28 07:19:05,pzLTGAwn0a4,54970,7209,0,487
2025-11-28 07:19:05,n7pO7F_kP0k,153417,18227,0,616
2025-11-28 07:19:05,eHmQ_b0LkUA,488552,97099,0,3295
2025-11-28 07:19:05,IftQ9zQ06-0,1279712,2148,0,296
2025-11-28 07:19:05,tmVYOETfA10,72237,3917,0,92
2025-11-28 07:19:05,G36amiUCkXU,525667,29579,0,5815
2025-11-28 07:19:05,ANU0lVGfWyo,533182,35967,0,2434
2025-11-28 07:19:05,ckKFtSlZ5Lw,128113,1550,0,348
2025-11-28 07:19:05,vIUORnIS_ug,352851,14142,0,1071
2025-11-28 07:19:05,VWg0218G38c,138458,1632,0,283
2025-11-28 07:19:05,ayjRv2g2UqY,974370,20600,0,815
2025-11-28 07:19:05,iKVcCmyqoik,129013,6083,0,230
2025-11-28 07:19:05,mdI6LWIe8Og,10443,812,0,57
2025-11-28 07:19:05,5-o_tvuKSfM,83272,4753,0,174
2025-11-28 07:19:05,u66QoyjtANg,141370,1094,0,0
2025-11-28 07:19:05,E7so8IVX1qQ,87896,136,0,6
2025-11-28 07:19:05,5m86CgLR0Fg,104269,6462,0,234
2025-11-28 07:19:05,9jrVtT2nPgQ,48503,5170,0,107
2025-11-28 07:19:05,KC0-vIj7piY,246840,19329,0,291
2025-11-28 07:19:05,5ftlnz91DaM,174147,10182,0,493
2025-11-28 07:19:05,QJpTBz916MI,1123736,109064,0,2931
2025-11-28 07:19:05,AfKzB2lXo7I,27113,1018,0,55
2025-11-28 07:19:05,PJyQaQosJpk,76478,848,0,15
2025-11-28 07:19:05,tGwT5DAU6-s,87694,1510,0,24
2025-11-28 07:19:05,XtTT5XdZVpw,121774,4703,0,217
2025-11-28 07:19:05,T8w3L1rS3o4,98900,5382,0,129
2025-11-28 07:19:05,qUgLxkENl6c,137377,7967,0,367
2025-11-28 07:19:05,IrxoY7JdJY0,153316,,0,52
2025-11-28 07:19:05,GJMOK14mB2c,115292,2785,0,143
2025-11-28 07:19:05,HP8qpxRpIW8,1060542,38225,0,1028
2025-11-28 07:19:05,sEe1U-vDP5k,103338,3258,0,259
2025-11-28 07:19:05,Gth1zEFH2TM,107916,2174,0,52
2025-11-28 07:19:05,HIE0fSPuvLY,167552,811,0,20
2025-11-28 07:19:05,QebVV6D641k,236722,1235,0,776
2025-11-28 07:19:05,2j2jXv6Juxc,255121,2956,0,108
2025-11-28 07:19:05,6mP-mEHEQcw,285338,11148,0,1426
2025-11-28 07:19:05,oVwGURkvEq4,146771,1774,0,662
2025-11-28 07:19:05,BFaHdJVDmXY,73586,4290,0,189
2025-11-28 07:19:05,dx4XsqUGm10,227806,18837,0,1383
2025-11-28 07:19:05,WVVv8Uyok_U,162557,5722,0,833
2025-11-28 07:19:05,G_oNwC_PjfU,119756,3359,0,373
2025-11-28 07:19:05,tLBq_jH5FDI,138108,1936,0,186
2025-11-28 07:19:05,F3C87lOmZBM,219929,18550,0,1733
2025-11-28 07:19:05,DOmdfYIPBXE,348591,3159,0,88
2025-11-28 07:19:05,SzFd7Tmq7pU,184928,9827,0,55
2025-11-28 07:19:05,JoqhTXkGVVk,33824,1270,0,278
2025-11-28 07:19:05,TVqEwvbZP30,11842787,113663,0,12008
2025-11-28 07:19:05,-DkSyDEQloM,93786,,0,7
2025-11-28 07:19:05,W3eUZa56o0s,231624,3957,0,1528
2025-11-28 07:19:05,0GICIe0Tgf8,21726,1129,0,32
2025-11-28 07:19:05,VXsWwTTgt78,258794,11918,0,72
2025-11-28 07:19:05,-dfR8iYqwK4,202583,3486,0,493
2025-11-28 07:19:05,xuL1CDdhsOg,211058,2075,0,1
2025-11-28 07:19:05,w0ZQp2CmHHw,198329,2933,0,257
2025-11-28 07:19:05,vQ_NFqtGDgo,203242,29991,0,1071
2025-11-28 07:19:05,BM13CSsDrV8,17088,555,0,0
2025-11-28 07:19:05,Yy2ZovGi-Uk,353397,9408,0,145
2025-11-28 07:19:05,gYEhRoknpZQ,110481,951,0,163
2025-11-28 07:19:05,eWetBwa4vVI,39259,2584,0,150
2025-11-28 07:19:05,4Ddbjkyy2C0,119681,836,0,0
2025-11-28 07:19:05,ex7ieF2B09A,270008,4140,0,203
2025-11-28 07:19:05,I52yC34Ji2k,369051,48706,0,1785
2025-11-28 07:19:05,b29J1g4yWcs,105414,3113,0,261
2025-11-28 07:19:05,6hIKI8RZ1ys,419646,6918,0,18
2025-11-28 07:19:05,wUGh03rLZbY,127934,3856,0,258
2025-11-28 07:19:05,a72dN8ZWPWg,156523,3468,0,1820
2025-11-28 07:19:05,55xYiuSAp5c,306998,4607,0,20
2025-11-28 07:19:05,IZ9kqxCDvAs,881084,32745,0,2113
2025-11-28 07:19:05,kux5GmbZhVg,25915,1111,0,21
2025-11-28 07:19:05,I9U5JRfZ4bA,36097,992,0,154
2025-11-28 07:19:05,Zvh5BE2Guik,256273,10794,0,196
2025-11-28 07:19:05,D8gbtByJSI8,77261,366,0,2
2025-11-28 07:19:05,NED7nev2ywQ,40647275,1364946,0,133828
2025-11-28 07:19:05,oYKdO-eEHg4,68896,1311,0,240
2025-11-28 07:19:05,nDeKfR5iBxY,912066,41948,0,1489
2025-11-28 07:19:05,cVL4bRjA6X0,455623,38034,0,1349
2025-11-28 07:19:05,3-caLm2c1XI,164580,4556,0,540
2025-11-28 07:19:05,dhzVHS8C_nc,82107,478,0,2
2025-11-28 07:19:05,NIGA89HGTBU,3771875,29747,0,1079
2025-11-28 07:19:05,Rc8f268ueOE,242664,1946,0,437
2025-11-28 07:19:05,b1OwvLh8HnU,27500,433,0,8
2025-11-28 07:19:05,UF4n5zmzx9A,237131,5456,0,274
2025-11-28 07:19:05,kuetvJE_C_U,151123,3981,0,66
2025-11-28 07:19:05,Em805jfRVXs,315486,5418,0,615
2025-11-28 07:19:05,G_3xr5desOo,126132,3489,0,135
2025-11-28 07:19:05,jRgzfKDTI7g,490514,11970,0,351
2025-11-28 07:19:05,tk9FDjJd6zM,41266,725,0,95
2025-11-28 07:19:05,BiiDN0zgJ2Q,96173,731,0,0
2025-11-28 07:19:05,JrI4_jUZe98,461439,73423,0,2230
2025-11-28 07:19:05,HQdJ8dMeCHM,122105,720,0,1543
2025-11-28 07:19:05,nzbbL07maKA,151695,7277,0,277
2025-11-28 07:19:05,LUQ28DBF7EU,165446,3927,0,319
2025-11-28 07:19:05,ineS6XL0vc8,119208,2696,0,96
2025-11-28 07:19:05,FuGOa47BBqg,49001,1261,0,15
2025-11-28 07:19:05,GVeRDFqNT40,25534,296,0,11
2025-11-28 07:19:05,aHKMl9HVqZQ,147275,4440,0,343
2025-11-28 07:19:05,qFdZAyr_xmw,213566,5251,0,699
2025-11-28 07:19:05,9XNqe5r8xHI,439254,6113,0,28
2025-11-28 07:19:05,dolefeooLzc,418322,6164,0,388
2025-11-28 07:19:05,l57EJ_eLsIc,191281,1626,0,624
2025-11-28 07:19:05,XZ1FhU9XeEc,150916,2027,0,249
2025-11-28 07:19:05,cl-BT6bDxEI,125159,3416,0,195
2025-11-28 07:19:05,1wRkbauiGU8,106809,2554,0,151
2025-11-28 07:19:05,599nhYHHvQo,,834,0,0
2025-11-28 07:19:05,OWGd9sHxpvs,130124,3441,0,98
2025-11-28 07:19:05,7rd5CtM7oiY,127016,503,0,1
2025-11-28 07:19:05,y7XtQu1z9hw,89370,977,0,150
2025-11-28 07:19:05,ITQYMtkP23E,290659,1369,0,0
2025-11-28 07:19:05,0-74AHbFWic,164455,11936,0,625
2025-11-28 07:19:05,IW14wQJKSC4,111113,4208,0,150
2025-11-28 07:19:05,YH_PW-Y7LF0,57843,1873,0,98
2025-11-28 07:19:05,JkKNqaEl9Aw,631223,22300,0,1959
2025-11-28 07:19:05,Lj1Qi3-zQgg,41105,5505,0,162
2025-11-28 07:19:05,BT4XRgmCjjQ,217641,,0,35
2025-11-28 07:19:05,U7wDhVWgd5w,52121,1097,0,7
2025-11-28 07:19:05,jvrrjeAYtzs,76276,229,0,0
2025-11-28 07:19:05,x15pDRtzYno,149334,1725,0,198
2025-11-28 07:19:05,dmBAMwBBxoM,179078,4961,0,394
2025-11-28 07:19:05,AmQXv7Pyqvw,72612,940,0,10
2025-11-28 07:19:05,Aj8AmqTQkAs,102963,1204,0,60
2025-11-28 07:19:05,6oS55kztPlE,26213,1198,0,33
2025-11-28 07:19:05,BDxXPvOdz50,162669,2464,0,644
2025-11-28 07:19:05,5oKKmCT-_4s,24994,1959,0,159
2025-11-28 07:19:05,yRhin7unPeI,185087,5368,0,467
2025-11-28 07:19:05,tPMkWfK6N-E,118681,10335,0,520
2025-11-28 07:19:05,Gln8wDtITJ4,47476,2997,0,233
2025-11-28 07:19:05,VhzqSrscVP8,155695,6126,0,421
2025-11-28 07:19:05,fiG_T-0zFT8,575581,31451,0,1452
2025-11-28 07:19:05,KSha-fc5EhA,93142,520,0,0
2025-11-28 07:19:05,TAL-HXKac80,3694662,79034,0,2691
2025-11-28 07:19:05,6-9ej0ztMUA,113920,801,0,63
2025-11-28 07:19:05,b9z3Iaz5Zrc,163050,7395,0,338
2025-11-28 07:19:05,xZFWSWcQ3As,113910,1251,0,80
2025-11-28 07:19:05,PtSwg--FueA,164612,1357,0,379
2025-11-28 07:19:05,eLCjlEYBN3U,476134,16729,0,1145
2025-11-28 07:19:05,QRTGKxrKBPM,552110,41438,0,1028
2025-11-28 07:19:05,xjUPVppl1DI,697583,11516,0,488
2025-11-28 07:19:05,5UBc2gXGwKc,23695,304,0,9
2025-11-28 07:19:05,_6xcFXlJcX8,114173,1252,0,36
2025-11-28 07:19:05,NUSpibeVoO0,35685,1079,0,102
2025-11-28 07:19:05,4_l1VyTNzrs,106129,2483,0,1457
2025-11-28 07:19:05,_o05ucPBD7g,97879,1612,0,86
2025-11-28 07:19:05,SdVBuVm_Sw8,,698,0,0
2025-11-28 07:19:05,s5dFrPwvbHY,233825,32552,0,1488
2025-11-28 07:19:05,qRUIGsTq-kU,28639,2621,0,240
2025-11-28 07:19:05,7bqePXphj2g,282070,18712,0,1609
2025-11-28 07:19:05,uOZRP1-dvhA,237111,2402,0,174
2025-11-28 07:19:05,NDommbpC80U,207711,2326,0,269
2025-11-28 07:19:05,JUYQapYmw74,120916,1398,0,3
2025-11-28 07:19:05,u6nhdi1pJWI,16695,1409,0,67
2025-11-28 07:19:05,sgi_eji-ysM,274831,5454,0,67
2025-11-28 07:19:05,UFozBQrnmII,801683,25466,0,427
2025-11-28 07:19:05,C3jcxlsPYLE,215605,10095,0,87
2025-11-28 07:19:05,qIXl45sU0wk,124437,2840,0,27
2025-11-28 07:19:05,uQc-pW3QLuI,7166587,127521,0,5206
2025-11-28 07:19:05,A3Ki9cI9T9w,110722,2404,0,610
2025-11-28 07:19:05,bZ2eyQcJ49o,190052,2891,0,393
2025-11-28 07:19:05,3rGi2kiSzkA,59410,2852,0,116
2025-11-28 07:19:05,WsLcF1ojgFU,50982,3021,0,430
2025-11-28 07:19:05,R-ZKjAqlquA,125552,615,0,27
2025-11-28 07:19:05,7SoVjT-0Rhw,34478,1870,0,271
2025-11-28 07:19:05,Pzqzy2ZIcLI,171901,9484,0,49
2025-11-28 07:19:05,vQpF9mIiYFU,24197,348,0,22
2025-11-28 07:19:05,BNWYJZp2CbQ,48922,453,0,22
2025-11-28 07:19:05,GxXpkps21Kc,305574,13087,0,232
2025-11-28 07:19:05,04-csl0RRJc,56833,1058,0,269
2025-11-28 07:19:05,OWpLhNyqeqg,91042,4949,0,430
2025-11-28 07:19:05,CvGT2o7-_ZA,81010,1541,0,12
2025-11-28 07:19:05,S3Q33-4q1xo,115165,1328,0,80
2025-11-28 07:19:05,hn17tmdaAzQ,706297,6539,0,111
2025-11-28 07:19:05,_Vs1T6KpK5g,75184,1157,0,9
2025-11-28 07:19:05,Am2ElEWNvTY,104116,4641,0,243
2025-11-28 07:19:05,Z3CtHc6TEj8,126629,1066,0,578
2025-11-28 07:19:05,kSmHmdAnDYc,266695,7267,0,874
2025-11-28 07:19:05,8B2XU-fUS58,319636,3970,0,579
2025-11-28 07:19:05,koeM_jz4CdM,402307,15095,0,1488
2025-11-28 07:19:05,oLY17RG3OMI,303622,5269,0,289
2025-11-28 07:19:05,wEKNPc0cm9Y,19769,688,0,
2025-11-28 07:19:05,llAI08UYyAw,3426274,373876,0,11144
2025-11-28 07:19:05,MRYXsF2lblY,231517,19315,0,1061
2025-11-28 07:19:05,XILnJKGc0yo,269902,20924,0,3765
2025-11-28 07:19:05,xcqjxAXsbHU,626067,28024,0,1203
2025-11-28 07:19:05,Nxq6nJJVx5A,227757,8052,0,270
2025-11-28 07:19:05,P0OLVEm0pfM,66107,194,0,0
2025-11-28 07:19:05,uGM14iCUu0w,120751,1125,0,496
2025-11-28 07:19:05,KO6gxf8vXJQ,229078,527,0,1
2025-11-28 07:19:05,BsyEN86cR0U,243648,7423,0,77
2025-11-28 07:19:05,LcpCd9VXGjE,334464,1564,0,0
2025-11-28 07:19:05,KDC-EOsNzAg,178767,24303,0,613
2025-11-28 07:19:05,4oml768wFnk,50173,3288,0,163
2025-11-28 07:19:05,-3TOkp_6gRQ,493066,9297,0,90
2025-11-28 07:19:05,cBPtIHuFa_o,104003,3911,0,384
2025-11-28 07:19:05,UiHPfikroWg,74650,917,0,305
2025-11-28 07:19:05,CZP11p3DklQ,125020,3795,0,150
2025-11-28 07:19:05,h09ng9lTOEM,168295,1509,0,8
2025-11-28 07:19:05,ZOEZ_cRIkhY,175367,19137,0,1299
2025-11-28 07:19:05,8gAg9uDn2Oo,440115,14288,0,511
2025-11-28 07:19:05,snH3HQSF7Ew,248547,4006,0,700
2025-11-28 07:19:05,OoLflKFs7YY,132624,3275,0,321
2025-11-28 07:19:05,oslNxV_8Q2c,242561,10544,0,118
2025-11-24 13:47:18,4oml768wFnk,15514,2235,0,131
2025-11-24 13:47:18,kuetvJE_C_U,151535,3908,0,63
2025-11-24 13:47:18,vMg1KAFAKiY,283615,82267,0,5386
2025-11-24 13:47:18,gSXQd_5ht0E,210854,17197,0,901
2025-11-24 13:47:18,dolefeooLzc,144723,3478,0,247
2025-11-24 13:47:18,sgi_eji-ysM,246837,5195,0,58
2025-11-24 13:47:18,VXsWwTTgt78,241122,11443,0,63
2025-11-24 13:47:18,QebVV6D641k,121826,735,0,518
2025-11-24 13:47:18,0-74AHbFWic,98413,9628,0,575
2025-11-24 13:47:18,kCnD_dMyJ3M,21937,1552,0,0
2025-11-24 13:47:18,lUHLwBOY04I,79362,9915,0,236
2025-11-24 13:47:18,oLY17RG3OMI,134690,2814,0,207
2025-11-24 13:47:18,oslNxV_8Q2c,235533,10212,0,109
2025-11-24 13:47:18,tPMkWfK6N-E,62985,7658,0,425
2025-11-24 13:47:18,fiG_T-0zFT8,353484,27073,0,1386
2025-11-24 13:47:18,jRgzfKDTI7g,283168,8661,0,295
2025-11-24 13:47:18,5ftlnz91DaM,64248,5480,0,351
2025-11-24 13:47:18,ZXrcsNlbtgs,104543,922,0,0
2025-11-24 13:47:18,6hIKI8RZ1ys,429009,6965,0,15
2025-11-24 13:47:18,zupf7Kwx6v4,107294,2371,0,167
2025-11-24 13:47:18,uOZRP1-dvhA,69805,1002,0,96
2025-11-24 13:47:18,dhzVHS8C_nc,82094,491,0,0
2025-11-24 13:47:18,2HwsSTLuA8A,111562,3529,0,415
2025-11-24 13:47:18,uQc-pW3QLuI,5775187,111089,0,4880
2025-11-24 13:47:18,QJpTBz916MI,802147,94350,0,2673
2025-11-24 13:47:18,UFozBQrnmII,695290,23955,0,342
2025-11-24 13:47:18,BT4XRgmCjjQ,192692,,0,16
2025-11-24 13:47:18,9XNqe5r8xHI,387966,5710,0,23
2025-11-24 13:47:18,tmVYOETfA10,8078,1330,0,51
2025-11-24 13:47:18,IW14wQJKSC4,68712,3507,0,142
2025-11-24 13:47:18,FFXSoSl_lGg,44766,3251,0,149
2025-11-24 13:47:18,h09ng9lTOEM,164611,1501,0,3
2025-11-24 13:47:18,4l9Ni3tjbwM,1040478,11794,0,106
2025-11-24 13:47:18,DOmdfYIPBXE,235253,2407,0,80
2025-11-24 13:47:18,oVwGURkvEq4,104772,1500,0,594
2025-11-24 13:47:18,dCmNVtLsYzA,75901,5094,0,323
2025-11-24 13:47:18,UF4n5zmzx9A,109050,3382,0,209
2025-11-24 13:47:18,nDeKfR5iBxY,612236,30274,0,1234
2025-11-24 13:47:18,xZFWSWcQ3As,33517,582,0,47
2025-11-24 13:47:18,7gDl4S3wB14,323927,6699,0,667
2025-11-24 13:47:18,yxXNIzrfPNQ,32327,4005,0,586
2025-11-24 13:47:18,Yy2ZovGi-Uk,329970,9071,0,121
2025-11-24 13:47:18,QRTGKxrKBPM,281082,32347,0,908
2025-11-24 13:47:18,nbzmTUB-FCs,10536,1060,0,176
2025-11-24 13:47:18,6L7xTio0QyY,19222,4177,0,428
2025-11-24 13:47:18,ayjRv2g2UqY,208881,14766,0,690
2025-11-24 13:47:18,W3eUZa56o0s,163985,3207,0,1262
2025-11-24 13:47:18,Aj8AmqTQkAs,51540,673,0,43
2025-11-24 13:47:18,DG4ax7ec64o,337992,4469,0,230
2025-11-24 13:47:18,xcqjxAXsbHU,421760,24619,0,1107
2025-11-24 13:47:18,4-6IONBWRMQ,64965,1248,0,29
2025-11-24 13:47:18,I9U5JRfZ4bA,17079,619,0,102
2025-11-24 13:47:18,HIE0fSPuvLY,167252,820,0,15
2025-11-24 13:47:18,NED7nev2ywQ,31779646,1256119,0,119748
2025-11-24 13:47:18,snH3HQSF7Ew,172242,3228,0,592
2025-11-24 13:47:18,IZ9kqxCDvAs,473359,24683,0,1715
2025-11-24 13:47:18,_6xcFXlJcX8,49987,650,0,16
2025-11-27 14:20:52,3-caLm2c1XI,134103,4041,0,506
2025-11-27 14:20:52,sgi_eji-ysM,273412,5440,0,67
2025-11-27 14:20:52,5eHGs7lX09s,73392,1019,0,922
2025-11-27 14:20:52,taSKSaq5qh8,252166,4112,0,38
2025-11-27 14:20:52,KC0-vIj7piY,233521,18697,0,248
2025-11-27 14:20:52,w32-xwPxDFk,16441,1147,0,58
2025-11-27 14:20:52,BNWYJZp2CbQ,48523,450,0,22
2025-11-27 14:20:52,QebVV6D641k,233639,1212,0,793
2025-11-27 14:20:52,dhzVHS8C_nc,82183,480,0,2
2025-11-27 14:20:52,PJyQaQosJpk,76049,846,0,15
2025-11-27 14:20:52,Am2ElEWNvTY,57840,3400,0,188
2025-11-27 14:20:52,XtTT5XdZVpw,117644,4639,0,217
2025-11-27 14:20:52,IftQ9zQ06-0,137575,1997,0,276
2025-11-27 14:20:52,NED7nev2ywQ,39769510,1347987,0,131663
2025-11-27 14:20:52,dIPZHyTBFz0,192331,2141,0,261
2025-11-27 14:20:52,kux5GmbZhVg,18448,971,0,20
2025-11-27 14:20:52,AmQXv7Pyqvw,72802,940,0,10
2025-11-27 14:20:52,cBPtIHuFa_o,97321,3765,0,384
2025-11-27 14:20:52,miySB69T1xw,460296,12831,0,477
2025-11-27 14:20:52,S0UEqkus7FA,308815,12340,0,235
2025-11-27 14:20:52,zLfnSXg0jKg,118590,3152,0,136
2025-11-27 14:20:52,_6xcFXlJcX8,111489,1226,0,36
2025-11-27 14:20:52,qEGsMTo-adg,24138,1839,0,226
2025-11-27 14:20:52,NUSpibeVoO0,17056,721,0,62
2025-11-27 14:20:52,UF4n5zmzx9A,220717,5235,0,270
2025-11-27 14:20:52,FFXSoSl_lGg,121941,5062,0,177
2025-11-27 14:20:52,vIUORnIS_ug,332137,13791,0,1041
2025-11-27 14:20:52,DyINvuS9P34,180827,2426,0,49
2025-11-27 14:20:52,SdVBuVm_Sw8,,699,0,0
2025-11-27 14:20:52,koeM_jz4CdM,389119,14782,0,1481
2025-11-27 14:20:52,Iz7mRKij2ao,9804,623,0,26
2025-11-27 14:20:52,KDC-EOsNzAg,163562,23305,0,601
2025-11-27 14:20:52,jvrrjeAYtzs,76203,232,0,0
2025-11-27 14:20:52,Kc7TkgWiWrc,32517,1019,0,39
2025-11-27 14:20:52,fCDvm0Y3qkw,300728,15502,0,186
2025-11-27 14:20:52,CvGT2o7-_ZA,80556,1536,0,12
2025-11-27 14:20:52,VWg0218G38c,110450,1282,0,225
2025-11-27 14:20:52,u66QoyjtANg,141317,1096,0,0
2025-11-27 14:20:52,HP8qpxRpIW8,833056,33361,0,991
2025-11-27 14:20:52,1wRkbauiGU8,98762,2452,0,150
2025-11-27 14:20:52,Zvh5BE2Guik,253858,10763,0,195
2025-11-27 14:20:52,ScutqxM3z_s,194955,8352,0,474
2025-11-27 14:20:52,81QYAxvO3Ik,198428,19419,0,1224
2025-11-27 14:20:52,x15pDRtzYno,136542,1642,0,194
2025-11-27 14:20:52,04-csl0RRJc,56135,1054,0,269
2025-11-27 14:20:52,DOmdfYIPBXE,340841,3108,0,87
2025-11-27 14:20:52,tk9FDjJd6zM,38003,700,0,79
2025-11-27 14:20:52,IW14wQJKSC4,103648,4120,0,149
2025-11-27 14:20:52,4-6IONBWRMQ,109152,1716,0,33
2025-11-27 14:20:52,Aj8AmqTQkAs,98871,1179,0,59
2025-11-27 14:20:52,7bqePXphj2g,262660,18226,0,1565
2025-11-27 14:20:52,b1OwvLh8HnU,20689,379,0,8
2025-11-27 14:20:52,SzFd7Tmq7pU,183944,9791,0,46
2025-11-27 14:20:52,G36amiUCkXU,440558,27859,0,5256
2025-11-27 14:20:52,HQdJ8dMeCHM,120049,715,0,1535
2025-11-27 14:20:52,xjUPVppl1DI,609142,10670,0,450
2025-11-27 14:20:52,PwaldW6SXwE,26532,2530,0,232
2025-11-27 14:20:52,llAI08UYyAw,3034087,356272,0,10845
2025-11-27 14:20:52,BsyEN86cR0U,240449,7363,0,74
2025-11-27 14:20:52,9SaAfQ6eACQ,76842,1078,0,210
2025-11-27 14:20:52,IcWvUlwcKAI,9798,1921,0,150
2025-11-27 14:20:52,S3Q33-4q1xo,112036,1301,0,84
2025-11-27 14:20:52,l57EJ_eLsIc,183990,1588,0,612
2025-11-27 14:20:52,JUYQapYmw74,121012,1400,0,3
2025-11-27 14:20:52,nDeKfR5iBxY,861439,40263,0,1453
2025-11-27 14:20:52,eLCjlEYBN3U,342656,13685,0,1009
2025-11-27 14:20:52,fiG_T-0zFT8,536198,30856,0,1445
2025-11-27 14:20:52,TVqEwvbZP30,9165393,108812,0,10843
2025-11-27 14:20:52,Em805jfRVXs,269454,4974,0,581
2025-11-27 14:20:52,599nhYHHvQo,,837,0,0
2025-11-27 14:20:52,IrxoY7JdJY0,133312,,0,43
2025-11-27 14:20:52,UfVkyXaTGcs,207161,5244,0,105
2025-11-27 14:20:52,kSmHmdAnDYc,226957,6602,0,815
2025-11-27 14:20:52,StcmgD_0aRI,139887,10618,0,2564
2025-11-27 14:20:52,rOZV4RZrA3A,204394,2091,0,8
2025-11-27 14:20:52,jRgzfKDTI7g,476472,11763,0,350
2025-11-27 14:20:52,LUQ28DBF7EU,163946,3909,0,320
2025-11-27 14:20:52,hcJEQXJIALo,28529,3699,0,559
2025-11-27 14:20:52,Gth1zEFH2TM,103496,2128,0,50
2025-11-27 14:20:52,G7eh40XgTiw,87064,1196,0,174
2025-11-27 14:20:52,qFdZAyr_xmw,193566,4959,0,672
2025-11-27 14:20:52,eWetBwa4vVI,35406,2449,0,139
2025-11-27 14:20:52,a72dN8ZWPWg,146431,3261,0,1793
2025-11-27 14:20:52,ITQYMtkP23E,290566,1375,0,0
2025-11-27 14:20:52,j-4AHlLg9XA,,104,0,0
2025-11-27 14:20:52,x_RYZsOfpKY,12576762,299593,0,17909
2025-11-27 14:20:52,tdYPGxusaYs,27940,2429,0,139
2025-11-27 14:20:52,uQc-pW3QLuI,7081910,126713,0,5190
2025-11-27 14:20:52,j-8vLi2sMg0,72269,6788,0,86
2025-11-27 14:20:52,C3jcxlsPYLE,198689,9770,0,80
2025-11-27 14:20:52,Gln8wDtITJ4,41588,2742,0,221
2025-11-27 14:20:52,NIGA89HGTBU,2220497,27753,0,1024
2025-11-27 14:20:52,Pzqzy2ZIcLI,171247,9456,0,48
2025-11-27 14:20:52,f8aS4qwuO7k,146823,8574,0,73
2025-11-27 14:20:52,A3Ki9cI9T9w,105845,2358,0,597
2025-11-27 14:20:52,tLBq_jH5FDI,102880,1600,0,167
2025-11-27 14:20:52,cVL4bRjA6X0,422208,37234,0,1340
2025-11-27 14:20:52,Caa-UHhl8Gw,93271,2691,0,203
2025-11-27 14:20:52,m0HhR1k9JEw,87646,196,0,5
2025-11-27 14:20:52,CXcBo03He2A,18291,2694,0,152
2025-11-27 14:20:52,dCmNVtLsYzA,200989,9825,0,555
2025-11-27 14:20:52,IW_KV5nqWRI,42222,226,0,11
2025-11-27 14:20:52,0GICIe0Tgf8,16916,1032,0,30
2025-11-27 14:20:52,BT4XRgmCjjQ,214929,,0,35
2025-11-27 14:20:52,tXJJhKobuas,203254,2772,0,152
2025-11-27 14:20:52,tmVYOETfA10,62181,3667,0,90
2025-11-27 14:20:52,UFozBQrnmII,793873,25393,0,424
2025-11-27 14:20:52,ES9oYbzYCh8,408659,55565,0,1736
2025-11-27 14:20:52,wUGh03rLZbY,124135,3806,0,258
2025-11-27 14:20:52,Rc8f268ueOE,216146,1871,0,428
2025-11-27 14:20:52,55xYiuSAp5c,301844,4587,0,19
2025-11-27 14:20:52,STXcQAmoLPU,133660,1367,0,1
2025-11-27 14:20:52,oLY17RG3OMI,289711,5059,0,285
2025-11-27 14:20:52,XZ1FhU9XeEc,144710,1972,0,248
2025-11-27 14:20:52,D8gbtByJSI8,77227,368,0,2
2025-11-27 14:20:52,iKVcCmyqoik,110858,5882,0,223
2025-11-27 14:20:52,PtSwg--FueA,155384,1319,0,377
2025-11-27 14:20:52,U7wDhVWgd5w,52072,1097,0,7
2025-11-27 14:20:52,KO6gxf8vXJQ,228934,526,0,1
2025-11-27 14:20:52,AfKzB2lXo7I,12339,661,0,47
2025-11-27 14:20:52,k1yXf4L5bnc,115445,2785,0,153
2025-11-27 14:20:52,2HwsSTLuA8A,143658,4134,0,458
2025-11-27 14:20:52,IZ9kqxCDvAs,797292,31287,0,2051
2025-11-27 14:20:52,h09ng9lTOEM,168544,1509,0,8
2025-11-27 14:20:52,vQpF9mIiYFU,17573,306,0,22
2025-11-27 14:20:52,tPMkWfK6N-E,113149,10155,0,511
2025-11-27 14:20:52,7SoVjT-0Rhw,31374,1818,0,266
2025-11-27 14:20:52,hn17tmdaAzQ,699087,6511,0,107
2025-11-27 14:20:52,qUgLxkENl6c,102727,6761,0,329
2025-11-27 14:20:52,9XNqe5r8xHI,436083,6077,0,27
2025-11-27 14:20:52,aHKMl9HVqZQ,138021,4265,0,336
2025-11-27 14:20:52,P0OLVEm0pfM,66087,194,0,0
2025-11-27 14:20:52,JrI4_jUZe98,399056,66300,0,2149
2025-11-27 14:20:52,snH3HQSF7Ew,245773,3976,0,702
2025-11-27 14:20:52,v55qDr_jJFA,27044,1792,0,111
2025-11-27 14:20:52,OeMmb--HE6k,176992,4646,0,63
2025-11-27 14:20:52,BDxXPvOdz50,160097,2453,0,641
2025-11-27 14:20:52,ygIwtR2txaw,290167,10920,0,259
2025-11-27 14:20:52,7gDl4S3wB14,502122,8421,0,825
2025-11-27 14:20:52,9jrVtT2nPgQ,31701,4385,0,103
2025-11-27 14:20:52,xcqjxAXsbHU,587786,27518,0,1193
2025-11-27 14:20:52,hXKJ0gHYQ6E,48806,266,0,21
2025-11-27 14:20:52,-dfR8iYqwK4,199345,3462,0,492
2025-11-27 14:20:52,QJpTBz916MI,1072105,107398,0,2897
2025-11-27 14:20:52,z-aco1hi0Iw,154871,1732,0,260
2025-11-27 14:20:52,8j4RM-bBYvA,26929,1266,0,467
2025-11-27 14:20:52,ANU0lVGfWyo,474069,34539,0,2378
2025-11-27 14:20:52,oVwGURkvEq4,145007,1768,0,661
2025-11-27 14:20:52,T8w3L1rS3o4,57137,3770,0,100
2025-11-27 14:20:52,oslNxV_8Q2c,249037,10522,0,118
2025-11-27 14:20:52,5UBc2gXGwKc,15027,273,0,9
2025-11-27 14:20:52,8gAg9uDn2Oo,331965,12453,0,480
2025-11-27 14:20:52,2j2jXv6Juxc,156874,2204,0,81
2025-11-27 14:20:52,0-74AHbFWic,156933,11803,0,628
2025-11-27 14:20:52,ST05E_5kn2E,250757,4755,0,324
2025-11-27 14:20:52,4oml768wFnk,46122,3227,0,162
2025-11-27 14:20:52,6hIKI8RZ1ys,419481,6925,0,18
2025-11-27 14:20:52,gYEhRoknpZQ,108987,947,0,168
2025-11-27 14:20:52,bZ2eyQcJ49o,162164,2656,0,377
2025-11-27 14:20:52,6kWw9Nn4dIY,131208,6116,0,354
2025-11-27 14:20:52,ZXrcsNlbtgs,105025,912,0,0
2025-11-27 14:20:52,e0okJjgNTl0,292939,2708,0,6
2025-11-27 14:20:52,6L7xTio0QyY,107025,5175,0,499
2025-11-27 14:20:52,oWv2PwrJkTM,222238,11423,0,113
2025-11-27 14:20:52,4l9Ni3tjbwM,1065642,12117,0,125
2025-11-27 14:20:52,NkHjY_EaCgY,116218,1762,0,105
2025-11-27 14:20:52,JkKNqaEl9Aw,328881,20699,0,1857
2025-11-27 14:20:52,W3eUZa56o0s,224793,3891,0,1517
2025-11-27 14:20:52,L6tkKvVCs0Y,410477,13387,0,587
2025-11-27 14:20:52,qIXl45sU0wk,122426,2814,0,27
2025-11-27 14:20:52,cl-BT6bDxEI,122294,3367,0,193
2025-11-27 14:20:52,24VDsNgWNfw,81144,428,0,1
2025-11-27 14:20:52,GJMOK14mB2c,112464,2743,0,143
2025-11-27 14:20:52,Bj6tJxDPzoY,220862,10306,0,294
2025-11-27 14:20:52,eHmQ_b0LkUA,445667,92918,0,3260
2025-11-27 14:20:52,lUHLwBOY04I,168847,16881,0,343
2025-11-27 14:20:52,b9z3Iaz5Zrc,115552,6093,0,307
2025-11-27 14:20:52,j6TnwWfuf-I,98480,2112,0,116
2025-11-27 14:20:52,6oS55kztPlE,20707,1073,0,31
2025-11-27 14:20:52,HIE0fSPuvLY,167511,811,0,20
2025-11-27 14:20:52,YMxjZF3gtoM,297943,14013,0,797
2025-11-27 14:20:52,QRTGKxrKBPM,507391,40282,0,1014
2025-11-27 14:20:52,BiiDN0zgJ2Q,95668,724,0,0
2025-11-27 14:20:52,MRYXsF2lblY,212999,18845,0,1039
2025-11-27 14:20:52,SWdjfMIkQCg,159483,2206,0,164
2025-11-27 14:20:52,xx3ZTvOhNoM,223647,8049,0,86
2025-11-27 14:20:52,dmBAMwBBxoM,161653,4694,0,385
2025-11-27 14:20:52,6mP-mEHEQcw,260349,10586,0,1388
2025-11-27 14:20:52,nzbbL07maKA,128334,6731,0,272
2025-11-27 14:20:52,TAL-HXKac80,3580806,77902,0,2635
2025-11-27 14:20:52,I9U5JRfZ4bA,33623,953,0,152
2025-11-27 14:20:52,WsLcF1ojgFU,46841,2954,0,418
2025-11-27 14:20:52,CZP11p3DklQ,101333,3390,0,140
2025-11-27 14:20:52,dqMImJF-rgA,136416,3987,0,341
2025-11-27 14:20:52,LcpCd9VXGjE,334215,1571,0,0
2025-11-27 14:20:52,XILnJKGc0yo,234124,20310,0,3629
2025-11-27 14:20:52,OWpLhNyqeqg,80247,4822,0,427
2025-11-27 14:20:52,G_3xr5desOo,108067,3212,0,121
2025-11-27 14:20:52,DSPV0RT3BJI,81979,,0,
2025-11-27 14:20:52,jWFQ3A1Dtdg,301983,12593,0,1286
2025-11-27 14:20:52,fiSsGbfus6I,319004,2158,0,1268
2025-11-27 14:20:52,3rGi2kiSzkA,50948,2655,0,110
2025-11-27 14:20:52,CO0MSU3fqAQ,14548,2157,0,126
2025-11-27 14:20:52,vMg1KAFAKiY,1059690,174045,0,9285
2025-11-27 14:20:52,OEcTbxi57lE,16687,3482,0,136
2025-11-27 14:20:52,SnCG-_lf74w,874250,22472,0,1064
2025-11-27 14:20:52,_o05ucPBD7g,78294,1405,0,73
2025-11-27 14:20:52,uOZRP1-dvhA,232538,2368,0,172
2025-11-27 14:20:52,kuetvJE_C_U,150901,3977,0,66
2025-11-27 14:20:52,w0ZQp2CmHHw,129093,2264,0,210
2025-11-27 14:20:52,qJvjFBhQ6vQ,187069,2311,0,72
2025-11-27 14:20:52,BM13CSsDrV8,12931,498,0,0
2025-11-27 14:20:52,dx4XsqUGm10,202937,18291,0,1359
2025-11-27 14:20:52,ineS6XL0vc8,91669,2307,0,85
2025-11-27 14:20:52,5ftlnz91DaM,165619,9986,0,489
2025-11-27 14:20:52,4Xt_hR0KNvY,166073,12756,0,2375
2025-11-27 14:20:52,VhzqSrscVP8,151435,6059,0,415
2025-11-27 14:20:52,s5dFrPwvbHY,209479,31371,0,1481
2025-11-27 14:20:52,I52yC34Ji2k,294975,41807,0,1596
2025-11-27 14:20:52,DG4ax7ec64o,678901,8126,0,335
2025-11-27 14:20:52,pzLTGAwn0a4,42146,6296,0,458
2025-11-27 14:20:52,yxXNIzrfPNQ,109875,6162,0,826
2025-11-27 14:20:52,yRhin7unPeI,178733,5218,0,466
2025-11-27 14:20:52,vpXtzSpyV_8,4607738,21892,0,1094
2025-11-27 14:20:52,WVVv8Uyok_U,108719,4808,0,773
2025-11-27 14:20:52,Lj1Qi3-zQgg,24297,4183,0,140
2025-11-27 14:20:52,dolefeooLzc,386553,5920,0,375
2025-11-27 14:20:52,qRUIGsTq-kU,18268,2192,0,209
2025-11-27 14:20:52,GxXpkps21Kc,304476,13058,0,230
2025-11-27 14:20:52,xuL1CDdhsOg,211316,2075,0,1
2025-11-27 14:20:52,ex7ieF2B09A,247736,3915,0,196
2025-11-27 14:20:52,VXsWwTTgt78,257124,11895,0,73
2025-11-27 14:20:52,KSha-fc5EhA,93092,520,0,0
2025-11-27 14:20:52,zupf7Kwx6v4,144811,2805,0,176
2025-11-27 14:20:52,gSXQd_5ht0E,1094447,23384,0,1040
2025-11-27 14:20:52,vQ_NFqtGDgo,155675,25048,0,943
2025-11-27 14:20:52,BFaHdJVDmXY,69000,4177,0,182
2025-11-27 14:20:52,kCnD_dMyJ3M,89623,2679,0,0
2025-11-27 14:20:52,4Ddbjkyy2C0,119649,836,0,0
2025-11-27 14:20:52,LxMaia85m5Y,200733,3850,0,171
2025-11-27 14:20:52,F2B4VITJfb0,97678,2136,0,333
2025-11-27 14:20:52,Yy2ZovGi-Uk,351371,9389,0,145
2025-11-27 14:20:52,5-o_tvuKSfM,49661,3489,0,145
2025-11-27 14:20:52,nbzmTUB-FCs,21945,1311,0,193
2025-11-27 14:20:52,6ixvIIIxwlk,104554,1063,0,0
2025-11-27 14:20:52,NDommbpC80U,135801,1715,0,207
2025-11-27 14:20:52,ayjRv2g2UqY,860893,20205,0,812
2025-11-27 14:20:52,2NKK6Mg27XI,234676,15145,0,482
2025-11-27 14:20:52,xZFWSWcQ3As,110787,1239,0,78
2025-11-27 14:20:52,WGyadbTx8bs,355504,12670,0,1046
2025-11-27 14:20:52,MarWse2JmWU,288186,3292,0,25
2025-11-27 14:20:52,-3TOkp_6gRQ,490606,9270,0,88
2025-11-25 19:50:49,tk9FDjJd6zM,26701,566,0,63
2025-11-25 19:50:49,NED7nev2ywQ,35996332,1303248,0,124957
2025-11-25 19:50:49,81QYAxvO3Ik,149765,17487,0,1126
2025-11-25 19:50:49,UfVkyXaTGcs,158314,4502,0,98
2025-11-25 19:50:49,-dfR8iYqwK4,162473,3132,0,463
2025-11-25 19:50:49,gSXQd_5ht0E,403621,21307,0,999
2025-11-25 19:50:49,qJvjFBhQ6vQ,135384,1970,0,57
2025-11-25 19:50:49,IZ9kqxCDvAs,610567,27816,0,1867
2025-11-25 19:50:49,MarWse2JmWU,286923,3298,0,24
2025-11-25 19:50:49,IftQ9zQ06-0,70525,1336,0,171
2025-11-25 19:50:49,2HwsSTLuA8A,136780,4027,0,453
2025-11-25 19:50:49,S3Q33-4q1xo,92159,1166,0,78
2025-11-25 19:50:49,uOZRP1-dvhA,185667,1957,0,162
2025-11-25 19:50:49,IcWvUlwcKAI,7929,1722,0,136
2025-11-25 19:50:49,xuL1CDdhsOg,210934,2082,0,1
2025-11-25 19:50:49,DG4ax7ec64o,551028,6647,0,303
2025-11-25 19:50:49,G7eh40XgTiw,33894,840,0,114
2025-11-25 19:50:49,xZFWSWcQ3As,98895,1145,0,75
2025-11-25 19:50:49,24VDsNgWNfw,79948,424,0,1
2025-11-25 19:50:49,zupf7Kwx6v4,134247,2692,0,174
2025-11-25 19:50:49,dolefeooLzc,295776,5105,0,330
2025-11-25 19:50:49,tPMkWfK6N-E,94593,9378,0,469
2025-11-25 19:50:49,oVwGURkvEq4,134211,1721,0,647
2025-11-25 19:50:49,ygIwtR2txaw,225331,9520,0,242
2025-11-25 19:50:49,6L7xTio0QyY,64908,4890,0,483
2025-11-25 19:50:49,qIXl45sU0wk,114564,2731,0,23
2025-11-25 19:50:49,hXKJ0gHYQ6E,48385,266,0,17
2025-11-25 19:50:49,oslNxV_8Q2c,244632,10422,0,117
2025-11-25 19:50:49,BNWYJZp2CbQ,42219,409,0,10
2025-11-25 19:50:49,l57EJ_eLsIc,114657,1258,0,515
2025-11-25 19:50:49,QJpTBz916MI,957050,103291,0,2825
2025-11-25 19:50:49,G_3xr5desOo,38151,1921,0,89
2025-11-25 19:50:49,dCmNVtLsYzA,167251,8685,0,500
2025-11-25 19:50:49,XZ1FhU9XeEc,81611,1377,0,205
2025-11-25 19:50:49,XtTT5XdZVpw,97728,4260,0,203
2025-11-25 19:50:49,cVL4bRjA6X0,293738,32596,0,1210
2025-11-25 19:50:49,2NKK6Mg27XI,88969,8947,0,352
2025-11-25 19:50:49,k1yXf4L5bnc,99748,2550,0,148
2025-11-25 19:50:49,7gDl4S3wB14,445295,7957,0,782
2025-11-25 19:50:49,4-6IONBWRMQ,100929,1603,0,32
2025-11-25 19:50:49,7SoVjT-0Rhw,18870,1535,0,222
2025-11-25 19:50:49,YMxjZF3gtoM,203904,11599,0,686
2025-11-25 19:50:49,Pzqzy2ZIcLI,168033,9346,0,44
2025-11-25 19:50:49,xcqjxAXsbHU,495483,26088,0,1150
2025-11-25 19:50:49,G36amiUCkXU,217138,22090,0,3891
2025-11-25 19:50:49,SnCG-_lf74w,91023,7260,0,523
2025-11-25 19:50:49,yxXNIzrfPNQ,78736,5610,0,770
2025-11-25 19:50:49,lUHLwBOY04I,132773,14494,0,300
2025-11-25 19:50:49,oLY17RG3OMI,238942,4400,0,263
2025-11-25 19:50:49,SdVBuVm_Sw8,,700,0,0
2025-11-25 19:50:49,ANU0lVGfWyo,273691,27574,0,2138
2025-11-25 19:50:49,4Ddbjkyy2C0,119227,839,0,0
2025-11-25 19:50:49,QebVV6D641k,216575,1151,0,752
2025-11-25 19:50:49,HP8qpxRpIW8,307468,19214,0,804
2025-11-25 19:50:49,tXJJhKobuas,65626,1363,0,109
2025-11-25 19:50:49,LxMaia85m5Y,78883,2575,0,110
2025-11-25 19:50:49,BT4XRgmCjjQ,206948,,0,28
2025-11-25 19:50:49,Aj8AmqTQkAs,84223,1057,0,55
2025-11-25 19:50:49,XILnJKGc0yo,33607,9220,0,1742
2025-11-25 19:50:49,KO6gxf8vXJQ,228777,527,0,1
2025-11-25 19:50:49,gYEhRoknpZQ,94398,898,0,165
2025-11-25 19:50:49,ayjRv2g2UqY,476741,18813,0,781
2025-11-25 19:50:49,nDeKfR5iBxY,725726,34766,0,1353
2025-11-25 19:50:49,ex7ieF2B09A,168152,2866,0,156
2025-11-25 19:50:49,KDC-EOsNzAg,109298,18619,0,530
2025-11-25 19:50:49,L6tkKvVCs0Y,159898,11579,0,547
2025-11-25 19:50:49,DOmdfYIPBXE,312153,2924,0,86
2025-11-25 19:50:49,x_RYZsOfpKY,9587351,238329,0,15418
2025-11-25 19:50:49,LUQ28DBF7EU,151073,3754,0,308
2025-11-25 19:50:49,SWdjfMIkQCg,128191,1998,0,146
2025-11-25 19:50:49,dhzVHS8C_nc,82142,484,0,0
2025-11-25 19:50:49,dqMImJF-rgA,99675,3554,0,311
2025-11-25 19:50:49,fiG_T-0zFT8,437068,29105,0,1421
2025-11-25 19:50:49,llAI08UYyAw,1862640,303960,0,10050
2025-11-25 19:50:49,koeM_jz4CdM,323317,13110,0,1378
2025-11-25 19:50:49,4Xt_hR0KNvY,82447,9151,0,1811
2025-11-25 19:50:49,eHmQ_b0LkUA,136759,48930,0,2731
2025-11-25 19:50:49,taSKSaq5qh8,243682,4076,0,36
2025-11-25 19:50:49,IW_KV5nqWRI,38737,220,0,3
2025-11-25 19:50:49,vpXtzSpyV_8,1322875,16903,0,835
2025-11-25 19:50:49,fiSsGbfus6I,128123,1433,0,942
2025-11-25 19:50:49,7bqePXphj2g,155726,14328,0,1290
2025-11-25 19:50:49,5ftlnz91DaM,124522,8578,0,440
2025-11-25 19:50:49,wUGh03rLZbY,106021,3525,0,252
2025-11-25 19:50:49,zLfnSXg0jKg,92982,2730,0,125
2025-11-25 19:50:49,tmVYOETfA10,32265,2834,0,77
2025-11-25 19:50:49,kCnD_dMyJ3M,59321,2372,0,0
2025-11-25 19:50:49,MRYXsF2lblY,154655,16794,0,920
2025-11-25 19:50:49,UF4n5zmzx9A,183177,4705,0,254
2025-11-25 19:50:49,s5dFrPwvbHY,129743,25488,0,1378
2025-11-25 19:50:49,a72dN8ZWPWg,34784,1793,0,1244
2025-11-25 19:50:49,PJyQaQosJpk,70324,818,0,6
2025-11-25 19:50:49,9XNqe5r8xHI,421784,5951,0,23
2025-11-25 19:50:49,j-4AHlLg9XA,,105,0,0
2025-11-25 19:50:49,-3TOkp_6gRQ,479323,9152,0,82
2025-11-25 19:50:49,dx4XsqUGm10,127950,16222,0,1232
2025-11-25 19:50:49,QRTGKxrKBPM,392732,36988,0,971
2025-11-25 19:50:49,599nhYHHvQo,,846,0,0
2025-11-25 19:50:49,TVqEwvbZP30,1409384,89322,0,7463
2025-11-25 19:50:49,KSha-fc5EhA,92937,524,0,0
2025-11-25 19:50:49,ZXrcsNlbtgs,104939,913,0,0
2025-11-25 19:50:49,I9U5JRfZ4bA,27681,866,0,142
2025-11-25 19:50:49,PtSwg--FueA,87061,985,0,320
2025-11-25 19:50:49,m0HhR1k9JEw,87611,198,0,4
2025-11-25 19:50:49,WsLcF1ojgFU,32411,2616,0,369
2025-11-25 19:50:49,f8aS4qwuO7k,143548,8492,0,69
2025-11-25 19:50:49,snH3HQSF7Ew,226199,3801,0,680
2025-11-25 19:50:49,z-aco1hi0Iw,48223,1031,0,200
2025-11-25 19:50:49,Yy2ZovGi-Uk,343998,9289,0,138
2025-11-25 19:50:49,yRhin7unPeI,145072,4659,0,450
2025-11-25 19:50:49,WGyadbTx8bs,183771,8129,0,815
2025-11-25 19:50:49,_6xcFXlJcX8,99763,1100,0,35
2025-11-25 19:50:49,x15pDRtzYno,92773,1399,0,179
2025-11-25 19:50:49,4oml768wFnk,34201,3030,0,156
2025-11-25 19:50:49,sgi_eji-ysM,265487,5379,0,65
2025-11-25 19:50:49,GJMOK14mB2c,42719,1697,0,108
2025-11-25 19:50:49,kuetvJE_C_U,150015,3956,0,67
2025-11-25 19:50:49,6mP-mEHEQcw,156881,8450,0,1192
2025-11-25 19:50:49,3rGi2kiSzkA,21829,1753,0,94
2025-11-25 19:50:49,HIE0fSPuvLY,167453,811,0,19
2025-11-25 19:50:49,uQc-pW3QLuI,6712231,122438,0,5122
2025-11-25 19:50:49,6hIKI8RZ1ys,418898,6933,0,18
2025-11-25 19:50:49,W3eUZa56o0s,203177,3681,0,1439
2025-11-25 19:50:49,xjUPVppl1DI,87346,3758,0,183
2025-11-25 19:50:49,VXsWwTTgt78,249982,11750,0,73
2025-11-25 19:50:49,UFozBQrnmII,765113,24975,0,409
2025-11-25 19:50:49,FFXSoSl_lGg,94514,4595,0,170
2025-11-25 19:50:49,BDxXPvOdz50,131481,2215,0,597
2025-11-25 19:50:49,0-74AHbFWic,134482,11234,0,620
2025-11-25 19:50:49,VhzqSrscVP8,126479,5599,0,396
2025-11-25 19:50:49,04-csl0RRJc,51364,1023,0,256
2025-11-25 19:50:49,cl-BT6bDxEI,64247,2447,0,151
2025-11-25 19:50:49,JUYQapYmw74,120160,1401,0,3
2025-11-25 19:50:49,4l9Ni3tjbwM,1058538,12015,0,121
2025-11-25 19:50:49,U7wDhVWgd5w,53334,1098,0,6
2025-11-25 19:50:49,8j4RM-bBYvA,13095,1111,0,367
2025-11-25 19:50:49,OWpLhNyqeqg,43493,3994,0,392
2025-11-25 19:50:49,h09ng9lTOEM,167983,1509,0,8
2025-11-25 19:50:49,GxXpkps21Kc,297657,12957,0,216
2025-11-25 19:50:49,iKVcCmyqoik,30125,3585,0,145
2025-11-25 19:50:49,vMg1KAFAKiY,859419,154488,0,8382
2025-11-25 19:50:49,TAL-HXKac80,2608258,69623,0,2288
2025-11-25 19:50:49,jRgzfKDTI7g,425261,10959,0,335
2025-11-25 19:50:49,IW14wQJKSC4,86205,3876,0,145
2025-11-25 19:50:49,nbzmTUB-FCs,15862,1211,0,189
2025-11-25 19:50:49,AmQXv7Pyqvw,72282,936,0,9
